solid OpenSCAD_Model
  facet normal 1 0 0
    outer loop
      vertex 43 3.18755 35.366
      vertex 43 10 44
      vertex 43 3.25 36
    endloop
  endfacet
  facet normal 1 0 0
    outer loop
      vertex 43 10 44
      vertex 43 3.18755 36.634
      vertex 43 3.25 36
    endloop
  endfacet
  facet normal 1 0 0
    outer loop
      vertex 43 10 44
      vertex 43 3.00261 37.2437
      vertex 43 3.18755 36.634
    endloop
  endfacet
  facet normal 1 0 0
    outer loop
      vertex 43 10 44
      vertex 43 2.70228 37.8056
      vertex 43 3.00261 37.2437
    endloop
  endfacet
  facet normal 1 0 0
    outer loop
      vertex 43 10 44
      vertex 43 2.2981 38.2981
      vertex 43 2.70228 37.8056
    endloop
  endfacet
  facet normal 1 0 0
    outer loop
      vertex 43 10 44
      vertex 43 1.8056 38.7023
      vertex 43 2.2981 38.2981
    endloop
  endfacet
  facet normal 1 0 0
    outer loop
      vertex 43 10 44
      vertex 43 1.24372 39.0026
      vertex 43 1.8056 38.7023
    endloop
  endfacet
  facet normal 1 0 0
    outer loop
      vertex 43 10 44
      vertex 43 0.634043 39.1876
      vertex 43 1.24372 39.0026
    endloop
  endfacet
  facet normal 1 0 0
    outer loop
      vertex 43 10 44
      vertex 43 0 39.25
      vertex 43 0.634043 39.1876
    endloop
  endfacet
  facet normal 1 -0 0
    outer loop
      vertex 43 -10 44
      vertex 43 0 39.25
      vertex 43 10 44
    endloop
  endfacet
  facet normal 1 0 0
    outer loop
      vertex 43 0 39.25
      vertex 43 -10 44
      vertex 43 -0.634043 39.1876
    endloop
  endfacet
  facet normal 1 0 0
    outer loop
      vertex 43 -3.18755 36.634
      vertex 43 -10 44
      vertex 43 -3.25 36
    endloop
  endfacet
  facet normal 1 0 0
    outer loop
      vertex 43 -3.00261 37.2437
      vertex 43 -10 44
      vertex 43 -3.18755 36.634
    endloop
  endfacet
  facet normal 1 0 0
    outer loop
      vertex 43 -2.70228 37.8056
      vertex 43 -10 44
      vertex 43 -3.00261 37.2437
    endloop
  endfacet
  facet normal 1 0 0
    outer loop
      vertex 43 -2.2981 38.2981
      vertex 43 -10 44
      vertex 43 -2.70228 37.8056
    endloop
  endfacet
  facet normal 1 0 0
    outer loop
      vertex 43 -1.8056 38.7023
      vertex 43 -10 44
      vertex 43 -2.2981 38.2981
    endloop
  endfacet
  facet normal 1 0 0
    outer loop
      vertex 43 -1.24372 39.0026
      vertex 43 -10 44
      vertex 43 -1.8056 38.7023
    endloop
  endfacet
  facet normal 1 0 0
    outer loop
      vertex 43 -0.634043 39.1876
      vertex 43 -10 44
      vertex 43 -1.24372 39.0026
    endloop
  endfacet
  facet normal 1 0 0
    outer loop
      vertex 43 10 44
      vertex 43 3.18755 35.366
      vertex 43 10 22
    endloop
  endfacet
  facet normal 1 -0 0
    outer loop
      vertex 43 3.00261 34.7563
      vertex 43 10 22
      vertex 43 3.18755 35.366
    endloop
  endfacet
  facet normal 1 -0 0
    outer loop
      vertex 43 2.70228 34.1944
      vertex 43 10 22
      vertex 43 3.00261 34.7563
    endloop
  endfacet
  facet normal 1 -0 0
    outer loop
      vertex 43 2.2981 33.7019
      vertex 43 10 22
      vertex 43 2.70228 34.1944
    endloop
  endfacet
  facet normal 1 -0 0
    outer loop
      vertex 43 1.8056 33.2977
      vertex 43 10 22
      vertex 43 2.2981 33.7019
    endloop
  endfacet
  facet normal 1 -0 0
    outer loop
      vertex 43 1.24372 32.9974
      vertex 43 10 22
      vertex 43 1.8056 33.2977
    endloop
  endfacet
  facet normal 1 -0 0
    outer loop
      vertex 43 0.634043 32.8124
      vertex 43 10 22
      vertex 43 1.24372 32.9974
    endloop
  endfacet
  facet normal 1 -0 0
    outer loop
      vertex 43 0 32.75
      vertex 43 10 22
      vertex 43 0.634043 32.8124
    endloop
  endfacet
  facet normal 1 0 0
    outer loop
      vertex 43 -10 22
      vertex 43 0 32.75
      vertex 43 -0.634043 32.8124
    endloop
  endfacet
  facet normal 1 0 0
    outer loop
      vertex 43 -10 22
      vertex 43 -0.634043 32.8124
      vertex 43 -1.24372 32.9974
    endloop
  endfacet
  facet normal 1 0 0
    outer loop
      vertex 43 -10 22
      vertex 43 -1.24372 32.9974
      vertex 43 -1.8056 33.2977
    endloop
  endfacet
  facet normal 1 0 0
    outer loop
      vertex 43 -10 22
      vertex 43 -1.8056 33.2977
      vertex 43 -2.2981 33.7019
    endloop
  endfacet
  facet normal 1 0 0
    outer loop
      vertex 43 -10 44
      vertex 43 -3.18755 35.366
      vertex 43 -3.25 36
    endloop
  endfacet
  facet normal 1 0 0
    outer loop
      vertex 43 -10 22
      vertex 43 -3.18755 35.366
      vertex 43 -10 44
    endloop
  endfacet
  facet normal 1 0 0
    outer loop
      vertex 43 -3.18755 35.366
      vertex 43 -10 22
      vertex 43 -3.00261 34.7563
    endloop
  endfacet
  facet normal 1 0 0
    outer loop
      vertex 43 0 32.75
      vertex 43 -10 22
      vertex 43 10 22
    endloop
  endfacet
  facet normal 1 0 0
    outer loop
      vertex 43 -2.70228 34.1944
      vertex 43 -10 22
      vertex 43 -2.2981 33.7019
    endloop
  endfacet
  facet normal 1 0 0
    outer loop
      vertex 43 -3.00261 34.7563
      vertex 43 -10 22
      vertex 43 -2.70228 34.1944
    endloop
  endfacet
  facet normal 0 0 1
    outer loop
      vertex 21 -4.51544 44
      vertex 20.7674 -5.56461 44
      vertex 21 -6.5 44
    endloop
  endfacet
  facet normal 0 0 1
    outer loop
      vertex 43 10 44
      vertex 37 6.5 44
      vertex 43 -10 44
    endloop
  endfacet
  facet normal -0 0 1
    outer loop
      vertex 19.01 10 44
      vertex 37 6.5 44
      vertex 43 10 44
    endloop
  endfacet
  facet normal 0 0 1
    outer loop
      vertex 21 6.5 44
      vertex 20.7674 5.56461 44
      vertex 21 4.51544 44
    endloop
  endfacet
  facet normal 0 0 1
    outer loop
      vertex 21 6.5 44
      vertex 20.2034 7.35343 44
      vertex 20.7674 5.56461 44
    endloop
  endfacet
  facet normal 0 0 1
    outer loop
      vertex 37 6.5 44
      vertex 19.4856 9.08629 44
      vertex 21 6.5 44
    endloop
  endfacet
  facet normal 0 0 1
    outer loop
      vertex 21 6.5 44
      vertex 19.4856 9.08629 44
      vertex 20.2034 7.35343 44
    endloop
  endfacet
  facet normal 0 0 1
    outer loop
      vertex 37 6.5 44
      vertex 19.01 10 44
      vertex 19.4856 9.08629 44
    endloop
  endfacet
  facet normal -0 0 1
    outer loop
      vertex 37 -6.5 44
      vertex 43 -10 44
      vertex 37 6.5 44
    endloop
  endfacet
  facet normal 0 0 1
    outer loop
      vertex 19.4856 -9.08629 44
      vertex 37 -6.5 44
      vertex 21 -6.5 44
    endloop
  endfacet
  facet normal 0 0 1
    outer loop
      vertex 20.2034 -7.35343 44
      vertex 21 -6.5 44
      vertex 20.7674 -5.56461 44
    endloop
  endfacet
  facet normal 0 0 1
    outer loop
      vertex 19.4856 -9.08629 44
      vertex 21 -6.5 44
      vertex 20.2034 -7.35343 44
    endloop
  endfacet
  facet normal 0 0 1
    outer loop
      vertex 19.01 -10 44
      vertex 37 -6.5 44
      vertex 19.4856 -9.08629 44
    endloop
  endfacet
  facet normal 0 0 1
    outer loop
      vertex 37 -6.5 44
      vertex 19.01 -10 44
      vertex 43 -10 44
    endloop
  endfacet
  facet normal 0 0 1
    outer loop
      vertex -20.2034 7.35343 44
      vertex -21 6.5 44
      vertex -20.7674 5.56461 44
    endloop
  endfacet
  facet normal 0 0 1
    outer loop
      vertex -19.4856 9.08629 44
      vertex -21 6.5 44
      vertex -20.2034 7.35343 44
    endloop
  endfacet
  facet normal 0 0 1
    outer loop
      vertex -37 6.5 44
      vertex -19.4856 9.08629 44
      vertex -19.01 10 44
    endloop
  endfacet
  facet normal 0 0 1
    outer loop
      vertex -19.4856 9.08629 44
      vertex -37 6.5 44
      vertex -21 6.5 44
    endloop
  endfacet
  facet normal 0 0 1
    outer loop
      vertex -37 6.5 44
      vertex -43 10 44
      vertex -37 -6.5 44
    endloop
  endfacet
  facet normal -0 0 1
    outer loop
      vertex -43 10 44
      vertex -37 6.5 44
      vertex -19.01 10 44
    endloop
  endfacet
  facet normal 0 0 1
    outer loop
      vertex -20.7674 5.56461 44
      vertex -21 6.5 44
      vertex -21 4.51544 44
    endloop
  endfacet
  facet normal 0 0 1
    outer loop
      vertex -21 -6.5 44
      vertex -20.7674 -5.56461 44
      vertex -21 -4.51544 44
    endloop
  endfacet
  facet normal -0 0 1
    outer loop
      vertex -21 -6.5 44
      vertex -20.2034 -7.35343 44
      vertex -20.7674 -5.56461 44
    endloop
  endfacet
  facet normal 0 0 1
    outer loop
      vertex -21 -6.5 44
      vertex -19.4856 -9.08629 44
      vertex -20.2034 -7.35343 44
    endloop
  endfacet
  facet normal -0 0 1
    outer loop
      vertex -37 -6.5 44
      vertex -19.4856 -9.08629 44
      vertex -21 -6.5 44
    endloop
  endfacet
  facet normal 0 0 1
    outer loop
      vertex -19.4856 -9.08629 44
      vertex -37 -6.5 44
      vertex -19.01 -10 44
    endloop
  endfacet
  facet normal 0 0 1
    outer loop
      vertex -37 -6.5 44
      vertex -43 -10 44
      vertex -19.01 -10 44
    endloop
  endfacet
  facet normal 0 0 1
    outer loop
      vertex -43 -10 44
      vertex -37 -6.5 44
      vertex -43 10 44
    endloop
  endfacet
  facet normal 0 0 -1
    outer loop
      vertex 43 -10 22
      vertex 21.5 0 22
      vertex 43 10 22
    endloop
  endfacet
  facet normal 0 0 -1
    outer loop
      vertex 43 -10 22
      vertex 21.4182 -1.87385 22
      vertex 21.5 0 22
    endloop
  endfacet
  facet normal 0 0 -1
    outer loop
      vertex 43 -10 22
      vertex 21.1734 -3.73344 22
      vertex 21.4182 -1.87385 22
    endloop
  endfacet
  facet normal 0 0 -1
    outer loop
      vertex 43 -10 22
      vertex 20.7674 -5.56461 22
      vertex 21.1734 -3.73344 22
    endloop
  endfacet
  facet normal 0 0 -1
    outer loop
      vertex 43 -10 22
      vertex 20.2034 -7.35343 22
      vertex 20.7674 -5.56461 22
    endloop
  endfacet
  facet normal 0 0 -1
    outer loop
      vertex 43 -10 22
      vertex 19.4856 -9.08629 22
      vertex 20.2034 -7.35343 22
    endloop
  endfacet
  facet normal 0 -0 -1
    outer loop
      vertex 19.4856 -9.08629 22
      vertex 43 -10 22
      vertex 19.01 -10 22
    endloop
  endfacet
  facet normal 0 0 -1
    outer loop
      vertex 21.4182 1.87385 22
      vertex 43 10 22
      vertex 21.5 0 22
    endloop
  endfacet
  facet normal 0 0 -1
    outer loop
      vertex 21.1734 3.73344 22
      vertex 43 10 22
      vertex 21.4182 1.87385 22
    endloop
  endfacet
  facet normal 0 0 -1
    outer loop
      vertex 20.7674 5.56461 22
      vertex 43 10 22
      vertex 21.1734 3.73344 22
    endloop
  endfacet
  facet normal 0 0 -1
    outer loop
      vertex 20.2034 7.35343 22
      vertex 43 10 22
      vertex 20.7674 5.56461 22
    endloop
  endfacet
  facet normal 0 0 -1
    outer loop
      vertex 19.4856 9.08629 22
      vertex 43 10 22
      vertex 20.2034 7.35343 22
    endloop
  endfacet
  facet normal -0 0 -1
    outer loop
      vertex 43 10 22
      vertex 19.4856 9.08629 22
      vertex 19.01 10 22
    endloop
  endfacet
  facet normal -0 0 -1
    outer loop
      vertex -21.4182 -1.87385 22
      vertex -43 -10 22
      vertex -21.5 0 22
    endloop
  endfacet
  facet normal -0 0 -1
    outer loop
      vertex -21.1734 -3.73344 22
      vertex -43 -10 22
      vertex -21.4182 -1.87385 22
    endloop
  endfacet
  facet normal -0 0 -1
    outer loop
      vertex -20.7674 -5.56461 22
      vertex -43 -10 22
      vertex -21.1734 -3.73344 22
    endloop
  endfacet
  facet normal -0 0 -1
    outer loop
      vertex -20.2034 -7.35343 22
      vertex -43 -10 22
      vertex -20.7674 -5.56461 22
    endloop
  endfacet
  facet normal -0 0 -1
    outer loop
      vertex -19.4856 -9.08629 22
      vertex -43 -10 22
      vertex -20.2034 -7.35343 22
    endloop
  endfacet
  facet normal 0 0 -1
    outer loop
      vertex -43 -10 22
      vertex -19.4856 -9.08629 22
      vertex -19.01 -10 22
    endloop
  endfacet
  facet normal 0 0 -1
    outer loop
      vertex -43 10 22
      vertex -21.5 0 22
      vertex -43 -10 22
    endloop
  endfacet
  facet normal 0 0 -1
    outer loop
      vertex -21.5 0 22
      vertex -43 10 22
      vertex -21.4182 1.87385 22
    endloop
  endfacet
  facet normal 0 0 -1
    outer loop
      vertex -21.4182 1.87385 22
      vertex -43 10 22
      vertex -21.1734 3.73344 22
    endloop
  endfacet
  facet normal 0 0 -1
    outer loop
      vertex -21.1734 3.73344 22
      vertex -43 10 22
      vertex -20.7674 5.56461 22
    endloop
  endfacet
  facet normal 0 0 -1
    outer loop
      vertex -20.7674 5.56461 22
      vertex -43 10 22
      vertex -20.2034 7.35343 22
    endloop
  endfacet
  facet normal 0 0 -1
    outer loop
      vertex -20.2034 7.35343 22
      vertex -43 10 22
      vertex -19.4856 9.08629 22
    endloop
  endfacet
  facet normal 0 0 -1
    outer loop
      vertex -19.4856 9.08629 22
      vertex -43 10 22
      vertex -19.01 10 22
    endloop
  endfacet
  facet normal 0 1 -0
    outer loop
      vertex 43 10 22
      vertex 19.01 10 44
      vertex 43 10 44
    endloop
  endfacet
  facet normal 0 1 0
    outer loop
      vertex 19.01 10 44
      vertex 43 10 22
      vertex 19.01 10 22
    endloop
  endfacet
  facet normal 0 1 -0
    outer loop
      vertex -19.01 10 22
      vertex -43 10 44
      vertex -19.01 10 44
    endloop
  endfacet
  facet normal 0 1 0
    outer loop
      vertex -43 10 44
      vertex -19.01 10 22
      vertex -43 10 22
    endloop
  endfacet
  facet normal 0 -1 0
    outer loop
      vertex 19.01 -10 22
      vertex 43 -10 44
      vertex 19.01 -10 44
    endloop
  endfacet
  facet normal 0 -1 -0
    outer loop
      vertex 43 -10 44
      vertex 19.01 -10 22
      vertex 43 -10 22
    endloop
  endfacet
  facet normal 0 -1 0
    outer loop
      vertex -43 -10 22
      vertex -19.01 -10 44
      vertex -43 -10 44
    endloop
  endfacet
  facet normal 0 -1 -0
    outer loop
      vertex -19.01 -10 44
      vertex -43 -10 22
      vertex -19.01 -10 22
    endloop
  endfacet
  facet normal -1 0 0
    outer loop
      vertex -43 3.18755 35.366
      vertex -43 10 44
      vertex -43 10 22
    endloop
  endfacet
  facet normal -1 0 0
    outer loop
      vertex -43 10 44
      vertex -43 3.18755 35.366
      vertex -43 3.25 36
    endloop
  endfacet
  facet normal -1 0 0
    outer loop
      vertex -43 10 22
      vertex -43 3.00261 34.7563
      vertex -43 3.18755 35.366
    endloop
  endfacet
  facet normal -1 0 0
    outer loop
      vertex -43 10 22
      vertex -43 2.70228 34.1944
      vertex -43 3.00261 34.7563
    endloop
  endfacet
  facet normal -1 0 0
    outer loop
      vertex -43 10 22
      vertex -43 2.2981 33.7019
      vertex -43 2.70228 34.1944
    endloop
  endfacet
  facet normal -1 0 0
    outer loop
      vertex -43 10 22
      vertex -43 1.8056 33.2977
      vertex -43 2.2981 33.7019
    endloop
  endfacet
  facet normal -1 0 0
    outer loop
      vertex -43 10 22
      vertex -43 1.24372 32.9974
      vertex -43 1.8056 33.2977
    endloop
  endfacet
  facet normal -1 0 0
    outer loop
      vertex -43 10 22
      vertex -43 0.634043 32.8124
      vertex -43 1.24372 32.9974
    endloop
  endfacet
  facet normal -1 0 0
    outer loop
      vertex -43 10 22
      vertex -43 0 32.75
      vertex -43 0.634043 32.8124
    endloop
  endfacet
  facet normal -1 0 0
    outer loop
      vertex -43 -10 22
      vertex -43 0 32.75
      vertex -43 10 22
    endloop
  endfacet
  facet normal -1 -0 0
    outer loop
      vertex -43 0 32.75
      vertex -43 -10 22
      vertex -43 -0.634043 32.8124
    endloop
  endfacet
  facet normal -1 -0 0
    outer loop
      vertex -43 -0.634043 32.8124
      vertex -43 -10 22
      vertex -43 -1.24372 32.9974
    endloop
  endfacet
  facet normal -1 -0 0
    outer loop
      vertex -43 -1.24372 32.9974
      vertex -43 -10 22
      vertex -43 -1.8056 33.2977
    endloop
  endfacet
  facet normal -1 0 0
    outer loop
      vertex -43 -10 44
      vertex -43 -3.18755 35.366
      vertex -43 -10 22
    endloop
  endfacet
  facet normal -1 -0 0
    outer loop
      vertex -43 -3.00261 34.7563
      vertex -43 -10 22
      vertex -43 -3.18755 35.366
    endloop
  endfacet
  facet normal -1 -0 0
    outer loop
      vertex -43 -2.70228 34.1944
      vertex -43 -10 22
      vertex -43 -3.00261 34.7563
    endloop
  endfacet
  facet normal -1 -0 0
    outer loop
      vertex -43 -2.2981 33.7019
      vertex -43 -10 22
      vertex -43 -2.70228 34.1944
    endloop
  endfacet
  facet normal -1 -0 0
    outer loop
      vertex -43 -1.8056 33.2977
      vertex -43 -10 22
      vertex -43 -2.2981 33.7019
    endloop
  endfacet
  facet normal -1 0 0
    outer loop
      vertex -43 3.18755 36.634
      vertex -43 10 44
      vertex -43 3.25 36
    endloop
  endfacet
  facet normal -1 0 0
    outer loop
      vertex -43 3.00261 37.2437
      vertex -43 10 44
      vertex -43 3.18755 36.634
    endloop
  endfacet
  facet normal -1 0 0
    outer loop
      vertex -43 2.70228 37.8056
      vertex -43 10 44
      vertex -43 3.00261 37.2437
    endloop
  endfacet
  facet normal -1 0 0
    outer loop
      vertex -43 2.2981 38.2981
      vertex -43 10 44
      vertex -43 2.70228 37.8056
    endloop
  endfacet
  facet normal -1 0 0
    outer loop
      vertex -43 1.8056 38.7023
      vertex -43 10 44
      vertex -43 2.2981 38.2981
    endloop
  endfacet
  facet normal -1 0 0
    outer loop
      vertex -43 1.24372 39.0026
      vertex -43 10 44
      vertex -43 1.8056 38.7023
    endloop
  endfacet
  facet normal -1 0 0
    outer loop
      vertex -43 0.634043 39.1876
      vertex -43 10 44
      vertex -43 1.24372 39.0026
    endloop
  endfacet
  facet normal -1 0 0
    outer loop
      vertex -43 0 39.25
      vertex -43 10 44
      vertex -43 0.634043 39.1876
    endloop
  endfacet
  facet normal -1 0 0
    outer loop
      vertex -43 -10 44
      vertex -43 0 39.25
      vertex -43 -0.634043 39.1876
    endloop
  endfacet
  facet normal -1 0 0
    outer loop
      vertex -43 -10 44
      vertex -43 -0.634043 39.1876
      vertex -43 -1.24372 39.0026
    endloop
  endfacet
  facet normal -1 0 0
    outer loop
      vertex -43 -3.18755 35.366
      vertex -43 -10 44
      vertex -43 -3.25 36
    endloop
  endfacet
  facet normal -1 0 0
    outer loop
      vertex -43 -3.25 36
      vertex -43 -10 44
      vertex -43 -3.18755 36.634
    endloop
  endfacet
  facet normal -1 0 0
    outer loop
      vertex -43 0 39.25
      vertex -43 -10 44
      vertex -43 10 44
    endloop
  endfacet
  facet normal -1 0 0
    outer loop
      vertex -43 -1.8056 38.7023
      vertex -43 -10 44
      vertex -43 -1.24372 39.0026
    endloop
  endfacet
  facet normal -1 0 0
    outer loop
      vertex -43 -2.2981 38.2981
      vertex -43 -10 44
      vertex -43 -1.8056 38.7023
    endloop
  endfacet
  facet normal -1 0 0
    outer loop
      vertex -43 -2.70228 37.8056
      vertex -43 -10 44
      vertex -43 -2.2981 38.2981
    endloop
  endfacet
  facet normal -1 0 0
    outer loop
      vertex -43 -3.00261 37.2437
      vertex -43 -10 44
      vertex -43 -2.70228 37.8056
    endloop
  endfacet
  facet normal -1 0 0
    outer loop
      vertex -43 -3.18755 36.634
      vertex -43 -10 44
      vertex -43 -3.00261 37.2437
    endloop
  endfacet
  facet normal -0 0 1
    outer loop
      vertex 6.5 37 56
      vertex 10 19.01 56
      vertex 10 43 56
    endloop
  endfacet
  facet normal 0 0 1
    outer loop
      vertex 10 19.01 56
      vertex 6.5 37 56
      vertex 9.08629 19.4856 56
    endloop
  endfacet
  facet normal -0 0 1
    outer loop
      vertex 6.5 21 56
      vertex 9.08629 19.4856 56
      vertex 6.5 37 56
    endloop
  endfacet
  facet normal 0 0 1
    outer loop
      vertex 10 43 56
      vertex -6.5 37 56
      vertex 6.5 37 56
    endloop
  endfacet
  facet normal 0 0 1
    outer loop
      vertex -9.08629 19.4856 56
      vertex -6.5 21 56
      vertex -6.5 37 56
    endloop
  endfacet
  facet normal 0 0 1
    outer loop
      vertex -6.5 21 56
      vertex -9.08629 19.4856 56
      vertex -7.35343 20.2034 56
    endloop
  endfacet
  facet normal -0 0 1
    outer loop
      vertex -10 43 56
      vertex -6.5 37 56
      vertex 10 43 56
    endloop
  endfacet
  facet normal 0 0 1
    outer loop
      vertex -10 19.01 56
      vertex -6.5 37 56
      vertex -10 43 56
    endloop
  endfacet
  facet normal 0 0 1
    outer loop
      vertex -6.5 37 56
      vertex -10 19.01 56
      vertex -9.08629 19.4856 56
    endloop
  endfacet
  facet normal 0 0 1
    outer loop
      vertex 9.08629 19.4856 56
      vertex 6.5 21 56
      vertex 7.35343 20.2034 56
    endloop
  endfacet
  facet normal 0 0 1
    outer loop
      vertex 6.5 21 56
      vertex 5.56461 20.7674 56
      vertex 7.35343 20.2034 56
    endloop
  endfacet
  facet normal 0 -0 1
    outer loop
      vertex 5.56461 20.7674 56
      vertex 6.5 21 56
      vertex 4.51544 21 56
    endloop
  endfacet
  facet normal -0 0 1
    outer loop
      vertex -6.5 21 56
      vertex -5.56461 20.7674 56
      vertex -4.51544 21 56
    endloop
  endfacet
  facet normal 0 0 1
    outer loop
      vertex -5.56461 20.7674 56
      vertex -6.5 21 56
      vertex -7.35343 20.2034 56
    endloop
  endfacet
  facet normal 0 0 1
    outer loop
      vertex -5.56461 -20.7674 56
      vertex -6.5 -21 56
      vertex -4.51544 -21 56
    endloop
  endfacet
  facet normal 0 0 1
    outer loop
      vertex -9.08629 -19.4856 56
      vertex -6.5 -21 56
      vertex -7.35343 -20.2034 56
    endloop
  endfacet
  facet normal 0 0 1
    outer loop
      vertex -7.35343 -20.2034 56
      vertex -6.5 -21 56
      vertex -5.56461 -20.7674 56
    endloop
  endfacet
  facet normal -0 0 1
    outer loop
      vertex 5.56461 -20.7674 56
      vertex 6.5 -21 56
      vertex 7.35343 -20.2034 56
    endloop
  endfacet
  facet normal 0 0 1
    outer loop
      vertex 6.5 -21 56
      vertex 5.56461 -20.7674 56
      vertex 4.51544 -21 56
    endloop
  endfacet
  facet normal 0 0 1
    outer loop
      vertex 6.5 -37 56
      vertex 10 -19.01 56
      vertex 9.08629 -19.4856 56
    endloop
  endfacet
  facet normal 0 0 1
    outer loop
      vertex 6.5 -21 56
      vertex 9.08629 -19.4856 56
      vertex 7.35343 -20.2034 56
    endloop
  endfacet
  facet normal 0 0 1
    outer loop
      vertex 9.08629 -19.4856 56
      vertex 6.5 -21 56
      vertex 6.5 -37 56
    endloop
  endfacet
  facet normal 0 0 1
    outer loop
      vertex 10 -19.01 56
      vertex 6.5 -37 56
      vertex 10 -43 56
    endloop
  endfacet
  facet normal -0 0 1
    outer loop
      vertex -6.5 -37 56
      vertex 10 -43 56
      vertex 6.5 -37 56
    endloop
  endfacet
  facet normal 0 0 1
    outer loop
      vertex -6.5 -21 56
      vertex -9.08629 -19.4856 56
      vertex -6.5 -37 56
    endloop
  endfacet
  facet normal 0 0 1
    outer loop
      vertex -10 -19.01 56
      vertex -6.5 -37 56
      vertex -9.08629 -19.4856 56
    endloop
  endfacet
  facet normal 0 0 1
    outer loop
      vertex -6.5 -37 56
      vertex -10 -43 56
      vertex 10 -43 56
    endloop
  endfacet
  facet normal 0 0 1
    outer loop
      vertex -10 -43 56
      vertex -6.5 -37 56
      vertex -10 -19.01 56
    endloop
  endfacet
  facet normal -1 0 0
    outer loop
      vertex -10 19.01 34
      vertex -10 43 56
      vertex -10 43 34
    endloop
  endfacet
  facet normal -1 -0 0
    outer loop
      vertex -10 43 56
      vertex -10 19.01 34
      vertex -10 19.01 56
    endloop
  endfacet
  facet normal -1 0 0
    outer loop
      vertex -10 -43 34
      vertex -10 -19.01 56
      vertex -10 -19.01 34
    endloop
  endfacet
  facet normal -1 -0 0
    outer loop
      vertex -10 -19.01 56
      vertex -10 -43 34
      vertex -10 -43 56
    endloop
  endfacet
  facet normal 0 0 -1
    outer loop
      vertex 9.08629 19.4856 34
      vertex 10 43 34
      vertex 10 19.01 34
    endloop
  endfacet
  facet normal 0 0 -1
    outer loop
      vertex 7.35343 20.2034 34
      vertex 10 43 34
      vertex 9.08629 19.4856 34
    endloop
  endfacet
  facet normal 0 0 -1
    outer loop
      vertex 5.56461 20.7674 34
      vertex 10 43 34
      vertex 7.35343 20.2034 34
    endloop
  endfacet
  facet normal 0 0 -1
    outer loop
      vertex 3.73344 21.1734 34
      vertex 10 43 34
      vertex 5.56461 20.7674 34
    endloop
  endfacet
  facet normal 0 0 -1
    outer loop
      vertex 1.87385 21.4182 34
      vertex 10 43 34
      vertex 3.73344 21.1734 34
    endloop
  endfacet
  facet normal 0 0 -1
    outer loop
      vertex 0 21.5 34
      vertex 10 43 34
      vertex 1.87385 21.4182 34
    endloop
  endfacet
  facet normal 0 0 -1
    outer loop
      vertex -10 43 34
      vertex 0 21.5 34
      vertex -1.87385 21.4182 34
    endloop
  endfacet
  facet normal 0 0 -1
    outer loop
      vertex -10 43 34
      vertex -1.87385 21.4182 34
      vertex -3.73344 21.1734 34
    endloop
  endfacet
  facet normal 0 0 -1
    outer loop
      vertex -10 43 34
      vertex -3.73344 21.1734 34
      vertex -5.56461 20.7674 34
    endloop
  endfacet
  facet normal 0 0 -1
    outer loop
      vertex -10 43 34
      vertex -5.56461 20.7674 34
      vertex -7.35343 20.2034 34
    endloop
  endfacet
  facet normal 0 0 -1
    outer loop
      vertex -10 43 34
      vertex -7.35343 20.2034 34
      vertex -9.08629 19.4856 34
    endloop
  endfacet
  facet normal 0 0 -1
    outer loop
      vertex -10 43 34
      vertex -9.08629 19.4856 34
      vertex -10 19.01 34
    endloop
  endfacet
  facet normal 0 0 -1
    outer loop
      vertex 0 21.5 34
      vertex -10 43 34
      vertex 10 43 34
    endloop
  endfacet
  facet normal 0 0 -1
    outer loop
      vertex 10 -43 34
      vertex 9.08629 -19.4856 34
      vertex 10 -19.01 34
    endloop
  endfacet
  facet normal 0 0 -1
    outer loop
      vertex 10 -43 34
      vertex 7.35343 -20.2034 34
      vertex 9.08629 -19.4856 34
    endloop
  endfacet
  facet normal 0 0 -1
    outer loop
      vertex 10 -43 34
      vertex 5.56461 -20.7674 34
      vertex 7.35343 -20.2034 34
    endloop
  endfacet
  facet normal 0 0 -1
    outer loop
      vertex 10 -43 34
      vertex 3.73344 -21.1734 34
      vertex 5.56461 -20.7674 34
    endloop
  endfacet
  facet normal 0 0 -1
    outer loop
      vertex 10 -43 34
      vertex 1.87385 -21.4182 34
      vertex 3.73344 -21.1734 34
    endloop
  endfacet
  facet normal 0 0 -1
    outer loop
      vertex 10 -43 34
      vertex 0 -21.5 34
      vertex 1.87385 -21.4182 34
    endloop
  endfacet
  facet normal 0 0 -1
    outer loop
      vertex -10 -43 34
      vertex 0 -21.5 34
      vertex 10 -43 34
    endloop
  endfacet
  facet normal -0 0 -1
    outer loop
      vertex 0 -21.5 34
      vertex -10 -43 34
      vertex -1.87385 -21.4182 34
    endloop
  endfacet
  facet normal -0 0 -1
    outer loop
      vertex -1.87385 -21.4182 34
      vertex -10 -43 34
      vertex -3.73344 -21.1734 34
    endloop
  endfacet
  facet normal -0 0 -1
    outer loop
      vertex -3.73344 -21.1734 34
      vertex -10 -43 34
      vertex -5.56461 -20.7674 34
    endloop
  endfacet
  facet normal -0 0 -1
    outer loop
      vertex -5.56461 -20.7674 34
      vertex -10 -43 34
      vertex -7.35343 -20.2034 34
    endloop
  endfacet
  facet normal -0 0 -1
    outer loop
      vertex -7.35343 -20.2034 34
      vertex -10 -43 34
      vertex -9.08629 -19.4856 34
    endloop
  endfacet
  facet normal -0 0 -1
    outer loop
      vertex -9.08629 -19.4856 34
      vertex -10 -43 34
      vertex -10 -19.01 34
    endloop
  endfacet
  facet normal 1 -0 0
    outer loop
      vertex 10 19.01 56
      vertex 10 43 34
      vertex 10 43 56
    endloop
  endfacet
  facet normal 1 0 0
    outer loop
      vertex 10 43 34
      vertex 10 19.01 56
      vertex 10 19.01 34
    endloop
  endfacet
  facet normal 1 -0 0
    outer loop
      vertex 10 -43 56
      vertex 10 -19.01 34
      vertex 10 -19.01 56
    endloop
  endfacet
  facet normal 1 0 0
    outer loop
      vertex 10 -19.01 34
      vertex 10 -43 56
      vertex 10 -43 34
    endloop
  endfacet
  facet normal 0 1 0
    outer loop
      vertex 10 43 56
      vertex 0 43 51.25
      vertex -10 43 56
    endloop
  endfacet
  facet normal 0 1 0
    outer loop
      vertex 10 43 56
      vertex 0.634043 43 51.1876
      vertex 0 43 51.25
    endloop
  endfacet
  facet normal 0 1 0
    outer loop
      vertex 10 43 56
      vertex 1.24372 43 51.0026
      vertex 0.634043 43 51.1876
    endloop
  endfacet
  facet normal 0 1 0
    outer loop
      vertex 10 43 56
      vertex 1.8056 43 50.7023
      vertex 1.24372 43 51.0026
    endloop
  endfacet
  facet normal 0 1 0
    outer loop
      vertex 10 43 56
      vertex 2.2981 43 50.2981
      vertex 1.8056 43 50.7023
    endloop
  endfacet
  facet normal 0 1 0
    outer loop
      vertex 10 43 56
      vertex 2.70228 43 49.8056
      vertex 2.2981 43 50.2981
    endloop
  endfacet
  facet normal 0 1 0
    outer loop
      vertex 10 43 56
      vertex 3.00261 43 49.2437
      vertex 2.70228 43 49.8056
    endloop
  endfacet
  facet normal 0 1 0
    outer loop
      vertex 10 43 56
      vertex 3.18755 43 48.634
      vertex 3.00261 43 49.2437
    endloop
  endfacet
  facet normal 0 1 0
    outer loop
      vertex 10 43 56
      vertex 3.25 43 48
      vertex 3.18755 43 48.634
    endloop
  endfacet
  facet normal 0 1 0
    outer loop
      vertex 10 43 56
      vertex 3.18755 43 47.366
      vertex 3.25 43 48
    endloop
  endfacet
  facet normal 0 1 -0
    outer loop
      vertex 10 43 34
      vertex 3.18755 43 47.366
      vertex 10 43 56
    endloop
  endfacet
  facet normal 0 1 0
    outer loop
      vertex 3.18755 43 47.366
      vertex 10 43 34
      vertex 3.00261 43 46.7563
    endloop
  endfacet
  facet normal 0 1 0
    outer loop
      vertex 0.634043 43 44.8124
      vertex 10 43 34
      vertex 0 43 44.75
    endloop
  endfacet
  facet normal 0 1 0
    outer loop
      vertex 1.24372 43 44.9974
      vertex 10 43 34
      vertex 0.634043 43 44.8124
    endloop
  endfacet
  facet normal 0 1 0
    outer loop
      vertex 1.8056 43 45.2977
      vertex 10 43 34
      vertex 1.24372 43 44.9974
    endloop
  endfacet
  facet normal 0 1 0
    outer loop
      vertex 2.2981 43 45.7019
      vertex 10 43 34
      vertex 1.8056 43 45.2977
    endloop
  endfacet
  facet normal 0 1 0
    outer loop
      vertex 2.70228 43 46.1944
      vertex 10 43 34
      vertex 2.2981 43 45.7019
    endloop
  endfacet
  facet normal 0 1 0
    outer loop
      vertex 3.00261 43 46.7563
      vertex 10 43 34
      vertex 2.70228 43 46.1944
    endloop
  endfacet
  facet normal 0 1 -0
    outer loop
      vertex -0.634043 43 51.1876
      vertex -10 43 56
      vertex 0 43 51.25
    endloop
  endfacet
  facet normal 0 1 -0
    outer loop
      vertex -1.24372 43 51.0026
      vertex -10 43 56
      vertex -0.634043 43 51.1876
    endloop
  endfacet
  facet normal 0 1 -0
    outer loop
      vertex -1.8056 43 50.7023
      vertex -10 43 56
      vertex -1.24372 43 51.0026
    endloop
  endfacet
  facet normal 0 1 -0
    outer loop
      vertex -2.2981 43 50.2981
      vertex -10 43 56
      vertex -1.8056 43 50.7023
    endloop
  endfacet
  facet normal 0 1 -0
    outer loop
      vertex -2.70228 43 49.8056
      vertex -10 43 56
      vertex -2.2981 43 50.2981
    endloop
  endfacet
  facet normal 0 1 -0
    outer loop
      vertex -3.00261 43 49.2437
      vertex -10 43 56
      vertex -2.70228 43 49.8056
    endloop
  endfacet
  facet normal 0 1 -0
    outer loop
      vertex -3.18755 43 48.634
      vertex -10 43 56
      vertex -3.00261 43 49.2437
    endloop
  endfacet
  facet normal 0 1 -0
    outer loop
      vertex -3.25 43 48
      vertex -10 43 56
      vertex -3.18755 43 48.634
    endloop
  endfacet
  facet normal 0 1 0
    outer loop
      vertex -3.18755 43 47.366
      vertex -10 43 56
      vertex -3.25 43 48
    endloop
  endfacet
  facet normal 0 1 0
    outer loop
      vertex -10 43 34
      vertex -3.18755 43 47.366
      vertex -3.00261 43 46.7563
    endloop
  endfacet
  facet normal 0 1 0
    outer loop
      vertex -10 43 34
      vertex -3.00261 43 46.7563
      vertex -2.70228 43 46.1944
    endloop
  endfacet
  facet normal 0 1 0
    outer loop
      vertex -10 43 34
      vertex 0 43 44.75
      vertex 10 43 34
    endloop
  endfacet
  facet normal 0 1 0
    outer loop
      vertex 0 43 44.75
      vertex -10 43 34
      vertex -0.634043 43 44.8124
    endloop
  endfacet
  facet normal 0 1 0
    outer loop
      vertex -0.634043 43 44.8124
      vertex -10 43 34
      vertex -1.24372 43 44.9974
    endloop
  endfacet
  facet normal 0 1 0
    outer loop
      vertex -1.24372 43 44.9974
      vertex -10 43 34
      vertex -1.8056 43 45.2977
    endloop
  endfacet
  facet normal 0 1 0
    outer loop
      vertex -3.18755 43 47.366
      vertex -10 43 34
      vertex -10 43 56
    endloop
  endfacet
  facet normal 0 1 0
    outer loop
      vertex -2.2981 43 45.7019
      vertex -10 43 34
      vertex -2.70228 43 46.1944
    endloop
  endfacet
  facet normal 0 1 0
    outer loop
      vertex -1.8056 43 45.2977
      vertex -10 43 34
      vertex -2.2981 43 45.7019
    endloop
  endfacet
  facet normal 0 -1 0
    outer loop
      vertex -10 -43 56
      vertex 0 -43 51.25
      vertex 10 -43 56
    endloop
  endfacet
  facet normal 0 -1 0
    outer loop
      vertex -10 -43 56
      vertex -0.634043 -43 51.1876
      vertex 0 -43 51.25
    endloop
  endfacet
  facet normal 0 -1 0
    outer loop
      vertex -10 -43 56
      vertex -1.24372 -43 51.0026
      vertex -0.634043 -43 51.1876
    endloop
  endfacet
  facet normal 0 -1 0
    outer loop
      vertex -10 -43 56
      vertex -1.8056 -43 50.7023
      vertex -1.24372 -43 51.0026
    endloop
  endfacet
  facet normal 0 -1 0
    outer loop
      vertex -10 -43 56
      vertex -2.2981 -43 50.2981
      vertex -1.8056 -43 50.7023
    endloop
  endfacet
  facet normal 0 -1 0
    outer loop
      vertex -10 -43 56
      vertex -2.70228 -43 49.8056
      vertex -2.2981 -43 50.2981
    endloop
  endfacet
  facet normal 0 -1 0
    outer loop
      vertex -10 -43 56
      vertex -3.00261 -43 49.2437
      vertex -2.70228 -43 49.8056
    endloop
  endfacet
  facet normal 0 -1 0
    outer loop
      vertex -10 -43 56
      vertex -3.18755 -43 48.634
      vertex -3.00261 -43 49.2437
    endloop
  endfacet
  facet normal 0 -1 0
    outer loop
      vertex -10 -43 56
      vertex -3.25 -43 48
      vertex -3.18755 -43 48.634
    endloop
  endfacet
  facet normal 0 -1 0
    outer loop
      vertex -10 -43 56
      vertex -3.18755 -43 47.366
      vertex -3.25 -43 48
    endloop
  endfacet
  facet normal 0 -1 0
    outer loop
      vertex -10 -43 34
      vertex -3.18755 -43 47.366
      vertex -10 -43 56
    endloop
  endfacet
  facet normal 0 -1 -0
    outer loop
      vertex -3.18755 -43 47.366
      vertex -10 -43 34
      vertex -3.00261 -43 46.7563
    endloop
  endfacet
  facet normal 0 -1 -0
    outer loop
      vertex -0.634043 -43 44.8124
      vertex -10 -43 34
      vertex 0 -43 44.75
    endloop
  endfacet
  facet normal 0 -1 -0
    outer loop
      vertex -1.24372 -43 44.9974
      vertex -10 -43 34
      vertex -0.634043 -43 44.8124
    endloop
  endfacet
  facet normal 0 -1 -0
    outer loop
      vertex -1.8056 -43 45.2977
      vertex -10 -43 34
      vertex -1.24372 -43 44.9974
    endloop
  endfacet
  facet normal 0 -1 -0
    outer loop
      vertex -2.2981 -43 45.7019
      vertex -10 -43 34
      vertex -1.8056 -43 45.2977
    endloop
  endfacet
  facet normal 0 -1 -0
    outer loop
      vertex -2.70228 -43 46.1944
      vertex -10 -43 34
      vertex -2.2981 -43 45.7019
    endloop
  endfacet
  facet normal 0 -1 -0
    outer loop
      vertex -3.00261 -43 46.7563
      vertex -10 -43 34
      vertex -2.70228 -43 46.1944
    endloop
  endfacet
  facet normal 0 -1 0
    outer loop
      vertex 0.634043 -43 51.1876
      vertex 10 -43 56
      vertex 0 -43 51.25
    endloop
  endfacet
  facet normal 0 -1 0
    outer loop
      vertex 1.24372 -43 51.0026
      vertex 10 -43 56
      vertex 0.634043 -43 51.1876
    endloop
  endfacet
  facet normal 0 -1 0
    outer loop
      vertex 1.8056 -43 50.7023
      vertex 10 -43 56
      vertex 1.24372 -43 51.0026
    endloop
  endfacet
  facet normal 0 -1 0
    outer loop
      vertex 2.2981 -43 50.2981
      vertex 10 -43 56
      vertex 1.8056 -43 50.7023
    endloop
  endfacet
  facet normal 0 -1 0
    outer loop
      vertex 2.70228 -43 49.8056
      vertex 10 -43 56
      vertex 2.2981 -43 50.2981
    endloop
  endfacet
  facet normal 0 -1 0
    outer loop
      vertex 3.00261 -43 49.2437
      vertex 10 -43 56
      vertex 2.70228 -43 49.8056
    endloop
  endfacet
  facet normal 0 -1 0
    outer loop
      vertex 3.18755 -43 48.634
      vertex 10 -43 56
      vertex 3.00261 -43 49.2437
    endloop
  endfacet
  facet normal 0 -1 0
    outer loop
      vertex 3.25 -43 48
      vertex 10 -43 56
      vertex 3.18755 -43 48.634
    endloop
  endfacet
  facet normal 0 -1 0
    outer loop
      vertex 3.18755 -43 47.366
      vertex 10 -43 56
      vertex 3.25 -43 48
    endloop
  endfacet
  facet normal 0 -1 0
    outer loop
      vertex 10 -43 34
      vertex 3.18755 -43 47.366
      vertex 3.00261 -43 46.7563
    endloop
  endfacet
  facet normal 0 -1 0
    outer loop
      vertex 10 -43 34
      vertex 3.00261 -43 46.7563
      vertex 2.70228 -43 46.1944
    endloop
  endfacet
  facet normal 0 -1 0
    outer loop
      vertex 10 -43 34
      vertex 0 -43 44.75
      vertex -10 -43 34
    endloop
  endfacet
  facet normal 0 -1 0
    outer loop
      vertex 0 -43 44.75
      vertex 10 -43 34
      vertex 0.634043 -43 44.8124
    endloop
  endfacet
  facet normal 0 -1 0
    outer loop
      vertex 0.634043 -43 44.8124
      vertex 10 -43 34
      vertex 1.24372 -43 44.9974
    endloop
  endfacet
  facet normal 0 -1 0
    outer loop
      vertex 1.24372 -43 44.9974
      vertex 10 -43 34
      vertex 1.8056 -43 45.2977
    endloop
  endfacet
  facet normal 0 -1 0
    outer loop
      vertex 3.18755 -43 47.366
      vertex 10 -43 34
      vertex 10 -43 56
    endloop
  endfacet
  facet normal 0 -1 0
    outer loop
      vertex 2.2981 -43 45.7019
      vertex 10 -43 34
      vertex 2.70228 -43 46.1944
    endloop
  endfacet
  facet normal 0 -1 0
    outer loop
      vertex 1.8056 -43 45.2977
      vertex 10 -43 34
      vertex 2.2981 -43 45.7019
    endloop
  endfacet
  facet normal 0.976295 0.216444 0
    outer loop
      vertex 20.7674 5.56461 58
      vertex 21 4.51544 45.8
      vertex 20.7674 5.56461 44
    endloop
  endfacet
  facet normal 0.976292 0.21646 -1.4368e-06
    outer loop
      vertex 21.1734 3.73344 58
      vertex 21 4.51544 45.8
      vertex 20.7674 5.56461 58
    endloop
  endfacet
  facet normal 0.976287 0.216481 0
    outer loop
      vertex 21 4.51544 45.8
      vertex 21.1734 3.73344 58
      vertex 21.1734 3.73344 45.8
    endloop
  endfacet
  facet normal 0.976295 0.216444 0
    outer loop
      vertex 20.7674 5.56461 44
      vertex 21 4.51544 45.8
      vertex 21 4.51544 44
    endloop
  endfacet
  facet normal 0.976292 0.21646 0
    outer loop
      vertex 21.1734 3.73344 22
      vertex 20.7674 5.56461 0
      vertex 20.7674 5.56461 22
    endloop
  endfacet
  facet normal 0.976292 0.21646 0
    outer loop
      vertex 20.7674 5.56461 0
      vertex 21.1734 3.73344 22
      vertex 21.1734 3.73344 0
    endloop
  endfacet
  facet normal -0.130516 -0.991446 0
    outer loop
      vertex -3.73344 -21.1734 57.8
      vertex -1.87385 -21.4182 58
      vertex -3.73344 -21.1734 58
    endloop
  endfacet
  facet normal -0.130516 -0.991446 -0
    outer loop
      vertex -1.87385 -21.4182 58
      vertex -3.73344 -21.1734 57.8
      vertex -1.87385 -21.4182 57.8
    endloop
  endfacet
  facet normal -0.130516 -0.991446 0
    outer loop
      vertex -3.73344 -21.1734 0
      vertex -1.87385 -21.4182 34
      vertex -3.73344 -21.1734 34
    endloop
  endfacet
  facet normal -0.130516 -0.991446 -0
    outer loop
      vertex -1.87385 -21.4182 34
      vertex -3.73344 -21.1734 0
      vertex -1.87385 -21.4182 0
    endloop
  endfacet
  facet normal 0.991446 0.130516 0
    outer loop
      vertex 21.4182 1.87385 22
      vertex 21.1734 3.73344 0
      vertex 21.1734 3.73344 22
    endloop
  endfacet
  facet normal 0.991446 0.130516 0
    outer loop
      vertex 21.1734 3.73344 0
      vertex 21.4182 1.87385 22
      vertex 21.4182 1.87385 0
    endloop
  endfacet
  facet normal 0.991446 0.130516 0
    outer loop
      vertex 21.4182 1.87385 58
      vertex 21.1734 3.73344 45.8
      vertex 21.1734 3.73344 58
    endloop
  endfacet
  facet normal 0.991446 0.130516 0
    outer loop
      vertex 21.1734 3.73344 45.8
      vertex 21.4182 1.87385 58
      vertex 21.4182 1.87385 45.8
    endloop
  endfacet
  facet normal 0.999049 0.0436119 0
    outer loop
      vertex 21.5 0 22
      vertex 21.4182 1.87385 0
      vertex 21.4182 1.87385 22
    endloop
  endfacet
  facet normal 0.999049 0.0436119 0
    outer loop
      vertex 21.4182 1.87385 0
      vertex 21.5 0 22
      vertex 21.5 0 0
    endloop
  endfacet
  facet normal 0.999049 0.0436119 0
    outer loop
      vertex 21.5 0 58
      vertex 21.4182 1.87385 45.8
      vertex 21.4182 1.87385 58
    endloop
  endfacet
  facet normal 0.999049 0.0436119 0
    outer loop
      vertex 21.4182 1.87385 45.8
      vertex 21.5 0 58
      vertex 21.5 0 45.8
    endloop
  endfacet
  facet normal 0.382695 -0.923875 0
    outer loop
      vertex 7.35343 -20.2034 56
      vertex 9.08629 -19.4856 58
      vertex 7.35343 -20.2034 58
    endloop
  endfacet
  facet normal 0.382695 -0.923875 0
    outer loop
      vertex 9.08629 -19.4856 58
      vertex 7.35343 -20.2034 56
      vertex 9.08629 -19.4856 56
    endloop
  endfacet
  facet normal 0.382695 -0.923875 0
    outer loop
      vertex 7.35343 -20.2034 0
      vertex 9.08629 -19.4856 34
      vertex 7.35343 -20.2034 34
    endloop
  endfacet
  facet normal 0.382695 -0.923875 0
    outer loop
      vertex 9.08629 -19.4856 34
      vertex 7.35343 -20.2034 0
      vertex 9.08629 -19.4856 0
    endloop
  endfacet
  facet normal -0.793325 -0.608798 0
    outer loop
      vertex -17.6118 -12.3319 0
      vertex -16.6702 -13.5589 29
      vertex -17.6118 -12.3319 58
    endloop
  endfacet
  facet normal -0.795598 -0.605825 0.000199575
    outer loop
      vertex -17.6118 -12.3319 0
      vertex -16.6659 -13.5646 28.839
      vertex -16.6702 -13.5589 29
    endloop
  endfacet
  facet normal -0.787942 -0.615749 -0.000475723
    outer loop
      vertex -17.6118 -12.3319 0
      vertex -16.6651 -13.5656 28.8083
      vertex -16.6659 -13.5646 28.839
    endloop
  endfacet
  facet normal -0.796025 -0.605264 0.000238894
    outer loop
      vertex -17.6118 -12.3319 0
      vertex -16.6626 -13.5689 28.7777
      vertex -16.6651 -13.5656 28.8083
    endloop
  endfacet
  facet normal -0.793208 -0.608951 -1.25094e-05
    outer loop
      vertex -17.6118 -12.3319 0
      vertex -16.6497 -13.5857 28.618
      vertex -16.6626 -13.5689 28.7777
    endloop
  endfacet
  facet normal -0.793445 -0.608643 8.97879e-06
    outer loop
      vertex -17.6118 -12.3319 0
      vertex -16.6283 -13.6136 28.4605
      vertex -16.6497 -13.5857 28.618
    endloop
  endfacet
  facet normal -0.791441 -0.611246 -0.000177481
    outer loop
      vertex -17.6118 -12.3319 0
      vertex -16.6242 -13.6189 28.4306
      vertex -16.6283 -13.6136 28.4605
    endloop
  endfacet
  facet normal -0.796791 -0.604255 0.00032484
    outer loop
      vertex -17.6118 -12.3319 0
      vertex -16.6186 -13.6263 28.4015
      vertex -16.6242 -13.6189 28.4306
    endloop
  endfacet
  facet normal -0.793123 -0.609062 -2.25285e-05
    outer loop
      vertex -17.6118 -12.3319 0
      vertex -16.5888 -13.6651 28.2476
      vertex -16.6186 -13.6263 28.4015
    endloop
  endfacet
  facet normal -0.793079 -0.609119 -2.68193e-05
    outer loop
      vertex -17.6118 -12.3319 0
      vertex -16.5507 -13.7147 28.0981
      vertex -16.5888 -13.6651 28.2476
    endloop
  endfacet
  facet normal -0.795506 -0.605946 0.000220966
    outer loop
      vertex -17.6118 -12.3319 0
      vertex -16.5437 -13.7239 28.0702
      vertex -16.5507 -13.7147 28.0981
    endloop
  endfacet
  facet normal -0.790805 -0.612069 -0.000261532
    outer loop
      vertex -17.6118 -12.3319 0
      vertex -16.5351 -13.735 28.0436
      vertex -16.5437 -13.7239 28.0702
    endloop
  endfacet
  facet normal -0.793272 -0.608867 -6.60042e-06
    outer loop
      vertex -17.6118 -12.3319 0
      vertex -16.4892 -13.7948 27.9
      vertex -16.5351 -13.735 28.0436
    endloop
  endfacet
  facet normal -0.793349 -0.608767 -0
    outer loop
      vertex -16.47 -13.8199 27.8507
      vertex -17.6118 -12.3319 0
      vertex -16.47 -13.8199 0
    endloop
  endfacet
  facet normal -0.794181 -0.607682 9.21047e-05
    outer loop
      vertex -17.6118 -12.3319 0
      vertex -16.47 -13.8199 27.8507
      vertex -16.4892 -13.7948 27.9
    endloop
  endfacet
  facet normal -0.795598 -0.605825 -0.000199575
    outer loop
      vertex -16.6659 -13.5646 29.161
      vertex -17.6118 -12.3319 58
      vertex -16.6702 -13.5589 29
    endloop
  endfacet
  facet normal -0.787942 -0.615749 0.000475723
    outer loop
      vertex -16.6651 -13.5656 29.1917
      vertex -17.6118 -12.3319 58
      vertex -16.6659 -13.5646 29.161
    endloop
  endfacet
  facet normal -0.796025 -0.605264 -0.000238894
    outer loop
      vertex -16.6626 -13.5689 29.2223
      vertex -17.6118 -12.3319 58
      vertex -16.6651 -13.5656 29.1917
    endloop
  endfacet
  facet normal -0.793208 -0.608951 1.25094e-05
    outer loop
      vertex -16.6497 -13.5857 29.382
      vertex -17.6118 -12.3319 58
      vertex -16.6626 -13.5689 29.2223
    endloop
  endfacet
  facet normal -0.793445 -0.608643 -8.97879e-06
    outer loop
      vertex -16.6283 -13.6136 29.5395
      vertex -17.6118 -12.3319 58
      vertex -16.6497 -13.5857 29.382
    endloop
  endfacet
  facet normal -0.791441 -0.611246 0.000177481
    outer loop
      vertex -16.6242 -13.6189 29.5694
      vertex -17.6118 -12.3319 58
      vertex -16.6283 -13.6136 29.5395
    endloop
  endfacet
  facet normal -0.796791 -0.604255 -0.00032484
    outer loop
      vertex -16.6186 -13.6263 29.5985
      vertex -17.6118 -12.3319 58
      vertex -16.6242 -13.6189 29.5694
    endloop
  endfacet
  facet normal -0.793123 -0.609062 2.25285e-05
    outer loop
      vertex -16.5888 -13.6651 29.7524
      vertex -17.6118 -12.3319 58
      vertex -16.6186 -13.6263 29.5985
    endloop
  endfacet
  facet normal -0.793079 -0.609119 2.68193e-05
    outer loop
      vertex -16.5507 -13.7147 29.9019
      vertex -17.6118 -12.3319 58
      vertex -16.5888 -13.6651 29.7524
    endloop
  endfacet
  facet normal -0.795506 -0.605946 -0.000220966
    outer loop
      vertex -16.5437 -13.7239 29.9298
      vertex -17.6118 -12.3319 58
      vertex -16.5507 -13.7147 29.9019
    endloop
  endfacet
  facet normal -0.790805 -0.612069 0.000261532
    outer loop
      vertex -16.5351 -13.735 29.9564
      vertex -17.6118 -12.3319 58
      vertex -16.5437 -13.7239 29.9298
    endloop
  endfacet
  facet normal -0.793272 -0.608867 6.60042e-06
    outer loop
      vertex -16.4892 -13.7948 30.1
      vertex -17.6118 -12.3319 58
      vertex -16.5351 -13.735 29.9564
    endloop
  endfacet
  facet normal -0.794181 -0.607682 -9.21047e-05
    outer loop
      vertex -16.47 -13.8199 30.1493
      vertex -17.6118 -12.3319 58
      vertex -16.4892 -13.7948 30.1
    endloop
  endfacet
  facet normal -0.793349 -0.608767 0
    outer loop
      vertex -17.6118 -12.3319 58
      vertex -16.47 -13.8199 30.1493
      vertex -16.47 -13.8199 58
    endloop
  endfacet
  facet normal -0.537269 0.843411 0
    outer loop
      vertex -10.75 18.6195 0
      vertex -12.3319 17.6118 58
      vertex -10.75 18.6195 58
    endloop
  endfacet
  facet normal -0.537269 0.843411 0
    outer loop
      vertex -12.3319 17.6118 58
      vertex -10.75 18.6195 0
      vertex -12.3319 17.6118 0
    endloop
  endfacet
  facet normal 0.130516 0.991446 -0
    outer loop
      vertex 3.73344 21.1734 0
      vertex 1.87385 21.4182 34
      vertex 3.73344 21.1734 34
    endloop
  endfacet
  facet normal 0.130516 0.991446 0
    outer loop
      vertex 1.87385 21.4182 34
      vertex 3.73344 21.1734 0
      vertex 1.87385 21.4182 0
    endloop
  endfacet
  facet normal 0.130516 0.991446 -0
    outer loop
      vertex 3.73344 21.1734 57.8
      vertex 1.87385 21.4182 58
      vertex 3.73344 21.1734 58
    endloop
  endfacet
  facet normal 0.130516 0.991446 0
    outer loop
      vertex 1.87385 21.4182 58
      vertex 3.73344 21.1734 57.8
      vertex 1.87385 21.4182 57.8
    endloop
  endfacet
  facet normal -0.976295 0.216444 0
    outer loop
      vertex -21 4.51544 45.8
      vertex -20.7674 5.56461 44
      vertex -21 4.51544 44
    endloop
  endfacet
  facet normal -0.976295 0.216444 0
    outer loop
      vertex -20.7674 5.56461 44
      vertex -21 4.51544 45.8
      vertex -20.7674 5.56461 58
    endloop
  endfacet
  facet normal -0.976287 0.216481 0
    outer loop
      vertex -21.1734 3.73344 58
      vertex -21 4.51544 45.8
      vertex -21.1734 3.73344 45.8
    endloop
  endfacet
  facet normal -0.976292 0.21646 -1.4368e-06
    outer loop
      vertex -21 4.51544 45.8
      vertex -21.1734 3.73344 58
      vertex -20.7674 5.56461 58
    endloop
  endfacet
  facet normal -0.976292 0.21646 0
    outer loop
      vertex -21.1734 3.73344 0
      vertex -20.7674 5.56461 22
      vertex -20.7674 5.56461 0
    endloop
  endfacet
  facet normal -0.976292 0.21646 0
    outer loop
      vertex -20.7674 5.56461 22
      vertex -21.1734 3.73344 0
      vertex -21.1734 3.73344 22
    endloop
  endfacet
  facet normal -0.21646 0.976292 0
    outer loop
      vertex -3.73344 21.1734 0
      vertex -5.56461 20.7674 34
      vertex -3.73344 21.1734 34
    endloop
  endfacet
  facet normal -0.21646 0.976292 0
    outer loop
      vertex -5.56461 20.7674 34
      vertex -3.73344 21.1734 0
      vertex -5.56461 20.7674 0
    endloop
  endfacet
  facet normal -0.216481 0.976287 0
    outer loop
      vertex -4.51544 21 57.8
      vertex -3.73344 21.1734 58
      vertex -3.73344 21.1734 57.8
    endloop
  endfacet
  facet normal -0.21646 0.976292 -8.76448e-05
    outer loop
      vertex -3.73344 21.1734 58
      vertex -4.51544 21 57.8
      vertex -5.56461 20.7674 58
    endloop
  endfacet
  facet normal -0.216444 0.976295 0
    outer loop
      vertex -5.56461 20.7674 56
      vertex -4.51544 21 57.8
      vertex -4.51544 21 56
    endloop
  endfacet
  facet normal -0.216444 0.976295 0
    outer loop
      vertex -4.51544 21 57.8
      vertex -5.56461 20.7674 56
      vertex -5.56461 20.7674 58
    endloop
  endfacet
  facet normal -0.843411 0.537269 0
    outer loop
      vertex -18.6195 10.75 0
      vertex -17.6118 12.3319 58
      vertex -17.6118 12.3319 0
    endloop
  endfacet
  facet normal -0.843411 0.537269 0
    outer loop
      vertex -17.6118 12.3319 58
      vertex -18.6195 10.75 0
      vertex -18.6195 10.75 58
    endloop
  endfacet
  facet normal 0.130516 -0.991446 0
    outer loop
      vertex 1.87385 -21.4182 57.8
      vertex 3.73344 -21.1734 58
      vertex 1.87385 -21.4182 58
    endloop
  endfacet
  facet normal 0.130516 -0.991446 0
    outer loop
      vertex 3.73344 -21.1734 58
      vertex 1.87385 -21.4182 57.8
      vertex 3.73344 -21.1734 57.8
    endloop
  endfacet
  facet normal 0.130516 -0.991446 0
    outer loop
      vertex 1.87385 -21.4182 0
      vertex 3.73344 -21.1734 34
      vertex 1.87385 -21.4182 34
    endloop
  endfacet
  facet normal 0.130516 -0.991446 0
    outer loop
      vertex 3.73344 -21.1734 34
      vertex 1.87385 -21.4182 0
      vertex 3.73344 -21.1734 0
    endloop
  endfacet
  facet normal 0.953719 0.3007 0
    outer loop
      vertex 20.7674 5.56461 58
      vertex 20.2034 7.35343 44
      vertex 20.2034 7.35343 58
    endloop
  endfacet
  facet normal 0.953719 0.3007 0
    outer loop
      vertex 20.2034 7.35343 44
      vertex 20.7674 5.56461 58
      vertex 20.7674 5.56461 44
    endloop
  endfacet
  facet normal 0.953719 0.3007 0
    outer loop
      vertex 20.7674 5.56461 22
      vertex 20.2034 7.35343 0
      vertex 20.2034 7.35343 22
    endloop
  endfacet
  facet normal 0.953719 0.3007 0
    outer loop
      vertex 20.2034 7.35343 0
      vertex 20.7674 5.56461 22
      vertex 20.7674 5.56461 0
    endloop
  endfacet
  facet normal -0.461712 0.88703 0
    outer loop
      vertex -9.08629 19.4856 34
      vertex -9.08629 19.4856 0
      vertex -10 19.01 34
    endloop
  endfacet
  facet normal -0.461712 0.88703 0
    outer loop
      vertex -10 19.01 56
      vertex -9.08629 19.4856 58
      vertex -9.08629 19.4856 56
    endloop
  endfacet
  facet normal -0.46176 0.887005 2.76584e-05
    outer loop
      vertex -9.08629 19.4856 58
      vertex -10 19.01 56
      vertex -10.75 18.6195 58
    endloop
  endfacet
  facet normal -0.461818 0.886975 0
    outer loop
      vertex -10 19.01 34
      vertex -10.75 18.6195 58
      vertex -10 19.01 56
    endloop
  endfacet
  facet normal -0.46176 0.887005 -1.62697e-06
    outer loop
      vertex -10.75 18.6195 0
      vertex -10 19.01 34
      vertex -9.08629 19.4856 0
    endloop
  endfacet
  facet normal -0.461818 0.886975 0
    outer loop
      vertex -10 19.01 34
      vertex -10.75 18.6195 0
      vertex -10.75 18.6195 58
    endloop
  endfacet
  facet normal -0.385961 0.653695 -0.650935
    outer loop
      vertex 13.0561 17.0561 33.1716
      vertex 12.8674 17.2008 33.4288
      vertex 12.8778 17.1929 33.4147
    endloop
  endfacet
  facet normal 0.608767 0.793349 0
    outer loop
      vertex 12.3319 17.6118 0
      vertex 13.8199 16.47 32.4702
      vertex 13.8199 16.47 0
    endloop
  endfacet
  facet normal 0.60865 0.793439 8.56462e-06
    outer loop
      vertex 13.8199 16.47 32.4702
      vertex 12.3319 17.6118 0
      vertex 13.719 16.5474 32.5359
    endloop
  endfacet
  facet normal 0.608751 0.793362 1.72546e-06
    outer loop
      vertex 13.719 16.5474 32.5359
      vertex 12.3319 17.6118 0
      vertex 13.4835 16.7281 32.7234
    endloop
  endfacet
  facet normal 0.608843 0.793291 -3.43559e-06
    outer loop
      vertex 13.4835 16.7281 32.7234
      vertex 12.3319 17.6118 0
      vertex 13.262 16.8981 32.9358
    endloop
  endfacet
  facet normal 0.609338 0.792911 -2.56351e-05
    outer loop
      vertex 13.262 16.8981 32.9358
      vertex 12.3319 17.6118 0
      vertex 13.2512 16.9064 32.9481
    endloop
  endfacet
  facet normal 0.608748 0.793364 5.17855e-07
    outer loop
      vertex 13.2512 16.9064 32.9481
      vertex 12.3319 17.6118 0
      vertex 13.0561 17.0561 33.1716
    endloop
  endfacet
  facet normal 0.608518 0.79354 8.47617e-06
    outer loop
      vertex 13.0561 17.0561 33.1716
      vertex 12.3319 17.6118 0
      vertex 12.8674 17.2008 33.4288
    endloop
  endfacet
  facet normal 0.608919 0.793232 -1.73442e-06
    outer loop
      vertex 12.8674 17.2008 33.4288
      vertex 12.3319 17.6118 0
      vertex 12.6974 17.3313 33.7057
    endloop
  endfacet
  facet normal 0.608766 0.79335 9.14206e-07
    outer loop
      vertex 12.6974 17.3313 33.7057
      vertex 12.3319 17.6118 0
      vertex 12.5474 17.4464 34
    endloop
  endfacet
  facet normal 0.608731 0.793377 1.26782e-06
    outer loop
      vertex 12.5474 17.4464 34
      vertex 12.3319 17.6118 0
      vertex 12.4185 17.5453 34.3095
    endloop
  endfacet
  facet normal 0.609047 0.793134 0
    outer loop
      vertex 12.4185 17.5453 34.3095
      vertex 12.3319 17.6118 0
      vertex 12.3319 17.6118 34.5708
    endloop
  endfacet
  facet normal 0.608767 0.793349 -0
    outer loop
      vertex 13.8199 16.47 39.5298
      vertex 12.3319 17.6118 58
      vertex 13.8199 16.47 58
    endloop
  endfacet
  facet normal 0.608652 0.793437 -1.47328e-05
    outer loop
      vertex 13.719 16.5474 39.4641
      vertex 12.3319 17.6118 58
      vertex 13.8199 16.47 39.5298
    endloop
  endfacet
  facet normal 0.608751 0.793361 -2.95541e-06
    outer loop
      vertex 13.4835 16.7281 39.2766
      vertex 12.3319 17.6118 58
      vertex 13.719 16.5474 39.4641
    endloop
  endfacet
  facet normal 0.608841 0.793292 5.86141e-06
    outer loop
      vertex 13.262 16.8981 39.0642
      vertex 12.3319 17.6118 58
      vertex 13.4835 16.7281 39.2766
    endloop
  endfacet
  facet normal 0.609325 0.792921 4.35847e-05
    outer loop
      vertex 13.2512 16.9064 39.0519
      vertex 12.3319 17.6118 58
      vertex 13.262 16.8981 39.0642
    endloop
  endfacet
  facet normal 0.608748 0.793364 -8.80332e-07
    outer loop
      vertex 13.0561 17.0561 38.8284
      vertex 12.3319 17.6118 58
      vertex 13.2512 16.9064 39.0519
    endloop
  endfacet
  facet normal 0.608723 0.793383 -2.37285e-06
    outer loop
      vertex 12.8778 17.1929 38.5853
      vertex 12.3319 17.6118 58
      vertex 13.0561 17.0561 38.8284
    endloop
  endfacet
  facet normal 0.605033 0.796201 -0.000166943
    outer loop
      vertex 12.8674 17.2008 38.5712
      vertex 12.3319 17.6118 58
      vertex 12.8778 17.1929 38.5853
    endloop
  endfacet
  facet normal 0.608918 0.793233 2.93051e-06
    outer loop
      vertex 12.6974 17.3313 38.2943
      vertex 12.3319 17.6118 58
      vertex 12.8674 17.2008 38.5712
    endloop
  endfacet
  facet normal 0.608767 0.793349 -1.5409e-06
    outer loop
      vertex 12.5474 17.4464 38
      vertex 12.3319 17.6118 58
      vertex 12.6974 17.3313 38.2943
    endloop
  endfacet
  facet normal 0.608732 0.793376 -2.13291e-06
    outer loop
      vertex 12.4185 17.5453 37.6905
      vertex 12.3319 17.6118 58
      vertex 12.5474 17.4464 38
    endloop
  endfacet
  facet normal 0.609047 0.793134 0
    outer loop
      vertex 12.3319 17.6118 58
      vertex 12.4185 17.5453 37.6905
      vertex 12.3319 17.6118 37.4292
    endloop
  endfacet
  facet normal -0.953719 -0.3007 0
    outer loop
      vertex -20.2034 -7.35343 44
      vertex -20.7674 -5.56461 58
      vertex -20.7674 -5.56461 44
    endloop
  endfacet
  facet normal -0.953719 -0.3007 0
    outer loop
      vertex -20.7674 -5.56461 58
      vertex -20.2034 -7.35343 44
      vertex -20.2034 -7.35343 58
    endloop
  endfacet
  facet normal -0.953719 -0.3007 0
    outer loop
      vertex -20.2034 -7.35343 0
      vertex -20.7674 -5.56461 22
      vertex -20.7674 -5.56461 0
    endloop
  endfacet
  facet normal -0.953719 -0.3007 0
    outer loop
      vertex -20.7674 -5.56461 22
      vertex -20.2034 -7.35343 0
      vertex -20.2034 -7.35343 22
    endloop
  endfacet
  facet normal 0.793349 -0.608767 0
    outer loop
      vertex 16.47 -13.8199 58
      vertex 17.6118 -12.3319 0
      vertex 17.6118 -12.3319 58
    endloop
  endfacet
  facet normal 0.793349 -0.608767 0
    outer loop
      vertex 17.6118 -12.3319 0
      vertex 16.47 -13.8199 58
      vertex 16.47 -13.8199 0
    endloop
  endfacet
  facet normal 0.793349 0.608767 0
    outer loop
      vertex 17.6118 12.3319 58
      vertex 16.47 13.8199 39.5298
      vertex 16.47 13.8199 58
    endloop
  endfacet
  facet normal 0.793437 0.608652 -1.47328e-05
    outer loop
      vertex 16.47 13.8199 39.5298
      vertex 17.6118 12.3319 58
      vertex 16.5474 13.719 39.4641
    endloop
  endfacet
  facet normal 0.793361 0.608751 -2.95541e-06
    outer loop
      vertex 16.5474 13.719 39.4641
      vertex 17.6118 12.3319 58
      vertex 16.7281 13.4835 39.2766
    endloop
  endfacet
  facet normal 0.793292 0.608841 5.86141e-06
    outer loop
      vertex 16.7281 13.4835 39.2766
      vertex 17.6118 12.3319 58
      vertex 16.8981 13.262 39.0642
    endloop
  endfacet
  facet normal 0.792921 0.609325 4.35847e-05
    outer loop
      vertex 16.8981 13.262 39.0642
      vertex 17.6118 12.3319 58
      vertex 16.9064 13.2512 39.0519
    endloop
  endfacet
  facet normal 0.793364 0.608748 -8.80332e-07
    outer loop
      vertex 16.9064 13.2512 39.0519
      vertex 17.6118 12.3319 58
      vertex 17.0561 13.0561 38.8284
    endloop
  endfacet
  facet normal 0.793383 0.608723 -2.37285e-06
    outer loop
      vertex 17.0561 13.0561 38.8284
      vertex 17.6118 12.3319 58
      vertex 17.1929 12.8778 38.5853
    endloop
  endfacet
  facet normal 0.796201 0.605033 -0.000166943
    outer loop
      vertex 17.1929 12.8778 38.5853
      vertex 17.6118 12.3319 58
      vertex 17.2008 12.8674 38.5712
    endloop
  endfacet
  facet normal 0.793233 0.608918 2.93051e-06
    outer loop
      vertex 17.2008 12.8674 38.5712
      vertex 17.6118 12.3319 58
      vertex 17.3313 12.6974 38.2943
    endloop
  endfacet
  facet normal 0.793349 0.608767 -1.5409e-06
    outer loop
      vertex 17.3313 12.6974 38.2943
      vertex 17.6118 12.3319 58
      vertex 17.4464 12.5474 38
    endloop
  endfacet
  facet normal 0.793376 0.608732 -2.13291e-06
    outer loop
      vertex 17.4464 12.5474 38
      vertex 17.6118 12.3319 58
      vertex 17.5453 12.4185 37.6905
    endloop
  endfacet
  facet normal 0.793134 0.609047 0
    outer loop
      vertex 17.5453 12.4185 37.6905
      vertex 17.6118 12.3319 58
      vertex 17.6118 12.3319 37.4292
    endloop
  endfacet
  facet normal 0.793439 0.60865 8.56462e-06
    outer loop
      vertex 17.6118 12.3319 0
      vertex 16.47 13.8199 32.4702
      vertex 16.5474 13.719 32.5359
    endloop
  endfacet
  facet normal 0.793362 0.608751 1.72546e-06
    outer loop
      vertex 17.6118 12.3319 0
      vertex 16.5474 13.719 32.5359
      vertex 16.7281 13.4835 32.7234
    endloop
  endfacet
  facet normal 0.793291 0.608843 -3.43559e-06
    outer loop
      vertex 17.6118 12.3319 0
      vertex 16.7281 13.4835 32.7234
      vertex 16.8981 13.262 32.9358
    endloop
  endfacet
  facet normal 0.792911 0.609338 -2.56351e-05
    outer loop
      vertex 17.6118 12.3319 0
      vertex 16.8981 13.262 32.9358
      vertex 16.9064 13.2512 32.9481
    endloop
  endfacet
  facet normal 0.793364 0.608748 5.17855e-07
    outer loop
      vertex 17.6118 12.3319 0
      vertex 16.9064 13.2512 32.9481
      vertex 17.0561 13.0561 33.1716
    endloop
  endfacet
  facet normal 0.793383 0.608722 1.40035e-06
    outer loop
      vertex 17.6118 12.3319 0
      vertex 17.0561 13.0561 33.1716
      vertex 17.1929 12.8778 33.4147
    endloop
  endfacet
  facet normal 0.796245 0.604974 9.85191e-05
    outer loop
      vertex 17.6118 12.3319 0
      vertex 17.1929 12.8778 33.4147
      vertex 17.2008 12.8674 33.4288
    endloop
  endfacet
  facet normal 0.793232 0.608919 -1.73442e-06
    outer loop
      vertex 17.6118 12.3319 0
      vertex 17.2008 12.8674 33.4288
      vertex 17.3313 12.6974 33.7057
    endloop
  endfacet
  facet normal 0.79335 0.608766 9.14206e-07
    outer loop
      vertex 17.6118 12.3319 0
      vertex 17.3313 12.6974 33.7057
      vertex 17.4464 12.5474 34
    endloop
  endfacet
  facet normal 0.793377 0.608731 1.26782e-06
    outer loop
      vertex 17.6118 12.3319 0
      vertex 17.4464 12.5474 34
      vertex 17.5453 12.4185 34.3095
    endloop
  endfacet
  facet normal 0.793134 0.609047 -0
    outer loop
      vertex 17.6118 12.3319 0
      vertex 17.5453 12.4185 34.3095
      vertex 17.6118 12.3319 34.5708
    endloop
  endfacet
  facet normal 0.793349 0.608767 0
    outer loop
      vertex 16.47 13.8199 32.4702
      vertex 17.6118 12.3319 0
      vertex 16.47 13.8199 0
    endloop
  endfacet
  facet normal -0.843411 -0.537269 0
    outer loop
      vertex -17.6118 -12.3319 0
      vertex -18.6195 -10.75 58
      vertex -18.6195 -10.75 0
    endloop
  endfacet
  facet normal -0.843411 -0.537269 0
    outer loop
      vertex -18.6195 -10.75 58
      vertex -17.6118 -12.3319 0
      vertex -17.6118 -12.3319 58
    endloop
  endfacet
  facet normal 0 0 1
    outer loop
      vertex -17.844 -5.03905 58
      vertex -16.2493 -2.86519 58
      vertex -16.4372 -1.43807 58
    endloop
  endfacet
  facet normal 0 0 1
    outer loop
      vertex -18.3043 -5.22501 58
      vertex -16.4372 -1.43807 58
      vertex -16.5 0 58
    endloop
  endfacet
  facet normal 0 0 1
    outer loop
      vertex -16.2493 -2.86519 58
      vertex -16.6005 -5.89574 58
      vertex -16.378 -6.44653 58
    endloop
  endfacet
  facet normal 0 0 1
    outer loop
      vertex -14.2894 -8.25 58
      vertex -15.7782 -7.93099 58
      vertex -15.5534 -8.48745 58
    endloop
  endfacet
  facet normal 0 0 1
    outer loop
      vertex -16.378 -6.44653 58
      vertex -15.5049 -5.64333 58
      vertex -15.9378 -4.27051 58
    endloop
  endfacet
  facet normal 0 0 1
    outer loop
      vertex -16.378 -6.44653 58
      vertex -15.9378 -4.27051 58
      vertex -16.2493 -2.86519 58
    endloop
  endfacet
  facet normal 0 0 1
    outer loop
      vertex -14.9541 -6.9732 58
      vertex -16.378 -6.44653 58
      vertex -15.7782 -7.93099 58
    endloop
  endfacet
  facet normal 0 0 1
    outer loop
      vertex -16.378 -6.44653 58
      vertex -16.5525 -7.96956 58
      vertex -15.7782 -7.93099 58
    endloop
  endfacet
  facet normal 0 -0 1
    outer loop
      vertex -16.5525 -7.96956 58
      vertex -16.378 -6.44653 58
      vertex -16.9618 -6.95665 58
    endloop
  endfacet
  facet normal 0 0 1
    outer loop
      vertex -5.54042 17.0973 58
      vertex -6.69174 16.9254 58
      vertex -6.68613 16.8568 58
    endloop
  endfacet
  facet normal 0 0 1
    outer loop
      vertex -5.54042 17.0973 58
      vertex -6.7041 16.9951 58
      vertex -6.69174 16.9254 58
    endloop
  endfacet
  facet normal 0 0 1
    outer loop
      vertex -6.60395 17.5629 58
      vertex -6.72323 17.0659 58
      vertex -6.7041 16.9951 58
    endloop
  endfacet
  facet normal 0 0 1
    outer loop
      vertex -6.60395 17.5629 58
      vertex -6.74911 17.1378 58
      vertex -6.72323 17.0659 58
    endloop
  endfacet
  facet normal 0 0 1
    outer loop
      vertex -6.60395 17.5629 58
      vertex -6.77231 17.1904 58
      vertex -6.74911 17.1378 58
    endloop
  endfacet
  facet normal 0 0 1
    outer loop
      vertex -7.00518 17.4605 58
      vertex -6.60395 17.5629 58
      vertex -6.77465 17.9854 58
    endloop
  endfacet
  facet normal 0 0 1
    outer loop
      vertex -6.60395 17.5629 58
      vertex -6.79804 17.2395 58
      vertex -6.77231 17.1904 58
    endloop
  endfacet
  facet normal 0 0 1
    outer loop
      vertex -4.66679 18.3455 58
      vertex -5.42505 18.0392 58
      vertex -5.11412 17.2696 58
    endloop
  endfacet
  facet normal 0 0 1
    outer loop
      vertex -2.86519 16.2493 58
      vertex -5.11412 17.2696 58
      vertex -4.27051 15.9378 58
    endloop
  endfacet
  facet normal -0 0 1
    outer loop
      vertex -5.54042 17.0973 58
      vertex -4.27051 15.9378 58
      vertex -5.11412 17.2696 58
    endloop
  endfacet
  facet normal 0 0 1
    outer loop
      vertex -5.54042 17.0973 58
      vertex -5.64333 15.5049 58
      vertex -4.27051 15.9378 58
    endloop
  endfacet
  facet normal -0 0 1
    outer loop
      vertex -6.60395 17.5629 58
      vertex -5.54042 17.0973 58
      vertex -5.85135 17.8669 58
    endloop
  endfacet
  facet normal 0 0 1
    outer loop
      vertex -6.7041 16.9951 58
      vertex -5.54042 17.0973 58
      vertex -6.60395 17.5629 58
    endloop
  endfacet
  facet normal 0 0 1
    outer loop
      vertex -5.54042 17.0973 58
      vertex -6.68613 16.8568 58
      vertex -6.68727 16.7892 58
    endloop
  endfacet
  facet normal 0 0 1
    outer loop
      vertex -6.69518 16.7228 58
      vertex -5.54042 17.0973 58
      vertex -6.68727 16.7892 58
    endloop
  endfacet
  facet normal 0 0 1
    outer loop
      vertex -6.70985 16.6574 58
      vertex -5.54042 17.0973 58
      vertex -6.69518 16.7228 58
    endloop
  endfacet
  facet normal 0 0 1
    outer loop
      vertex -6.73125 16.5931 58
      vertex -5.54042 17.0973 58
      vertex -6.70985 16.6574 58
    endloop
  endfacet
  facet normal 0 0 1
    outer loop
      vertex -5.54042 17.0973 58
      vertex -6.73125 16.5931 58
      vertex -5.64333 15.5049 58
    endloop
  endfacet
  facet normal -0 0 1
    outer loop
      vertex -6.75943 16.5299 58
      vertex -5.64333 15.5049 58
      vertex -6.73125 16.5931 58
    endloop
  endfacet
  facet normal -0 0 1
    outer loop
      vertex -6.79437 16.4678 58
      vertex -5.64333 15.5049 58
      vertex -6.75943 16.5299 58
    endloop
  endfacet
  facet normal -0 0 1
    outer loop
      vertex -6.8356 16.4074 58
      vertex -5.64333 15.5049 58
      vertex -6.79437 16.4678 58
    endloop
  endfacet
  facet normal -0 0 1
    outer loop
      vertex -6.88267 16.3492 58
      vertex -5.64333 15.5049 58
      vertex -6.8356 16.4074 58
    endloop
  endfacet
  facet normal -0 0 1
    outer loop
      vertex -6.93555 16.2933 58
      vertex -5.64333 15.5049 58
      vertex -6.88267 16.3492 58
    endloop
  endfacet
  facet normal -0 0 1
    outer loop
      vertex -6.99426 16.2396 58
      vertex -5.64333 15.5049 58
      vertex -6.93555 16.2933 58
    endloop
  endfacet
  facet normal 0 0 1
    outer loop
      vertex -5.64333 15.5049 58
      vertex -6.99426 16.2396 58
      vertex -6.9732 14.9541 58
    endloop
  endfacet
  facet normal -0 0 1
    outer loop
      vertex -7.05879 16.1882 58
      vertex -6.9732 14.9541 58
      vertex -6.99426 16.2396 58
    endloop
  endfacet
  facet normal -0 0 1
    outer loop
      vertex -7.12915 16.139 58
      vertex -6.9732 14.9541 58
      vertex -7.05879 16.1882 58
    endloop
  endfacet
  facet normal -0 0 1
    outer loop
      vertex -7.20534 16.0921 58
      vertex -6.9732 14.9541 58
      vertex -7.12915 16.139 58
    endloop
  endfacet
  facet normal -0 0 1
    outer loop
      vertex -7.28736 16.0475 58
      vertex -6.9732 14.9541 58
      vertex -7.20534 16.0921 58
    endloop
  endfacet
  facet normal -0 0 1
    outer loop
      vertex -7.37519 16.0051 58
      vertex -6.9732 14.9541 58
      vertex -7.28736 16.0475 58
    endloop
  endfacet
  facet normal -0 0 1
    outer loop
      vertex -7.46886 15.9649 58
      vertex -6.9732 14.9541 58
      vertex -7.37519 16.0051 58
    endloop
  endfacet
  facet normal 0 0 1
    outer loop
      vertex -7.46886 15.9649 58
      vertex -8.25 14.2894 58
      vertex -6.9732 14.9541 58
    endloop
  endfacet
  facet normal -0 0 1
    outer loop
      vertex -8.79865 15.4277 58
      vertex -8.25 14.2894 58
      vertex -7.46886 15.9649 58
    endloop
  endfacet
  facet normal 0 0 1
    outer loop
      vertex -8.79865 15.4277 58
      vertex -9.46401 13.516 58
      vertex -8.25 14.2894 58
    endloop
  endfacet
  facet normal -0 0 1
    outer loop
      vertex -12.3319 17.6118 58
      vertex -8.79865 15.4277 58
      vertex -9.87244 18.0854 58
    endloop
  endfacet
  facet normal 0 0 1
    outer loop
      vertex -8.79865 15.4277 58
      vertex -12.3319 17.6118 58
      vertex -9.46401 13.516 58
    endloop
  endfacet
  facet normal 0 0 1
    outer loop
      vertex -6.02205 18.2894 58
      vertex -6.33299 19.059 58
      vertex -6.77465 17.9854 58
    endloop
  endfacet
  facet normal -0 0 1
    outer loop
      vertex -7.37065 17.8751 58
      vertex -7.14245 17.5237 58
      vertex -7.35968 17.9166 58
    endloop
  endfacet
  facet normal 0 0 1
    outer loop
      vertex -7.14245 17.5237 58
      vertex -7.37065 17.8751 58
      vertex -7.19263 17.5374 58
    endloop
  endfacet
  facet normal -0 0 1
    outer loop
      vertex -7.38488 17.8343 58
      vertex -7.19263 17.5374 58
      vertex -7.37065 17.8751 58
    endloop
  endfacet
  facet normal 0 0 1
    outer loop
      vertex -7.19263 17.5374 58
      vertex -7.38488 17.8343 58
      vertex -7.24484 17.5473 58
    endloop
  endfacet
  facet normal -0 0 1
    outer loop
      vertex -7.40255 17.7945 58
      vertex -7.24484 17.5473 58
      vertex -7.38488 17.8343 58
    endloop
  endfacet
  facet normal 0 0 1
    outer loop
      vertex -7.24484 17.5473 58
      vertex -7.40255 17.7945 58
      vertex -7.2991 17.5534 58
    endloop
  endfacet
  facet normal -0 0 1
    outer loop
      vertex -7.42365 17.7557 58
      vertex -7.2991 17.5534 58
      vertex -7.40255 17.7945 58
    endloop
  endfacet
  facet normal 0 0 1
    outer loop
      vertex -7.2991 17.5534 58
      vertex -7.42365 17.7557 58
      vertex -7.3554 17.5557 58
    endloop
  endfacet
  facet normal -0 0 1
    outer loop
      vertex -7.44818 17.7178 58
      vertex -7.3554 17.5557 58
      vertex -7.42365 17.7557 58
    endloop
  endfacet
  facet normal 0 0 1
    outer loop
      vertex -7.3554 17.5557 58
      vertex -7.44818 17.7178 58
      vertex -7.41375 17.5542 58
    endloop
  endfacet
  facet normal -0 0 1
    outer loop
      vertex -7.47616 17.6808 58
      vertex -7.41375 17.5542 58
      vertex -7.44818 17.7178 58
    endloop
  endfacet
  facet normal -0 0 1
    outer loop
      vertex -7.50759 17.6448 58
      vertex -7.41375 17.5542 58
      vertex -7.47616 17.6808 58
    endloop
  endfacet
  facet normal 0 0 1
    outer loop
      vertex -7.41375 17.5542 58
      vertex -7.50759 17.6448 58
      vertex -7.47414 17.549 58
    endloop
  endfacet
  facet normal -0 0 1
    outer loop
      vertex -7.54243 17.6098 58
      vertex -7.47414 17.549 58
      vertex -7.50759 17.6448 58
    endloop
  endfacet
  facet normal 0 0 1
    outer loop
      vertex -7.47414 17.549 58
      vertex -7.54243 17.6098 58
      vertex -7.53659 17.5399 58
    endloop
  endfacet
  facet normal -0 0 1
    outer loop
      vertex -7.58072 17.5757 58
      vertex -7.53659 17.5399 58
      vertex -7.54243 17.6098 58
    endloop
  endfacet
  facet normal 0 0 1
    outer loop
      vertex -7.58072 17.5757 58
      vertex -7.60108 17.5271 58
      vertex -7.53659 17.5399 58
    endloop
  endfacet
  facet normal -0 0 1
    outer loop
      vertex -7.62246 17.5426 58
      vertex -7.60108 17.5271 58
      vertex -7.58072 17.5757 58
    endloop
  endfacet
  facet normal 0 0 1
    outer loop
      vertex -7.60108 17.5271 58
      vertex -7.62246 17.5426 58
      vertex -7.66761 17.5105 58
    endloop
  endfacet
  facet normal 0 0 1
    outer loop
      vertex -18.868 -7.93528 58
      vertex -17.4478 -6.01991 58
      vertex -17.908 -6.20587 58
    endloop
  endfacet
  facet normal -0 0 1
    outer loop
      vertex -17.4478 -6.01991 58
      vertex -18.868 -7.93528 58
      vertex -16.6005 -5.89574 58
    endloop
  endfacet
  facet normal 0 0 1
    outer loop
      vertex -20.2034 -7.35343 58
      vertex -17.908 -6.20587 58
      vertex -18.3043 -5.22501 58
    endloop
  endfacet
  facet normal 0 0 1
    outer loop
      vertex -15.9378 4.27051 58
      vertex -20.7674 5.56461 58
      vertex -16.2493 2.86519 58
    endloop
  endfacet
  facet normal -0 0 1
    outer loop
      vertex -21.1734 3.73344 58
      vertex -16.2493 2.86519 58
      vertex -20.7674 5.56461 58
    endloop
  endfacet
  facet normal -0 0 1
    outer loop
      vertex 7.12765 -17.7184 58
      vertex 7.14903 -17.7339 58
      vertex 7.19417 -17.7018 58
    endloop
  endfacet
  facet normal 0 0 1
    outer loop
      vertex 7.12765 -17.7184 58
      vertex 7.10731 -17.767 58
      vertex 7.14903 -17.7339 58
    endloop
  endfacet
  facet normal -0 0 1
    outer loop
      vertex 7.06318 -17.7312 58
      vertex 7.10731 -17.767 58
      vertex 7.12765 -17.7184 58
    endloop
  endfacet
  facet normal 0 0 1
    outer loop
      vertex 7.10731 -17.767 58
      vertex 7.06318 -17.7312 58
      vertex 7.06902 -17.8011 58
    endloop
  endfacet
  facet normal -0 0 1
    outer loop
      vertex 7.00072 -17.7403 58
      vertex 7.06902 -17.8011 58
      vertex 7.06318 -17.7312 58
    endloop
  endfacet
  facet normal 0 0 1
    outer loop
      vertex 7.06902 -17.8011 58
      vertex 7.00072 -17.7403 58
      vertex 7.03416 -17.8361 58
    endloop
  endfacet
  facet normal -0 0 1
    outer loop
      vertex 6.94033 -17.7455 58
      vertex 7.03416 -17.8361 58
      vertex 7.00072 -17.7403 58
    endloop
  endfacet
  facet normal 0 0 1
    outer loop
      vertex 7.03416 -17.8361 58
      vertex 6.94033 -17.7455 58
      vertex 7.00275 -17.8721 58
    endloop
  endfacet
  facet normal 0 0 1
    outer loop
      vertex 7.00275 -17.8721 58
      vertex 6.94033 -17.7455 58
      vertex 6.97477 -17.909 58
    endloop
  endfacet
  facet normal -0 0 1
    outer loop
      vertex 6.88197 -17.747 58
      vertex 6.97477 -17.909 58
      vertex 6.94033 -17.7455 58
    endloop
  endfacet
  facet normal 0 0 1
    outer loop
      vertex 6.97477 -17.909 58
      vertex 6.88197 -17.747 58
      vertex 6.95023 -17.9469 58
    endloop
  endfacet
  facet normal 0 0 1
    outer loop
      vertex 6.82567 -17.7447 58
      vertex 6.95023 -17.9469 58
      vertex 6.88197 -17.747 58
    endloop
  endfacet
  facet normal 0 0 1
    outer loop
      vertex 6.95023 -17.9469 58
      vertex 6.82567 -17.7447 58
      vertex 6.92913 -17.9858 58
    endloop
  endfacet
  facet normal 0 0 1
    outer loop
      vertex 6.77142 -17.7386 58
      vertex 6.92913 -17.9858 58
      vertex 6.82567 -17.7447 58
    endloop
  endfacet
  facet normal 0 0 1
    outer loop
      vertex 6.92913 -17.9858 58
      vertex 6.77142 -17.7386 58
      vertex 6.91146 -18.0256 58
    endloop
  endfacet
  facet normal 0 0 1
    outer loop
      vertex 6.7192 -17.7287 58
      vertex 6.91146 -18.0256 58
      vertex 6.77142 -17.7386 58
    endloop
  endfacet
  facet normal 0 0 1
    outer loop
      vertex 6.91146 -18.0256 58
      vertex 6.7192 -17.7287 58
      vertex 6.89723 -18.0664 58
    endloop
  endfacet
  facet normal 0 0 1
    outer loop
      vertex 6.66904 -17.715 58
      vertex 6.89723 -18.0664 58
      vertex 6.7192 -17.7287 58
    endloop
  endfacet
  facet normal 0 0 1
    outer loop
      vertex 6.89723 -18.0664 58
      vertex 6.66904 -17.715 58
      vertex 6.88625 -18.1078 58
    endloop
  endfacet
  facet normal 0 0 1
    outer loop
      vertex 12.3319 -17.6118 58
      vertex 8.32523 -15.619 58
      vertex 9.39901 -18.2767 58
    endloop
  endfacet
  facet normal -0 0 1
    outer loop
      vertex 8.25 -14.2894 58
      vertex 8.32523 -15.619 58
      vertex 9.46401 -13.516 58
    endloop
  endfacet
  facet normal -0 0 1
    outer loop
      vertex 6.9732 -14.9541 58
      vertex 8.32523 -15.619 58
      vertex 8.25 -14.2894 58
    endloop
  endfacet
  facet normal 0 0 1
    outer loop
      vertex 8.32523 -15.619 58
      vertex 6.9732 -14.9541 58
      vertex 6.99542 -16.1562 58
    endloop
  endfacet
  facet normal 0 0 1
    outer loop
      vertex 6.9732 -14.9541 58
      vertex 6.90175 -16.1964 58
      vertex 6.99542 -16.1562 58
    endloop
  endfacet
  facet normal 0 0 1
    outer loop
      vertex 6.9732 -14.9541 58
      vertex 6.81392 -16.2388 58
      vertex 6.90175 -16.1964 58
    endloop
  endfacet
  facet normal -0 0 1
    outer loop
      vertex 5.64333 -15.5049 58
      vertex 6.81392 -16.2388 58
      vertex 6.9732 -14.9541 58
    endloop
  endfacet
  facet normal 0 0 1
    outer loop
      vertex 6.81392 -16.2388 58
      vertex 5.64333 -15.5049 58
      vertex 6.7319 -16.2834 58
    endloop
  endfacet
  facet normal 0 0 1
    outer loop
      vertex 6.7319 -16.2834 58
      vertex 5.64333 -15.5049 58
      vertex 6.65571 -16.3303 58
    endloop
  endfacet
  facet normal 0 0 1
    outer loop
      vertex 6.65571 -16.3303 58
      vertex 5.64333 -15.5049 58
      vertex 6.58537 -16.3795 58
    endloop
  endfacet
  facet normal 0 0 1
    outer loop
      vertex 6.58537 -16.3795 58
      vertex 5.64333 -15.5049 58
      vertex 6.52083 -16.4309 58
    endloop
  endfacet
  facet normal 0 0 1
    outer loop
      vertex 6.52083 -16.4309 58
      vertex 5.64333 -15.5049 58
      vertex 6.46212 -16.4846 58
    endloop
  endfacet
  facet normal 0 0 1
    outer loop
      vertex 6.46212 -16.4846 58
      vertex 5.64333 -15.5049 58
      vertex 6.40924 -16.5405 58
    endloop
  endfacet
  facet normal 0 0 1
    outer loop
      vertex 6.40924 -16.5405 58
      vertex 5.64333 -15.5049 58
      vertex 6.36218 -16.5987 58
    endloop
  endfacet
  facet normal 0 0 1
    outer loop
      vertex 6.36218 -16.5987 58
      vertex 5.64333 -15.5049 58
      vertex 6.32095 -16.6591 58
    endloop
  endfacet
  facet normal 0 0 1
    outer loop
      vertex 6.32095 -16.6591 58
      vertex 5.64333 -15.5049 58
      vertex 6.28601 -16.7212 58
    endloop
  endfacet
  facet normal 0 0 1
    outer loop
      vertex 6.3836 -17.5184 58
      vertex 6.01991 -17.4478 58
      vertex 6.20587 -17.908 58
    endloop
  endfacet
  facet normal 0 0 1
    outer loop
      vertex 6.21384 -16.9805 58
      vertex 6.01991 -17.4478 58
      vertex 6.21269 -17.048 58
    endloop
  endfacet
  facet normal 0 0 1
    outer loop
      vertex 6.22174 -16.914 58
      vertex 6.01991 -17.4478 58
      vertex 6.21384 -16.9805 58
    endloop
  endfacet
  facet normal 0 0 1
    outer loop
      vertex 4.27051 -15.9378 58
      vertex 6.22174 -16.914 58
      vertex 6.23641 -16.8487 58
    endloop
  endfacet
  facet normal 0 0 1
    outer loop
      vertex 5.64333 -15.5049 58
      vertex 6.23641 -16.8487 58
      vertex 6.25783 -16.7844 58
    endloop
  endfacet
  facet normal 0 0 1
    outer loop
      vertex 6.28601 -16.7212 58
      vertex 5.64333 -15.5049 58
      vertex 6.25783 -16.7844 58
    endloop
  endfacet
  facet normal 0 0 1
    outer loop
      vertex 6.23641 -16.8487 58
      vertex 5.64333 -15.5049 58
      vertex 4.27051 -15.9378 58
    endloop
  endfacet
  facet normal 0 0 1
    outer loop
      vertex 6.22174 -16.914 58
      vertex 4.27051 -15.9378 58
      vertex 5.03905 -17.844 58
    endloop
  endfacet
  facet normal 0 0 1
    outer loop
      vertex 6.22174 -16.914 58
      vertex 5.03905 -17.844 58
      vertex 6.01991 -17.4478 58
    endloop
  endfacet
  facet normal 0 0 1
    outer loop
      vertex 16.3613 8.443 58
      vertex 16.1867 6.91994 58
      vertex 16.7705 7.43009 58
    endloop
  endfacet
  facet normal -0 0 1
    outer loop
      vertex 15.587 8.40443 58
      vertex 16.1867 6.91994 58
      vertex 16.3613 8.443 58
    endloop
  endfacet
  facet normal -0 0 1
    outer loop
      vertex 14.9541 6.9732 58
      vertex 16.1867 6.91994 58
      vertex 15.587 8.40443 58
    endloop
  endfacet
  facet normal 0 0 1
    outer loop
      vertex 16.1867 6.91994 58
      vertex 15.5049 5.64333 58
      vertex 15.9378 4.27051 58
    endloop
  endfacet
  facet normal 0 0 1
    outer loop
      vertex 14.2894 8.25 58
      vertex 15.587 8.40443 58
      vertex 15.3621 8.96087 58
    endloop
  endfacet
  facet normal 0 0 1
    outer loop
      vertex 16.1867 6.91994 58
      vertex 14.9541 6.9732 58
      vertex 15.5049 5.64333 58
    endloop
  endfacet
  facet normal 0 0 1
    outer loop
      vertex 16.47 13.8199 58
      vertex 12.6397 10.606 58
      vertex 15.3621 8.96087 58
    endloop
  endfacet
  facet normal 0 0 1
    outer loop
      vertex 15.587 8.40443 58
      vertex 14.2894 8.25 58
      vertex 14.9541 6.9732 58
    endloop
  endfacet
  facet normal 0 0 1
    outer loop
      vertex 11.6673 11.6673 58
      vertex 15.2028 15.2028 58
      vertex 13.8199 16.47 58
    endloop
  endfacet
  facet normal 0 0 1
    outer loop
      vertex 15.3621 8.96087 58
      vertex 13.516 9.46401 58
      vertex 14.2894 8.25 58
    endloop
  endfacet
  facet normal 0 0 1
    outer loop
      vertex 15.3621 8.96087 58
      vertex 12.6397 10.606 58
      vertex 13.516 9.46401 58
    endloop
  endfacet
  facet normal 0 0 1
    outer loop
      vertex 10.606 12.6397 58
      vertex 13.8199 16.47 58
      vertex 12.3319 17.6118 58
    endloop
  endfacet
  facet normal 0 0 1
    outer loop
      vertex 15.2028 15.2028 58
      vertex 11.6673 11.6673 58
      vertex 12.6397 10.606 58
    endloop
  endfacet
  facet normal 0 0 1
    outer loop
      vertex 9.46401 13.516 58
      vertex 12.3319 17.6118 58
      vertex 10.75 18.6195 58
    endloop
  endfacet
  facet normal 0 0 1
    outer loop
      vertex 13.8199 16.47 58
      vertex 10.606 12.6397 58
      vertex 11.6673 11.6673 58
    endloop
  endfacet
  facet normal 0 0 1
    outer loop
      vertex 12.3319 17.6118 58
      vertex 9.46401 13.516 58
      vertex 10.606 12.6397 58
    endloop
  endfacet
  facet normal 0 0 1
    outer loop
      vertex 8.25 14.2894 58
      vertex 10.75 18.6195 58
      vertex 9.08629 19.4856 58
    endloop
  endfacet
  facet normal 0 0 1
    outer loop
      vertex 10.75 18.6195 58
      vertex 8.25 14.2894 58
      vertex 9.46401 13.516 58
    endloop
  endfacet
  facet normal 0 0 1
    outer loop
      vertex 6.9732 14.9541 58
      vertex 9.08629 19.4856 58
      vertex 7.35343 20.2034 58
    endloop
  endfacet
  facet normal 0 0 1
    outer loop
      vertex 9.08629 19.4856 58
      vertex 6.9732 14.9541 58
      vertex 8.25 14.2894 58
    endloop
  endfacet
  facet normal 0 0 1
    outer loop
      vertex 7.35343 20.2034 58
      vertex 5.64333 15.5049 58
      vertex 6.9732 14.9541 58
    endloop
  endfacet
  facet normal 0 0 1
    outer loop
      vertex 5.56461 20.7674 58
      vertex 5.64333 15.5049 58
      vertex 7.35343 20.2034 58
    endloop
  endfacet
  facet normal 0 0 1
    outer loop
      vertex 5.56461 20.7674 58
      vertex 4.27051 15.9378 58
      vertex 5.64333 15.5049 58
    endloop
  endfacet
  facet normal 0 0 1
    outer loop
      vertex 3.73344 21.1734 58
      vertex 4.27051 15.9378 58
      vertex 5.56461 20.7674 58
    endloop
  endfacet
  facet normal 0 0 1
    outer loop
      vertex 3.73344 21.1734 58
      vertex 2.86519 16.2493 58
      vertex 4.27051 15.9378 58
    endloop
  endfacet
  facet normal 0 0 1
    outer loop
      vertex 1.87385 21.4182 58
      vertex 2.86519 16.2493 58
      vertex 3.73344 21.1734 58
    endloop
  endfacet
  facet normal 0 0 1
    outer loop
      vertex 1.87385 21.4182 58
      vertex 1.43807 16.4372 58
      vertex 2.86519 16.2493 58
    endloop
  endfacet
  facet normal 0 0 1
    outer loop
      vertex 0 21.5 58
      vertex 1.43807 16.4372 58
      vertex 1.87385 21.4182 58
    endloop
  endfacet
  facet normal 0 0 1
    outer loop
      vertex 0 21.5 58
      vertex 0 16.5 58
      vertex 1.43807 16.4372 58
    endloop
  endfacet
  facet normal 0 0 1
    outer loop
      vertex 0 21.5 58
      vertex -1.43807 16.4372 58
      vertex 0 16.5 58
    endloop
  endfacet
  facet normal -0 0 1
    outer loop
      vertex -1.87385 21.4182 58
      vertex -1.43807 16.4372 58
      vertex 0 21.5 58
    endloop
  endfacet
  facet normal -0 0 1
    outer loop
      vertex -4.66679 18.3455 58
      vertex -1.43807 16.4372 58
      vertex -1.87385 21.4182 58
    endloop
  endfacet
  facet normal 0 0 1
    outer loop
      vertex -4.66679 18.3455 58
      vertex -1.87385 21.4182 58
      vertex -3.73344 21.1734 58
    endloop
  endfacet
  facet normal 0 0 1
    outer loop
      vertex -1.43807 16.4372 58
      vertex -4.66679 18.3455 58
      vertex -2.86519 16.2493 58
    endloop
  endfacet
  facet normal -0 0 1
    outer loop
      vertex -5.11412 17.2696 58
      vertex -2.86519 16.2493 58
      vertex -4.66679 18.3455 58
    endloop
  endfacet
  facet normal 0 0 1
    outer loop
      vertex -3.73344 21.1734 58
      vertex -4.83749 18.768 58
      vertex -4.66679 18.3455 58
    endloop
  endfacet
  facet normal -0 0 1
    outer loop
      vertex -5.56461 20.7674 58
      vertex -4.83749 18.768 58
      vertex -3.73344 21.1734 58
    endloop
  endfacet
  facet normal -0 0 1
    outer loop
      vertex -5.90669 19.2313 58
      vertex -4.83749 18.768 58
      vertex -5.56461 20.7674 58
    endloop
  endfacet
  facet normal 0 0 1
    outer loop
      vertex -4.83749 18.768 58
      vertex -5.90669 19.2313 58
      vertex -5.59575 18.4617 58
    endloop
  endfacet
  facet normal -0 0 1
    outer loop
      vertex -7.35343 20.2034 58
      vertex -5.90669 19.2313 58
      vertex -5.56461 20.7674 58
    endloop
  endfacet
  facet normal 0 0 1
    outer loop
      vertex -6.60395 17.5629 58
      vertex -6.82628 17.285 58
      vertex -6.79804 17.2395 58
    endloop
  endfacet
  facet normal 0 0 1
    outer loop
      vertex -6.60395 17.5629 58
      vertex -6.85702 17.3271 58
      vertex -6.82628 17.285 58
    endloop
  endfacet
  facet normal 0 0 1
    outer loop
      vertex -6.60395 17.5629 58
      vertex -6.89029 17.3657 58
      vertex -6.85702 17.3271 58
    endloop
  endfacet
  facet normal 0 0 1
    outer loop
      vertex -6.60395 17.5629 58
      vertex -6.92608 17.4008 58
      vertex -6.89029 17.3657 58
    endloop
  endfacet
  facet normal 0 0 1
    outer loop
      vertex -6.60395 17.5629 58
      vertex -6.96437 17.4324 58
      vertex -6.92608 17.4008 58
    endloop
  endfacet
  facet normal 0 0 1
    outer loop
      vertex -6.60395 17.5629 58
      vertex -7.00518 17.4605 58
      vertex -6.96437 17.4324 58
    endloop
  endfacet
  facet normal -0 0 1
    outer loop
      vertex -7.42805 18.3711 58
      vertex -6.77465 17.9854 58
      vertex -6.33299 19.059 58
    endloop
  endfacet
  facet normal -0 -0 1
    outer loop
      vertex -7.34523 18.0434 58
      vertex -6.77465 17.9854 58
      vertex -7.34659 18.0864 58
    endloop
  endfacet
  facet normal 0 0 1
    outer loop
      vertex -5.90669 19.2313 58
      vertex -7.35343 20.2034 58
      vertex -6.33299 19.059 58
    endloop
  endfacet
  facet normal 0 0 1
    outer loop
      vertex -6.77465 17.9854 58
      vertex -7.35852 18.1738 58
      vertex -7.35102 18.1299 58
    endloop
  endfacet
  facet normal 0 0 1
    outer loop
      vertex -6.77465 17.9854 58
      vertex -7.35102 18.1299 58
      vertex -7.34659 18.0864 58
    endloop
  endfacet
  facet normal 0 0 1
    outer loop
      vertex -6.77465 17.9854 58
      vertex -7.0485 17.4851 58
      vertex -7.00518 17.4605 58
    endloop
  endfacet
  facet normal 0 0 1
    outer loop
      vertex -6.77465 17.9854 58
      vertex -7.09432 17.5062 58
      vertex -7.0485 17.4851 58
    endloop
  endfacet
  facet normal 0 0 1
    outer loop
      vertex -7.35179 17.9584 58
      vertex -6.77465 17.9854 58
      vertex -7.34698 18.0007 58
    endloop
  endfacet
  facet normal 0 0 1
    outer loop
      vertex -6.77465 17.9854 58
      vertex -7.35968 17.9166 58
      vertex -7.14245 17.5237 58
    endloop
  endfacet
  facet normal 0 0 1
    outer loop
      vertex -7.35968 17.9166 58
      vertex -6.77465 17.9854 58
      vertex -7.35179 17.9584 58
    endloop
  endfacet
  facet normal 0 0 1
    outer loop
      vertex -6.77465 17.9854 58
      vertex -7.14245 17.5237 58
      vertex -7.09432 17.5062 58
    endloop
  endfacet
  facet normal 0 0 1
    outer loop
      vertex -7.62607 18.6095 58
      vertex -6.33299 19.059 58
      vertex -7.35343 20.2034 58
    endloop
  endfacet
  facet normal -0 0 1
    outer loop
      vertex -7.34698 18.0007 58
      vertex -6.77465 17.9854 58
      vertex -7.34523 18.0434 58
    endloop
  endfacet
  facet normal 0 0 1
    outer loop
      vertex -6.77465 17.9854 58
      vertex -7.36912 18.218 58
      vertex -7.35852 18.1738 58
    endloop
  endfacet
  facet normal 0 0 1
    outer loop
      vertex -6.77465 17.9854 58
      vertex -7.38278 18.2627 58
      vertex -7.36912 18.218 58
    endloop
  endfacet
  facet normal 0 0 1
    outer loop
      vertex -6.77465 17.9854 58
      vertex -7.39953 18.3078 58
      vertex -7.38278 18.2627 58
    endloop
  endfacet
  facet normal 0 0 1
    outer loop
      vertex -6.77465 17.9854 58
      vertex -7.42805 18.3711 58
      vertex -7.39953 18.3078 58
    endloop
  endfacet
  facet normal 0 0 1
    outer loop
      vertex -6.33299 19.059 58
      vertex -7.46025 18.4293 58
      vertex -7.42805 18.3711 58
    endloop
  endfacet
  facet normal 0 0 1
    outer loop
      vertex -6.33299 19.059 58
      vertex -7.49618 18.4822 58
      vertex -7.46025 18.4293 58
    endloop
  endfacet
  facet normal 0 0 1
    outer loop
      vertex -6.33299 19.059 58
      vertex -7.53577 18.5299 58
      vertex -7.49618 18.4822 58
    endloop
  endfacet
  facet normal 0 0 1
    outer loop
      vertex -6.33299 19.059 58
      vertex -7.57908 18.5723 58
      vertex -7.53577 18.5299 58
    endloop
  endfacet
  facet normal 0 0 1
    outer loop
      vertex -6.33299 19.059 58
      vertex -7.62607 18.6095 58
      vertex -7.57908 18.5723 58
    endloop
  endfacet
  facet normal 0 0 1
    outer loop
      vertex -7.35343 20.2034 58
      vertex -7.67677 18.6414 58
      vertex -7.62607 18.6095 58
    endloop
  endfacet
  facet normal 0 0 1
    outer loop
      vertex -7.35343 20.2034 58
      vertex -7.73116 18.6681 58
      vertex -7.67677 18.6414 58
    endloop
  endfacet
  facet normal 0 0 1
    outer loop
      vertex -7.35343 20.2034 58
      vertex -7.78924 18.6895 58
      vertex -7.73116 18.6681 58
    endloop
  endfacet
  facet normal 0 0 1
    outer loop
      vertex -7.35343 20.2034 58
      vertex -7.85101 18.7057 58
      vertex -7.78924 18.6895 58
    endloop
  endfacet
  facet normal 0 0 1
    outer loop
      vertex -7.35343 20.2034 58
      vertex -7.91632 18.7166 58
      vertex -7.85101 18.7057 58
    endloop
  endfacet
  facet normal 0 0 1
    outer loop
      vertex -7.35343 20.2034 58
      vertex -7.98502 18.7222 58
      vertex -7.91632 18.7166 58
    endloop
  endfacet
  facet normal 0 0 1
    outer loop
      vertex -7.35343 20.2034 58
      vertex -8.05706 18.7226 58
      vertex -7.98502 18.7222 58
    endloop
  endfacet
  facet normal 0 0 1
    outer loop
      vertex -7.35343 20.2034 58
      vertex -8.13249 18.7176 58
      vertex -8.05706 18.7226 58
    endloop
  endfacet
  facet normal -0 0 1
    outer loop
      vertex -9.08629 19.4856 58
      vertex -8.13249 18.7176 58
      vertex -7.35343 20.2034 58
    endloop
  endfacet
  facet normal 0 0 1
    outer loop
      vertex -8.13249 18.7176 58
      vertex -9.08629 19.4856 58
      vertex -8.21129 18.7074 58
    endloop
  endfacet
  facet normal 0 0 1
    outer loop
      vertex -8.21129 18.7074 58
      vertex -9.08629 19.4856 58
      vertex -8.29344 18.6919 58
    endloop
  endfacet
  facet normal 0 0 1
    outer loop
      vertex -8.29344 18.6919 58
      vertex -9.08629 19.4856 58
      vertex -8.37899 18.6711 58
    endloop
  endfacet
  facet normal 0 0 1
    outer loop
      vertex -8.37899 18.6711 58
      vertex -9.08629 19.4856 58
      vertex -8.46789 18.645 58
    endloop
  endfacet
  facet normal 0 0 1
    outer loop
      vertex -8.46789 18.645 58
      vertex -9.08629 19.4856 58
      vertex -8.56016 18.6136 58
    endloop
  endfacet
  facet normal 0 0 1
    outer loop
      vertex -8.56016 18.6136 58
      vertex -9.08629 19.4856 58
      vertex -8.65582 18.5769 58
    endloop
  endfacet
  facet normal 0 0 1
    outer loop
      vertex -9.08629 19.4856 58
      vertex -9.87244 18.0854 58
      vertex -8.65582 18.5769 58
    endloop
  endfacet
  facet normal -0 0 1
    outer loop
      vertex -10.75 18.6195 58
      vertex -9.87244 18.0854 58
      vertex -9.08629 19.4856 58
    endloop
  endfacet
  facet normal 0 0 1
    outer loop
      vertex -12.3319 17.6118 58
      vertex -9.87244 18.0854 58
      vertex -10.75 18.6195 58
    endloop
  endfacet
  facet normal 0 0 1
    outer loop
      vertex -9.46401 13.516 58
      vertex -12.3319 17.6118 58
      vertex -10.606 12.6397 58
    endloop
  endfacet
  facet normal -0 0 1
    outer loop
      vertex -13.8199 16.47 58
      vertex -10.606 12.6397 58
      vertex -12.3319 17.6118 58
    endloop
  endfacet
  facet normal 0 0 1
    outer loop
      vertex -10.606 12.6397 58
      vertex -13.8199 16.47 58
      vertex -11.6673 11.6673 58
    endloop
  endfacet
  facet normal -0 0 1
    outer loop
      vertex -15.2028 15.2028 58
      vertex -11.6673 11.6673 58
      vertex -13.8199 16.47 58
    endloop
  endfacet
  facet normal 0 0 1
    outer loop
      vertex -11.6673 11.6673 58
      vertex -15.2028 15.2028 58
      vertex -12.6397 10.606 58
    endloop
  endfacet
  facet normal -0 0 1
    outer loop
      vertex -16.47 13.8199 58
      vertex -12.6397 10.606 58
      vertex -15.2028 15.2028 58
    endloop
  endfacet
  facet normal 0 0 1
    outer loop
      vertex -12.6397 10.606 58
      vertex -16.47 13.8199 58
      vertex -13.516 9.46401 58
    endloop
  endfacet
  facet normal -0 0 1
    outer loop
      vertex -17.6118 12.3319 58
      vertex -13.516 9.46401 58
      vertex -16.47 13.8199 58
    endloop
  endfacet
  facet normal 0 0 1
    outer loop
      vertex -13.516 9.46401 58
      vertex -17.6118 12.3319 58
      vertex -14.2894 8.25 58
    endloop
  endfacet
  facet normal -0 0 1
    outer loop
      vertex -18.6195 10.75 58
      vertex -14.2894 8.25 58
      vertex -17.6118 12.3319 58
    endloop
  endfacet
  facet normal 0 0 1
    outer loop
      vertex -14.2894 8.25 58
      vertex -18.6195 10.75 58
      vertex -14.9541 6.9732 58
    endloop
  endfacet
  facet normal -0 0 1
    outer loop
      vertex -19.4856 9.08629 58
      vertex -14.9541 6.9732 58
      vertex -18.6195 10.75 58
    endloop
  endfacet
  facet normal 0 0 1
    outer loop
      vertex -14.9541 6.9732 58
      vertex -19.4856 9.08629 58
      vertex -15.5049 5.64333 58
    endloop
  endfacet
  facet normal -0 0 1
    outer loop
      vertex -20.2034 7.35343 58
      vertex -15.5049 5.64333 58
      vertex -19.4856 9.08629 58
    endloop
  endfacet
  facet normal 0 0 1
    outer loop
      vertex -15.5049 5.64333 58
      vertex -20.2034 7.35343 58
      vertex -15.9378 4.27051 58
    endloop
  endfacet
  facet normal -0 0 1
    outer loop
      vertex -20.7674 5.56461 58
      vertex -15.9378 4.27051 58
      vertex -20.2034 7.35343 58
    endloop
  endfacet
  facet normal 0 0 1
    outer loop
      vertex -16.4372 1.43807 58
      vertex -18.3043 -5.22501 58
      vertex -16.5 0 58
    endloop
  endfacet
  facet normal 0 0 1
    outer loop
      vertex -16.6005 -5.89574 58
      vertex -17.844 -5.03905 58
      vertex -17.4478 -6.01991 58
    endloop
  endfacet
  facet normal 0 0 1
    outer loop
      vertex -16.2493 -2.86519 58
      vertex -17.844 -5.03905 58
      vertex -16.6005 -5.89574 58
    endloop
  endfacet
  facet normal 0 0 1
    outer loop
      vertex -16.4372 -1.43807 58
      vertex -18.3043 -5.22501 58
      vertex -17.844 -5.03905 58
    endloop
  endfacet
  facet normal 0 0 1
    outer loop
      vertex 19.2313 5.90669 58
      vertex 18.4617 5.59575 58
      vertex 18.768 4.83749 58
    endloop
  endfacet
  facet normal 0 0 1
    outer loop
      vertex 16.5 0 58
      vertex 21.5 0 58
      vertex 21.4182 1.87385 58
    endloop
  endfacet
  facet normal 0 0 1
    outer loop
      vertex 18.3455 4.66679 58
      vertex 21.4182 1.87385 58
      vertex 21.1734 3.73344 58
    endloop
  endfacet
  facet normal 0 0 1
    outer loop
      vertex 21.5 0 58
      vertex 16.5 0 58
      vertex 21.4182 -1.87385 58
    endloop
  endfacet
  facet normal -0 0 1
    outer loop
      vertex 18.768 4.83749 58
      vertex 21.1734 3.73344 58
      vertex 20.7674 5.56461 58
    endloop
  endfacet
  facet normal -0 0 1
    outer loop
      vertex 18.3455 4.66679 58
      vertex 21.1734 3.73344 58
      vertex 18.768 4.83749 58
    endloop
  endfacet
  facet normal -0 0 1
    outer loop
      vertex 19.2313 5.90669 58
      vertex 20.7674 5.56461 58
      vertex 20.2034 7.35343 58
    endloop
  endfacet
  facet normal -0 0 1
    outer loop
      vertex 16.4372 -1.43807 58
      vertex 21.4182 -1.87385 58
      vertex 16.5 0 58
    endloop
  endfacet
  facet normal -0 0 1
    outer loop
      vertex 18.6768 8.4087 58
      vertex 20.2034 7.35343 58
      vertex 19.4856 9.08629 58
    endloop
  endfacet
  facet normal 0 0 1
    outer loop
      vertex 20.7674 5.56461 58
      vertex 19.2313 5.90669 58
      vertex 18.768 4.83749 58
    endloop
  endfacet
  facet normal 0 0 1
    outer loop
      vertex 21.4182 -1.87385 58
      vertex 16.4372 -1.43807 58
      vertex 21.1734 -3.73344 58
    endloop
  endfacet
  facet normal 0 0 1
    outer loop
      vertex 20.2034 7.35343 58
      vertex 19.059 6.33299 58
      vertex 19.2313 5.90669 58
    endloop
  endfacet
  facet normal 0 0 1
    outer loop
      vertex 20.2034 7.35343 58
      vertex 18.6768 8.4087 58
      vertex 19.059 6.33299 58
    endloop
  endfacet
  facet normal 0 0 1
    outer loop
      vertex 18.4116 9.06513 58
      vertex 19.4856 9.08629 58
      vertex 18.6195 10.75 58
    endloop
  endfacet
  facet normal 0 0 1
    outer loop
      vertex 19.4856 9.08629 58
      vertex 18.4116 9.06513 58
      vertex 18.6768 8.4087 58
    endloop
  endfacet
  facet normal 0 0 1
    outer loop
      vertex 15.3621 8.96087 58
      vertex 18.6195 10.75 58
      vertex 17.6118 12.3319 58
    endloop
  endfacet
  facet normal 0 0 1
    outer loop
      vertex 15.3621 8.96087 58
      vertex 17.6118 12.3319 58
      vertex 16.47 13.8199 58
    endloop
  endfacet
  facet normal 0 0 1
    outer loop
      vertex 18.6195 10.75 58
      vertex 15.3621 8.96087 58
      vertex 18.4116 9.06513 58
    endloop
  endfacet
  facet normal 0 0 1
    outer loop
      vertex 12.6397 10.606 58
      vertex 16.47 13.8199 58
      vertex 15.2028 15.2028 58
    endloop
  endfacet
  facet normal -0 0 1
    outer loop
      vertex 16.2493 -2.86519 58
      vertex 21.1734 -3.73344 58
      vertex 16.4372 -1.43807 58
    endloop
  endfacet
  facet normal -0 0 1
    outer loop
      vertex 15.9378 -4.27051 58
      vertex 20.7674 -5.56461 58
      vertex 16.2493 -2.86519 58
    endloop
  endfacet
  facet normal 0 0 1
    outer loop
      vertex 21.4182 1.87385 58
      vertex 18.3455 4.66679 58
      vertex 16.4372 1.43807 58
    endloop
  endfacet
  facet normal -0 0 1
    outer loop
      vertex 17.2696 5.11412 58
      vertex 18.3455 4.66679 58
      vertex 18.0392 5.42505 58
    endloop
  endfacet
  facet normal 0 0 1
    outer loop
      vertex 20.7674 -5.56461 58
      vertex 15.9378 -4.27051 58
      vertex 20.2034 -7.35343 58
    endloop
  endfacet
  facet normal 0 0 1
    outer loop
      vertex 18.3455 4.66679 58
      vertex 17.2696 5.11412 58
      vertex 16.2493 2.86519 58
    endloop
  endfacet
  facet normal 0 0 1
    outer loop
      vertex 15.9378 4.27051 58
      vertex 17.2696 5.11412 58
      vertex 17.0973 5.54042 58
    endloop
  endfacet
  facet normal 0 0 1
    outer loop
      vertex 21.1734 -3.73344 58
      vertex 16.2493 -2.86519 58
      vertex 20.7674 -5.56461 58
    endloop
  endfacet
  facet normal -0 0 1
    outer loop
      vertex 15.5049 -5.64333 58
      vertex 20.2034 -7.35343 58
      vertex 15.9378 -4.27051 58
    endloop
  endfacet
  facet normal 0 0 1
    outer loop
      vertex 20.2034 -7.35343 58
      vertex 15.5049 -5.64333 58
      vertex 19.4856 -9.08629 58
    endloop
  endfacet
  facet normal -0 0 1
    outer loop
      vertex 14.9541 -6.9732 58
      vertex 19.4856 -9.08629 58
      vertex 15.5049 -5.64333 58
    endloop
  endfacet
  facet normal 0 0 1
    outer loop
      vertex 19.4856 -9.08629 58
      vertex 14.9541 -6.9732 58
      vertex 18.6195 -10.75 58
    endloop
  endfacet
  facet normal -0 0 1
    outer loop
      vertex 14.2894 -8.25 58
      vertex 18.6195 -10.75 58
      vertex 14.9541 -6.9732 58
    endloop
  endfacet
  facet normal 0 0 1
    outer loop
      vertex 18.6195 -10.75 58
      vertex 14.2894 -8.25 58
      vertex 17.6118 -12.3319 58
    endloop
  endfacet
  facet normal -0 0 1
    outer loop
      vertex 13.516 -9.46401 58
      vertex 17.6118 -12.3319 58
      vertex 14.2894 -8.25 58
    endloop
  endfacet
  facet normal 0 0 1
    outer loop
      vertex 17.6118 -12.3319 58
      vertex 13.516 -9.46401 58
      vertex 16.47 -13.8199 58
    endloop
  endfacet
  facet normal -0 0 1
    outer loop
      vertex 12.6397 -10.606 58
      vertex 16.47 -13.8199 58
      vertex 13.516 -9.46401 58
    endloop
  endfacet
  facet normal 0 0 1
    outer loop
      vertex 16.47 -13.8199 58
      vertex 12.6397 -10.606 58
      vertex 15.2028 -15.2028 58
    endloop
  endfacet
  facet normal -0 0 1
    outer loop
      vertex 11.6673 -11.6673 58
      vertex 15.2028 -15.2028 58
      vertex 12.6397 -10.606 58
    endloop
  endfacet
  facet normal 0 0 1
    outer loop
      vertex 15.2028 -15.2028 58
      vertex 11.6673 -11.6673 58
      vertex 13.8199 -16.47 58
    endloop
  endfacet
  facet normal -0 0 1
    outer loop
      vertex 10.606 -12.6397 58
      vertex 13.8199 -16.47 58
      vertex 11.6673 -11.6673 58
    endloop
  endfacet
  facet normal 0 0 1
    outer loop
      vertex 13.8199 -16.47 58
      vertex 10.606 -12.6397 58
      vertex 12.3319 -17.6118 58
    endloop
  endfacet
  facet normal -0 0 1
    outer loop
      vertex 9.46401 -13.516 58
      vertex 12.3319 -17.6118 58
      vertex 10.606 -12.6397 58
    endloop
  endfacet
  facet normal -0 0 1
    outer loop
      vertex 8.32523 -15.619 58
      vertex 12.3319 -17.6118 58
      vertex 9.46401 -13.516 58
    endloop
  endfacet
  facet normal 0 0 1
    outer loop
      vertex 12.3319 -17.6118 58
      vertex 9.39901 -18.2767 58
      vertex 10.75 -18.6195 58
    endloop
  endfacet
  facet normal 0 0 1
    outer loop
      vertex 9.39901 -18.2767 58
      vertex 9.08629 -19.4856 58
      vertex 10.75 -18.6195 58
    endloop
  endfacet
  facet normal -0 0 1
    outer loop
      vertex 8.18238 -18.7682 58
      vertex 9.08629 -19.4856 58
      vertex 9.39901 -18.2767 58
    endloop
  endfacet
  facet normal -0 0 1
    outer loop
      vertex 8.08673 -18.8049 58
      vertex 9.08629 -19.4856 58
      vertex 8.18238 -18.7682 58
    endloop
  endfacet
  facet normal -0 0 1
    outer loop
      vertex 7.99445 -18.8363 58
      vertex 9.08629 -19.4856 58
      vertex 8.08673 -18.8049 58
    endloop
  endfacet
  facet normal -0 0 1
    outer loop
      vertex 7.90555 -18.8624 58
      vertex 9.08629 -19.4856 58
      vertex 7.99445 -18.8363 58
    endloop
  endfacet
  facet normal 0 0 1
    outer loop
      vertex 7.35343 -20.2034 58
      vertex 7.90555 -18.8624 58
      vertex 7.82002 -18.8832 58
    endloop
  endfacet
  facet normal 0 0 1
    outer loop
      vertex 7.35343 -20.2034 58
      vertex 7.82002 -18.8832 58
      vertex 7.73785 -18.8987 58
    endloop
  endfacet
  facet normal 0 0 1
    outer loop
      vertex 7.35343 -20.2034 58
      vertex 7.73785 -18.8987 58
      vertex 7.65906 -18.9089 58
    endloop
  endfacet
  facet normal 0 0 1
    outer loop
      vertex 7.35343 -20.2034 58
      vertex 7.65906 -18.9089 58
      vertex 7.58365 -18.9139 58
    endloop
  endfacet
  facet normal 0 0 1
    outer loop
      vertex 7.35343 -20.2034 58
      vertex 7.58365 -18.9139 58
      vertex 7.5116 -18.9135 58
    endloop
  endfacet
  facet normal 0 0 1
    outer loop
      vertex 7.35343 -20.2034 58
      vertex 7.5116 -18.9135 58
      vertex 7.44291 -18.9079 58
    endloop
  endfacet
  facet normal 0 0 1
    outer loop
      vertex 7.35343 -20.2034 58
      vertex 7.44291 -18.9079 58
      vertex 7.37759 -18.8969 58
    endloop
  endfacet
  facet normal 0 0 1
    outer loop
      vertex 7.90555 -18.8624 58
      vertex 7.35343 -20.2034 58
      vertex 9.08629 -19.4856 58
    endloop
  endfacet
  facet normal 0 0 1
    outer loop
      vertex 7.31582 -18.8808 58
      vertex 7.35343 -20.2034 58
      vertex 7.37759 -18.8969 58
    endloop
  endfacet
  facet normal 0 0 1
    outer loop
      vertex 7.25774 -18.8593 58
      vertex 7.35343 -20.2034 58
      vertex 7.31582 -18.8808 58
    endloop
  endfacet
  facet normal 0 0 1
    outer loop
      vertex 7.20335 -18.8326 58
      vertex 7.35343 -20.2034 58
      vertex 7.25774 -18.8593 58
    endloop
  endfacet
  facet normal 0 0 1
    outer loop
      vertex 7.15266 -18.8007 58
      vertex 7.35343 -20.2034 58
      vertex 7.20335 -18.8326 58
    endloop
  endfacet
  facet normal 0 0 1
    outer loop
      vertex 7.10566 -18.7636 58
      vertex 7.35343 -20.2034 58
      vertex 7.15266 -18.8007 58
    endloop
  endfacet
  facet normal 0 0 1
    outer loop
      vertex 7.06236 -18.7211 58
      vertex 7.35343 -20.2034 58
      vertex 7.10566 -18.7636 58
    endloop
  endfacet
  facet normal 0 0 1
    outer loop
      vertex 5.56461 -20.7674 58
      vertex 7.06236 -18.7211 58
      vertex 7.02275 -18.6735 58
    endloop
  endfacet
  facet normal 0 0 1
    outer loop
      vertex 5.22501 -18.3043 58
      vertex 7.02275 -18.6735 58
      vertex 6.98684 -18.6206 58
    endloop
  endfacet
  facet normal 0 0 1
    outer loop
      vertex 5.22501 -18.3043 58
      vertex 6.98684 -18.6206 58
      vertex 6.95463 -18.5624 58
    endloop
  endfacet
  facet normal 0 0 1
    outer loop
      vertex 5.22501 -18.3043 58
      vertex 6.95463 -18.5624 58
      vertex 6.9261 -18.499 58
    endloop
  endfacet
  facet normal 0 0 1
    outer loop
      vertex 6.20587 -17.908 58
      vertex 6.9261 -18.499 58
      vertex 6.90936 -18.454 58
    endloop
  endfacet
  facet normal 0 0 1
    outer loop
      vertex 6.20587 -17.908 58
      vertex 6.90936 -18.454 58
      vertex 6.89569 -18.4093 58
    endloop
  endfacet
  facet normal -0 0 1
    outer loop
      vertex 6.20587 -17.908 58
      vertex 6.88625 -18.1078 58
      vertex 6.66904 -17.715 58
    endloop
  endfacet
  facet normal 0 0 1
    outer loop
      vertex 6.88625 -18.1078 58
      vertex 6.20587 -17.908 58
      vertex 6.87836 -18.1497 58
    endloop
  endfacet
  facet normal 0 0 1
    outer loop
      vertex 6.87836 -18.1497 58
      vertex 6.20587 -17.908 58
      vertex 6.87355 -18.192 58
    endloop
  endfacet
  facet normal 0 0 1
    outer loop
      vertex 6.87355 -18.192 58
      vertex 6.20587 -17.908 58
      vertex 6.87181 -18.2346 58
    endloop
  endfacet
  facet normal 0 0 1
    outer loop
      vertex 6.87181 -18.2346 58
      vertex 6.20587 -17.908 58
      vertex 6.87316 -18.2777 58
    endloop
  endfacet
  facet normal 0 0 1
    outer loop
      vertex 6.87316 -18.2777 58
      vertex 6.20587 -17.908 58
      vertex 6.87759 -18.3212 58
    endloop
  endfacet
  facet normal 0 0 1
    outer loop
      vertex 6.87759 -18.3212 58
      vertex 6.20587 -17.908 58
      vertex 6.8851 -18.365 58
    endloop
  endfacet
  facet normal 0 0 1
    outer loop
      vertex 6.8851 -18.365 58
      vertex 6.20587 -17.908 58
      vertex 6.89569 -18.4093 58
    endloop
  endfacet
  facet normal 0 0 1
    outer loop
      vertex 6.20587 -17.908 58
      vertex 6.66904 -17.715 58
      vertex 6.62091 -17.6975 58
    endloop
  endfacet
  facet normal 0 0 1
    outer loop
      vertex 6.20587 -17.908 58
      vertex 6.62091 -17.6975 58
      vertex 6.57508 -17.6764 58
    endloop
  endfacet
  facet normal 0 0 1
    outer loop
      vertex 6.20587 -17.908 58
      vertex 6.57508 -17.6764 58
      vertex 6.53174 -17.6518 58
    endloop
  endfacet
  facet normal 0 0 1
    outer loop
      vertex 6.20587 -17.908 58
      vertex 6.53174 -17.6518 58
      vertex 6.49093 -17.6237 58
    endloop
  endfacet
  facet normal 0 0 1
    outer loop
      vertex 6.20587 -17.908 58
      vertex 6.49093 -17.6237 58
      vertex 6.45264 -17.5921 58
    endloop
  endfacet
  facet normal 0 0 1
    outer loop
      vertex 6.20587 -17.908 58
      vertex 6.45264 -17.5921 58
      vertex 6.41687 -17.557 58
    endloop
  endfacet
  facet normal 0 0 1
    outer loop
      vertex 6.20587 -17.908 58
      vertex 6.41687 -17.557 58
      vertex 6.3836 -17.5184 58
    endloop
  endfacet
  facet normal 0 0 1
    outer loop
      vertex 6.01991 -17.4478 58
      vertex 6.3836 -17.5184 58
      vertex 6.35284 -17.4763 58
    endloop
  endfacet
  facet normal -0 0 1
    outer loop
      vertex 6.01991 -17.4478 58
      vertex 6.35284 -17.4763 58
      vertex 6.32461 -17.4307 58
    endloop
  endfacet
  facet normal 0 0 1
    outer loop
      vertex 6.01991 -17.4478 58
      vertex 6.32461 -17.4307 58
      vertex 6.29889 -17.3816 58
    endloop
  endfacet
  facet normal 0 0 1
    outer loop
      vertex 6.01991 -17.4478 58
      vertex 6.29889 -17.3816 58
      vertex 6.27567 -17.3291 58
    endloop
  endfacet
  facet normal 0 0 1
    outer loop
      vertex 6.01991 -17.4478 58
      vertex 6.2183 -17.1167 58
      vertex 6.21269 -17.048 58
    endloop
  endfacet
  facet normal 0 0 1
    outer loop
      vertex 6.01991 -17.4478 58
      vertex 6.23066 -17.1864 58
      vertex 6.2183 -17.1167 58
    endloop
  endfacet
  facet normal 0 0 1
    outer loop
      vertex 6.01991 -17.4478 58
      vertex 6.24979 -17.2572 58
      vertex 6.23066 -17.1864 58
    endloop
  endfacet
  facet normal 0 0 1
    outer loop
      vertex 6.01991 -17.4478 58
      vertex 6.27567 -17.3291 58
      vertex 6.24979 -17.2572 58
    endloop
  endfacet
  facet normal 0 0 1
    outer loop
      vertex 6.9261 -18.499 58
      vertex 6.20587 -17.908 58
      vertex 5.22501 -18.3043 58
    endloop
  endfacet
  facet normal 0 0 1
    outer loop
      vertex 7.02275 -18.6735 58
      vertex 5.22501 -18.3043 58
      vertex 5.56461 -20.7674 58
    endloop
  endfacet
  facet normal 0 0 1
    outer loop
      vertex 7.06236 -18.7211 58
      vertex 5.56461 -20.7674 58
      vertex 7.35343 -20.2034 58
    endloop
  endfacet
  facet normal 0 0 1
    outer loop
      vertex 3.73344 -21.1734 58
      vertex 5.22501 -18.3043 58
      vertex 5.03905 -17.844 58
    endloop
  endfacet
  facet normal -0 0 1
    outer loop
      vertex 2.86519 -16.2493 58
      vertex 5.03905 -17.844 58
      vertex 4.27051 -15.9378 58
    endloop
  endfacet
  facet normal 0 0 1
    outer loop
      vertex 5.22501 -18.3043 58
      vertex 3.73344 -21.1734 58
      vertex 5.56461 -20.7674 58
    endloop
  endfacet
  facet normal 0 0 1
    outer loop
      vertex 5.03905 -17.844 58
      vertex 2.86519 -16.2493 58
      vertex 3.73344 -21.1734 58
    endloop
  endfacet
  facet normal 0 0 1
    outer loop
      vertex 2.86519 -16.2493 58
      vertex 1.87385 -21.4182 58
      vertex 3.73344 -21.1734 58
    endloop
  endfacet
  facet normal -0 0 1
    outer loop
      vertex 1.43807 -16.4372 58
      vertex 1.87385 -21.4182 58
      vertex 2.86519 -16.2493 58
    endloop
  endfacet
  facet normal -0 0 1
    outer loop
      vertex 0 -16.5 58
      vertex 1.87385 -21.4182 58
      vertex 1.43807 -16.4372 58
    endloop
  endfacet
  facet normal 0 0 1
    outer loop
      vertex 0 -16.5 58
      vertex 0 -21.5 58
      vertex 1.87385 -21.4182 58
    endloop
  endfacet
  facet normal 0 0 1
    outer loop
      vertex -1.43807 -16.4372 58
      vertex 0 -21.5 58
      vertex 0 -16.5 58
    endloop
  endfacet
  facet normal 0 0 1
    outer loop
      vertex -1.43807 -16.4372 58
      vertex -1.87385 -21.4182 58
      vertex 0 -21.5 58
    endloop
  endfacet
  facet normal 0 0 1
    outer loop
      vertex -2.86519 -16.2493 58
      vertex -1.87385 -21.4182 58
      vertex -1.43807 -16.4372 58
    endloop
  endfacet
  facet normal 0 0 1
    outer loop
      vertex -2.86519 -16.2493 58
      vertex -3.73344 -21.1734 58
      vertex -1.87385 -21.4182 58
    endloop
  endfacet
  facet normal 0 0 1
    outer loop
      vertex -4.27051 -15.9378 58
      vertex -3.73344 -21.1734 58
      vertex -2.86519 -16.2493 58
    endloop
  endfacet
  facet normal 0 0 1
    outer loop
      vertex -4.27051 -15.9378 58
      vertex -5.56461 -20.7674 58
      vertex -3.73344 -21.1734 58
    endloop
  endfacet
  facet normal 0 0 1
    outer loop
      vertex -5.64333 -15.5049 58
      vertex -5.56461 -20.7674 58
      vertex -4.27051 -15.9378 58
    endloop
  endfacet
  facet normal 0 0 1
    outer loop
      vertex -7.35343 -20.2034 58
      vertex -5.64333 -15.5049 58
      vertex -6.9732 -14.9541 58
    endloop
  endfacet
  facet normal 0 0 1
    outer loop
      vertex -5.64333 -15.5049 58
      vertex -7.35343 -20.2034 58
      vertex -5.56461 -20.7674 58
    endloop
  endfacet
  facet normal 0 0 1
    outer loop
      vertex -9.08629 -19.4856 58
      vertex -6.9732 -14.9541 58
      vertex -8.25 -14.2894 58
    endloop
  endfacet
  facet normal 0 0 1
    outer loop
      vertex -6.9732 -14.9541 58
      vertex -9.08629 -19.4856 58
      vertex -7.35343 -20.2034 58
    endloop
  endfacet
  facet normal 0 0 1
    outer loop
      vertex -10.75 -18.6195 58
      vertex -8.25 -14.2894 58
      vertex -9.46401 -13.516 58
    endloop
  endfacet
  facet normal 0 0 1
    outer loop
      vertex -12.3319 -17.6118 58
      vertex -9.46401 -13.516 58
      vertex -10.606 -12.6397 58
    endloop
  endfacet
  facet normal 0 0 1
    outer loop
      vertex -8.25 -14.2894 58
      vertex -10.75 -18.6195 58
      vertex -9.08629 -19.4856 58
    endloop
  endfacet
  facet normal 0 0 1
    outer loop
      vertex -13.8199 -16.47 58
      vertex -10.606 -12.6397 58
      vertex -11.6673 -11.6673 58
    endloop
  endfacet
  facet normal 0 0 1
    outer loop
      vertex -9.46401 -13.516 58
      vertex -12.3319 -17.6118 58
      vertex -10.75 -18.6195 58
    endloop
  endfacet
  facet normal 0 0 1
    outer loop
      vertex -15.2028 -15.2028 58
      vertex -11.6673 -11.6673 58
      vertex -12.6397 -10.606 58
    endloop
  endfacet
  facet normal 0 0 1
    outer loop
      vertex -16.47 -13.8199 58
      vertex -12.6397 -10.606 58
      vertex -13.516 -9.46401 58
    endloop
  endfacet
  facet normal 0 0 1
    outer loop
      vertex -10.606 -12.6397 58
      vertex -13.8199 -16.47 58
      vertex -12.3319 -17.6118 58
    endloop
  endfacet
  facet normal -0 0 1
    outer loop
      vertex -15.5534 -8.48745 58
      vertex -13.516 -9.46401 58
      vertex -14.2894 -8.25 58
    endloop
  endfacet
  facet normal -0 0 1
    outer loop
      vertex -15.7782 -7.93099 58
      vertex -14.2894 -8.25 58
      vertex -14.9541 -6.9732 58
    endloop
  endfacet
  facet normal 0 0 1
    outer loop
      vertex -17.6118 -12.3319 58
      vertex -13.516 -9.46401 58
      vertex -15.5534 -8.48745 58
    endloop
  endfacet
  facet normal -0 0 1
    outer loop
      vertex -16.378 -6.44653 58
      vertex -14.9541 -6.9732 58
      vertex -15.5049 -5.64333 58
    endloop
  endfacet
  facet normal 0 0 1
    outer loop
      vertex -11.6673 -11.6673 58
      vertex -15.2028 -15.2028 58
      vertex -13.8199 -16.47 58
    endloop
  endfacet
  facet normal 0 0 1
    outer loop
      vertex -12.6397 -10.606 58
      vertex -16.47 -13.8199 58
      vertex -15.2028 -15.2028 58
    endloop
  endfacet
  facet normal 0 0 1
    outer loop
      vertex -13.516 -9.46401 58
      vertex -17.6118 -12.3319 58
      vertex -16.47 -13.8199 58
    endloop
  endfacet
  facet normal 0 0 1
    outer loop
      vertex -18.6195 -10.75 58
      vertex -15.5534 -8.48745 58
      vertex -18.6028 -8.59169 58
    endloop
  endfacet
  facet normal 0 0 1
    outer loop
      vertex -15.5534 -8.48745 58
      vertex -18.6195 -10.75 58
      vertex -17.6118 -12.3319 58
    endloop
  endfacet
  facet normal 0 0 1
    outer loop
      vertex -19.4856 -9.08629 58
      vertex -18.6028 -8.59169 58
      vertex -18.868 -7.93528 58
    endloop
  endfacet
  facet normal 0 0 1
    outer loop
      vertex -18.6028 -8.59169 58
      vertex -19.4856 -9.08629 58
      vertex -18.6195 -10.75 58
    endloop
  endfacet
  facet normal 0 0 1
    outer loop
      vertex -16.2493 2.86519 58
      vertex -21.1734 3.73344 58
      vertex -16.4372 1.43807 58
    endloop
  endfacet
  facet normal -0 0 1
    outer loop
      vertex -21.4182 1.87385 58
      vertex -16.4372 1.43807 58
      vertex -21.1734 3.73344 58
    endloop
  endfacet
  facet normal 0 0 1
    outer loop
      vertex -18.868 -7.93528 58
      vertex -20.2034 -7.35343 58
      vertex -19.4856 -9.08629 58
    endloop
  endfacet
  facet normal 0 0 1
    outer loop
      vertex -21.5 0 58
      vertex -16.4372 1.43807 58
      vertex -21.4182 1.87385 58
    endloop
  endfacet
  facet normal 0 0 1
    outer loop
      vertex -17.908 -6.20587 58
      vertex -20.2034 -7.35343 58
      vertex -18.868 -7.93528 58
    endloop
  endfacet
  facet normal 0 -0 1
    outer loop
      vertex -21.4182 -1.87385 58
      vertex -16.4372 1.43807 58
      vertex -21.5 0 58
    endloop
  endfacet
  facet normal 0 -0 1
    outer loop
      vertex -20.2034 -7.35343 58
      vertex -18.3043 -5.22501 58
      vertex -20.7674 -5.56461 58
    endloop
  endfacet
  facet normal 0 0 1
    outer loop
      vertex -16.4372 1.43807 58
      vertex -21.4182 -1.87385 58
      vertex -18.3043 -5.22501 58
    endloop
  endfacet
  facet normal 0 -0 1
    outer loop
      vertex -20.7674 -5.56461 58
      vertex -18.3043 -5.22501 58
      vertex -21.1734 -3.73344 58
    endloop
  endfacet
  facet normal -0 -0 1
    outer loop
      vertex -21.1734 -3.73344 58
      vertex -18.3043 -5.22501 58
      vertex -21.4182 -1.87385 58
    endloop
  endfacet
  facet normal -0 0 1
    outer loop
      vertex 17.9854 6.77465 58
      vertex 19.059 6.33299 58
      vertex 18.6768 8.4087 58
    endloop
  endfacet
  facet normal 0 0 1
    outer loop
      vertex 19.059 6.33299 58
      vertex 17.9854 6.77465 58
      vertex 18.2894 6.02205 58
    endloop
  endfacet
  facet normal 0 0 1
    outer loop
      vertex 18.6768 8.4087 58
      vertex 17.5629 6.60395 58
      vertex 17.9854 6.77465 58
    endloop
  endfacet
  facet normal 0 0 1
    outer loop
      vertex 21.4182 1.87385 58
      vertex 16.4372 1.43807 58
      vertex 16.5 0 58
    endloop
  endfacet
  facet normal 0 0 1
    outer loop
      vertex 16.4092 6.36918 58
      vertex 17.5629 6.60395 58
      vertex 18.6768 8.4087 58
    endloop
  endfacet
  facet normal -0 0 1
    outer loop
      vertex 16.4092 6.36918 58
      vertex 17.0973 5.54042 58
      vertex 17.5629 6.60395 58
    endloop
  endfacet
  facet normal 0 0 1
    outer loop
      vertex 15.9378 4.27051 58
      vertex 17.0973 5.54042 58
      vertex 16.4092 6.36918 58
    endloop
  endfacet
  facet normal 0 0 1
    outer loop
      vertex 18.3455 4.66679 58
      vertex 16.2493 2.86519 58
      vertex 16.4372 1.43807 58
    endloop
  endfacet
  facet normal 0 0 1
    outer loop
      vertex 15.9378 4.27051 58
      vertex 16.4092 6.36918 58
      vertex 16.1867 6.91994 58
    endloop
  endfacet
  facet normal 0 0 1
    outer loop
      vertex 17.2696 5.11412 58
      vertex 15.9378 4.27051 58
      vertex 16.2493 2.86519 58
    endloop
  endfacet
  facet normal 0 0 1
    outer loop
      vertex 17.8669 5.85135 58
      vertex 17.5629 6.60395 58
      vertex 17.0973 5.54042 58
    endloop
  endfacet
  facet normal 0 0 1
    outer loop
      vertex -17.3302 -7.25034 58
      vertex -17.2103 -8.02433 58
      vertex -17.0216 -8.01427 58
    endloop
  endfacet
  facet normal 0 0 1
    outer loop
      vertex -17.3302 -7.25034 58
      vertex -17.3812 -8.03351 58
      vertex -17.2103 -8.02433 58
    endloop
  endfacet
  facet normal 0 0 1
    outer loop
      vertex -17.3302 -7.25034 58
      vertex -17.5343 -8.04183 58
      vertex -17.3812 -8.03351 58
    endloop
  endfacet
  facet normal -0 0 1
    outer loop
      vertex -17.9882 -7.82116 58
      vertex -17.5343 -8.04183 58
      vertex -17.3302 -7.25034 58
    endloop
  endfacet
  facet normal 0 0 1
    outer loop
      vertex -17.5343 -8.04183 58
      vertex -17.9882 -7.82116 58
      vertex -17.6695 -8.04925 58
    endloop
  endfacet
  facet normal 0 0 1
    outer loop
      vertex -17.6695 -8.04925 58
      vertex -17.9882 -7.82116 58
      vertex -17.787 -8.05581 58
    endloop
  endfacet
  facet normal 0 0 1
    outer loop
      vertex -17.787 -8.05581 58
      vertex -17.9882 -7.82116 58
      vertex -17.8866 -8.06149 58
    endloop
  endfacet
  facet normal 0 0 1
    outer loop
      vertex -17.8866 -8.06149 58
      vertex -17.9882 -7.82116 58
      vertex -17.9685 -8.0663 58
    endloop
  endfacet
  facet normal 0 0 1
    outer loop
      vertex -17.9882 -7.82116 58
      vertex -18.0325 -8.07022 58
      vertex -17.9685 -8.0663 58
    endloop
  endfacet
  facet normal 0 0 1
    outer loop
      vertex -17.9882 -7.82116 58
      vertex -18.0787 -8.07326 58
      vertex -18.0325 -8.07022 58
    endloop
  endfacet
  facet normal -0 0 1
    outer loop
      vertex -18.212 -8.00589 58
      vertex -18.0787 -8.07326 58
      vertex -17.9882 -7.82116 58
    endloop
  endfacet
  facet normal 0 0 1
    outer loop
      vertex -18.0787 -8.07326 58
      vertex -18.212 -8.00589 58
      vertex -18.1071 -8.07543 58
    endloop
  endfacet
  facet normal 0 0 1
    outer loop
      vertex -18.1071 -8.07543 58
      vertex -18.212 -8.00589 58
      vertex -18.1263 -8.07716 58
    endloop
  endfacet
  facet normal 0 0 1
    outer loop
      vertex -18.1263 -8.07716 58
      vertex -18.212 -8.00589 58
      vertex -18.1636 -8.08062 58
    endloop
  endfacet
  facet normal 0 0 1
    outer loop
      vertex -18.1636 -8.08062 58
      vertex -18.212 -8.00589 58
      vertex -18.199 -8.08406 58
    endloop
  endfacet
  facet normal 0 0 1
    outer loop
      vertex -18.212 -8.00589 58
      vertex -18.2161 -8.08578 58
      vertex -18.199 -8.08406 58
    endloop
  endfacet
  facet normal 0 0 1
    outer loop
      vertex -18.212 -8.00589 58
      vertex -18.2328 -8.0875 58
      vertex -18.2161 -8.08578 58
    endloop
  endfacet
  facet normal 0 0 1
    outer loop
      vertex -18.212 -8.00589 58
      vertex -18.2647 -8.09094 58
      vertex -18.2328 -8.0875 58
    endloop
  endfacet
  facet normal 0 0 1
    outer loop
      vertex -18.212 -8.00589 58
      vertex -18.2801 -8.09264 58
      vertex -18.2647 -8.09094 58
    endloop
  endfacet
  facet normal 0 -0 1
    outer loop
      vertex -18.2801 -8.09264 58
      vertex -18.212 -8.00589 58
      vertex -18.3261 -8.09812 58
    endloop
  endfacet
  facet normal 0 0 1
    outer loop
      vertex -7.89856 17.8809 58
      vertex -7.89999 17.8231 58
      vertex -7.89788 17.8516 58
    endloop
  endfacet
  facet normal 0 0 1
    outer loop
      vertex -7.95268 17.692 58
      vertex -7.89856 17.8809 58
      vertex -7.90205 17.911 58
    endloop
  endfacet
  facet normal 0 0 1
    outer loop
      vertex -7.89856 17.8809 58
      vertex -7.90489 17.7953 58
      vertex -7.89999 17.8231 58
    endloop
  endfacet
  facet normal 0 0 1
    outer loop
      vertex -7.97224 17.6679 58
      vertex -7.90205 17.911 58
      vertex -7.90832 17.9419 58
    endloop
  endfacet
  facet normal 0 0 1
    outer loop
      vertex -7.89856 17.8809 58
      vertex -7.91259 17.7684 58
      vertex -7.90489 17.7953 58
    endloop
  endfacet
  facet normal 0 0 1
    outer loop
      vertex -7.99504 17.6444 58
      vertex -7.90832 17.9419 58
      vertex -7.91739 17.9735 58
    endloop
  endfacet
  facet normal 0 0 1
    outer loop
      vertex -7.89856 17.8809 58
      vertex -7.92309 17.7422 58
      vertex -7.91259 17.7684 58
    endloop
  endfacet
  facet normal 0 0 1
    outer loop
      vertex -8.02109 17.6214 58
      vertex -7.91739 17.9735 58
      vertex -7.92926 18.006 58
    endloop
  endfacet
  facet normal 0 0 1
    outer loop
      vertex -7.89856 17.8809 58
      vertex -7.93639 17.7167 58
      vertex -7.92309 17.7422 58
    endloop
  endfacet
  facet normal 0 0 1
    outer loop
      vertex -8.27471 18.2188 58
      vertex -7.92926 18.006 58
      vertex -7.94445 18.0403 58
    endloop
  endfacet
  facet normal 0 0 1
    outer loop
      vertex -7.89856 17.8809 58
      vertex -7.95268 17.692 58
      vertex -7.93639 17.7167 58
    endloop
  endfacet
  facet normal 0 0 1
    outer loop
      vertex -8.2402 18.2213 58
      vertex -7.94445 18.0403 58
      vertex -7.96109 18.0717 58
    endloop
  endfacet
  facet normal 0 0 1
    outer loop
      vertex -7.90205 17.911 58
      vertex -7.97224 17.6679 58
      vertex -7.95268 17.692 58
    endloop
  endfacet
  facet normal 0 0 1
    outer loop
      vertex -8.20729 18.2214 58
      vertex -7.96109 18.0717 58
      vertex -7.97919 18.1 58
    endloop
  endfacet
  facet normal 0 0 1
    outer loop
      vertex -7.90832 17.9419 58
      vertex -7.99504 17.6444 58
      vertex -7.97224 17.6679 58
    endloop
  endfacet
  facet normal 0 0 1
    outer loop
      vertex -8.17598 18.2192 58
      vertex -7.97919 18.1 58
      vertex -7.99872 18.1254 58
    endloop
  endfacet
  facet normal 0 0 1
    outer loop
      vertex -8.17598 18.2192 58
      vertex -7.99872 18.1254 58
      vertex -8.01969 18.1477 58
    endloop
  endfacet
  facet normal 0 0 1
    outer loop
      vertex -7.91739 17.9735 58
      vertex -8.02109 17.6214 58
      vertex -7.99504 17.6444 58
    endloop
  endfacet
  facet normal 0 0 1
    outer loop
      vertex -8.14626 18.2145 58
      vertex -8.01969 18.1477 58
      vertex -8.04212 18.167 58
    endloop
  endfacet
  facet normal 0 0 1
    outer loop
      vertex -7.94445 18.0403 58
      vertex -8.2402 18.2213 58
      vertex -8.27471 18.2188 58
    endloop
  endfacet
  facet normal 0 0 1
    outer loop
      vertex -8.14626 18.2145 58
      vertex -8.04212 18.167 58
      vertex -8.06598 18.1834 58
    endloop
  endfacet
  facet normal 0 0 1
    outer loop
      vertex -7.96109 18.0717 58
      vertex -8.20729 18.2214 58
      vertex -8.2402 18.2213 58
    endloop
  endfacet
  facet normal 0 0 1
    outer loop
      vertex -8.14626 18.2145 58
      vertex -8.06598 18.1834 58
      vertex -8.09129 18.1968 58
    endloop
  endfacet
  facet normal 0 0 1
    outer loop
      vertex -8.14626 18.2145 58
      vertex -8.09129 18.1968 58
      vertex -8.11806 18.2071 58
    endloop
  endfacet
  facet normal 0 0 1
    outer loop
      vertex -7.97919 18.1 58
      vertex -8.17598 18.2192 58
      vertex -8.20729 18.2214 58
    endloop
  endfacet
  facet normal 0 0 1
    outer loop
      vertex -8.01969 18.1477 58
      vertex -8.14626 18.2145 58
      vertex -8.17598 18.2192 58
    endloop
  endfacet
  facet normal 0 0 1
    outer loop
      vertex -7.92926 18.006 58
      vertex -8.27471 18.2188 58
      vertex -8.05038 17.5991 58
    endloop
  endfacet
  facet normal 0 0 1
    outer loop
      vertex -7.92926 18.006 58
      vertex -8.05038 17.5991 58
      vertex -8.02109 17.6214 58
    endloop
  endfacet
  facet normal -0 0 1
    outer loop
      vertex -8.31082 18.2138 58
      vertex -8.05038 17.5991 58
      vertex -8.27471 18.2188 58
    endloop
  endfacet
  facet normal 0 0 1
    outer loop
      vertex -8.05038 17.5991 58
      vertex -8.31082 18.2138 58
      vertex -8.08292 17.5774 58
    endloop
  endfacet
  facet normal -0 0 1
    outer loop
      vertex -8.34852 18.2065 58
      vertex -8.08292 17.5774 58
      vertex -8.31082 18.2138 58
    endloop
  endfacet
  facet normal 0 0 1
    outer loop
      vertex -8.08292 17.5774 58
      vertex -8.34852 18.2065 58
      vertex -8.1187 17.5562 58
    endloop
  endfacet
  facet normal -0 0 1
    outer loop
      vertex -8.38782 18.1968 58
      vertex -8.1187 17.5562 58
      vertex -8.34852 18.2065 58
    endloop
  endfacet
  facet normal 0 0 1
    outer loop
      vertex -8.1187 17.5562 58
      vertex -8.38782 18.1968 58
      vertex -8.15775 17.5357 58
    endloop
  endfacet
  facet normal -0 0 1
    outer loop
      vertex -8.42872 18.1846 58
      vertex -8.15775 17.5357 58
      vertex -8.38782 18.1968 58
    endloop
  endfacet
  facet normal 0 0 1
    outer loop
      vertex -8.15775 17.5357 58
      vertex -8.42872 18.1846 58
      vertex -8.20003 17.5157 58
    endloop
  endfacet
  facet normal -0 0 1
    outer loop
      vertex -8.47121 18.1701 58
      vertex -8.20003 17.5157 58
      vertex -8.42872 18.1846 58
    endloop
  endfacet
  facet normal 0 0 1
    outer loop
      vertex -8.20003 17.5157 58
      vertex -8.47121 18.1701 58
      vertex -8.24555 17.4964 58
    endloop
  endfacet
  facet normal -0 0 1
    outer loop
      vertex -8.51532 18.1532 58
      vertex -8.24555 17.4964 58
      vertex -8.47121 18.1701 58
    endloop
  endfacet
  facet normal 0 0 1
    outer loop
      vertex -8.51532 18.1532 58
      vertex -8.88312 17.2388 58
      vertex -8.24555 17.4964 58
    endloop
  endfacet
  facet normal 0 -0 1
    outer loop
      vertex -8.88312 17.2388 58
      vertex -8.51532 18.1532 58
      vertex -9.14909 17.8971 58
    endloop
  endfacet
  facet normal 0 0 1
    outer loop
      vertex -7.28819 16.8077 58
      vertex -7.28935 16.7395 58
      vertex -7.28715 16.7731 58
    endloop
  endfacet
  facet normal 0 0 1
    outer loop
      vertex -7.37182 16.557 58
      vertex -7.28819 16.8077 58
      vertex -7.29249 16.8433 58
    endloop
  endfacet
  facet normal 0 0 1
    outer loop
      vertex -7.28819 16.8077 58
      vertex -7.29483 16.7067 58
      vertex -7.28935 16.7395 58
    endloop
  endfacet
  facet normal 0 0 1
    outer loop
      vertex -7.39785 16.5295 58
      vertex -7.29249 16.8433 58
      vertex -7.30006 16.8798 58
    endloop
  endfacet
  facet normal 0 0 1
    outer loop
      vertex -7.28819 16.8077 58
      vertex -7.30354 16.675 58
      vertex -7.29483 16.7067 58
    endloop
  endfacet
  facet normal 0 0 1
    outer loop
      vertex -7.42756 16.5028 58
      vertex -7.30006 16.8798 58
      vertex -7.31087 16.9172 58
    endloop
  endfacet
  facet normal 0 0 1
    outer loop
      vertex -7.28819 16.8077 58
      vertex -7.31551 16.6441 58
      vertex -7.30354 16.675 58
    endloop
  endfacet
  facet normal 0 0 1
    outer loop
      vertex -7.42756 16.5028 58
      vertex -7.31087 16.9172 58
      vertex -7.32493 16.9556 58
    endloop
  endfacet
  facet normal 0 0 1
    outer loop
      vertex -7.28819 16.8077 58
      vertex -7.33075 16.6142 58
      vertex -7.31551 16.6441 58
    endloop
  endfacet
  facet normal 0 0 1
    outer loop
      vertex -7.28819 16.8077 58
      vertex -7.34944 16.5852 58
      vertex -7.33075 16.6142 58
    endloop
  endfacet
  facet normal 0 0 1
    outer loop
      vertex -7.64454 17.1914 58
      vertex -7.32493 16.9556 58
      vertex -7.35896 17.0244 58
    endloop
  endfacet
  facet normal 0 0 1
    outer loop
      vertex -7.28819 16.8077 58
      vertex -7.37182 16.557 58
      vertex -7.34944 16.5852 58
    endloop
  endfacet
  facet normal 0 0 1
    outer loop
      vertex -7.29249 16.8433 58
      vertex -7.39785 16.5295 58
      vertex -7.37182 16.557 58
    endloop
  endfacet
  facet normal 0 0 1
    outer loop
      vertex -7.57204 17.1816 58
      vertex -7.35896 17.0244 58
      vertex -7.40068 17.0814 58
    endloop
  endfacet
  facet normal 0 0 1
    outer loop
      vertex -7.30006 16.8798 58
      vertex -7.42756 16.5028 58
      vertex -7.39785 16.5295 58
    endloop
  endfacet
  facet normal 0 0 1
    outer loop
      vertex -7.57204 17.1816 58
      vertex -7.40068 17.0814 58
      vertex -7.4501 17.1266 58
    endloop
  endfacet
  facet normal 0 0 1
    outer loop
      vertex -7.32493 16.9556 58
      vertex -7.64454 17.1914 58
      vertex -7.72474 17.1894 58
    endloop
  endfacet
  facet normal 0 0 1
    outer loop
      vertex -7.32493 16.9556 58
      vertex -7.72474 17.1894 58
      vertex -7.42756 16.5028 58
    endloop
  endfacet
  facet normal 0 0 1
    outer loop
      vertex -7.57204 17.1816 58
      vertex -7.4501 17.1266 58
      vertex -7.50722 17.16 58
    endloop
  endfacet
  facet normal 0 0 1
    outer loop
      vertex -7.35896 17.0244 58
      vertex -7.57204 17.1816 58
      vertex -7.64454 17.1914 58
    endloop
  endfacet
  facet normal 0 0 1
    outer loop
      vertex -7.42756 16.5028 58
      vertex -7.72474 17.1894 58
      vertex -7.46093 16.4769 58
    endloop
  endfacet
  facet normal 0 0 1
    outer loop
      vertex -7.46093 16.4769 58
      vertex -7.72474 17.1894 58
      vertex -7.49799 16.4518 58
    endloop
  endfacet
  facet normal -0 0 1
    outer loop
      vertex -7.81265 17.1756 58
      vertex -7.49799 16.4518 58
      vertex -7.72474 17.1894 58
    endloop
  endfacet
  facet normal 0 0 1
    outer loop
      vertex -7.49799 16.4518 58
      vertex -7.81265 17.1756 58
      vertex -7.53871 16.4274 58
    endloop
  endfacet
  facet normal 0 0 1
    outer loop
      vertex -7.53871 16.4274 58
      vertex -7.81265 17.1756 58
      vertex -7.58311 16.4038 58
    endloop
  endfacet
  facet normal -0 0 1
    outer loop
      vertex -7.90824 17.15 58
      vertex -7.58311 16.4038 58
      vertex -7.81265 17.1756 58
    endloop
  endfacet
  facet normal 0 0 1
    outer loop
      vertex -7.58311 16.4038 58
      vertex -7.90824 17.15 58
      vertex -7.63116 16.381 58
    endloop
  endfacet
  facet normal 0 0 1
    outer loop
      vertex -7.63116 16.381 58
      vertex -7.90824 17.15 58
      vertex -7.68289 16.359 58
    endloop
  endfacet
  facet normal -0 0 1
    outer loop
      vertex -8.01153 17.1126 58
      vertex -7.68289 16.359 58
      vertex -7.90824 17.15 58
    endloop
  endfacet
  facet normal 0 0 1
    outer loop
      vertex -8.01153 17.1126 58
      vertex -8.40911 16.0656 58
      vertex -7.68289 16.359 58
    endloop
  endfacet
  facet normal 0 -0 1
    outer loop
      vertex -8.40911 16.0656 58
      vertex -8.01153 17.1126 58
      vertex -8.71699 16.8276 58
    endloop
  endfacet
  facet normal 0 0 1
    outer loop
      vertex 7.93567 -16.2569 58
      vertex 7.53809 -17.3039 58
      vertex 8.24355 -17.0189 58
    endloop
  endfacet
  facet normal -0 0 1
    outer loop
      vertex 7.20947 -16.5503 58
      vertex 7.53809 -17.3039 58
      vertex 7.93567 -16.2569 58
    endloop
  endfacet
  facet normal 0 0 1
    outer loop
      vertex 7.53809 -17.3039 58
      vertex 7.20947 -16.5503 58
      vertex 7.4348 -17.3413 58
    endloop
  endfacet
  facet normal -0 0 1
    outer loop
      vertex 7.15772 -16.5723 58
      vertex 7.4348 -17.3413 58
      vertex 7.20947 -16.5503 58
    endloop
  endfacet
  facet normal -0 0 1
    outer loop
      vertex 7.10967 -16.5951 58
      vertex 7.4348 -17.3413 58
      vertex 7.15772 -16.5723 58
    endloop
  endfacet
  facet normal 0 0 1
    outer loop
      vertex 7.4348 -17.3413 58
      vertex 7.10967 -16.5951 58
      vertex 7.33921 -17.3669 58
    endloop
  endfacet
  facet normal -0 0 1
    outer loop
      vertex 7.06528 -16.6187 58
      vertex 7.33921 -17.3669 58
      vertex 7.10967 -16.5951 58
    endloop
  endfacet
  facet normal -0 0 1
    outer loop
      vertex 7.02455 -16.643 58
      vertex 7.33921 -17.3669 58
      vertex 7.06528 -16.6187 58
    endloop
  endfacet
  facet normal 0 0 1
    outer loop
      vertex 7.33921 -17.3669 58
      vertex 7.02455 -16.643 58
      vertex 7.2513 -17.3807 58
    endloop
  endfacet
  facet normal -0 0 1
    outer loop
      vertex 6.98751 -16.6682 58
      vertex 7.2513 -17.3807 58
      vertex 7.02455 -16.643 58
    endloop
  endfacet
  facet normal -0 0 1
    outer loop
      vertex 6.85152 -17.1469 58
      vertex 7.2513 -17.3807 58
      vertex 6.98751 -16.6682 58
    endloop
  endfacet
  facet normal 0 0 1
    outer loop
      vertex 7.2513 -17.3807 58
      vertex 6.85152 -17.1469 58
      vertex 7.17111 -17.3827 58
    endloop
  endfacet
  facet normal -0 -0 1
    outer loop
      vertex 6.88554 -17.2157 58
      vertex 7.17111 -17.3827 58
      vertex 6.85152 -17.1469 58
    endloop
  endfacet
  facet normal 0 0 1
    outer loop
      vertex 7.17111 -17.3827 58
      vertex 6.88554 -17.2157 58
      vertex 7.0986 -17.3729 58
    endloop
  endfacet
  facet normal 0 0 1
    outer loop
      vertex 6.85152 -17.1469 58
      vertex 6.98751 -16.6682 58
      vertex 6.95412 -16.6941 58
    endloop
  endfacet
  facet normal -0 -0 1
    outer loop
      vertex 6.92726 -17.2727 58
      vertex 7.0986 -17.3729 58
      vertex 6.88554 -17.2157 58
    endloop
  endfacet
  facet normal 0 0 1
    outer loop
      vertex 6.82663 -17.071 58
      vertex 6.95412 -16.6941 58
      vertex 6.92442 -16.7208 58
    endloop
  endfacet
  facet normal 0 0 1
    outer loop
      vertex 6.81908 -17.0345 58
      vertex 6.92442 -16.7208 58
      vertex 6.89838 -16.7483 58
    endloop
  endfacet
  facet normal 0 0 1
    outer loop
      vertex 7.03378 -17.3513 58
      vertex 6.92726 -17.2727 58
      vertex 6.97668 -17.3179 58
    endloop
  endfacet
  facet normal 0 0 1
    outer loop
      vertex 6.81477 -16.999 58
      vertex 6.89838 -16.7483 58
      vertex 6.87602 -16.7765 58
    endloop
  endfacet
  facet normal 0 0 1
    outer loop
      vertex 6.81477 -16.999 58
      vertex 6.87602 -16.7765 58
      vertex 6.85731 -16.8055 58
    endloop
  endfacet
  facet normal 0 0 1
    outer loop
      vertex 7.0986 -17.3729 58
      vertex 6.92726 -17.2727 58
      vertex 7.03378 -17.3513 58
    endloop
  endfacet
  facet normal 0 0 1
    outer loop
      vertex 6.81477 -16.999 58
      vertex 6.85731 -16.8055 58
      vertex 6.84209 -16.8354 58
    endloop
  endfacet
  facet normal 0 0 1
    outer loop
      vertex 6.95412 -16.6941 58
      vertex 6.83744 -17.1085 58
      vertex 6.85152 -17.1469 58
    endloop
  endfacet
  facet normal 0 0 1
    outer loop
      vertex 6.81477 -16.999 58
      vertex 6.84209 -16.8354 58
      vertex 6.83011 -16.8662 58
    endloop
  endfacet
  facet normal 0 0 1
    outer loop
      vertex 6.95412 -16.6941 58
      vertex 6.82663 -17.071 58
      vertex 6.83744 -17.1085 58
    endloop
  endfacet
  facet normal 0 0 1
    outer loop
      vertex 6.81477 -16.999 58
      vertex 6.83011 -16.8662 58
      vertex 6.8214 -16.898 58
    endloop
  endfacet
  facet normal 0 0 1
    outer loop
      vertex 6.92442 -16.7208 58
      vertex 6.81908 -17.0345 58
      vertex 6.82663 -17.071 58
    endloop
  endfacet
  facet normal 0 0 1
    outer loop
      vertex 6.81477 -16.999 58
      vertex 6.8214 -16.898 58
      vertex 6.81594 -16.9307 58
    endloop
  endfacet
  facet normal 0 0 1
    outer loop
      vertex 6.89838 -16.7483 58
      vertex 6.81477 -16.999 58
      vertex 6.81908 -17.0345 58
    endloop
  endfacet
  facet normal 0 -0 1
    outer loop
      vertex 6.81477 -16.999 58
      vertex 6.81594 -16.9307 58
      vertex 6.81373 -16.9644 58
    endloop
  endfacet
  facet normal 0 0 1
    outer loop
      vertex 8.40968 -17.4301 58
      vertex 8.04188 -18.3444 58
      vertex 8.67565 -18.0884 58
    endloop
  endfacet
  facet normal -0 0 1
    outer loop
      vertex 7.77213 -17.6877 58
      vertex 8.04188 -18.3444 58
      vertex 8.40968 -17.4301 58
    endloop
  endfacet
  facet normal 0 0 1
    outer loop
      vertex 8.04188 -18.3444 58
      vertex 7.77213 -17.6877 58
      vertex 7.99779 -18.3614 58
    endloop
  endfacet
  facet normal -0 0 1
    outer loop
      vertex 7.72659 -17.707 58
      vertex 7.99779 -18.3614 58
      vertex 7.77213 -17.6877 58
    endloop
  endfacet
  facet normal 0 0 1
    outer loop
      vertex 7.99779 -18.3614 58
      vertex 7.72659 -17.707 58
      vertex 7.95529 -18.3759 58
    endloop
  endfacet
  facet normal -0 0 1
    outer loop
      vertex 7.68431 -17.727 58
      vertex 7.95529 -18.3759 58
      vertex 7.72659 -17.707 58
    endloop
  endfacet
  facet normal 0 0 1
    outer loop
      vertex 7.95529 -18.3759 58
      vertex 7.68431 -17.727 58
      vertex 7.91438 -18.3881 58
    endloop
  endfacet
  facet normal -0 0 1
    outer loop
      vertex 7.64528 -17.7475 58
      vertex 7.91438 -18.3881 58
      vertex 7.68431 -17.727 58
    endloop
  endfacet
  facet normal 0 0 1
    outer loop
      vertex 7.91438 -18.3881 58
      vertex 7.64528 -17.7475 58
      vertex 7.87508 -18.3978 58
    endloop
  endfacet
  facet normal -0 0 1
    outer loop
      vertex 7.60948 -17.7686 58
      vertex 7.87508 -18.3978 58
      vertex 7.64528 -17.7475 58
    endloop
  endfacet
  facet normal 0 0 1
    outer loop
      vertex 7.87508 -18.3978 58
      vertex 7.60948 -17.7686 58
      vertex 7.83738 -18.4051 58
    endloop
  endfacet
  facet normal -0 0 1
    outer loop
      vertex 7.57694 -17.7904 58
      vertex 7.83738 -18.4051 58
      vertex 7.60948 -17.7686 58
    endloop
  endfacet
  facet normal 0 0 1
    outer loop
      vertex 7.83738 -18.4051 58
      vertex 7.57694 -17.7904 58
      vertex 7.80127 -18.4101 58
    endloop
  endfacet
  facet normal -0 0 1
    outer loop
      vertex 7.45582 -18.1973 58
      vertex 7.80127 -18.4101 58
      vertex 7.57694 -17.7904 58
    endloop
  endfacet
  facet normal -0 -0 1
    outer loop
      vertex 7.47103 -18.2316 58
      vertex 7.80127 -18.4101 58
      vertex 7.45582 -18.1973 58
    endloop
  endfacet
  facet normal 0 0 1
    outer loop
      vertex 7.80127 -18.4101 58
      vertex 7.47103 -18.2316 58
      vertex 7.76676 -18.4126 58
    endloop
  endfacet
  facet normal 0 0 1
    outer loop
      vertex 7.76676 -18.4126 58
      vertex 7.48767 -18.2629 58
      vertex 7.73385 -18.4127 58
    endloop
  endfacet
  facet normal 0 0 1
    outer loop
      vertex 7.73385 -18.4127 58
      vertex 7.50575 -18.2913 58
      vertex 7.70254 -18.4104 58
    endloop
  endfacet
  facet normal -0 -0 1
    outer loop
      vertex 7.52529 -18.3166 58
      vertex 7.70254 -18.4104 58
      vertex 7.50575 -18.2913 58
    endloop
  endfacet
  facet normal -0 -0 1
    outer loop
      vertex 7.50575 -18.2913 58
      vertex 7.73385 -18.4127 58
      vertex 7.48767 -18.2629 58
    endloop
  endfacet
  facet normal -0 -0 1
    outer loop
      vertex 7.54627 -18.339 58
      vertex 7.67282 -18.4058 58
      vertex 7.52529 -18.3166 58
    endloop
  endfacet
  facet normal 0 0 1
    outer loop
      vertex 7.45582 -18.1973 58
      vertex 7.57694 -17.7904 58
      vertex 7.54765 -17.8127 58
    endloop
  endfacet
  facet normal 0 0 1
    outer loop
      vertex 7.67282 -18.4058 58
      vertex 7.54627 -18.339 58
      vertex 7.64462 -18.3984 58
    endloop
  endfacet
  facet normal 0 0 1
    outer loop
      vertex 7.59256 -18.3747 58
      vertex 7.54627 -18.339 58
      vertex 7.56868 -18.3583 58
    endloop
  endfacet
  facet normal 0 0 1
    outer loop
      vertex 7.44395 -18.1648 58
      vertex 7.54765 -17.8127 58
      vertex 7.5216 -17.8356 58
    endloop
  endfacet
  facet normal 0 0 1
    outer loop
      vertex 7.61787 -18.388 58
      vertex 7.54627 -18.339 58
      vertex 7.59256 -18.3747 58
    endloop
  endfacet
  facet normal 0 0 1
    outer loop
      vertex 7.43488 -18.1332 58
      vertex 7.5216 -17.8356 58
      vertex 7.4988 -17.8592 58
    endloop
  endfacet
  facet normal 0 0 1
    outer loop
      vertex 7.64462 -18.3984 58
      vertex 7.54627 -18.339 58
      vertex 7.61787 -18.388 58
    endloop
  endfacet
  facet normal 0 0 1
    outer loop
      vertex 7.42861 -18.1023 58
      vertex 7.4988 -17.8592 58
      vertex 7.47926 -17.8833 58
    endloop
  endfacet
  facet normal 0 0 1
    outer loop
      vertex 7.70254 -18.4104 58
      vertex 7.52529 -18.3166 58
      vertex 7.67282 -18.4058 58
    endloop
  endfacet
  facet normal 0 0 1
    outer loop
      vertex 7.42513 -18.0722 58
      vertex 7.47926 -17.8833 58
      vertex 7.46295 -17.908 58
    endloop
  endfacet
  facet normal -0 -0 1
    outer loop
      vertex 7.48767 -18.2629 58
      vertex 7.76676 -18.4126 58
      vertex 7.47103 -18.2316 58
    endloop
  endfacet
  facet normal 0 0 1
    outer loop
      vertex 7.42513 -18.0722 58
      vertex 7.46295 -17.908 58
      vertex 7.44966 -17.9334 58
    endloop
  endfacet
  facet normal 0 0 1
    outer loop
      vertex 7.54765 -17.8127 58
      vertex 7.44395 -18.1648 58
      vertex 7.45582 -18.1973 58
    endloop
  endfacet
  facet normal 0 0 1
    outer loop
      vertex 7.42513 -18.0722 58
      vertex 7.44966 -17.9334 58
      vertex 7.43917 -17.9596 58
    endloop
  endfacet
  facet normal 0 0 1
    outer loop
      vertex 7.5216 -17.8356 58
      vertex 7.43488 -18.1332 58
      vertex 7.44395 -18.1648 58
    endloop
  endfacet
  facet normal 0 0 1
    outer loop
      vertex 7.42513 -18.0722 58
      vertex 7.43917 -17.9596 58
      vertex 7.43147 -17.9866 58
    endloop
  endfacet
  facet normal 0 0 1
    outer loop
      vertex 7.4988 -17.8592 58
      vertex 7.42861 -18.1023 58
      vertex 7.43488 -18.1332 58
    endloop
  endfacet
  facet normal 0 0 1
    outer loop
      vertex 7.42513 -18.0722 58
      vertex 7.43147 -17.9866 58
      vertex 7.42655 -18.0144 58
    endloop
  endfacet
  facet normal 0 0 1
    outer loop
      vertex 7.47926 -17.8833 58
      vertex 7.42513 -18.0722 58
      vertex 7.42861 -18.1023 58
    endloop
  endfacet
  facet normal 0 -0 1
    outer loop
      vertex 7.42513 -18.0722 58
      vertex 7.42655 -18.0144 58
      vertex 7.42445 -18.0429 58
    endloop
  endfacet
  facet normal -0 0 1
    outer loop
      vertex 18.0888 8.56608 58
      vertex 18.0207 8.47932 58
      vertex 18.1348 8.57156 58
    endloop
  endfacet
  facet normal -0 0 1
    outer loop
      vertex 18.0735 8.56436 58
      vertex 18.0207 8.47932 58
      vertex 18.0888 8.56608 58
    endloop
  endfacet
  facet normal -0 0 1
    outer loop
      vertex 18.0577 8.56265 58
      vertex 18.0207 8.47932 58
      vertex 18.0735 8.56436 58
    endloop
  endfacet
  facet normal -0 0 1
    outer loop
      vertex 18.0248 8.55922 58
      vertex 18.0207 8.47932 58
      vertex 18.0577 8.56265 58
    endloop
  endfacet
  facet normal -0 0 1
    outer loop
      vertex 18.0078 8.5575 58
      vertex 18.0207 8.47932 58
      vertex 18.0248 8.55922 58
    endloop
  endfacet
  facet normal -0 0 1
    outer loop
      vertex 17.9723 8.55405 58
      vertex 18.0207 8.47932 58
      vertex 18.0078 8.5575 58
    endloop
  endfacet
  facet normal -0 0 1
    outer loop
      vertex 17.9351 8.5506 58
      vertex 18.0207 8.47932 58
      vertex 17.9723 8.55405 58
    endloop
  endfacet
  facet normal -0 0 1
    outer loop
      vertex 17.9158 8.54887 58
      vertex 18.0207 8.47932 58
      vertex 17.9351 8.5506 58
    endloop
  endfacet
  facet normal -0 0 1
    outer loop
      vertex 17.8874 8.5467 58
      vertex 18.0207 8.47932 58
      vertex 17.9158 8.54887 58
    endloop
  endfacet
  facet normal 0 0 1
    outer loop
      vertex 17.7969 8.2946 58
      vertex 17.8874 8.5467 58
      vertex 17.8412 8.54365 58
    endloop
  endfacet
  facet normal 0 0 1
    outer loop
      vertex 17.8874 8.5467 58
      vertex 17.7969 8.2946 58
      vertex 18.0207 8.47932 58
    endloop
  endfacet
  facet normal -0 0 1
    outer loop
      vertex 17.7772 8.53972 58
      vertex 17.7969 8.2946 58
      vertex 17.8412 8.54365 58
    endloop
  endfacet
  facet normal -0 0 1
    outer loop
      vertex 17.6954 8.53493 58
      vertex 17.7969 8.2946 58
      vertex 17.7772 8.53972 58
    endloop
  endfacet
  facet normal -0 0 1
    outer loop
      vertex 17.5957 8.52925 58
      vertex 17.7969 8.2946 58
      vertex 17.6954 8.53493 58
    endloop
  endfacet
  facet normal -0 0 1
    outer loop
      vertex 17.4783 8.52269 58
      vertex 17.7969 8.2946 58
      vertex 17.5957 8.52925 58
    endloop
  endfacet
  facet normal -0 0 1
    outer loop
      vertex 17.343 8.51525 58
      vertex 17.7969 8.2946 58
      vertex 17.4783 8.52269 58
    endloop
  endfacet
  facet normal 0 0 1
    outer loop
      vertex 17.1389 7.72377 58
      vertex 17.343 8.51525 58
      vertex 17.1899 8.50695 58
    endloop
  endfacet
  facet normal 0 0 1
    outer loop
      vertex 17.343 8.51525 58
      vertex 17.1389 7.72377 58
      vertex 17.7969 8.2946 58
    endloop
  endfacet
  facet normal -0 0 1
    outer loop
      vertex 17.019 8.49776 58
      vertex 17.1389 7.72377 58
      vertex 17.1899 8.50695 58
    endloop
  endfacet
  facet normal 0 0 1
    outer loop
      vertex 17.1389 7.72377 58
      vertex 17.019 8.49776 58
      vertex 16.8303 8.48769 58
    endloop
  endfacet
  facet normal 0.976287 -0.216481 0
    outer loop
      vertex 21.1734 -3.73344 58
      vertex 21 -4.51544 45.8
      vertex 21.1734 -3.73344 45.8
    endloop
  endfacet
  facet normal 0.976292 -0.21646 -1.4368e-06
    outer loop
      vertex 20.7674 -5.56461 58
      vertex 21 -4.51544 45.8
      vertex 21.1734 -3.73344 58
    endloop
  endfacet
  facet normal 0.976295 -0.216444 0
    outer loop
      vertex 20.7674 -5.56461 44
      vertex 21 -4.51544 45.8
      vertex 20.7674 -5.56461 58
    endloop
  endfacet
  facet normal 0.976295 -0.216444 0
    outer loop
      vertex 21 -4.51544 45.8
      vertex 20.7674 -5.56461 44
      vertex 21 -4.51544 44
    endloop
  endfacet
  facet normal 0.976292 -0.21646 0
    outer loop
      vertex 20.7674 -5.56461 22
      vertex 21.1734 -3.73344 0
      vertex 21.1734 -3.73344 22
    endloop
  endfacet
  facet normal 0.976292 -0.21646 0
    outer loop
      vertex 21.1734 -3.73344 0
      vertex 20.7674 -5.56461 22
      vertex 20.7674 -5.56461 0
    endloop
  endfacet
  facet normal -0.3007 -0.953719 0
    outer loop
      vertex -7.35343 -20.2034 0
      vertex -5.56461 -20.7674 34
      vertex -7.35343 -20.2034 34
    endloop
  endfacet
  facet normal -0.3007 -0.953719 -0
    outer loop
      vertex -5.56461 -20.7674 34
      vertex -7.35343 -20.2034 0
      vertex -5.56461 -20.7674 0
    endloop
  endfacet
  facet normal -0.3007 -0.953719 0
    outer loop
      vertex -7.35343 -20.2034 56
      vertex -5.56461 -20.7674 58
      vertex -7.35343 -20.2034 58
    endloop
  endfacet
  facet normal -0.3007 -0.953719 -0
    outer loop
      vertex -5.56461 -20.7674 58
      vertex -7.35343 -20.2034 56
      vertex -5.56461 -20.7674 56
    endloop
  endfacet
  facet normal 0.46176 0.887005 2.76584e-05
    outer loop
      vertex 10.75 18.6195 58
      vertex 10 19.01 56
      vertex 9.08629 19.4856 58
    endloop
  endfacet
  facet normal 0.461818 0.886975 0
    outer loop
      vertex 10.75 18.6195 58
      vertex 10 19.01 34
      vertex 10 19.01 56
    endloop
  endfacet
  facet normal 0.461818 0.886975 -0
    outer loop
      vertex 10.75 18.6195 0
      vertex 10 19.01 34
      vertex 10.75 18.6195 58
    endloop
  endfacet
  facet normal 0.46176 0.887005 -1.62697e-06
    outer loop
      vertex 9.08629 19.4856 0
      vertex 10 19.01 34
      vertex 10.75 18.6195 0
    endloop
  endfacet
  facet normal 0.461712 0.88703 0
    outer loop
      vertex 10 19.01 34
      vertex 9.08629 19.4856 0
      vertex 9.08629 19.4856 34
    endloop
  endfacet
  facet normal 0.461712 0.88703 0
    outer loop
      vertex 9.08629 19.4856 58
      vertex 10 19.01 56
      vertex 9.08629 19.4856 56
    endloop
  endfacet
  facet normal 0.537269 0.843411 -0
    outer loop
      vertex 12.3319 17.6118 37.4292
      vertex 10.75 18.6195 58
      vertex 12.3319 17.6118 58
    endloop
  endfacet
  facet normal 0.536123 0.84414 -0.000123762
    outer loop
      vertex 12.31 17.6257 37.3681
      vertex 10.75 18.6195 58
      vertex 12.3319 17.6118 37.4292
    endloop
  endfacet
  facet normal 0.537719 0.843124 4.57918e-05
    outer loop
      vertex 12.2194 17.6835 37.0353
      vertex 10.75 18.6195 58
      vertex 12.31 17.6257 37.3681
    endloop
  endfacet
  facet normal 0.53661 0.843831 -6.35033e-05
    outer loop
      vertex 12.1541 17.725 36.6946
      vertex 10.75 18.6195 58
      vertex 12.2194 17.6835 37.0353
    endloop
  endfacet
  facet normal 0.537907 0.843004 5.67431e-05
    outer loop
      vertex 12.1148 17.7501 36.3486
      vertex 10.75 18.6195 58
      vertex 12.1541 17.725 36.6946
    endloop
  endfacet
  facet normal 0.53712 0.843506 -1.30253e-05
    outer loop
      vertex 12.1016 17.7585 36
      vertex 10.75 18.6195 58
      vertex 12.1148 17.7501 36.3486
    endloop
  endfacet
  facet normal 0.537073 0.843536 1.04822e-05
    outer loop
      vertex 10.75 18.6195 0
      vertex 12.1016 17.7585 36
      vertex 12.1148 17.7501 35.6514
    endloop
  endfacet
  facet normal 0.537269 0.843411 0
    outer loop
      vertex 10.75 18.6195 0
      vertex 12.3319 17.6118 34.5708
      vertex 12.3319 17.6118 0
    endloop
  endfacet
  facet normal 0.536035 0.844196 7.93218e-05
    outer loop
      vertex 12.3319 17.6118 34.5708
      vertex 10.75 18.6195 0
      vertex 12.31 17.6257 34.6319
    endloop
  endfacet
  facet normal 0.53776 0.843098 -2.99076e-05
    outer loop
      vertex 12.31 17.6257 34.6319
      vertex 10.75 18.6195 0
      vertex 12.2194 17.6835 34.9647
    endloop
  endfacet
  facet normal 0.536532 0.84388 4.26514e-05
    outer loop
      vertex 12.2194 17.6835 34.9647
      vertex 10.75 18.6195 0
      vertex 12.1541 17.725 35.3054
    endloop
  endfacet
  facet normal 0.538012 0.842937 -4.00743e-05
    outer loop
      vertex 12.1541 17.725 35.3054
      vertex 10.75 18.6195 0
      vertex 12.1148 17.7501 35.6514
    endloop
  endfacet
  facet normal 0.537271 0.84341 0
    outer loop
      vertex 12.1016 17.7585 36
      vertex 10.75 18.6195 0
      vertex 10.75 18.6195 58
    endloop
  endfacet
  facet normal 0.923875 0.382695 0
    outer loop
      vertex 20.2034 7.35343 22
      vertex 19.4856 9.08629 0
      vertex 19.4856 9.08629 22
    endloop
  endfacet
  facet normal 0.923875 0.382695 0
    outer loop
      vertex 19.4856 9.08629 0
      vertex 20.2034 7.35343 22
      vertex 20.2034 7.35343 0
    endloop
  endfacet
  facet normal 0.923875 0.382695 0
    outer loop
      vertex 20.2034 7.35343 58
      vertex 19.4856 9.08629 44
      vertex 19.4856 9.08629 58
    endloop
  endfacet
  facet normal 0.923875 0.382695 0
    outer loop
      vertex 19.4856 9.08629 44
      vertex 20.2034 7.35343 58
      vertex 20.2034 7.35343 44
    endloop
  endfacet
  facet normal 0.923875 -0.382695 0
    outer loop
      vertex 19.4856 -9.08629 58
      vertex 20.2034 -7.35343 44
      vertex 20.2034 -7.35343 58
    endloop
  endfacet
  facet normal 0.923875 -0.382695 0
    outer loop
      vertex 20.2034 -7.35343 44
      vertex 19.4856 -9.08629 58
      vertex 19.4856 -9.08629 44
    endloop
  endfacet
  facet normal 0.923875 -0.382695 0
    outer loop
      vertex 19.4856 -9.08629 22
      vertex 20.2034 -7.35343 0
      vertex 20.2034 -7.35343 22
    endloop
  endfacet
  facet normal 0.923875 -0.382695 0
    outer loop
      vertex 20.2034 -7.35343 0
      vertex 19.4856 -9.08629 22
      vertex 19.4856 -9.08629 0
    endloop
  endfacet
  facet normal 0.3007 0.953719 -0
    outer loop
      vertex 7.35343 20.2034 56
      vertex 5.56461 20.7674 58
      vertex 7.35343 20.2034 58
    endloop
  endfacet
  facet normal 0.3007 0.953719 0
    outer loop
      vertex 5.56461 20.7674 58
      vertex 7.35343 20.2034 56
      vertex 5.56461 20.7674 56
    endloop
  endfacet
  facet normal 0.3007 0.953719 -0
    outer loop
      vertex 7.35343 20.2034 0
      vertex 5.56461 20.7674 34
      vertex 7.35343 20.2034 34
    endloop
  endfacet
  facet normal 0.3007 0.953719 0
    outer loop
      vertex 5.56461 20.7674 34
      vertex 7.35343 20.2034 0
      vertex 5.56461 20.7674 0
    endloop
  endfacet
  facet normal 0.382695 0.923875 -0
    outer loop
      vertex 9.08629 19.4856 56
      vertex 7.35343 20.2034 58
      vertex 9.08629 19.4856 58
    endloop
  endfacet
  facet normal 0.382695 0.923875 0
    outer loop
      vertex 7.35343 20.2034 58
      vertex 9.08629 19.4856 56
      vertex 7.35343 20.2034 56
    endloop
  endfacet
  facet normal 0.382695 0.923875 -0
    outer loop
      vertex 9.08629 19.4856 0
      vertex 7.35343 20.2034 34
      vertex 9.08629 19.4856 34
    endloop
  endfacet
  facet normal 0.382695 0.923875 0
    outer loop
      vertex 7.35343 20.2034 34
      vertex 9.08629 19.4856 0
      vertex 7.35343 20.2034 0
    endloop
  endfacet
  facet normal -0.737276 0.675592 0
    outer loop
      vertex -16.47 13.8199 0
      vertex -15.2028 15.2028 58
      vertex -15.2028 15.2028 0
    endloop
  endfacet
  facet normal -0.737276 0.675592 0
    outer loop
      vertex -15.2028 15.2028 58
      vertex -16.47 13.8199 0
      vertex -16.47 13.8199 58
    endloop
  endfacet
  facet normal 0.3007 -0.953719 0
    outer loop
      vertex 5.56461 -20.7674 56
      vertex 7.35343 -20.2034 58
      vertex 5.56461 -20.7674 58
    endloop
  endfacet
  facet normal 0.3007 -0.953719 0
    outer loop
      vertex 7.35343 -20.2034 58
      vertex 5.56461 -20.7674 56
      vertex 7.35343 -20.2034 56
    endloop
  endfacet
  facet normal 0.3007 -0.953719 0
    outer loop
      vertex 5.56461 -20.7674 0
      vertex 7.35343 -20.2034 34
      vertex 5.56461 -20.7674 34
    endloop
  endfacet
  facet normal 0.3007 -0.953719 0
    outer loop
      vertex 7.35343 -20.2034 34
      vertex 5.56461 -20.7674 0
      vertex 7.35343 -20.2034 0
    endloop
  endfacet
  facet normal 0.991446 -0.130516 0
    outer loop
      vertex 21.1734 -3.73344 22
      vertex 21.4182 -1.87385 0
      vertex 21.4182 -1.87385 22
    endloop
  endfacet
  facet normal 0.991446 -0.130516 0
    outer loop
      vertex 21.4182 -1.87385 0
      vertex 21.1734 -3.73344 22
      vertex 21.1734 -3.73344 0
    endloop
  endfacet
  facet normal 0.991446 -0.130516 0
    outer loop
      vertex 21.1734 -3.73344 58
      vertex 21.4182 -1.87385 45.8
      vertex 21.4182 -1.87385 58
    endloop
  endfacet
  facet normal 0.991446 -0.130516 0
    outer loop
      vertex 21.4182 -1.87385 45.8
      vertex 21.1734 -3.73344 58
      vertex 21.1734 -3.73344 45.8
    endloop
  endfacet
  facet normal 0.999049 -0.0436119 0
    outer loop
      vertex 21.4182 -1.87385 22
      vertex 21.5 0 0
      vertex 21.5 0 22
    endloop
  endfacet
  facet normal 0.999049 -0.0436119 0
    outer loop
      vertex 21.5 0 0
      vertex 21.4182 -1.87385 22
      vertex 21.4182 -1.87385 0
    endloop
  endfacet
  facet normal 0.999049 -0.0436119 0
    outer loop
      vertex 21.4182 -1.87385 58
      vertex 21.5 0 45.8
      vertex 21.5 0 58
    endloop
  endfacet
  facet normal 0.999049 -0.0436119 0
    outer loop
      vertex 21.5 0 45.8
      vertex 21.4182 -1.87385 58
      vertex 21.4182 -1.87385 45.8
    endloop
  endfacet
  facet normal 0.737341 0.675521 0
    outer loop
      vertex 15.2028 15.2028 58
      vertex 15.4279 14.9571 39.9855
      vertex 15.2028 15.2028 40
    endloop
  endfacet
  facet normal 0.737276 0.675592 -1.78309e-06
    outer loop
      vertex 16.47 13.8199 58
      vertex 15.4279 14.9571 39.9855
      vertex 15.2028 15.2028 58
    endloop
  endfacet
  facet normal 0.738206 0.674575 -0.000119794
    outer loop
      vertex 15.4279 14.9571 39.9855
      vertex 16.47 13.8199 58
      vertex 15.4385 14.9455 39.9848
    endloop
  endfacet
  facet normal 0.737191 0.675685 7.68005e-06
    outer loop
      vertex 15.4385 14.9455 39.9848
      vertex 16.47 13.8199 58
      vertex 15.6725 14.6902 39.9392
    endloop
  endfacet
  facet normal 0.737228 0.675644 4.10052e-06
    outer loop
      vertex 15.6725 14.6902 39.9392
      vertex 16.47 13.8199 58
      vertex 15.9029 14.4388 39.8637
    endloop
  endfacet
  facet normal 0.737353 0.675508 -4.44774e-06
    outer loop
      vertex 15.9029 14.4388 39.8637
      vertex 16.47 13.8199 58
      vertex 16.1279 14.1932 39.7588
    endloop
  endfacet
  facet normal 0.737117 0.675765 5.22931e-06
    outer loop
      vertex 16.1279 14.1932 39.7588
      vertex 16.47 13.8199 58
      vertex 16.346 13.9553 39.6252
    endloop
  endfacet
  facet normal 0.737471 0.675379 0
    outer loop
      vertex 16.346 13.9553 39.6252
      vertex 16.47 13.8199 58
      vertex 16.47 13.8199 39.5298
    endloop
  endfacet
  facet normal 0.737341 0.675521 5.63591e-06
    outer loop
      vertex 16.47 13.8199 0
      vertex 15.2028 15.2028 32
      vertex 15.4279 14.9571 32.0145
    endloop
  endfacet
  facet normal 0.738208 0.674573 6.75202e-05
    outer loop
      vertex 16.47 13.8199 0
      vertex 15.4279 14.9571 32.0145
      vertex 15.4385 14.9455 32.0152
    endloop
  endfacet
  facet normal 0.73719 0.675685 -4.34258e-06
    outer loop
      vertex 16.47 13.8199 0
      vertex 15.4385 14.9455 32.0152
      vertex 15.6725 14.6902 32.0608
    endloop
  endfacet
  facet normal 0.737228 0.675645 -2.32442e-06
    outer loop
      vertex 16.47 13.8199 0
      vertex 15.6725 14.6902 32.0608
      vertex 15.9029 14.4388 32.1363
    endloop
  endfacet
  facet normal 0.737353 0.675508 2.52592e-06
    outer loop
      vertex 16.47 13.8199 0
      vertex 15.9029 14.4388 32.1363
      vertex 16.1279 14.1932 32.2412
    endloop
  endfacet
  facet normal 0.737116 0.675766 -2.97327e-06
    outer loop
      vertex 16.47 13.8199 0
      vertex 16.1279 14.1932 32.2412
      vertex 16.346 13.9553 32.3748
    endloop
  endfacet
  facet normal 0.737471 0.675379 -0
    outer loop
      vertex 16.47 13.8199 0
      vertex 16.346 13.9553 32.3748
      vertex 16.47 13.8199 32.4702
    endloop
  endfacet
  facet normal 0.737276 0.675592 0
    outer loop
      vertex 15.2028 15.2028 32
      vertex 16.47 13.8199 0
      vertex 15.2028 15.2028 0
    endloop
  endfacet
  facet normal 0.21646 0.976292 -0
    outer loop
      vertex 5.56461 20.7674 0
      vertex 3.73344 21.1734 34
      vertex 5.56461 20.7674 34
    endloop
  endfacet
  facet normal 0.21646 0.976292 0
    outer loop
      vertex 3.73344 21.1734 34
      vertex 5.56461 20.7674 0
      vertex 3.73344 21.1734 0
    endloop
  endfacet
  facet normal 0.21646 0.976292 -8.76448e-05
    outer loop
      vertex 5.56461 20.7674 58
      vertex 4.51544 21 57.8
      vertex 3.73344 21.1734 58
    endloop
  endfacet
  facet normal 0.216444 0.976295 -0
    outer loop
      vertex 5.56461 20.7674 56
      vertex 4.51544 21 57.8
      vertex 5.56461 20.7674 58
    endloop
  endfacet
  facet normal 0.216444 0.976295 0
    outer loop
      vertex 4.51544 21 57.8
      vertex 5.56461 20.7674 56
      vertex 4.51544 21 56
    endloop
  endfacet
  facet normal 0.216481 0.976287 0
    outer loop
      vertex 3.73344 21.1734 58
      vertex 4.51544 21 57.8
      vertex 3.73344 21.1734 57.8
    endloop
  endfacet
  facet normal 0.537269 -0.843411 0
    outer loop
      vertex 10.75 -18.6195 0
      vertex 12.3319 -17.6118 58
      vertex 10.75 -18.6195 58
    endloop
  endfacet
  facet normal 0.537269 -0.843411 0
    outer loop
      vertex 12.3319 -17.6118 58
      vertex 10.75 -18.6195 0
      vertex 12.3319 -17.6118 0
    endloop
  endfacet
  facet normal -0.737732 -0.675094 0
    outer loop
      vertex -16.47 -13.8199 0
      vertex -16.4215 -13.8729 27.7381
      vertex -16.47 -13.8199 27.8507
    endloop
  endfacet
  facet normal -0.737227 -0.675645 -1.93595e-06
    outer loop
      vertex -16.47 -13.8199 0
      vertex -16.3425 -13.9591 27.5859
      vertex -16.4215 -13.8729 27.7381
    endloop
  endfacet
  facet normal -0.737343 -0.675518 -7.55694e-07
    outer loop
      vertex -16.47 -13.8199 0
      vertex -16.2682 -14.0402 27.466
      vertex -16.3425 -13.9591 27.5859
    endloop
  endfacet
  facet normal -0.736743 -0.676173 -1.04221e-05
    outer loop
      vertex -16.47 -13.8199 0
      vertex -16.2548 -14.0548 27.4444
      vertex -16.2682 -14.0402 27.466
    endloop
  endfacet
  facet normal -0.736848 -0.676058 -8.60923e-06
    outer loop
      vertex -16.47 -13.8199 0
      vertex -16.1736 -14.1433 27.3344
      vertex -16.2548 -14.0548 27.4444
    endloop
  endfacet
  facet normal -0.738864 -0.673855 3.93066e-05
    outer loop
      vertex -16.47 -13.8199 0
      vertex -16.1591 -14.1592 27.3147
      vertex -16.1736 -14.1433 27.3344
    endloop
  endfacet
  facet normal -0.736801 -0.67611 -1.21872e-05
    outer loop
      vertex -16.47 -13.8199 0
      vertex -16.1435 -14.1762 27.297
      vertex -16.1591 -14.1592 27.3147
    endloop
  endfacet
  facet normal -0.737346 -0.675516 2.08959e-06
    outer loop
      vertex -16.47 -13.8199 0
      vertex -16.0561 -14.2716 27.1979
      vertex -16.1435 -14.1762 27.297
    endloop
  endfacet
  facet normal -0.737308 -0.675557 8.23696e-07
    outer loop
      vertex -16.47 -13.8199 0
      vertex -15.9467 -14.391 27.0947
      vertex -16.0561 -14.2716 27.1979
    endloop
  endfacet
  facet normal -0.737438 -0.675415 6.34125e-06
    outer loop
      vertex -16.47 -13.8199 0
      vertex -15.8487 -14.498 27.0193
      vertex -15.9467 -14.391 27.0947
    endloop
  endfacet
  facet normal -0.736032 -0.676947 -6.44264e-05
    outer loop
      vertex -16.47 -13.8199 0
      vertex -15.8315 -14.5167 27.0061
      vertex -15.8487 -14.498 27.0193
    endloop
  endfacet
  facet normal -0.736845 -0.676062 -2.23751e-05
    outer loop
      vertex -16.47 -13.8199 0
      vertex -15.8137 -14.5361 26.9952
      vertex -15.8315 -14.5167 27.0061
    endloop
  endfacet
  facet normal -0.73721 -0.675664 -2.94688e-06
    outer loop
      vertex -16.47 -13.8199 0
      vertex -15.7116 -14.6475 26.9327
      vertex -15.8137 -14.5361 26.9952
    endloop
  endfacet
  facet normal -0.737444 -0.675409 1.1476e-05
    outer loop
      vertex -16.47 -13.8199 0
      vertex -15.606 -14.7628 26.8834
      vertex -15.7116 -14.6475 26.9327
    endloop
  endfacet
  facet normal -0.736243 -0.676717 -7.3023e-05
    outer loop
      vertex -16.47 -13.8199 0
      vertex -15.5878 -14.7826 26.875
      vertex -15.606 -14.7628 26.8834
    endloop
  endfacet
  facet normal -0.737616 -0.67522 2.57068e-05
    outer loop
      vertex -16.47 -13.8199 0
      vertex -15.4796 -14.9008 26.8395
      vertex -15.5878 -14.7826 26.875
    endloop
  endfacet
  facet normal -0.735803 -0.677195 -0.000120746
    outer loop
      vertex -16.47 -13.8199 0
      vertex -15.4611 -14.9209 26.8334
      vertex -15.4796 -14.9008 26.8395
    endloop
  endfacet
  facet normal -0.737305 -0.67556 2.78161e-06
    outer loop
      vertex -16.47 -13.8199 0
      vertex -15.4425 -14.9412 26.8298
      vertex -15.4611 -14.9209 26.8334
    endloop
  endfacet
  facet normal -0.737433 -0.67542 1.35731e-05
    outer loop
      vertex -16.47 -13.8199 0
      vertex -15.3325 -15.0613 26.8084
      vertex -15.4425 -14.9412 26.8298
    endloop
  endfacet
  facet normal -0.737276 -0.675592 -0
    outer loop
      vertex -15.2028 -15.2028 26.8
      vertex -16.47 -13.8199 0
      vertex -15.2028 -15.2028 0
    endloop
  endfacet
  facet normal -0.737176 -0.675701 -1.03353e-05
    outer loop
      vertex -16.47 -13.8199 0
      vertex -15.2028 -15.2028 26.8
      vertex -15.3325 -15.0613 26.8084
    endloop
  endfacet
  facet normal -0.737732 -0.675094 0
    outer loop
      vertex -16.4215 -13.8729 30.2619
      vertex -16.47 -13.8199 58
      vertex -16.47 -13.8199 30.1493
    endloop
  endfacet
  facet normal -0.737227 -0.675645 1.93595e-06
    outer loop
      vertex -16.3425 -13.9591 30.4141
      vertex -16.47 -13.8199 58
      vertex -16.4215 -13.8729 30.2619
    endloop
  endfacet
  facet normal -0.737343 -0.675518 7.55694e-07
    outer loop
      vertex -16.2682 -14.0402 30.534
      vertex -16.47 -13.8199 58
      vertex -16.3425 -13.9591 30.4141
    endloop
  endfacet
  facet normal -0.736743 -0.676173 1.04221e-05
    outer loop
      vertex -16.2548 -14.0548 30.5556
      vertex -16.47 -13.8199 58
      vertex -16.2682 -14.0402 30.534
    endloop
  endfacet
  facet normal -0.736848 -0.676058 8.60923e-06
    outer loop
      vertex -16.1736 -14.1433 30.6656
      vertex -16.47 -13.8199 58
      vertex -16.2548 -14.0548 30.5556
    endloop
  endfacet
  facet normal -0.738864 -0.673855 -3.93066e-05
    outer loop
      vertex -16.1591 -14.1592 30.6853
      vertex -16.47 -13.8199 58
      vertex -16.1736 -14.1433 30.6656
    endloop
  endfacet
  facet normal -0.736801 -0.67611 1.21872e-05
    outer loop
      vertex -16.1435 -14.1762 30.703
      vertex -16.47 -13.8199 58
      vertex -16.1591 -14.1592 30.6853
    endloop
  endfacet
  facet normal -0.737346 -0.675516 -2.08959e-06
    outer loop
      vertex -16.0561 -14.2716 30.8021
      vertex -16.47 -13.8199 58
      vertex -16.1435 -14.1762 30.703
    endloop
  endfacet
  facet normal -0.737308 -0.675557 -8.23696e-07
    outer loop
      vertex -15.9467 -14.391 30.9053
      vertex -16.47 -13.8199 58
      vertex -16.0561 -14.2716 30.8021
    endloop
  endfacet
  facet normal -0.737438 -0.675415 -6.34125e-06
    outer loop
      vertex -15.8487 -14.498 30.9807
      vertex -16.47 -13.8199 58
      vertex -15.9467 -14.391 30.9053
    endloop
  endfacet
  facet normal -0.736032 -0.676947 6.44264e-05
    outer loop
      vertex -15.8315 -14.5167 30.9939
      vertex -16.47 -13.8199 58
      vertex -15.8487 -14.498 30.9807
    endloop
  endfacet
  facet normal -0.736845 -0.676062 2.23751e-05
    outer loop
      vertex -15.8137 -14.5361 31.0048
      vertex -16.47 -13.8199 58
      vertex -15.8315 -14.5167 30.9939
    endloop
  endfacet
  facet normal -0.73721 -0.675664 2.94688e-06
    outer loop
      vertex -15.7116 -14.6475 31.0673
      vertex -16.47 -13.8199 58
      vertex -15.8137 -14.5361 31.0048
    endloop
  endfacet
  facet normal -0.737444 -0.675409 -1.1476e-05
    outer loop
      vertex -15.606 -14.7628 31.1166
      vertex -16.47 -13.8199 58
      vertex -15.7116 -14.6475 31.0673
    endloop
  endfacet
  facet normal -0.736243 -0.676717 7.3023e-05
    outer loop
      vertex -15.5878 -14.7826 31.125
      vertex -16.47 -13.8199 58
      vertex -15.606 -14.7628 31.1166
    endloop
  endfacet
  facet normal -0.737616 -0.67522 -2.57068e-05
    outer loop
      vertex -15.4796 -14.9008 31.1605
      vertex -16.47 -13.8199 58
      vertex -15.5878 -14.7826 31.125
    endloop
  endfacet
  facet normal -0.735803 -0.677195 0.000120746
    outer loop
      vertex -15.4611 -14.9209 31.1666
      vertex -16.47 -13.8199 58
      vertex -15.4796 -14.9008 31.1605
    endloop
  endfacet
  facet normal -0.737305 -0.67556 -2.78161e-06
    outer loop
      vertex -15.4425 -14.9412 31.1702
      vertex -16.47 -13.8199 58
      vertex -15.4611 -14.9209 31.1666
    endloop
  endfacet
  facet normal -0.737433 -0.67542 -1.35731e-05
    outer loop
      vertex -15.3325 -15.0613 31.1916
      vertex -16.47 -13.8199 58
      vertex -15.4425 -14.9412 31.1702
    endloop
  endfacet
  facet normal -0.737176 -0.675701 1.03353e-05
    outer loop
      vertex -15.2028 -15.2028 31.2
      vertex -16.47 -13.8199 58
      vertex -15.3325 -15.0613 31.1916
    endloop
  endfacet
  facet normal -0.737276 -0.675592 0
    outer loop
      vertex -16.47 -13.8199 58
      vertex -15.2028 -15.2028 31.2
      vertex -15.2028 -15.2028 58
    endloop
  endfacet
  facet normal -0.435262 0.520626 0.734504
    outer loop
      vertex -14.1592 -16.1591 27.3147
      vertex -14.0548 -16.2548 27.4444
      vertex -14.1433 -16.1736 27.3344
    endloop
  endfacet
  facet normal 0.137868 0.622172 0.770645
    outer loop
      vertex -14.6475 -15.7116 26.9327
      vertex -14.5167 -15.8315 27.0061
      vertex -14.5361 -15.8137 26.9952
    endloop
  endfacet
  facet normal 0.68908 0.513776 -0.511079
    outer loop
      vertex -14.7826 -15.5878 26.875
      vertex -14.6475 -15.7116 26.9327
      vertex -14.7628 -15.606 26.8834
    endloop
  endfacet
  facet normal -0.675592 -0.737276 0
    outer loop
      vertex -13.8199 -16.47 0
      vertex -15.2028 -15.2028 26.8
      vertex -15.2028 -15.2028 0
    endloop
  endfacet
  facet normal -0.675701 -0.737176 -1.03353e-05
    outer loop
      vertex -15.2028 -15.2028 26.8
      vertex -13.8199 -16.47 0
      vertex -15.0613 -15.3325 26.8084
    endloop
  endfacet
  facet normal -0.67542 -0.737433 1.35731e-05
    outer loop
      vertex -15.0613 -15.3325 26.8084
      vertex -13.8199 -16.47 0
      vertex -14.9412 -15.4425 26.8298
    endloop
  endfacet
  facet normal -0.67556 -0.737305 2.78161e-06
    outer loop
      vertex -14.9412 -15.4425 26.8298
      vertex -13.8199 -16.47 0
      vertex -14.9209 -15.4611 26.8334
    endloop
  endfacet
  facet normal -0.677195 -0.735803 -0.000120746
    outer loop
      vertex -14.9209 -15.4611 26.8334
      vertex -13.8199 -16.47 0
      vertex -14.9008 -15.4796 26.8395
    endloop
  endfacet
  facet normal -0.67522 -0.737616 2.57068e-05
    outer loop
      vertex -14.9008 -15.4796 26.8395
      vertex -13.8199 -16.47 0
      vertex -14.7826 -15.5878 26.875
    endloop
  endfacet
  facet normal -0.675601 -0.737267 5.91996e-07
    outer loop
      vertex -14.7826 -15.5878 26.875
      vertex -13.8199 -16.47 0
      vertex -14.6475 -15.7116 26.9327
    endloop
  endfacet
  facet normal -0.675723 -0.737156 -6.27814e-06
    outer loop
      vertex -14.6475 -15.7116 26.9327
      vertex -13.8199 -16.47 0
      vertex -14.5167 -15.8315 27.0061
    endloop
  endfacet
  facet normal -0.676947 -0.736032 -6.44264e-05
    outer loop
      vertex -14.5167 -15.8315 27.0061
      vertex -13.8199 -16.47 0
      vertex -14.498 -15.8487 27.0193
    endloop
  endfacet
  facet normal -0.675415 -0.737438 6.34125e-06
    outer loop
      vertex -14.498 -15.8487 27.0193
      vertex -13.8199 -16.47 0
      vertex -14.391 -15.9467 27.0947
    endloop
  endfacet
  facet normal -0.675557 -0.737308 8.23696e-07
    outer loop
      vertex -14.391 -15.9467 27.0947
      vertex -13.8199 -16.47 0
      vertex -14.2716 -16.0561 27.1979
    endloop
  endfacet
  facet normal -0.675516 -0.737346 2.08959e-06
    outer loop
      vertex -14.2716 -16.0561 27.1979
      vertex -13.8199 -16.47 0
      vertex -14.1762 -16.1435 27.297
    endloop
  endfacet
  facet normal -0.67611 -0.736801 -1.21872e-05
    outer loop
      vertex -14.1762 -16.1435 27.297
      vertex -13.8199 -16.47 0
      vertex -14.1592 -16.1591 27.3147
    endloop
  endfacet
  facet normal -0.675722 -0.737156 -3.32217e-06
    outer loop
      vertex -14.1592 -16.1591 27.3147
      vertex -13.8199 -16.47 0
      vertex -14.0548 -16.2548 27.4444
    endloop
  endfacet
  facet normal -0.676173 -0.736743 -1.04221e-05
    outer loop
      vertex -14.0548 -16.2548 27.4444
      vertex -13.8199 -16.47 0
      vertex -14.0402 -16.2682 27.466
    endloop
  endfacet
  facet normal -0.675518 -0.737343 -7.55694e-07
    outer loop
      vertex -14.0402 -16.2682 27.466
      vertex -13.8199 -16.47 0
      vertex -13.9591 -16.3425 27.5859
    endloop
  endfacet
  facet normal -0.675645 -0.737227 -1.93595e-06
    outer loop
      vertex -13.9591 -16.3425 27.5859
      vertex -13.8199 -16.47 0
      vertex -13.8729 -16.4215 27.7381
    endloop
  endfacet
  facet normal -0.675094 -0.737732 0
    outer loop
      vertex -13.8729 -16.4215 27.7381
      vertex -13.8199 -16.47 0
      vertex -13.8199 -16.47 27.8507
    endloop
  endfacet
  facet normal -0.675592 -0.737276 0
    outer loop
      vertex -15.2028 -15.2028 31.2
      vertex -13.8199 -16.47 58
      vertex -15.2028 -15.2028 58
    endloop
  endfacet
  facet normal -0.675701 -0.737176 1.03353e-05
    outer loop
      vertex -15.0613 -15.3325 31.1916
      vertex -13.8199 -16.47 58
      vertex -15.2028 -15.2028 31.2
    endloop
  endfacet
  facet normal -0.67542 -0.737433 -1.35731e-05
    outer loop
      vertex -14.9412 -15.4425 31.1702
      vertex -13.8199 -16.47 58
      vertex -15.0613 -15.3325 31.1916
    endloop
  endfacet
  facet normal -0.67556 -0.737305 -2.78161e-06
    outer loop
      vertex -14.9209 -15.4611 31.1666
      vertex -13.8199 -16.47 58
      vertex -14.9412 -15.4425 31.1702
    endloop
  endfacet
  facet normal -0.677195 -0.735803 0.000120746
    outer loop
      vertex -14.9008 -15.4796 31.1605
      vertex -13.8199 -16.47 58
      vertex -14.9209 -15.4611 31.1666
    endloop
  endfacet
  facet normal -0.67522 -0.737616 -2.57068e-05
    outer loop
      vertex -14.7826 -15.5878 31.125
      vertex -13.8199 -16.47 58
      vertex -14.9008 -15.4796 31.1605
    endloop
  endfacet
  facet normal -0.676717 -0.736243 7.3023e-05
    outer loop
      vertex -14.7628 -15.606 31.1166
      vertex -13.8199 -16.47 58
      vertex -14.7826 -15.5878 31.125
    endloop
  endfacet
  facet normal -0.675409 -0.737444 -1.1476e-05
    outer loop
      vertex -14.6475 -15.7116 31.0673
      vertex -13.8199 -16.47 58
      vertex -14.7628 -15.606 31.1166
    endloop
  endfacet
  facet normal -0.675664 -0.73721 2.94688e-06
    outer loop
      vertex -14.5361 -15.8137 31.0048
      vertex -13.8199 -16.47 58
      vertex -14.6475 -15.7116 31.0673
    endloop
  endfacet
  facet normal -0.676062 -0.736845 2.23751e-05
    outer loop
      vertex -14.5167 -15.8315 30.9939
      vertex -13.8199 -16.47 58
      vertex -14.5361 -15.8137 31.0048
    endloop
  endfacet
  facet normal -0.676947 -0.736032 6.44264e-05
    outer loop
      vertex -14.498 -15.8487 30.9807
      vertex -13.8199 -16.47 58
      vertex -14.5167 -15.8315 30.9939
    endloop
  endfacet
  facet normal -0.675415 -0.737438 -6.34125e-06
    outer loop
      vertex -14.391 -15.9467 30.9053
      vertex -13.8199 -16.47 58
      vertex -14.498 -15.8487 30.9807
    endloop
  endfacet
  facet normal -0.675557 -0.737308 -8.23696e-07
    outer loop
      vertex -14.2716 -16.0561 30.8021
      vertex -13.8199 -16.47 58
      vertex -14.391 -15.9467 30.9053
    endloop
  endfacet
  facet normal -0.675516 -0.737346 -2.08959e-06
    outer loop
      vertex -14.1762 -16.1435 30.703
      vertex -13.8199 -16.47 58
      vertex -14.2716 -16.0561 30.8021
    endloop
  endfacet
  facet normal -0.67611 -0.736801 1.21872e-05
    outer loop
      vertex -14.1592 -16.1591 30.6853
      vertex -13.8199 -16.47 58
      vertex -14.1762 -16.1435 30.703
    endloop
  endfacet
  facet normal -0.673855 -0.738864 -3.93066e-05
    outer loop
      vertex -14.1433 -16.1736 30.6656
      vertex -13.8199 -16.47 58
      vertex -14.1592 -16.1591 30.6853
    endloop
  endfacet
  facet normal -0.676058 -0.736848 8.60923e-06
    outer loop
      vertex -14.0548 -16.2548 30.5556
      vertex -13.8199 -16.47 58
      vertex -14.1433 -16.1736 30.6656
    endloop
  endfacet
  facet normal -0.676173 -0.736743 1.04221e-05
    outer loop
      vertex -14.0402 -16.2682 30.534
      vertex -13.8199 -16.47 58
      vertex -14.0548 -16.2548 30.5556
    endloop
  endfacet
  facet normal -0.675518 -0.737343 7.55694e-07
    outer loop
      vertex -13.9591 -16.3425 30.4141
      vertex -13.8199 -16.47 58
      vertex -14.0402 -16.2682 30.534
    endloop
  endfacet
  facet normal -0.675645 -0.737227 1.93595e-06
    outer loop
      vertex -13.8729 -16.4215 30.2619
      vertex -13.8199 -16.47 58
      vertex -13.9591 -16.3425 30.4141
    endloop
  endfacet
  facet normal -0.675094 -0.737732 -0
    outer loop
      vertex -13.8199 -16.47 58
      vertex -13.8729 -16.4215 30.2619
      vertex -13.8199 -16.47 30.1493
    endloop
  endfacet
  facet normal 0.461712 -0.88703 0
    outer loop
      vertex 9.08629 -19.4856 34
      vertex 9.08629 -19.4856 0
      vertex 10 -19.01 34
    endloop
  endfacet
  facet normal 0.461712 -0.88703 0
    outer loop
      vertex 10 -19.01 56
      vertex 9.08629 -19.4856 58
      vertex 9.08629 -19.4856 56
    endloop
  endfacet
  facet normal 0.46176 -0.887005 2.76584e-05
    outer loop
      vertex 9.08629 -19.4856 58
      vertex 10 -19.01 56
      vertex 10.75 -18.6195 58
    endloop
  endfacet
  facet normal 0.461818 -0.886975 0
    outer loop
      vertex 10 -19.01 34
      vertex 10.75 -18.6195 58
      vertex 10 -19.01 56
    endloop
  endfacet
  facet normal 0.46176 -0.887005 -1.62697e-06
    outer loop
      vertex 10.75 -18.6195 0
      vertex 10 -19.01 34
      vertex 9.08629 -19.4856 0
    endloop
  endfacet
  facet normal 0.461818 -0.886975 0
    outer loop
      vertex 10 -19.01 34
      vertex 10.75 -18.6195 0
      vertex 10.75 -18.6195 58
    endloop
  endfacet
  facet normal 0.0436119 -0.999049 0
    outer loop
      vertex 0 -21.5 0
      vertex 1.87385 -21.4182 34
      vertex 0 -21.5 34
    endloop
  endfacet
  facet normal 0.0436119 -0.999049 0
    outer loop
      vertex 1.87385 -21.4182 34
      vertex 0 -21.5 0
      vertex 1.87385 -21.4182 0
    endloop
  endfacet
  facet normal 0.0436119 -0.999049 0
    outer loop
      vertex 0 -21.5 57.8
      vertex 1.87385 -21.4182 58
      vertex 0 -21.5 58
    endloop
  endfacet
  facet normal 0.0436119 -0.999049 0
    outer loop
      vertex 1.87385 -21.4182 58
      vertex 0 -21.5 57.8
      vertex 1.87385 -21.4182 57.8
    endloop
  endfacet
  facet normal 0.953719 -0.3007 0
    outer loop
      vertex 20.2034 -7.35343 58
      vertex 20.7674 -5.56461 44
      vertex 20.7674 -5.56461 58
    endloop
  endfacet
  facet normal 0.953719 -0.3007 0
    outer loop
      vertex 20.7674 -5.56461 44
      vertex 20.2034 -7.35343 58
      vertex 20.2034 -7.35343 44
    endloop
  endfacet
  facet normal 0.953719 -0.3007 0
    outer loop
      vertex 20.2034 -7.35343 22
      vertex 20.7674 -5.56461 0
      vertex 20.7674 -5.56461 22
    endloop
  endfacet
  facet normal 0.953719 -0.3007 0
    outer loop
      vertex 20.7674 -5.56461 0
      vertex 20.2034 -7.35343 22
      vertex 20.2034 -7.35343 0
    endloop
  endfacet
  facet normal 0.843411 -0.537269 0
    outer loop
      vertex 17.6118 -12.3319 58
      vertex 18.6195 -10.75 0
      vertex 18.6195 -10.75 58
    endloop
  endfacet
  facet normal 0.843411 -0.537269 0
    outer loop
      vertex 18.6195 -10.75 0
      vertex 17.6118 -12.3319 58
      vertex 17.6118 -12.3319 0
    endloop
  endfacet
  facet normal -0.88703 -0.461712 0
    outer loop
      vertex -19.4856 -9.08629 0
      vertex -19.01 -10 22
      vertex -19.4856 -9.08629 22
    endloop
  endfacet
  facet normal -0.886975 -0.461818 -0
    outer loop
      vertex -18.6195 -10.75 58
      vertex -19.01 -10 22
      vertex -18.6195 -10.75 0
    endloop
  endfacet
  facet normal -0.887005 -0.46176 -2.5144e-06
    outer loop
      vertex -18.6195 -10.75 0
      vertex -19.01 -10 22
      vertex -19.4856 -9.08629 0
    endloop
  endfacet
  facet normal -0.88703 -0.461712 0
    outer loop
      vertex -19.01 -10 44
      vertex -19.4856 -9.08629 58
      vertex -19.4856 -9.08629 44
    endloop
  endfacet
  facet normal -0.887005 -0.46176 3.9512e-06
    outer loop
      vertex -19.01 -10 44
      vertex -18.6195 -10.75 58
      vertex -19.4856 -9.08629 58
    endloop
  endfacet
  facet normal -0.886975 -0.461818 0
    outer loop
      vertex -19.01 -10 22
      vertex -18.6195 -10.75 58
      vertex -19.01 -10 44
    endloop
  endfacet
  facet normal -0.130516 0.991446 0
    outer loop
      vertex -1.87385 21.4182 0
      vertex -3.73344 21.1734 34
      vertex -1.87385 21.4182 34
    endloop
  endfacet
  facet normal -0.130516 0.991446 0
    outer loop
      vertex -3.73344 21.1734 34
      vertex -1.87385 21.4182 0
      vertex -3.73344 21.1734 0
    endloop
  endfacet
  facet normal -0.130516 0.991446 0
    outer loop
      vertex -1.87385 21.4182 57.8
      vertex -3.73344 21.1734 58
      vertex -1.87385 21.4182 58
    endloop
  endfacet
  facet normal -0.130516 0.991446 0
    outer loop
      vertex -3.73344 21.1734 58
      vertex -1.87385 21.4182 57.8
      vertex -3.73344 21.1734 57.8
    endloop
  endfacet
  facet normal 0.608767 -0.793349 0
    outer loop
      vertex 12.3319 -17.6118 0
      vertex 13.8199 -16.47 58
      vertex 12.3319 -17.6118 58
    endloop
  endfacet
  facet normal 0.608767 -0.793349 0
    outer loop
      vertex 13.8199 -16.47 58
      vertex 12.3319 -17.6118 0
      vertex 13.8199 -16.47 0
    endloop
  endfacet
  facet normal -0.886975 0.461818 0
    outer loop
      vertex -18.6195 10.75 0
      vertex -19.01 10 22
      vertex -18.6195 10.75 58
    endloop
  endfacet
  facet normal -0.887005 0.46176 -2.5144e-06
    outer loop
      vertex -19.4856 9.08629 0
      vertex -19.01 10 22
      vertex -18.6195 10.75 0
    endloop
  endfacet
  facet normal -0.88703 0.461712 0
    outer loop
      vertex -19.01 10 22
      vertex -19.4856 9.08629 0
      vertex -19.4856 9.08629 22
    endloop
  endfacet
  facet normal -0.886975 0.461818 0
    outer loop
      vertex -19.01 10 44
      vertex -18.6195 10.75 58
      vertex -19.01 10 22
    endloop
  endfacet
  facet normal -0.88703 0.461712 0
    outer loop
      vertex -19.4856 9.08629 58
      vertex -19.01 10 44
      vertex -19.4856 9.08629 44
    endloop
  endfacet
  facet normal -0.887005 0.46176 3.9512e-06
    outer loop
      vertex -19.01 10 44
      vertex -19.4856 9.08629 58
      vertex -18.6195 10.75 58
    endloop
  endfacet
  facet normal -0.0436119 -0.999049 0
    outer loop
      vertex -1.87385 -21.4182 0
      vertex 0 -21.5 34
      vertex -1.87385 -21.4182 34
    endloop
  endfacet
  facet normal -0.0436119 -0.999049 -0
    outer loop
      vertex 0 -21.5 34
      vertex -1.87385 -21.4182 0
      vertex 0 -21.5 0
    endloop
  endfacet
  facet normal -0.0436119 -0.999049 0
    outer loop
      vertex -1.87385 -21.4182 57.8
      vertex 0 -21.5 58
      vertex -1.87385 -21.4182 58
    endloop
  endfacet
  facet normal -0.0436119 -0.999049 -0
    outer loop
      vertex 0 -21.5 58
      vertex -1.87385 -21.4182 57.8
      vertex 0 -21.5 57.8
    endloop
  endfacet
  facet normal -0.976295 -0.216444 0
    outer loop
      vertex -21 -4.51544 44
      vertex -20.7674 -5.56461 44
      vertex -21 -4.51544 45.8
    endloop
  endfacet
  facet normal -0.976287 -0.216481 0
    outer loop
      vertex -21 -4.51544 45.8
      vertex -21.1734 -3.73344 58
      vertex -21.1734 -3.73344 45.8
    endloop
  endfacet
  facet normal -0.976295 -0.216444 -0
    outer loop
      vertex -20.7674 -5.56461 58
      vertex -21 -4.51544 45.8
      vertex -20.7674 -5.56461 44
    endloop
  endfacet
  facet normal -0.976292 -0.21646 -1.4368e-06
    outer loop
      vertex -21 -4.51544 45.8
      vertex -20.7674 -5.56461 58
      vertex -21.1734 -3.73344 58
    endloop
  endfacet
  facet normal -0.976292 -0.21646 0
    outer loop
      vertex -20.7674 -5.56461 0
      vertex -21.1734 -3.73344 22
      vertex -21.1734 -3.73344 0
    endloop
  endfacet
  facet normal -0.976292 -0.21646 0
    outer loop
      vertex -21.1734 -3.73344 22
      vertex -20.7674 -5.56461 0
      vertex -20.7674 -5.56461 22
    endloop
  endfacet
  facet normal 0.886975 0.461818 -0
    outer loop
      vertex 19.01 10 22
      vertex 18.6195 10.75 58
      vertex 19.01 10 44
    endloop
  endfacet
  facet normal 0.887005 0.46176 3.9512e-06
    outer loop
      vertex 19.4856 9.08629 58
      vertex 19.01 10 44
      vertex 18.6195 10.75 58
    endloop
  endfacet
  facet normal 0.88703 0.461712 0
    outer loop
      vertex 19.01 10 44
      vertex 19.4856 9.08629 58
      vertex 19.4856 9.08629 44
    endloop
  endfacet
  facet normal 0.886975 0.461818 0
    outer loop
      vertex 18.6195 10.75 58
      vertex 19.01 10 22
      vertex 18.6195 10.75 0
    endloop
  endfacet
  facet normal 0.88703 0.461712 -0
    outer loop
      vertex 19.4856 9.08629 0
      vertex 19.01 10 22
      vertex 19.4856 9.08629 22
    endloop
  endfacet
  facet normal 0.887005 0.46176 -2.5144e-06
    outer loop
      vertex 19.01 10 22
      vertex 19.4856 9.08629 0
      vertex 18.6195 10.75 0
    endloop
  endfacet
  facet normal -0.382695 0.923875 0
    outer loop
      vertex -7.35343 20.2034 56
      vertex -9.08629 19.4856 58
      vertex -7.35343 20.2034 58
    endloop
  endfacet
  facet normal -0.382695 0.923875 0
    outer loop
      vertex -9.08629 19.4856 58
      vertex -7.35343 20.2034 56
      vertex -9.08629 19.4856 56
    endloop
  endfacet
  facet normal -0.382695 0.923875 0
    outer loop
      vertex -7.35343 20.2034 0
      vertex -9.08629 19.4856 34
      vertex -7.35343 20.2034 34
    endloop
  endfacet
  facet normal -0.382695 0.923875 0
    outer loop
      vertex -9.08629 19.4856 34
      vertex -7.35343 20.2034 0
      vertex -9.08629 19.4856 0
    endloop
  endfacet
  facet normal 0.843411 0.537269 0
    outer loop
      vertex 18.6195 10.75 58
      vertex 17.6118 12.3319 37.4292
      vertex 17.6118 12.3319 58
    endloop
  endfacet
  facet normal 0.84414 0.536123 -0.000123762
    outer loop
      vertex 17.6118 12.3319 37.4292
      vertex 18.6195 10.75 58
      vertex 17.6257 12.31 37.3681
    endloop
  endfacet
  facet normal 0.843124 0.537719 4.57918e-05
    outer loop
      vertex 17.6257 12.31 37.3681
      vertex 18.6195 10.75 58
      vertex 17.6835 12.2194 37.0353
    endloop
  endfacet
  facet normal 0.843831 0.53661 -6.35033e-05
    outer loop
      vertex 17.6835 12.2194 37.0353
      vertex 18.6195 10.75 58
      vertex 17.725 12.1541 36.6946
    endloop
  endfacet
  facet normal 0.843004 0.537907 5.67431e-05
    outer loop
      vertex 17.725 12.1541 36.6946
      vertex 18.6195 10.75 58
      vertex 17.7501 12.1148 36.3486
    endloop
  endfacet
  facet normal 0.843506 0.53712 -1.30253e-05
    outer loop
      vertex 17.7501 12.1148 36.3486
      vertex 18.6195 10.75 58
      vertex 17.7585 12.1016 36
    endloop
  endfacet
  facet normal 0.844196 0.536035 7.93218e-05
    outer loop
      vertex 18.6195 10.75 0
      vertex 17.6118 12.3319 34.5708
      vertex 17.6257 12.31 34.6319
    endloop
  endfacet
  facet normal 0.843098 0.53776 -2.99076e-05
    outer loop
      vertex 18.6195 10.75 0
      vertex 17.6257 12.31 34.6319
      vertex 17.6835 12.2194 34.9647
    endloop
  endfacet
  facet normal 0.84388 0.536532 4.26514e-05
    outer loop
      vertex 18.6195 10.75 0
      vertex 17.6835 12.2194 34.9647
      vertex 17.725 12.1541 35.3054
    endloop
  endfacet
  facet normal 0.842937 0.538012 -4.00743e-05
    outer loop
      vertex 18.6195 10.75 0
      vertex 17.725 12.1541 35.3054
      vertex 17.7501 12.1148 35.6514
    endloop
  endfacet
  facet normal 0.843536 0.537073 1.04822e-05
    outer loop
      vertex 18.6195 10.75 0
      vertex 17.7501 12.1148 35.6514
      vertex 17.7585 12.1016 36
    endloop
  endfacet
  facet normal 0.84341 0.537271 -0
    outer loop
      vertex 18.6195 10.75 0
      vertex 17.7585 12.1016 36
      vertex 18.6195 10.75 58
    endloop
  endfacet
  facet normal 0.843411 0.537269 0
    outer loop
      vertex 17.6118 12.3319 34.5708
      vertex 18.6195 10.75 0
      vertex 17.6118 12.3319 0
    endloop
  endfacet
  facet normal -0.608767 0.793349 0
    outer loop
      vertex -12.3319 17.6118 0
      vertex -13.8199 16.47 58
      vertex -12.3319 17.6118 58
    endloop
  endfacet
  facet normal -0.608767 0.793349 0
    outer loop
      vertex -13.8199 16.47 58
      vertex -12.3319 17.6118 0
      vertex -13.8199 16.47 0
    endloop
  endfacet
  facet normal 0.0436119 0.999049 -0
    outer loop
      vertex 1.87385 21.4182 0
      vertex 0 21.5 34
      vertex 1.87385 21.4182 34
    endloop
  endfacet
  facet normal 0.0436119 0.999049 0
    outer loop
      vertex 0 21.5 34
      vertex 1.87385 21.4182 0
      vertex 0 21.5 0
    endloop
  endfacet
  facet normal 0.0436119 0.999049 -0
    outer loop
      vertex 1.87385 21.4182 57.8
      vertex 0 21.5 58
      vertex 1.87385 21.4182 58
    endloop
  endfacet
  facet normal 0.0436119 0.999049 0
    outer loop
      vertex 0 21.5 58
      vertex 1.87385 21.4182 57.8
      vertex 0 21.5 57.8
    endloop
  endfacet
  facet normal -0.675592 0.737276 0
    outer loop
      vertex -13.8199 16.47 0
      vertex -15.2028 15.2028 58
      vertex -13.8199 16.47 58
    endloop
  endfacet
  facet normal -0.675592 0.737276 0
    outer loop
      vertex -15.2028 15.2028 58
      vertex -13.8199 16.47 0
      vertex -15.2028 15.2028 0
    endloop
  endfacet
  facet normal 0.737276 -0.675592 0
    outer loop
      vertex 15.2028 -15.2028 58
      vertex 16.47 -13.8199 0
      vertex 16.47 -13.8199 58
    endloop
  endfacet
  facet normal 0.737276 -0.675592 0
    outer loop
      vertex 16.47 -13.8199 0
      vertex 15.2028 -15.2028 58
      vertex 15.2028 -15.2028 0
    endloop
  endfacet
  facet normal -0.3007 0.953719 0
    outer loop
      vertex -5.56461 20.7674 0
      vertex -7.35343 20.2034 34
      vertex -5.56461 20.7674 34
    endloop
  endfacet
  facet normal -0.3007 0.953719 0
    outer loop
      vertex -7.35343 20.2034 34
      vertex -5.56461 20.7674 0
      vertex -7.35343 20.2034 0
    endloop
  endfacet
  facet normal -0.3007 0.953719 0
    outer loop
      vertex -5.56461 20.7674 56
      vertex -7.35343 20.2034 58
      vertex -5.56461 20.7674 58
    endloop
  endfacet
  facet normal -0.3007 0.953719 0
    outer loop
      vertex -7.35343 20.2034 58
      vertex -5.56461 20.7674 56
      vertex -7.35343 20.2034 56
    endloop
  endfacet
  facet normal -0.999049 -0.0436119 0
    outer loop
      vertex -21.4182 -1.87385 45.8
      vertex -21.5 0 58
      vertex -21.5 0 45.8
    endloop
  endfacet
  facet normal -0.999049 -0.0436119 0
    outer loop
      vertex -21.5 0 58
      vertex -21.4182 -1.87385 45.8
      vertex -21.4182 -1.87385 58
    endloop
  endfacet
  facet normal -0.999049 -0.0436119 0
    outer loop
      vertex -21.4182 -1.87385 0
      vertex -21.5 0 22
      vertex -21.5 0 0
    endloop
  endfacet
  facet normal -0.999049 -0.0436119 0
    outer loop
      vertex -21.5 0 22
      vertex -21.4182 -1.87385 0
      vertex -21.4182 -1.87385 22
    endloop
  endfacet
  facet normal -0.21646 -0.976292 0
    outer loop
      vertex -5.56461 -20.7674 0
      vertex -3.73344 -21.1734 34
      vertex -5.56461 -20.7674 34
    endloop
  endfacet
  facet normal -0.21646 -0.976292 -0
    outer loop
      vertex -3.73344 -21.1734 34
      vertex -5.56461 -20.7674 0
      vertex -3.73344 -21.1734 0
    endloop
  endfacet
  facet normal -0.21646 -0.976292 -8.76448e-05
    outer loop
      vertex -5.56461 -20.7674 58
      vertex -4.51544 -21 57.8
      vertex -3.73344 -21.1734 58
    endloop
  endfacet
  facet normal -0.216444 -0.976295 0
    outer loop
      vertex -5.56461 -20.7674 56
      vertex -4.51544 -21 57.8
      vertex -5.56461 -20.7674 58
    endloop
  endfacet
  facet normal -0.216444 -0.976295 -0
    outer loop
      vertex -4.51544 -21 57.8
      vertex -5.56461 -20.7674 56
      vertex -4.51544 -21 56
    endloop
  endfacet
  facet normal -0.216481 -0.976287 -0
    outer loop
      vertex -3.73344 -21.1734 58
      vertex -4.51544 -21 57.8
      vertex -3.73344 -21.1734 57.8
    endloop
  endfacet
  facet normal -0.0436119 0.999049 0
    outer loop
      vertex 0 21.5 0
      vertex -1.87385 21.4182 34
      vertex 0 21.5 34
    endloop
  endfacet
  facet normal -0.0436119 0.999049 0
    outer loop
      vertex -1.87385 21.4182 34
      vertex 0 21.5 0
      vertex -1.87385 21.4182 0
    endloop
  endfacet
  facet normal -0.0436119 0.999049 0
    outer loop
      vertex 0 21.5 57.8
      vertex -1.87385 21.4182 58
      vertex 0 21.5 58
    endloop
  endfacet
  facet normal -0.0436119 0.999049 0
    outer loop
      vertex -1.87385 21.4182 58
      vertex 0 21.5 57.8
      vertex -1.87385 21.4182 57.8
    endloop
  endfacet
  facet normal -0.991446 -0.130516 0
    outer loop
      vertex -21.1734 -3.73344 45.8
      vertex -21.4182 -1.87385 58
      vertex -21.4182 -1.87385 45.8
    endloop
  endfacet
  facet normal -0.991446 -0.130516 0
    outer loop
      vertex -21.4182 -1.87385 58
      vertex -21.1734 -3.73344 45.8
      vertex -21.1734 -3.73344 58
    endloop
  endfacet
  facet normal -0.991446 -0.130516 0
    outer loop
      vertex -21.1734 -3.73344 0
      vertex -21.4182 -1.87385 22
      vertex -21.4182 -1.87385 0
    endloop
  endfacet
  facet normal -0.991446 -0.130516 0
    outer loop
      vertex -21.4182 -1.87385 22
      vertex -21.1734 -3.73344 0
      vertex -21.1734 -3.73344 22
    endloop
  endfacet
  facet normal -0.953719 0.3007 0
    outer loop
      vertex -20.7674 5.56461 44
      vertex -20.2034 7.35343 58
      vertex -20.2034 7.35343 44
    endloop
  endfacet
  facet normal -0.953719 0.3007 0
    outer loop
      vertex -20.2034 7.35343 58
      vertex -20.7674 5.56461 44
      vertex -20.7674 5.56461 58
    endloop
  endfacet
  facet normal -0.953719 0.3007 0
    outer loop
      vertex -20.7674 5.56461 0
      vertex -20.2034 7.35343 22
      vertex -20.2034 7.35343 0
    endloop
  endfacet
  facet normal -0.953719 0.3007 0
    outer loop
      vertex -20.2034 7.35343 22
      vertex -20.7674 5.56461 0
      vertex -20.7674 5.56461 22
    endloop
  endfacet
  facet normal -0.608767 -0.793349 0
    outer loop
      vertex -13.8199 -16.47 30.1493
      vertex -12.3319 -17.6118 58
      vertex -13.8199 -16.47 58
    endloop
  endfacet
  facet normal -0.607682 -0.794181 -9.21047e-05
    outer loop
      vertex -13.7948 -16.4892 30.1
      vertex -12.3319 -17.6118 58
      vertex -13.8199 -16.47 30.1493
    endloop
  endfacet
  facet normal -0.608867 -0.793272 6.60042e-06
    outer loop
      vertex -13.735 -16.5351 29.9564
      vertex -12.3319 -17.6118 58
      vertex -13.7948 -16.4892 30.1
    endloop
  endfacet
  facet normal -0.612069 -0.790805 0.000261532
    outer loop
      vertex -13.7239 -16.5437 29.9298
      vertex -12.3319 -17.6118 58
      vertex -13.735 -16.5351 29.9564
    endloop
  endfacet
  facet normal -0.605946 -0.795506 -0.000220966
    outer loop
      vertex -13.7147 -16.5507 29.9019
      vertex -12.3319 -17.6118 58
      vertex -13.7239 -16.5437 29.9298
    endloop
  endfacet
  facet normal -0.609119 -0.793079 2.68193e-05
    outer loop
      vertex -13.6651 -16.5888 29.7524
      vertex -12.3319 -17.6118 58
      vertex -13.7147 -16.5507 29.9019
    endloop
  endfacet
  facet normal -0.609062 -0.793123 2.25285e-05
    outer loop
      vertex -13.6263 -16.6186 29.5985
      vertex -12.3319 -17.6118 58
      vertex -13.6651 -16.5888 29.7524
    endloop
  endfacet
  facet normal -0.604255 -0.796791 -0.00032484
    outer loop
      vertex -13.6189 -16.6242 29.5694
      vertex -12.3319 -17.6118 58
      vertex -13.6263 -16.6186 29.5985
    endloop
  endfacet
  facet normal -0.611246 -0.791441 0.000177481
    outer loop
      vertex -13.6136 -16.6283 29.5395
      vertex -12.3319 -17.6118 58
      vertex -13.6189 -16.6242 29.5694
    endloop
  endfacet
  facet normal -0.608643 -0.793445 -8.97879e-06
    outer loop
      vertex -13.5857 -16.6497 29.382
      vertex -12.3319 -17.6118 58
      vertex -13.6136 -16.6283 29.5395
    endloop
  endfacet
  facet normal -0.608951 -0.793208 1.25094e-05
    outer loop
      vertex -13.5689 -16.6626 29.2223
      vertex -12.3319 -17.6118 58
      vertex -13.5857 -16.6497 29.382
    endloop
  endfacet
  facet normal -0.605264 -0.796025 -0.000238894
    outer loop
      vertex -13.5656 -16.6651 29.1917
      vertex -12.3319 -17.6118 58
      vertex -13.5689 -16.6626 29.2223
    endloop
  endfacet
  facet normal -0.615749 -0.787942 0.000475723
    outer loop
      vertex -13.5646 -16.6659 29.161
      vertex -12.3319 -17.6118 58
      vertex -13.5656 -16.6651 29.1917
    endloop
  endfacet
  facet normal -0.605825 -0.795598 -0.000199575
    outer loop
      vertex -13.5589 -16.6702 29
      vertex -12.3319 -17.6118 58
      vertex -13.5646 -16.6659 29.161
    endloop
  endfacet
  facet normal -0.605825 -0.795598 0.000199575
    outer loop
      vertex -12.3319 -17.6118 0
      vertex -13.5589 -16.6702 29
      vertex -13.5646 -16.6659 28.839
    endloop
  endfacet
  facet normal -0.615749 -0.787942 -0.000475723
    outer loop
      vertex -12.3319 -17.6118 0
      vertex -13.5646 -16.6659 28.839
      vertex -13.5656 -16.6651 28.8083
    endloop
  endfacet
  facet normal -0.608767 -0.793349 0
    outer loop
      vertex -12.3319 -17.6118 0
      vertex -13.8199 -16.47 27.8507
      vertex -13.8199 -16.47 0
    endloop
  endfacet
  facet normal -0.607682 -0.794181 9.21047e-05
    outer loop
      vertex -13.8199 -16.47 27.8507
      vertex -12.3319 -17.6118 0
      vertex -13.7948 -16.4892 27.9
    endloop
  endfacet
  facet normal -0.608867 -0.793272 -6.60042e-06
    outer loop
      vertex -13.7948 -16.4892 27.9
      vertex -12.3319 -17.6118 0
      vertex -13.735 -16.5351 28.0436
    endloop
  endfacet
  facet normal -0.612069 -0.790805 -0.000261532
    outer loop
      vertex -13.735 -16.5351 28.0436
      vertex -12.3319 -17.6118 0
      vertex -13.7239 -16.5437 28.0702
    endloop
  endfacet
  facet normal -0.605946 -0.795506 0.000220966
    outer loop
      vertex -13.7239 -16.5437 28.0702
      vertex -12.3319 -17.6118 0
      vertex -13.7147 -16.5507 28.0981
    endloop
  endfacet
  facet normal -0.609119 -0.793079 -2.68193e-05
    outer loop
      vertex -13.7147 -16.5507 28.0981
      vertex -12.3319 -17.6118 0
      vertex -13.6651 -16.5888 28.2476
    endloop
  endfacet
  facet normal -0.609062 -0.793123 -2.25285e-05
    outer loop
      vertex -13.6651 -16.5888 28.2476
      vertex -12.3319 -17.6118 0
      vertex -13.6263 -16.6186 28.4015
    endloop
  endfacet
  facet normal -0.604255 -0.796791 0.00032484
    outer loop
      vertex -13.6263 -16.6186 28.4015
      vertex -12.3319 -17.6118 0
      vertex -13.6189 -16.6242 28.4306
    endloop
  endfacet
  facet normal -0.611246 -0.791441 -0.000177481
    outer loop
      vertex -13.6189 -16.6242 28.4306
      vertex -12.3319 -17.6118 0
      vertex -13.6136 -16.6283 28.4605
    endloop
  endfacet
  facet normal -0.608643 -0.793445 8.97879e-06
    outer loop
      vertex -13.6136 -16.6283 28.4605
      vertex -12.3319 -17.6118 0
      vertex -13.5857 -16.6497 28.618
    endloop
  endfacet
  facet normal -0.608951 -0.793208 -1.25094e-05
    outer loop
      vertex -13.5857 -16.6497 28.618
      vertex -12.3319 -17.6118 0
      vertex -13.5689 -16.6626 28.7777
    endloop
  endfacet
  facet normal -0.605264 -0.796025 0.000238894
    outer loop
      vertex -13.5689 -16.6626 28.7777
      vertex -12.3319 -17.6118 0
      vertex -13.5656 -16.6651 28.8083
    endloop
  endfacet
  facet normal -0.608798 -0.793325 0
    outer loop
      vertex -13.5589 -16.6702 29
      vertex -12.3319 -17.6118 0
      vertex -12.3319 -17.6118 58
    endloop
  endfacet
  facet normal 0.88703 -0.461712 0
    outer loop
      vertex 19.4856 -9.08629 58
      vertex 19.01 -10 44
      vertex 19.4856 -9.08629 44
    endloop
  endfacet
  facet normal 0.886975 -0.461818 0
    outer loop
      vertex 19.01 -10 44
      vertex 18.6195 -10.75 58
      vertex 19.01 -10 22
    endloop
  endfacet
  facet normal 0.887005 -0.46176 3.9512e-06
    outer loop
      vertex 18.6195 -10.75 58
      vertex 19.01 -10 44
      vertex 19.4856 -9.08629 58
    endloop
  endfacet
  facet normal 0.88703 -0.461712 0
    outer loop
      vertex 19.01 -10 22
      vertex 19.4856 -9.08629 0
      vertex 19.4856 -9.08629 22
    endloop
  endfacet
  facet normal 0.887005 -0.46176 -2.5144e-06
    outer loop
      vertex 19.01 -10 22
      vertex 18.6195 -10.75 0
      vertex 19.4856 -9.08629 0
    endloop
  endfacet
  facet normal 0.886975 -0.461818 0
    outer loop
      vertex 18.6195 -10.75 0
      vertex 19.01 -10 22
      vertex 18.6195 -10.75 58
    endloop
  endfacet
  facet normal 0.216481 -0.976287 0
    outer loop
      vertex 4.51544 -21 57.8
      vertex 3.73344 -21.1734 58
      vertex 3.73344 -21.1734 57.8
    endloop
  endfacet
  facet normal 0.21646 -0.976292 -8.76448e-05
    outer loop
      vertex 3.73344 -21.1734 58
      vertex 4.51544 -21 57.8
      vertex 5.56461 -20.7674 58
    endloop
  endfacet
  facet normal 0.216444 -0.976295 0
    outer loop
      vertex 5.56461 -20.7674 56
      vertex 4.51544 -21 57.8
      vertex 4.51544 -21 56
    endloop
  endfacet
  facet normal 0.216444 -0.976295 0
    outer loop
      vertex 4.51544 -21 57.8
      vertex 5.56461 -20.7674 56
      vertex 5.56461 -20.7674 58
    endloop
  endfacet
  facet normal 0.21646 -0.976292 0
    outer loop
      vertex 3.73344 -21.1734 0
      vertex 5.56461 -20.7674 34
      vertex 3.73344 -21.1734 34
    endloop
  endfacet
  facet normal 0.21646 -0.976292 0
    outer loop
      vertex 5.56461 -20.7674 34
      vertex 3.73344 -21.1734 0
      vertex 5.56461 -20.7674 0
    endloop
  endfacet
  facet normal 0.675592 0.737276 -0
    outer loop
      vertex 15.2028 15.2028 40
      vertex 13.8199 16.47 58
      vertex 15.2028 15.2028 58
    endloop
  endfacet
  facet normal 0.675521 0.737341 -9.99961e-06
    outer loop
      vertex 14.9571 15.4279 39.9855
      vertex 13.8199 16.47 58
      vertex 15.2028 15.2028 40
    endloop
  endfacet
  facet normal 0.674575 0.738206 -0.000119794
    outer loop
      vertex 14.9455 15.4385 39.9848
      vertex 13.8199 16.47 58
      vertex 14.9571 15.4279 39.9855
    endloop
  endfacet
  facet normal 0.675685 0.737191 7.68005e-06
    outer loop
      vertex 14.6902 15.6725 39.9392
      vertex 13.8199 16.47 58
      vertex 14.9455 15.4385 39.9848
    endloop
  endfacet
  facet normal 0.675644 0.737228 4.10052e-06
    outer loop
      vertex 14.4388 15.9029 39.8637
      vertex 13.8199 16.47 58
      vertex 14.6902 15.6725 39.9392
    endloop
  endfacet
  facet normal 0.675508 0.737353 -4.44774e-06
    outer loop
      vertex 14.1932 16.1279 39.7588
      vertex 13.8199 16.47 58
      vertex 14.4388 15.9029 39.8637
    endloop
  endfacet
  facet normal 0.675765 0.737117 5.22931e-06
    outer loop
      vertex 13.9553 16.346 39.6252
      vertex 13.8199 16.47 58
      vertex 14.1932 16.1279 39.7588
    endloop
  endfacet
  facet normal 0.675379 0.737471 0
    outer loop
      vertex 13.8199 16.47 58
      vertex 13.9553 16.346 39.6252
      vertex 13.8199 16.47 39.5298
    endloop
  endfacet
  facet normal 0.675592 0.737276 0
    outer loop
      vertex 13.8199 16.47 0
      vertex 15.2028 15.2028 32
      vertex 15.2028 15.2028 0
    endloop
  endfacet
  facet normal 0.675521 0.737341 5.63591e-06
    outer loop
      vertex 15.2028 15.2028 32
      vertex 13.8199 16.47 0
      vertex 14.9571 15.4279 32.0145
    endloop
  endfacet
  facet normal 0.674573 0.738208 6.75202e-05
    outer loop
      vertex 14.9571 15.4279 32.0145
      vertex 13.8199 16.47 0
      vertex 14.9455 15.4385 32.0152
    endloop
  endfacet
  facet normal 0.675685 0.73719 -4.34258e-06
    outer loop
      vertex 14.9455 15.4385 32.0152
      vertex 13.8199 16.47 0
      vertex 14.6902 15.6725 32.0608
    endloop
  endfacet
  facet normal 0.675645 0.737228 -2.32442e-06
    outer loop
      vertex 14.6902 15.6725 32.0608
      vertex 13.8199 16.47 0
      vertex 14.4388 15.9029 32.1363
    endloop
  endfacet
  facet normal 0.675508 0.737353 2.52592e-06
    outer loop
      vertex 14.4388 15.9029 32.1363
      vertex 13.8199 16.47 0
      vertex 14.1932 16.1279 32.2412
    endloop
  endfacet
  facet normal 0.675766 0.737116 -2.97327e-06
    outer loop
      vertex 14.1932 16.1279 32.2412
      vertex 13.8199 16.47 0
      vertex 13.9553 16.346 32.3748
    endloop
  endfacet
  facet normal 0.675379 0.737471 0
    outer loop
      vertex 13.9553 16.346 32.3748
      vertex 13.8199 16.47 0
      vertex 13.8199 16.47 32.4702
    endloop
  endfacet
  facet normal -0.923875 -0.382695 0
    outer loop
      vertex -19.4856 -9.08629 0
      vertex -20.2034 -7.35343 22
      vertex -20.2034 -7.35343 0
    endloop
  endfacet
  facet normal -0.923875 -0.382695 0
    outer loop
      vertex -20.2034 -7.35343 22
      vertex -19.4856 -9.08629 0
      vertex -19.4856 -9.08629 22
    endloop
  endfacet
  facet normal -0.923875 -0.382695 0
    outer loop
      vertex -19.4856 -9.08629 44
      vertex -20.2034 -7.35343 58
      vertex -20.2034 -7.35343 44
    endloop
  endfacet
  facet normal -0.923875 -0.382695 0
    outer loop
      vertex -20.2034 -7.35343 58
      vertex -19.4856 -9.08629 44
      vertex -19.4856 -9.08629 58
    endloop
  endfacet
  facet normal -0.991446 0.130516 0
    outer loop
      vertex -21.4182 1.87385 45.8
      vertex -21.1734 3.73344 58
      vertex -21.1734 3.73344 45.8
    endloop
  endfacet
  facet normal -0.991446 0.130516 0
    outer loop
      vertex -21.1734 3.73344 58
      vertex -21.4182 1.87385 45.8
      vertex -21.4182 1.87385 58
    endloop
  endfacet
  facet normal -0.991446 0.130516 0
    outer loop
      vertex -21.4182 1.87385 0
      vertex -21.1734 3.73344 22
      vertex -21.1734 3.73344 0
    endloop
  endfacet
  facet normal -0.991446 0.130516 0
    outer loop
      vertex -21.1734 3.73344 22
      vertex -21.4182 1.87385 0
      vertex -21.4182 1.87385 22
    endloop
  endfacet
  facet normal -0.999049 0.0436119 0
    outer loop
      vertex -21.5 0 45.8
      vertex -21.4182 1.87385 58
      vertex -21.4182 1.87385 45.8
    endloop
  endfacet
  facet normal -0.999049 0.0436119 0
    outer loop
      vertex -21.4182 1.87385 58
      vertex -21.5 0 45.8
      vertex -21.5 0 58
    endloop
  endfacet
  facet normal -0.999049 0.0436119 0
    outer loop
      vertex -21.5 0 0
      vertex -21.4182 1.87385 22
      vertex -21.4182 1.87385 0
    endloop
  endfacet
  facet normal -0.999049 0.0436119 0
    outer loop
      vertex -21.4182 1.87385 22
      vertex -21.5 0 0
      vertex -21.5 0 22
    endloop
  endfacet
  facet normal 0.675592 -0.737276 0
    outer loop
      vertex 13.8199 -16.47 0
      vertex 15.2028 -15.2028 58
      vertex 13.8199 -16.47 58
    endloop
  endfacet
  facet normal 0.675592 -0.737276 0
    outer loop
      vertex 15.2028 -15.2028 58
      vertex 13.8199 -16.47 0
      vertex 15.2028 -15.2028 0
    endloop
  endfacet
  facet normal -0.537269 -0.843411 0
    outer loop
      vertex -12.3319 -17.6118 0
      vertex -10.75 -18.6195 58
      vertex -12.3319 -17.6118 58
    endloop
  endfacet
  facet normal -0.537269 -0.843411 -0
    outer loop
      vertex -10.75 -18.6195 58
      vertex -12.3319 -17.6118 0
      vertex -10.75 -18.6195 0
    endloop
  endfacet
  facet normal -0.923875 0.382695 0
    outer loop
      vertex -20.2034 7.35343 44
      vertex -19.4856 9.08629 58
      vertex -19.4856 9.08629 44
    endloop
  endfacet
  facet normal -0.923875 0.382695 0
    outer loop
      vertex -19.4856 9.08629 58
      vertex -20.2034 7.35343 44
      vertex -20.2034 7.35343 58
    endloop
  endfacet
  facet normal -0.923875 0.382695 0
    outer loop
      vertex -20.2034 7.35343 0
      vertex -19.4856 9.08629 22
      vertex -19.4856 9.08629 0
    endloop
  endfacet
  facet normal -0.923875 0.382695 0
    outer loop
      vertex -19.4856 9.08629 22
      vertex -20.2034 7.35343 0
      vertex -20.2034 7.35343 22
    endloop
  endfacet
  facet normal -0.46176 -0.887005 2.76584e-05
    outer loop
      vertex -10.75 -18.6195 58
      vertex -10 -19.01 56
      vertex -9.08629 -19.4856 58
    endloop
  endfacet
  facet normal -0.461818 -0.886975 0
    outer loop
      vertex -10.75 -18.6195 58
      vertex -10 -19.01 34
      vertex -10 -19.01 56
    endloop
  endfacet
  facet normal -0.461818 -0.886975 0
    outer loop
      vertex -10.75 -18.6195 0
      vertex -10 -19.01 34
      vertex -10.75 -18.6195 58
    endloop
  endfacet
  facet normal -0.46176 -0.887005 -1.62697e-06
    outer loop
      vertex -9.08629 -19.4856 0
      vertex -10 -19.01 34
      vertex -10.75 -18.6195 0
    endloop
  endfacet
  facet normal -0.461712 -0.88703 0
    outer loop
      vertex -10 -19.01 34
      vertex -9.08629 -19.4856 0
      vertex -9.08629 -19.4856 34
    endloop
  endfacet
  facet normal -0.461712 -0.88703 -0
    outer loop
      vertex -9.08629 -19.4856 58
      vertex -10 -19.01 56
      vertex -9.08629 -19.4856 56
    endloop
  endfacet
  facet normal 0 0 -1
    outer loop
      vertex 16.5 0 0
      vertex 21.5 0 0
      vertex 21.4182 -1.87385 0
    endloop
  endfacet
  facet normal 0 0 -1
    outer loop
      vertex 16.4372 -1.43807 0
      vertex 21.4182 -1.87385 0
      vertex 21.1734 -3.73344 0
    endloop
  endfacet
  facet normal 0 0 -1
    outer loop
      vertex 21.5 0 0
      vertex 16.5 0 0
      vertex 21.4182 1.87385 0
    endloop
  endfacet
  facet normal 0 0 -1
    outer loop
      vertex 16.2493 -2.86519 0
      vertex 21.1734 -3.73344 0
      vertex 20.7674 -5.56461 0
    endloop
  endfacet
  facet normal 0 0 -1
    outer loop
      vertex 16.4372 1.43807 0
      vertex 21.4182 1.87385 0
      vertex 16.5 0 0
    endloop
  endfacet
  facet normal 0 0 -1
    outer loop
      vertex 15.9378 -4.27051 0
      vertex 20.7674 -5.56461 0
      vertex 20.2034 -7.35343 0
    endloop
  endfacet
  facet normal -0 0 -1
    outer loop
      vertex 21.4182 1.87385 0
      vertex 16.4372 1.43807 0
      vertex 21.1734 3.73344 0
    endloop
  endfacet
  facet normal 0 0 -1
    outer loop
      vertex 15.5049 -5.64333 0
      vertex 20.2034 -7.35343 0
      vertex 19.4856 -9.08629 0
    endloop
  endfacet
  facet normal 0 0 -1
    outer loop
      vertex 16.2493 2.86519 0
      vertex 21.1734 3.73344 0
      vertex 16.4372 1.43807 0
    endloop
  endfacet
  facet normal 0 0 -1
    outer loop
      vertex 14.9541 -6.9732 0
      vertex 19.4856 -9.08629 0
      vertex 18.6195 -10.75 0
    endloop
  endfacet
  facet normal -0 0 -1
    outer loop
      vertex 21.1734 3.73344 0
      vertex 16.2493 2.86519 0
      vertex 20.7674 5.56461 0
    endloop
  endfacet
  facet normal 0 0 -1
    outer loop
      vertex 14.2894 -8.25 0
      vertex 18.6195 -10.75 0
      vertex 17.6118 -12.3319 0
    endloop
  endfacet
  facet normal 0 0 -1
    outer loop
      vertex 15.9378 4.27051 0
      vertex 20.7674 5.56461 0
      vertex 16.2493 2.86519 0
    endloop
  endfacet
  facet normal -0 0 -1
    outer loop
      vertex 20.7674 5.56461 0
      vertex 15.9378 4.27051 0
      vertex 20.2034 7.35343 0
    endloop
  endfacet
  facet normal 0 0 -1
    outer loop
      vertex 13.516 -9.46401 0
      vertex 17.6118 -12.3319 0
      vertex 16.47 -13.8199 0
    endloop
  endfacet
  facet normal 0 0 -1
    outer loop
      vertex 21.4182 -1.87385 0
      vertex 16.4372 -1.43807 0
      vertex 16.5 0 0
    endloop
  endfacet
  facet normal 0 0 -1
    outer loop
      vertex 21.1734 -3.73344 0
      vertex 16.2493 -2.86519 0
      vertex 16.4372 -1.43807 0
    endloop
  endfacet
  facet normal 0 0 -1
    outer loop
      vertex 20.7674 -5.56461 0
      vertex 15.9378 -4.27051 0
      vertex 16.2493 -2.86519 0
    endloop
  endfacet
  facet normal 0 0 -1
    outer loop
      vertex 20.2034 -7.35343 0
      vertex 15.5049 -5.64333 0
      vertex 15.9378 -4.27051 0
    endloop
  endfacet
  facet normal 0 0 -1
    outer loop
      vertex 12.6397 -10.606 0
      vertex 16.47 -13.8199 0
      vertex 15.2028 -15.2028 0
    endloop
  endfacet
  facet normal 0 0 -1
    outer loop
      vertex 19.4856 -9.08629 0
      vertex 14.9541 -6.9732 0
      vertex 15.5049 -5.64333 0
    endloop
  endfacet
  facet normal 0 0 -1
    outer loop
      vertex 18.6195 -10.75 0
      vertex 14.2894 -8.25 0
      vertex 14.9541 -6.9732 0
    endloop
  endfacet
  facet normal 0 0 -1
    outer loop
      vertex 11.6673 -11.6673 0
      vertex 15.2028 -15.2028 0
      vertex 13.8199 -16.47 0
    endloop
  endfacet
  facet normal 0 0 -1
    outer loop
      vertex 17.6118 -12.3319 0
      vertex 13.516 -9.46401 0
      vertex 14.2894 -8.25 0
    endloop
  endfacet
  facet normal 0 0 -1
    outer loop
      vertex 16.47 -13.8199 0
      vertex 12.6397 -10.606 0
      vertex 13.516 -9.46401 0
    endloop
  endfacet
  facet normal 0 0 -1
    outer loop
      vertex 10.606 -12.6397 0
      vertex 13.8199 -16.47 0
      vertex 12.3319 -17.6118 0
    endloop
  endfacet
  facet normal 0 0 -1
    outer loop
      vertex 15.2028 -15.2028 0
      vertex 11.6673 -11.6673 0
      vertex 12.6397 -10.606 0
    endloop
  endfacet
  facet normal 0 0 -1
    outer loop
      vertex 9.46401 -13.516 0
      vertex 12.3319 -17.6118 0
      vertex 10.75 -18.6195 0
    endloop
  endfacet
  facet normal 0 0 -1
    outer loop
      vertex 13.8199 -16.47 0
      vertex 10.606 -12.6397 0
      vertex 11.6673 -11.6673 0
    endloop
  endfacet
  facet normal 0 0 -1
    outer loop
      vertex 12.3319 -17.6118 0
      vertex 9.46401 -13.516 0
      vertex 10.606 -12.6397 0
    endloop
  endfacet
  facet normal 0 0 -1
    outer loop
      vertex 8.25 -14.2894 0
      vertex 10.75 -18.6195 0
      vertex 9.08629 -19.4856 0
    endloop
  endfacet
  facet normal 0 0 -1
    outer loop
      vertex 10.75 -18.6195 0
      vertex 8.25 -14.2894 0
      vertex 9.46401 -13.516 0
    endloop
  endfacet
  facet normal 0 0 -1
    outer loop
      vertex 6.9732 -14.9541 0
      vertex 9.08629 -19.4856 0
      vertex 7.35343 -20.2034 0
    endloop
  endfacet
  facet normal 0 0 -1
    outer loop
      vertex 9.08629 -19.4856 0
      vertex 6.9732 -14.9541 0
      vertex 8.25 -14.2894 0
    endloop
  endfacet
  facet normal 0 0 -1
    outer loop
      vertex 7.35343 -20.2034 0
      vertex 5.64333 -15.5049 0
      vertex 6.9732 -14.9541 0
    endloop
  endfacet
  facet normal 0 0 -1
    outer loop
      vertex 5.56461 -20.7674 0
      vertex 5.64333 -15.5049 0
      vertex 7.35343 -20.2034 0
    endloop
  endfacet
  facet normal 0 0 -1
    outer loop
      vertex 5.56461 -20.7674 0
      vertex 4.27051 -15.9378 0
      vertex 5.64333 -15.5049 0
    endloop
  endfacet
  facet normal 0 0 -1
    outer loop
      vertex 3.73344 -21.1734 0
      vertex 4.27051 -15.9378 0
      vertex 5.56461 -20.7674 0
    endloop
  endfacet
  facet normal 0 0 -1
    outer loop
      vertex 3.73344 -21.1734 0
      vertex 2.86519 -16.2493 0
      vertex 4.27051 -15.9378 0
    endloop
  endfacet
  facet normal 0 0 -1
    outer loop
      vertex 1.87385 -21.4182 0
      vertex 2.86519 -16.2493 0
      vertex 3.73344 -21.1734 0
    endloop
  endfacet
  facet normal 0 0 -1
    outer loop
      vertex 1.87385 -21.4182 0
      vertex 1.43807 -16.4372 0
      vertex 2.86519 -16.2493 0
    endloop
  endfacet
  facet normal 0 0 -1
    outer loop
      vertex 0 -21.5 0
      vertex 1.43807 -16.4372 0
      vertex 1.87385 -21.4182 0
    endloop
  endfacet
  facet normal 0 0 -1
    outer loop
      vertex 0 -21.5 0
      vertex 0 -16.5 0
      vertex 1.43807 -16.4372 0
    endloop
  endfacet
  facet normal 0 0 -1
    outer loop
      vertex 0 -21.5 0
      vertex -1.43807 -16.4372 0
      vertex 0 -16.5 0
    endloop
  endfacet
  facet normal 0 0 -1
    outer loop
      vertex -1.87385 -21.4182 0
      vertex -1.43807 -16.4372 0
      vertex 0 -21.5 0
    endloop
  endfacet
  facet normal 0 0 -1
    outer loop
      vertex -1.87385 -21.4182 0
      vertex -2.86519 -16.2493 0
      vertex -1.43807 -16.4372 0
    endloop
  endfacet
  facet normal 0 0 -1
    outer loop
      vertex -3.73344 -21.1734 0
      vertex -2.86519 -16.2493 0
      vertex -1.87385 -21.4182 0
    endloop
  endfacet
  facet normal 0 0 -1
    outer loop
      vertex -3.73344 -21.1734 0
      vertex -4.27051 -15.9378 0
      vertex -2.86519 -16.2493 0
    endloop
  endfacet
  facet normal 0 0 -1
    outer loop
      vertex -5.56461 -20.7674 0
      vertex -4.27051 -15.9378 0
      vertex -3.73344 -21.1734 0
    endloop
  endfacet
  facet normal 0 0 -1
    outer loop
      vertex -5.56461 -20.7674 0
      vertex -5.64333 -15.5049 0
      vertex -4.27051 -15.9378 0
    endloop
  endfacet
  facet normal 0 0 -1
    outer loop
      vertex -7.35343 -20.2034 0
      vertex -5.64333 -15.5049 0
      vertex -5.56461 -20.7674 0
    endloop
  endfacet
  facet normal -0 0 -1
    outer loop
      vertex -5.64333 -15.5049 0
      vertex -7.35343 -20.2034 0
      vertex -6.9732 -14.9541 0
    endloop
  endfacet
  facet normal 0 0 -1
    outer loop
      vertex -9.08629 -19.4856 0
      vertex -6.9732 -14.9541 0
      vertex -7.35343 -20.2034 0
    endloop
  endfacet
  facet normal -0 0 -1
    outer loop
      vertex -6.9732 -14.9541 0
      vertex -9.08629 -19.4856 0
      vertex -8.25 -14.2894 0
    endloop
  endfacet
  facet normal 0 0 -1
    outer loop
      vertex -10.75 -18.6195 0
      vertex -8.25 -14.2894 0
      vertex -9.08629 -19.4856 0
    endloop
  endfacet
  facet normal -0 0 -1
    outer loop
      vertex -8.25 -14.2894 0
      vertex -10.75 -18.6195 0
      vertex -9.46401 -13.516 0
    endloop
  endfacet
  facet normal 0 0 -1
    outer loop
      vertex -12.3319 -17.6118 0
      vertex -9.46401 -13.516 0
      vertex -10.75 -18.6195 0
    endloop
  endfacet
  facet normal -0 0 -1
    outer loop
      vertex -9.46401 -13.516 0
      vertex -12.3319 -17.6118 0
      vertex -10.606 -12.6397 0
    endloop
  endfacet
  facet normal 0 0 -1
    outer loop
      vertex -13.8199 -16.47 0
      vertex -10.606 -12.6397 0
      vertex -12.3319 -17.6118 0
    endloop
  endfacet
  facet normal -0 0 -1
    outer loop
      vertex -10.606 -12.6397 0
      vertex -13.8199 -16.47 0
      vertex -11.6673 -11.6673 0
    endloop
  endfacet
  facet normal 0 0 -1
    outer loop
      vertex -15.2028 -15.2028 0
      vertex -11.6673 -11.6673 0
      vertex -13.8199 -16.47 0
    endloop
  endfacet
  facet normal -0 0 -1
    outer loop
      vertex -11.6673 -11.6673 0
      vertex -15.2028 -15.2028 0
      vertex -12.6397 -10.606 0
    endloop
  endfacet
  facet normal 0 0 -1
    outer loop
      vertex -16.47 -13.8199 0
      vertex -12.6397 -10.606 0
      vertex -15.2028 -15.2028 0
    endloop
  endfacet
  facet normal -0 0 -1
    outer loop
      vertex -12.6397 -10.606 0
      vertex -16.47 -13.8199 0
      vertex -13.516 -9.46401 0
    endloop
  endfacet
  facet normal 0 0 -1
    outer loop
      vertex -17.6118 -12.3319 0
      vertex -13.516 -9.46401 0
      vertex -16.47 -13.8199 0
    endloop
  endfacet
  facet normal -0 0 -1
    outer loop
      vertex -13.516 -9.46401 0
      vertex -17.6118 -12.3319 0
      vertex -14.2894 -8.25 0
    endloop
  endfacet
  facet normal 0 0 -1
    outer loop
      vertex -18.6195 -10.75 0
      vertex -14.2894 -8.25 0
      vertex -17.6118 -12.3319 0
    endloop
  endfacet
  facet normal -0 0 -1
    outer loop
      vertex -14.2894 -8.25 0
      vertex -18.6195 -10.75 0
      vertex -14.9541 -6.9732 0
    endloop
  endfacet
  facet normal 0 0 -1
    outer loop
      vertex -19.4856 -9.08629 0
      vertex -14.9541 -6.9732 0
      vertex -18.6195 -10.75 0
    endloop
  endfacet
  facet normal -0 0 -1
    outer loop
      vertex -14.9541 -6.9732 0
      vertex -19.4856 -9.08629 0
      vertex -15.5049 -5.64333 0
    endloop
  endfacet
  facet normal 0 0 -1
    outer loop
      vertex -20.2034 -7.35343 0
      vertex -15.5049 -5.64333 0
      vertex -19.4856 -9.08629 0
    endloop
  endfacet
  facet normal -0 0 -1
    outer loop
      vertex -15.5049 -5.64333 0
      vertex -20.2034 -7.35343 0
      vertex -15.9378 -4.27051 0
    endloop
  endfacet
  facet normal 0 0 -1
    outer loop
      vertex 15.5049 5.64333 0
      vertex 20.2034 7.35343 0
      vertex 15.9378 4.27051 0
    endloop
  endfacet
  facet normal -0 0 -1
    outer loop
      vertex 20.2034 7.35343 0
      vertex 15.5049 5.64333 0
      vertex 19.4856 9.08629 0
    endloop
  endfacet
  facet normal 0 0 -1
    outer loop
      vertex 14.9541 6.9732 0
      vertex 19.4856 9.08629 0
      vertex 15.5049 5.64333 0
    endloop
  endfacet
  facet normal -0 0 -1
    outer loop
      vertex 19.4856 9.08629 0
      vertex 14.9541 6.9732 0
      vertex 18.6195 10.75 0
    endloop
  endfacet
  facet normal 0 0 -1
    outer loop
      vertex 14.2894 8.25 0
      vertex 18.6195 10.75 0
      vertex 14.9541 6.9732 0
    endloop
  endfacet
  facet normal -0 0 -1
    outer loop
      vertex 18.6195 10.75 0
      vertex 14.2894 8.25 0
      vertex 17.6118 12.3319 0
    endloop
  endfacet
  facet normal 0 0 -1
    outer loop
      vertex 13.516 9.46401 0
      vertex 17.6118 12.3319 0
      vertex 14.2894 8.25 0
    endloop
  endfacet
  facet normal -0 0 -1
    outer loop
      vertex 17.6118 12.3319 0
      vertex 13.516 9.46401 0
      vertex 16.47 13.8199 0
    endloop
  endfacet
  facet normal 0 0 -1
    outer loop
      vertex 12.6397 10.606 0
      vertex 16.47 13.8199 0
      vertex 13.516 9.46401 0
    endloop
  endfacet
  facet normal -0 0 -1
    outer loop
      vertex 16.47 13.8199 0
      vertex 12.6397 10.606 0
      vertex 15.2028 15.2028 0
    endloop
  endfacet
  facet normal 0 0 -1
    outer loop
      vertex 11.6673 11.6673 0
      vertex 15.2028 15.2028 0
      vertex 12.6397 10.606 0
    endloop
  endfacet
  facet normal -0 0 -1
    outer loop
      vertex 15.2028 15.2028 0
      vertex 11.6673 11.6673 0
      vertex 13.8199 16.47 0
    endloop
  endfacet
  facet normal 0 0 -1
    outer loop
      vertex 10.606 12.6397 0
      vertex 13.8199 16.47 0
      vertex 11.6673 11.6673 0
    endloop
  endfacet
  facet normal -0 0 -1
    outer loop
      vertex 13.8199 16.47 0
      vertex 10.606 12.6397 0
      vertex 12.3319 17.6118 0
    endloop
  endfacet
  facet normal 0 0 -1
    outer loop
      vertex 9.46401 13.516 0
      vertex 12.3319 17.6118 0
      vertex 10.606 12.6397 0
    endloop
  endfacet
  facet normal -0 0 -1
    outer loop
      vertex 12.3319 17.6118 0
      vertex 9.46401 13.516 0
      vertex 10.75 18.6195 0
    endloop
  endfacet
  facet normal 0 0 -1
    outer loop
      vertex 8.25 14.2894 0
      vertex 10.75 18.6195 0
      vertex 9.46401 13.516 0
    endloop
  endfacet
  facet normal -0 0 -1
    outer loop
      vertex 10.75 18.6195 0
      vertex 8.25 14.2894 0
      vertex 9.08629 19.4856 0
    endloop
  endfacet
  facet normal 0 0 -1
    outer loop
      vertex 6.9732 14.9541 0
      vertex 9.08629 19.4856 0
      vertex 8.25 14.2894 0
    endloop
  endfacet
  facet normal -0 0 -1
    outer loop
      vertex 9.08629 19.4856 0
      vertex 6.9732 14.9541 0
      vertex 7.35343 20.2034 0
    endloop
  endfacet
  facet normal 0 0 -1
    outer loop
      vertex 5.64333 15.5049 0
      vertex 7.35343 20.2034 0
      vertex 6.9732 14.9541 0
    endloop
  endfacet
  facet normal 0 0 -1
    outer loop
      vertex 5.64333 15.5049 0
      vertex 5.56461 20.7674 0
      vertex 7.35343 20.2034 0
    endloop
  endfacet
  facet normal 0 0 -1
    outer loop
      vertex 4.27051 15.9378 0
      vertex 5.56461 20.7674 0
      vertex 5.64333 15.5049 0
    endloop
  endfacet
  facet normal 0 0 -1
    outer loop
      vertex 4.27051 15.9378 0
      vertex 3.73344 21.1734 0
      vertex 5.56461 20.7674 0
    endloop
  endfacet
  facet normal 0 0 -1
    outer loop
      vertex 2.86519 16.2493 0
      vertex 3.73344 21.1734 0
      vertex 4.27051 15.9378 0
    endloop
  endfacet
  facet normal 0 0 -1
    outer loop
      vertex 2.86519 16.2493 0
      vertex 1.87385 21.4182 0
      vertex 3.73344 21.1734 0
    endloop
  endfacet
  facet normal 0 0 -1
    outer loop
      vertex 1.43807 16.4372 0
      vertex 1.87385 21.4182 0
      vertex 2.86519 16.2493 0
    endloop
  endfacet
  facet normal 0 0 -1
    outer loop
      vertex 0 16.5 0
      vertex 1.87385 21.4182 0
      vertex 1.43807 16.4372 0
    endloop
  endfacet
  facet normal 0 0 -1
    outer loop
      vertex 0 16.5 0
      vertex 0 21.5 0
      vertex 1.87385 21.4182 0
    endloop
  endfacet
  facet normal 0 0 -1
    outer loop
      vertex -1.43807 16.4372 0
      vertex 0 21.5 0
      vertex 0 16.5 0
    endloop
  endfacet
  facet normal 0 0 -1
    outer loop
      vertex -1.43807 16.4372 0
      vertex -1.87385 21.4182 0
      vertex 0 21.5 0
    endloop
  endfacet
  facet normal 0 0 -1
    outer loop
      vertex -2.86519 16.2493 0
      vertex -1.87385 21.4182 0
      vertex -1.43807 16.4372 0
    endloop
  endfacet
  facet normal 0 0 -1
    outer loop
      vertex -2.86519 16.2493 0
      vertex -3.73344 21.1734 0
      vertex -1.87385 21.4182 0
    endloop
  endfacet
  facet normal 0 0 -1
    outer loop
      vertex -4.27051 15.9378 0
      vertex -3.73344 21.1734 0
      vertex -2.86519 16.2493 0
    endloop
  endfacet
  facet normal 0 0 -1
    outer loop
      vertex -4.27051 15.9378 0
      vertex -5.56461 20.7674 0
      vertex -3.73344 21.1734 0
    endloop
  endfacet
  facet normal 0 0 -1
    outer loop
      vertex -5.64333 15.5049 0
      vertex -5.56461 20.7674 0
      vertex -4.27051 15.9378 0
    endloop
  endfacet
  facet normal 0 0 -1
    outer loop
      vertex -7.35343 20.2034 0
      vertex -5.64333 15.5049 0
      vertex -6.9732 14.9541 0
    endloop
  endfacet
  facet normal 0 0 -1
    outer loop
      vertex -5.64333 15.5049 0
      vertex -7.35343 20.2034 0
      vertex -5.56461 20.7674 0
    endloop
  endfacet
  facet normal 0 0 -1
    outer loop
      vertex -9.08629 19.4856 0
      vertex -6.9732 14.9541 0
      vertex -8.25 14.2894 0
    endloop
  endfacet
  facet normal 0 0 -1
    outer loop
      vertex -6.9732 14.9541 0
      vertex -9.08629 19.4856 0
      vertex -7.35343 20.2034 0
    endloop
  endfacet
  facet normal 0 0 -1
    outer loop
      vertex -10.75 18.6195 0
      vertex -8.25 14.2894 0
      vertex -9.46401 13.516 0
    endloop
  endfacet
  facet normal 0 0 -1
    outer loop
      vertex -12.3319 17.6118 0
      vertex -9.46401 13.516 0
      vertex -10.606 12.6397 0
    endloop
  endfacet
  facet normal 0 0 -1
    outer loop
      vertex -8.25 14.2894 0
      vertex -10.75 18.6195 0
      vertex -9.08629 19.4856 0
    endloop
  endfacet
  facet normal 0 0 -1
    outer loop
      vertex -13.8199 16.47 0
      vertex -10.606 12.6397 0
      vertex -11.6673 11.6673 0
    endloop
  endfacet
  facet normal 0 0 -1
    outer loop
      vertex -9.46401 13.516 0
      vertex -12.3319 17.6118 0
      vertex -10.75 18.6195 0
    endloop
  endfacet
  facet normal 0 0 -1
    outer loop
      vertex -15.2028 15.2028 0
      vertex -11.6673 11.6673 0
      vertex -12.6397 10.606 0
    endloop
  endfacet
  facet normal 0 0 -1
    outer loop
      vertex -16.47 13.8199 0
      vertex -12.6397 10.606 0
      vertex -13.516 9.46401 0
    endloop
  endfacet
  facet normal 0 0 -1
    outer loop
      vertex -10.606 12.6397 0
      vertex -13.8199 16.47 0
      vertex -12.3319 17.6118 0
    endloop
  endfacet
  facet normal 0 0 -1
    outer loop
      vertex -17.6118 12.3319 0
      vertex -13.516 9.46401 0
      vertex -14.2894 8.25 0
    endloop
  endfacet
  facet normal 0 0 -1
    outer loop
      vertex -18.6195 10.75 0
      vertex -14.2894 8.25 0
      vertex -14.9541 6.9732 0
    endloop
  endfacet
  facet normal 0 0 -1
    outer loop
      vertex -11.6673 11.6673 0
      vertex -15.2028 15.2028 0
      vertex -13.8199 16.47 0
    endloop
  endfacet
  facet normal 0 0 -1
    outer loop
      vertex -19.4856 9.08629 0
      vertex -14.9541 6.9732 0
      vertex -15.5049 5.64333 0
    endloop
  endfacet
  facet normal 0 0 -1
    outer loop
      vertex -20.2034 7.35343 0
      vertex -15.5049 5.64333 0
      vertex -15.9378 4.27051 0
    endloop
  endfacet
  facet normal 0 0 -1
    outer loop
      vertex -20.7674 5.56461 0
      vertex -15.9378 4.27051 0
      vertex -16.2493 2.86519 0
    endloop
  endfacet
  facet normal 0 0 -1
    outer loop
      vertex -21.1734 3.73344 0
      vertex -16.2493 2.86519 0
      vertex -16.4372 1.43807 0
    endloop
  endfacet
  facet normal 0 0 -1
    outer loop
      vertex -12.6397 10.606 0
      vertex -16.47 13.8199 0
      vertex -15.2028 15.2028 0
    endloop
  endfacet
  facet normal 0 0 -1
    outer loop
      vertex -21.4182 1.87385 0
      vertex -16.4372 1.43807 0
      vertex -16.5 0 0
    endloop
  endfacet
  facet normal 0 0 -1
    outer loop
      vertex -20.7674 -5.56461 0
      vertex -15.9378 -4.27051 0
      vertex -20.2034 -7.35343 0
    endloop
  endfacet
  facet normal 0 0 -1
    outer loop
      vertex -13.516 9.46401 0
      vertex -17.6118 12.3319 0
      vertex -16.47 13.8199 0
    endloop
  endfacet
  facet normal -0 0 -1
    outer loop
      vertex -15.9378 -4.27051 0
      vertex -20.7674 -5.56461 0
      vertex -16.2493 -2.86519 0
    endloop
  endfacet
  facet normal 0 0 -1
    outer loop
      vertex -14.2894 8.25 0
      vertex -18.6195 10.75 0
      vertex -17.6118 12.3319 0
    endloop
  endfacet
  facet normal 0 0 -1
    outer loop
      vertex -21.1734 -3.73344 0
      vertex -16.2493 -2.86519 0
      vertex -20.7674 -5.56461 0
    endloop
  endfacet
  facet normal 0 0 -1
    outer loop
      vertex -14.9541 6.9732 0
      vertex -19.4856 9.08629 0
      vertex -18.6195 10.75 0
    endloop
  endfacet
  facet normal -0 0 -1
    outer loop
      vertex -16.2493 -2.86519 0
      vertex -21.1734 -3.73344 0
      vertex -16.4372 -1.43807 0
    endloop
  endfacet
  facet normal 0 0 -1
    outer loop
      vertex -15.5049 5.64333 0
      vertex -20.2034 7.35343 0
      vertex -19.4856 9.08629 0
    endloop
  endfacet
  facet normal 0 0 -1
    outer loop
      vertex -21.4182 -1.87385 0
      vertex -16.4372 -1.43807 0
      vertex -21.1734 -3.73344 0
    endloop
  endfacet
  facet normal 0 0 -1
    outer loop
      vertex -15.9378 4.27051 0
      vertex -20.7674 5.56461 0
      vertex -20.2034 7.35343 0
    endloop
  endfacet
  facet normal -0 0 -1
    outer loop
      vertex -16.4372 -1.43807 0
      vertex -21.4182 -1.87385 0
      vertex -16.5 0 0
    endloop
  endfacet
  facet normal 0 0 -1
    outer loop
      vertex -16.2493 2.86519 0
      vertex -21.1734 3.73344 0
      vertex -20.7674 5.56461 0
    endloop
  endfacet
  facet normal 0 0 -1
    outer loop
      vertex -21.5 0 0
      vertex -16.5 0 0
      vertex -21.4182 -1.87385 0
    endloop
  endfacet
  facet normal 0 0 -1
    outer loop
      vertex -16.4372 1.43807 0
      vertex -21.4182 1.87385 0
      vertex -21.1734 3.73344 0
    endloop
  endfacet
  facet normal 0 0 -1
    outer loop
      vertex -16.5 0 0
      vertex -21.5 0 0
      vertex -21.4182 1.87385 0
    endloop
  endfacet
  facet normal -0.382695 -0.923875 0
    outer loop
      vertex -9.08629 -19.4856 0
      vertex -7.35343 -20.2034 34
      vertex -9.08629 -19.4856 34
    endloop
  endfacet
  facet normal -0.382695 -0.923875 -0
    outer loop
      vertex -7.35343 -20.2034 34
      vertex -9.08629 -19.4856 0
      vertex -7.35343 -20.2034 0
    endloop
  endfacet
  facet normal -0.382695 -0.923875 0
    outer loop
      vertex -9.08629 -19.4856 56
      vertex -7.35343 -20.2034 58
      vertex -9.08629 -19.4856 58
    endloop
  endfacet
  facet normal -0.382695 -0.923875 -0
    outer loop
      vertex -7.35343 -20.2034 58
      vertex -9.08629 -19.4856 56
      vertex -7.35343 -20.2034 56
    endloop
  endfacet
  facet normal -0.793349 0.608767 0
    outer loop
      vertex -17.6118 12.3319 0
      vertex -16.47 13.8199 58
      vertex -16.47 13.8199 0
    endloop
  endfacet
  facet normal -0.793349 0.608767 0
    outer loop
      vertex -16.47 13.8199 58
      vertex -17.6118 12.3319 0
      vertex -17.6118 12.3319 58
    endloop
  endfacet
  facet normal -0 0.290366 0.956916
    outer loop
      vertex 18 -0.634043 32.8124
      vertex 21 -1.24372 32.9974
      vertex 21 -0.634043 32.8124
    endloop
  endfacet
  facet normal 0 0.290366 0.956916
    outer loop
      vertex 21 -1.24372 32.9974
      vertex 18 -0.634043 32.8124
      vertex 18 -1.24372 32.9974
    endloop
  endfacet
  facet normal -0 0.290366 0.956916
    outer loop
      vertex 37 -0.634043 32.8124
      vertex 43 -1.24372 32.9974
      vertex 43 -0.634043 32.8124
    endloop
  endfacet
  facet normal 0 0.290366 0.956916
    outer loop
      vertex 43 -1.24372 32.9974
      vertex 37 -0.634043 32.8124
      vertex 37 -1.24372 32.9974
    endloop
  endfacet
  facet normal 0 -0.471359 0.881942
    outer loop
      vertex 37 1.8056 33.2977
      vertex 43 1.24372 32.9974
      vertex 43 1.8056 33.2977
    endloop
  endfacet
  facet normal 0 -0.471359 0.881942
    outer loop
      vertex 43 1.24372 32.9974
      vertex 37 1.8056 33.2977
      vertex 37 1.24372 32.9974
    endloop
  endfacet
  facet normal 0 -0.471359 0.881942
    outer loop
      vertex 18 1.8056 33.2977
      vertex 21 1.24372 32.9974
      vertex 21 1.8056 33.2977
    endloop
  endfacet
  facet normal 0 -0.471359 0.881942
    outer loop
      vertex 21 1.24372 32.9974
      vertex 18 1.8056 33.2977
      vertex 18 1.24372 32.9974
    endloop
  endfacet
  facet normal 0 0.995184 -0.0980272
    outer loop
      vertex 21 -3.25 36
      vertex 18 -3.18755 36.634
      vertex 21 -3.18755 36.634
    endloop
  endfacet
  facet normal 0 0.995184 -0.0980272
    outer loop
      vertex 18 -3.18755 36.634
      vertex 21 -3.25 36
      vertex 18 -3.25 36
    endloop
  endfacet
  facet normal 0 0.995184 -0.0980272
    outer loop
      vertex 43 -3.25 36
      vertex 37 -3.18755 36.634
      vertex 43 -3.18755 36.634
    endloop
  endfacet
  facet normal 0 0.995184 -0.0980272
    outer loop
      vertex 37 -3.18755 36.634
      vertex 43 -3.25 36
      vertex 37 -3.25 36
    endloop
  endfacet
  facet normal 1 0 0
    outer loop
      vertex 18 3.18755 36.634
      vertex 18 3.18755 35.366
      vertex 18 3.25 36
    endloop
  endfacet
  facet normal 1 0 0
    outer loop
      vertex 18 3.00261 37.2437
      vertex 18 3.18755 35.366
      vertex 18 3.18755 36.634
    endloop
  endfacet
  facet normal 1 0 0
    outer loop
      vertex 18 3.00261 37.2437
      vertex 18 3.00261 34.7563
      vertex 18 3.18755 35.366
    endloop
  endfacet
  facet normal 1 0 0
    outer loop
      vertex 18 2.70228 37.8056
      vertex 18 3.00261 34.7563
      vertex 18 3.00261 37.2437
    endloop
  endfacet
  facet normal 1 0 0
    outer loop
      vertex 18 2.70228 37.8056
      vertex 18 2.70228 34.1944
      vertex 18 3.00261 34.7563
    endloop
  endfacet
  facet normal 1 0 0
    outer loop
      vertex 18 2.2981 38.2981
      vertex 18 2.70228 34.1944
      vertex 18 2.70228 37.8056
    endloop
  endfacet
  facet normal 1 0 0
    outer loop
      vertex 18 2.2981 38.2981
      vertex 18 2.2981 33.7019
      vertex 18 2.70228 34.1944
    endloop
  endfacet
  facet normal 1 0 0
    outer loop
      vertex 18 1.8056 38.7023
      vertex 18 2.2981 33.7019
      vertex 18 2.2981 38.2981
    endloop
  endfacet
  facet normal 1 0 0
    outer loop
      vertex 18 1.8056 38.7023
      vertex 18 1.8056 33.2977
      vertex 18 2.2981 33.7019
    endloop
  endfacet
  facet normal 1 0 0
    outer loop
      vertex 18 1.24372 39.0026
      vertex 18 1.8056 33.2977
      vertex 18 1.8056 38.7023
    endloop
  endfacet
  facet normal 1 0 0
    outer loop
      vertex 18 1.24372 39.0026
      vertex 18 1.24372 32.9974
      vertex 18 1.8056 33.2977
    endloop
  endfacet
  facet normal 1 0 0
    outer loop
      vertex 18 0.634043 39.1876
      vertex 18 1.24372 32.9974
      vertex 18 1.24372 39.0026
    endloop
  endfacet
  facet normal 1 0 0
    outer loop
      vertex 18 0.634043 39.1876
      vertex 18 0.634043 32.8124
      vertex 18 1.24372 32.9974
    endloop
  endfacet
  facet normal 1 0 0
    outer loop
      vertex 18 0 39.25
      vertex 18 0.634043 32.8124
      vertex 18 0.634043 39.1876
    endloop
  endfacet
  facet normal 1 0 0
    outer loop
      vertex 18 0 39.25
      vertex 18 0 32.75
      vertex 18 0.634043 32.8124
    endloop
  endfacet
  facet normal 1 -0 0
    outer loop
      vertex 18 -0.634043 39.1876
      vertex 18 0 32.75
      vertex 18 0 39.25
    endloop
  endfacet
  facet normal 1 0 0
    outer loop
      vertex 18 -0.634043 39.1876
      vertex 18 -0.634043 32.8124
      vertex 18 0 32.75
    endloop
  endfacet
  facet normal 1 -0 0
    outer loop
      vertex 18 -1.24372 39.0026
      vertex 18 -0.634043 32.8124
      vertex 18 -0.634043 39.1876
    endloop
  endfacet
  facet normal 1 0 0
    outer loop
      vertex 18 -1.24372 39.0026
      vertex 18 -1.24372 32.9974
      vertex 18 -0.634043 32.8124
    endloop
  endfacet
  facet normal 1 -0 0
    outer loop
      vertex 18 -1.8056 38.7023
      vertex 18 -1.24372 32.9974
      vertex 18 -1.24372 39.0026
    endloop
  endfacet
  facet normal 1 0 0
    outer loop
      vertex 18 -1.8056 38.7023
      vertex 18 -1.8056 33.2977
      vertex 18 -1.24372 32.9974
    endloop
  endfacet
  facet normal 1 -0 0
    outer loop
      vertex 18 -2.2981 38.2981
      vertex 18 -1.8056 33.2977
      vertex 18 -1.8056 38.7023
    endloop
  endfacet
  facet normal 1 0 0
    outer loop
      vertex 18 -2.2981 38.2981
      vertex 18 -2.2981 33.7019
      vertex 18 -1.8056 33.2977
    endloop
  endfacet
  facet normal 1 -0 0
    outer loop
      vertex 18 -2.70228 37.8056
      vertex 18 -2.2981 33.7019
      vertex 18 -2.2981 38.2981
    endloop
  endfacet
  facet normal 1 0 0
    outer loop
      vertex 18 -2.70228 37.8056
      vertex 18 -2.70228 34.1944
      vertex 18 -2.2981 33.7019
    endloop
  endfacet
  facet normal 1 -0 0
    outer loop
      vertex 18 -3.00261 37.2437
      vertex 18 -2.70228 34.1944
      vertex 18 -2.70228 37.8056
    endloop
  endfacet
  facet normal 1 0 0
    outer loop
      vertex 18 -3.00261 37.2437
      vertex 18 -3.00261 34.7563
      vertex 18 -2.70228 34.1944
    endloop
  endfacet
  facet normal 1 -0 0
    outer loop
      vertex 18 -3.18755 36.634
      vertex 18 -3.00261 34.7563
      vertex 18 -3.00261 37.2437
    endloop
  endfacet
  facet normal 1 0 0
    outer loop
      vertex 18 -3.18755 36.634
      vertex 18 -3.18755 35.366
      vertex 18 -3.00261 34.7563
    endloop
  endfacet
  facet normal 1 0 -0
    outer loop
      vertex 18 -3.18755 35.366
      vertex 18 -3.18755 36.634
      vertex 18 -3.25 36
    endloop
  endfacet
  facet normal 0 -0.290366 -0.956916
    outer loop
      vertex 18 0.634043 39.1876
      vertex 21 1.24372 39.0026
      vertex 21 0.634043 39.1876
    endloop
  endfacet
  facet normal -0 -0.290366 -0.956916
    outer loop
      vertex 21 1.24372 39.0026
      vertex 18 0.634043 39.1876
      vertex 18 1.24372 39.0026
    endloop
  endfacet
  facet normal 0 -0.290366 -0.956916
    outer loop
      vertex 37 0.634043 39.1876
      vertex 43 1.24372 39.0026
      vertex 43 0.634043 39.1876
    endloop
  endfacet
  facet normal -0 -0.290366 -0.956916
    outer loop
      vertex 43 1.24372 39.0026
      vertex 37 0.634043 39.1876
      vertex 37 1.24372 39.0026
    endloop
  endfacet
  facet normal 0 -0.881929 -0.471382
    outer loop
      vertex 18 3.00261 37.2437
      vertex 21 2.70228 37.8056
      vertex 18 2.70228 37.8056
    endloop
  endfacet
  facet normal 0 -0.881929 -0.471382
    outer loop
      vertex 21 2.70228 37.8056
      vertex 18 3.00261 37.2437
      vertex 21 3.00261 37.2437
    endloop
  endfacet
  facet normal 0 -0.881929 -0.471382
    outer loop
      vertex 37 3.00261 37.2437
      vertex 43 2.70228 37.8056
      vertex 37 2.70228 37.8056
    endloop
  endfacet
  facet normal 0 -0.881929 -0.471382
    outer loop
      vertex 43 2.70228 37.8056
      vertex 37 3.00261 37.2437
      vertex 43 3.00261 37.2437
    endloop
  endfacet
  facet normal 0 -0.0979429 0.995192
    outer loop
      vertex 18 0.634043 32.8124
      vertex 21 0 32.75
      vertex 21 0.634043 32.8124
    endloop
  endfacet
  facet normal 0 -0.0979429 0.995192
    outer loop
      vertex 21 0 32.75
      vertex 18 0.634043 32.8124
      vertex 18 0 32.75
    endloop
  endfacet
  facet normal 0 -0.0979429 0.995192
    outer loop
      vertex 37 0.634043 32.8124
      vertex 43 0 32.75
      vertex 43 0.634043 32.8124
    endloop
  endfacet
  facet normal 0 -0.0979429 0.995192
    outer loop
      vertex 43 0 32.75
      vertex 37 0.634043 32.8124
      vertex 37 0 32.75
    endloop
  endfacet
  facet normal 0 0.881929 0.471382
    outer loop
      vertex 43 -2.70228 34.1944
      vertex 37 -3.00261 34.7563
      vertex 43 -3.00261 34.7563
    endloop
  endfacet
  facet normal 0 0.881929 0.471382
    outer loop
      vertex 37 -3.00261 34.7563
      vertex 43 -2.70228 34.1944
      vertex 37 -2.70228 34.1944
    endloop
  endfacet
  facet normal 0 0.881929 0.471382
    outer loop
      vertex 21 -2.70228 34.1944
      vertex 18 -3.00261 34.7563
      vertex 21 -3.00261 34.7563
    endloop
  endfacet
  facet normal 0 0.881929 0.471382
    outer loop
      vertex 18 -3.00261 34.7563
      vertex 21 -2.70228 34.1944
      vertex 18 -2.70228 34.1944
    endloop
  endfacet
  facet normal 0 0.471359 -0.881942
    outer loop
      vertex 18 -1.8056 38.7023
      vertex 21 -1.24372 39.0026
      vertex 21 -1.8056 38.7023
    endloop
  endfacet
  facet normal 0 0.471359 -0.881942
    outer loop
      vertex 21 -1.24372 39.0026
      vertex 18 -1.8056 38.7023
      vertex 18 -1.24372 39.0026
    endloop
  endfacet
  facet normal 0 0.471359 -0.881942
    outer loop
      vertex 37 -1.8056 38.7023
      vertex 43 -1.24372 39.0026
      vertex 43 -1.8056 38.7023
    endloop
  endfacet
  facet normal 0 0.471359 -0.881942
    outer loop
      vertex 43 -1.24372 39.0026
      vertex 37 -1.8056 38.7023
      vertex 37 -1.24372 39.0026
    endloop
  endfacet
  facet normal 0 -0.471359 -0.881942
    outer loop
      vertex 37 1.24372 39.0026
      vertex 43 1.8056 38.7023
      vertex 43 1.24372 39.0026
    endloop
  endfacet
  facet normal -0 -0.471359 -0.881942
    outer loop
      vertex 43 1.8056 38.7023
      vertex 37 1.24372 39.0026
      vertex 37 1.8056 38.7023
    endloop
  endfacet
  facet normal 0 -0.471359 -0.881942
    outer loop
      vertex 18 1.24372 39.0026
      vertex 21 1.8056 38.7023
      vertex 21 1.24372 39.0026
    endloop
  endfacet
  facet normal -0 -0.471359 -0.881942
    outer loop
      vertex 21 1.8056 38.7023
      vertex 18 1.24372 39.0026
      vertex 18 1.8056 38.7023
    endloop
  endfacet
  facet normal -0 0.634408 0.772998
    outer loop
      vertex 37 -1.8056 33.2977
      vertex 43 -2.2981 33.7019
      vertex 43 -1.8056 33.2977
    endloop
  endfacet
  facet normal 0 0.634408 0.772998
    outer loop
      vertex 43 -2.2981 33.7019
      vertex 37 -1.8056 33.2977
      vertex 37 -2.2981 33.7019
    endloop
  endfacet
  facet normal -0 0.634408 0.772998
    outer loop
      vertex 18 -1.8056 33.2977
      vertex 21 -2.2981 33.7019
      vertex 21 -1.8056 33.2977
    endloop
  endfacet
  facet normal 0 0.634408 0.772998
    outer loop
      vertex 21 -2.2981 33.7019
      vertex 18 -1.8056 33.2977
      vertex 18 -2.2981 33.7019
    endloop
  endfacet
  facet normal 0 -0.881929 0.471382
    outer loop
      vertex 37 2.70228 34.1944
      vertex 43 3.00261 34.7563
      vertex 37 3.00261 34.7563
    endloop
  endfacet
  facet normal 0 -0.881929 0.471382
    outer loop
      vertex 43 3.00261 34.7563
      vertex 37 2.70228 34.1944
      vertex 43 2.70228 34.1944
    endloop
  endfacet
  facet normal 0 -0.881929 0.471382
    outer loop
      vertex 18 2.70228 34.1944
      vertex 21 3.00261 34.7563
      vertex 18 3.00261 34.7563
    endloop
  endfacet
  facet normal 0 -0.881929 0.471382
    outer loop
      vertex 21 3.00261 34.7563
      vertex 18 2.70228 34.1944
      vertex 21 2.70228 34.1944
    endloop
  endfacet
  facet normal 0 -0.956945 0.29027
    outer loop
      vertex 37 3.00261 34.7563
      vertex 43 3.18755 35.366
      vertex 37 3.18755 35.366
    endloop
  endfacet
  facet normal 0 -0.956945 0.29027
    outer loop
      vertex 43 3.18755 35.366
      vertex 37 3.00261 34.7563
      vertex 43 3.00261 34.7563
    endloop
  endfacet
  facet normal 0 -0.956945 0.29027
    outer loop
      vertex 18 3.00261 34.7563
      vertex 21 3.18755 35.366
      vertex 18 3.18755 35.366
    endloop
  endfacet
  facet normal 0 -0.956945 0.29027
    outer loop
      vertex 21 3.18755 35.366
      vertex 18 3.00261 34.7563
      vertex 21 3.00261 34.7563
    endloop
  endfacet
  facet normal 0 -0.773014 0.634389
    outer loop
      vertex 37 2.2981 33.7019
      vertex 43 2.70228 34.1944
      vertex 37 2.70228 34.1944
    endloop
  endfacet
  facet normal 0 -0.773014 0.634389
    outer loop
      vertex 43 2.70228 34.1944
      vertex 37 2.2981 33.7019
      vertex 43 2.2981 33.7019
    endloop
  endfacet
  facet normal 0 -0.773014 0.634389
    outer loop
      vertex 18 2.2981 33.7019
      vertex 21 2.70228 34.1944
      vertex 18 2.70228 34.1944
    endloop
  endfacet
  facet normal 0 -0.773014 0.634389
    outer loop
      vertex 21 2.70228 34.1944
      vertex 18 2.2981 33.7019
      vertex 21 2.2981 33.7019
    endloop
  endfacet
  facet normal 0 -0.290366 0.956916
    outer loop
      vertex 37 1.24372 32.9974
      vertex 43 0.634043 32.8124
      vertex 43 1.24372 32.9974
    endloop
  endfacet
  facet normal 0 -0.290366 0.956916
    outer loop
      vertex 43 0.634043 32.8124
      vertex 37 1.24372 32.9974
      vertex 37 0.634043 32.8124
    endloop
  endfacet
  facet normal 0 -0.290366 0.956916
    outer loop
      vertex 18 1.24372 32.9974
      vertex 21 0.634043 32.8124
      vertex 21 1.24372 32.9974
    endloop
  endfacet
  facet normal 0 -0.290366 0.956916
    outer loop
      vertex 21 0.634043 32.8124
      vertex 18 1.24372 32.9974
      vertex 18 0.634043 32.8124
    endloop
  endfacet
  facet normal -0 0.0979429 0.995192
    outer loop
      vertex 18 0 32.75
      vertex 21 -0.634043 32.8124
      vertex 21 0 32.75
    endloop
  endfacet
  facet normal 0 0.0979429 0.995192
    outer loop
      vertex 21 -0.634043 32.8124
      vertex 18 0 32.75
      vertex 18 -0.634043 32.8124
    endloop
  endfacet
  facet normal -0 0.0979429 0.995192
    outer loop
      vertex 37 0 32.75
      vertex 43 -0.634043 32.8124
      vertex 43 0 32.75
    endloop
  endfacet
  facet normal 0 0.0979429 0.995192
    outer loop
      vertex 43 -0.634043 32.8124
      vertex 37 0 32.75
      vertex 37 -0.634043 32.8124
    endloop
  endfacet
  facet normal 0 0.956945 0.29027
    outer loop
      vertex 21 -3.00261 34.7563
      vertex 18 -3.18755 35.366
      vertex 21 -3.18755 35.366
    endloop
  endfacet
  facet normal 0 0.956945 0.29027
    outer loop
      vertex 18 -3.18755 35.366
      vertex 21 -3.00261 34.7563
      vertex 18 -3.00261 34.7563
    endloop
  endfacet
  facet normal 0 0.956945 0.29027
    outer loop
      vertex 43 -3.00261 34.7563
      vertex 37 -3.18755 35.366
      vertex 43 -3.18755 35.366
    endloop
  endfacet
  facet normal 0 0.956945 0.29027
    outer loop
      vertex 37 -3.18755 35.366
      vertex 43 -3.00261 34.7563
      vertex 37 -3.00261 34.7563
    endloop
  endfacet
  facet normal 0 -0.634408 0.772998
    outer loop
      vertex 37 2.2981 33.7019
      vertex 43 1.8056 33.2977
      vertex 43 2.2981 33.7019
    endloop
  endfacet
  facet normal 0 -0.634408 0.772998
    outer loop
      vertex 43 1.8056 33.2977
      vertex 37 2.2981 33.7019
      vertex 37 1.8056 33.2977
    endloop
  endfacet
  facet normal 0 -0.634408 0.772998
    outer loop
      vertex 18 2.2981 33.7019
      vertex 21 1.8056 33.2977
      vertex 21 2.2981 33.7019
    endloop
  endfacet
  facet normal 0 -0.634408 0.772998
    outer loop
      vertex 21 1.8056 33.2977
      vertex 18 2.2981 33.7019
      vertex 18 1.8056 33.2977
    endloop
  endfacet
  facet normal -0 0.471359 0.881942
    outer loop
      vertex 37 -1.24372 32.9974
      vertex 43 -1.8056 33.2977
      vertex 43 -1.24372 32.9974
    endloop
  endfacet
  facet normal 0 0.471359 0.881942
    outer loop
      vertex 43 -1.8056 33.2977
      vertex 37 -1.24372 32.9974
      vertex 37 -1.8056 33.2977
    endloop
  endfacet
  facet normal -0 0.471359 0.881942
    outer loop
      vertex 18 -1.24372 32.9974
      vertex 21 -1.8056 33.2977
      vertex 21 -1.24372 32.9974
    endloop
  endfacet
  facet normal 0 0.471359 0.881942
    outer loop
      vertex 21 -1.8056 33.2977
      vertex 18 -1.24372 32.9974
      vertex 18 -1.8056 33.2977
    endloop
  endfacet
  facet normal 0 0.290366 -0.956916
    outer loop
      vertex 37 -1.24372 39.0026
      vertex 43 -0.634043 39.1876
      vertex 43 -1.24372 39.0026
    endloop
  endfacet
  facet normal 0 0.290366 -0.956916
    outer loop
      vertex 43 -0.634043 39.1876
      vertex 37 -1.24372 39.0026
      vertex 37 -0.634043 39.1876
    endloop
  endfacet
  facet normal 0 0.290366 -0.956916
    outer loop
      vertex 18 -1.24372 39.0026
      vertex 21 -0.634043 39.1876
      vertex 21 -1.24372 39.0026
    endloop
  endfacet
  facet normal 0 0.290366 -0.956916
    outer loop
      vertex 21 -0.634043 39.1876
      vertex 18 -1.24372 39.0026
      vertex 18 -0.634043 39.1876
    endloop
  endfacet
  facet normal 0 0.773014 0.634389
    outer loop
      vertex 21 -2.2981 33.7019
      vertex 18 -2.70228 34.1944
      vertex 21 -2.70228 34.1944
    endloop
  endfacet
  facet normal 0 0.773014 0.634389
    outer loop
      vertex 18 -2.70228 34.1944
      vertex 21 -2.2981 33.7019
      vertex 18 -2.2981 33.7019
    endloop
  endfacet
  facet normal 0 0.773014 0.634389
    outer loop
      vertex 43 -2.2981 33.7019
      vertex 37 -2.70228 34.1944
      vertex 43 -2.70228 34.1944
    endloop
  endfacet
  facet normal 0 0.773014 0.634389
    outer loop
      vertex 37 -2.70228 34.1944
      vertex 43 -2.2981 33.7019
      vertex 37 -2.2981 33.7019
    endloop
  endfacet
  facet normal 0 -0.634408 -0.772998
    outer loop
      vertex 18 1.8056 38.7023
      vertex 21 2.2981 38.2981
      vertex 21 1.8056 38.7023
    endloop
  endfacet
  facet normal -0 -0.634408 -0.772998
    outer loop
      vertex 21 2.2981 38.2981
      vertex 18 1.8056 38.7023
      vertex 18 2.2981 38.2981
    endloop
  endfacet
  facet normal 0 -0.634408 -0.772998
    outer loop
      vertex 37 1.8056 38.7023
      vertex 43 2.2981 38.2981
      vertex 43 1.8056 38.7023
    endloop
  endfacet
  facet normal -0 -0.634408 -0.772998
    outer loop
      vertex 43 2.2981 38.2981
      vertex 37 1.8056 38.7023
      vertex 37 2.2981 38.2981
    endloop
  endfacet
  facet normal 0 -0.773014 -0.634389
    outer loop
      vertex 18 2.70228 37.8056
      vertex 21 2.2981 38.2981
      vertex 18 2.2981 38.2981
    endloop
  endfacet
  facet normal 0 -0.773014 -0.634389
    outer loop
      vertex 21 2.2981 38.2981
      vertex 18 2.70228 37.8056
      vertex 21 2.70228 37.8056
    endloop
  endfacet
  facet normal 0 -0.773014 -0.634389
    outer loop
      vertex 37 2.70228 37.8056
      vertex 43 2.2981 38.2981
      vertex 37 2.2981 38.2981
    endloop
  endfacet
  facet normal 0 -0.773014 -0.634389
    outer loop
      vertex 43 2.2981 38.2981
      vertex 37 2.70228 37.8056
      vertex 43 2.70228 37.8056
    endloop
  endfacet
  facet normal 0 -0.995184 -0.0980272
    outer loop
      vertex 18 3.25 36
      vertex 21 3.18755 36.634
      vertex 18 3.18755 36.634
    endloop
  endfacet
  facet normal 0 -0.995184 -0.0980272
    outer loop
      vertex 21 3.18755 36.634
      vertex 18 3.25 36
      vertex 21 3.25 36
    endloop
  endfacet
  facet normal 0 -0.995184 -0.0980272
    outer loop
      vertex 37 3.25 36
      vertex 43 3.18755 36.634
      vertex 37 3.18755 36.634
    endloop
  endfacet
  facet normal 0 -0.995184 -0.0980272
    outer loop
      vertex 43 3.18755 36.634
      vertex 37 3.25 36
      vertex 43 3.25 36
    endloop
  endfacet
  facet normal 0 -0.956945 -0.29027
    outer loop
      vertex 18 3.18755 36.634
      vertex 21 3.00261 37.2437
      vertex 18 3.00261 37.2437
    endloop
  endfacet
  facet normal 0 -0.956945 -0.29027
    outer loop
      vertex 21 3.00261 37.2437
      vertex 18 3.18755 36.634
      vertex 21 3.18755 36.634
    endloop
  endfacet
  facet normal 0 -0.956945 -0.29027
    outer loop
      vertex 37 3.18755 36.634
      vertex 43 3.00261 37.2437
      vertex 37 3.00261 37.2437
    endloop
  endfacet
  facet normal 0 -0.956945 -0.29027
    outer loop
      vertex 43 3.00261 37.2437
      vertex 37 3.18755 36.634
      vertex 43 3.18755 36.634
    endloop
  endfacet
  facet normal 0 -0.995184 0.0980272
    outer loop
      vertex 18 3.18755 35.366
      vertex 21 3.25 36
      vertex 18 3.25 36
    endloop
  endfacet
  facet normal 0 -0.995184 0.0980272
    outer loop
      vertex 21 3.25 36
      vertex 18 3.18755 35.366
      vertex 21 3.18755 35.366
    endloop
  endfacet
  facet normal 0 -0.995184 0.0980272
    outer loop
      vertex 37 3.18755 35.366
      vertex 43 3.25 36
      vertex 37 3.25 36
    endloop
  endfacet
  facet normal 0 -0.995184 0.0980272
    outer loop
      vertex 43 3.25 36
      vertex 37 3.18755 35.366
      vertex 43 3.18755 35.366
    endloop
  endfacet
  facet normal 0 0.881929 -0.471382
    outer loop
      vertex 21 -3.00261 37.2437
      vertex 18 -2.70228 37.8056
      vertex 21 -2.70228 37.8056
    endloop
  endfacet
  facet normal 0 0.881929 -0.471382
    outer loop
      vertex 18 -2.70228 37.8056
      vertex 21 -3.00261 37.2437
      vertex 18 -3.00261 37.2437
    endloop
  endfacet
  facet normal 0 0.881929 -0.471382
    outer loop
      vertex 43 -3.00261 37.2437
      vertex 37 -2.70228 37.8056
      vertex 43 -2.70228 37.8056
    endloop
  endfacet
  facet normal 0 0.881929 -0.471382
    outer loop
      vertex 37 -2.70228 37.8056
      vertex 43 -3.00261 37.2437
      vertex 37 -3.00261 37.2437
    endloop
  endfacet
  facet normal 0 0.634408 -0.772998
    outer loop
      vertex 18 -2.2981 38.2981
      vertex 21 -1.8056 38.7023
      vertex 21 -2.2981 38.2981
    endloop
  endfacet
  facet normal 0 0.634408 -0.772998
    outer loop
      vertex 21 -1.8056 38.7023
      vertex 18 -2.2981 38.2981
      vertex 18 -1.8056 38.7023
    endloop
  endfacet
  facet normal 0 0.634408 -0.772998
    outer loop
      vertex 37 -2.2981 38.2981
      vertex 43 -1.8056 38.7023
      vertex 43 -2.2981 38.2981
    endloop
  endfacet
  facet normal 0 0.634408 -0.772998
    outer loop
      vertex 43 -1.8056 38.7023
      vertex 37 -2.2981 38.2981
      vertex 37 -1.8056 38.7023
    endloop
  endfacet
  facet normal 0 0.995184 0.0980272
    outer loop
      vertex 21 -3.18755 35.366
      vertex 18 -3.25 36
      vertex 21 -3.25 36
    endloop
  endfacet
  facet normal 0 0.995184 0.0980272
    outer loop
      vertex 18 -3.25 36
      vertex 21 -3.18755 35.366
      vertex 18 -3.18755 35.366
    endloop
  endfacet
  facet normal 0 0.995184 0.0980272
    outer loop
      vertex 43 -3.18755 35.366
      vertex 37 -3.25 36
      vertex 43 -3.25 36
    endloop
  endfacet
  facet normal 0 0.995184 0.0980272
    outer loop
      vertex 37 -3.25 36
      vertex 43 -3.18755 35.366
      vertex 37 -3.18755 35.366
    endloop
  endfacet
  facet normal 0 0.0979429 -0.995192
    outer loop
      vertex 37 -0.634043 39.1876
      vertex 43 0 39.25
      vertex 43 -0.634043 39.1876
    endloop
  endfacet
  facet normal 0 0.0979429 -0.995192
    outer loop
      vertex 43 0 39.25
      vertex 37 -0.634043 39.1876
      vertex 37 0 39.25
    endloop
  endfacet
  facet normal 0 0.0979429 -0.995192
    outer loop
      vertex 18 -0.634043 39.1876
      vertex 21 0 39.25
      vertex 21 -0.634043 39.1876
    endloop
  endfacet
  facet normal 0 0.0979429 -0.995192
    outer loop
      vertex 21 0 39.25
      vertex 18 -0.634043 39.1876
      vertex 18 0 39.25
    endloop
  endfacet
  facet normal 0 0.773014 -0.634389
    outer loop
      vertex 21 -2.70228 37.8056
      vertex 18 -2.2981 38.2981
      vertex 21 -2.2981 38.2981
    endloop
  endfacet
  facet normal 0 0.773014 -0.634389
    outer loop
      vertex 18 -2.2981 38.2981
      vertex 21 -2.70228 37.8056
      vertex 18 -2.70228 37.8056
    endloop
  endfacet
  facet normal 0 0.773014 -0.634389
    outer loop
      vertex 43 -2.70228 37.8056
      vertex 37 -2.2981 38.2981
      vertex 43 -2.2981 38.2981
    endloop
  endfacet
  facet normal 0 0.773014 -0.634389
    outer loop
      vertex 37 -2.2981 38.2981
      vertex 43 -2.70228 37.8056
      vertex 37 -2.70228 37.8056
    endloop
  endfacet
  facet normal 0 -0.0979429 -0.995192
    outer loop
      vertex 18 0 39.25
      vertex 21 0.634043 39.1876
      vertex 21 0 39.25
    endloop
  endfacet
  facet normal -0 -0.0979429 -0.995192
    outer loop
      vertex 21 0.634043 39.1876
      vertex 18 0 39.25
      vertex 18 0.634043 39.1876
    endloop
  endfacet
  facet normal 0 -0.0979429 -0.995192
    outer loop
      vertex 37 0 39.25
      vertex 43 0.634043 39.1876
      vertex 43 0 39.25
    endloop
  endfacet
  facet normal -0 -0.0979429 -0.995192
    outer loop
      vertex 43 0.634043 39.1876
      vertex 37 0 39.25
      vertex 37 0.634043 39.1876
    endloop
  endfacet
  facet normal 0 0.956945 -0.29027
    outer loop
      vertex 21 -3.18755 36.634
      vertex 18 -3.00261 37.2437
      vertex 21 -3.00261 37.2437
    endloop
  endfacet
  facet normal 0 0.956945 -0.29027
    outer loop
      vertex 18 -3.00261 37.2437
      vertex 21 -3.18755 36.634
      vertex 18 -3.18755 36.634
    endloop
  endfacet
  facet normal 0 0.956945 -0.29027
    outer loop
      vertex 43 -3.18755 36.634
      vertex 37 -3.00261 37.2437
      vertex 43 -3.00261 37.2437
    endloop
  endfacet
  facet normal 0 0.956945 -0.29027
    outer loop
      vertex 37 -3.00261 37.2437
      vertex 43 -3.18755 36.634
      vertex 37 -3.18755 36.634
    endloop
  endfacet
  facet normal -1 0 0
    outer loop
      vertex 37 6.5 29.8
      vertex 37 3.25 36
      vertex 37 6.5 44
    endloop
  endfacet
  facet normal -1 0 0
    outer loop
      vertex 37 6.5 29.8
      vertex 37 3.18755 35.366
      vertex 37 3.25 36
    endloop
  endfacet
  facet normal -1 0 0
    outer loop
      vertex 37 6.5 29.8
      vertex 37 3.00261 34.7563
      vertex 37 3.18755 35.366
    endloop
  endfacet
  facet normal -1 0 0
    outer loop
      vertex 37 6.5 29.8
      vertex 37 2.70228 34.1944
      vertex 37 3.00261 34.7563
    endloop
  endfacet
  facet normal -1 0 0
    outer loop
      vertex 37 6.5 29.8
      vertex 37 2.2981 33.7019
      vertex 37 2.70228 34.1944
    endloop
  endfacet
  facet normal -1 0 0
    outer loop
      vertex 37 6.5 29.8
      vertex 37 1.8056 33.2977
      vertex 37 2.2981 33.7019
    endloop
  endfacet
  facet normal -1 0 0
    outer loop
      vertex 37 6.5 29.8
      vertex 37 1.24372 32.9974
      vertex 37 1.8056 33.2977
    endloop
  endfacet
  facet normal -1 0 0
    outer loop
      vertex 37 6.5 29.8
      vertex 37 0.634043 32.8124
      vertex 37 1.24372 32.9974
    endloop
  endfacet
  facet normal -1 0 0
    outer loop
      vertex 37 6.5 29.8
      vertex 37 0 32.75
      vertex 37 0.634043 32.8124
    endloop
  endfacet
  facet normal -1 0 0
    outer loop
      vertex 37 -6.5 29.8
      vertex 37 0 32.75
      vertex 37 6.5 29.8
    endloop
  endfacet
  facet normal -1 -0 0
    outer loop
      vertex 37 0 32.75
      vertex 37 -6.5 29.8
      vertex 37 -0.634043 32.8124
    endloop
  endfacet
  facet normal -1 -0 0
    outer loop
      vertex 37 -3.18755 35.366
      vertex 37 -6.5 29.8
      vertex 37 -3.25 36
    endloop
  endfacet
  facet normal -1 -0 0
    outer loop
      vertex 37 -3.00261 34.7563
      vertex 37 -6.5 29.8
      vertex 37 -3.18755 35.366
    endloop
  endfacet
  facet normal -1 -0 0
    outer loop
      vertex 37 -2.70228 34.1944
      vertex 37 -6.5 29.8
      vertex 37 -3.00261 34.7563
    endloop
  endfacet
  facet normal -1 -0 0
    outer loop
      vertex 37 -2.2981 33.7019
      vertex 37 -6.5 29.8
      vertex 37 -2.70228 34.1944
    endloop
  endfacet
  facet normal -1 -0 0
    outer loop
      vertex 37 -1.8056 33.2977
      vertex 37 -6.5 29.8
      vertex 37 -2.2981 33.7019
    endloop
  endfacet
  facet normal -1 -0 0
    outer loop
      vertex 37 -1.24372 32.9974
      vertex 37 -6.5 29.8
      vertex 37 -1.8056 33.2977
    endloop
  endfacet
  facet normal -1 -0 0
    outer loop
      vertex 37 -0.634043 32.8124
      vertex 37 -6.5 29.8
      vertex 37 -1.24372 32.9974
    endloop
  endfacet
  facet normal -1 0 0
    outer loop
      vertex 37 3.18755 36.634
      vertex 37 6.5 44
      vertex 37 3.25 36
    endloop
  endfacet
  facet normal -1 0 0
    outer loop
      vertex 37 3.00261 37.2437
      vertex 37 6.5 44
      vertex 37 3.18755 36.634
    endloop
  endfacet
  facet normal -1 0 0
    outer loop
      vertex 37 2.70228 37.8056
      vertex 37 6.5 44
      vertex 37 3.00261 37.2437
    endloop
  endfacet
  facet normal -1 0 0
    outer loop
      vertex 37 2.2981 38.2981
      vertex 37 6.5 44
      vertex 37 2.70228 37.8056
    endloop
  endfacet
  facet normal -1 0 0
    outer loop
      vertex 37 1.8056 38.7023
      vertex 37 6.5 44
      vertex 37 2.2981 38.2981
    endloop
  endfacet
  facet normal -1 0 0
    outer loop
      vertex 37 1.24372 39.0026
      vertex 37 6.5 44
      vertex 37 1.8056 38.7023
    endloop
  endfacet
  facet normal -1 0 0
    outer loop
      vertex 37 0.634043 39.1876
      vertex 37 6.5 44
      vertex 37 1.24372 39.0026
    endloop
  endfacet
  facet normal -1 0 0
    outer loop
      vertex 37 0 39.25
      vertex 37 6.5 44
      vertex 37 0.634043 39.1876
    endloop
  endfacet
  facet normal -1 0 0
    outer loop
      vertex 37 -6.5 44
      vertex 37 0 39.25
      vertex 37 -0.634043 39.1876
    endloop
  endfacet
  facet normal -1 0 0
    outer loop
      vertex 37 -6.5 44
      vertex 37 -0.634043 39.1876
      vertex 37 -1.24372 39.0026
    endloop
  endfacet
  facet normal -1 0 0
    outer loop
      vertex 37 -6.5 44
      vertex 37 -1.24372 39.0026
      vertex 37 -1.8056 38.7023
    endloop
  endfacet
  facet normal -1 0 0
    outer loop
      vertex 37 -6.5 44
      vertex 37 -3.25 36
      vertex 37 -6.5 29.8
    endloop
  endfacet
  facet normal -1 0 0
    outer loop
      vertex 37 -3.25 36
      vertex 37 -6.5 44
      vertex 37 -3.18755 36.634
    endloop
  endfacet
  facet normal -1 0 0
    outer loop
      vertex 37 0 39.25
      vertex 37 -6.5 44
      vertex 37 6.5 44
    endloop
  endfacet
  facet normal -1 0 0
    outer loop
      vertex 37 -2.2981 38.2981
      vertex 37 -6.5 44
      vertex 37 -1.8056 38.7023
    endloop
  endfacet
  facet normal -1 0 0
    outer loop
      vertex 37 -2.70228 37.8056
      vertex 37 -6.5 44
      vertex 37 -2.2981 38.2981
    endloop
  endfacet
  facet normal -1 0 0
    outer loop
      vertex 37 -3.00261 37.2437
      vertex 37 -6.5 44
      vertex 37 -2.70228 37.8056
    endloop
  endfacet
  facet normal -1 0 0
    outer loop
      vertex 37 -3.18755 36.634
      vertex 37 -6.5 44
      vertex 37 -3.00261 37.2437
    endloop
  endfacet
  facet normal 0 0 -1
    outer loop
      vertex 21.4182 -1.87385 45.8
      vertex 21.4182 1.87385 45.8
      vertex 21.5 0 45.8
    endloop
  endfacet
  facet normal 0 0 -1
    outer loop
      vertex 21 -4.51544 45.8
      vertex 21.4182 -1.87385 45.8
      vertex 21.1734 -3.73344 45.8
    endloop
  endfacet
  facet normal -0 0 -1
    outer loop
      vertex 21.4182 -1.87385 45.8
      vertex 21 -4.51544 45.8
      vertex 21.4182 1.87385 45.8
    endloop
  endfacet
  facet normal 0 0 -1
    outer loop
      vertex 21 4.51544 45.8
      vertex 21.4182 1.87385 45.8
      vertex 21 -4.51544 45.8
    endloop
  endfacet
  facet normal 0 0 -1
    outer loop
      vertex 21.4182 1.87385 45.8
      vertex 21 4.51544 45.8
      vertex 21.1734 3.73344 45.8
    endloop
  endfacet
  facet normal -0 0 1
    outer loop
      vertex 21 6.5 29.8
      vertex 37 -6.5 29.8
      vertex 37 6.5 29.8
    endloop
  endfacet
  facet normal 0 0 1
    outer loop
      vertex 37 -6.5 29.8
      vertex 21 6.5 29.8
      vertex 21 -6.5 29.8
    endloop
  endfacet
  facet normal 1 0 0
    outer loop
      vertex 21 -4.51544 44
      vertex 21 4.51544 44
      vertex 21 4.51544 45.8
    endloop
  endfacet
  facet normal 1 0 0
    outer loop
      vertex 21 4.51544 44
      vertex 21 3.18755 36.634
      vertex 21 3.25 36
    endloop
  endfacet
  facet normal 1 0 0
    outer loop
      vertex 21 4.51544 44
      vertex 21 3.00261 37.2437
      vertex 21 3.18755 36.634
    endloop
  endfacet
  facet normal 1 0 0
    outer loop
      vertex 21 4.51544 44
      vertex 21 2.70228 37.8056
      vertex 21 3.00261 37.2437
    endloop
  endfacet
  facet normal 1 0 0
    outer loop
      vertex 21 4.51544 44
      vertex 21 2.2981 38.2981
      vertex 21 2.70228 37.8056
    endloop
  endfacet
  facet normal 1 0 0
    outer loop
      vertex 21 4.51544 44
      vertex 21 1.8056 38.7023
      vertex 21 2.2981 38.2981
    endloop
  endfacet
  facet normal 1 0 0
    outer loop
      vertex 21 4.51544 44
      vertex 21 1.24372 39.0026
      vertex 21 1.8056 38.7023
    endloop
  endfacet
  facet normal 1 0 0
    outer loop
      vertex 21 4.51544 44
      vertex 21 0.634043 39.1876
      vertex 21 1.24372 39.0026
    endloop
  endfacet
  facet normal 1 0 0
    outer loop
      vertex 21 4.51544 44
      vertex 21 0 39.25
      vertex 21 0.634043 39.1876
    endloop
  endfacet
  facet normal 1 0 0
    outer loop
      vertex 21 4.51544 44
      vertex 21 -4.51544 44
      vertex 21 0 39.25
    endloop
  endfacet
  facet normal 1 0 0
    outer loop
      vertex 21 0 39.25
      vertex 21 -4.51544 44
      vertex 21 -0.634043 39.1876
    endloop
  endfacet
  facet normal 1 0 0
    outer loop
      vertex 21 -0.634043 39.1876
      vertex 21 -4.51544 44
      vertex 21 -1.24372 39.0026
    endloop
  endfacet
  facet normal 1 0 0
    outer loop
      vertex 21 -1.24372 39.0026
      vertex 21 -4.51544 44
      vertex 21 -1.8056 38.7023
    endloop
  endfacet
  facet normal 1 0 0
    outer loop
      vertex 21 -2.70228 37.8056
      vertex 21 -6.5 44
      vertex 21 -3.00261 37.2437
    endloop
  endfacet
  facet normal 1 -0 0
    outer loop
      vertex 21 -6.5 44
      vertex 21 -2.70228 37.8056
      vertex 21 -4.51544 44
    endloop
  endfacet
  facet normal 1 0 0
    outer loop
      vertex 21 -2.2981 38.2981
      vertex 21 -4.51544 44
      vertex 21 -2.70228 37.8056
    endloop
  endfacet
  facet normal 1 0 0
    outer loop
      vertex 21 -1.8056 38.7023
      vertex 21 -4.51544 44
      vertex 21 -2.2981 38.2981
    endloop
  endfacet
  facet normal 1 0 0
    outer loop
      vertex 21 -4.51544 44
      vertex 21 4.51544 45.8
      vertex 21 -4.51544 45.8
    endloop
  endfacet
  facet normal 1 0 0
    outer loop
      vertex 21 3.25 36
      vertex 21 6.5 44
      vertex 21 4.51544 44
    endloop
  endfacet
  facet normal 1 0 0
    outer loop
      vertex 21 6.5 44
      vertex 21 3.25 36
      vertex 21 6.5 29.8
    endloop
  endfacet
  facet normal 1 -0 0
    outer loop
      vertex 21 3.18755 35.366
      vertex 21 6.5 29.8
      vertex 21 3.25 36
    endloop
  endfacet
  facet normal 1 -0 0
    outer loop
      vertex 21 3.00261 34.7563
      vertex 21 6.5 29.8
      vertex 21 3.18755 35.366
    endloop
  endfacet
  facet normal 1 -0 0
    outer loop
      vertex 21 2.70228 34.1944
      vertex 21 6.5 29.8
      vertex 21 3.00261 34.7563
    endloop
  endfacet
  facet normal 1 -0 0
    outer loop
      vertex 21 2.2981 33.7019
      vertex 21 6.5 29.8
      vertex 21 2.70228 34.1944
    endloop
  endfacet
  facet normal 1 -0 0
    outer loop
      vertex 21 1.8056 33.2977
      vertex 21 6.5 29.8
      vertex 21 2.2981 33.7019
    endloop
  endfacet
  facet normal 1 -0 0
    outer loop
      vertex 21 1.24372 32.9974
      vertex 21 6.5 29.8
      vertex 21 1.8056 33.2977
    endloop
  endfacet
  facet normal 1 -0 0
    outer loop
      vertex 21 0.634043 32.8124
      vertex 21 6.5 29.8
      vertex 21 1.24372 32.9974
    endloop
  endfacet
  facet normal 1 -0 0
    outer loop
      vertex 21 0 32.75
      vertex 21 6.5 29.8
      vertex 21 0.634043 32.8124
    endloop
  endfacet
  facet normal 1 0 0
    outer loop
      vertex 21 -6.5 29.8
      vertex 21 0 32.75
      vertex 21 -0.634043 32.8124
    endloop
  endfacet
  facet normal 1 0 0
    outer loop
      vertex 21 -6.5 29.8
      vertex 21 -0.634043 32.8124
      vertex 21 -1.24372 32.9974
    endloop
  endfacet
  facet normal 1 0 0
    outer loop
      vertex 21 -3.00261 37.2437
      vertex 21 -6.5 44
      vertex 21 -3.18755 36.634
    endloop
  endfacet
  facet normal 1 0 0
    outer loop
      vertex 21 -3.18755 36.634
      vertex 21 -6.5 44
      vertex 21 -3.25 36
    endloop
  endfacet
  facet normal 1 0 0
    outer loop
      vertex 21 -6.5 29.8
      vertex 21 -3.25 36
      vertex 21 -6.5 44
    endloop
  endfacet
  facet normal 1 0 0
    outer loop
      vertex 21 -3.25 36
      vertex 21 -6.5 29.8
      vertex 21 -3.18755 35.366
    endloop
  endfacet
  facet normal 1 0 0
    outer loop
      vertex 21 0 32.75
      vertex 21 -6.5 29.8
      vertex 21 6.5 29.8
    endloop
  endfacet
  facet normal 1 0 0
    outer loop
      vertex 21 -1.8056 33.2977
      vertex 21 -6.5 29.8
      vertex 21 -1.24372 32.9974
    endloop
  endfacet
  facet normal 1 0 0
    outer loop
      vertex 21 -2.2981 33.7019
      vertex 21 -6.5 29.8
      vertex 21 -1.8056 33.2977
    endloop
  endfacet
  facet normal 1 0 0
    outer loop
      vertex 21 -2.70228 34.1944
      vertex 21 -6.5 29.8
      vertex 21 -2.2981 33.7019
    endloop
  endfacet
  facet normal 1 0 0
    outer loop
      vertex 21 -3.00261 34.7563
      vertex 21 -6.5 29.8
      vertex 21 -2.70228 34.1944
    endloop
  endfacet
  facet normal 1 0 0
    outer loop
      vertex 21 -3.18755 35.366
      vertex 21 -6.5 29.8
      vertex 21 -3.00261 34.7563
    endloop
  endfacet
  facet normal 0 -1 0
    outer loop
      vertex 21 6.5 29.8
      vertex 37 6.5 44
      vertex 21 6.5 44
    endloop
  endfacet
  facet normal 0 -1 -0
    outer loop
      vertex 37 6.5 44
      vertex 21 6.5 29.8
      vertex 37 6.5 29.8
    endloop
  endfacet
  facet normal 0 1 -0
    outer loop
      vertex 37 -6.5 29.8
      vertex 21 -6.5 44
      vertex 37 -6.5 44
    endloop
  endfacet
  facet normal 0 1 0
    outer loop
      vertex 21 -6.5 44
      vertex 37 -6.5 29.8
      vertex 21 -6.5 29.8
    endloop
  endfacet
  facet normal 0 -0.290366 0.956916
    outer loop
      vertex -43 1.24372 32.9974
      vertex -37 0.634043 32.8124
      vertex -37 1.24372 32.9974
    endloop
  endfacet
  facet normal 0 -0.290366 0.956916
    outer loop
      vertex -37 0.634043 32.8124
      vertex -43 1.24372 32.9974
      vertex -43 0.634043 32.8124
    endloop
  endfacet
  facet normal 0 -0.290366 0.956916
    outer loop
      vertex -21 1.24372 32.9974
      vertex -18 0.634043 32.8124
      vertex -18 1.24372 32.9974
    endloop
  endfacet
  facet normal 0 -0.290366 0.956916
    outer loop
      vertex -18 0.634043 32.8124
      vertex -21 1.24372 32.9974
      vertex -21 0.634043 32.8124
    endloop
  endfacet
  facet normal -0 0.471359 0.881942
    outer loop
      vertex -21 -1.24372 32.9974
      vertex -18 -1.8056 33.2977
      vertex -18 -1.24372 32.9974
    endloop
  endfacet
  facet normal 0 0.471359 0.881942
    outer loop
      vertex -18 -1.8056 33.2977
      vertex -21 -1.24372 32.9974
      vertex -21 -1.8056 33.2977
    endloop
  endfacet
  facet normal -0 0.471359 0.881942
    outer loop
      vertex -43 -1.24372 32.9974
      vertex -37 -1.8056 33.2977
      vertex -37 -1.24372 32.9974
    endloop
  endfacet
  facet normal 0 0.471359 0.881942
    outer loop
      vertex -37 -1.8056 33.2977
      vertex -43 -1.24372 32.9974
      vertex -43 -1.8056 33.2977
    endloop
  endfacet
  facet normal 0 -0.995184 -0.0980272
    outer loop
      vertex -21 3.25 36
      vertex -18 3.18755 36.634
      vertex -21 3.18755 36.634
    endloop
  endfacet
  facet normal 0 -0.995184 -0.0980272
    outer loop
      vertex -18 3.18755 36.634
      vertex -21 3.25 36
      vertex -18 3.25 36
    endloop
  endfacet
  facet normal 0 -0.995184 -0.0980272
    outer loop
      vertex -43 3.25 36
      vertex -37 3.18755 36.634
      vertex -43 3.18755 36.634
    endloop
  endfacet
  facet normal 0 -0.995184 -0.0980272
    outer loop
      vertex -37 3.18755 36.634
      vertex -43 3.25 36
      vertex -37 3.25 36
    endloop
  endfacet
  facet normal -1 0 0
    outer loop
      vertex -18 3.18755 35.366
      vertex -18 3.18755 36.634
      vertex -18 3.25 36
    endloop
  endfacet
  facet normal -1 0 0
    outer loop
      vertex -18 3.00261 34.7563
      vertex -18 3.18755 36.634
      vertex -18 3.18755 35.366
    endloop
  endfacet
  facet normal -1 0 0
    outer loop
      vertex -18 3.00261 34.7563
      vertex -18 3.00261 37.2437
      vertex -18 3.18755 36.634
    endloop
  endfacet
  facet normal -1 0 0
    outer loop
      vertex -18 2.70228 34.1944
      vertex -18 3.00261 37.2437
      vertex -18 3.00261 34.7563
    endloop
  endfacet
  facet normal -1 0 0
    outer loop
      vertex -18 2.70228 34.1944
      vertex -18 2.70228 37.8056
      vertex -18 3.00261 37.2437
    endloop
  endfacet
  facet normal -1 0 0
    outer loop
      vertex -18 2.2981 33.7019
      vertex -18 2.70228 37.8056
      vertex -18 2.70228 34.1944
    endloop
  endfacet
  facet normal -1 0 0
    outer loop
      vertex -18 2.2981 33.7019
      vertex -18 2.2981 38.2981
      vertex -18 2.70228 37.8056
    endloop
  endfacet
  facet normal -1 0 0
    outer loop
      vertex -18 1.8056 33.2977
      vertex -18 2.2981 38.2981
      vertex -18 2.2981 33.7019
    endloop
  endfacet
  facet normal -1 0 0
    outer loop
      vertex -18 1.8056 33.2977
      vertex -18 1.8056 38.7023
      vertex -18 2.2981 38.2981
    endloop
  endfacet
  facet normal -1 0 0
    outer loop
      vertex -18 1.24372 32.9974
      vertex -18 1.8056 38.7023
      vertex -18 1.8056 33.2977
    endloop
  endfacet
  facet normal -1 0 0
    outer loop
      vertex -18 1.24372 32.9974
      vertex -18 1.24372 39.0026
      vertex -18 1.8056 38.7023
    endloop
  endfacet
  facet normal -1 0 0
    outer loop
      vertex -18 0.634043 32.8124
      vertex -18 1.24372 39.0026
      vertex -18 1.24372 32.9974
    endloop
  endfacet
  facet normal -1 0 0
    outer loop
      vertex -18 0.634043 32.8124
      vertex -18 0.634043 39.1876
      vertex -18 1.24372 39.0026
    endloop
  endfacet
  facet normal -1 0 0
    outer loop
      vertex -18 0 32.75
      vertex -18 0.634043 39.1876
      vertex -18 0.634043 32.8124
    endloop
  endfacet
  facet normal -1 0 0
    outer loop
      vertex -18 0 32.75
      vertex -18 0 39.25
      vertex -18 0.634043 39.1876
    endloop
  endfacet
  facet normal -1 0 0
    outer loop
      vertex -18 -0.634043 32.8124
      vertex -18 0 39.25
      vertex -18 0 32.75
    endloop
  endfacet
  facet normal -1 0 0
    outer loop
      vertex -18 -0.634043 32.8124
      vertex -18 -0.634043 39.1876
      vertex -18 0 39.25
    endloop
  endfacet
  facet normal -1 0 0
    outer loop
      vertex -18 -1.24372 32.9974
      vertex -18 -0.634043 39.1876
      vertex -18 -0.634043 32.8124
    endloop
  endfacet
  facet normal -1 0 0
    outer loop
      vertex -18 -1.24372 32.9974
      vertex -18 -1.24372 39.0026
      vertex -18 -0.634043 39.1876
    endloop
  endfacet
  facet normal -1 0 0
    outer loop
      vertex -18 -1.8056 33.2977
      vertex -18 -1.24372 39.0026
      vertex -18 -1.24372 32.9974
    endloop
  endfacet
  facet normal -1 0 0
    outer loop
      vertex -18 -1.8056 33.2977
      vertex -18 -1.8056 38.7023
      vertex -18 -1.24372 39.0026
    endloop
  endfacet
  facet normal -1 0 0
    outer loop
      vertex -18 -2.2981 33.7019
      vertex -18 -1.8056 38.7023
      vertex -18 -1.8056 33.2977
    endloop
  endfacet
  facet normal -1 0 0
    outer loop
      vertex -18 -2.2981 33.7019
      vertex -18 -2.2981 38.2981
      vertex -18 -1.8056 38.7023
    endloop
  endfacet
  facet normal -1 0 0
    outer loop
      vertex -18 -2.70228 34.1944
      vertex -18 -2.2981 38.2981
      vertex -18 -2.2981 33.7019
    endloop
  endfacet
  facet normal -1 0 0
    outer loop
      vertex -18 -2.70228 34.1944
      vertex -18 -2.70228 37.8056
      vertex -18 -2.2981 38.2981
    endloop
  endfacet
  facet normal -1 0 0
    outer loop
      vertex -18 -3.00261 34.7563
      vertex -18 -2.70228 37.8056
      vertex -18 -2.70228 34.1944
    endloop
  endfacet
  facet normal -1 0 0
    outer loop
      vertex -18 -3.00261 34.7563
      vertex -18 -3.00261 37.2437
      vertex -18 -2.70228 37.8056
    endloop
  endfacet
  facet normal -1 0 0
    outer loop
      vertex -18 -3.18755 35.366
      vertex -18 -3.00261 37.2437
      vertex -18 -3.00261 34.7563
    endloop
  endfacet
  facet normal -1 0 0
    outer loop
      vertex -18 -3.18755 35.366
      vertex -18 -3.18755 36.634
      vertex -18 -3.00261 37.2437
    endloop
  endfacet
  facet normal -1 0 -0
    outer loop
      vertex -18 -3.18755 36.634
      vertex -18 -3.18755 35.366
      vertex -18 -3.25 36
    endloop
  endfacet
  facet normal 0 0.290366 -0.956916
    outer loop
      vertex -21 -1.24372 39.0026
      vertex -18 -0.634043 39.1876
      vertex -18 -1.24372 39.0026
    endloop
  endfacet
  facet normal 0 0.290366 -0.956916
    outer loop
      vertex -18 -0.634043 39.1876
      vertex -21 -1.24372 39.0026
      vertex -21 -0.634043 39.1876
    endloop
  endfacet
  facet normal 0 0.290366 -0.956916
    outer loop
      vertex -43 -1.24372 39.0026
      vertex -37 -0.634043 39.1876
      vertex -37 -1.24372 39.0026
    endloop
  endfacet
  facet normal 0 0.290366 -0.956916
    outer loop
      vertex -37 -0.634043 39.1876
      vertex -43 -1.24372 39.0026
      vertex -43 -0.634043 39.1876
    endloop
  endfacet
  facet normal 0 0.881929 -0.471382
    outer loop
      vertex -18 -3.00261 37.2437
      vertex -21 -2.70228 37.8056
      vertex -18 -2.70228 37.8056
    endloop
  endfacet
  facet normal 0 0.881929 -0.471382
    outer loop
      vertex -21 -2.70228 37.8056
      vertex -18 -3.00261 37.2437
      vertex -21 -3.00261 37.2437
    endloop
  endfacet
  facet normal 0 0.881929 -0.471382
    outer loop
      vertex -37 -3.00261 37.2437
      vertex -43 -2.70228 37.8056
      vertex -37 -2.70228 37.8056
    endloop
  endfacet
  facet normal 0 0.881929 -0.471382
    outer loop
      vertex -43 -2.70228 37.8056
      vertex -37 -3.00261 37.2437
      vertex -43 -3.00261 37.2437
    endloop
  endfacet
  facet normal -0 0.0979429 0.995192
    outer loop
      vertex -21 0 32.75
      vertex -18 -0.634043 32.8124
      vertex -18 0 32.75
    endloop
  endfacet
  facet normal 0 0.0979429 0.995192
    outer loop
      vertex -18 -0.634043 32.8124
      vertex -21 0 32.75
      vertex -21 -0.634043 32.8124
    endloop
  endfacet
  facet normal -0 0.0979429 0.995192
    outer loop
      vertex -43 0 32.75
      vertex -37 -0.634043 32.8124
      vertex -37 0 32.75
    endloop
  endfacet
  facet normal 0 0.0979429 0.995192
    outer loop
      vertex -37 -0.634043 32.8124
      vertex -43 0 32.75
      vertex -43 -0.634043 32.8124
    endloop
  endfacet
  facet normal 0 -0.881929 0.471382
    outer loop
      vertex -43 2.70228 34.1944
      vertex -37 3.00261 34.7563
      vertex -43 3.00261 34.7563
    endloop
  endfacet
  facet normal 0 -0.881929 0.471382
    outer loop
      vertex -37 3.00261 34.7563
      vertex -43 2.70228 34.1944
      vertex -37 2.70228 34.1944
    endloop
  endfacet
  facet normal 0 -0.881929 0.471382
    outer loop
      vertex -21 2.70228 34.1944
      vertex -18 3.00261 34.7563
      vertex -21 3.00261 34.7563
    endloop
  endfacet
  facet normal 0 -0.881929 0.471382
    outer loop
      vertex -18 3.00261 34.7563
      vertex -21 2.70228 34.1944
      vertex -18 2.70228 34.1944
    endloop
  endfacet
  facet normal 0 -0.471359 -0.881942
    outer loop
      vertex -21 1.24372 39.0026
      vertex -18 1.8056 38.7023
      vertex -18 1.24372 39.0026
    endloop
  endfacet
  facet normal -0 -0.471359 -0.881942
    outer loop
      vertex -18 1.8056 38.7023
      vertex -21 1.24372 39.0026
      vertex -21 1.8056 38.7023
    endloop
  endfacet
  facet normal 0 -0.471359 -0.881942
    outer loop
      vertex -43 1.24372 39.0026
      vertex -37 1.8056 38.7023
      vertex -37 1.24372 39.0026
    endloop
  endfacet
  facet normal -0 -0.471359 -0.881942
    outer loop
      vertex -37 1.8056 38.7023
      vertex -43 1.24372 39.0026
      vertex -43 1.8056 38.7023
    endloop
  endfacet
  facet normal 0 0.471359 -0.881942
    outer loop
      vertex -43 -1.8056 38.7023
      vertex -37 -1.24372 39.0026
      vertex -37 -1.8056 38.7023
    endloop
  endfacet
  facet normal 0 0.471359 -0.881942
    outer loop
      vertex -37 -1.24372 39.0026
      vertex -43 -1.8056 38.7023
      vertex -43 -1.24372 39.0026
    endloop
  endfacet
  facet normal 0 0.471359 -0.881942
    outer loop
      vertex -21 -1.8056 38.7023
      vertex -18 -1.24372 39.0026
      vertex -18 -1.8056 38.7023
    endloop
  endfacet
  facet normal 0 0.471359 -0.881942
    outer loop
      vertex -18 -1.24372 39.0026
      vertex -21 -1.8056 38.7023
      vertex -21 -1.24372 39.0026
    endloop
  endfacet
  facet normal 0 -0.634408 0.772998
    outer loop
      vertex -43 2.2981 33.7019
      vertex -37 1.8056 33.2977
      vertex -37 2.2981 33.7019
    endloop
  endfacet
  facet normal 0 -0.634408 0.772998
    outer loop
      vertex -37 1.8056 33.2977
      vertex -43 2.2981 33.7019
      vertex -43 1.8056 33.2977
    endloop
  endfacet
  facet normal 0 -0.634408 0.772998
    outer loop
      vertex -21 2.2981 33.7019
      vertex -18 1.8056 33.2977
      vertex -18 2.2981 33.7019
    endloop
  endfacet
  facet normal 0 -0.634408 0.772998
    outer loop
      vertex -18 1.8056 33.2977
      vertex -21 2.2981 33.7019
      vertex -21 1.8056 33.2977
    endloop
  endfacet
  facet normal 0 0.881929 0.471382
    outer loop
      vertex -37 -2.70228 34.1944
      vertex -43 -3.00261 34.7563
      vertex -37 -3.00261 34.7563
    endloop
  endfacet
  facet normal 0 0.881929 0.471382
    outer loop
      vertex -43 -3.00261 34.7563
      vertex -37 -2.70228 34.1944
      vertex -43 -2.70228 34.1944
    endloop
  endfacet
  facet normal 0 0.881929 0.471382
    outer loop
      vertex -18 -2.70228 34.1944
      vertex -21 -3.00261 34.7563
      vertex -18 -3.00261 34.7563
    endloop
  endfacet
  facet normal 0 0.881929 0.471382
    outer loop
      vertex -21 -3.00261 34.7563
      vertex -18 -2.70228 34.1944
      vertex -21 -2.70228 34.1944
    endloop
  endfacet
  facet normal 0 0.956945 0.29027
    outer loop
      vertex -37 -3.00261 34.7563
      vertex -43 -3.18755 35.366
      vertex -37 -3.18755 35.366
    endloop
  endfacet
  facet normal 0 0.956945 0.29027
    outer loop
      vertex -43 -3.18755 35.366
      vertex -37 -3.00261 34.7563
      vertex -43 -3.00261 34.7563
    endloop
  endfacet
  facet normal 0 0.956945 0.29027
    outer loop
      vertex -18 -3.00261 34.7563
      vertex -21 -3.18755 35.366
      vertex -18 -3.18755 35.366
    endloop
  endfacet
  facet normal 0 0.956945 0.29027
    outer loop
      vertex -21 -3.18755 35.366
      vertex -18 -3.00261 34.7563
      vertex -21 -3.00261 34.7563
    endloop
  endfacet
  facet normal -0 0.290366 0.956916
    outer loop
      vertex -21 -0.634043 32.8124
      vertex -18 -1.24372 32.9974
      vertex -18 -0.634043 32.8124
    endloop
  endfacet
  facet normal 0 0.290366 0.956916
    outer loop
      vertex -18 -1.24372 32.9974
      vertex -21 -0.634043 32.8124
      vertex -21 -1.24372 32.9974
    endloop
  endfacet
  facet normal -0 0.290366 0.956916
    outer loop
      vertex -43 -0.634043 32.8124
      vertex -37 -1.24372 32.9974
      vertex -37 -0.634043 32.8124
    endloop
  endfacet
  facet normal 0 0.290366 0.956916
    outer loop
      vertex -37 -1.24372 32.9974
      vertex -43 -0.634043 32.8124
      vertex -43 -1.24372 32.9974
    endloop
  endfacet
  facet normal 0 -0.0979429 0.995192
    outer loop
      vertex -43 0.634043 32.8124
      vertex -37 0 32.75
      vertex -37 0.634043 32.8124
    endloop
  endfacet
  facet normal 0 -0.0979429 0.995192
    outer loop
      vertex -37 0 32.75
      vertex -43 0.634043 32.8124
      vertex -43 0 32.75
    endloop
  endfacet
  facet normal 0 -0.0979429 0.995192
    outer loop
      vertex -21 0.634043 32.8124
      vertex -18 0 32.75
      vertex -18 0.634043 32.8124
    endloop
  endfacet
  facet normal 0 -0.0979429 0.995192
    outer loop
      vertex -18 0 32.75
      vertex -21 0.634043 32.8124
      vertex -21 0 32.75
    endloop
  endfacet
  facet normal 0 -0.956945 0.29027
    outer loop
      vertex -21 3.00261 34.7563
      vertex -18 3.18755 35.366
      vertex -21 3.18755 35.366
    endloop
  endfacet
  facet normal 0 -0.956945 0.29027
    outer loop
      vertex -18 3.18755 35.366
      vertex -21 3.00261 34.7563
      vertex -18 3.00261 34.7563
    endloop
  endfacet
  facet normal 0 -0.956945 0.29027
    outer loop
      vertex -43 3.00261 34.7563
      vertex -37 3.18755 35.366
      vertex -43 3.18755 35.366
    endloop
  endfacet
  facet normal 0 -0.956945 0.29027
    outer loop
      vertex -37 3.18755 35.366
      vertex -43 3.00261 34.7563
      vertex -37 3.00261 34.7563
    endloop
  endfacet
  facet normal -0 0.634408 0.772998
    outer loop
      vertex -21 -1.8056 33.2977
      vertex -18 -2.2981 33.7019
      vertex -18 -1.8056 33.2977
    endloop
  endfacet
  facet normal 0 0.634408 0.772998
    outer loop
      vertex -18 -2.2981 33.7019
      vertex -21 -1.8056 33.2977
      vertex -21 -2.2981 33.7019
    endloop
  endfacet
  facet normal -0 0.634408 0.772998
    outer loop
      vertex -43 -1.8056 33.2977
      vertex -37 -2.2981 33.7019
      vertex -37 -1.8056 33.2977
    endloop
  endfacet
  facet normal 0 0.634408 0.772998
    outer loop
      vertex -37 -2.2981 33.7019
      vertex -43 -1.8056 33.2977
      vertex -43 -2.2981 33.7019
    endloop
  endfacet
  facet normal 0 -0.471359 0.881942
    outer loop
      vertex -43 1.8056 33.2977
      vertex -37 1.24372 32.9974
      vertex -37 1.8056 33.2977
    endloop
  endfacet
  facet normal 0 -0.471359 0.881942
    outer loop
      vertex -37 1.24372 32.9974
      vertex -43 1.8056 33.2977
      vertex -43 1.24372 32.9974
    endloop
  endfacet
  facet normal 0 -0.471359 0.881942
    outer loop
      vertex -21 1.8056 33.2977
      vertex -18 1.24372 32.9974
      vertex -18 1.8056 33.2977
    endloop
  endfacet
  facet normal 0 -0.471359 0.881942
    outer loop
      vertex -18 1.24372 32.9974
      vertex -21 1.8056 33.2977
      vertex -21 1.24372 32.9974
    endloop
  endfacet
  facet normal 0 -0.290366 -0.956916
    outer loop
      vertex -43 0.634043 39.1876
      vertex -37 1.24372 39.0026
      vertex -37 0.634043 39.1876
    endloop
  endfacet
  facet normal -0 -0.290366 -0.956916
    outer loop
      vertex -37 1.24372 39.0026
      vertex -43 0.634043 39.1876
      vertex -43 1.24372 39.0026
    endloop
  endfacet
  facet normal 0 -0.290366 -0.956916
    outer loop
      vertex -21 0.634043 39.1876
      vertex -18 1.24372 39.0026
      vertex -18 0.634043 39.1876
    endloop
  endfacet
  facet normal -0 -0.290366 -0.956916
    outer loop
      vertex -18 1.24372 39.0026
      vertex -21 0.634043 39.1876
      vertex -21 1.24372 39.0026
    endloop
  endfacet
  facet normal 0 -0.773014 0.634389
    outer loop
      vertex -43 2.2981 33.7019
      vertex -37 2.70228 34.1944
      vertex -43 2.70228 34.1944
    endloop
  endfacet
  facet normal 0 -0.773014 0.634389
    outer loop
      vertex -37 2.70228 34.1944
      vertex -43 2.2981 33.7019
      vertex -37 2.2981 33.7019
    endloop
  endfacet
  facet normal 0 -0.773014 0.634389
    outer loop
      vertex -21 2.2981 33.7019
      vertex -18 2.70228 34.1944
      vertex -21 2.70228 34.1944
    endloop
  endfacet
  facet normal 0 -0.773014 0.634389
    outer loop
      vertex -18 2.70228 34.1944
      vertex -21 2.2981 33.7019
      vertex -18 2.2981 33.7019
    endloop
  endfacet
  facet normal 0 0.634408 -0.772998
    outer loop
      vertex -21 -2.2981 38.2981
      vertex -18 -1.8056 38.7023
      vertex -18 -2.2981 38.2981
    endloop
  endfacet
  facet normal 0 0.634408 -0.772998
    outer loop
      vertex -18 -1.8056 38.7023
      vertex -21 -2.2981 38.2981
      vertex -21 -1.8056 38.7023
    endloop
  endfacet
  facet normal 0 0.634408 -0.772998
    outer loop
      vertex -43 -2.2981 38.2981
      vertex -37 -1.8056 38.7023
      vertex -37 -2.2981 38.2981
    endloop
  endfacet
  facet normal 0 0.634408 -0.772998
    outer loop
      vertex -37 -1.8056 38.7023
      vertex -43 -2.2981 38.2981
      vertex -43 -1.8056 38.7023
    endloop
  endfacet
  facet normal 0 0.773014 0.634389
    outer loop
      vertex -37 -2.2981 33.7019
      vertex -43 -2.70228 34.1944
      vertex -37 -2.70228 34.1944
    endloop
  endfacet
  facet normal 0 0.773014 0.634389
    outer loop
      vertex -43 -2.70228 34.1944
      vertex -37 -2.2981 33.7019
      vertex -43 -2.2981 33.7019
    endloop
  endfacet
  facet normal 0 0.773014 0.634389
    outer loop
      vertex -18 -2.2981 33.7019
      vertex -21 -2.70228 34.1944
      vertex -18 -2.70228 34.1944
    endloop
  endfacet
  facet normal 0 0.773014 0.634389
    outer loop
      vertex -21 -2.70228 34.1944
      vertex -18 -2.2981 33.7019
      vertex -21 -2.2981 33.7019
    endloop
  endfacet
  facet normal 0 0.773014 -0.634389
    outer loop
      vertex -18 -2.70228 37.8056
      vertex -21 -2.2981 38.2981
      vertex -18 -2.2981 38.2981
    endloop
  endfacet
  facet normal 0 0.773014 -0.634389
    outer loop
      vertex -21 -2.2981 38.2981
      vertex -18 -2.70228 37.8056
      vertex -21 -2.70228 37.8056
    endloop
  endfacet
  facet normal 0 0.773014 -0.634389
    outer loop
      vertex -37 -2.70228 37.8056
      vertex -43 -2.2981 38.2981
      vertex -37 -2.2981 38.2981
    endloop
  endfacet
  facet normal 0 0.773014 -0.634389
    outer loop
      vertex -43 -2.2981 38.2981
      vertex -37 -2.70228 37.8056
      vertex -43 -2.70228 37.8056
    endloop
  endfacet
  facet normal 0 0.995184 -0.0980272
    outer loop
      vertex -37 -3.25 36
      vertex -43 -3.18755 36.634
      vertex -37 -3.18755 36.634
    endloop
  endfacet
  facet normal 0 0.995184 -0.0980272
    outer loop
      vertex -43 -3.18755 36.634
      vertex -37 -3.25 36
      vertex -43 -3.25 36
    endloop
  endfacet
  facet normal 0 0.995184 -0.0980272
    outer loop
      vertex -18 -3.25 36
      vertex -21 -3.18755 36.634
      vertex -18 -3.18755 36.634
    endloop
  endfacet
  facet normal 0 0.995184 -0.0980272
    outer loop
      vertex -21 -3.18755 36.634
      vertex -18 -3.25 36
      vertex -21 -3.25 36
    endloop
  endfacet
  facet normal 0 0.956945 -0.29027
    outer loop
      vertex -18 -3.18755 36.634
      vertex -21 -3.00261 37.2437
      vertex -18 -3.00261 37.2437
    endloop
  endfacet
  facet normal 0 0.956945 -0.29027
    outer loop
      vertex -21 -3.00261 37.2437
      vertex -18 -3.18755 36.634
      vertex -21 -3.18755 36.634
    endloop
  endfacet
  facet normal 0 0.956945 -0.29027
    outer loop
      vertex -37 -3.18755 36.634
      vertex -43 -3.00261 37.2437
      vertex -37 -3.00261 37.2437
    endloop
  endfacet
  facet normal 0 0.956945 -0.29027
    outer loop
      vertex -43 -3.00261 37.2437
      vertex -37 -3.18755 36.634
      vertex -43 -3.18755 36.634
    endloop
  endfacet
  facet normal 0 0.995184 0.0980272
    outer loop
      vertex -37 -3.18755 35.366
      vertex -43 -3.25 36
      vertex -37 -3.25 36
    endloop
  endfacet
  facet normal 0 0.995184 0.0980272
    outer loop
      vertex -43 -3.25 36
      vertex -37 -3.18755 35.366
      vertex -43 -3.18755 35.366
    endloop
  endfacet
  facet normal 0 0.995184 0.0980272
    outer loop
      vertex -18 -3.18755 35.366
      vertex -21 -3.25 36
      vertex -18 -3.25 36
    endloop
  endfacet
  facet normal 0 0.995184 0.0980272
    outer loop
      vertex -21 -3.25 36
      vertex -18 -3.18755 35.366
      vertex -21 -3.18755 35.366
    endloop
  endfacet
  facet normal 0 -0.881929 -0.471382
    outer loop
      vertex -21 3.00261 37.2437
      vertex -18 2.70228 37.8056
      vertex -21 2.70228 37.8056
    endloop
  endfacet
  facet normal 0 -0.881929 -0.471382
    outer loop
      vertex -18 2.70228 37.8056
      vertex -21 3.00261 37.2437
      vertex -18 3.00261 37.2437
    endloop
  endfacet
  facet normal 0 -0.881929 -0.471382
    outer loop
      vertex -43 3.00261 37.2437
      vertex -37 2.70228 37.8056
      vertex -43 2.70228 37.8056
    endloop
  endfacet
  facet normal 0 -0.881929 -0.471382
    outer loop
      vertex -37 2.70228 37.8056
      vertex -43 3.00261 37.2437
      vertex -37 3.00261 37.2437
    endloop
  endfacet
  facet normal 0 -0.634408 -0.772998
    outer loop
      vertex -21 1.8056 38.7023
      vertex -18 2.2981 38.2981
      vertex -18 1.8056 38.7023
    endloop
  endfacet
  facet normal -0 -0.634408 -0.772998
    outer loop
      vertex -18 2.2981 38.2981
      vertex -21 1.8056 38.7023
      vertex -21 2.2981 38.2981
    endloop
  endfacet
  facet normal 0 -0.634408 -0.772998
    outer loop
      vertex -43 1.8056 38.7023
      vertex -37 2.2981 38.2981
      vertex -37 1.8056 38.7023
    endloop
  endfacet
  facet normal -0 -0.634408 -0.772998
    outer loop
      vertex -37 2.2981 38.2981
      vertex -43 1.8056 38.7023
      vertex -43 2.2981 38.2981
    endloop
  endfacet
  facet normal 0 -0.995184 0.0980272
    outer loop
      vertex -21 3.18755 35.366
      vertex -18 3.25 36
      vertex -21 3.25 36
    endloop
  endfacet
  facet normal 0 -0.995184 0.0980272
    outer loop
      vertex -18 3.25 36
      vertex -21 3.18755 35.366
      vertex -18 3.18755 35.366
    endloop
  endfacet
  facet normal 0 -0.995184 0.0980272
    outer loop
      vertex -43 3.18755 35.366
      vertex -37 3.25 36
      vertex -43 3.25 36
    endloop
  endfacet
  facet normal 0 -0.995184 0.0980272
    outer loop
      vertex -37 3.25 36
      vertex -43 3.18755 35.366
      vertex -37 3.18755 35.366
    endloop
  endfacet
  facet normal 0 -0.0979429 -0.995192
    outer loop
      vertex -21 0 39.25
      vertex -18 0.634043 39.1876
      vertex -18 0 39.25
    endloop
  endfacet
  facet normal -0 -0.0979429 -0.995192
    outer loop
      vertex -18 0.634043 39.1876
      vertex -21 0 39.25
      vertex -21 0.634043 39.1876
    endloop
  endfacet
  facet normal 0 -0.0979429 -0.995192
    outer loop
      vertex -43 0 39.25
      vertex -37 0.634043 39.1876
      vertex -37 0 39.25
    endloop
  endfacet
  facet normal -0 -0.0979429 -0.995192
    outer loop
      vertex -37 0.634043 39.1876
      vertex -43 0 39.25
      vertex -43 0.634043 39.1876
    endloop
  endfacet
  facet normal 0 -0.773014 -0.634389
    outer loop
      vertex -21 2.70228 37.8056
      vertex -18 2.2981 38.2981
      vertex -21 2.2981 38.2981
    endloop
  endfacet
  facet normal 0 -0.773014 -0.634389
    outer loop
      vertex -18 2.2981 38.2981
      vertex -21 2.70228 37.8056
      vertex -18 2.70228 37.8056
    endloop
  endfacet
  facet normal 0 -0.773014 -0.634389
    outer loop
      vertex -43 2.70228 37.8056
      vertex -37 2.2981 38.2981
      vertex -43 2.2981 38.2981
    endloop
  endfacet
  facet normal 0 -0.773014 -0.634389
    outer loop
      vertex -37 2.2981 38.2981
      vertex -43 2.70228 37.8056
      vertex -37 2.70228 37.8056
    endloop
  endfacet
  facet normal 0 0.0979429 -0.995192
    outer loop
      vertex -21 -0.634043 39.1876
      vertex -18 0 39.25
      vertex -18 -0.634043 39.1876
    endloop
  endfacet
  facet normal 0 0.0979429 -0.995192
    outer loop
      vertex -18 0 39.25
      vertex -21 -0.634043 39.1876
      vertex -21 0 39.25
    endloop
  endfacet
  facet normal 0 0.0979429 -0.995192
    outer loop
      vertex -43 -0.634043 39.1876
      vertex -37 0 39.25
      vertex -37 -0.634043 39.1876
    endloop
  endfacet
  facet normal 0 0.0979429 -0.995192
    outer loop
      vertex -37 0 39.25
      vertex -43 -0.634043 39.1876
      vertex -43 0 39.25
    endloop
  endfacet
  facet normal 0 -0.956945 -0.29027
    outer loop
      vertex -43 3.18755 36.634
      vertex -37 3.00261 37.2437
      vertex -43 3.00261 37.2437
    endloop
  endfacet
  facet normal 0 -0.956945 -0.29027
    outer loop
      vertex -37 3.00261 37.2437
      vertex -43 3.18755 36.634
      vertex -37 3.18755 36.634
    endloop
  endfacet
  facet normal 0 -0.956945 -0.29027
    outer loop
      vertex -21 3.18755 36.634
      vertex -18 3.00261 37.2437
      vertex -21 3.00261 37.2437
    endloop
  endfacet
  facet normal 0 -0.956945 -0.29027
    outer loop
      vertex -18 3.00261 37.2437
      vertex -21 3.18755 36.634
      vertex -18 3.18755 36.634
    endloop
  endfacet
  facet normal 1 0 0
    outer loop
      vertex -37 6.5 44
      vertex -37 3.25 36
      vertex -37 6.5 29.8
    endloop
  endfacet
  facet normal 1 0 0
    outer loop
      vertex -37 6.5 44
      vertex -37 3.18755 36.634
      vertex -37 3.25 36
    endloop
  endfacet
  facet normal 1 0 0
    outer loop
      vertex -37 6.5 44
      vertex -37 3.00261 37.2437
      vertex -37 3.18755 36.634
    endloop
  endfacet
  facet normal 1 0 0
    outer loop
      vertex -37 6.5 44
      vertex -37 2.70228 37.8056
      vertex -37 3.00261 37.2437
    endloop
  endfacet
  facet normal 1 0 0
    outer loop
      vertex -37 6.5 44
      vertex -37 2.2981 38.2981
      vertex -37 2.70228 37.8056
    endloop
  endfacet
  facet normal 1 0 0
    outer loop
      vertex -37 6.5 44
      vertex -37 1.8056 38.7023
      vertex -37 2.2981 38.2981
    endloop
  endfacet
  facet normal 1 0 0
    outer loop
      vertex -37 6.5 44
      vertex -37 1.24372 39.0026
      vertex -37 1.8056 38.7023
    endloop
  endfacet
  facet normal 1 0 0
    outer loop
      vertex -37 6.5 44
      vertex -37 0.634043 39.1876
      vertex -37 1.24372 39.0026
    endloop
  endfacet
  facet normal 1 0 0
    outer loop
      vertex -37 6.5 44
      vertex -37 0 39.25
      vertex -37 0.634043 39.1876
    endloop
  endfacet
  facet normal 1 -0 0
    outer loop
      vertex -37 -6.5 44
      vertex -37 0 39.25
      vertex -37 6.5 44
    endloop
  endfacet
  facet normal 1 0 0
    outer loop
      vertex -37 0 39.25
      vertex -37 -6.5 44
      vertex -37 -0.634043 39.1876
    endloop
  endfacet
  facet normal 1 0 0
    outer loop
      vertex -37 -0.634043 39.1876
      vertex -37 -6.5 44
      vertex -37 -1.24372 39.0026
    endloop
  endfacet
  facet normal 1 0 0
    outer loop
      vertex -37 -3.18755 36.634
      vertex -37 -6.5 44
      vertex -37 -3.25 36
    endloop
  endfacet
  facet normal 1 0 0
    outer loop
      vertex -37 -3.00261 37.2437
      vertex -37 -6.5 44
      vertex -37 -3.18755 36.634
    endloop
  endfacet
  facet normal 1 0 0
    outer loop
      vertex -37 -2.70228 37.8056
      vertex -37 -6.5 44
      vertex -37 -3.00261 37.2437
    endloop
  endfacet
  facet normal 1 0 0
    outer loop
      vertex -37 -2.2981 38.2981
      vertex -37 -6.5 44
      vertex -37 -2.70228 37.8056
    endloop
  endfacet
  facet normal 1 0 0
    outer loop
      vertex -37 -1.8056 38.7023
      vertex -37 -6.5 44
      vertex -37 -2.2981 38.2981
    endloop
  endfacet
  facet normal 1 0 0
    outer loop
      vertex -37 -1.24372 39.0026
      vertex -37 -6.5 44
      vertex -37 -1.8056 38.7023
    endloop
  endfacet
  facet normal 1 -0 0
    outer loop
      vertex -37 3.18755 35.366
      vertex -37 6.5 29.8
      vertex -37 3.25 36
    endloop
  endfacet
  facet normal 1 -0 0
    outer loop
      vertex -37 3.00261 34.7563
      vertex -37 6.5 29.8
      vertex -37 3.18755 35.366
    endloop
  endfacet
  facet normal 1 -0 0
    outer loop
      vertex -37 2.70228 34.1944
      vertex -37 6.5 29.8
      vertex -37 3.00261 34.7563
    endloop
  endfacet
  facet normal 1 -0 0
    outer loop
      vertex -37 2.2981 33.7019
      vertex -37 6.5 29.8
      vertex -37 2.70228 34.1944
    endloop
  endfacet
  facet normal 1 -0 0
    outer loop
      vertex -37 1.8056 33.2977
      vertex -37 6.5 29.8
      vertex -37 2.2981 33.7019
    endloop
  endfacet
  facet normal 1 -0 0
    outer loop
      vertex -37 1.24372 32.9974
      vertex -37 6.5 29.8
      vertex -37 1.8056 33.2977
    endloop
  endfacet
  facet normal 1 -0 0
    outer loop
      vertex -37 0.634043 32.8124
      vertex -37 6.5 29.8
      vertex -37 1.24372 32.9974
    endloop
  endfacet
  facet normal 1 -0 0
    outer loop
      vertex -37 0 32.75
      vertex -37 6.5 29.8
      vertex -37 0.634043 32.8124
    endloop
  endfacet
  facet normal 1 0 0
    outer loop
      vertex -37 -6.5 29.8
      vertex -37 0 32.75
      vertex -37 -0.634043 32.8124
    endloop
  endfacet
  facet normal 1 0 0
    outer loop
      vertex -37 -6.5 29.8
      vertex -37 -0.634043 32.8124
      vertex -37 -1.24372 32.9974
    endloop
  endfacet
  facet normal 1 0 0
    outer loop
      vertex -37 -6.5 29.8
      vertex -37 -3.25 36
      vertex -37 -6.5 44
    endloop
  endfacet
  facet normal 1 0 0
    outer loop
      vertex -37 -3.25 36
      vertex -37 -6.5 29.8
      vertex -37 -3.18755 35.366
    endloop
  endfacet
  facet normal 1 0 0
    outer loop
      vertex -37 0 32.75
      vertex -37 -6.5 29.8
      vertex -37 6.5 29.8
    endloop
  endfacet
  facet normal 1 0 0
    outer loop
      vertex -37 -1.8056 33.2977
      vertex -37 -6.5 29.8
      vertex -37 -1.24372 32.9974
    endloop
  endfacet
  facet normal 1 0 0
    outer loop
      vertex -37 -2.2981 33.7019
      vertex -37 -6.5 29.8
      vertex -37 -1.8056 33.2977
    endloop
  endfacet
  facet normal 1 0 0
    outer loop
      vertex -37 -2.70228 34.1944
      vertex -37 -6.5 29.8
      vertex -37 -2.2981 33.7019
    endloop
  endfacet
  facet normal 1 0 0
    outer loop
      vertex -37 -3.00261 34.7563
      vertex -37 -6.5 29.8
      vertex -37 -2.70228 34.1944
    endloop
  endfacet
  facet normal 1 0 0
    outer loop
      vertex -37 -3.18755 35.366
      vertex -37 -6.5 29.8
      vertex -37 -3.00261 34.7563
    endloop
  endfacet
  facet normal 0 0 -1
    outer loop
      vertex -21.4182 -1.87385 45.8
      vertex -21 -4.51544 45.8
      vertex -21.1734 -3.73344 45.8
    endloop
  endfacet
  facet normal 0 0 -1
    outer loop
      vertex -21 -4.51544 45.8
      vertex -21.4182 -1.87385 45.8
      vertex -21 4.51544 45.8
    endloop
  endfacet
  facet normal 0 0 -1
    outer loop
      vertex -21.4182 1.87385 45.8
      vertex -21 4.51544 45.8
      vertex -21.4182 -1.87385 45.8
    endloop
  endfacet
  facet normal 0 0 -1
    outer loop
      vertex -21 4.51544 45.8
      vertex -21.4182 1.87385 45.8
      vertex -21.1734 3.73344 45.8
    endloop
  endfacet
  facet normal 0 -0 -1
    outer loop
      vertex -21.4182 1.87385 45.8
      vertex -21.4182 -1.87385 45.8
      vertex -21.5 0 45.8
    endloop
  endfacet
  facet normal -0 0 1
    outer loop
      vertex -37 6.5 29.8
      vertex -21 -6.5 29.8
      vertex -21 6.5 29.8
    endloop
  endfacet
  facet normal 0 0 1
    outer loop
      vertex -21 -6.5 29.8
      vertex -37 6.5 29.8
      vertex -37 -6.5 29.8
    endloop
  endfacet
  facet normal -1 0 0
    outer loop
      vertex -21 3.25 36
      vertex -21 6.5 44
      vertex -21 6.5 29.8
    endloop
  endfacet
  facet normal -1 0 0
    outer loop
      vertex -21 3.00261 37.2437
      vertex -21 6.5 44
      vertex -21 3.18755 36.634
    endloop
  endfacet
  facet normal -1 0 0
    outer loop
      vertex -21 6.5 44
      vertex -21 3.25 36
      vertex -21 3.18755 36.634
    endloop
  endfacet
  facet normal -1 0 0
    outer loop
      vertex -21 6.5 29.8
      vertex -21 3.18755 35.366
      vertex -21 3.25 36
    endloop
  endfacet
  facet normal -1 0 0
    outer loop
      vertex -21 6.5 29.8
      vertex -21 3.00261 34.7563
      vertex -21 3.18755 35.366
    endloop
  endfacet
  facet normal -1 0 0
    outer loop
      vertex -21 6.5 29.8
      vertex -21 2.70228 34.1944
      vertex -21 3.00261 34.7563
    endloop
  endfacet
  facet normal -1 0 0
    outer loop
      vertex -21 6.5 29.8
      vertex -21 2.2981 33.7019
      vertex -21 2.70228 34.1944
    endloop
  endfacet
  facet normal -1 0 0
    outer loop
      vertex -21 6.5 29.8
      vertex -21 1.8056 33.2977
      vertex -21 2.2981 33.7019
    endloop
  endfacet
  facet normal -1 0 0
    outer loop
      vertex -21 6.5 29.8
      vertex -21 1.24372 32.9974
      vertex -21 1.8056 33.2977
    endloop
  endfacet
  facet normal -1 0 0
    outer loop
      vertex -21 6.5 29.8
      vertex -21 0.634043 32.8124
      vertex -21 1.24372 32.9974
    endloop
  endfacet
  facet normal -1 0 0
    outer loop
      vertex -21 6.5 29.8
      vertex -21 0 32.75
      vertex -21 0.634043 32.8124
    endloop
  endfacet
  facet normal -1 0 0
    outer loop
      vertex -21 -6.5 29.8
      vertex -21 0 32.75
      vertex -21 6.5 29.8
    endloop
  endfacet
  facet normal -1 -0 0
    outer loop
      vertex -21 0 32.75
      vertex -21 -6.5 29.8
      vertex -21 -0.634043 32.8124
    endloop
  endfacet
  facet normal -1 0 0
    outer loop
      vertex -21 -6.5 29.8
      vertex -21 -3.25 36
      vertex -21 -3.18755 35.366
    endloop
  endfacet
  facet normal -1 -0 0
    outer loop
      vertex -21 -0.634043 32.8124
      vertex -21 -6.5 29.8
      vertex -21 -1.24372 32.9974
    endloop
  endfacet
  facet normal -1 0 0
    outer loop
      vertex -21 -6.5 29.8
      vertex -21 -1.8056 33.2977
      vertex -21 -1.24372 32.9974
    endloop
  endfacet
  facet normal -1 0 0
    outer loop
      vertex -21 -6.5 29.8
      vertex -21 -2.2981 33.7019
      vertex -21 -1.8056 33.2977
    endloop
  endfacet
  facet normal -1 0 0
    outer loop
      vertex -21 -6.5 29.8
      vertex -21 -2.70228 34.1944
      vertex -21 -2.2981 33.7019
    endloop
  endfacet
  facet normal -1 0 0
    outer loop
      vertex -21 -6.5 29.8
      vertex -21 -3.00261 34.7563
      vertex -21 -2.70228 34.1944
    endloop
  endfacet
  facet normal -1 0 0
    outer loop
      vertex -21 -6.5 29.8
      vertex -21 -3.18755 35.366
      vertex -21 -3.00261 34.7563
    endloop
  endfacet
  facet normal -1 -0 0
    outer loop
      vertex -21 -3.25 36
      vertex -21 -6.5 29.8
      vertex -21 -6.5 44
    endloop
  endfacet
  facet normal -1 0 0
    outer loop
      vertex -21 -3.25 36
      vertex -21 -6.5 44
      vertex -21 -4.51544 44
    endloop
  endfacet
  facet normal -1 0 0
    outer loop
      vertex -21 2.70228 37.8056
      vertex -21 6.5 44
      vertex -21 3.00261 37.2437
    endloop
  endfacet
  facet normal -1 -0 0
    outer loop
      vertex -21 6.5 44
      vertex -21 2.70228 37.8056
      vertex -21 4.51544 44
    endloop
  endfacet
  facet normal -1 0 0
    outer loop
      vertex -21 2.2981 38.2981
      vertex -21 4.51544 44
      vertex -21 2.70228 37.8056
    endloop
  endfacet
  facet normal -1 0 0
    outer loop
      vertex -21 1.8056 38.7023
      vertex -21 4.51544 44
      vertex -21 2.2981 38.2981
    endloop
  endfacet
  facet normal -1 0 0
    outer loop
      vertex -21 1.24372 39.0026
      vertex -21 4.51544 44
      vertex -21 1.8056 38.7023
    endloop
  endfacet
  facet normal -1 0 0
    outer loop
      vertex -21 0.634043 39.1876
      vertex -21 4.51544 44
      vertex -21 1.24372 39.0026
    endloop
  endfacet
  facet normal -1 0 0
    outer loop
      vertex -21 0 39.25
      vertex -21 4.51544 44
      vertex -21 0.634043 39.1876
    endloop
  endfacet
  facet normal -1 0 0
    outer loop
      vertex -21 -4.51544 44
      vertex -21 4.51544 44
      vertex -21 0 39.25
    endloop
  endfacet
  facet normal -1 0 0
    outer loop
      vertex -21 -4.51544 44
      vertex -21 0 39.25
      vertex -21 -0.634043 39.1876
    endloop
  endfacet
  facet normal -1 0 0
    outer loop
      vertex -21 -4.51544 44
      vertex -21 -0.634043 39.1876
      vertex -21 -1.24372 39.0026
    endloop
  endfacet
  facet normal -1 0 0
    outer loop
      vertex -21 -4.51544 44
      vertex -21 -1.24372 39.0026
      vertex -21 -1.8056 38.7023
    endloop
  endfacet
  facet normal -1 0 0
    outer loop
      vertex -21 -4.51544 44
      vertex -21 -1.8056 38.7023
      vertex -21 -2.2981 38.2981
    endloop
  endfacet
  facet normal -1 0 0
    outer loop
      vertex -21 -4.51544 44
      vertex -21 -3.18755 36.634
      vertex -21 -3.25 36
    endloop
  endfacet
  facet normal -1 0 0
    outer loop
      vertex -21 -4.51544 44
      vertex -21 -3.00261 37.2437
      vertex -21 -3.18755 36.634
    endloop
  endfacet
  facet normal -1 0 0
    outer loop
      vertex -21 -4.51544 44
      vertex -21 -2.70228 37.8056
      vertex -21 -3.00261 37.2437
    endloop
  endfacet
  facet normal -1 0 0
    outer loop
      vertex -21 -4.51544 44
      vertex -21 -2.2981 38.2981
      vertex -21 -2.70228 37.8056
    endloop
  endfacet
  facet normal -1 0 0
    outer loop
      vertex -21 4.51544 44
      vertex -21 -4.51544 44
      vertex -21 4.51544 45.8
    endloop
  endfacet
  facet normal -1 -0 0
    outer loop
      vertex -21 4.51544 45.8
      vertex -21 -4.51544 44
      vertex -21 -4.51544 45.8
    endloop
  endfacet
  facet normal 0 1 -0
    outer loop
      vertex -21 -6.5 29.8
      vertex -37 -6.5 44
      vertex -21 -6.5 44
    endloop
  endfacet
  facet normal 0 1 0
    outer loop
      vertex -37 -6.5 44
      vertex -21 -6.5 29.8
      vertex -37 -6.5 29.8
    endloop
  endfacet
  facet normal 0 -1 0
    outer loop
      vertex -37 6.5 29.8
      vertex -21 6.5 44
      vertex -37 6.5 44
    endloop
  endfacet
  facet normal 0 -1 -0
    outer loop
      vertex -21 6.5 44
      vertex -37 6.5 29.8
      vertex -21 6.5 29.8
    endloop
  endfacet
  facet normal -0.290366 0 0.956916
    outer loop
      vertex 0.634043 21 44.8124
      vertex 1.24372 18 44.9974
      vertex 1.24372 21 44.9974
    endloop
  endfacet
  facet normal -0.290366 0 0.956916
    outer loop
      vertex 1.24372 18 44.9974
      vertex 0.634043 21 44.8124
      vertex 0.634043 18 44.8124
    endloop
  endfacet
  facet normal -0.290366 0 0.956916
    outer loop
      vertex 0.634043 43 44.8124
      vertex 1.24372 37 44.9974
      vertex 1.24372 43 44.9974
    endloop
  endfacet
  facet normal -0.290366 0 0.956916
    outer loop
      vertex 1.24372 37 44.9974
      vertex 0.634043 43 44.8124
      vertex 0.634043 37 44.8124
    endloop
  endfacet
  facet normal 0.471359 0 0.881942
    outer loop
      vertex -1.8056 43 45.2977
      vertex -1.24372 37 44.9974
      vertex -1.24372 43 44.9974
    endloop
  endfacet
  facet normal 0.471359 0 0.881942
    outer loop
      vertex -1.24372 37 44.9974
      vertex -1.8056 43 45.2977
      vertex -1.8056 37 45.2977
    endloop
  endfacet
  facet normal 0.471359 0 0.881942
    outer loop
      vertex -1.8056 21 45.2977
      vertex -1.24372 18 44.9974
      vertex -1.24372 21 44.9974
    endloop
  endfacet
  facet normal 0.471359 0 0.881942
    outer loop
      vertex -1.24372 18 44.9974
      vertex -1.8056 21 45.2977
      vertex -1.8056 18 45.2977
    endloop
  endfacet
  facet normal -0.995184 0 -0.0980272
    outer loop
      vertex 3.25 18 48
      vertex 3.18755 21 48.634
      vertex 3.25 21 48
    endloop
  endfacet
  facet normal -0.995184 -0 -0.0980272
    outer loop
      vertex 3.18755 21 48.634
      vertex 3.25 18 48
      vertex 3.18755 18 48.634
    endloop
  endfacet
  facet normal -0.995184 0 -0.0980272
    outer loop
      vertex 3.25 37 48
      vertex 3.18755 43 48.634
      vertex 3.25 43 48
    endloop
  endfacet
  facet normal -0.995184 -0 -0.0980272
    outer loop
      vertex 3.18755 43 48.634
      vertex 3.25 37 48
      vertex 3.18755 37 48.634
    endloop
  endfacet
  facet normal 0 1 0
    outer loop
      vertex 0.634043 18 51.1876
      vertex -0.634043 18 51.1876
      vertex 0 18 51.25
    endloop
  endfacet
  facet normal 0 1 0
    outer loop
      vertex 1.24372 18 51.0026
      vertex -0.634043 18 51.1876
      vertex 0.634043 18 51.1876
    endloop
  endfacet
  facet normal 0 1 0
    outer loop
      vertex 1.24372 18 51.0026
      vertex -1.24372 18 51.0026
      vertex -0.634043 18 51.1876
    endloop
  endfacet
  facet normal 0 1 0
    outer loop
      vertex 1.8056 18 50.7023
      vertex -1.24372 18 51.0026
      vertex 1.24372 18 51.0026
    endloop
  endfacet
  facet normal 0 1 0
    outer loop
      vertex 1.8056 18 50.7023
      vertex -1.8056 18 50.7023
      vertex -1.24372 18 51.0026
    endloop
  endfacet
  facet normal 0 1 0
    outer loop
      vertex 2.2981 18 50.2981
      vertex -1.8056 18 50.7023
      vertex 1.8056 18 50.7023
    endloop
  endfacet
  facet normal 0 1 0
    outer loop
      vertex 2.2981 18 50.2981
      vertex -2.2981 18 50.2981
      vertex -1.8056 18 50.7023
    endloop
  endfacet
  facet normal 0 1 0
    outer loop
      vertex 2.70228 18 49.8056
      vertex -2.2981 18 50.2981
      vertex 2.2981 18 50.2981
    endloop
  endfacet
  facet normal 0 1 0
    outer loop
      vertex 2.70228 18 49.8056
      vertex -2.70228 18 49.8056
      vertex -2.2981 18 50.2981
    endloop
  endfacet
  facet normal 0 1 0
    outer loop
      vertex 3.00261 18 49.2437
      vertex -2.70228 18 49.8056
      vertex 2.70228 18 49.8056
    endloop
  endfacet
  facet normal 0 1 0
    outer loop
      vertex 3.00261 18 49.2437
      vertex -3.00261 18 49.2437
      vertex -2.70228 18 49.8056
    endloop
  endfacet
  facet normal 0 1 0
    outer loop
      vertex 3.18755 18 48.634
      vertex -3.00261 18 49.2437
      vertex 3.00261 18 49.2437
    endloop
  endfacet
  facet normal 0 1 0
    outer loop
      vertex 3.18755 18 48.634
      vertex -3.18755 18 48.634
      vertex -3.00261 18 49.2437
    endloop
  endfacet
  facet normal 0 1 0
    outer loop
      vertex 3.25 18 48
      vertex -3.18755 18 48.634
      vertex 3.18755 18 48.634
    endloop
  endfacet
  facet normal 0 1 0
    outer loop
      vertex 3.25 18 48
      vertex -3.25 18 48
      vertex -3.18755 18 48.634
    endloop
  endfacet
  facet normal 0 1 -0
    outer loop
      vertex 3.18755 18 47.366
      vertex -3.25 18 48
      vertex 3.25 18 48
    endloop
  endfacet
  facet normal 0 1 0
    outer loop
      vertex 3.18755 18 47.366
      vertex -3.18755 18 47.366
      vertex -3.25 18 48
    endloop
  endfacet
  facet normal 0 1 -0
    outer loop
      vertex 3.00261 18 46.7563
      vertex -3.18755 18 47.366
      vertex 3.18755 18 47.366
    endloop
  endfacet
  facet normal 0 1 0
    outer loop
      vertex 3.00261 18 46.7563
      vertex -3.00261 18 46.7563
      vertex -3.18755 18 47.366
    endloop
  endfacet
  facet normal 0 1 -0
    outer loop
      vertex 2.70228 18 46.1944
      vertex -3.00261 18 46.7563
      vertex 3.00261 18 46.7563
    endloop
  endfacet
  facet normal 0 1 0
    outer loop
      vertex 2.70228 18 46.1944
      vertex -2.70228 18 46.1944
      vertex -3.00261 18 46.7563
    endloop
  endfacet
  facet normal 0 1 -0
    outer loop
      vertex 2.2981 18 45.7019
      vertex -2.70228 18 46.1944
      vertex 2.70228 18 46.1944
    endloop
  endfacet
  facet normal 0 1 0
    outer loop
      vertex 2.2981 18 45.7019
      vertex -2.2981 18 45.7019
      vertex -2.70228 18 46.1944
    endloop
  endfacet
  facet normal 0 1 -0
    outer loop
      vertex 1.8056 18 45.2977
      vertex -2.2981 18 45.7019
      vertex 2.2981 18 45.7019
    endloop
  endfacet
  facet normal 0 1 0
    outer loop
      vertex 1.8056 18 45.2977
      vertex -1.8056 18 45.2977
      vertex -2.2981 18 45.7019
    endloop
  endfacet
  facet normal 0 1 -0
    outer loop
      vertex 1.24372 18 44.9974
      vertex -1.8056 18 45.2977
      vertex 1.8056 18 45.2977
    endloop
  endfacet
  facet normal 0 1 0
    outer loop
      vertex 1.24372 18 44.9974
      vertex -1.24372 18 44.9974
      vertex -1.8056 18 45.2977
    endloop
  endfacet
  facet normal 0 1 -0
    outer loop
      vertex 0.634043 18 44.8124
      vertex -1.24372 18 44.9974
      vertex 1.24372 18 44.9974
    endloop
  endfacet
  facet normal 0 1 0
    outer loop
      vertex 0.634043 18 44.8124
      vertex -0.634043 18 44.8124
      vertex -1.24372 18 44.9974
    endloop
  endfacet
  facet normal -0 1 0
    outer loop
      vertex -0.634043 18 44.8124
      vertex 0.634043 18 44.8124
      vertex 0 18 44.75
    endloop
  endfacet
  facet normal 0.290366 0 -0.956916
    outer loop
      vertex -1.24372 18 51.0026
      vertex -0.634043 21 51.1876
      vertex -0.634043 18 51.1876
    endloop
  endfacet
  facet normal 0.290366 0 -0.956916
    outer loop
      vertex -0.634043 21 51.1876
      vertex -1.24372 18 51.0026
      vertex -1.24372 21 51.0026
    endloop
  endfacet
  facet normal 0.290366 0 -0.956916
    outer loop
      vertex -1.24372 37 51.0026
      vertex -0.634043 43 51.1876
      vertex -0.634043 37 51.1876
    endloop
  endfacet
  facet normal 0.290366 0 -0.956916
    outer loop
      vertex -0.634043 43 51.1876
      vertex -1.24372 37 51.0026
      vertex -1.24372 43 51.0026
    endloop
  endfacet
  facet normal 0.881929 0 -0.471382
    outer loop
      vertex -2.70228 37 49.8056
      vertex -3.00261 43 49.2437
      vertex -2.70228 43 49.8056
    endloop
  endfacet
  facet normal 0.881929 0 -0.471382
    outer loop
      vertex -3.00261 43 49.2437
      vertex -2.70228 37 49.8056
      vertex -3.00261 37 49.2437
    endloop
  endfacet
  facet normal 0.881929 0 -0.471382
    outer loop
      vertex -2.70228 18 49.8056
      vertex -3.00261 21 49.2437
      vertex -2.70228 21 49.8056
    endloop
  endfacet
  facet normal 0.881929 0 -0.471382
    outer loop
      vertex -3.00261 21 49.2437
      vertex -2.70228 18 49.8056
      vertex -3.00261 18 49.2437
    endloop
  endfacet
  facet normal 0.0979429 0 0.995192
    outer loop
      vertex -0.634043 43 44.8124
      vertex 0 37 44.75
      vertex 0 43 44.75
    endloop
  endfacet
  facet normal 0.0979429 0 0.995192
    outer loop
      vertex 0 37 44.75
      vertex -0.634043 43 44.8124
      vertex -0.634043 37 44.8124
    endloop
  endfacet
  facet normal 0.0979429 0 0.995192
    outer loop
      vertex -0.634043 21 44.8124
      vertex 0 18 44.75
      vertex 0 21 44.75
    endloop
  endfacet
  facet normal 0.0979429 0 0.995192
    outer loop
      vertex 0 18 44.75
      vertex -0.634043 21 44.8124
      vertex -0.634043 18 44.8124
    endloop
  endfacet
  facet normal -0.881929 0 0.471382
    outer loop
      vertex 2.70228 18 46.1944
      vertex 3.00261 21 46.7563
      vertex 2.70228 21 46.1944
    endloop
  endfacet
  facet normal -0.881929 0 0.471382
    outer loop
      vertex 3.00261 21 46.7563
      vertex 2.70228 18 46.1944
      vertex 3.00261 18 46.7563
    endloop
  endfacet
  facet normal -0.881929 0 0.471382
    outer loop
      vertex 2.70228 37 46.1944
      vertex 3.00261 43 46.7563
      vertex 2.70228 43 46.1944
    endloop
  endfacet
  facet normal -0.881929 0 0.471382
    outer loop
      vertex 3.00261 43 46.7563
      vertex 2.70228 37 46.1944
      vertex 3.00261 37 46.7563
    endloop
  endfacet
  facet normal -0.471359 0 -0.881942
    outer loop
      vertex 1.24372 18 51.0026
      vertex 1.8056 21 50.7023
      vertex 1.8056 18 50.7023
    endloop
  endfacet
  facet normal -0.471359 0 -0.881942
    outer loop
      vertex 1.8056 21 50.7023
      vertex 1.24372 18 51.0026
      vertex 1.24372 21 51.0026
    endloop
  endfacet
  facet normal -0.471359 0 -0.881942
    outer loop
      vertex 1.24372 37 51.0026
      vertex 1.8056 43 50.7023
      vertex 1.8056 37 50.7023
    endloop
  endfacet
  facet normal -0.471359 0 -0.881942
    outer loop
      vertex 1.8056 43 50.7023
      vertex 1.24372 37 51.0026
      vertex 1.24372 43 51.0026
    endloop
  endfacet
  facet normal 0.471359 0 -0.881942
    outer loop
      vertex -1.8056 18 50.7023
      vertex -1.24372 21 51.0026
      vertex -1.24372 18 51.0026
    endloop
  endfacet
  facet normal 0.471359 0 -0.881942
    outer loop
      vertex -1.24372 21 51.0026
      vertex -1.8056 18 50.7023
      vertex -1.8056 21 50.7023
    endloop
  endfacet
  facet normal 0.471359 0 -0.881942
    outer loop
      vertex -1.8056 37 50.7023
      vertex -1.24372 43 51.0026
      vertex -1.24372 37 51.0026
    endloop
  endfacet
  facet normal 0.471359 0 -0.881942
    outer loop
      vertex -1.24372 43 51.0026
      vertex -1.8056 37 50.7023
      vertex -1.8056 43 50.7023
    endloop
  endfacet
  facet normal -0.634408 0 0.772998
    outer loop
      vertex 1.8056 43 45.2977
      vertex 2.2981 37 45.7019
      vertex 2.2981 43 45.7019
    endloop
  endfacet
  facet normal -0.634408 0 0.772998
    outer loop
      vertex 2.2981 37 45.7019
      vertex 1.8056 43 45.2977
      vertex 1.8056 37 45.2977
    endloop
  endfacet
  facet normal -0.634408 0 0.772998
    outer loop
      vertex 1.8056 21 45.2977
      vertex 2.2981 18 45.7019
      vertex 2.2981 21 45.7019
    endloop
  endfacet
  facet normal -0.634408 0 0.772998
    outer loop
      vertex 2.2981 18 45.7019
      vertex 1.8056 21 45.2977
      vertex 1.8056 18 45.2977
    endloop
  endfacet
  facet normal 0.881929 -0 0.471382
    outer loop
      vertex -3.00261 37 46.7563
      vertex -2.70228 43 46.1944
      vertex -3.00261 43 46.7563
    endloop
  endfacet
  facet normal 0.881929 0 0.471382
    outer loop
      vertex -2.70228 43 46.1944
      vertex -3.00261 37 46.7563
      vertex -2.70228 37 46.1944
    endloop
  endfacet
  facet normal 0.881929 -0 0.471382
    outer loop
      vertex -3.00261 18 46.7563
      vertex -2.70228 21 46.1944
      vertex -3.00261 21 46.7563
    endloop
  endfacet
  facet normal 0.881929 0 0.471382
    outer loop
      vertex -2.70228 21 46.1944
      vertex -3.00261 18 46.7563
      vertex -2.70228 18 46.1944
    endloop
  endfacet
  facet normal 0.956945 -0 0.29027
    outer loop
      vertex -3.18755 37 47.366
      vertex -3.00261 43 46.7563
      vertex -3.18755 43 47.366
    endloop
  endfacet
  facet normal 0.956945 0 0.29027
    outer loop
      vertex -3.00261 43 46.7563
      vertex -3.18755 37 47.366
      vertex -3.00261 37 46.7563
    endloop
  endfacet
  facet normal 0.956945 -0 0.29027
    outer loop
      vertex -3.18755 18 47.366
      vertex -3.00261 21 46.7563
      vertex -3.18755 21 47.366
    endloop
  endfacet
  facet normal 0.956945 0 0.29027
    outer loop
      vertex -3.00261 21 46.7563
      vertex -3.18755 18 47.366
      vertex -3.00261 18 46.7563
    endloop
  endfacet
  facet normal 0.773014 -0 0.634389
    outer loop
      vertex -2.70228 37 46.1944
      vertex -2.2981 43 45.7019
      vertex -2.70228 43 46.1944
    endloop
  endfacet
  facet normal 0.773014 0 0.634389
    outer loop
      vertex -2.2981 43 45.7019
      vertex -2.70228 37 46.1944
      vertex -2.2981 37 45.7019
    endloop
  endfacet
  facet normal 0.773014 -0 0.634389
    outer loop
      vertex -2.70228 18 46.1944
      vertex -2.2981 21 45.7019
      vertex -2.70228 21 46.1944
    endloop
  endfacet
  facet normal 0.773014 0 0.634389
    outer loop
      vertex -2.2981 21 45.7019
      vertex -2.70228 18 46.1944
      vertex -2.2981 18 45.7019
    endloop
  endfacet
  facet normal 0.290366 0 0.956916
    outer loop
      vertex -1.24372 43 44.9974
      vertex -0.634043 37 44.8124
      vertex -0.634043 43 44.8124
    endloop
  endfacet
  facet normal 0.290366 0 0.956916
    outer loop
      vertex -0.634043 37 44.8124
      vertex -1.24372 43 44.9974
      vertex -1.24372 37 44.9974
    endloop
  endfacet
  facet normal 0.290366 0 0.956916
    outer loop
      vertex -1.24372 21 44.9974
      vertex -0.634043 18 44.8124
      vertex -0.634043 21 44.8124
    endloop
  endfacet
  facet normal 0.290366 0 0.956916
    outer loop
      vertex -0.634043 18 44.8124
      vertex -1.24372 21 44.9974
      vertex -1.24372 18 44.9974
    endloop
  endfacet
  facet normal -0.0979429 0 0.995192
    outer loop
      vertex 0 21 44.75
      vertex 0.634043 18 44.8124
      vertex 0.634043 21 44.8124
    endloop
  endfacet
  facet normal -0.0979429 0 0.995192
    outer loop
      vertex 0.634043 18 44.8124
      vertex 0 21 44.75
      vertex 0 18 44.75
    endloop
  endfacet
  facet normal -0.0979429 0 0.995192
    outer loop
      vertex 0 43 44.75
      vertex 0.634043 37 44.8124
      vertex 0.634043 43 44.8124
    endloop
  endfacet
  facet normal -0.0979429 0 0.995192
    outer loop
      vertex 0.634043 37 44.8124
      vertex 0 43 44.75
      vertex 0 37 44.75
    endloop
  endfacet
  facet normal -0.956945 0 0.29027
    outer loop
      vertex 3.00261 18 46.7563
      vertex 3.18755 21 47.366
      vertex 3.00261 21 46.7563
    endloop
  endfacet
  facet normal -0.956945 0 0.29027
    outer loop
      vertex 3.18755 21 47.366
      vertex 3.00261 18 46.7563
      vertex 3.18755 18 47.366
    endloop
  endfacet
  facet normal -0.956945 0 0.29027
    outer loop
      vertex 3.00261 37 46.7563
      vertex 3.18755 43 47.366
      vertex 3.00261 43 46.7563
    endloop
  endfacet
  facet normal -0.956945 0 0.29027
    outer loop
      vertex 3.18755 43 47.366
      vertex 3.00261 37 46.7563
      vertex 3.18755 37 47.366
    endloop
  endfacet
  facet normal 0.634408 0 0.772998
    outer loop
      vertex -2.2981 43 45.7019
      vertex -1.8056 37 45.2977
      vertex -1.8056 43 45.2977
    endloop
  endfacet
  facet normal 0.634408 0 0.772998
    outer loop
      vertex -1.8056 37 45.2977
      vertex -2.2981 43 45.7019
      vertex -2.2981 37 45.7019
    endloop
  endfacet
  facet normal 0.634408 0 0.772998
    outer loop
      vertex -2.2981 21 45.7019
      vertex -1.8056 18 45.2977
      vertex -1.8056 21 45.2977
    endloop
  endfacet
  facet normal 0.634408 0 0.772998
    outer loop
      vertex -1.8056 18 45.2977
      vertex -2.2981 21 45.7019
      vertex -2.2981 18 45.7019
    endloop
  endfacet
  facet normal -0.471359 0 0.881942
    outer loop
      vertex 1.24372 43 44.9974
      vertex 1.8056 37 45.2977
      vertex 1.8056 43 45.2977
    endloop
  endfacet
  facet normal -0.471359 0 0.881942
    outer loop
      vertex 1.8056 37 45.2977
      vertex 1.24372 43 44.9974
      vertex 1.24372 37 44.9974
    endloop
  endfacet
  facet normal -0.471359 0 0.881942
    outer loop
      vertex 1.24372 21 44.9974
      vertex 1.8056 18 45.2977
      vertex 1.8056 21 45.2977
    endloop
  endfacet
  facet normal -0.471359 0 0.881942
    outer loop
      vertex 1.8056 18 45.2977
      vertex 1.24372 21 44.9974
      vertex 1.24372 18 44.9974
    endloop
  endfacet
  facet normal -0.290366 0 -0.956916
    outer loop
      vertex 0.634043 37 51.1876
      vertex 1.24372 43 51.0026
      vertex 1.24372 37 51.0026
    endloop
  endfacet
  facet normal -0.290366 0 -0.956916
    outer loop
      vertex 1.24372 43 51.0026
      vertex 0.634043 37 51.1876
      vertex 0.634043 43 51.1876
    endloop
  endfacet
  facet normal -0.290366 0 -0.956916
    outer loop
      vertex 0.634043 18 51.1876
      vertex 1.24372 21 51.0026
      vertex 1.24372 18 51.0026
    endloop
  endfacet
  facet normal -0.290366 0 -0.956916
    outer loop
      vertex 1.24372 21 51.0026
      vertex 0.634043 18 51.1876
      vertex 0.634043 21 51.1876
    endloop
  endfacet
  facet normal -0.773014 0 0.634389
    outer loop
      vertex 2.2981 37 45.7019
      vertex 2.70228 43 46.1944
      vertex 2.2981 43 45.7019
    endloop
  endfacet
  facet normal -0.773014 0 0.634389
    outer loop
      vertex 2.70228 43 46.1944
      vertex 2.2981 37 45.7019
      vertex 2.70228 37 46.1944
    endloop
  endfacet
  facet normal -0.773014 0 0.634389
    outer loop
      vertex 2.2981 18 45.7019
      vertex 2.70228 21 46.1944
      vertex 2.2981 21 45.7019
    endloop
  endfacet
  facet normal -0.773014 0 0.634389
    outer loop
      vertex 2.70228 21 46.1944
      vertex 2.2981 18 45.7019
      vertex 2.70228 18 46.1944
    endloop
  endfacet
  facet normal 0.634408 0 -0.772998
    outer loop
      vertex -2.2981 18 50.2981
      vertex -1.8056 21 50.7023
      vertex -1.8056 18 50.7023
    endloop
  endfacet
  facet normal 0.634408 0 -0.772998
    outer loop
      vertex -1.8056 21 50.7023
      vertex -2.2981 18 50.2981
      vertex -2.2981 21 50.2981
    endloop
  endfacet
  facet normal 0.634408 0 -0.772998
    outer loop
      vertex -2.2981 37 50.2981
      vertex -1.8056 43 50.7023
      vertex -1.8056 37 50.7023
    endloop
  endfacet
  facet normal 0.634408 0 -0.772998
    outer loop
      vertex -1.8056 43 50.7023
      vertex -2.2981 37 50.2981
      vertex -2.2981 43 50.2981
    endloop
  endfacet
  facet normal 0.773014 0 -0.634389
    outer loop
      vertex -2.2981 37 50.2981
      vertex -2.70228 43 49.8056
      vertex -2.2981 43 50.2981
    endloop
  endfacet
  facet normal 0.773014 0 -0.634389
    outer loop
      vertex -2.70228 43 49.8056
      vertex -2.2981 37 50.2981
      vertex -2.70228 37 49.8056
    endloop
  endfacet
  facet normal 0.773014 0 -0.634389
    outer loop
      vertex -2.2981 18 50.2981
      vertex -2.70228 21 49.8056
      vertex -2.2981 21 50.2981
    endloop
  endfacet
  facet normal 0.773014 0 -0.634389
    outer loop
      vertex -2.70228 21 49.8056
      vertex -2.2981 18 50.2981
      vertex -2.70228 18 49.8056
    endloop
  endfacet
  facet normal 0.995184 0 -0.0980272
    outer loop
      vertex -3.18755 37 48.634
      vertex -3.25 43 48
      vertex -3.18755 43 48.634
    endloop
  endfacet
  facet normal 0.995184 0 -0.0980272
    outer loop
      vertex -3.25 43 48
      vertex -3.18755 37 48.634
      vertex -3.25 37 48
    endloop
  endfacet
  facet normal 0.995184 0 -0.0980272
    outer loop
      vertex -3.18755 18 48.634
      vertex -3.25 21 48
      vertex -3.18755 21 48.634
    endloop
  endfacet
  facet normal 0.995184 0 -0.0980272
    outer loop
      vertex -3.25 21 48
      vertex -3.18755 18 48.634
      vertex -3.25 18 48
    endloop
  endfacet
  facet normal 0.956945 0 -0.29027
    outer loop
      vertex -3.00261 18 49.2437
      vertex -3.18755 21 48.634
      vertex -3.00261 21 49.2437
    endloop
  endfacet
  facet normal 0.956945 0 -0.29027
    outer loop
      vertex -3.18755 21 48.634
      vertex -3.00261 18 49.2437
      vertex -3.18755 18 48.634
    endloop
  endfacet
  facet normal 0.956945 0 -0.29027
    outer loop
      vertex -3.00261 37 49.2437
      vertex -3.18755 43 48.634
      vertex -3.00261 43 49.2437
    endloop
  endfacet
  facet normal 0.956945 0 -0.29027
    outer loop
      vertex -3.18755 43 48.634
      vertex -3.00261 37 49.2437
      vertex -3.18755 37 48.634
    endloop
  endfacet
  facet normal 0.995184 -0 0.0980272
    outer loop
      vertex -3.25 37 48
      vertex -3.18755 43 47.366
      vertex -3.25 43 48
    endloop
  endfacet
  facet normal 0.995184 0 0.0980272
    outer loop
      vertex -3.18755 43 47.366
      vertex -3.25 37 48
      vertex -3.18755 37 47.366
    endloop
  endfacet
  facet normal 0.995184 -0 0.0980272
    outer loop
      vertex -3.25 18 48
      vertex -3.18755 21 47.366
      vertex -3.25 21 48
    endloop
  endfacet
  facet normal 0.995184 0 0.0980272
    outer loop
      vertex -3.18755 21 47.366
      vertex -3.25 18 48
      vertex -3.18755 18 47.366
    endloop
  endfacet
  facet normal -0.881929 0 -0.471382
    outer loop
      vertex 3.00261 37 49.2437
      vertex 2.70228 43 49.8056
      vertex 3.00261 43 49.2437
    endloop
  endfacet
  facet normal -0.881929 -0 -0.471382
    outer loop
      vertex 2.70228 43 49.8056
      vertex 3.00261 37 49.2437
      vertex 2.70228 37 49.8056
    endloop
  endfacet
  facet normal -0.881929 0 -0.471382
    outer loop
      vertex 3.00261 18 49.2437
      vertex 2.70228 21 49.8056
      vertex 3.00261 21 49.2437
    endloop
  endfacet
  facet normal -0.881929 -0 -0.471382
    outer loop
      vertex 2.70228 21 49.8056
      vertex 3.00261 18 49.2437
      vertex 2.70228 18 49.8056
    endloop
  endfacet
  facet normal -0.634408 0 -0.772998
    outer loop
      vertex 1.8056 18 50.7023
      vertex 2.2981 21 50.2981
      vertex 2.2981 18 50.2981
    endloop
  endfacet
  facet normal -0.634408 0 -0.772998
    outer loop
      vertex 2.2981 21 50.2981
      vertex 1.8056 18 50.7023
      vertex 1.8056 21 50.7023
    endloop
  endfacet
  facet normal -0.634408 0 -0.772998
    outer loop
      vertex 1.8056 37 50.7023
      vertex 2.2981 43 50.2981
      vertex 2.2981 37 50.2981
    endloop
  endfacet
  facet normal -0.634408 0 -0.772998
    outer loop
      vertex 2.2981 43 50.2981
      vertex 1.8056 37 50.7023
      vertex 1.8056 43 50.7023
    endloop
  endfacet
  facet normal -0.995184 0 0.0980272
    outer loop
      vertex 3.18755 18 47.366
      vertex 3.25 21 48
      vertex 3.18755 21 47.366
    endloop
  endfacet
  facet normal -0.995184 0 0.0980272
    outer loop
      vertex 3.25 21 48
      vertex 3.18755 18 47.366
      vertex 3.25 18 48
    endloop
  endfacet
  facet normal -0.995184 0 0.0980272
    outer loop
      vertex 3.18755 37 47.366
      vertex 3.25 43 48
      vertex 3.18755 43 47.366
    endloop
  endfacet
  facet normal -0.995184 0 0.0980272
    outer loop
      vertex 3.25 43 48
      vertex 3.18755 37 47.366
      vertex 3.25 37 48
    endloop
  endfacet
  facet normal -0.0979429 0 -0.995192
    outer loop
      vertex 0 37 51.25
      vertex 0.634043 43 51.1876
      vertex 0.634043 37 51.1876
    endloop
  endfacet
  facet normal -0.0979429 0 -0.995192
    outer loop
      vertex 0.634043 43 51.1876
      vertex 0 37 51.25
      vertex 0 43 51.25
    endloop
  endfacet
  facet normal -0.0979429 0 -0.995192
    outer loop
      vertex 0 18 51.25
      vertex 0.634043 21 51.1876
      vertex 0.634043 18 51.1876
    endloop
  endfacet
  facet normal -0.0979429 0 -0.995192
    outer loop
      vertex 0.634043 21 51.1876
      vertex 0 18 51.25
      vertex 0 21 51.25
    endloop
  endfacet
  facet normal -0.773014 0 -0.634389
    outer loop
      vertex 2.70228 37 49.8056
      vertex 2.2981 43 50.2981
      vertex 2.70228 43 49.8056
    endloop
  endfacet
  facet normal -0.773014 -0 -0.634389
    outer loop
      vertex 2.2981 43 50.2981
      vertex 2.70228 37 49.8056
      vertex 2.2981 37 50.2981
    endloop
  endfacet
  facet normal -0.773014 0 -0.634389
    outer loop
      vertex 2.70228 18 49.8056
      vertex 2.2981 21 50.2981
      vertex 2.70228 21 49.8056
    endloop
  endfacet
  facet normal -0.773014 -0 -0.634389
    outer loop
      vertex 2.2981 21 50.2981
      vertex 2.70228 18 49.8056
      vertex 2.2981 18 50.2981
    endloop
  endfacet
  facet normal 0.0979429 0 -0.995192
    outer loop
      vertex -0.634043 18 51.1876
      vertex 0 21 51.25
      vertex 0 18 51.25
    endloop
  endfacet
  facet normal 0.0979429 0 -0.995192
    outer loop
      vertex 0 21 51.25
      vertex -0.634043 18 51.1876
      vertex -0.634043 21 51.1876
    endloop
  endfacet
  facet normal 0.0979429 0 -0.995192
    outer loop
      vertex -0.634043 37 51.1876
      vertex 0 43 51.25
      vertex 0 37 51.25
    endloop
  endfacet
  facet normal 0.0979429 0 -0.995192
    outer loop
      vertex 0 43 51.25
      vertex -0.634043 37 51.1876
      vertex -0.634043 43 51.1876
    endloop
  endfacet
  facet normal -0.956945 0 -0.29027
    outer loop
      vertex 3.18755 37 48.634
      vertex 3.00261 43 49.2437
      vertex 3.18755 43 48.634
    endloop
  endfacet
  facet normal -0.956945 -0 -0.29027
    outer loop
      vertex 3.00261 43 49.2437
      vertex 3.18755 37 48.634
      vertex 3.00261 37 49.2437
    endloop
  endfacet
  facet normal -0.956945 0 -0.29027
    outer loop
      vertex 3.18755 18 48.634
      vertex 3.00261 21 49.2437
      vertex 3.18755 21 48.634
    endloop
  endfacet
  facet normal -0.956945 -0 -0.29027
    outer loop
      vertex 3.00261 21 49.2437
      vertex 3.18755 18 48.634
      vertex 3.00261 18 49.2437
    endloop
  endfacet
  facet normal 0 -1 0
    outer loop
      vertex -6.5 37 56
      vertex 0 37 51.25
      vertex 6.5 37 56
    endloop
  endfacet
  facet normal 0 -1 0
    outer loop
      vertex -6.5 37 56
      vertex -0.634043 37 51.1876
      vertex 0 37 51.25
    endloop
  endfacet
  facet normal 0 -1 0
    outer loop
      vertex -6.5 37 56
      vertex -1.24372 37 51.0026
      vertex -0.634043 37 51.1876
    endloop
  endfacet
  facet normal 0 -1 0
    outer loop
      vertex -6.5 37 56
      vertex -1.8056 37 50.7023
      vertex -1.24372 37 51.0026
    endloop
  endfacet
  facet normal 0 -1 0
    outer loop
      vertex -6.5 37 56
      vertex -2.2981 37 50.2981
      vertex -1.8056 37 50.7023
    endloop
  endfacet
  facet normal 0 -1 0
    outer loop
      vertex -6.5 37 56
      vertex -2.70228 37 49.8056
      vertex -2.2981 37 50.2981
    endloop
  endfacet
  facet normal 0 -1 0
    outer loop
      vertex -6.5 37 56
      vertex -3.00261 37 49.2437
      vertex -2.70228 37 49.8056
    endloop
  endfacet
  facet normal 0 -1 0
    outer loop
      vertex -6.5 37 56
      vertex -3.18755 37 48.634
      vertex -3.00261 37 49.2437
    endloop
  endfacet
  facet normal 0 -1 0
    outer loop
      vertex -6.5 37 56
      vertex -3.25 37 48
      vertex -3.18755 37 48.634
    endloop
  endfacet
  facet normal 0 -1 0
    outer loop
      vertex -6.5 37 41.8
      vertex -3.25 37 48
      vertex -6.5 37 56
    endloop
  endfacet
  facet normal 0 -1 -0
    outer loop
      vertex -3.25 37 48
      vertex -6.5 37 41.8
      vertex -3.18755 37 47.366
    endloop
  endfacet
  facet normal 0 -1 -0
    outer loop
      vertex -0.634043 37 44.8124
      vertex -6.5 37 41.8
      vertex 0 37 44.75
    endloop
  endfacet
  facet normal 0 -1 -0
    outer loop
      vertex -1.24372 37 44.9974
      vertex -6.5 37 41.8
      vertex -0.634043 37 44.8124
    endloop
  endfacet
  facet normal 0 -1 -0
    outer loop
      vertex -1.8056 37 45.2977
      vertex -6.5 37 41.8
      vertex -1.24372 37 44.9974
    endloop
  endfacet
  facet normal 0 -1 -0
    outer loop
      vertex -2.2981 37 45.7019
      vertex -6.5 37 41.8
      vertex -1.8056 37 45.2977
    endloop
  endfacet
  facet normal 0 -1 -0
    outer loop
      vertex -2.70228 37 46.1944
      vertex -6.5 37 41.8
      vertex -2.2981 37 45.7019
    endloop
  endfacet
  facet normal 0 -1 -0
    outer loop
      vertex -3.00261 37 46.7563
      vertex -6.5 37 41.8
      vertex -2.70228 37 46.1944
    endloop
  endfacet
  facet normal 0 -1 -0
    outer loop
      vertex -3.18755 37 47.366
      vertex -6.5 37 41.8
      vertex -3.00261 37 46.7563
    endloop
  endfacet
  facet normal 0 -1 0
    outer loop
      vertex 0.634043 37 51.1876
      vertex 6.5 37 56
      vertex 0 37 51.25
    endloop
  endfacet
  facet normal 0 -1 0
    outer loop
      vertex 1.24372 37 51.0026
      vertex 6.5 37 56
      vertex 0.634043 37 51.1876
    endloop
  endfacet
  facet normal 0 -1 0
    outer loop
      vertex 1.8056 37 50.7023
      vertex 6.5 37 56
      vertex 1.24372 37 51.0026
    endloop
  endfacet
  facet normal 0 -1 0
    outer loop
      vertex 2.2981 37 50.2981
      vertex 6.5 37 56
      vertex 1.8056 37 50.7023
    endloop
  endfacet
  facet normal 0 -1 0
    outer loop
      vertex 2.70228 37 49.8056
      vertex 6.5 37 56
      vertex 2.2981 37 50.2981
    endloop
  endfacet
  facet normal 0 -1 0
    outer loop
      vertex 3.00261 37 49.2437
      vertex 6.5 37 56
      vertex 2.70228 37 49.8056
    endloop
  endfacet
  facet normal 0 -1 0
    outer loop
      vertex 3.18755 37 48.634
      vertex 6.5 37 56
      vertex 3.00261 37 49.2437
    endloop
  endfacet
  facet normal 0 -1 0
    outer loop
      vertex 3.25 37 48
      vertex 6.5 37 56
      vertex 3.18755 37 48.634
    endloop
  endfacet
  facet normal 0 -1 0
    outer loop
      vertex 6.5 37 41.8
      vertex 3.25 37 48
      vertex 3.18755 37 47.366
    endloop
  endfacet
  facet normal 0 -1 0
    outer loop
      vertex 6.5 37 41.8
      vertex 3.18755 37 47.366
      vertex 3.00261 37 46.7563
    endloop
  endfacet
  facet normal 0 -1 0
    outer loop
      vertex 6.5 37 41.8
      vertex 0 37 44.75
      vertex -6.5 37 41.8
    endloop
  endfacet
  facet normal 0 -1 0
    outer loop
      vertex 0 37 44.75
      vertex 6.5 37 41.8
      vertex 0.634043 37 44.8124
    endloop
  endfacet
  facet normal 0 -1 0
    outer loop
      vertex 3.25 37 48
      vertex 6.5 37 41.8
      vertex 6.5 37 56
    endloop
  endfacet
  facet normal 0 -1 0
    outer loop
      vertex 2.70228 37 46.1944
      vertex 6.5 37 41.8
      vertex 3.00261 37 46.7563
    endloop
  endfacet
  facet normal 0 -1 0
    outer loop
      vertex 2.2981 37 45.7019
      vertex 6.5 37 41.8
      vertex 2.70228 37 46.1944
    endloop
  endfacet
  facet normal 0 -1 0
    outer loop
      vertex 1.8056 37 45.2977
      vertex 6.5 37 41.8
      vertex 2.2981 37 45.7019
    endloop
  endfacet
  facet normal 0 -1 0
    outer loop
      vertex 1.24372 37 44.9974
      vertex 6.5 37 41.8
      vertex 1.8056 37 45.2977
    endloop
  endfacet
  facet normal 0 -1 0
    outer loop
      vertex 0.634043 37 44.8124
      vertex 6.5 37 41.8
      vertex 1.24372 37 44.9974
    endloop
  endfacet
  facet normal 0 0 -1
    outer loop
      vertex 4.51544 21 57.8
      vertex 1.87385 21.4182 57.8
      vertex 3.73344 21.1734 57.8
    endloop
  endfacet
  facet normal 0 0 -1
    outer loop
      vertex 4.51544 21 57.8
      vertex 0 21.5 57.8
      vertex 1.87385 21.4182 57.8
    endloop
  endfacet
  facet normal 0 0 -1
    outer loop
      vertex 4.51544 21 57.8
      vertex -1.87385 21.4182 57.8
      vertex 0 21.5 57.8
    endloop
  endfacet
  facet normal 0 0 -1
    outer loop
      vertex -4.51544 21 57.8
      vertex -1.87385 21.4182 57.8
      vertex 4.51544 21 57.8
    endloop
  endfacet
  facet normal 0 0 -1
    outer loop
      vertex -1.87385 21.4182 57.8
      vertex -4.51544 21 57.8
      vertex -3.73344 21.1734 57.8
    endloop
  endfacet
  facet normal -0 0 1
    outer loop
      vertex -6.5 37 41.8
      vertex 6.5 21 41.8
      vertex 6.5 37 41.8
    endloop
  endfacet
  facet normal 0 0 1
    outer loop
      vertex 6.5 21 41.8
      vertex -6.5 37 41.8
      vertex -6.5 21 41.8
    endloop
  endfacet
  facet normal 0 1 0
    outer loop
      vertex 2.70228 21 49.8056
      vertex 4.51544 21 56
      vertex 6.5 21 56
    endloop
  endfacet
  facet normal -0 1 0
    outer loop
      vertex 0 21 51.25
      vertex 4.51544 21 56
      vertex 0.634043 21 51.1876
    endloop
  endfacet
  facet normal 0 1 -0
    outer loop
      vertex -0.634043 21 51.1876
      vertex -4.51544 21 56
      vertex 0 21 51.25
    endloop
  endfacet
  facet normal 0 1 0
    outer loop
      vertex 4.51544 21 56
      vertex 0 21 51.25
      vertex -4.51544 21 56
    endloop
  endfacet
  facet normal 0 1 0
    outer loop
      vertex 4.51544 21 56
      vertex 1.24372 21 51.0026
      vertex 0.634043 21 51.1876
    endloop
  endfacet
  facet normal 0 1 0
    outer loop
      vertex 4.51544 21 56
      vertex 1.8056 21 50.7023
      vertex 1.24372 21 51.0026
    endloop
  endfacet
  facet normal 0 1 0
    outer loop
      vertex 4.51544 21 56
      vertex 2.2981 21 50.2981
      vertex 1.8056 21 50.7023
    endloop
  endfacet
  facet normal 0 1 0
    outer loop
      vertex 4.51544 21 56
      vertex 2.70228 21 49.8056
      vertex 2.2981 21 50.2981
    endloop
  endfacet
  facet normal 0 1 0
    outer loop
      vertex 6.5 21 56
      vertex 3.00261 21 49.2437
      vertex 2.70228 21 49.8056
    endloop
  endfacet
  facet normal 0 1 0
    outer loop
      vertex 6.5 21 56
      vertex 3.18755 21 48.634
      vertex 3.00261 21 49.2437
    endloop
  endfacet
  facet normal 0 1 0
    outer loop
      vertex 6.5 21 56
      vertex 3.25 21 48
      vertex 3.18755 21 48.634
    endloop
  endfacet
  facet normal 0 1 -0
    outer loop
      vertex 6.5 21 41.8
      vertex 3.25 21 48
      vertex 6.5 21 56
    endloop
  endfacet
  facet normal 0 1 0
    outer loop
      vertex 3.25 21 48
      vertex 6.5 21 41.8
      vertex 3.18755 21 47.366
    endloop
  endfacet
  facet normal 0 1 0
    outer loop
      vertex 0.634043 21 44.8124
      vertex 6.5 21 41.8
      vertex 0 21 44.75
    endloop
  endfacet
  facet normal 0 1 0
    outer loop
      vertex 1.24372 21 44.9974
      vertex 6.5 21 41.8
      vertex 0.634043 21 44.8124
    endloop
  endfacet
  facet normal 0 1 0
    outer loop
      vertex 1.8056 21 45.2977
      vertex 6.5 21 41.8
      vertex 1.24372 21 44.9974
    endloop
  endfacet
  facet normal 0 1 0
    outer loop
      vertex 2.2981 21 45.7019
      vertex 6.5 21 41.8
      vertex 1.8056 21 45.2977
    endloop
  endfacet
  facet normal 0 1 0
    outer loop
      vertex 2.70228 21 46.1944
      vertex 6.5 21 41.8
      vertex 2.2981 21 45.7019
    endloop
  endfacet
  facet normal 0 1 0
    outer loop
      vertex 3.00261 21 46.7563
      vertex 6.5 21 41.8
      vertex 2.70228 21 46.1944
    endloop
  endfacet
  facet normal 0 1 0
    outer loop
      vertex 3.18755 21 47.366
      vertex 6.5 21 41.8
      vertex 3.00261 21 46.7563
    endloop
  endfacet
  facet normal 0 1 -0
    outer loop
      vertex 4.51544 21 56
      vertex -4.51544 21 57.8
      vertex 4.51544 21 57.8
    endloop
  endfacet
  facet normal 0 1 0
    outer loop
      vertex -4.51544 21 57.8
      vertex 4.51544 21 56
      vertex -4.51544 21 56
    endloop
  endfacet
  facet normal 0 1 -0
    outer loop
      vertex -1.24372 21 51.0026
      vertex -4.51544 21 56
      vertex -0.634043 21 51.1876
    endloop
  endfacet
  facet normal 0 1 -0
    outer loop
      vertex -1.8056 21 50.7023
      vertex -4.51544 21 56
      vertex -1.24372 21 51.0026
    endloop
  endfacet
  facet normal 0 1 -0
    outer loop
      vertex -2.2981 21 50.2981
      vertex -4.51544 21 56
      vertex -1.8056 21 50.7023
    endloop
  endfacet
  facet normal 0 1 -0
    outer loop
      vertex -2.70228 21 49.8056
      vertex -4.51544 21 56
      vertex -2.2981 21 50.2981
    endloop
  endfacet
  facet normal 0 1 0
    outer loop
      vertex -4.51544 21 56
      vertex -2.70228 21 49.8056
      vertex -6.5 21 56
    endloop
  endfacet
  facet normal 0 1 -0
    outer loop
      vertex -3.00261 21 49.2437
      vertex -6.5 21 56
      vertex -2.70228 21 49.8056
    endloop
  endfacet
  facet normal 0 1 -0
    outer loop
      vertex -3.18755 21 48.634
      vertex -6.5 21 56
      vertex -3.00261 21 49.2437
    endloop
  endfacet
  facet normal 0 1 -0
    outer loop
      vertex -3.25 21 48
      vertex -6.5 21 56
      vertex -3.18755 21 48.634
    endloop
  endfacet
  facet normal 0 1 0
    outer loop
      vertex -6.5 21 41.8
      vertex -3.25 21 48
      vertex -3.18755 21 47.366
    endloop
  endfacet
  facet normal 0 1 0
    outer loop
      vertex -6.5 21 41.8
      vertex -3.18755 21 47.366
      vertex -3.00261 21 46.7563
    endloop
  endfacet
  facet normal 0 1 0
    outer loop
      vertex -6.5 21 41.8
      vertex 0 21 44.75
      vertex 6.5 21 41.8
    endloop
  endfacet
  facet normal 0 1 0
    outer loop
      vertex 0 21 44.75
      vertex -6.5 21 41.8
      vertex -0.634043 21 44.8124
    endloop
  endfacet
  facet normal 0 1 0
    outer loop
      vertex -3.25 21 48
      vertex -6.5 21 41.8
      vertex -6.5 21 56
    endloop
  endfacet
  facet normal 0 1 0
    outer loop
      vertex -2.70228 21 46.1944
      vertex -6.5 21 41.8
      vertex -3.00261 21 46.7563
    endloop
  endfacet
  facet normal 0 1 0
    outer loop
      vertex -2.2981 21 45.7019
      vertex -6.5 21 41.8
      vertex -2.70228 21 46.1944
    endloop
  endfacet
  facet normal 0 1 0
    outer loop
      vertex -1.8056 21 45.2977
      vertex -6.5 21 41.8
      vertex -2.2981 21 45.7019
    endloop
  endfacet
  facet normal 0 1 0
    outer loop
      vertex -1.24372 21 44.9974
      vertex -6.5 21 41.8
      vertex -1.8056 21 45.2977
    endloop
  endfacet
  facet normal 0 1 0
    outer loop
      vertex -0.634043 21 44.8124
      vertex -6.5 21 41.8
      vertex -1.24372 21 44.9974
    endloop
  endfacet
  facet normal 1 -0 0
    outer loop
      vertex -6.5 21 56
      vertex -6.5 37 41.8
      vertex -6.5 37 56
    endloop
  endfacet
  facet normal 1 0 0
    outer loop
      vertex -6.5 37 41.8
      vertex -6.5 21 56
      vertex -6.5 21 41.8
    endloop
  endfacet
  facet normal -1 0 0
    outer loop
      vertex 6.5 21 41.8
      vertex 6.5 37 56
      vertex 6.5 37 41.8
    endloop
  endfacet
  facet normal -1 -0 0
    outer loop
      vertex 6.5 37 56
      vertex 6.5 21 41.8
      vertex 6.5 21 56
    endloop
  endfacet
  facet normal 0.290366 0 0.956916
    outer loop
      vertex -1.24372 -37 44.9974
      vertex -0.634043 -43 44.8124
      vertex -0.634043 -37 44.8124
    endloop
  endfacet
  facet normal 0.290366 0 0.956916
    outer loop
      vertex -0.634043 -43 44.8124
      vertex -1.24372 -37 44.9974
      vertex -1.24372 -43 44.9974
    endloop
  endfacet
  facet normal 0.290366 0 0.956916
    outer loop
      vertex -1.24372 -18 44.9974
      vertex -0.634043 -21 44.8124
      vertex -0.634043 -18 44.8124
    endloop
  endfacet
  facet normal 0.290366 0 0.956916
    outer loop
      vertex -0.634043 -21 44.8124
      vertex -1.24372 -18 44.9974
      vertex -1.24372 -21 44.9974
    endloop
  endfacet
  facet normal -0.471359 0 0.881942
    outer loop
      vertex 1.24372 -18 44.9974
      vertex 1.8056 -21 45.2977
      vertex 1.8056 -18 45.2977
    endloop
  endfacet
  facet normal -0.471359 0 0.881942
    outer loop
      vertex 1.8056 -21 45.2977
      vertex 1.24372 -18 44.9974
      vertex 1.24372 -21 44.9974
    endloop
  endfacet
  facet normal -0.471359 0 0.881942
    outer loop
      vertex 1.24372 -37 44.9974
      vertex 1.8056 -43 45.2977
      vertex 1.8056 -37 45.2977
    endloop
  endfacet
  facet normal -0.471359 0 0.881942
    outer loop
      vertex 1.8056 -43 45.2977
      vertex 1.24372 -37 44.9974
      vertex 1.24372 -43 44.9974
    endloop
  endfacet
  facet normal 0.995184 0 -0.0980272
    outer loop
      vertex -3.18755 -21 48.634
      vertex -3.25 -18 48
      vertex -3.18755 -18 48.634
    endloop
  endfacet
  facet normal 0.995184 0 -0.0980272
    outer loop
      vertex -3.25 -18 48
      vertex -3.18755 -21 48.634
      vertex -3.25 -21 48
    endloop
  endfacet
  facet normal 0.995184 0 -0.0980272
    outer loop
      vertex -3.18755 -43 48.634
      vertex -3.25 -37 48
      vertex -3.18755 -37 48.634
    endloop
  endfacet
  facet normal 0.995184 0 -0.0980272
    outer loop
      vertex -3.25 -37 48
      vertex -3.18755 -43 48.634
      vertex -3.25 -43 48
    endloop
  endfacet
  facet normal 0 -1 0
    outer loop
      vertex -0.634043 -18 51.1876
      vertex 0.634043 -18 51.1876
      vertex 0 -18 51.25
    endloop
  endfacet
  facet normal 0 -1 0
    outer loop
      vertex -1.24372 -18 51.0026
      vertex 0.634043 -18 51.1876
      vertex -0.634043 -18 51.1876
    endloop
  endfacet
  facet normal 0 -1 0
    outer loop
      vertex -1.24372 -18 51.0026
      vertex 1.24372 -18 51.0026
      vertex 0.634043 -18 51.1876
    endloop
  endfacet
  facet normal 0 -1 0
    outer loop
      vertex -1.8056 -18 50.7023
      vertex 1.24372 -18 51.0026
      vertex -1.24372 -18 51.0026
    endloop
  endfacet
  facet normal 0 -1 0
    outer loop
      vertex -1.8056 -18 50.7023
      vertex 1.8056 -18 50.7023
      vertex 1.24372 -18 51.0026
    endloop
  endfacet
  facet normal 0 -1 0
    outer loop
      vertex -2.2981 -18 50.2981
      vertex 1.8056 -18 50.7023
      vertex -1.8056 -18 50.7023
    endloop
  endfacet
  facet normal 0 -1 0
    outer loop
      vertex -2.2981 -18 50.2981
      vertex 2.2981 -18 50.2981
      vertex 1.8056 -18 50.7023
    endloop
  endfacet
  facet normal 0 -1 0
    outer loop
      vertex -2.70228 -18 49.8056
      vertex 2.2981 -18 50.2981
      vertex -2.2981 -18 50.2981
    endloop
  endfacet
  facet normal 0 -1 0
    outer loop
      vertex -2.70228 -18 49.8056
      vertex 2.70228 -18 49.8056
      vertex 2.2981 -18 50.2981
    endloop
  endfacet
  facet normal 0 -1 0
    outer loop
      vertex -3.00261 -18 49.2437
      vertex 2.70228 -18 49.8056
      vertex -2.70228 -18 49.8056
    endloop
  endfacet
  facet normal 0 -1 0
    outer loop
      vertex -3.00261 -18 49.2437
      vertex 3.00261 -18 49.2437
      vertex 2.70228 -18 49.8056
    endloop
  endfacet
  facet normal 0 -1 0
    outer loop
      vertex -3.18755 -18 48.634
      vertex 3.00261 -18 49.2437
      vertex -3.00261 -18 49.2437
    endloop
  endfacet
  facet normal 0 -1 0
    outer loop
      vertex -3.18755 -18 48.634
      vertex 3.18755 -18 48.634
      vertex 3.00261 -18 49.2437
    endloop
  endfacet
  facet normal 0 -1 0
    outer loop
      vertex -3.25 -18 48
      vertex 3.18755 -18 48.634
      vertex -3.18755 -18 48.634
    endloop
  endfacet
  facet normal 0 -1 0
    outer loop
      vertex -3.25 -18 48
      vertex 3.25 -18 48
      vertex 3.18755 -18 48.634
    endloop
  endfacet
  facet normal 0 -1 0
    outer loop
      vertex -3.18755 -18 47.366
      vertex 3.25 -18 48
      vertex -3.25 -18 48
    endloop
  endfacet
  facet normal 0 -1 0
    outer loop
      vertex -3.18755 -18 47.366
      vertex 3.18755 -18 47.366
      vertex 3.25 -18 48
    endloop
  endfacet
  facet normal 0 -1 0
    outer loop
      vertex -3.00261 -18 46.7563
      vertex 3.18755 -18 47.366
      vertex -3.18755 -18 47.366
    endloop
  endfacet
  facet normal 0 -1 0
    outer loop
      vertex -3.00261 -18 46.7563
      vertex 3.00261 -18 46.7563
      vertex 3.18755 -18 47.366
    endloop
  endfacet
  facet normal 0 -1 0
    outer loop
      vertex -2.70228 -18 46.1944
      vertex 3.00261 -18 46.7563
      vertex -3.00261 -18 46.7563
    endloop
  endfacet
  facet normal 0 -1 0
    outer loop
      vertex -2.70228 -18 46.1944
      vertex 2.70228 -18 46.1944
      vertex 3.00261 -18 46.7563
    endloop
  endfacet
  facet normal 0 -1 0
    outer loop
      vertex -2.2981 -18 45.7019
      vertex 2.70228 -18 46.1944
      vertex -2.70228 -18 46.1944
    endloop
  endfacet
  facet normal 0 -1 0
    outer loop
      vertex -2.2981 -18 45.7019
      vertex 2.2981 -18 45.7019
      vertex 2.70228 -18 46.1944
    endloop
  endfacet
  facet normal 0 -1 0
    outer loop
      vertex -1.8056 -18 45.2977
      vertex 2.2981 -18 45.7019
      vertex -2.2981 -18 45.7019
    endloop
  endfacet
  facet normal 0 -1 0
    outer loop
      vertex -1.8056 -18 45.2977
      vertex 1.8056 -18 45.2977
      vertex 2.2981 -18 45.7019
    endloop
  endfacet
  facet normal 0 -1 0
    outer loop
      vertex -1.24372 -18 44.9974
      vertex 1.8056 -18 45.2977
      vertex -1.8056 -18 45.2977
    endloop
  endfacet
  facet normal 0 -1 0
    outer loop
      vertex -1.24372 -18 44.9974
      vertex 1.24372 -18 44.9974
      vertex 1.8056 -18 45.2977
    endloop
  endfacet
  facet normal 0 -1 0
    outer loop
      vertex -0.634043 -18 44.8124
      vertex 1.24372 -18 44.9974
      vertex -1.24372 -18 44.9974
    endloop
  endfacet
  facet normal 0 -1 0
    outer loop
      vertex -0.634043 -18 44.8124
      vertex 0.634043 -18 44.8124
      vertex 1.24372 -18 44.9974
    endloop
  endfacet
  facet normal -0 -1 0
    outer loop
      vertex 0.634043 -18 44.8124
      vertex -0.634043 -18 44.8124
      vertex 0 -18 44.75
    endloop
  endfacet
  facet normal -0.290366 0 -0.956916
    outer loop
      vertex 0.634043 -21 51.1876
      vertex 1.24372 -18 51.0026
      vertex 1.24372 -21 51.0026
    endloop
  endfacet
  facet normal -0.290366 0 -0.956916
    outer loop
      vertex 1.24372 -18 51.0026
      vertex 0.634043 -21 51.1876
      vertex 0.634043 -18 51.1876
    endloop
  endfacet
  facet normal -0.290366 0 -0.956916
    outer loop
      vertex 0.634043 -43 51.1876
      vertex 1.24372 -37 51.0026
      vertex 1.24372 -43 51.0026
    endloop
  endfacet
  facet normal -0.290366 0 -0.956916
    outer loop
      vertex 1.24372 -37 51.0026
      vertex 0.634043 -43 51.1876
      vertex 0.634043 -37 51.1876
    endloop
  endfacet
  facet normal -0.881929 0 -0.471382
    outer loop
      vertex 3.00261 -21 49.2437
      vertex 2.70228 -18 49.8056
      vertex 3.00261 -18 49.2437
    endloop
  endfacet
  facet normal -0.881929 -0 -0.471382
    outer loop
      vertex 2.70228 -18 49.8056
      vertex 3.00261 -21 49.2437
      vertex 2.70228 -21 49.8056
    endloop
  endfacet
  facet normal -0.881929 0 -0.471382
    outer loop
      vertex 3.00261 -43 49.2437
      vertex 2.70228 -37 49.8056
      vertex 3.00261 -37 49.2437
    endloop
  endfacet
  facet normal -0.881929 -0 -0.471382
    outer loop
      vertex 2.70228 -37 49.8056
      vertex 3.00261 -43 49.2437
      vertex 2.70228 -43 49.8056
    endloop
  endfacet
  facet normal -0.0979429 0 0.995192
    outer loop
      vertex 0 -18 44.75
      vertex 0.634043 -21 44.8124
      vertex 0.634043 -18 44.8124
    endloop
  endfacet
  facet normal -0.0979429 0 0.995192
    outer loop
      vertex 0.634043 -21 44.8124
      vertex 0 -18 44.75
      vertex 0 -21 44.75
    endloop
  endfacet
  facet normal -0.0979429 0 0.995192
    outer loop
      vertex 0 -37 44.75
      vertex 0.634043 -43 44.8124
      vertex 0.634043 -37 44.8124
    endloop
  endfacet
  facet normal -0.0979429 0 0.995192
    outer loop
      vertex 0.634043 -43 44.8124
      vertex 0 -37 44.75
      vertex 0 -43 44.75
    endloop
  endfacet
  facet normal 0.881929 -0 0.471382
    outer loop
      vertex -3.00261 -43 46.7563
      vertex -2.70228 -37 46.1944
      vertex -3.00261 -37 46.7563
    endloop
  endfacet
  facet normal 0.881929 0 0.471382
    outer loop
      vertex -2.70228 -37 46.1944
      vertex -3.00261 -43 46.7563
      vertex -2.70228 -43 46.1944
    endloop
  endfacet
  facet normal 0.881929 -0 0.471382
    outer loop
      vertex -3.00261 -21 46.7563
      vertex -2.70228 -18 46.1944
      vertex -3.00261 -18 46.7563
    endloop
  endfacet
  facet normal 0.881929 0 0.471382
    outer loop
      vertex -2.70228 -18 46.1944
      vertex -3.00261 -21 46.7563
      vertex -2.70228 -21 46.1944
    endloop
  endfacet
  facet normal 0.471359 0 -0.881942
    outer loop
      vertex -1.8056 -21 50.7023
      vertex -1.24372 -18 51.0026
      vertex -1.24372 -21 51.0026
    endloop
  endfacet
  facet normal 0.471359 0 -0.881942
    outer loop
      vertex -1.24372 -18 51.0026
      vertex -1.8056 -21 50.7023
      vertex -1.8056 -18 50.7023
    endloop
  endfacet
  facet normal 0.471359 0 -0.881942
    outer loop
      vertex -1.8056 -43 50.7023
      vertex -1.24372 -37 51.0026
      vertex -1.24372 -43 51.0026
    endloop
  endfacet
  facet normal 0.471359 0 -0.881942
    outer loop
      vertex -1.24372 -37 51.0026
      vertex -1.8056 -43 50.7023
      vertex -1.8056 -37 50.7023
    endloop
  endfacet
  facet normal -0.471359 0 -0.881942
    outer loop
      vertex 1.24372 -43 51.0026
      vertex 1.8056 -37 50.7023
      vertex 1.8056 -43 50.7023
    endloop
  endfacet
  facet normal -0.471359 0 -0.881942
    outer loop
      vertex 1.8056 -37 50.7023
      vertex 1.24372 -43 51.0026
      vertex 1.24372 -37 51.0026
    endloop
  endfacet
  facet normal -0.471359 0 -0.881942
    outer loop
      vertex 1.24372 -21 51.0026
      vertex 1.8056 -18 50.7023
      vertex 1.8056 -21 50.7023
    endloop
  endfacet
  facet normal -0.471359 0 -0.881942
    outer loop
      vertex 1.8056 -18 50.7023
      vertex 1.24372 -21 51.0026
      vertex 1.24372 -18 51.0026
    endloop
  endfacet
  facet normal 0.634408 0 0.772998
    outer loop
      vertex -2.2981 -37 45.7019
      vertex -1.8056 -43 45.2977
      vertex -1.8056 -37 45.2977
    endloop
  endfacet
  facet normal 0.634408 0 0.772998
    outer loop
      vertex -1.8056 -43 45.2977
      vertex -2.2981 -37 45.7019
      vertex -2.2981 -43 45.7019
    endloop
  endfacet
  facet normal 0.634408 0 0.772998
    outer loop
      vertex -2.2981 -18 45.7019
      vertex -1.8056 -21 45.2977
      vertex -1.8056 -18 45.2977
    endloop
  endfacet
  facet normal 0.634408 0 0.772998
    outer loop
      vertex -1.8056 -21 45.2977
      vertex -2.2981 -18 45.7019
      vertex -2.2981 -21 45.7019
    endloop
  endfacet
  facet normal -0.881929 0 0.471382
    outer loop
      vertex 2.70228 -43 46.1944
      vertex 3.00261 -37 46.7563
      vertex 2.70228 -37 46.1944
    endloop
  endfacet
  facet normal -0.881929 0 0.471382
    outer loop
      vertex 3.00261 -37 46.7563
      vertex 2.70228 -43 46.1944
      vertex 3.00261 -43 46.7563
    endloop
  endfacet
  facet normal -0.881929 0 0.471382
    outer loop
      vertex 2.70228 -21 46.1944
      vertex 3.00261 -18 46.7563
      vertex 2.70228 -18 46.1944
    endloop
  endfacet
  facet normal -0.881929 0 0.471382
    outer loop
      vertex 3.00261 -18 46.7563
      vertex 2.70228 -21 46.1944
      vertex 3.00261 -21 46.7563
    endloop
  endfacet
  facet normal -0.956945 0 0.29027
    outer loop
      vertex 3.00261 -43 46.7563
      vertex 3.18755 -37 47.366
      vertex 3.00261 -37 46.7563
    endloop
  endfacet
  facet normal -0.956945 0 0.29027
    outer loop
      vertex 3.18755 -37 47.366
      vertex 3.00261 -43 46.7563
      vertex 3.18755 -43 47.366
    endloop
  endfacet
  facet normal -0.956945 0 0.29027
    outer loop
      vertex 3.00261 -21 46.7563
      vertex 3.18755 -18 47.366
      vertex 3.00261 -18 46.7563
    endloop
  endfacet
  facet normal -0.956945 0 0.29027
    outer loop
      vertex 3.18755 -18 47.366
      vertex 3.00261 -21 46.7563
      vertex 3.18755 -21 47.366
    endloop
  endfacet
  facet normal -0.773014 0 0.634389
    outer loop
      vertex 2.2981 -43 45.7019
      vertex 2.70228 -37 46.1944
      vertex 2.2981 -37 45.7019
    endloop
  endfacet
  facet normal -0.773014 0 0.634389
    outer loop
      vertex 2.70228 -37 46.1944
      vertex 2.2981 -43 45.7019
      vertex 2.70228 -43 46.1944
    endloop
  endfacet
  facet normal -0.773014 0 0.634389
    outer loop
      vertex 2.2981 -21 45.7019
      vertex 2.70228 -18 46.1944
      vertex 2.2981 -18 45.7019
    endloop
  endfacet
  facet normal -0.773014 0 0.634389
    outer loop
      vertex 2.70228 -18 46.1944
      vertex 2.2981 -21 45.7019
      vertex 2.70228 -21 46.1944
    endloop
  endfacet
  facet normal -0.290366 0 0.956916
    outer loop
      vertex 0.634043 -18 44.8124
      vertex 1.24372 -21 44.9974
      vertex 1.24372 -18 44.9974
    endloop
  endfacet
  facet normal -0.290366 0 0.956916
    outer loop
      vertex 1.24372 -21 44.9974
      vertex 0.634043 -18 44.8124
      vertex 0.634043 -21 44.8124
    endloop
  endfacet
  facet normal -0.290366 0 0.956916
    outer loop
      vertex 0.634043 -37 44.8124
      vertex 1.24372 -43 44.9974
      vertex 1.24372 -37 44.9974
    endloop
  endfacet
  facet normal -0.290366 0 0.956916
    outer loop
      vertex 1.24372 -43 44.9974
      vertex 0.634043 -37 44.8124
      vertex 0.634043 -43 44.8124
    endloop
  endfacet
  facet normal 0.0979429 0 0.995192
    outer loop
      vertex -0.634043 -37 44.8124
      vertex 0 -43 44.75
      vertex 0 -37 44.75
    endloop
  endfacet
  facet normal 0.0979429 0 0.995192
    outer loop
      vertex 0 -43 44.75
      vertex -0.634043 -37 44.8124
      vertex -0.634043 -43 44.8124
    endloop
  endfacet
  facet normal 0.0979429 0 0.995192
    outer loop
      vertex -0.634043 -18 44.8124
      vertex 0 -21 44.75
      vertex 0 -18 44.75
    endloop
  endfacet
  facet normal 0.0979429 0 0.995192
    outer loop
      vertex 0 -21 44.75
      vertex -0.634043 -18 44.8124
      vertex -0.634043 -21 44.8124
    endloop
  endfacet
  facet normal 0.956945 -0 0.29027
    outer loop
      vertex -3.18755 -21 47.366
      vertex -3.00261 -18 46.7563
      vertex -3.18755 -18 47.366
    endloop
  endfacet
  facet normal 0.956945 0 0.29027
    outer loop
      vertex -3.00261 -18 46.7563
      vertex -3.18755 -21 47.366
      vertex -3.00261 -21 46.7563
    endloop
  endfacet
  facet normal 0.956945 -0 0.29027
    outer loop
      vertex -3.18755 -43 47.366
      vertex -3.00261 -37 46.7563
      vertex -3.18755 -37 47.366
    endloop
  endfacet
  facet normal 0.956945 0 0.29027
    outer loop
      vertex -3.00261 -37 46.7563
      vertex -3.18755 -43 47.366
      vertex -3.00261 -43 46.7563
    endloop
  endfacet
  facet normal -0.634408 0 0.772998
    outer loop
      vertex 1.8056 -18 45.2977
      vertex 2.2981 -21 45.7019
      vertex 2.2981 -18 45.7019
    endloop
  endfacet
  facet normal -0.634408 0 0.772998
    outer loop
      vertex 2.2981 -21 45.7019
      vertex 1.8056 -18 45.2977
      vertex 1.8056 -21 45.2977
    endloop
  endfacet
  facet normal -0.634408 0 0.772998
    outer loop
      vertex 1.8056 -37 45.2977
      vertex 2.2981 -43 45.7019
      vertex 2.2981 -37 45.7019
    endloop
  endfacet
  facet normal -0.634408 0 0.772998
    outer loop
      vertex 2.2981 -43 45.7019
      vertex 1.8056 -37 45.2977
      vertex 1.8056 -43 45.2977
    endloop
  endfacet
  facet normal 0.471359 0 0.881942
    outer loop
      vertex -1.8056 -37 45.2977
      vertex -1.24372 -43 44.9974
      vertex -1.24372 -37 44.9974
    endloop
  endfacet
  facet normal 0.471359 0 0.881942
    outer loop
      vertex -1.24372 -43 44.9974
      vertex -1.8056 -37 45.2977
      vertex -1.8056 -43 45.2977
    endloop
  endfacet
  facet normal 0.471359 0 0.881942
    outer loop
      vertex -1.8056 -18 45.2977
      vertex -1.24372 -21 44.9974
      vertex -1.24372 -18 44.9974
    endloop
  endfacet
  facet normal 0.471359 0 0.881942
    outer loop
      vertex -1.24372 -21 44.9974
      vertex -1.8056 -18 45.2977
      vertex -1.8056 -21 45.2977
    endloop
  endfacet
  facet normal 0.290366 0 -0.956916
    outer loop
      vertex -1.24372 -43 51.0026
      vertex -0.634043 -37 51.1876
      vertex -0.634043 -43 51.1876
    endloop
  endfacet
  facet normal 0.290366 0 -0.956916
    outer loop
      vertex -0.634043 -37 51.1876
      vertex -1.24372 -43 51.0026
      vertex -1.24372 -37 51.0026
    endloop
  endfacet
  facet normal 0.290366 0 -0.956916
    outer loop
      vertex -1.24372 -21 51.0026
      vertex -0.634043 -18 51.1876
      vertex -0.634043 -21 51.1876
    endloop
  endfacet
  facet normal 0.290366 0 -0.956916
    outer loop
      vertex -0.634043 -18 51.1876
      vertex -1.24372 -21 51.0026
      vertex -1.24372 -18 51.0026
    endloop
  endfacet
  facet normal 0.773014 -0 0.634389
    outer loop
      vertex -2.70228 -43 46.1944
      vertex -2.2981 -37 45.7019
      vertex -2.70228 -37 46.1944
    endloop
  endfacet
  facet normal 0.773014 0 0.634389
    outer loop
      vertex -2.2981 -37 45.7019
      vertex -2.70228 -43 46.1944
      vertex -2.2981 -43 45.7019
    endloop
  endfacet
  facet normal 0.773014 -0 0.634389
    outer loop
      vertex -2.70228 -21 46.1944
      vertex -2.2981 -18 45.7019
      vertex -2.70228 -18 46.1944
    endloop
  endfacet
  facet normal 0.773014 0 0.634389
    outer loop
      vertex -2.2981 -18 45.7019
      vertex -2.70228 -21 46.1944
      vertex -2.2981 -21 45.7019
    endloop
  endfacet
  facet normal -0.634408 0 -0.772998
    outer loop
      vertex 1.8056 -21 50.7023
      vertex 2.2981 -18 50.2981
      vertex 2.2981 -21 50.2981
    endloop
  endfacet
  facet normal -0.634408 0 -0.772998
    outer loop
      vertex 2.2981 -18 50.2981
      vertex 1.8056 -21 50.7023
      vertex 1.8056 -18 50.7023
    endloop
  endfacet
  facet normal -0.634408 0 -0.772998
    outer loop
      vertex 1.8056 -43 50.7023
      vertex 2.2981 -37 50.2981
      vertex 2.2981 -43 50.2981
    endloop
  endfacet
  facet normal -0.634408 0 -0.772998
    outer loop
      vertex 2.2981 -37 50.2981
      vertex 1.8056 -43 50.7023
      vertex 1.8056 -37 50.7023
    endloop
  endfacet
  facet normal -0.773014 0 -0.634389
    outer loop
      vertex 2.70228 -21 49.8056
      vertex 2.2981 -18 50.2981
      vertex 2.70228 -18 49.8056
    endloop
  endfacet
  facet normal -0.773014 -0 -0.634389
    outer loop
      vertex 2.2981 -18 50.2981
      vertex 2.70228 -21 49.8056
      vertex 2.2981 -21 50.2981
    endloop
  endfacet
  facet normal -0.773014 0 -0.634389
    outer loop
      vertex 2.70228 -43 49.8056
      vertex 2.2981 -37 50.2981
      vertex 2.70228 -37 49.8056
    endloop
  endfacet
  facet normal -0.773014 -0 -0.634389
    outer loop
      vertex 2.2981 -37 50.2981
      vertex 2.70228 -43 49.8056
      vertex 2.2981 -43 50.2981
    endloop
  endfacet
  facet normal -0.995184 0 -0.0980272
    outer loop
      vertex 3.25 -43 48
      vertex 3.18755 -37 48.634
      vertex 3.25 -37 48
    endloop
  endfacet
  facet normal -0.995184 -0 -0.0980272
    outer loop
      vertex 3.18755 -37 48.634
      vertex 3.25 -43 48
      vertex 3.18755 -43 48.634
    endloop
  endfacet
  facet normal -0.995184 0 -0.0980272
    outer loop
      vertex 3.25 -21 48
      vertex 3.18755 -18 48.634
      vertex 3.25 -18 48
    endloop
  endfacet
  facet normal -0.995184 -0 -0.0980272
    outer loop
      vertex 3.18755 -18 48.634
      vertex 3.25 -21 48
      vertex 3.18755 -21 48.634
    endloop
  endfacet
  facet normal -0.956945 0 -0.29027
    outer loop
      vertex 3.18755 -21 48.634
      vertex 3.00261 -18 49.2437
      vertex 3.18755 -18 48.634
    endloop
  endfacet
  facet normal -0.956945 -0 -0.29027
    outer loop
      vertex 3.00261 -18 49.2437
      vertex 3.18755 -21 48.634
      vertex 3.00261 -21 49.2437
    endloop
  endfacet
  facet normal -0.956945 0 -0.29027
    outer loop
      vertex 3.18755 -43 48.634
      vertex 3.00261 -37 49.2437
      vertex 3.18755 -37 48.634
    endloop
  endfacet
  facet normal -0.956945 -0 -0.29027
    outer loop
      vertex 3.00261 -37 49.2437
      vertex 3.18755 -43 48.634
      vertex 3.00261 -43 49.2437
    endloop
  endfacet
  facet normal -0.995184 0 0.0980272
    outer loop
      vertex 3.18755 -43 47.366
      vertex 3.25 -37 48
      vertex 3.18755 -37 47.366
    endloop
  endfacet
  facet normal -0.995184 0 0.0980272
    outer loop
      vertex 3.25 -37 48
      vertex 3.18755 -43 47.366
      vertex 3.25 -43 48
    endloop
  endfacet
  facet normal -0.995184 0 0.0980272
    outer loop
      vertex 3.18755 -21 47.366
      vertex 3.25 -18 48
      vertex 3.18755 -18 47.366
    endloop
  endfacet
  facet normal -0.995184 0 0.0980272
    outer loop
      vertex 3.25 -18 48
      vertex 3.18755 -21 47.366
      vertex 3.25 -21 48
    endloop
  endfacet
  facet normal 0.881929 0 -0.471382
    outer loop
      vertex -2.70228 -21 49.8056
      vertex -3.00261 -18 49.2437
      vertex -2.70228 -18 49.8056
    endloop
  endfacet
  facet normal 0.881929 0 -0.471382
    outer loop
      vertex -3.00261 -18 49.2437
      vertex -2.70228 -21 49.8056
      vertex -3.00261 -21 49.2437
    endloop
  endfacet
  facet normal 0.881929 0 -0.471382
    outer loop
      vertex -2.70228 -43 49.8056
      vertex -3.00261 -37 49.2437
      vertex -2.70228 -37 49.8056
    endloop
  endfacet
  facet normal 0.881929 0 -0.471382
    outer loop
      vertex -3.00261 -37 49.2437
      vertex -2.70228 -43 49.8056
      vertex -3.00261 -43 49.2437
    endloop
  endfacet
  facet normal 0.634408 0 -0.772998
    outer loop
      vertex -2.2981 -21 50.2981
      vertex -1.8056 -18 50.7023
      vertex -1.8056 -21 50.7023
    endloop
  endfacet
  facet normal 0.634408 0 -0.772998
    outer loop
      vertex -1.8056 -18 50.7023
      vertex -2.2981 -21 50.2981
      vertex -2.2981 -18 50.2981
    endloop
  endfacet
  facet normal 0.634408 0 -0.772998
    outer loop
      vertex -2.2981 -43 50.2981
      vertex -1.8056 -37 50.7023
      vertex -1.8056 -43 50.7023
    endloop
  endfacet
  facet normal 0.634408 0 -0.772998
    outer loop
      vertex -1.8056 -37 50.7023
      vertex -2.2981 -43 50.2981
      vertex -2.2981 -37 50.2981
    endloop
  endfacet
  facet normal 0.995184 -0 0.0980272
    outer loop
      vertex -3.25 -21 48
      vertex -3.18755 -18 47.366
      vertex -3.25 -18 48
    endloop
  endfacet
  facet normal 0.995184 0 0.0980272
    outer loop
      vertex -3.18755 -18 47.366
      vertex -3.25 -21 48
      vertex -3.18755 -21 47.366
    endloop
  endfacet
  facet normal 0.995184 -0 0.0980272
    outer loop
      vertex -3.25 -43 48
      vertex -3.18755 -37 47.366
      vertex -3.25 -37 48
    endloop
  endfacet
  facet normal 0.995184 0 0.0980272
    outer loop
      vertex -3.18755 -37 47.366
      vertex -3.25 -43 48
      vertex -3.18755 -43 47.366
    endloop
  endfacet
  facet normal 0.0979429 0 -0.995192
    outer loop
      vertex -0.634043 -21 51.1876
      vertex 0 -18 51.25
      vertex 0 -21 51.25
    endloop
  endfacet
  facet normal 0.0979429 0 -0.995192
    outer loop
      vertex 0 -18 51.25
      vertex -0.634043 -21 51.1876
      vertex -0.634043 -18 51.1876
    endloop
  endfacet
  facet normal 0.0979429 0 -0.995192
    outer loop
      vertex -0.634043 -43 51.1876
      vertex 0 -37 51.25
      vertex 0 -43 51.25
    endloop
  endfacet
  facet normal 0.0979429 0 -0.995192
    outer loop
      vertex 0 -37 51.25
      vertex -0.634043 -43 51.1876
      vertex -0.634043 -37 51.1876
    endloop
  endfacet
  facet normal 0.773014 0 -0.634389
    outer loop
      vertex -2.2981 -21 50.2981
      vertex -2.70228 -18 49.8056
      vertex -2.2981 -18 50.2981
    endloop
  endfacet
  facet normal 0.773014 0 -0.634389
    outer loop
      vertex -2.70228 -18 49.8056
      vertex -2.2981 -21 50.2981
      vertex -2.70228 -21 49.8056
    endloop
  endfacet
  facet normal 0.773014 0 -0.634389
    outer loop
      vertex -2.2981 -43 50.2981
      vertex -2.70228 -37 49.8056
      vertex -2.2981 -37 50.2981
    endloop
  endfacet
  facet normal 0.773014 0 -0.634389
    outer loop
      vertex -2.70228 -37 49.8056
      vertex -2.2981 -43 50.2981
      vertex -2.70228 -43 49.8056
    endloop
  endfacet
  facet normal -0.0979429 0 -0.995192
    outer loop
      vertex 0 -21 51.25
      vertex 0.634043 -18 51.1876
      vertex 0.634043 -21 51.1876
    endloop
  endfacet
  facet normal -0.0979429 0 -0.995192
    outer loop
      vertex 0.634043 -18 51.1876
      vertex 0 -21 51.25
      vertex 0 -18 51.25
    endloop
  endfacet
  facet normal -0.0979429 0 -0.995192
    outer loop
      vertex 0 -43 51.25
      vertex 0.634043 -37 51.1876
      vertex 0.634043 -43 51.1876
    endloop
  endfacet
  facet normal -0.0979429 0 -0.995192
    outer loop
      vertex 0.634043 -37 51.1876
      vertex 0 -43 51.25
      vertex 0 -37 51.25
    endloop
  endfacet
  facet normal 0.956945 0 -0.29027
    outer loop
      vertex -3.00261 -43 49.2437
      vertex -3.18755 -37 48.634
      vertex -3.00261 -37 49.2437
    endloop
  endfacet
  facet normal 0.956945 0 -0.29027
    outer loop
      vertex -3.18755 -37 48.634
      vertex -3.00261 -43 49.2437
      vertex -3.18755 -43 48.634
    endloop
  endfacet
  facet normal 0.956945 0 -0.29027
    outer loop
      vertex -3.00261 -21 49.2437
      vertex -3.18755 -18 48.634
      vertex -3.00261 -18 49.2437
    endloop
  endfacet
  facet normal 0.956945 0 -0.29027
    outer loop
      vertex -3.18755 -18 48.634
      vertex -3.00261 -21 49.2437
      vertex -3.18755 -21 48.634
    endloop
  endfacet
  facet normal 0 1 0
    outer loop
      vertex 6.5 -37 56
      vertex 0 -37 51.25
      vertex -6.5 -37 56
    endloop
  endfacet
  facet normal 0 1 0
    outer loop
      vertex 6.5 -37 56
      vertex 0.634043 -37 51.1876
      vertex 0 -37 51.25
    endloop
  endfacet
  facet normal 0 1 0
    outer loop
      vertex 6.5 -37 56
      vertex 1.24372 -37 51.0026
      vertex 0.634043 -37 51.1876
    endloop
  endfacet
  facet normal 0 1 0
    outer loop
      vertex 6.5 -37 56
      vertex 1.8056 -37 50.7023
      vertex 1.24372 -37 51.0026
    endloop
  endfacet
  facet normal 0 1 0
    outer loop
      vertex 6.5 -37 56
      vertex 2.2981 -37 50.2981
      vertex 1.8056 -37 50.7023
    endloop
  endfacet
  facet normal 0 1 0
    outer loop
      vertex 6.5 -37 56
      vertex 2.70228 -37 49.8056
      vertex 2.2981 -37 50.2981
    endloop
  endfacet
  facet normal 0 1 0
    outer loop
      vertex 6.5 -37 56
      vertex 3.00261 -37 49.2437
      vertex 2.70228 -37 49.8056
    endloop
  endfacet
  facet normal 0 1 0
    outer loop
      vertex 6.5 -37 56
      vertex 3.18755 -37 48.634
      vertex 3.00261 -37 49.2437
    endloop
  endfacet
  facet normal 0 1 0
    outer loop
      vertex 6.5 -37 56
      vertex 3.25 -37 48
      vertex 3.18755 -37 48.634
    endloop
  endfacet
  facet normal 0 1 -0
    outer loop
      vertex 6.5 -37 41.8
      vertex 3.25 -37 48
      vertex 6.5 -37 56
    endloop
  endfacet
  facet normal 0 1 0
    outer loop
      vertex 3.25 -37 48
      vertex 6.5 -37 41.8
      vertex 3.18755 -37 47.366
    endloop
  endfacet
  facet normal 0 1 0
    outer loop
      vertex 0.634043 -37 44.8124
      vertex 6.5 -37 41.8
      vertex 0 -37 44.75
    endloop
  endfacet
  facet normal 0 1 0
    outer loop
      vertex 1.24372 -37 44.9974
      vertex 6.5 -37 41.8
      vertex 0.634043 -37 44.8124
    endloop
  endfacet
  facet normal 0 1 0
    outer loop
      vertex 1.8056 -37 45.2977
      vertex 6.5 -37 41.8
      vertex 1.24372 -37 44.9974
    endloop
  endfacet
  facet normal 0 1 0
    outer loop
      vertex 2.2981 -37 45.7019
      vertex 6.5 -37 41.8
      vertex 1.8056 -37 45.2977
    endloop
  endfacet
  facet normal 0 1 0
    outer loop
      vertex 2.70228 -37 46.1944
      vertex 6.5 -37 41.8
      vertex 2.2981 -37 45.7019
    endloop
  endfacet
  facet normal 0 1 0
    outer loop
      vertex 3.00261 -37 46.7563
      vertex 6.5 -37 41.8
      vertex 2.70228 -37 46.1944
    endloop
  endfacet
  facet normal 0 1 0
    outer loop
      vertex 3.18755 -37 47.366
      vertex 6.5 -37 41.8
      vertex 3.00261 -37 46.7563
    endloop
  endfacet
  facet normal 0 1 -0
    outer loop
      vertex -0.634043 -37 51.1876
      vertex -6.5 -37 56
      vertex 0 -37 51.25
    endloop
  endfacet
  facet normal 0 1 -0
    outer loop
      vertex -1.24372 -37 51.0026
      vertex -6.5 -37 56
      vertex -0.634043 -37 51.1876
    endloop
  endfacet
  facet normal 0 1 -0
    outer loop
      vertex -1.8056 -37 50.7023
      vertex -6.5 -37 56
      vertex -1.24372 -37 51.0026
    endloop
  endfacet
  facet normal 0 1 -0
    outer loop
      vertex -2.2981 -37 50.2981
      vertex -6.5 -37 56
      vertex -1.8056 -37 50.7023
    endloop
  endfacet
  facet normal 0 1 -0
    outer loop
      vertex -2.70228 -37 49.8056
      vertex -6.5 -37 56
      vertex -2.2981 -37 50.2981
    endloop
  endfacet
  facet normal 0 1 -0
    outer loop
      vertex -3.00261 -37 49.2437
      vertex -6.5 -37 56
      vertex -2.70228 -37 49.8056
    endloop
  endfacet
  facet normal 0 1 -0
    outer loop
      vertex -3.18755 -37 48.634
      vertex -6.5 -37 56
      vertex -3.00261 -37 49.2437
    endloop
  endfacet
  facet normal 0 1 -0
    outer loop
      vertex -3.25 -37 48
      vertex -6.5 -37 56
      vertex -3.18755 -37 48.634
    endloop
  endfacet
  facet normal 0 1 0
    outer loop
      vertex -6.5 -37 41.8
      vertex -3.25 -37 48
      vertex -3.18755 -37 47.366
    endloop
  endfacet
  facet normal 0 1 0
    outer loop
      vertex -6.5 -37 41.8
      vertex -3.18755 -37 47.366
      vertex -3.00261 -37 46.7563
    endloop
  endfacet
  facet normal 0 1 0
    outer loop
      vertex -6.5 -37 41.8
      vertex 0 -37 44.75
      vertex 6.5 -37 41.8
    endloop
  endfacet
  facet normal 0 1 0
    outer loop
      vertex 0 -37 44.75
      vertex -6.5 -37 41.8
      vertex -0.634043 -37 44.8124
    endloop
  endfacet
  facet normal 0 1 0
    outer loop
      vertex -3.25 -37 48
      vertex -6.5 -37 41.8
      vertex -6.5 -37 56
    endloop
  endfacet
  facet normal 0 1 0
    outer loop
      vertex -2.70228 -37 46.1944
      vertex -6.5 -37 41.8
      vertex -3.00261 -37 46.7563
    endloop
  endfacet
  facet normal 0 1 0
    outer loop
      vertex -2.2981 -37 45.7019
      vertex -6.5 -37 41.8
      vertex -2.70228 -37 46.1944
    endloop
  endfacet
  facet normal 0 1 0
    outer loop
      vertex -1.8056 -37 45.2977
      vertex -6.5 -37 41.8
      vertex -2.2981 -37 45.7019
    endloop
  endfacet
  facet normal 0 1 0
    outer loop
      vertex -1.24372 -37 44.9974
      vertex -6.5 -37 41.8
      vertex -1.8056 -37 45.2977
    endloop
  endfacet
  facet normal 0 1 0
    outer loop
      vertex -0.634043 -37 44.8124
      vertex -6.5 -37 41.8
      vertex -1.24372 -37 44.9974
    endloop
  endfacet
  facet normal 0 0 -1
    outer loop
      vertex 1.87385 -21.4182 57.8
      vertex 4.51544 -21 57.8
      vertex 3.73344 -21.1734 57.8
    endloop
  endfacet
  facet normal 0 0 -1
    outer loop
      vertex 0 -21.5 57.8
      vertex 4.51544 -21 57.8
      vertex 1.87385 -21.4182 57.8
    endloop
  endfacet
  facet normal 0 0 -1
    outer loop
      vertex -1.87385 -21.4182 57.8
      vertex 4.51544 -21 57.8
      vertex 0 -21.5 57.8
    endloop
  endfacet
  facet normal 0 0 -1
    outer loop
      vertex -4.51544 -21 57.8
      vertex -1.87385 -21.4182 57.8
      vertex -3.73344 -21.1734 57.8
    endloop
  endfacet
  facet normal 0 0 -1
    outer loop
      vertex -1.87385 -21.4182 57.8
      vertex -4.51544 -21 57.8
      vertex 4.51544 -21 57.8
    endloop
  endfacet
  facet normal -0 0 1
    outer loop
      vertex -6.5 -21 41.8
      vertex 6.5 -37 41.8
      vertex 6.5 -21 41.8
    endloop
  endfacet
  facet normal 0 0 1
    outer loop
      vertex 6.5 -37 41.8
      vertex -6.5 -21 41.8
      vertex -6.5 -37 41.8
    endloop
  endfacet
  facet normal 0 -1 0
    outer loop
      vertex -2.70228 -21 49.8056
      vertex -4.51544 -21 56
      vertex -6.5 -21 56
    endloop
  endfacet
  facet normal -0 -1 0
    outer loop
      vertex 0 -21 51.25
      vertex -4.51544 -21 56
      vertex -0.634043 -21 51.1876
    endloop
  endfacet
  facet normal 0 -1 0
    outer loop
      vertex 0.634043 -21 51.1876
      vertex 4.51544 -21 56
      vertex 0 -21 51.25
    endloop
  endfacet
  facet normal 0 -1 0
    outer loop
      vertex -4.51544 -21 56
      vertex 0 -21 51.25
      vertex 4.51544 -21 56
    endloop
  endfacet
  facet normal 0 -1 0
    outer loop
      vertex -4.51544 -21 56
      vertex -1.24372 -21 51.0026
      vertex -0.634043 -21 51.1876
    endloop
  endfacet
  facet normal 0 -1 0
    outer loop
      vertex -4.51544 -21 56
      vertex -1.8056 -21 50.7023
      vertex -1.24372 -21 51.0026
    endloop
  endfacet
  facet normal 0 -1 0
    outer loop
      vertex -4.51544 -21 56
      vertex -2.2981 -21 50.2981
      vertex -1.8056 -21 50.7023
    endloop
  endfacet
  facet normal 0 -1 0
    outer loop
      vertex -4.51544 -21 56
      vertex -2.70228 -21 49.8056
      vertex -2.2981 -21 50.2981
    endloop
  endfacet
  facet normal 0 -1 0
    outer loop
      vertex -6.5 -21 56
      vertex -3.00261 -21 49.2437
      vertex -2.70228 -21 49.8056
    endloop
  endfacet
  facet normal 0 -1 0
    outer loop
      vertex -6.5 -21 56
      vertex -3.18755 -21 48.634
      vertex -3.00261 -21 49.2437
    endloop
  endfacet
  facet normal 0 -1 0
    outer loop
      vertex -6.5 -21 56
      vertex -3.25 -21 48
      vertex -3.18755 -21 48.634
    endloop
  endfacet
  facet normal 0 -1 0
    outer loop
      vertex -6.5 -21 41.8
      vertex -3.25 -21 48
      vertex -6.5 -21 56
    endloop
  endfacet
  facet normal 0 -1 -0
    outer loop
      vertex -3.25 -21 48
      vertex -6.5 -21 41.8
      vertex -3.18755 -21 47.366
    endloop
  endfacet
  facet normal 0 -1 -0
    outer loop
      vertex -0.634043 -21 44.8124
      vertex -6.5 -21 41.8
      vertex 0 -21 44.75
    endloop
  endfacet
  facet normal 0 -1 -0
    outer loop
      vertex -1.24372 -21 44.9974
      vertex -6.5 -21 41.8
      vertex -0.634043 -21 44.8124
    endloop
  endfacet
  facet normal 0 -1 -0
    outer loop
      vertex -1.8056 -21 45.2977
      vertex -6.5 -21 41.8
      vertex -1.24372 -21 44.9974
    endloop
  endfacet
  facet normal 0 -1 -0
    outer loop
      vertex -2.2981 -21 45.7019
      vertex -6.5 -21 41.8
      vertex -1.8056 -21 45.2977
    endloop
  endfacet
  facet normal 0 -1 -0
    outer loop
      vertex -2.70228 -21 46.1944
      vertex -6.5 -21 41.8
      vertex -2.2981 -21 45.7019
    endloop
  endfacet
  facet normal 0 -1 -0
    outer loop
      vertex -3.00261 -21 46.7563
      vertex -6.5 -21 41.8
      vertex -2.70228 -21 46.1944
    endloop
  endfacet
  facet normal 0 -1 -0
    outer loop
      vertex -3.18755 -21 47.366
      vertex -6.5 -21 41.8
      vertex -3.00261 -21 46.7563
    endloop
  endfacet
  facet normal 0 -1 0
    outer loop
      vertex -4.51544 -21 56
      vertex 4.51544 -21 57.8
      vertex -4.51544 -21 57.8
    endloop
  endfacet
  facet normal 0 -1 -0
    outer loop
      vertex 4.51544 -21 57.8
      vertex -4.51544 -21 56
      vertex 4.51544 -21 56
    endloop
  endfacet
  facet normal 0 -1 0
    outer loop
      vertex 1.24372 -21 51.0026
      vertex 4.51544 -21 56
      vertex 0.634043 -21 51.1876
    endloop
  endfacet
  facet normal 0 -1 0
    outer loop
      vertex 1.8056 -21 50.7023
      vertex 4.51544 -21 56
      vertex 1.24372 -21 51.0026
    endloop
  endfacet
  facet normal 0 -1 0
    outer loop
      vertex 2.2981 -21 50.2981
      vertex 4.51544 -21 56
      vertex 1.8056 -21 50.7023
    endloop
  endfacet
  facet normal 0 -1 0
    outer loop
      vertex 2.70228 -21 49.8056
      vertex 4.51544 -21 56
      vertex 2.2981 -21 50.2981
    endloop
  endfacet
  facet normal 0 -1 -0
    outer loop
      vertex 4.51544 -21 56
      vertex 2.70228 -21 49.8056
      vertex 6.5 -21 56
    endloop
  endfacet
  facet normal 0 -1 0
    outer loop
      vertex 3.00261 -21 49.2437
      vertex 6.5 -21 56
      vertex 2.70228 -21 49.8056
    endloop
  endfacet
  facet normal 0 -1 0
    outer loop
      vertex 3.18755 -21 48.634
      vertex 6.5 -21 56
      vertex 3.00261 -21 49.2437
    endloop
  endfacet
  facet normal 0 -1 0
    outer loop
      vertex 3.25 -21 48
      vertex 6.5 -21 56
      vertex 3.18755 -21 48.634
    endloop
  endfacet
  facet normal 0 -1 0
    outer loop
      vertex 6.5 -21 41.8
      vertex 3.25 -21 48
      vertex 3.18755 -21 47.366
    endloop
  endfacet
  facet normal 0 -1 0
    outer loop
      vertex 6.5 -21 41.8
      vertex 3.18755 -21 47.366
      vertex 3.00261 -21 46.7563
    endloop
  endfacet
  facet normal 0 -1 0
    outer loop
      vertex 6.5 -21 41.8
      vertex 0 -21 44.75
      vertex -6.5 -21 41.8
    endloop
  endfacet
  facet normal 0 -1 0
    outer loop
      vertex 0 -21 44.75
      vertex 6.5 -21 41.8
      vertex 0.634043 -21 44.8124
    endloop
  endfacet
  facet normal 0 -1 0
    outer loop
      vertex 3.25 -21 48
      vertex 6.5 -21 41.8
      vertex 6.5 -21 56
    endloop
  endfacet
  facet normal 0 -1 0
    outer loop
      vertex 2.70228 -21 46.1944
      vertex 6.5 -21 41.8
      vertex 3.00261 -21 46.7563
    endloop
  endfacet
  facet normal 0 -1 0
    outer loop
      vertex 2.2981 -21 45.7019
      vertex 6.5 -21 41.8
      vertex 2.70228 -21 46.1944
    endloop
  endfacet
  facet normal 0 -1 0
    outer loop
      vertex 1.8056 -21 45.2977
      vertex 6.5 -21 41.8
      vertex 2.2981 -21 45.7019
    endloop
  endfacet
  facet normal 0 -1 0
    outer loop
      vertex 1.24372 -21 44.9974
      vertex 6.5 -21 41.8
      vertex 1.8056 -21 45.2977
    endloop
  endfacet
  facet normal 0 -1 0
    outer loop
      vertex 0.634043 -21 44.8124
      vertex 6.5 -21 41.8
      vertex 1.24372 -21 44.9974
    endloop
  endfacet
  facet normal -1 0 0
    outer loop
      vertex 6.5 -37 41.8
      vertex 6.5 -21 56
      vertex 6.5 -21 41.8
    endloop
  endfacet
  facet normal -1 -0 0
    outer loop
      vertex 6.5 -21 56
      vertex 6.5 -37 41.8
      vertex 6.5 -37 56
    endloop
  endfacet
  facet normal 1 -0 0
    outer loop
      vertex -6.5 -37 56
      vertex -6.5 -21 41.8
      vertex -6.5 -21 56
    endloop
  endfacet
  facet normal 1 0 0
    outer loop
      vertex -6.5 -21 41.8
      vertex -6.5 -37 56
      vertex -6.5 -37 41.8
    endloop
  endfacet
  facet normal 0 0 1
    outer loop
      vertex 18.4116 9.06513 57.4
      vertex 18.0888 8.56608 57.4
      vertex 18.1348 8.57156 57.4
    endloop
  endfacet
  facet normal 0 0 1
    outer loop
      vertex 18.4116 9.06513 57.4
      vertex 18.0735 8.56436 57.4
      vertex 18.0888 8.56608 57.4
    endloop
  endfacet
  facet normal 0 0 1
    outer loop
      vertex 18.4116 9.06513 57.4
      vertex 18.0577 8.56265 57.4
      vertex 18.0735 8.56436 57.4
    endloop
  endfacet
  facet normal 0 0 1
    outer loop
      vertex 18.4116 9.06513 57.4
      vertex 18.0248 8.55922 57.4
      vertex 18.0577 8.56265 57.4
    endloop
  endfacet
  facet normal 0 0 1
    outer loop
      vertex 18.4116 9.06513 57.4
      vertex 18.0078 8.5575 57.4
      vertex 18.0248 8.55922 57.4
    endloop
  endfacet
  facet normal 0 0 1
    outer loop
      vertex 18.4116 9.06513 57.4
      vertex 17.9723 8.55405 57.4
      vertex 18.0078 8.5575 57.4
    endloop
  endfacet
  facet normal 0 0 1
    outer loop
      vertex 18.4116 9.06513 57.4
      vertex 17.9351 8.5506 57.4
      vertex 17.9723 8.55405 57.4
    endloop
  endfacet
  facet normal 0 0 1
    outer loop
      vertex 18.4116 9.06513 57.4
      vertex 17.9158 8.54887 57.4
      vertex 17.9351 8.5506 57.4
    endloop
  endfacet
  facet normal 0 0 1
    outer loop
      vertex 18.4116 9.06513 57.4
      vertex 17.8874 8.5467 57.4
      vertex 17.9158 8.54887 57.4
    endloop
  endfacet
  facet normal 0 0 1
    outer loop
      vertex 18.4116 9.06513 57.4
      vertex 17.8412 8.54365 57.4
      vertex 17.8874 8.5467 57.4
    endloop
  endfacet
  facet normal 0 0 1
    outer loop
      vertex 18.4116 9.06513 57.4
      vertex 17.7772 8.53972 57.4
      vertex 17.8412 8.54365 57.4
    endloop
  endfacet
  facet normal 0 0 1
    outer loop
      vertex 18.4116 9.06513 57.4
      vertex 17.6954 8.53493 57.4
      vertex 17.7772 8.53972 57.4
    endloop
  endfacet
  facet normal 0 0 1
    outer loop
      vertex 18.4116 9.06513 57.4
      vertex 17.5957 8.52925 57.4
      vertex 17.6954 8.53493 57.4
    endloop
  endfacet
  facet normal 0 0 1
    outer loop
      vertex 18.4116 9.06513 57.4
      vertex 17.4783 8.52269 57.4
      vertex 17.5957 8.52925 57.4
    endloop
  endfacet
  facet normal 0 0 1
    outer loop
      vertex 18.4116 9.06513 57.4
      vertex 17.343 8.51525 57.4
      vertex 17.4783 8.52269 57.4
    endloop
  endfacet
  facet normal 0 0 1
    outer loop
      vertex 18.4116 9.06513 57.4
      vertex 17.1899 8.50695 57.4
      vertex 17.343 8.51525 57.4
    endloop
  endfacet
  facet normal 0 0 1
    outer loop
      vertex 18.4116 9.06513 57.4
      vertex 17.019 8.49776 57.4
      vertex 17.1899 8.50695 57.4
    endloop
  endfacet
  facet normal -0 0 1
    outer loop
      vertex 15.3621 8.96087 57.4
      vertex 17.019 8.49776 57.4
      vertex 18.4116 9.06513 57.4
    endloop
  endfacet
  facet normal 0 0 1
    outer loop
      vertex 16.8303 8.48769 57.4
      vertex 16.3613 8.443 57.4
      vertex 16.7705 7.43009 57.4
    endloop
  endfacet
  facet normal 0 0 1
    outer loop
      vertex 17.019 8.49776 57.4
      vertex 15.3621 8.96087 57.4
      vertex 16.8303 8.48769 57.4
    endloop
  endfacet
  facet normal 0 0 1
    outer loop
      vertex 16.8303 8.48769 57.4
      vertex 15.3621 8.96087 57.4
      vertex 16.3613 8.443 57.4
    endloop
  endfacet
  facet normal 0 0 1
    outer loop
      vertex 16.3613 8.443 57.4
      vertex 15.3621 8.96087 57.4
      vertex 15.587 8.40443 57.4
    endloop
  endfacet
  facet normal -0 0 1
    outer loop
      vertex 18.1348 8.57156 57.4
      vertex 18.6768 8.4087 57.4
      vertex 18.4116 9.06513 57.4
    endloop
  endfacet
  facet normal -0 0 1
    outer loop
      vertex 18.0207 8.47932 57.4
      vertex 18.6768 8.4087 57.4
      vertex 18.1348 8.57156 57.4
    endloop
  endfacet
  facet normal 0 0 1
    outer loop
      vertex 17.7969 8.2946 57.4
      vertex 18.6768 8.4087 57.4
      vertex 18.0207 8.47932 57.4
    endloop
  endfacet
  facet normal 0 0 1
    outer loop
      vertex 17.1389 7.72377 57.4
      vertex 18.6768 8.4087 57.4
      vertex 17.7969 8.2946 57.4
    endloop
  endfacet
  facet normal 0 0 1
    outer loop
      vertex 16.7705 7.43009 57.4
      vertex 17.1389 7.72377 57.4
      vertex 16.8303 8.48769 57.4
    endloop
  endfacet
  facet normal 0 0 1
    outer loop
      vertex 16.4092 6.36918 57.4
      vertex 17.1389 7.72377 57.4
      vertex 16.7705 7.43009 57.4
    endloop
  endfacet
  facet normal -0 0 1
    outer loop
      vertex 17.1389 7.72377 57.4
      vertex 16.4092 6.36918 57.4
      vertex 18.6768 8.4087 57.4
    endloop
  endfacet
  facet normal 0 -0 1
    outer loop
      vertex 16.4092 6.36918 57.4
      vertex 16.7705 7.43009 57.4
      vertex 16.1867 6.91994 57.4
    endloop
  endfacet
  facet normal 0 0 1
    outer loop
      vertex 17.9854 6.77465 57.4
      vertex 17.5629 6.60395 57.4
      vertex 17.8669 5.85135 57.4
    endloop
  endfacet
  facet normal 0 0 1
    outer loop
      vertex 19.059 6.33299 57.4
      vertex 18.4617 5.59575 57.4
      vertex 19.2313 5.90669 57.4
    endloop
  endfacet
  facet normal -0 0 1
    outer loop
      vertex 18.2894 6.02205 57.4
      vertex 18.4617 5.59575 57.4
      vertex 19.059 6.33299 57.4
    endloop
  endfacet
  facet normal 0 0 1
    outer loop
      vertex 18.0392 5.42505 57.4
      vertex 18.4617 5.59575 57.4
      vertex 18.2894 6.02205 57.4
    endloop
  endfacet
  facet normal 0 0 1
    outer loop
      vertex 18.4617 5.59575 57.4
      vertex 18.0392 5.42505 57.4
      vertex 18.3455 4.66679 57.4
    endloop
  endfacet
  facet normal 0 0 1
    outer loop
      vertex 17.8669 5.85135 57.4
      vertex 18.2894 6.02205 57.4
      vertex 17.9854 6.77465 57.4
    endloop
  endfacet
  facet normal 0 0 1
    outer loop
      vertex 18.2894 6.02205 57.4
      vertex 17.8669 5.85135 57.4
      vertex 18.0392 5.42505 57.4
    endloop
  endfacet
  facet normal 0 0 1
    outer loop
      vertex 17.8669 5.85135 57.4
      vertex 17.2696 5.11412 57.4
      vertex 18.0392 5.42505 57.4
    endloop
  endfacet
  facet normal 0 -0 1
    outer loop
      vertex 17.2696 5.11412 57.4
      vertex 17.8669 5.85135 57.4
      vertex 17.0973 5.54042 57.4
    endloop
  endfacet
  facet normal 0 0 1
    outer loop
      vertex 18.768 4.83749 57.4
      vertex 18.4617 5.59575 57.4
      vertex 18.3455 4.66679 57.4
    endloop
  endfacet
  facet normal 0.927197 0.374573 0
    outer loop
      vertex 16.7705 7.43009 58
      vertex 16.3613 8.443 57.4
      vertex 16.3613 8.443 58
    endloop
  endfacet
  facet normal 0.927197 0.374573 0
    outer loop
      vertex 16.3613 8.443 57.4
      vertex 16.7705 7.43009 58
      vertex 16.7705 7.43009 57.4
    endloop
  endfacet
  facet normal 0.658011 -0.753008 0
    outer loop
      vertex 16.1867 6.91994 57.4
      vertex 16.7705 7.43009 58
      vertex 16.1867 6.91994 58
    endloop
  endfacet
  facet normal 0.658011 -0.753008 0
    outer loop
      vertex 16.7705 7.43009 58
      vertex 16.1867 6.91994 57.4
      vertex 16.7705 7.43009 57.4
    endloop
  endfacet
  facet normal 0.927196 0.374576 0
    outer loop
      vertex 16.4092 6.36918 58
      vertex 16.1867 6.91994 57.4
      vertex 16.1867 6.91994 58
    endloop
  endfacet
  facet normal 0.927196 0.374576 0
    outer loop
      vertex 16.1867 6.91994 57.4
      vertex 16.4092 6.36918 58
      vertex 16.4092 6.36918 57.4
    endloop
  endfacet
  facet normal -0.668726 0.743509 0
    outer loop
      vertex 18.6768 8.4087 57.4
      vertex 16.4092 6.36918 58
      vertex 18.6768 8.4087 58
    endloop
  endfacet
  facet normal -0.668726 0.743509 0
    outer loop
      vertex 16.4092 6.36918 58
      vertex 18.6768 8.4087 57.4
      vertex 16.4092 6.36918 57.4
    endloop
  endfacet
  facet normal -0.927191 -0.374588 0
    outer loop
      vertex 18.6768 8.4087 57.4
      vertex 18.4116 9.06513 58
      vertex 18.4116 9.06513 57.4
    endloop
  endfacet
  facet normal -0.927191 -0.374588 0
    outer loop
      vertex 18.4116 9.06513 58
      vertex 18.6768 8.4087 57.4
      vertex 18.6768 8.4087 58
    endloop
  endfacet
  facet normal 0.0341692 -0.999416 0
    outer loop
      vertex 15.3621 8.96087 57.4
      vertex 18.4116 9.06513 58
      vertex 15.3621 8.96087 58
    endloop
  endfacet
  facet normal 0.0341692 -0.999416 0
    outer loop
      vertex 18.4116 9.06513 58
      vertex 15.3621 8.96087 57.4
      vertex 18.4116 9.06513 57.4
    endloop
  endfacet
  facet normal 0.927135 0.374726 0
    outer loop
      vertex 15.587 8.40443 58
      vertex 15.3621 8.96087 57.4
      vertex 15.3621 8.96087 58
    endloop
  endfacet
  facet normal 0.927135 0.374726 0
    outer loop
      vertex 15.3621 8.96087 57.4
      vertex 15.587 8.40443 58
      vertex 15.587 8.40443 57.4
    endloop
  endfacet
  facet normal -0.049751 0.998762 0
    outer loop
      vertex 16.3613 8.443 57.4
      vertex 15.587 8.40443 58
      vertex 16.3613 8.443 58
    endloop
  endfacet
  facet normal -0.049751 0.998762 0
    outer loop
      vertex 15.587 8.40443 58
      vertex 16.3613 8.443 57.4
      vertex 15.587 8.40443 57.4
    endloop
  endfacet
  facet normal -0.0532893 0.998579 0
    outer loop
      vertex 17.019 8.49776 57.4
      vertex 16.8303 8.48769 58
      vertex 17.019 8.49776 58
    endloop
  endfacet
  facet normal -0.0532893 0.998579 0
    outer loop
      vertex 16.8303 8.48769 58
      vertex 17.019 8.49776 57.4
      vertex 16.8303 8.48769 57.4
    endloop
  endfacet
  facet normal -0.0536966 0.998557 0
    outer loop
      vertex 17.1899 8.50695 57.4
      vertex 17.019 8.49776 58
      vertex 17.1899 8.50695 58
    endloop
  endfacet
  facet normal -0.0536966 0.998557 0
    outer loop
      vertex 17.019 8.49776 58
      vertex 17.1899 8.50695 57.4
      vertex 17.019 8.49776 57.4
    endloop
  endfacet
  facet normal -0.0541334 0.998534 0
    outer loop
      vertex 17.343 8.51525 57.4
      vertex 17.1899 8.50695 58
      vertex 17.343 8.51525 58
    endloop
  endfacet
  facet normal -0.0541334 0.998534 0
    outer loop
      vertex 17.1899 8.50695 58
      vertex 17.343 8.51525 57.4
      vertex 17.1899 8.50695 57.4
    endloop
  endfacet
  facet normal -0.054906 0.998492 0
    outer loop
      vertex 17.4783 8.52269 57.4
      vertex 17.343 8.51525 58
      vertex 17.4783 8.52269 58
    endloop
  endfacet
  facet normal -0.054906 0.998492 0
    outer loop
      vertex 17.343 8.51525 58
      vertex 17.4783 8.52269 57.4
      vertex 17.343 8.51525 57.4
    endloop
  endfacet
  facet normal -0.0557903 0.998443 0
    outer loop
      vertex 17.5957 8.52925 57.4
      vertex 17.4783 8.52269 58
      vertex 17.5957 8.52925 58
    endloop
  endfacet
  facet normal -0.0557903 0.998443 0
    outer loop
      vertex 17.4783 8.52269 58
      vertex 17.5957 8.52925 57.4
      vertex 17.4783 8.52269 57.4
    endloop
  endfacet
  facet normal -0.0568787 0.998381 0
    outer loop
      vertex 17.6954 8.53493 57.4
      vertex 17.5957 8.52925 58
      vertex 17.6954 8.53493 58
    endloop
  endfacet
  facet normal -0.0568787 0.998381 0
    outer loop
      vertex 17.5957 8.52925 58
      vertex 17.6954 8.53493 57.4
      vertex 17.5957 8.52925 57.4
    endloop
  endfacet
  facet normal -0.0584573 0.99829 0
    outer loop
      vertex 17.7772 8.53972 57.4
      vertex 17.6954 8.53493 58
      vertex 17.7772 8.53972 58
    endloop
  endfacet
  facet normal -0.0584573 0.99829 0
    outer loop
      vertex 17.6954 8.53493 58
      vertex 17.7772 8.53972 57.4
      vertex 17.6954 8.53493 57.4
    endloop
  endfacet
  facet normal -0.0612908 0.99812 0
    outer loop
      vertex 17.8412 8.54365 57.4
      vertex 17.7772 8.53972 58
      vertex 17.8412 8.54365 58
    endloop
  endfacet
  facet normal -0.0612908 0.99812 0
    outer loop
      vertex 17.7772 8.53972 58
      vertex 17.8412 8.54365 57.4
      vertex 17.7772 8.53972 57.4
    endloop
  endfacet
  facet normal -0.0658739 0.997828 0
    outer loop
      vertex 17.8874 8.5467 57.4
      vertex 17.8412 8.54365 58
      vertex 17.8874 8.5467 58
    endloop
  endfacet
  facet normal -0.0658739 0.997828 0
    outer loop
      vertex 17.8412 8.54365 58
      vertex 17.8874 8.5467 57.4
      vertex 17.8412 8.54365 57.4
    endloop
  endfacet
  facet normal -0.0761864 0.997094 0
    outer loop
      vertex 17.9158 8.54887 57.4
      vertex 17.8874 8.5467 58
      vertex 17.9158 8.54887 58
    endloop
  endfacet
  facet normal -0.0761864 0.997094 0
    outer loop
      vertex 17.8874 8.5467 58
      vertex 17.9158 8.54887 57.4
      vertex 17.8874 8.5467 57.4
    endloop
  endfacet
  facet normal -0.0892794 0.996007 0
    outer loop
      vertex 17.9351 8.5506 57.4
      vertex 17.9158 8.54887 58
      vertex 17.9351 8.5506 58
    endloop
  endfacet
  facet normal -0.0892794 0.996007 0
    outer loop
      vertex 17.9158 8.54887 58
      vertex 17.9351 8.5506 57.4
      vertex 17.9158 8.54887 57.4
    endloop
  endfacet
  facet normal -0.0923457 0.995727 0
    outer loop
      vertex 17.9723 8.55405 57.4
      vertex 17.9351 8.5506 58
      vertex 17.9723 8.55405 58
    endloop
  endfacet
  facet normal -0.0923457 0.995727 0
    outer loop
      vertex 17.9351 8.5506 58
      vertex 17.9723 8.55405 57.4
      vertex 17.9351 8.5506 57.4
    endloop
  endfacet
  facet normal -0.0967274 0.995311 0
    outer loop
      vertex 18.0078 8.5575 57.4
      vertex 17.9723 8.55405 58
      vertex 18.0078 8.5575 58
    endloop
  endfacet
  facet normal -0.0967274 0.995311 0
    outer loop
      vertex 17.9723 8.55405 58
      vertex 18.0078 8.5575 57.4
      vertex 17.9723 8.55405 57.4
    endloop
  endfacet
  facet normal -0.100663 0.994921 0
    outer loop
      vertex 18.0248 8.55922 57.4
      vertex 18.0078 8.5575 58
      vertex 18.0248 8.55922 58
    endloop
  endfacet
  facet normal -0.100663 0.994921 0
    outer loop
      vertex 18.0078 8.5575 58
      vertex 18.0248 8.55922 57.4
      vertex 18.0078 8.5575 57.4
    endloop
  endfacet
  facet normal -0.103693 0.994609 0
    outer loop
      vertex 18.0577 8.56265 57.4
      vertex 18.0248 8.55922 58
      vertex 18.0577 8.56265 58
    endloop
  endfacet
  facet normal -0.103693 0.994609 0
    outer loop
      vertex 18.0248 8.55922 58
      vertex 18.0577 8.56265 57.4
      vertex 18.0248 8.55922 57.4
    endloop
  endfacet
  facet normal -0.1076 0.994194 0
    outer loop
      vertex 18.0735 8.56436 57.4
      vertex 18.0577 8.56265 58
      vertex 18.0735 8.56436 58
    endloop
  endfacet
  facet normal -0.1076 0.994194 0
    outer loop
      vertex 18.0577 8.56265 58
      vertex 18.0735 8.56436 57.4
      vertex 18.0577 8.56265 57.4
    endloop
  endfacet
  facet normal -0.111715 0.99374 0
    outer loop
      vertex 18.0888 8.56608 57.4
      vertex 18.0735 8.56436 58
      vertex 18.0888 8.56608 58
    endloop
  endfacet
  facet normal -0.111715 0.99374 0
    outer loop
      vertex 18.0735 8.56436 58
      vertex 18.0888 8.56608 57.4
      vertex 18.0735 8.56436 57.4
    endloop
  endfacet
  facet normal -0.118294 0.992979 0
    outer loop
      vertex 18.1348 8.57156 57.4
      vertex 18.0888 8.56608 58
      vertex 18.1348 8.57156 58
    endloop
  endfacet
  facet normal -0.118294 0.992979 0
    outer loop
      vertex 18.0888 8.56608 58
      vertex 18.1348 8.57156 57.4
      vertex 18.0888 8.56608 57.4
    endloop
  endfacet
  facet normal 0.628677 -0.777667 0
    outer loop
      vertex 18.0207 8.47932 57.4
      vertex 18.1348 8.57156 58
      vertex 18.0207 8.47932 58
    endloop
  endfacet
  facet normal 0.628677 -0.777667 0
    outer loop
      vertex 18.1348 8.57156 58
      vertex 18.0207 8.47932 57.4
      vertex 18.1348 8.57156 57.4
    endloop
  endfacet
  facet normal 0.636557 -0.771229 0
    outer loop
      vertex 17.7969 8.2946 57.4
      vertex 18.0207 8.47932 58
      vertex 17.7969 8.2946 58
    endloop
  endfacet
  facet normal 0.636557 -0.771229 0
    outer loop
      vertex 18.0207 8.47932 58
      vertex 17.7969 8.2946 57.4
      vertex 18.0207 8.47932 57.4
    endloop
  endfacet
  facet normal 0.6553 -0.755369 0
    outer loop
      vertex 17.1389 7.72377 57.4
      vertex 17.7969 8.2946 58
      vertex 17.1389 7.72377 58
    endloop
  endfacet
  facet normal 0.6553 -0.755369 0
    outer loop
      vertex 17.7969 8.2946 58
      vertex 17.1389 7.72377 57.4
      vertex 17.7969 8.2946 57.4
    endloop
  endfacet
  facet normal -0.927202 -0.374561 0
    outer loop
      vertex 17.1389 7.72377 57.4
      vertex 16.8303 8.48769 58
      vertex 16.8303 8.48769 57.4
    endloop
  endfacet
  facet normal -0.927202 -0.374561 0
    outer loop
      vertex 16.8303 8.48769 58
      vertex 17.1389 7.72377 57.4
      vertex 17.1389 7.72377 58
    endloop
  endfacet
  facet normal 0.927208 0.374547 0
    outer loop
      vertex 18.3455 4.66679 58
      vertex 18.0392 5.42505 57.4
      vertex 18.0392 5.42505 58
    endloop
  endfacet
  facet normal 0.927208 0.374547 0
    outer loop
      vertex 18.0392 5.42505 57.4
      vertex 18.3455 4.66679 58
      vertex 18.3455 4.66679 57.4
    endloop
  endfacet
  facet normal -0.374605 0.927185 0
    outer loop
      vertex 18.768 4.83749 57.4
      vertex 18.3455 4.66679 58
      vertex 18.768 4.83749 58
    endloop
  endfacet
  facet normal -0.374605 0.927185 0
    outer loop
      vertex 18.3455 4.66679 58
      vertex 18.768 4.83749 57.4
      vertex 18.3455 4.66679 57.4
    endloop
  endfacet
  facet normal -0.927208 -0.374547 0
    outer loop
      vertex 18.768 4.83749 57.4
      vertex 18.4617 5.59575 58
      vertex 18.4617 5.59575 57.4
    endloop
  endfacet
  facet normal -0.927208 -0.374547 0
    outer loop
      vertex 18.4617 5.59575 58
      vertex 18.768 4.83749 57.4
      vertex 18.768 4.83749 58
    endloop
  endfacet
  facet normal -0.374608 0.927183 0
    outer loop
      vertex 19.2313 5.90669 57.4
      vertex 18.4617 5.59575 58
      vertex 19.2313 5.90669 58
    endloop
  endfacet
  facet normal -0.374608 0.927183 0
    outer loop
      vertex 18.4617 5.59575 58
      vertex 19.2313 5.90669 57.4
      vertex 18.4617 5.59575 57.4
    endloop
  endfacet
  facet normal -0.927136 -0.374726 0
    outer loop
      vertex 19.2313 5.90669 57.4
      vertex 19.059 6.33299 58
      vertex 19.059 6.33299 57.4
    endloop
  endfacet
  facet normal -0.927136 -0.374726 0
    outer loop
      vertex 19.059 6.33299 58
      vertex 19.2313 5.90669 57.4
      vertex 19.2313 5.90669 58
    endloop
  endfacet
  facet normal 0.374608 -0.927183 0
    outer loop
      vertex 18.2894 6.02205 57.4
      vertex 19.059 6.33299 58
      vertex 18.2894 6.02205 58
    endloop
  endfacet
  facet normal 0.374608 -0.927183 0
    outer loop
      vertex 19.059 6.33299 58
      vertex 18.2894 6.02205 57.4
      vertex 19.059 6.33299 57.4
    endloop
  endfacet
  facet normal -0.927214 -0.374532 0
    outer loop
      vertex 18.2894 6.02205 57.4
      vertex 17.9854 6.77465 58
      vertex 17.9854 6.77465 57.4
    endloop
  endfacet
  facet normal -0.927214 -0.374532 0
    outer loop
      vertex 17.9854 6.77465 58
      vertex 18.2894 6.02205 57.4
      vertex 18.2894 6.02205 58
    endloop
  endfacet
  facet normal 0.374605 -0.927185 0
    outer loop
      vertex 17.5629 6.60395 57.4
      vertex 17.9854 6.77465 58
      vertex 17.5629 6.60395 58
    endloop
  endfacet
  facet normal 0.374605 -0.927185 0
    outer loop
      vertex 17.9854 6.77465 58
      vertex 17.5629 6.60395 57.4
      vertex 17.9854 6.77465 57.4
    endloop
  endfacet
  facet normal 0.927214 0.374532 0
    outer loop
      vertex 17.8669 5.85135 58
      vertex 17.5629 6.60395 57.4
      vertex 17.5629 6.60395 58
    endloop
  endfacet
  facet normal 0.927214 0.374532 0
    outer loop
      vertex 17.5629 6.60395 57.4
      vertex 17.8669 5.85135 58
      vertex 17.8669 5.85135 57.4
    endloop
  endfacet
  facet normal 0.374598 -0.927187 0
    outer loop
      vertex 17.0973 5.54042 57.4
      vertex 17.8669 5.85135 58
      vertex 17.0973 5.54042 58
    endloop
  endfacet
  facet normal 0.374598 -0.927187 0
    outer loop
      vertex 17.8669 5.85135 58
      vertex 17.0973 5.54042 57.4
      vertex 17.8669 5.85135 57.4
    endloop
  endfacet
  facet normal 0.927136 0.374726 0
    outer loop
      vertex 17.2696 5.11412 58
      vertex 17.0973 5.54042 57.4
      vertex 17.0973 5.54042 58
    endloop
  endfacet
  facet normal 0.927136 0.374726 0
    outer loop
      vertex 17.0973 5.54042 57.4
      vertex 17.2696 5.11412 58
      vertex 17.2696 5.11412 57.4
    endloop
  endfacet
  facet normal -0.374598 0.927187 0
    outer loop
      vertex 18.0392 5.42505 57.4
      vertex 17.2696 5.11412 58
      vertex 18.0392 5.42505 58
    endloop
  endfacet
  facet normal -0.374598 0.927187 0
    outer loop
      vertex 17.2696 5.11412 58
      vertex 18.0392 5.42505 57.4
      vertex 17.2696 5.11412 57.4
    endloop
  endfacet
  facet normal -0 0 1
    outer loop
      vertex -16.5525 -7.96956 57.4
      vertex -15.5534 -8.48745 57.4
      vertex -15.7782 -7.93099 57.4
    endloop
  endfacet
  facet normal 0 0 1
    outer loop
      vertex -17.0216 -8.01427 57.4
      vertex -16.5525 -7.96956 57.4
      vertex -16.9618 -6.95665 57.4
    endloop
  endfacet
  facet normal -0 0 1
    outer loop
      vertex -17.0216 -8.01427 57.4
      vertex -15.5534 -8.48745 57.4
      vertex -16.5525 -7.96956 57.4
    endloop
  endfacet
  facet normal -0 0 1
    outer loop
      vertex -17.2103 -8.02433 57.4
      vertex -15.5534 -8.48745 57.4
      vertex -17.0216 -8.01427 57.4
    endloop
  endfacet
  facet normal 0 0 1
    outer loop
      vertex -18.6028 -8.59169 57.4
      vertex -17.2103 -8.02433 57.4
      vertex -17.3812 -8.03351 57.4
    endloop
  endfacet
  facet normal 0 0 1
    outer loop
      vertex -18.6028 -8.59169 57.4
      vertex -17.3812 -8.03351 57.4
      vertex -17.5343 -8.04183 57.4
    endloop
  endfacet
  facet normal 0 0 1
    outer loop
      vertex -18.6028 -8.59169 57.4
      vertex -17.5343 -8.04183 57.4
      vertex -17.6695 -8.04925 57.4
    endloop
  endfacet
  facet normal 0 0 1
    outer loop
      vertex -18.6028 -8.59169 57.4
      vertex -17.6695 -8.04925 57.4
      vertex -17.787 -8.05581 57.4
    endloop
  endfacet
  facet normal 0 0 1
    outer loop
      vertex -18.6028 -8.59169 57.4
      vertex -17.787 -8.05581 57.4
      vertex -17.8866 -8.06149 57.4
    endloop
  endfacet
  facet normal 0 0 1
    outer loop
      vertex -18.6028 -8.59169 57.4
      vertex -17.8866 -8.06149 57.4
      vertex -17.9685 -8.0663 57.4
    endloop
  endfacet
  facet normal 0 0 1
    outer loop
      vertex -18.6028 -8.59169 57.4
      vertex -17.9685 -8.0663 57.4
      vertex -18.0325 -8.07022 57.4
    endloop
  endfacet
  facet normal 0 0 1
    outer loop
      vertex -18.6028 -8.59169 57.4
      vertex -18.0325 -8.07022 57.4
      vertex -18.0787 -8.07326 57.4
    endloop
  endfacet
  facet normal 0 0 1
    outer loop
      vertex -18.6028 -8.59169 57.4
      vertex -18.0787 -8.07326 57.4
      vertex -18.1071 -8.07543 57.4
    endloop
  endfacet
  facet normal 0 0 1
    outer loop
      vertex -18.6028 -8.59169 57.4
      vertex -18.1071 -8.07543 57.4
      vertex -18.1263 -8.07716 57.4
    endloop
  endfacet
  facet normal 0 0 1
    outer loop
      vertex -18.6028 -8.59169 57.4
      vertex -18.1263 -8.07716 57.4
      vertex -18.1636 -8.08062 57.4
    endloop
  endfacet
  facet normal 0 0 1
    outer loop
      vertex -18.6028 -8.59169 57.4
      vertex -18.1636 -8.08062 57.4
      vertex -18.199 -8.08406 57.4
    endloop
  endfacet
  facet normal 0 0 1
    outer loop
      vertex -18.6028 -8.59169 57.4
      vertex -18.199 -8.08406 57.4
      vertex -18.2161 -8.08578 57.4
    endloop
  endfacet
  facet normal 0 0 1
    outer loop
      vertex -18.6028 -8.59169 57.4
      vertex -18.2161 -8.08578 57.4
      vertex -18.2328 -8.0875 57.4
    endloop
  endfacet
  facet normal 0 0 1
    outer loop
      vertex -18.6028 -8.59169 57.4
      vertex -18.2328 -8.0875 57.4
      vertex -18.2647 -8.09094 57.4
    endloop
  endfacet
  facet normal 0 0 1
    outer loop
      vertex -18.6028 -8.59169 57.4
      vertex -18.2647 -8.09094 57.4
      vertex -18.2801 -8.09264 57.4
    endloop
  endfacet
  facet normal 0 0 1
    outer loop
      vertex -18.6028 -8.59169 57.4
      vertex -18.2801 -8.09264 57.4
      vertex -18.3261 -8.09812 57.4
    endloop
  endfacet
  facet normal 0 0 1
    outer loop
      vertex -17.2103 -8.02433 57.4
      vertex -18.6028 -8.59169 57.4
      vertex -15.5534 -8.48745 57.4
    endloop
  endfacet
  facet normal 0 0 1
    outer loop
      vertex -16.6005 -5.89574 57.4
      vertex -16.9618 -6.95665 57.4
      vertex -16.378 -6.44653 57.4
    endloop
  endfacet
  facet normal 0 0 1
    outer loop
      vertex -16.9618 -6.95665 57.4
      vertex -17.3302 -7.25034 57.4
      vertex -17.0216 -8.01427 57.4
    endloop
  endfacet
  facet normal 0 0 1
    outer loop
      vertex -16.6005 -5.89574 57.4
      vertex -17.3302 -7.25034 57.4
      vertex -16.9618 -6.95665 57.4
    endloop
  endfacet
  facet normal 0 0 1
    outer loop
      vertex -18.868 -7.93528 57.4
      vertex -17.3302 -7.25034 57.4
      vertex -16.6005 -5.89574 57.4
    endloop
  endfacet
  facet normal 0 0 1
    outer loop
      vertex -17.3302 -7.25034 57.4
      vertex -18.868 -7.93528 57.4
      vertex -17.9882 -7.82116 57.4
    endloop
  endfacet
  facet normal 0 0 1
    outer loop
      vertex -17.9882 -7.82116 57.4
      vertex -18.868 -7.93528 57.4
      vertex -18.212 -8.00589 57.4
    endloop
  endfacet
  facet normal 0 0 1
    outer loop
      vertex -18.3261 -8.09812 57.4
      vertex -18.868 -7.93528 57.4
      vertex -18.6028 -8.59169 57.4
    endloop
  endfacet
  facet normal 0 0 1
    outer loop
      vertex -18.212 -8.00589 57.4
      vertex -18.868 -7.93528 57.4
      vertex -18.3261 -8.09812 57.4
    endloop
  endfacet
  facet normal 0 0 1
    outer loop
      vertex -17.844 -5.03905 57.4
      vertex -17.908 -6.20587 57.4
      vertex -17.4478 -6.01991 57.4
    endloop
  endfacet
  facet normal 0 -0 1
    outer loop
      vertex -17.908 -6.20587 57.4
      vertex -17.844 -5.03905 57.4
      vertex -18.3043 -5.22501 57.4
    endloop
  endfacet
  facet normal -0.927165 -0.374652 0
    outer loop
      vertex -16.5525 -7.96956 57.4
      vertex -16.9618 -6.95665 58
      vertex -16.9618 -6.95665 57.4
    endloop
  endfacet
  facet normal -0.927165 -0.374652 0
    outer loop
      vertex -16.9618 -6.95665 58
      vertex -16.5525 -7.96956 57.4
      vertex -16.5525 -7.96956 58
    endloop
  endfacet
  facet normal -0.657989 0.753027 0
    outer loop
      vertex -16.378 -6.44653 57.4
      vertex -16.9618 -6.95665 58
      vertex -16.378 -6.44653 58
    endloop
  endfacet
  facet normal -0.657989 0.753027 0
    outer loop
      vertex -16.9618 -6.95665 58
      vertex -16.378 -6.44653 57.4
      vertex -16.9618 -6.95665 57.4
    endloop
  endfacet
  facet normal -0.927204 -0.374558 0
    outer loop
      vertex -16.378 -6.44653 57.4
      vertex -16.6005 -5.89574 58
      vertex -16.6005 -5.89574 57.4
    endloop
  endfacet
  facet normal -0.927204 -0.374558 0
    outer loop
      vertex -16.6005 -5.89574 58
      vertex -16.378 -6.44653 57.4
      vertex -16.378 -6.44653 58
    endloop
  endfacet
  facet normal 0.668746 -0.743491 0
    outer loop
      vertex -18.868 -7.93528 57.4
      vertex -16.6005 -5.89574 58
      vertex -18.868 -7.93528 58
    endloop
  endfacet
  facet normal 0.668746 -0.743491 0
    outer loop
      vertex -16.6005 -5.89574 58
      vertex -18.868 -7.93528 57.4
      vertex -16.6005 -5.89574 57.4
    endloop
  endfacet
  facet normal 0.927187 0.374598 0
    outer loop
      vertex -18.6028 -8.59169 58
      vertex -18.868 -7.93528 57.4
      vertex -18.868 -7.93528 58
    endloop
  endfacet
  facet normal 0.927187 0.374598 0
    outer loop
      vertex -18.868 -7.93528 57.4
      vertex -18.6028 -8.59169 58
      vertex -18.6028 -8.59169 57.4
    endloop
  endfacet
  facet normal -0.0341638 0.999416 0
    outer loop
      vertex -15.5534 -8.48745 57.4
      vertex -18.6028 -8.59169 58
      vertex -15.5534 -8.48745 58
    endloop
  endfacet
  facet normal -0.0341638 0.999416 0
    outer loop
      vertex -18.6028 -8.59169 58
      vertex -15.5534 -8.48745 57.4
      vertex -18.6028 -8.59169 57.4
    endloop
  endfacet
  facet normal -0.927198 -0.374572 0
    outer loop
      vertex -15.5534 -8.48745 57.4
      vertex -15.7782 -7.93099 58
      vertex -15.7782 -7.93099 57.4
    endloop
  endfacet
  facet normal -0.927198 -0.374572 0
    outer loop
      vertex -15.7782 -7.93099 58
      vertex -15.5534 -8.48745 57.4
      vertex -15.5534 -8.48745 58
    endloop
  endfacet
  facet normal 0.049751 -0.998762 0
    outer loop
      vertex -16.5525 -7.96956 57.4
      vertex -15.7782 -7.93099 58
      vertex -16.5525 -7.96956 58
    endloop
  endfacet
  facet normal 0.049751 -0.998762 0
    outer loop
      vertex -15.7782 -7.93099 58
      vertex -16.5525 -7.96956 57.4
      vertex -15.7782 -7.93099 57.4
    endloop
  endfacet
  facet normal 0.0532365 -0.998582 0
    outer loop
      vertex -17.2103 -8.02433 57.4
      vertex -17.0216 -8.01427 58
      vertex -17.2103 -8.02433 58
    endloop
  endfacet
  facet normal 0.0532365 -0.998582 0
    outer loop
      vertex -17.0216 -8.01427 58
      vertex -17.2103 -8.02433 57.4
      vertex -17.0216 -8.01427 57.4
    endloop
  endfacet
  facet normal 0.0536383 -0.99856 0
    outer loop
      vertex -17.3812 -8.03351 57.4
      vertex -17.2103 -8.02433 58
      vertex -17.3812 -8.03351 58
    endloop
  endfacet
  facet normal 0.0536383 -0.99856 0
    outer loop
      vertex -17.2103 -8.02433 58
      vertex -17.3812 -8.03351 57.4
      vertex -17.2103 -8.02433 57.4
    endloop
  endfacet
  facet normal 0.0542635 -0.998527 0
    outer loop
      vertex -17.5343 -8.04183 57.4
      vertex -17.3812 -8.03351 58
      vertex -17.5343 -8.04183 58
    endloop
  endfacet
  facet normal 0.0542635 -0.998527 0
    outer loop
      vertex -17.3812 -8.03351 58
      vertex -17.5343 -8.04183 57.4
      vertex -17.3812 -8.03351 57.4
    endloop
  endfacet
  facet normal 0.0547992 -0.998497 0
    outer loop
      vertex -17.6695 -8.04925 57.4
      vertex -17.5343 -8.04183 58
      vertex -17.6695 -8.04925 58
    endloop
  endfacet
  facet normal 0.0547992 -0.998497 0
    outer loop
      vertex -17.5343 -8.04183 58
      vertex -17.6695 -8.04925 57.4
      vertex -17.5343 -8.04183 57.4
    endloop
  endfacet
  facet normal 0.055743 -0.998445 0
    outer loop
      vertex -17.787 -8.05581 57.4
      vertex -17.6695 -8.04925 58
      vertex -17.787 -8.05581 58
    endloop
  endfacet
  facet normal 0.055743 -0.998445 0
    outer loop
      vertex -17.6695 -8.04925 58
      vertex -17.787 -8.05581 57.4
      vertex -17.6695 -8.04925 57.4
    endloop
  endfacet
  facet normal 0.0569356 -0.998378 0
    outer loop
      vertex -17.8866 -8.06149 57.4
      vertex -17.787 -8.05581 58
      vertex -17.8866 -8.06149 58
    endloop
  endfacet
  facet normal 0.0569356 -0.998378 0
    outer loop
      vertex -17.787 -8.05581 58
      vertex -17.8866 -8.06149 57.4
      vertex -17.787 -8.05581 57.4
    endloop
  endfacet
  facet normal 0.0586291 -0.99828 0
    outer loop
      vertex -17.9685 -8.0663 57.4
      vertex -17.8866 -8.06149 58
      vertex -17.9685 -8.0663 58
    endloop
  endfacet
  facet normal 0.0586291 -0.99828 0
    outer loop
      vertex -17.8866 -8.06149 58
      vertex -17.9685 -8.0663 57.4
      vertex -17.8866 -8.06149 57.4
    endloop
  endfacet
  facet normal 0.0611354 -0.998129 0
    outer loop
      vertex -18.0325 -8.07022 57.4
      vertex -17.9685 -8.0663 58
      vertex -18.0325 -8.07022 58
    endloop
  endfacet
  facet normal 0.0611354 -0.998129 0
    outer loop
      vertex -17.9685 -8.0663 58
      vertex -18.0325 -8.07022 57.4
      vertex -17.9685 -8.0663 57.4
    endloop
  endfacet
  facet normal 0.0656589 -0.997842 0
    outer loop
      vertex -18.0787 -8.07326 57.4
      vertex -18.0325 -8.07022 58
      vertex -18.0787 -8.07326 58
    endloop
  endfacet
  facet normal 0.0656589 -0.997842 0
    outer loop
      vertex -18.0325 -8.07022 58
      vertex -18.0787 -8.07326 57.4
      vertex -18.0325 -8.07022 57.4
    endloop
  endfacet
  facet normal 0.0761864 -0.997094 0
    outer loop
      vertex -18.1071 -8.07543 57.4
      vertex -18.0787 -8.07326 58
      vertex -18.1071 -8.07543 58
    endloop
  endfacet
  facet normal 0.0761864 -0.997094 0
    outer loop
      vertex -18.0787 -8.07326 58
      vertex -18.1071 -8.07543 57.4
      vertex -18.0787 -8.07326 57.4
    endloop
  endfacet
  facet normal 0.0897406 -0.995965 0
    outer loop
      vertex -18.1263 -8.07716 57.4
      vertex -18.1071 -8.07543 58
      vertex -18.1263 -8.07716 58
    endloop
  endfacet
  facet normal 0.0897406 -0.995965 0
    outer loop
      vertex -18.1071 -8.07543 58
      vertex -18.1263 -8.07716 57.4
      vertex -18.1071 -8.07543 57.4
    endloop
  endfacet
  facet normal 0.0923649 -0.995725 0
    outer loop
      vertex -18.1636 -8.08062 57.4
      vertex -18.1263 -8.07716 58
      vertex -18.1636 -8.08062 58
    endloop
  endfacet
  facet normal 0.0923649 -0.995725 0
    outer loop
      vertex -18.1263 -8.07716 58
      vertex -18.1636 -8.08062 57.4
      vertex -18.1263 -8.07716 57.4
    endloop
  endfacet
  facet normal 0.0967196 -0.995312 0
    outer loop
      vertex -18.199 -8.08406 57.4
      vertex -18.1636 -8.08062 58
      vertex -18.199 -8.08406 58
    endloop
  endfacet
  facet normal 0.0967196 -0.995312 0
    outer loop
      vertex -18.1636 -8.08062 58
      vertex -18.199 -8.08406 57.4
      vertex -18.1636 -8.08062 57.4
    endloop
  endfacet
  facet normal 0.10008 -0.994979 0
    outer loop
      vertex -18.2161 -8.08578 57.4
      vertex -18.199 -8.08406 58
      vertex -18.2161 -8.08578 58
    endloop
  endfacet
  facet normal 0.10008 -0.994979 0
    outer loop
      vertex -18.199 -8.08406 58
      vertex -18.2161 -8.08578 57.4
      vertex -18.199 -8.08406 57.4
    endloop
  endfacet
  facet normal 0.102452 -0.994738 0
    outer loop
      vertex -18.2328 -8.0875 57.4
      vertex -18.2161 -8.08578 58
      vertex -18.2328 -8.0875 58
    endloop
  endfacet
  facet normal 0.102452 -0.994738 0
    outer loop
      vertex -18.2161 -8.08578 58
      vertex -18.2328 -8.0875 57.4
      vertex -18.2161 -8.08578 57.4
    endloop
  endfacet
  facet normal 0.107215 -0.994236 0
    outer loop
      vertex -18.2647 -8.09094 57.4
      vertex -18.2328 -8.0875 58
      vertex -18.2647 -8.09094 58
    endloop
  endfacet
  facet normal 0.107215 -0.994236 0
    outer loop
      vertex -18.2328 -8.0875 58
      vertex -18.2647 -8.09094 57.4
      vertex -18.2328 -8.0875 57.4
    endloop
  endfacet
  facet normal 0.109723 -0.993962 0
    outer loop
      vertex -18.2801 -8.09264 57.4
      vertex -18.2647 -8.09094 58
      vertex -18.2801 -8.09264 58
    endloop
  endfacet
  facet normal 0.109723 -0.993962 0
    outer loop
      vertex -18.2647 -8.09094 58
      vertex -18.2801 -8.09264 57.4
      vertex -18.2647 -8.09094 57.4
    endloop
  endfacet
  facet normal 0.118294 -0.992979 0
    outer loop
      vertex -18.3261 -8.09812 57.4
      vertex -18.2801 -8.09264 58
      vertex -18.3261 -8.09812 58
    endloop
  endfacet
  facet normal 0.118294 -0.992979 0
    outer loop
      vertex -18.2801 -8.09264 58
      vertex -18.3261 -8.09812 57.4
      vertex -18.2801 -8.09264 57.4
    endloop
  endfacet
  facet normal -0.628635 0.7777 0
    outer loop
      vertex -18.212 -8.00589 57.4
      vertex -18.3261 -8.09812 58
      vertex -18.212 -8.00589 58
    endloop
  endfacet
  facet normal -0.628635 0.7777 0
    outer loop
      vertex -18.3261 -8.09812 58
      vertex -18.212 -8.00589 57.4
      vertex -18.3261 -8.09812 57.4
    endloop
  endfacet
  facet normal -0.636578 0.771213 0
    outer loop
      vertex -17.9882 -7.82116 57.4
      vertex -18.212 -8.00589 58
      vertex -17.9882 -7.82116 58
    endloop
  endfacet
  facet normal -0.636578 0.771213 0
    outer loop
      vertex -18.212 -8.00589 58
      vertex -17.9882 -7.82116 57.4
      vertex -18.212 -8.00589 57.4
    endloop
  endfacet
  facet normal -0.655293 0.755375 0
    outer loop
      vertex -17.3302 -7.25034 57.4
      vertex -17.9882 -7.82116 58
      vertex -17.3302 -7.25034 58
    endloop
  endfacet
  facet normal -0.655293 0.755375 0
    outer loop
      vertex -17.9882 -7.82116 58
      vertex -17.3302 -7.25034 57.4
      vertex -17.9882 -7.82116 57.4
    endloop
  endfacet
  facet normal 0.927204 0.374557 0
    outer loop
      vertex -17.0216 -8.01427 58
      vertex -17.3302 -7.25034 57.4
      vertex -17.3302 -7.25034 58
    endloop
  endfacet
  facet normal 0.927204 0.374557 0
    outer loop
      vertex -17.3302 -7.25034 57.4
      vertex -17.0216 -8.01427 58
      vertex -17.0216 -8.01427 57.4
    endloop
  endfacet
  facet normal 0.927182 0.374612 0
    outer loop
      vertex -17.908 -6.20587 58
      vertex -18.3043 -5.22501 57.4
      vertex -18.3043 -5.22501 58
    endloop
  endfacet
  facet normal 0.927182 0.374612 0
    outer loop
      vertex -18.3043 -5.22501 57.4
      vertex -17.908 -6.20587 58
      vertex -17.908 -6.20587 57.4
    endloop
  endfacet
  facet normal -0.374654 0.927165 0
    outer loop
      vertex -17.4478 -6.01991 57.4
      vertex -17.908 -6.20587 58
      vertex -17.4478 -6.01991 58
    endloop
  endfacet
  facet normal -0.374654 0.927165 0
    outer loop
      vertex -17.908 -6.20587 58
      vertex -17.4478 -6.01991 57.4
      vertex -17.908 -6.20587 57.4
    endloop
  endfacet
  facet normal -0.927214 -0.374531 0
    outer loop
      vertex -17.4478 -6.01991 57.4
      vertex -17.844 -5.03905 58
      vertex -17.844 -5.03905 57.4
    endloop
  endfacet
  facet normal -0.927214 -0.374531 0
    outer loop
      vertex -17.844 -5.03905 58
      vertex -17.4478 -6.01991 57.4
      vertex -17.4478 -6.01991 58
    endloop
  endfacet
  facet normal 0.374584 -0.927193 0
    outer loop
      vertex -18.3043 -5.22501 57.4
      vertex -17.844 -5.03905 58
      vertex -18.3043 -5.22501 58
    endloop
  endfacet
  facet normal 0.374584 -0.927193 0
    outer loop
      vertex -17.844 -5.03905 58
      vertex -18.3043 -5.22501 57.4
      vertex -17.844 -5.03905 57.4
    endloop
  endfacet
  facet normal 0 0 1
    outer loop
      vertex -7.91739 17.9735 57.4
      vertex -7.34523 18.0434 57.4
      vertex -7.34659 18.0864 57.4
    endloop
  endfacet
  facet normal 0 0 1
    outer loop
      vertex -7.91739 17.9735 57.4
      vertex -7.34659 18.0864 57.4
      vertex -7.35102 18.1299 57.4
    endloop
  endfacet
  facet normal 0 -0 1
    outer loop
      vertex -7.90832 17.9419 57.4
      vertex -7.34523 18.0434 57.4
      vertex -7.91739 17.9735 57.4
    endloop
  endfacet
  facet normal 0 0 1
    outer loop
      vertex -7.92926 18.006 57.4
      vertex -7.35102 18.1299 57.4
      vertex -7.35852 18.1738 57.4
    endloop
  endfacet
  facet normal 0 0 1
    outer loop
      vertex -7.34523 18.0434 57.4
      vertex -7.90832 17.9419 57.4
      vertex -7.34698 18.0007 57.4
    endloop
  endfacet
  facet normal 0 0 1
    outer loop
      vertex -7.92926 18.006 57.4
      vertex -7.35852 18.1738 57.4
      vertex -7.36912 18.218 57.4
    endloop
  endfacet
  facet normal 0 0 1
    outer loop
      vertex -7.34698 18.0007 57.4
      vertex -7.90832 17.9419 57.4
      vertex -7.35179 17.9584 57.4
    endloop
  endfacet
  facet normal 0 0 1
    outer loop
      vertex -7.94445 18.0403 57.4
      vertex -7.36912 18.218 57.4
      vertex -7.38278 18.2627 57.4
    endloop
  endfacet
  facet normal 0 0 1
    outer loop
      vertex -7.35179 17.9584 57.4
      vertex -7.90832 17.9419 57.4
      vertex -7.35968 17.9166 57.4
    endloop
  endfacet
  facet normal 0 0 1
    outer loop
      vertex -7.94445 18.0403 57.4
      vertex -7.38278 18.2627 57.4
      vertex -7.39953 18.3078 57.4
    endloop
  endfacet
  facet normal 0 -0 1
    outer loop
      vertex -7.90205 17.911 57.4
      vertex -7.35968 17.9166 57.4
      vertex -7.90832 17.9419 57.4
    endloop
  endfacet
  facet normal 0 0 1
    outer loop
      vertex -7.35968 17.9166 57.4
      vertex -7.90205 17.911 57.4
      vertex -7.37065 17.8751 57.4
    endloop
  endfacet
  facet normal 0 0 1
    outer loop
      vertex -7.96109 18.0717 57.4
      vertex -7.39953 18.3078 57.4
      vertex -7.42805 18.3711 57.4
    endloop
  endfacet
  facet normal 0 0 1
    outer loop
      vertex -7.37065 17.8751 57.4
      vertex -7.90205 17.911 57.4
      vertex -7.38488 17.8343 57.4
    endloop
  endfacet
  facet normal 0 0 1
    outer loop
      vertex -7.96109 18.0717 57.4
      vertex -7.42805 18.3711 57.4
      vertex -7.46025 18.4293 57.4
    endloop
  endfacet
  facet normal -0 -0 1
    outer loop
      vertex -7.89856 17.8809 57.4
      vertex -7.38488 17.8343 57.4
      vertex -7.90205 17.911 57.4
    endloop
  endfacet
  facet normal 0 0 1
    outer loop
      vertex -7.97919 18.1 57.4
      vertex -7.46025 18.4293 57.4
      vertex -7.49618 18.4822 57.4
    endloop
  endfacet
  facet normal 0 0 1
    outer loop
      vertex -7.38488 17.8343 57.4
      vertex -7.89856 17.8809 57.4
      vertex -7.40255 17.7945 57.4
    endloop
  endfacet
  facet normal 0 0 1
    outer loop
      vertex -7.99872 18.1254 57.4
      vertex -7.49618 18.4822 57.4
      vertex -7.53577 18.5299 57.4
    endloop
  endfacet
  facet normal 0 0 1
    outer loop
      vertex -7.40255 17.7945 57.4
      vertex -7.89856 17.8809 57.4
      vertex -7.42365 17.7557 57.4
    endloop
  endfacet
  facet normal 0 0 1
    outer loop
      vertex -7.99872 18.1254 57.4
      vertex -7.53577 18.5299 57.4
      vertex -7.57908 18.5723 57.4
    endloop
  endfacet
  facet normal -0 -0 1
    outer loop
      vertex -7.89788 17.8516 57.4
      vertex -7.44818 17.7178 57.4
      vertex -7.89856 17.8809 57.4
    endloop
  endfacet
  facet normal 0 0 1
    outer loop
      vertex -7.44818 17.7178 57.4
      vertex -7.89788 17.8516 57.4
      vertex -7.47616 17.6808 57.4
    endloop
  endfacet
  facet normal 0 0 1
    outer loop
      vertex -8.01969 18.1477 57.4
      vertex -7.57908 18.5723 57.4
      vertex -7.62607 18.6095 57.4
    endloop
  endfacet
  facet normal -0 0 1
    outer loop
      vertex -7.89999 17.8231 57.4
      vertex -7.47616 17.6808 57.4
      vertex -7.89788 17.8516 57.4
    endloop
  endfacet
  facet normal 0 0 1
    outer loop
      vertex -8.01969 18.1477 57.4
      vertex -7.62607 18.6095 57.4
      vertex -7.67677 18.6414 57.4
    endloop
  endfacet
  facet normal 0 0 1
    outer loop
      vertex -6.68727 16.7892 57.4
      vertex -7.28819 16.8077 57.4
      vertex -7.28715 16.7731 57.4
    endloop
  endfacet
  facet normal 0 0 1
    outer loop
      vertex -7.19263 17.5374 57.4
      vertex -7.29249 16.8433 57.4
      vertex -7.28819 16.8077 57.4
    endloop
  endfacet
  facet normal 0 0 1
    outer loop
      vertex -7.4501 17.1266 57.4
      vertex -7.24484 17.5473 57.4
      vertex -7.2991 17.5534 57.4
    endloop
  endfacet
  facet normal 0 0 1
    outer loop
      vertex -7.19263 17.5374 57.4
      vertex -7.30006 16.8798 57.4
      vertex -7.29249 16.8433 57.4
    endloop
  endfacet
  facet normal 0 0 1
    outer loop
      vertex -7.19263 17.5374 57.4
      vertex -7.31087 16.9172 57.4
      vertex -7.30006 16.8798 57.4
    endloop
  endfacet
  facet normal 0 0 1
    outer loop
      vertex -7.19263 17.5374 57.4
      vertex -7.32493 16.9556 57.4
      vertex -7.31087 16.9172 57.4
    endloop
  endfacet
  facet normal 0 0 1
    outer loop
      vertex -7.4501 17.1266 57.4
      vertex -7.2991 17.5534 57.4
      vertex -7.3554 17.5557 57.4
    endloop
  endfacet
  facet normal 0 0 1
    outer loop
      vertex -7.19263 17.5374 57.4
      vertex -7.35896 17.0244 57.4
      vertex -7.32493 16.9556 57.4
    endloop
  endfacet
  facet normal 0 0 1
    outer loop
      vertex -7.19263 17.5374 57.4
      vertex -7.40068 17.0814 57.4
      vertex -7.35896 17.0244 57.4
    endloop
  endfacet
  facet normal 0 0 1
    outer loop
      vertex -7.50722 17.16 57.4
      vertex -7.3554 17.5557 57.4
      vertex -7.41375 17.5542 57.4
    endloop
  endfacet
  facet normal 0 0 1
    outer loop
      vertex -7.19263 17.5374 57.4
      vertex -7.4501 17.1266 57.4
      vertex -7.40068 17.0814 57.4
    endloop
  endfacet
  facet normal 0 0 1
    outer loop
      vertex -7.50722 17.16 57.4
      vertex -7.41375 17.5542 57.4
      vertex -7.47414 17.549 57.4
    endloop
  endfacet
  facet normal 0 0 1
    outer loop
      vertex -7.3554 17.5557 57.4
      vertex -7.50722 17.16 57.4
      vertex -7.4501 17.1266 57.4
    endloop
  endfacet
  facet normal -0 0 1
    outer loop
      vertex -7.53659 17.5399 57.4
      vertex -7.50722 17.16 57.4
      vertex -7.47414 17.549 57.4
    endloop
  endfacet
  facet normal 0 0 1
    outer loop
      vertex -7.53659 17.5399 57.4
      vertex -7.57204 17.1816 57.4
      vertex -7.50722 17.16 57.4
    endloop
  endfacet
  facet normal -0 0 1
    outer loop
      vertex -7.60108 17.5271 57.4
      vertex -7.57204 17.1816 57.4
      vertex -7.53659 17.5399 57.4
    endloop
  endfacet
  facet normal 0 0 1
    outer loop
      vertex -7.60108 17.5271 57.4
      vertex -7.64454 17.1914 57.4
      vertex -7.57204 17.1816 57.4
    endloop
  endfacet
  facet normal -0 0 1
    outer loop
      vertex -7.66761 17.5105 57.4
      vertex -7.64454 17.1914 57.4
      vertex -7.60108 17.5271 57.4
    endloop
  endfacet
  facet normal 0 0 1
    outer loop
      vertex -7.66761 17.5105 57.4
      vertex -7.72474 17.1894 57.4
      vertex -7.64454 17.1914 57.4
    endloop
  endfacet
  facet normal 0 0 1
    outer loop
      vertex -7.50759 17.6448 57.4
      vertex -7.89999 17.8231 57.4
      vertex -7.54243 17.6098 57.4
    endloop
  endfacet
  facet normal 0 0 1
    outer loop
      vertex -8.01969 18.1477 57.4
      vertex -7.67677 18.6414 57.4
      vertex -7.73116 18.6681 57.4
    endloop
  endfacet
  facet normal 0 0 1
    outer loop
      vertex -8.04212 18.167 57.4
      vertex -7.73116 18.6681 57.4
      vertex -7.78924 18.6895 57.4
    endloop
  endfacet
  facet normal 0 0 1
    outer loop
      vertex -7.54243 17.6098 57.4
      vertex -7.90489 17.7953 57.4
      vertex -7.58072 17.5757 57.4
    endloop
  endfacet
  facet normal 0 0 1
    outer loop
      vertex -8.06598 18.1834 57.4
      vertex -7.78924 18.6895 57.4
      vertex -7.85101 18.7057 57.4
    endloop
  endfacet
  facet normal -0 0 1
    outer loop
      vertex -7.91259 17.7684 57.4
      vertex -7.58072 17.5757 57.4
      vertex -7.90489 17.7953 57.4
    endloop
  endfacet
  facet normal -0 0 1
    outer loop
      vertex -7.92309 17.7422 57.4
      vertex -7.62246 17.5426 57.4
      vertex -7.91259 17.7684 57.4
    endloop
  endfacet
  facet normal 0 0 1
    outer loop
      vertex -7.62246 17.5426 57.4
      vertex -7.92309 17.7422 57.4
      vertex -7.66761 17.5105 57.4
    endloop
  endfacet
  facet normal -0 0 1
    outer loop
      vertex -7.93639 17.7167 57.4
      vertex -7.66761 17.5105 57.4
      vertex -7.92309 17.7422 57.4
    endloop
  endfacet
  facet normal -0 0 1
    outer loop
      vertex -7.95268 17.692 57.4
      vertex -7.66761 17.5105 57.4
      vertex -7.93639 17.7167 57.4
    endloop
  endfacet
  facet normal -0 0 1
    outer loop
      vertex -7.97224 17.6679 57.4
      vertex -7.66761 17.5105 57.4
      vertex -7.95268 17.692 57.4
    endloop
  endfacet
  facet normal -0 0 1
    outer loop
      vertex -7.99504 17.6444 57.4
      vertex -7.66761 17.5105 57.4
      vertex -7.97224 17.6679 57.4
    endloop
  endfacet
  facet normal -0 0 1
    outer loop
      vertex -8.02109 17.6214 57.4
      vertex -7.66761 17.5105 57.4
      vertex -7.99504 17.6444 57.4
    endloop
  endfacet
  facet normal 0 0 1
    outer loop
      vertex -7.66761 17.5105 57.4
      vertex -7.81265 17.1756 57.4
      vertex -7.72474 17.1894 57.4
    endloop
  endfacet
  facet normal -0 0 1
    outer loop
      vertex -8.05038 17.5991 57.4
      vertex -7.66761 17.5105 57.4
      vertex -8.02109 17.6214 57.4
    endloop
  endfacet
  facet normal 0 0 1
    outer loop
      vertex -7.66761 17.5105 57.4
      vertex -8.05038 17.5991 57.4
      vertex -7.81265 17.1756 57.4
    endloop
  endfacet
  facet normal 0 0 1
    outer loop
      vertex -7.81265 17.1756 57.4
      vertex -8.05038 17.5991 57.4
      vertex -7.90824 17.15 57.4
    endloop
  endfacet
  facet normal -0 0 1
    outer loop
      vertex -8.08292 17.5774 57.4
      vertex -7.90824 17.15 57.4
      vertex -8.05038 17.5991 57.4
    endloop
  endfacet
  facet normal -0 0 1
    outer loop
      vertex -8.1187 17.5562 57.4
      vertex -7.90824 17.15 57.4
      vertex -8.08292 17.5774 57.4
    endloop
  endfacet
  facet normal -0 0 1
    outer loop
      vertex -8.15775 17.5357 57.4
      vertex -7.90824 17.15 57.4
      vertex -8.1187 17.5562 57.4
    endloop
  endfacet
  facet normal 0 0 1
    outer loop
      vertex -7.90824 17.15 57.4
      vertex -8.15775 17.5357 57.4
      vertex -8.01153 17.1126 57.4
    endloop
  endfacet
  facet normal -0 0 1
    outer loop
      vertex -8.20003 17.5157 57.4
      vertex -8.01153 17.1126 57.4
      vertex -8.15775 17.5357 57.4
    endloop
  endfacet
  facet normal -0 0 1
    outer loop
      vertex -8.24555 17.4964 57.4
      vertex -8.01153 17.1126 57.4
      vertex -8.20003 17.5157 57.4
    endloop
  endfacet
  facet normal 0 0 1
    outer loop
      vertex -8.24555 17.4964 57.4
      vertex -8.71699 16.8276 57.4
      vertex -8.01153 17.1126 57.4
    endloop
  endfacet
  facet normal -0 0 1
    outer loop
      vertex -8.88312 17.2388 57.4
      vertex -8.71699 16.8276 57.4
      vertex -8.24555 17.4964 57.4
    endloop
  endfacet
  facet normal 0 0 1
    outer loop
      vertex -9.87244 18.0854 57.4
      vertex -8.71699 16.8276 57.4
      vertex -8.88312 17.2388 57.4
    endloop
  endfacet
  facet normal 0 0 1
    outer loop
      vertex -9.87244 18.0854 57.4
      vertex -8.88312 17.2388 57.4
      vertex -9.14909 17.8971 57.4
    endloop
  endfacet
  facet normal 0 0 1
    outer loop
      vertex -8.71699 16.8276 57.4
      vertex -9.87244 18.0854 57.4
      vertex -8.79865 15.4277 57.4
    endloop
  endfacet
  facet normal 0 0 1
    outer loop
      vertex -7.28819 16.8077 57.4
      vertex -6.68613 16.8568 57.4
      vertex -6.69174 16.9254 57.4
    endloop
  endfacet
  facet normal -0 0 1
    outer loop
      vertex -7.28819 16.8077 57.4
      vertex -6.68727 16.7892 57.4
      vertex -6.68613 16.8568 57.4
    endloop
  endfacet
  facet normal 0 0 1
    outer loop
      vertex -7.28819 16.8077 57.4
      vertex -6.69174 16.9254 57.4
      vertex -6.7041 16.9951 57.4
    endloop
  endfacet
  facet normal 0 0 1
    outer loop
      vertex -6.68727 16.7892 57.4
      vertex -7.28715 16.7731 57.4
      vertex -6.69518 16.7228 57.4
    endloop
  endfacet
  facet normal 0 0 1
    outer loop
      vertex -7.28819 16.8077 57.4
      vertex -6.7041 16.9951 57.4
      vertex -6.72323 17.0659 57.4
    endloop
  endfacet
  facet normal 0 0 1
    outer loop
      vertex -6.69518 16.7228 57.4
      vertex -7.28715 16.7731 57.4
      vertex -6.70985 16.6574 57.4
    endloop
  endfacet
  facet normal 0 0 1
    outer loop
      vertex -7.28819 16.8077 57.4
      vertex -6.72323 17.0659 57.4
      vertex -6.74911 17.1378 57.4
    endloop
  endfacet
  facet normal -0 0 1
    outer loop
      vertex -7.28935 16.7395 57.4
      vertex -6.70985 16.6574 57.4
      vertex -7.28715 16.7731 57.4
    endloop
  endfacet
  facet normal 0 0 1
    outer loop
      vertex -7.28819 16.8077 57.4
      vertex -6.74911 17.1378 57.4
      vertex -6.77231 17.1904 57.4
    endloop
  endfacet
  facet normal 0 0 1
    outer loop
      vertex -6.70985 16.6574 57.4
      vertex -7.28935 16.7395 57.4
      vertex -6.73125 16.5931 57.4
    endloop
  endfacet
  facet normal 0 0 1
    outer loop
      vertex -7.28819 16.8077 57.4
      vertex -6.77231 17.1904 57.4
      vertex -6.79804 17.2395 57.4
    endloop
  endfacet
  facet normal 0 0 1
    outer loop
      vertex -7.28819 16.8077 57.4
      vertex -6.79804 17.2395 57.4
      vertex -6.82628 17.285 57.4
    endloop
  endfacet
  facet normal 0 0 1
    outer loop
      vertex -6.73125 16.5931 57.4
      vertex -7.28935 16.7395 57.4
      vertex -6.75943 16.5299 57.4
    endloop
  endfacet
  facet normal 0 0 1
    outer loop
      vertex -7.28819 16.8077 57.4
      vertex -6.82628 17.285 57.4
      vertex -6.85702 17.3271 57.4
    endloop
  endfacet
  facet normal -0 0 1
    outer loop
      vertex -7.29483 16.7067 57.4
      vertex -6.75943 16.5299 57.4
      vertex -7.28935 16.7395 57.4
    endloop
  endfacet
  facet normal 0 0 1
    outer loop
      vertex -7.28819 16.8077 57.4
      vertex -6.85702 17.3271 57.4
      vertex -6.89029 17.3657 57.4
    endloop
  endfacet
  facet normal 0 0 1
    outer loop
      vertex -7.28819 16.8077 57.4
      vertex -6.89029 17.3657 57.4
      vertex -6.92608 17.4008 57.4
    endloop
  endfacet
  facet normal 0 0 1
    outer loop
      vertex -6.75943 16.5299 57.4
      vertex -7.29483 16.7067 57.4
      vertex -6.79437 16.4678 57.4
    endloop
  endfacet
  facet normal 0 0 1
    outer loop
      vertex -7.28819 16.8077 57.4
      vertex -6.92608 17.4008 57.4
      vertex -6.96437 17.4324 57.4
    endloop
  endfacet
  facet normal -0 0 1
    outer loop
      vertex -7.30354 16.675 57.4
      vertex -6.79437 16.4678 57.4
      vertex -7.29483 16.7067 57.4
    endloop
  endfacet
  facet normal 0 0 1
    outer loop
      vertex -7.28819 16.8077 57.4
      vertex -6.96437 17.4324 57.4
      vertex -7.00518 17.4605 57.4
    endloop
  endfacet
  facet normal 0 0 1
    outer loop
      vertex -7.28819 16.8077 57.4
      vertex -7.00518 17.4605 57.4
      vertex -7.0485 17.4851 57.4
    endloop
  endfacet
  facet normal 0 0 1
    outer loop
      vertex -6.79437 16.4678 57.4
      vertex -7.30354 16.675 57.4
      vertex -6.8356 16.4074 57.4
    endloop
  endfacet
  facet normal 0 0 1
    outer loop
      vertex -7.28819 16.8077 57.4
      vertex -7.0485 17.4851 57.4
      vertex -7.09432 17.5062 57.4
    endloop
  endfacet
  facet normal -0 0 1
    outer loop
      vertex -7.31551 16.6441 57.4
      vertex -6.8356 16.4074 57.4
      vertex -7.30354 16.675 57.4
    endloop
  endfacet
  facet normal 0 0 1
    outer loop
      vertex -7.28819 16.8077 57.4
      vertex -7.09432 17.5062 57.4
      vertex -7.14245 17.5237 57.4
    endloop
  endfacet
  facet normal 0 0 1
    outer loop
      vertex -7.28819 16.8077 57.4
      vertex -7.14245 17.5237 57.4
      vertex -7.19263 17.5374 57.4
    endloop
  endfacet
  facet normal 0 0 1
    outer loop
      vertex -6.8356 16.4074 57.4
      vertex -7.31551 16.6441 57.4
      vertex -6.88267 16.3492 57.4
    endloop
  endfacet
  facet normal 0 0 1
    outer loop
      vertex -7.4501 17.1266 57.4
      vertex -7.19263 17.5374 57.4
      vertex -7.24484 17.5473 57.4
    endloop
  endfacet
  facet normal -0 0 1
    outer loop
      vertex -7.33075 16.6142 57.4
      vertex -6.88267 16.3492 57.4
      vertex -7.31551 16.6441 57.4
    endloop
  endfacet
  facet normal 0 0 1
    outer loop
      vertex -6.88267 16.3492 57.4
      vertex -7.33075 16.6142 57.4
      vertex -6.93555 16.2933 57.4
    endloop
  endfacet
  facet normal -0 0 1
    outer loop
      vertex -7.34944 16.5852 57.4
      vertex -6.93555 16.2933 57.4
      vertex -7.33075 16.6142 57.4
    endloop
  endfacet
  facet normal 0 0 1
    outer loop
      vertex -6.93555 16.2933 57.4
      vertex -7.34944 16.5852 57.4
      vertex -6.99426 16.2396 57.4
    endloop
  endfacet
  facet normal -0 0 1
    outer loop
      vertex -7.37182 16.557 57.4
      vertex -6.99426 16.2396 57.4
      vertex -7.34944 16.5852 57.4
    endloop
  endfacet
  facet normal 0 0 1
    outer loop
      vertex -6.99426 16.2396 57.4
      vertex -7.37182 16.557 57.4
      vertex -7.05879 16.1882 57.4
    endloop
  endfacet
  facet normal -0 0 1
    outer loop
      vertex -7.39785 16.5295 57.4
      vertex -7.05879 16.1882 57.4
      vertex -7.37182 16.557 57.4
    endloop
  endfacet
  facet normal 0 0 1
    outer loop
      vertex -7.05879 16.1882 57.4
      vertex -7.39785 16.5295 57.4
      vertex -7.12915 16.139 57.4
    endloop
  endfacet
  facet normal -0 0 1
    outer loop
      vertex -7.42756 16.5028 57.4
      vertex -7.12915 16.139 57.4
      vertex -7.39785 16.5295 57.4
    endloop
  endfacet
  facet normal 0 0 1
    outer loop
      vertex -7.12915 16.139 57.4
      vertex -7.42756 16.5028 57.4
      vertex -7.20534 16.0921 57.4
    endloop
  endfacet
  facet normal -0 0 1
    outer loop
      vertex -7.46093 16.4769 57.4
      vertex -7.20534 16.0921 57.4
      vertex -7.42756 16.5028 57.4
    endloop
  endfacet
  facet normal -0 0 1
    outer loop
      vertex -7.49799 16.4518 57.4
      vertex -7.20534 16.0921 57.4
      vertex -7.46093 16.4769 57.4
    endloop
  endfacet
  facet normal 0 0 1
    outer loop
      vertex -7.20534 16.0921 57.4
      vertex -7.49799 16.4518 57.4
      vertex -7.28736 16.0475 57.4
    endloop
  endfacet
  facet normal -0 0 1
    outer loop
      vertex -7.53871 16.4274 57.4
      vertex -7.28736 16.0475 57.4
      vertex -7.49799 16.4518 57.4
    endloop
  endfacet
  facet normal 0 0 1
    outer loop
      vertex -7.28736 16.0475 57.4
      vertex -7.53871 16.4274 57.4
      vertex -7.37519 16.0051 57.4
    endloop
  endfacet
  facet normal -0 0 1
    outer loop
      vertex -7.58311 16.4038 57.4
      vertex -7.37519 16.0051 57.4
      vertex -7.53871 16.4274 57.4
    endloop
  endfacet
  facet normal 0 0 1
    outer loop
      vertex -7.37519 16.0051 57.4
      vertex -7.58311 16.4038 57.4
      vertex -7.46886 15.9649 57.4
    endloop
  endfacet
  facet normal -0 0 1
    outer loop
      vertex -7.63116 16.381 57.4
      vertex -7.46886 15.9649 57.4
      vertex -7.58311 16.4038 57.4
    endloop
  endfacet
  facet normal -0 0 1
    outer loop
      vertex -7.68289 16.359 57.4
      vertex -7.46886 15.9649 57.4
      vertex -7.63116 16.381 57.4
    endloop
  endfacet
  facet normal -0 0 1
    outer loop
      vertex -8.40911 16.0656 57.4
      vertex -7.46886 15.9649 57.4
      vertex -7.68289 16.359 57.4
    endloop
  endfacet
  facet normal 0 0 1
    outer loop
      vertex -8.40911 16.0656 57.4
      vertex -8.79865 15.4277 57.4
      vertex -7.46886 15.9649 57.4
    endloop
  endfacet
  facet normal 0 0 1
    outer loop
      vertex -8.79865 15.4277 57.4
      vertex -8.40911 16.0656 57.4
      vertex -8.71699 16.8276 57.4
    endloop
  endfacet
  facet normal 0 0 1
    outer loop
      vertex -7.58072 17.5757 57.4
      vertex -7.91259 17.7684 57.4
      vertex -7.62246 17.5426 57.4
    endloop
  endfacet
  facet normal -0 0 1
    outer loop
      vertex -7.90489 17.7953 57.4
      vertex -7.54243 17.6098 57.4
      vertex -7.89999 17.8231 57.4
    endloop
  endfacet
  facet normal 0 0 1
    outer loop
      vertex -7.47616 17.6808 57.4
      vertex -7.89999 17.8231 57.4
      vertex -7.50759 17.6448 57.4
    endloop
  endfacet
  facet normal 0 0 1
    outer loop
      vertex -8.06598 18.1834 57.4
      vertex -7.85101 18.7057 57.4
      vertex -7.91632 18.7166 57.4
    endloop
  endfacet
  facet normal 0 0 1
    outer loop
      vertex -7.42365 17.7557 57.4
      vertex -7.89856 17.8809 57.4
      vertex -7.44818 17.7178 57.4
    endloop
  endfacet
  facet normal 0 0 1
    outer loop
      vertex -7.35102 18.1299 57.4
      vertex -7.92926 18.006 57.4
      vertex -7.91739 17.9735 57.4
    endloop
  endfacet
  facet normal 0 0 1
    outer loop
      vertex -7.36912 18.218 57.4
      vertex -7.94445 18.0403 57.4
      vertex -7.92926 18.006 57.4
    endloop
  endfacet
  facet normal 0 0 1
    outer loop
      vertex -7.39953 18.3078 57.4
      vertex -7.96109 18.0717 57.4
      vertex -7.94445 18.0403 57.4
    endloop
  endfacet
  facet normal 0 0 1
    outer loop
      vertex -7.46025 18.4293 57.4
      vertex -7.97919 18.1 57.4
      vertex -7.96109 18.0717 57.4
    endloop
  endfacet
  facet normal 0 0 1
    outer loop
      vertex -8.09129 18.1968 57.4
      vertex -7.91632 18.7166 57.4
      vertex -7.98502 18.7222 57.4
    endloop
  endfacet
  facet normal 0 0 1
    outer loop
      vertex -7.49618 18.4822 57.4
      vertex -7.99872 18.1254 57.4
      vertex -7.97919 18.1 57.4
    endloop
  endfacet
  facet normal 0 0 1
    outer loop
      vertex -7.57908 18.5723 57.4
      vertex -8.01969 18.1477 57.4
      vertex -7.99872 18.1254 57.4
    endloop
  endfacet
  facet normal 0 0 1
    outer loop
      vertex -7.73116 18.6681 57.4
      vertex -8.04212 18.167 57.4
      vertex -8.01969 18.1477 57.4
    endloop
  endfacet
  facet normal 0 0 1
    outer loop
      vertex -8.11806 18.2071 57.4
      vertex -7.98502 18.7222 57.4
      vertex -8.05706 18.7226 57.4
    endloop
  endfacet
  facet normal 0 0 1
    outer loop
      vertex -7.78924 18.6895 57.4
      vertex -8.06598 18.1834 57.4
      vertex -8.04212 18.167 57.4
    endloop
  endfacet
  facet normal 0 0 1
    outer loop
      vertex -7.91632 18.7166 57.4
      vertex -8.09129 18.1968 57.4
      vertex -8.06598 18.1834 57.4
    endloop
  endfacet
  facet normal 0 0 1
    outer loop
      vertex -7.98502 18.7222 57.4
      vertex -8.11806 18.2071 57.4
      vertex -8.09129 18.1968 57.4
    endloop
  endfacet
  facet normal 0 0 1
    outer loop
      vertex -8.14626 18.2145 57.4
      vertex -8.05706 18.7226 57.4
      vertex -8.13249 18.7176 57.4
    endloop
  endfacet
  facet normal 0 0 1
    outer loop
      vertex -8.05706 18.7226 57.4
      vertex -8.14626 18.2145 57.4
      vertex -8.11806 18.2071 57.4
    endloop
  endfacet
  facet normal 0 0 1
    outer loop
      vertex -8.13249 18.7176 57.4
      vertex -8.17598 18.2192 57.4
      vertex -8.14626 18.2145 57.4
    endloop
  endfacet
  facet normal -0 0 1
    outer loop
      vertex -8.21129 18.7074 57.4
      vertex -8.17598 18.2192 57.4
      vertex -8.13249 18.7176 57.4
    endloop
  endfacet
  facet normal 0 0 1
    outer loop
      vertex -8.17598 18.2192 57.4
      vertex -8.21129 18.7074 57.4
      vertex -8.20729 18.2214 57.4
    endloop
  endfacet
  facet normal -0 0 1
    outer loop
      vertex -8.29344 18.6919 57.4
      vertex -8.20729 18.2214 57.4
      vertex -8.21129 18.7074 57.4
    endloop
  endfacet
  facet normal 0 0 1
    outer loop
      vertex -8.20729 18.2214 57.4
      vertex -8.29344 18.6919 57.4
      vertex -8.2402 18.2213 57.4
    endloop
  endfacet
  facet normal 0 0 1
    outer loop
      vertex -8.2402 18.2213 57.4
      vertex -8.29344 18.6919 57.4
      vertex -8.27471 18.2188 57.4
    endloop
  endfacet
  facet normal -0 0 1
    outer loop
      vertex -8.37899 18.6711 57.4
      vertex -8.27471 18.2188 57.4
      vertex -8.29344 18.6919 57.4
    endloop
  endfacet
  facet normal 0 0 1
    outer loop
      vertex -8.27471 18.2188 57.4
      vertex -8.37899 18.6711 57.4
      vertex -8.31082 18.2138 57.4
    endloop
  endfacet
  facet normal -0 0 1
    outer loop
      vertex -8.46789 18.645 57.4
      vertex -8.31082 18.2138 57.4
      vertex -8.37899 18.6711 57.4
    endloop
  endfacet
  facet normal 0 0 1
    outer loop
      vertex -8.31082 18.2138 57.4
      vertex -8.46789 18.645 57.4
      vertex -8.34852 18.2065 57.4
    endloop
  endfacet
  facet normal 0 0 1
    outer loop
      vertex -8.34852 18.2065 57.4
      vertex -8.46789 18.645 57.4
      vertex -8.38782 18.1968 57.4
    endloop
  endfacet
  facet normal -0 0 1
    outer loop
      vertex -8.56016 18.6136 57.4
      vertex -8.38782 18.1968 57.4
      vertex -8.46789 18.645 57.4
    endloop
  endfacet
  facet normal 0 0 1
    outer loop
      vertex -8.38782 18.1968 57.4
      vertex -8.56016 18.6136 57.4
      vertex -8.42872 18.1846 57.4
    endloop
  endfacet
  facet normal 0 0 1
    outer loop
      vertex -8.42872 18.1846 57.4
      vertex -8.56016 18.6136 57.4
      vertex -8.47121 18.1701 57.4
    endloop
  endfacet
  facet normal -0 0 1
    outer loop
      vertex -8.65582 18.5769 57.4
      vertex -8.47121 18.1701 57.4
      vertex -8.56016 18.6136 57.4
    endloop
  endfacet
  facet normal 0 0 1
    outer loop
      vertex -8.47121 18.1701 57.4
      vertex -8.65582 18.5769 57.4
      vertex -8.51532 18.1532 57.4
    endloop
  endfacet
  facet normal 0 0 1
    outer loop
      vertex -8.65582 18.5769 57.4
      vertex -9.14909 17.8971 57.4
      vertex -8.51532 18.1532 57.4
    endloop
  endfacet
  facet normal 0 -0 1
    outer loop
      vertex -9.14909 17.8971 57.4
      vertex -8.65582 18.5769 57.4
      vertex -9.87244 18.0854 57.4
    endloop
  endfacet
  facet normal 0 0 1
    outer loop
      vertex -5.90669 19.2313 57.4
      vertex -6.33299 19.059 57.4
      vertex -6.02205 18.2894 57.4
    endloop
  endfacet
  facet normal 0 0 1
    outer loop
      vertex -4.83749 18.768 57.4
      vertex -5.42505 18.0392 57.4
      vertex -4.66679 18.3455 57.4
    endloop
  endfacet
  facet normal -0 0 1
    outer loop
      vertex -5.59575 18.4617 57.4
      vertex -5.42505 18.0392 57.4
      vertex -4.83749 18.768 57.4
    endloop
  endfacet
  facet normal 0 0 1
    outer loop
      vertex -5.85135 17.8669 57.4
      vertex -5.42505 18.0392 57.4
      vertex -5.59575 18.4617 57.4
    endloop
  endfacet
  facet normal 0 0 1
    outer loop
      vertex -5.42505 18.0392 57.4
      vertex -5.85135 17.8669 57.4
      vertex -5.54042 17.0973 57.4
    endloop
  endfacet
  facet normal 0 0 1
    outer loop
      vertex -6.02205 18.2894 57.4
      vertex -5.59575 18.4617 57.4
      vertex -5.90669 19.2313 57.4
    endloop
  endfacet
  facet normal 0 0 1
    outer loop
      vertex -5.59575 18.4617 57.4
      vertex -6.02205 18.2894 57.4
      vertex -5.85135 17.8669 57.4
    endloop
  endfacet
  facet normal 0 0 1
    outer loop
      vertex -6.02205 18.2894 57.4
      vertex -6.60395 17.5629 57.4
      vertex -5.85135 17.8669 57.4
    endloop
  endfacet
  facet normal 0 -0 1
    outer loop
      vertex -6.60395 17.5629 57.4
      vertex -6.02205 18.2894 57.4
      vertex -6.77465 17.9854 57.4
    endloop
  endfacet
  facet normal 0 0 1
    outer loop
      vertex -5.11412 17.2696 57.4
      vertex -5.42505 18.0392 57.4
      vertex -5.54042 17.0973 57.4
    endloop
  endfacet
  facet normal -0.434743 0.900554 0
    outer loop
      vertex -7.28736 16.0475 57.4
      vertex -7.37519 16.0051 58
      vertex -7.28736 16.0475 58
    endloop
  endfacet
  facet normal -0.434743 0.900554 0
    outer loop
      vertex -7.37519 16.0051 58
      vertex -7.28736 16.0475 57.4
      vertex -7.37519 16.0051 57.4
    endloop
  endfacet
  facet normal -0.477711 0.878517 0
    outer loop
      vertex -7.20534 16.0921 57.4
      vertex -7.28736 16.0475 58
      vertex -7.20534 16.0921 58
    endloop
  endfacet
  facet normal -0.477711 0.878517 0
    outer loop
      vertex -7.28736 16.0475 58
      vertex -7.20534 16.0921 57.4
      vertex -7.28736 16.0475 57.4
    endloop
  endfacet
  facet normal -0.52421 0.851589 0
    outer loop
      vertex -7.12915 16.139 57.4
      vertex -7.20534 16.0921 58
      vertex -7.12915 16.139 58
    endloop
  endfacet
  facet normal -0.52421 0.851589 0
    outer loop
      vertex -7.20534 16.0921 58
      vertex -7.12915 16.139 57.4
      vertex -7.20534 16.0921 57.4
    endloop
  endfacet
  facet normal -0.573056 0.819516 0
    outer loop
      vertex -7.05879 16.1882 57.4
      vertex -7.12915 16.139 58
      vertex -7.05879 16.1882 58
    endloop
  endfacet
  facet normal -0.573056 0.819516 0
    outer loop
      vertex -7.12915 16.139 58
      vertex -7.05879 16.1882 57.4
      vertex -7.12915 16.139 57.4
    endloop
  endfacet
  facet normal -0.623038 0.782192 0
    outer loop
      vertex -6.99426 16.2396 57.4
      vertex -7.05879 16.1882 58
      vertex -6.99426 16.2396 58
    endloop
  endfacet
  facet normal -0.623038 0.782192 0
    outer loop
      vertex -7.05879 16.1882 58
      vertex -6.99426 16.2396 57.4
      vertex -7.05879 16.1882 57.4
    endloop
  endfacet
  facet normal -0.674922 0.737889 0
    outer loop
      vertex -6.93555 16.2933 57.4
      vertex -6.99426 16.2396 58
      vertex -6.93555 16.2933 58
    endloop
  endfacet
  facet normal -0.674922 0.737889 0
    outer loop
      vertex -6.99426 16.2396 58
      vertex -6.93555 16.2933 57.4
      vertex -6.99426 16.2396 57.4
    endloop
  endfacet
  facet normal -0.726458 0.687211 0
    outer loop
      vertex -6.93555 16.2933 57.4
      vertex -6.88267 16.3492 58
      vertex -6.88267 16.3492 57.4
    endloop
  endfacet
  facet normal -0.726458 0.687211 0
    outer loop
      vertex -6.88267 16.3492 58
      vertex -6.93555 16.2933 57.4
      vertex -6.93555 16.2933 58
    endloop
  endfacet
  facet normal -0.777534 0.628841 0
    outer loop
      vertex -6.88267 16.3492 57.4
      vertex -6.8356 16.4074 58
      vertex -6.8356 16.4074 57.4
    endloop
  endfacet
  facet normal -0.777534 0.628841 0
    outer loop
      vertex -6.8356 16.4074 58
      vertex -6.88267 16.3492 57.4
      vertex -6.88267 16.3492 58
    endloop
  endfacet
  facet normal -0.825921 0.563787 0
    outer loop
      vertex -6.8356 16.4074 57.4
      vertex -6.79437 16.4678 58
      vertex -6.79437 16.4678 57.4
    endloop
  endfacet
  facet normal -0.825921 0.563787 0
    outer loop
      vertex -6.79437 16.4678 58
      vertex -6.8356 16.4074 57.4
      vertex -6.8356 16.4074 58
    endloop
  endfacet
  facet normal -0.871523 0.490355 0
    outer loop
      vertex -6.79437 16.4678 57.4
      vertex -6.75943 16.5299 58
      vertex -6.75943 16.5299 57.4
    endloop
  endfacet
  facet normal -0.871523 0.490355 0
    outer loop
      vertex -6.75943 16.5299 58
      vertex -6.79437 16.4678 57.4
      vertex -6.79437 16.4678 58
    endloop
  endfacet
  facet normal -0.913322 0.407238 0
    outer loop
      vertex -6.75943 16.5299 57.4
      vertex -6.73125 16.5931 58
      vertex -6.73125 16.5931 57.4
    endloop
  endfacet
  facet normal -0.913322 0.407238 0
    outer loop
      vertex -6.73125 16.5931 58
      vertex -6.75943 16.5299 57.4
      vertex -6.75943 16.5299 58
    endloop
  endfacet
  facet normal -0.948831 0.315785 0
    outer loop
      vertex -6.73125 16.5931 57.4
      vertex -6.70985 16.6574 58
      vertex -6.70985 16.6574 57.4
    endloop
  endfacet
  facet normal -0.948831 0.315785 0
    outer loop
      vertex -6.70985 16.6574 58
      vertex -6.73125 16.5931 57.4
      vertex -6.73125 16.5931 58
    endloop
  endfacet
  facet normal -0.975753 0.218873 0
    outer loop
      vertex -6.70985 16.6574 57.4
      vertex -6.69518 16.7228 58
      vertex -6.69518 16.7228 57.4
    endloop
  endfacet
  facet normal -0.975753 0.218873 0
    outer loop
      vertex -6.69518 16.7228 58
      vertex -6.70985 16.6574 57.4
      vertex -6.70985 16.6574 58
    endloop
  endfacet
  facet normal -0.992979 0.11829 0
    outer loop
      vertex -6.69518 16.7228 57.4
      vertex -6.68727 16.7892 58
      vertex -6.68727 16.7892 57.4
    endloop
  endfacet
  facet normal -0.992979 0.11829 0
    outer loop
      vertex -6.68727 16.7892 58
      vertex -6.69518 16.7228 57.4
      vertex -6.69518 16.7228 58
    endloop
  endfacet
  facet normal -0.999858 0.0168615 0
    outer loop
      vertex -6.68727 16.7892 57.4
      vertex -6.68613 16.8568 58
      vertex -6.68613 16.8568 57.4
    endloop
  endfacet
  facet normal -0.999858 0.0168615 0
    outer loop
      vertex -6.68613 16.8568 58
      vertex -6.68727 16.7892 57.4
      vertex -6.68727 16.7892 58
    endloop
  endfacet
  facet normal -0.996673 -0.0815063 0
    outer loop
      vertex -6.68613 16.8568 57.4
      vertex -6.69174 16.9254 58
      vertex -6.69174 16.9254 57.4
    endloop
  endfacet
  facet normal -0.996673 -0.0815063 0
    outer loop
      vertex -6.69174 16.9254 58
      vertex -6.68613 16.8568 57.4
      vertex -6.68613 16.8568 58
    endloop
  endfacet
  facet normal -0.984638 -0.174607 0
    outer loop
      vertex -6.69174 16.9254 57.4
      vertex -6.7041 16.9951 58
      vertex -6.7041 16.9951 57.4
    endloop
  endfacet
  facet normal -0.984638 -0.174607 0
    outer loop
      vertex -6.7041 16.9951 58
      vertex -6.69174 16.9254 57.4
      vertex -6.69174 16.9254 58
    endloop
  endfacet
  facet normal -0.965381 -0.260844 0
    outer loop
      vertex -6.7041 16.9951 57.4
      vertex -6.72323 17.0659 58
      vertex -6.72323 17.0659 57.4
    endloop
  endfacet
  facet normal -0.965381 -0.260844 0
    outer loop
      vertex -6.72323 17.0659 58
      vertex -6.7041 16.9951 57.4
      vertex -6.7041 16.9951 58
    endloop
  endfacet
  facet normal -0.940904 -0.338673 0
    outer loop
      vertex -6.72323 17.0659 57.4
      vertex -6.74911 17.1378 58
      vertex -6.74911 17.1378 57.4
    endloop
  endfacet
  facet normal -0.940904 -0.338673 0
    outer loop
      vertex -6.74911 17.1378 58
      vertex -6.72323 17.0659 57.4
      vertex -6.72323 17.0659 58
    endloop
  endfacet
  facet normal -0.914956 -0.403555 0
    outer loop
      vertex -6.74911 17.1378 57.4
      vertex -6.77231 17.1904 58
      vertex -6.77231 17.1904 57.4
    endloop
  endfacet
  facet normal -0.914956 -0.403555 0
    outer loop
      vertex -6.77231 17.1904 58
      vertex -6.74911 17.1378 57.4
      vertex -6.74911 17.1378 58
    endloop
  endfacet
  facet normal -0.88575 -0.464162 0
    outer loop
      vertex -6.77231 17.1904 57.4
      vertex -6.79804 17.2395 58
      vertex -6.79804 17.2395 57.4
    endloop
  endfacet
  facet normal -0.88575 -0.464162 0
    outer loop
      vertex -6.79804 17.2395 58
      vertex -6.77231 17.1904 57.4
      vertex -6.77231 17.1904 58
    endloop
  endfacet
  facet normal -0.849652 -0.527344 0
    outer loop
      vertex -6.79804 17.2395 57.4
      vertex -6.82628 17.285 58
      vertex -6.82628 17.285 57.4
    endloop
  endfacet
  facet normal -0.849652 -0.527344 0
    outer loop
      vertex -6.82628 17.285 58
      vertex -6.79804 17.2395 57.4
      vertex -6.79804 17.2395 58
    endloop
  endfacet
  facet normal -0.807623 -0.589699 0
    outer loop
      vertex -6.82628 17.285 57.4
      vertex -6.85702 17.3271 58
      vertex -6.85702 17.3271 57.4
    endloop
  endfacet
  facet normal -0.807623 -0.589699 0
    outer loop
      vertex -6.85702 17.3271 58
      vertex -6.82628 17.285 57.4
      vertex -6.82628 17.285 58
    endloop
  endfacet
  facet normal -0.757467 -0.652874 0
    outer loop
      vertex -6.85702 17.3271 57.4
      vertex -6.89029 17.3657 58
      vertex -6.89029 17.3657 57.4
    endloop
  endfacet
  facet normal -0.757467 -0.652874 0
    outer loop
      vertex -6.89029 17.3657 58
      vertex -6.85702 17.3271 57.4
      vertex -6.85702 17.3271 58
    endloop
  endfacet
  facet normal -0.700191 -0.713956 0
    outer loop
      vertex -6.92608 17.4008 57.4
      vertex -6.89029 17.3657 58
      vertex -6.92608 17.4008 58
    endloop
  endfacet
  facet normal -0.700191 -0.713956 -0
    outer loop
      vertex -6.89029 17.3657 58
      vertex -6.92608 17.4008 57.4
      vertex -6.89029 17.3657 57.4
    endloop
  endfacet
  facet normal -0.636512 -0.771267 0
    outer loop
      vertex -6.96437 17.4324 57.4
      vertex -6.92608 17.4008 58
      vertex -6.96437 17.4324 58
    endloop
  endfacet
  facet normal -0.636512 -0.771267 -0
    outer loop
      vertex -6.92608 17.4008 58
      vertex -6.96437 17.4324 57.4
      vertex -6.92608 17.4008 57.4
    endloop
  endfacet
  facet normal -0.56712 -0.823635 0
    outer loop
      vertex -7.00518 17.4605 57.4
      vertex -6.96437 17.4324 58
      vertex -7.00518 17.4605 58
    endloop
  endfacet
  facet normal -0.56712 -0.823635 -0
    outer loop
      vertex -6.96437 17.4324 58
      vertex -7.00518 17.4605 57.4
      vertex -6.96437 17.4324 57.4
    endloop
  endfacet
  facet normal -0.493802 -0.869574 0
    outer loop
      vertex -7.0485 17.4851 57.4
      vertex -7.00518 17.4605 58
      vertex -7.0485 17.4851 58
    endloop
  endfacet
  facet normal -0.493802 -0.869574 -0
    outer loop
      vertex -7.00518 17.4605 58
      vertex -7.0485 17.4851 57.4
      vertex -7.00518 17.4605 57.4
    endloop
  endfacet
  facet normal -0.418279 -0.908319 0
    outer loop
      vertex -7.09432 17.5062 57.4
      vertex -7.0485 17.4851 58
      vertex -7.09432 17.5062 58
    endloop
  endfacet
  facet normal -0.418279 -0.908319 -0
    outer loop
      vertex -7.0485 17.4851 58
      vertex -7.09432 17.5062 57.4
      vertex -7.0485 17.4851 57.4
    endloop
  endfacet
  facet normal -0.341712 -0.939805 0
    outer loop
      vertex -7.14245 17.5237 57.4
      vertex -7.09432 17.5062 58
      vertex -7.14245 17.5237 58
    endloop
  endfacet
  facet normal -0.341712 -0.939805 -0
    outer loop
      vertex -7.09432 17.5062 58
      vertex -7.14245 17.5237 57.4
      vertex -7.09432 17.5062 57.4
    endloop
  endfacet
  facet normal -0.263378 -0.964693 0
    outer loop
      vertex -7.19263 17.5374 57.4
      vertex -7.14245 17.5237 58
      vertex -7.19263 17.5374 58
    endloop
  endfacet
  facet normal -0.263378 -0.964693 -0
    outer loop
      vertex -7.14245 17.5237 58
      vertex -7.19263 17.5374 57.4
      vertex -7.14245 17.5237 57.4
    endloop
  endfacet
  facet normal -0.186299 -0.982493 0
    outer loop
      vertex -7.24484 17.5473 57.4
      vertex -7.19263 17.5374 58
      vertex -7.24484 17.5473 58
    endloop
  endfacet
  facet normal -0.186299 -0.982493 -0
    outer loop
      vertex -7.19263 17.5374 58
      vertex -7.24484 17.5473 57.4
      vertex -7.19263 17.5374 57.4
    endloop
  endfacet
  facet normal -0.111718 -0.99374 0
    outer loop
      vertex -7.2991 17.5534 57.4
      vertex -7.24484 17.5473 58
      vertex -7.2991 17.5534 58
    endloop
  endfacet
  facet normal -0.111718 -0.99374 -0
    outer loop
      vertex -7.24484 17.5473 58
      vertex -7.2991 17.5534 57.4
      vertex -7.24484 17.5473 57.4
    endloop
  endfacet
  facet normal -0.0408185 -0.999167 0
    outer loop
      vertex -7.3554 17.5557 57.4
      vertex -7.2991 17.5534 58
      vertex -7.3554 17.5557 58
    endloop
  endfacet
  facet normal -0.0408185 -0.999167 -0
    outer loop
      vertex -7.2991 17.5534 58
      vertex -7.3554 17.5557 57.4
      vertex -7.2991 17.5534 57.4
    endloop
  endfacet
  facet normal 0.0256985 -0.99967 0
    outer loop
      vertex -7.41375 17.5542 57.4
      vertex -7.3554 17.5557 58
      vertex -7.41375 17.5542 58
    endloop
  endfacet
  facet normal 0.0256985 -0.99967 0
    outer loop
      vertex -7.3554 17.5557 58
      vertex -7.41375 17.5542 57.4
      vertex -7.3554 17.5557 57.4
    endloop
  endfacet
  facet normal 0.0857895 -0.996313 0
    outer loop
      vertex -7.47414 17.549 57.4
      vertex -7.41375 17.5542 58
      vertex -7.47414 17.549 58
    endloop
  endfacet
  facet normal 0.0857895 -0.996313 0
    outer loop
      vertex -7.41375 17.5542 58
      vertex -7.47414 17.549 57.4
      vertex -7.41375 17.5542 57.4
    endloop
  endfacet
  facet normal 0.144194 -0.989549 0
    outer loop
      vertex -7.53659 17.5399 57.4
      vertex -7.47414 17.549 58
      vertex -7.53659 17.5399 58
    endloop
  endfacet
  facet normal 0.144194 -0.989549 0
    outer loop
      vertex -7.47414 17.549 58
      vertex -7.53659 17.5399 57.4
      vertex -7.47414 17.549 57.4
    endloop
  endfacet
  facet normal 0.194683 -0.980866 0
    outer loop
      vertex -7.60108 17.5271 57.4
      vertex -7.53659 17.5399 58
      vertex -7.60108 17.5271 58
    endloop
  endfacet
  facet normal 0.194683 -0.980866 0
    outer loop
      vertex -7.53659 17.5399 58
      vertex -7.60108 17.5271 57.4
      vertex -7.53659 17.5399 57.4
    endloop
  endfacet
  facet normal 0.24209 -0.970254 0
    outer loop
      vertex -7.66761 17.5105 57.4
      vertex -7.60108 17.5271 58
      vertex -7.66761 17.5105 58
    endloop
  endfacet
  facet normal 0.24209 -0.970254 0
    outer loop
      vertex -7.60108 17.5271 58
      vertex -7.66761 17.5105 57.4
      vertex -7.60108 17.5271 57.4
    endloop
  endfacet
  facet normal -0.579444 0.815012 0
    outer loop
      vertex -7.62246 17.5426 57.4
      vertex -7.66761 17.5105 58
      vertex -7.62246 17.5426 58
    endloop
  endfacet
  facet normal -0.579444 0.815012 0
    outer loop
      vertex -7.66761 17.5105 58
      vertex -7.62246 17.5426 57.4
      vertex -7.66761 17.5105 57.4
    endloop
  endfacet
  facet normal -0.621347 0.783535 0
    outer loop
      vertex -7.58072 17.5757 57.4
      vertex -7.62246 17.5426 58
      vertex -7.58072 17.5757 58
    endloop
  endfacet
  facet normal -0.621347 0.783535 0
    outer loop
      vertex -7.62246 17.5426 58
      vertex -7.58072 17.5757 57.4
      vertex -7.62246 17.5426 57.4
    endloop
  endfacet
  facet normal -0.665066 0.746785 0
    outer loop
      vertex -7.54243 17.6098 57.4
      vertex -7.58072 17.5757 58
      vertex -7.54243 17.6098 58
    endloop
  endfacet
  facet normal -0.665066 0.746785 0
    outer loop
      vertex -7.58072 17.5757 58
      vertex -7.54243 17.6098 57.4
      vertex -7.58072 17.5757 57.4
    endloop
  endfacet
  facet normal -0.708725 0.705485 0
    outer loop
      vertex -7.54243 17.6098 57.4
      vertex -7.50759 17.6448 58
      vertex -7.50759 17.6448 57.4
    endloop
  endfacet
  facet normal -0.708725 0.705485 0
    outer loop
      vertex -7.50759 17.6448 58
      vertex -7.54243 17.6098 57.4
      vertex -7.54243 17.6098 58
    endloop
  endfacet
  facet normal -0.753302 0.657675 0
    outer loop
      vertex -7.50759 17.6448 57.4
      vertex -7.47616 17.6808 58
      vertex -7.47616 17.6808 57.4
    endloop
  endfacet
  facet normal -0.753302 0.657675 0
    outer loop
      vertex -7.47616 17.6808 58
      vertex -7.50759 17.6448 57.4
      vertex -7.50759 17.6448 58
    endloop
  endfacet
  facet normal -0.797614 0.603168 0
    outer loop
      vertex -7.47616 17.6808 57.4
      vertex -7.44818 17.7178 58
      vertex -7.44818 17.7178 57.4
    endloop
  endfacet
  facet normal -0.797614 0.603168 0
    outer loop
      vertex -7.44818 17.7178 58
      vertex -7.47616 17.6808 57.4
      vertex -7.47616 17.6808 58
    endloop
  endfacet
  facet normal -0.839505 0.543352 0
    outer loop
      vertex -7.44818 17.7178 57.4
      vertex -7.42365 17.7557 58
      vertex -7.42365 17.7557 57.4
    endloop
  endfacet
  facet normal -0.839505 0.543352 0
    outer loop
      vertex -7.42365 17.7557 58
      vertex -7.44818 17.7178 57.4
      vertex -7.44818 17.7178 58
    endloop
  endfacet
  facet normal -0.878501 0.477741 0
    outer loop
      vertex -7.42365 17.7557 57.4
      vertex -7.40255 17.7945 58
      vertex -7.40255 17.7945 57.4
    endloop
  endfacet
  facet normal -0.878501 0.477741 0
    outer loop
      vertex -7.40255 17.7945 58
      vertex -7.42365 17.7557 57.4
      vertex -7.42365 17.7557 58
    endloop
  endfacet
  facet normal -0.913972 0.405776 0
    outer loop
      vertex -7.40255 17.7945 57.4
      vertex -7.38488 17.8343 58
      vertex -7.38488 17.8343 57.4
    endloop
  endfacet
  facet normal -0.913972 0.405776 0
    outer loop
      vertex -7.38488 17.8343 58
      vertex -7.40255 17.7945 57.4
      vertex -7.40255 17.7945 58
    endloop
  endfacet
  facet normal -0.944219 0.329319 0
    outer loop
      vertex -7.38488 17.8343 57.4
      vertex -7.37065 17.8751 58
      vertex -7.37065 17.8751 57.4
    endloop
  endfacet
  facet normal -0.944219 0.329319 0
    outer loop
      vertex -7.37065 17.8751 58
      vertex -7.38488 17.8343 57.4
      vertex -7.38488 17.8343 58
    endloop
  endfacet
  facet normal -0.966793 0.25556 0
    outer loop
      vertex -7.37065 17.8751 57.4
      vertex -7.35968 17.9166 58
      vertex -7.35968 17.9166 57.4
    endloop
  endfacet
  facet normal -0.966793 0.25556 0
    outer loop
      vertex -7.35968 17.9166 58
      vertex -7.37065 17.8751 57.4
      vertex -7.37065 17.8751 58
    endloop
  endfacet
  facet normal -0.982648 0.185481 0
    outer loop
      vertex -7.35968 17.9166 57.4
      vertex -7.35179 17.9584 58
      vertex -7.35179 17.9584 57.4
    endloop
  endfacet
  facet normal -0.982648 0.185481 0
    outer loop
      vertex -7.35179 17.9584 58
      vertex -7.35968 17.9166 57.4
      vertex -7.35968 17.9166 58
    endloop
  endfacet
  facet normal -0.993597 0.112983 0
    outer loop
      vertex -7.35179 17.9584 57.4
      vertex -7.34698 18.0007 58
      vertex -7.34698 18.0007 57.4
    endloop
  endfacet
  facet normal -0.993597 0.112983 0
    outer loop
      vertex -7.34698 18.0007 58
      vertex -7.35179 17.9584 57.4
      vertex -7.35179 17.9584 58
    endloop
  endfacet
  facet normal -0.999161 0.0409492 0
    outer loop
      vertex -7.34698 18.0007 57.4
      vertex -7.34523 18.0434 58
      vertex -7.34523 18.0434 57.4
    endloop
  endfacet
  facet normal -0.999161 0.0409492 0
    outer loop
      vertex -7.34523 18.0434 58
      vertex -7.34698 18.0007 57.4
      vertex -7.34698 18.0007 58
    endloop
  endfacet
  facet normal -0.9995 -0.0316121 0
    outer loop
      vertex -7.34523 18.0434 57.4
      vertex -7.34659 18.0864 58
      vertex -7.34659 18.0864 57.4
    endloop
  endfacet
  facet normal -0.9995 -0.0316121 0
    outer loop
      vertex -7.34659 18.0864 58
      vertex -7.34523 18.0434 57.4
      vertex -7.34523 18.0434 58
    endloop
  endfacet
  facet normal -0.994854 -0.101315 0
    outer loop
      vertex -7.34659 18.0864 57.4
      vertex -7.35102 18.1299 58
      vertex -7.35102 18.1299 57.4
    endloop
  endfacet
  facet normal -0.994854 -0.101315 0
    outer loop
      vertex -7.35102 18.1299 58
      vertex -7.34659 18.0864 57.4
      vertex -7.34659 18.0864 58
    endloop
  endfacet
  facet normal -0.985718 -0.168403 0
    outer loop
      vertex -7.35102 18.1299 57.4
      vertex -7.35852 18.1738 58
      vertex -7.35852 18.1738 57.4
    endloop
  endfacet
  facet normal -0.985718 -0.168403 0
    outer loop
      vertex -7.35852 18.1738 58
      vertex -7.35102 18.1299 57.4
      vertex -7.35102 18.1299 58
    endloop
  endfacet
  facet normal -0.972427 -0.233207 0
    outer loop
      vertex -7.35852 18.1738 57.4
      vertex -7.36912 18.218 58
      vertex -7.36912 18.218 57.4
    endloop
  endfacet
  facet normal -0.972427 -0.233207 0
    outer loop
      vertex -7.36912 18.218 58
      vertex -7.35852 18.1738 57.4
      vertex -7.35852 18.1738 58
    endloop
  endfacet
  facet normal -0.956342 -0.292251 0
    outer loop
      vertex -7.36912 18.218 57.4
      vertex -7.38278 18.2627 58
      vertex -7.38278 18.2627 57.4
    endloop
  endfacet
  facet normal -0.956342 -0.292251 0
    outer loop
      vertex -7.38278 18.2627 58
      vertex -7.36912 18.218 57.4
      vertex -7.36912 18.218 58
    endloop
  endfacet
  facet normal -0.937435 -0.34816 0
    outer loop
      vertex -7.38278 18.2627 57.4
      vertex -7.39953 18.3078 58
      vertex -7.39953 18.3078 57.4
    endloop
  endfacet
  facet normal -0.937435 -0.34816 0
    outer loop
      vertex -7.39953 18.3078 58
      vertex -7.38278 18.2627 57.4
      vertex -7.38278 18.2627 58
    endloop
  endfacet
  facet normal -0.911733 -0.410784 0
    outer loop
      vertex -7.39953 18.3078 57.4
      vertex -7.42805 18.3711 58
      vertex -7.42805 18.3711 57.4
    endloop
  endfacet
  facet normal -0.911733 -0.410784 0
    outer loop
      vertex -7.42805 18.3711 58
      vertex -7.39953 18.3078 57.4
      vertex -7.39953 18.3078 58
    endloop
  endfacet
  facet normal -0.875007 -0.48411 0
    outer loop
      vertex -7.42805 18.3711 57.4
      vertex -7.46025 18.4293 58
      vertex -7.46025 18.4293 57.4
    endloop
  endfacet
  facet normal -0.875007 -0.48411 0
    outer loop
      vertex -7.46025 18.4293 58
      vertex -7.42805 18.3711 57.4
      vertex -7.42805 18.3711 58
    endloop
  endfacet
  facet normal -0.827232 -0.561861 0
    outer loop
      vertex -7.46025 18.4293 57.4
      vertex -7.49618 18.4822 58
      vertex -7.49618 18.4822 57.4
    endloop
  endfacet
  facet normal -0.827232 -0.561861 0
    outer loop
      vertex -7.49618 18.4822 58
      vertex -7.46025 18.4293 57.4
      vertex -7.46025 18.4293 58
    endloop
  endfacet
  facet normal -0.769489 -0.63866 0
    outer loop
      vertex -7.49618 18.4822 57.4
      vertex -7.53577 18.5299 58
      vertex -7.53577 18.5299 57.4
    endloop
  endfacet
  facet normal -0.769489 -0.63866 0
    outer loop
      vertex -7.53577 18.5299 58
      vertex -7.49618 18.4822 57.4
      vertex -7.49618 18.4822 58
    endloop
  endfacet
  facet normal -0.69956 -0.714574 0
    outer loop
      vertex -7.57908 18.5723 57.4
      vertex -7.53577 18.5299 58
      vertex -7.57908 18.5723 58
    endloop
  endfacet
  facet normal -0.69956 -0.714574 -0
    outer loop
      vertex -7.53577 18.5299 58
      vertex -7.57908 18.5723 57.4
      vertex -7.53577 18.5299 57.4
    endloop
  endfacet
  facet normal -0.620699 -0.784049 0
    outer loop
      vertex -7.62607 18.6095 57.4
      vertex -7.57908 18.5723 58
      vertex -7.62607 18.6095 58
    endloop
  endfacet
  facet normal -0.620699 -0.784049 -0
    outer loop
      vertex -7.57908 18.5723 58
      vertex -7.62607 18.6095 57.4
      vertex -7.57908 18.5723 57.4
    endloop
  endfacet
  facet normal -0.532548 -0.8464 0
    outer loop
      vertex -7.67677 18.6414 57.4
      vertex -7.62607 18.6095 58
      vertex -7.67677 18.6414 58
    endloop
  endfacet
  facet normal -0.532548 -0.8464 -0
    outer loop
      vertex -7.62607 18.6095 58
      vertex -7.67677 18.6414 57.4
      vertex -7.62607 18.6095 57.4
    endloop
  endfacet
  facet normal -0.440666 -0.897671 0
    outer loop
      vertex -7.73116 18.6681 57.4
      vertex -7.67677 18.6414 58
      vertex -7.73116 18.6681 58
    endloop
  endfacet
  facet normal -0.440666 -0.897671 -0
    outer loop
      vertex -7.67677 18.6414 58
      vertex -7.73116 18.6681 57.4
      vertex -7.67677 18.6414 57.4
    endloop
  endfacet
  facet normal -0.345735 -0.938332 0
    outer loop
      vertex -7.78924 18.6895 57.4
      vertex -7.73116 18.6681 58
      vertex -7.78924 18.6895 58
    endloop
  endfacet
  facet normal -0.345735 -0.938332 -0
    outer loop
      vertex -7.73116 18.6681 58
      vertex -7.78924 18.6895 57.4
      vertex -7.73116 18.6681 57.4
    endloop
  endfacet
  facet normal -0.253684 -0.967287 0
    outer loop
      vertex -7.85101 18.7057 57.4
      vertex -7.78924 18.6895 58
      vertex -7.85101 18.7057 58
    endloop
  endfacet
  facet normal -0.253684 -0.967287 -0
    outer loop
      vertex -7.78924 18.6895 58
      vertex -7.85101 18.7057 57.4
      vertex -7.78924 18.6895 57.4
    endloop
  endfacet
  facet normal -0.164619 -0.986357 0
    outer loop
      vertex -7.91632 18.7166 57.4
      vertex -7.85101 18.7057 58
      vertex -7.91632 18.7166 58
    endloop
  endfacet
  facet normal -0.164619 -0.986357 -0
    outer loop
      vertex -7.85101 18.7057 58
      vertex -7.91632 18.7166 57.4
      vertex -7.85101 18.7057 57.4
    endloop
  endfacet
  facet normal -0.0812444 -0.996694 0
    outer loop
      vertex -7.98502 18.7222 57.4
      vertex -7.91632 18.7166 58
      vertex -7.98502 18.7222 58
    endloop
  endfacet
  facet normal -0.0812444 -0.996694 -0
    outer loop
      vertex -7.91632 18.7166 58
      vertex -7.98502 18.7222 57.4
      vertex -7.91632 18.7166 57.4
    endloop
  endfacet
  facet normal -0.00555239 -0.999985 0
    outer loop
      vertex -8.05706 18.7226 57.4
      vertex -7.98502 18.7222 58
      vertex -8.05706 18.7226 58
    endloop
  endfacet
  facet normal -0.00555239 -0.999985 -0
    outer loop
      vertex -7.98502 18.7222 58
      vertex -8.05706 18.7226 57.4
      vertex -7.98502 18.7222 57.4
    endloop
  endfacet
  facet normal 0.0661415 -0.99781 0
    outer loop
      vertex -8.13249 18.7176 57.4
      vertex -8.05706 18.7226 58
      vertex -8.13249 18.7176 58
    endloop
  endfacet
  facet normal 0.0661415 -0.99781 0
    outer loop
      vertex -8.05706 18.7226 58
      vertex -8.13249 18.7176 57.4
      vertex -8.05706 18.7226 57.4
    endloop
  endfacet
  facet normal 0.128371 -0.991726 0
    outer loop
      vertex -8.21129 18.7074 57.4
      vertex -8.13249 18.7176 58
      vertex -8.21129 18.7074 58
    endloop
  endfacet
  facet normal 0.128371 -0.991726 0
    outer loop
      vertex -8.13249 18.7176 58
      vertex -8.21129 18.7074 57.4
      vertex -8.13249 18.7176 57.4
    endloop
  endfacet
  facet normal 0.185408 -0.982662 0
    outer loop
      vertex -8.29344 18.6919 57.4
      vertex -8.21129 18.7074 58
      vertex -8.29344 18.6919 58
    endloop
  endfacet
  facet normal 0.185408 -0.982662 0
    outer loop
      vertex -8.21129 18.7074 58
      vertex -8.29344 18.6919 57.4
      vertex -8.21129 18.7074 57.4
    endloop
  endfacet
  facet normal 0.23625 -0.971692 0
    outer loop
      vertex -8.37899 18.6711 57.4
      vertex -8.29344 18.6919 58
      vertex -8.37899 18.6711 58
    endloop
  endfacet
  facet normal 0.23625 -0.971692 0
    outer loop
      vertex -8.29344 18.6919 58
      vertex -8.37899 18.6711 57.4
      vertex -8.29344 18.6919 57.4
    endloop
  endfacet
  facet normal 0.281699 -0.959503 0
    outer loop
      vertex -8.46789 18.645 57.4
      vertex -8.37899 18.6711 58
      vertex -8.46789 18.645 58
    endloop
  endfacet
  facet normal 0.281699 -0.959503 0
    outer loop
      vertex -8.37899 18.6711 58
      vertex -8.46789 18.645 57.4
      vertex -8.37899 18.6711 57.4
    endloop
  endfacet
  facet normal 0.322162 -0.946685 0
    outer loop
      vertex -8.56016 18.6136 57.4
      vertex -8.46789 18.645 58
      vertex -8.56016 18.6136 58
    endloop
  endfacet
  facet normal 0.322162 -0.946685 0
    outer loop
      vertex -8.46789 18.645 58
      vertex -8.56016 18.6136 57.4
      vertex -8.46789 18.645 57.4
    endloop
  endfacet
  facet normal 0.358194 -0.933647 0
    outer loop
      vertex -8.65582 18.5769 57.4
      vertex -8.56016 18.6136 58
      vertex -8.65582 18.5769 58
    endloop
  endfacet
  facet normal 0.358194 -0.933647 0
    outer loop
      vertex -8.56016 18.6136 58
      vertex -8.65582 18.5769 57.4
      vertex -8.56016 18.6136 57.4
    endloop
  endfacet
  facet normal 0.374576 -0.927196 0
    outer loop
      vertex -9.87244 18.0854 57.4
      vertex -8.65582 18.5769 58
      vertex -9.87244 18.0854 58
    endloop
  endfacet
  facet normal 0.374576 -0.927196 0
    outer loop
      vertex -8.65582 18.5769 58
      vertex -9.87244 18.0854 57.4
      vertex -8.65582 18.5769 57.4
    endloop
  endfacet
  facet normal 0.927183 0.374609 0
    outer loop
      vertex -8.79865 15.4277 58
      vertex -9.87244 18.0854 57.4
      vertex -9.87244 18.0854 58
    endloop
  endfacet
  facet normal 0.927183 0.374609 0
    outer loop
      vertex -9.87244 18.0854 57.4
      vertex -8.79865 15.4277 58
      vertex -8.79865 15.4277 57.4
    endloop
  endfacet
  facet normal -0.374565 0.927201 0
    outer loop
      vertex -7.46886 15.9649 57.4
      vertex -8.79865 15.4277 58
      vertex -7.46886 15.9649 58
    endloop
  endfacet
  facet normal -0.374565 0.927201 0
    outer loop
      vertex -8.79865 15.4277 58
      vertex -7.46886 15.9649 57.4
      vertex -8.79865 15.4277 57.4
    endloop
  endfacet
  facet normal -0.394381 0.918947 0
    outer loop
      vertex -7.37519 16.0051 57.4
      vertex -7.46886 15.9649 58
      vertex -7.37519 16.0051 58
    endloop
  endfacet
  facet normal -0.394381 0.918947 0
    outer loop
      vertex -7.46886 15.9649 58
      vertex -7.37519 16.0051 57.4
      vertex -7.46886 15.9649 57.4
    endloop
  endfacet
  facet normal -0.927184 -0.374606 0
    outer loop
      vertex -8.88312 17.2388 57.4
      vertex -9.14909 17.8971 58
      vertex -9.14909 17.8971 57.4
    endloop
  endfacet
  facet normal -0.927184 -0.374606 0
    outer loop
      vertex -9.14909 17.8971 58
      vertex -8.88312 17.2388 57.4
      vertex -8.88312 17.2388 58
    endloop
  endfacet
  facet normal -0.374657 0.927163 0
    outer loop
      vertex -8.51532 18.1532 57.4
      vertex -9.14909 17.8971 58
      vertex -8.51532 18.1532 58
    endloop
  endfacet
  facet normal -0.374657 0.927163 0
    outer loop
      vertex -9.14909 17.8971 58
      vertex -8.51532 18.1532 57.4
      vertex -9.14909 17.8971 57.4
    endloop
  endfacet
  facet normal -0.357773 0.933809 0
    outer loop
      vertex -8.47121 18.1701 57.4
      vertex -8.51532 18.1532 58
      vertex -8.47121 18.1701 58
    endloop
  endfacet
  facet normal -0.357773 0.933809 0
    outer loop
      vertex -8.51532 18.1532 58
      vertex -8.47121 18.1701 57.4
      vertex -8.51532 18.1532 57.4
    endloop
  endfacet
  facet normal -0.322969 0.94641 0
    outer loop
      vertex -8.42872 18.1846 57.4
      vertex -8.47121 18.1701 58
      vertex -8.42872 18.1846 58
    endloop
  endfacet
  facet normal -0.322969 0.94641 0
    outer loop
      vertex -8.47121 18.1701 58
      vertex -8.42872 18.1846 57.4
      vertex -8.47121 18.1701 57.4
    endloop
  endfacet
  facet normal -0.285843 0.958277 0
    outer loop
      vertex -8.38782 18.1968 57.4
      vertex -8.42872 18.1846 58
      vertex -8.38782 18.1968 58
    endloop
  endfacet
  facet normal -0.285843 0.958277 0
    outer loop
      vertex -8.42872 18.1846 58
      vertex -8.38782 18.1968 57.4
      vertex -8.42872 18.1846 57.4
    endloop
  endfacet
  facet normal -0.239628 0.970865 0
    outer loop
      vertex -8.34852 18.2065 57.4
      vertex -8.38782 18.1968 58
      vertex -8.34852 18.2065 58
    endloop
  endfacet
  facet normal -0.239628 0.970865 0
    outer loop
      vertex -8.38782 18.1968 58
      vertex -8.34852 18.2065 57.4
      vertex -8.38782 18.1968 57.4
    endloop
  endfacet
  facet normal -0.190103 0.981764 0
    outer loop
      vertex -8.31082 18.2138 57.4
      vertex -8.34852 18.2065 58
      vertex -8.31082 18.2138 58
    endloop
  endfacet
  facet normal -0.190103 0.981764 0
    outer loop
      vertex -8.34852 18.2065 58
      vertex -8.31082 18.2138 57.4
      vertex -8.34852 18.2065 57.4
    endloop
  endfacet
  facet normal -0.137157 0.990549 0
    outer loop
      vertex -8.27471 18.2188 57.4
      vertex -8.31082 18.2138 58
      vertex -8.27471 18.2188 58
    endloop
  endfacet
  facet normal -0.137157 0.990549 0
    outer loop
      vertex -8.31082 18.2138 58
      vertex -8.27471 18.2188 57.4
      vertex -8.31082 18.2138 57.4
    endloop
  endfacet
  facet normal -0.0722534 0.997386 0
    outer loop
      vertex -8.2402 18.2213 57.4
      vertex -8.27471 18.2188 58
      vertex -8.2402 18.2213 58
    endloop
  endfacet
  facet normal -0.0722534 0.997386 0
    outer loop
      vertex -8.27471 18.2188 58
      vertex -8.2402 18.2213 57.4
      vertex -8.27471 18.2188 57.4
    endloop
  endfacet
  facet normal -0.00303858 0.999995 0
    outer loop
      vertex -8.20729 18.2214 57.4
      vertex -8.2402 18.2213 58
      vertex -8.20729 18.2214 58
    endloop
  endfacet
  facet normal -0.00303858 0.999995 0
    outer loop
      vertex -8.2402 18.2213 58
      vertex -8.20729 18.2214 57.4
      vertex -8.2402 18.2213 57.4
    endloop
  endfacet
  facet normal 0.0700923 0.997541 -0
    outer loop
      vertex -8.17598 18.2192 57.4
      vertex -8.20729 18.2214 58
      vertex -8.17598 18.2192 58
    endloop
  endfacet
  facet normal 0.0700923 0.997541 0
    outer loop
      vertex -8.20729 18.2214 58
      vertex -8.17598 18.2192 57.4
      vertex -8.20729 18.2214 57.4
    endloop
  endfacet
  facet normal 0.156201 0.987725 -0
    outer loop
      vertex -8.14626 18.2145 57.4
      vertex -8.17598 18.2192 58
      vertex -8.14626 18.2145 58
    endloop
  endfacet
  facet normal 0.156201 0.987725 0
    outer loop
      vertex -8.17598 18.2192 58
      vertex -8.14626 18.2145 57.4
      vertex -8.17598 18.2192 57.4
    endloop
  endfacet
  facet normal 0.253818 0.967252 -0
    outer loop
      vertex -8.11806 18.2071 57.4
      vertex -8.14626 18.2145 58
      vertex -8.11806 18.2071 58
    endloop
  endfacet
  facet normal 0.253818 0.967252 0
    outer loop
      vertex -8.14626 18.2145 58
      vertex -8.11806 18.2071 57.4
      vertex -8.14626 18.2145 57.4
    endloop
  endfacet
  facet normal 0.359096 0.933301 -0
    outer loop
      vertex -8.09129 18.1968 57.4
      vertex -8.11806 18.2071 58
      vertex -8.09129 18.1968 58
    endloop
  endfacet
  facet normal 0.359096 0.933301 0
    outer loop
      vertex -8.11806 18.2071 58
      vertex -8.09129 18.1968 57.4
      vertex -8.11806 18.2071 57.4
    endloop
  endfacet
  facet normal 0.467904 0.883779 -0
    outer loop
      vertex -8.06598 18.1834 57.4
      vertex -8.09129 18.1968 58
      vertex -8.06598 18.1834 58
    endloop
  endfacet
  facet normal 0.467904 0.883779 0
    outer loop
      vertex -8.09129 18.1968 58
      vertex -8.06598 18.1834 57.4
      vertex -8.09129 18.1968 57.4
    endloop
  endfacet
  facet normal 0.566441 0.824102 -0
    outer loop
      vertex -8.04212 18.167 57.4
      vertex -8.06598 18.1834 58
      vertex -8.04212 18.167 58
    endloop
  endfacet
  facet normal 0.566441 0.824102 0
    outer loop
      vertex -8.06598 18.1834 58
      vertex -8.04212 18.167 57.4
      vertex -8.06598 18.1834 57.4
    endloop
  endfacet
  facet normal 0.652237 0.758015 -0
    outer loop
      vertex -8.01969 18.1477 57.4
      vertex -8.04212 18.167 58
      vertex -8.01969 18.1477 58
    endloop
  endfacet
  facet normal 0.652237 0.758015 0
    outer loop
      vertex -8.04212 18.167 58
      vertex -8.01969 18.1477 57.4
      vertex -8.04212 18.167 57.4
    endloop
  endfacet
  facet normal 0.728497 0.685049 0
    outer loop
      vertex -7.99872 18.1254 58
      vertex -8.01969 18.1477 57.4
      vertex -8.01969 18.1477 58
    endloop
  endfacet
  facet normal 0.728497 0.685049 0
    outer loop
      vertex -8.01969 18.1477 57.4
      vertex -7.99872 18.1254 58
      vertex -7.99872 18.1254 57.4
    endloop
  endfacet
  facet normal 0.792752 0.609545 0
    outer loop
      vertex -7.97919 18.1 58
      vertex -7.99872 18.1254 57.4
      vertex -7.99872 18.1254 58
    endloop
  endfacet
  facet normal 0.792752 0.609545 0
    outer loop
      vertex -7.99872 18.1254 57.4
      vertex -7.97919 18.1 58
      vertex -7.97919 18.1 57.4
    endloop
  endfacet
  facet normal 0.842434 0.5388 0
    outer loop
      vertex -7.96109 18.0717 58
      vertex -7.97919 18.1 57.4
      vertex -7.97919 18.1 58
    endloop
  endfacet
  facet normal 0.842434 0.5388 0
    outer loop
      vertex -7.97919 18.1 57.4
      vertex -7.96109 18.0717 58
      vertex -7.96109 18.0717 57.4
    endloop
  endfacet
  facet normal 0.883596 0.46825 0
    outer loop
      vertex -7.94445 18.0403 58
      vertex -7.96109 18.0717 57.4
      vertex -7.96109 18.0717 58
    endloop
  endfacet
  facet normal 0.883596 0.46825 0
    outer loop
      vertex -7.96109 18.0717 57.4
      vertex -7.94445 18.0403 58
      vertex -7.94445 18.0403 57.4
    endloop
  endfacet
  facet normal 0.914349 0.404926 0
    outer loop
      vertex -7.92926 18.006 58
      vertex -7.94445 18.0403 57.4
      vertex -7.94445 18.0403 58
    endloop
  endfacet
  facet normal 0.914349 0.404926 0
    outer loop
      vertex -7.94445 18.0403 57.4
      vertex -7.92926 18.006 58
      vertex -7.92926 18.006 57.4
    endloop
  endfacet
  facet normal 0.939311 0.343065 0
    outer loop
      vertex -7.91739 17.9735 58
      vertex -7.92926 18.006 57.4
      vertex -7.92926 18.006 58
    endloop
  endfacet
  facet normal 0.939311 0.343065 0
    outer loop
      vertex -7.92926 18.006 57.4
      vertex -7.91739 17.9735 58
      vertex -7.91739 17.9735 57.4
    endloop
  endfacet
  facet normal 0.96119 0.275886 0
    outer loop
      vertex -7.90832 17.9419 58
      vertex -7.91739 17.9735 57.4
      vertex -7.91739 17.9735 58
    endloop
  endfacet
  facet normal 0.96119 0.275886 0
    outer loop
      vertex -7.91739 17.9735 57.4
      vertex -7.90832 17.9419 58
      vertex -7.90832 17.9419 57.4
    endloop
  endfacet
  facet normal 0.980028 0.19886 0
    outer loop
      vertex -7.90205 17.911 58
      vertex -7.90832 17.9419 57.4
      vertex -7.90832 17.9419 58
    endloop
  endfacet
  facet normal 0.980028 0.19886 0
    outer loop
      vertex -7.90832 17.9419 57.4
      vertex -7.90205 17.911 58
      vertex -7.90205 17.911 57.4
    endloop
  endfacet
  facet normal 0.993345 0.115175 0
    outer loop
      vertex -7.89856 17.8809 58
      vertex -7.90205 17.911 57.4
      vertex -7.90205 17.911 58
    endloop
  endfacet
  facet normal 0.993345 0.115175 0
    outer loop
      vertex -7.90205 17.911 57.4
      vertex -7.89856 17.8809 58
      vertex -7.89856 17.8809 57.4
    endloop
  endfacet
  facet normal 0.999731 0.0232019 0
    outer loop
      vertex -7.89788 17.8516 58
      vertex -7.89856 17.8809 57.4
      vertex -7.89856 17.8809 58
    endloop
  endfacet
  facet normal 0.999731 0.0232019 0
    outer loop
      vertex -7.89856 17.8809 57.4
      vertex -7.89788 17.8516 58
      vertex -7.89788 17.8516 57.4
    endloop
  endfacet
  facet normal 0.997271 -0.073833 0
    outer loop
      vertex -7.89999 17.8231 58
      vertex -7.89788 17.8516 57.4
      vertex -7.89788 17.8516 58
    endloop
  endfacet
  facet normal 0.997271 -0.073833 0
    outer loop
      vertex -7.89788 17.8516 57.4
      vertex -7.89999 17.8231 58
      vertex -7.89999 17.8231 57.4
    endloop
  endfacet
  facet normal 0.984819 -0.173583 0
    outer loop
      vertex -7.90489 17.7953 58
      vertex -7.89999 17.8231 57.4
      vertex -7.89999 17.8231 58
    endloop
  endfacet
  facet normal 0.984819 -0.173583 0
    outer loop
      vertex -7.89999 17.8231 57.4
      vertex -7.90489 17.7953 58
      vertex -7.90489 17.7953 57.4
    endloop
  endfacet
  facet normal 0.961389 -0.275193 0
    outer loop
      vertex -7.91259 17.7684 58
      vertex -7.90489 17.7953 57.4
      vertex -7.90489 17.7953 58
    endloop
  endfacet
  facet normal 0.961389 -0.275193 0
    outer loop
      vertex -7.90489 17.7953 57.4
      vertex -7.91259 17.7684 58
      vertex -7.91259 17.7684 57.4
    endloop
  endfacet
  facet normal 0.928232 -0.372001 0
    outer loop
      vertex -7.92309 17.7422 58
      vertex -7.91259 17.7684 57.4
      vertex -7.91259 17.7684 58
    endloop
  endfacet
  facet normal 0.928232 -0.372001 0
    outer loop
      vertex -7.91259 17.7684 57.4
      vertex -7.92309 17.7422 58
      vertex -7.92309 17.7422 57.4
    endloop
  endfacet
  facet normal 0.886647 -0.462447 0
    outer loop
      vertex -7.93639 17.7167 58
      vertex -7.92309 17.7422 57.4
      vertex -7.92309 17.7422 58
    endloop
  endfacet
  facet normal 0.886647 -0.462447 0
    outer loop
      vertex -7.92309 17.7422 57.4
      vertex -7.93639 17.7167 58
      vertex -7.93639 17.7167 57.4
    endloop
  endfacet
  facet normal 0.834796 -0.55056 0
    outer loop
      vertex -7.95268 17.692 58
      vertex -7.93639 17.7167 57.4
      vertex -7.93639 17.7167 58
    endloop
  endfacet
  facet normal 0.834796 -0.55056 0
    outer loop
      vertex -7.93639 17.7167 57.4
      vertex -7.95268 17.692 58
      vertex -7.95268 17.692 57.4
    endloop
  endfacet
  facet normal 0.776449 -0.63018 0
    outer loop
      vertex -7.97224 17.6679 58
      vertex -7.95268 17.692 57.4
      vertex -7.95268 17.692 58
    endloop
  endfacet
  facet normal 0.776449 -0.63018 0
    outer loop
      vertex -7.95268 17.692 57.4
      vertex -7.97224 17.6679 58
      vertex -7.97224 17.6679 57.4
    endloop
  endfacet
  facet normal 0.717715 -0.696337 0
    outer loop
      vertex -7.99504 17.6444 58
      vertex -7.97224 17.6679 57.4
      vertex -7.97224 17.6679 58
    endloop
  endfacet
  facet normal 0.717715 -0.696337 0
    outer loop
      vertex -7.97224 17.6679 57.4
      vertex -7.99504 17.6444 58
      vertex -7.99504 17.6444 57.4
    endloop
  endfacet
  facet normal 0.66186 -0.749628 0
    outer loop
      vertex -8.02109 17.6214 57.4
      vertex -7.99504 17.6444 58
      vertex -8.02109 17.6214 58
    endloop
  endfacet
  facet normal 0.66186 -0.749628 0
    outer loop
      vertex -7.99504 17.6444 58
      vertex -8.02109 17.6214 57.4
      vertex -7.99504 17.6444 57.4
    endloop
  endfacet
  facet normal 0.605765 -0.795644 0
    outer loop
      vertex -8.05038 17.5991 57.4
      vertex -8.02109 17.6214 58
      vertex -8.05038 17.5991 58
    endloop
  endfacet
  facet normal 0.605765 -0.795644 0
    outer loop
      vertex -8.02109 17.6214 58
      vertex -8.05038 17.5991 57.4
      vertex -8.02109 17.6214 57.4
    endloop
  endfacet
  facet normal 0.554818 -0.831972 0
    outer loop
      vertex -8.08292 17.5774 57.4
      vertex -8.05038 17.5991 58
      vertex -8.08292 17.5774 58
    endloop
  endfacet
  facet normal 0.554818 -0.831972 0
    outer loop
      vertex -8.05038 17.5991 58
      vertex -8.08292 17.5774 57.4
      vertex -8.05038 17.5991 57.4
    endloop
  endfacet
  facet normal 0.50975 -0.860323 0
    outer loop
      vertex -8.1187 17.5562 57.4
      vertex -8.08292 17.5774 58
      vertex -8.1187 17.5562 58
    endloop
  endfacet
  facet normal 0.50975 -0.860323 0
    outer loop
      vertex -8.08292 17.5774 58
      vertex -8.1187 17.5562 57.4
      vertex -8.08292 17.5774 57.4
    endloop
  endfacet
  facet normal 0.464812 -0.88541 0
    outer loop
      vertex -8.15775 17.5357 57.4
      vertex -8.1187 17.5562 58
      vertex -8.15775 17.5357 58
    endloop
  endfacet
  facet normal 0.464812 -0.88541 0
    outer loop
      vertex -8.1187 17.5562 58
      vertex -8.15775 17.5357 57.4
      vertex -8.1187 17.5562 57.4
    endloop
  endfacet
  facet normal 0.427608 -0.903964 0
    outer loop
      vertex -8.20003 17.5157 57.4
      vertex -8.15775 17.5357 58
      vertex -8.20003 17.5157 58
    endloop
  endfacet
  facet normal 0.427608 -0.903964 0
    outer loop
      vertex -8.15775 17.5357 58
      vertex -8.20003 17.5157 57.4
      vertex -8.15775 17.5357 57.4
    endloop
  endfacet
  facet normal 0.390352 -0.920665 0
    outer loop
      vertex -8.24555 17.4964 57.4
      vertex -8.20003 17.5157 58
      vertex -8.24555 17.4964 58
    endloop
  endfacet
  facet normal 0.390352 -0.920665 0
    outer loop
      vertex -8.20003 17.5157 58
      vertex -8.24555 17.4964 57.4
      vertex -8.20003 17.5157 57.4
    endloop
  endfacet
  facet normal 0.374613 -0.927181 0
    outer loop
      vertex -8.88312 17.2388 57.4
      vertex -8.24555 17.4964 58
      vertex -8.88312 17.2388 58
    endloop
  endfacet
  facet normal 0.374613 -0.927181 0
    outer loop
      vertex -8.24555 17.4964 58
      vertex -8.88312 17.2388 57.4
      vertex -8.24555 17.4964 57.4
    endloop
  endfacet
  facet normal -0.927179 -0.374619 0
    outer loop
      vertex -8.40911 16.0656 57.4
      vertex -8.71699 16.8276 58
      vertex -8.71699 16.8276 57.4
    endloop
  endfacet
  facet normal -0.927179 -0.374619 0
    outer loop
      vertex -8.71699 16.8276 58
      vertex -8.40911 16.0656 57.4
      vertex -8.40911 16.0656 58
    endloop
  endfacet
  facet normal -0.374579 0.927195 0
    outer loop
      vertex -8.01153 17.1126 57.4
      vertex -8.71699 16.8276 58
      vertex -8.01153 17.1126 58
    endloop
  endfacet
  facet normal -0.374579 0.927195 0
    outer loop
      vertex -8.71699 16.8276 58
      vertex -8.01153 17.1126 57.4
      vertex -8.71699 16.8276 57.4
    endloop
  endfacet
  facet normal -0.340456 0.94026 0
    outer loop
      vertex -7.90824 17.15 57.4
      vertex -8.01153 17.1126 58
      vertex -7.90824 17.15 58
    endloop
  endfacet
  facet normal -0.340456 0.94026 0
    outer loop
      vertex -8.01153 17.1126 58
      vertex -7.90824 17.15 57.4
      vertex -8.01153 17.1126 57.4
    endloop
  endfacet
  facet normal -0.258694 0.965959 0
    outer loop
      vertex -7.81265 17.1756 57.4
      vertex -7.90824 17.15 58
      vertex -7.81265 17.1756 58
    endloop
  endfacet
  facet normal -0.258694 0.965959 0
    outer loop
      vertex -7.90824 17.15 58
      vertex -7.81265 17.1756 57.4
      vertex -7.90824 17.15 57.4
    endloop
  endfacet
  facet normal -0.15508 0.987902 0
    outer loop
      vertex -7.72474 17.1894 57.4
      vertex -7.81265 17.1756 58
      vertex -7.72474 17.1894 58
    endloop
  endfacet
  facet normal -0.15508 0.987902 0
    outer loop
      vertex -7.81265 17.1756 58
      vertex -7.72474 17.1894 57.4
      vertex -7.81265 17.1756 57.4
    endloop
  endfacet
  facet normal -0.0249299 0.999689 0
    outer loop
      vertex -7.64454 17.1914 57.4
      vertex -7.72474 17.1894 58
      vertex -7.64454 17.1914 58
    endloop
  endfacet
  facet normal -0.0249299 0.999689 0
    outer loop
      vertex -7.72474 17.1894 58
      vertex -7.64454 17.1914 57.4
      vertex -7.72474 17.1894 57.4
    endloop
  endfacet
  facet normal 0.133954 0.990988 -0
    outer loop
      vertex -7.57204 17.1816 57.4
      vertex -7.64454 17.1914 58
      vertex -7.57204 17.1816 58
    endloop
  endfacet
  facet normal 0.133954 0.990988 0
    outer loop
      vertex -7.64454 17.1914 58
      vertex -7.57204 17.1816 57.4
      vertex -7.64454 17.1914 57.4
    endloop
  endfacet
  facet normal 0.31614 0.948713 -0
    outer loop
      vertex -7.50722 17.16 57.4
      vertex -7.57204 17.1816 58
      vertex -7.50722 17.16 58
    endloop
  endfacet
  facet normal 0.31614 0.948713 0
    outer loop
      vertex -7.57204 17.1816 58
      vertex -7.50722 17.16 57.4
      vertex -7.57204 17.1816 57.4
    endloop
  endfacet
  facet normal 0.504773 0.863252 -0
    outer loop
      vertex -7.4501 17.1266 57.4
      vertex -7.50722 17.16 58
      vertex -7.4501 17.1266 58
    endloop
  endfacet
  facet normal 0.504773 0.863252 0
    outer loop
      vertex -7.50722 17.16 58
      vertex -7.4501 17.1266 57.4
      vertex -7.50722 17.16 57.4
    endloop
  endfacet
  facet normal 0.674899 0.73791 -0
    outer loop
      vertex -7.40068 17.0814 57.4
      vertex -7.4501 17.1266 58
      vertex -7.40068 17.0814 58
    endloop
  endfacet
  facet normal 0.674899 0.73791 0
    outer loop
      vertex -7.4501 17.1266 58
      vertex -7.40068 17.0814 57.4
      vertex -7.4501 17.1266 57.4
    endloop
  endfacet
  facet normal 0.806945 0.590627 0
    outer loop
      vertex -7.35896 17.0244 58
      vertex -7.40068 17.0814 57.4
      vertex -7.40068 17.0814 58
    endloop
  endfacet
  facet normal 0.806945 0.590627 0
    outer loop
      vertex -7.40068 17.0814 57.4
      vertex -7.35896 17.0244 58
      vertex -7.35896 17.0244 57.4
    endloop
  endfacet
  facet normal 0.896347 0.443353 0
    outer loop
      vertex -7.32493 16.9556 58
      vertex -7.35896 17.0244 57.4
      vertex -7.35896 17.0244 58
    endloop
  endfacet
  facet normal 0.896347 0.443353 0
    outer loop
      vertex -7.35896 17.0244 57.4
      vertex -7.32493 16.9556 58
      vertex -7.32493 16.9556 57.4
    endloop
  endfacet
  facet normal 0.939034 0.343823 0
    outer loop
      vertex -7.31087 16.9172 58
      vertex -7.32493 16.9556 57.4
      vertex -7.32493 16.9556 58
    endloop
  endfacet
  facet normal 0.939034 0.343823 0
    outer loop
      vertex -7.32493 16.9556 57.4
      vertex -7.31087 16.9172 58
      vertex -7.31087 16.9172 57.4
    endloop
  endfacet
  facet normal 0.960676 0.277671 0
    outer loop
      vertex -7.30006 16.8798 58
      vertex -7.31087 16.9172 57.4
      vertex -7.31087 16.9172 58
    endloop
  endfacet
  facet normal 0.960676 0.277671 0
    outer loop
      vertex -7.31087 16.9172 57.4
      vertex -7.30006 16.8798 58
      vertex -7.30006 16.8798 57.4
    endloop
  endfacet
  facet normal 0.979163 0.203076 0
    outer loop
      vertex -7.29249 16.8433 58
      vertex -7.30006 16.8798 57.4
      vertex -7.30006 16.8798 58
    endloop
  endfacet
  facet normal 0.979163 0.203076 0
    outer loop
      vertex -7.30006 16.8798 57.4
      vertex -7.29249 16.8433 58
      vertex -7.29249 16.8433 57.4
    endloop
  endfacet
  facet normal 0.992784 0.119915 0
    outer loop
      vertex -7.28819 16.8077 58
      vertex -7.29249 16.8433 57.4
      vertex -7.29249 16.8433 58
    endloop
  endfacet
  facet normal 0.992784 0.119915 0
    outer loop
      vertex -7.29249 16.8433 57.4
      vertex -7.28819 16.8077 58
      vertex -7.28819 16.8077 57.4
    endloop
  endfacet
  facet normal 0.999549 0.0300442 0
    outer loop
      vertex -7.28715 16.7731 58
      vertex -7.28819 16.8077 57.4
      vertex -7.28819 16.8077 58
    endloop
  endfacet
  facet normal 0.999549 0.0300442 0
    outer loop
      vertex -7.28819 16.8077 57.4
      vertex -7.28715 16.7731 58
      vertex -7.28715 16.7731 57.4
    endloop
  endfacet
  facet normal 0.997863 -0.0653363 0
    outer loop
      vertex -7.28935 16.7395 58
      vertex -7.28715 16.7731 57.4
      vertex -7.28715 16.7731 58
    endloop
  endfacet
  facet normal 0.997863 -0.0653363 0
    outer loop
      vertex -7.28715 16.7731 57.4
      vertex -7.28935 16.7395 58
      vertex -7.28935 16.7395 57.4
    endloop
  endfacet
  facet normal 0.986329 -0.164789 0
    outer loop
      vertex -7.29483 16.7067 58
      vertex -7.28935 16.7395 57.4
      vertex -7.28935 16.7395 58
    endloop
  endfacet
  facet normal 0.986329 -0.164789 0
    outer loop
      vertex -7.28935 16.7395 57.4
      vertex -7.29483 16.7067 58
      vertex -7.29483 16.7067 57.4
    endloop
  endfacet
  facet normal 0.964264 -0.264944 0
    outer loop
      vertex -7.30354 16.675 58
      vertex -7.29483 16.7067 57.4
      vertex -7.29483 16.7067 58
    endloop
  endfacet
  facet normal 0.964264 -0.264944 0
    outer loop
      vertex -7.29483 16.7067 57.4
      vertex -7.30354 16.675 58
      vertex -7.30354 16.675 57.4
    endloop
  endfacet
  facet normal 0.93248 -0.361223 0
    outer loop
      vertex -7.31551 16.6441 58
      vertex -7.30354 16.675 57.4
      vertex -7.30354 16.675 58
    endloop
  endfacet
  facet normal 0.93248 -0.361223 0
    outer loop
      vertex -7.30354 16.675 57.4
      vertex -7.31551 16.6441 58
      vertex -7.31551 16.6441 57.4
    endloop
  endfacet
  facet normal 0.890944 -0.454113 0
    outer loop
      vertex -7.33075 16.6142 58
      vertex -7.31551 16.6441 57.4
      vertex -7.31551 16.6441 58
    endloop
  endfacet
  facet normal 0.890944 -0.454113 0
    outer loop
      vertex -7.31551 16.6441 57.4
      vertex -7.33075 16.6142 58
      vertex -7.33075 16.6142 57.4
    endloop
  endfacet
  facet normal 0.840556 -0.541724 0
    outer loop
      vertex -7.34944 16.5852 58
      vertex -7.33075 16.6142 57.4
      vertex -7.33075 16.6142 58
    endloop
  endfacet
  facet normal 0.840556 -0.541724 0
    outer loop
      vertex -7.33075 16.6142 57.4
      vertex -7.34944 16.5852 58
      vertex -7.34944 16.5852 57.4
    endloop
  endfacet
  facet normal 0.783302 -0.621642 0
    outer loop
      vertex -7.37182 16.557 58
      vertex -7.34944 16.5852 57.4
      vertex -7.34944 16.5852 58
    endloop
  endfacet
  facet normal 0.783302 -0.621642 0
    outer loop
      vertex -7.34944 16.5852 57.4
      vertex -7.37182 16.557 58
      vertex -7.37182 16.557 57.4
    endloop
  endfacet
  facet normal 0.726251 -0.68743 0
    outer loop
      vertex -7.39785 16.5295 58
      vertex -7.37182 16.557 57.4
      vertex -7.37182 16.557 58
    endloop
  endfacet
  facet normal 0.726251 -0.68743 0
    outer loop
      vertex -7.37182 16.557 57.4
      vertex -7.39785 16.5295 58
      vertex -7.39785 16.5295 57.4
    endloop
  endfacet
  facet normal 0.668425 -0.743779 0
    outer loop
      vertex -7.42756 16.5028 57.4
      vertex -7.39785 16.5295 58
      vertex -7.42756 16.5028 58
    endloop
  endfacet
  facet normal 0.668425 -0.743779 0
    outer loop
      vertex -7.39785 16.5295 58
      vertex -7.42756 16.5028 57.4
      vertex -7.39785 16.5295 57.4
    endloop
  endfacet
  facet normal 0.613137 -0.789976 0
    outer loop
      vertex -7.46093 16.4769 57.4
      vertex -7.42756 16.5028 58
      vertex -7.46093 16.4769 58
    endloop
  endfacet
  facet normal 0.613137 -0.789976 0
    outer loop
      vertex -7.42756 16.5028 58
      vertex -7.46093 16.4769 57.4
      vertex -7.42756 16.5028 57.4
    endloop
  endfacet
  facet normal 0.560769 -0.827972 0
    outer loop
      vertex -7.49799 16.4518 57.4
      vertex -7.46093 16.4769 58
      vertex -7.49799 16.4518 58
    endloop
  endfacet
  facet normal 0.560769 -0.827972 0
    outer loop
      vertex -7.46093 16.4769 58
      vertex -7.49799 16.4518 57.4
      vertex -7.46093 16.4769 57.4
    endloop
  endfacet
  facet normal 0.514 -0.85779 0
    outer loop
      vertex -7.53871 16.4274 57.4
      vertex -7.49799 16.4518 58
      vertex -7.53871 16.4274 58
    endloop
  endfacet
  facet normal 0.514 -0.85779 0
    outer loop
      vertex -7.49799 16.4518 58
      vertex -7.53871 16.4274 57.4
      vertex -7.49799 16.4518 57.4
    endloop
  endfacet
  facet normal 0.469349 -0.883013 0
    outer loop
      vertex -7.58311 16.4038 57.4
      vertex -7.53871 16.4274 58
      vertex -7.58311 16.4038 58
    endloop
  endfacet
  facet normal 0.469349 -0.883013 0
    outer loop
      vertex -7.53871 16.4274 58
      vertex -7.58311 16.4038 57.4
      vertex -7.53871 16.4274 57.4
    endloop
  endfacet
  facet normal 0.428692 -0.90345 0
    outer loop
      vertex -7.63116 16.381 57.4
      vertex -7.58311 16.4038 58
      vertex -7.63116 16.381 58
    endloop
  endfacet
  facet normal 0.428692 -0.90345 0
    outer loop
      vertex -7.58311 16.4038 58
      vertex -7.63116 16.381 57.4
      vertex -7.58311 16.4038 57.4
    endloop
  endfacet
  facet normal 0.391363 -0.920236 0
    outer loop
      vertex -7.68289 16.359 57.4
      vertex -7.63116 16.381 58
      vertex -7.68289 16.359 58
    endloop
  endfacet
  facet normal 0.391363 -0.920236 0
    outer loop
      vertex -7.63116 16.381 58
      vertex -7.68289 16.359 57.4
      vertex -7.63116 16.381 57.4
    endloop
  endfacet
  facet normal 0.374594 -0.927189 0
    outer loop
      vertex -8.40911 16.0656 57.4
      vertex -7.68289 16.359 58
      vertex -8.40911 16.0656 58
    endloop
  endfacet
  facet normal 0.374594 -0.927189 0
    outer loop
      vertex -7.68289 16.359 58
      vertex -8.40911 16.0656 57.4
      vertex -7.68289 16.359 57.4
    endloop
  endfacet
  facet normal -0.374547 0.927208 0
    outer loop
      vertex -4.66679 18.3455 57.4
      vertex -5.42505 18.0392 58
      vertex -4.66679 18.3455 58
    endloop
  endfacet
  facet normal -0.374547 0.927208 0
    outer loop
      vertex -5.42505 18.0392 58
      vertex -4.66679 18.3455 57.4
      vertex -5.42505 18.0392 57.4
    endloop
  endfacet
  facet normal -0.927185 -0.374605 0
    outer loop
      vertex -4.66679 18.3455 57.4
      vertex -4.83749 18.768 58
      vertex -4.83749 18.768 57.4
    endloop
  endfacet
  facet normal -0.927185 -0.374605 0
    outer loop
      vertex -4.83749 18.768 58
      vertex -4.66679 18.3455 57.4
      vertex -4.66679 18.3455 58
    endloop
  endfacet
  facet normal 0.374547 -0.927208 0
    outer loop
      vertex -5.59575 18.4617 57.4
      vertex -4.83749 18.768 58
      vertex -5.59575 18.4617 58
    endloop
  endfacet
  facet normal 0.374547 -0.927208 0
    outer loop
      vertex -4.83749 18.768 58
      vertex -5.59575 18.4617 57.4
      vertex -4.83749 18.768 57.4
    endloop
  endfacet
  facet normal -0.927183 -0.374608 0
    outer loop
      vertex -5.59575 18.4617 57.4
      vertex -5.90669 19.2313 58
      vertex -5.90669 19.2313 57.4
    endloop
  endfacet
  facet normal -0.927183 -0.374608 0
    outer loop
      vertex -5.90669 19.2313 58
      vertex -5.59575 18.4617 57.4
      vertex -5.59575 18.4617 58
    endloop
  endfacet
  facet normal 0.374726 -0.927136 0
    outer loop
      vertex -6.33299 19.059 57.4
      vertex -5.90669 19.2313 58
      vertex -6.33299 19.059 58
    endloop
  endfacet
  facet normal 0.374726 -0.927136 0
    outer loop
      vertex -5.90669 19.2313 58
      vertex -6.33299 19.059 57.4
      vertex -5.90669 19.2313 57.4
    endloop
  endfacet
  facet normal 0.927183 0.374608 0
    outer loop
      vertex -6.02205 18.2894 58
      vertex -6.33299 19.059 57.4
      vertex -6.33299 19.059 58
    endloop
  endfacet
  facet normal 0.927183 0.374608 0
    outer loop
      vertex -6.33299 19.059 57.4
      vertex -6.02205 18.2894 58
      vertex -6.02205 18.2894 57.4
    endloop
  endfacet
  facet normal 0.374532 -0.927214 0
    outer loop
      vertex -6.77465 17.9854 57.4
      vertex -6.02205 18.2894 58
      vertex -6.77465 17.9854 58
    endloop
  endfacet
  facet normal 0.374532 -0.927214 0
    outer loop
      vertex -6.02205 18.2894 58
      vertex -6.77465 17.9854 57.4
      vertex -6.02205 18.2894 57.4
    endloop
  endfacet
  facet normal 0.927185 0.374605 0
    outer loop
      vertex -6.60395 17.5629 58
      vertex -6.77465 17.9854 57.4
      vertex -6.77465 17.9854 58
    endloop
  endfacet
  facet normal 0.927185 0.374605 0
    outer loop
      vertex -6.77465 17.9854 57.4
      vertex -6.60395 17.5629 58
      vertex -6.60395 17.5629 57.4
    endloop
  endfacet
  facet normal -0.374532 0.927214 0
    outer loop
      vertex -5.85135 17.8669 57.4
      vertex -6.60395 17.5629 58
      vertex -5.85135 17.8669 58
    endloop
  endfacet
  facet normal -0.374532 0.927214 0
    outer loop
      vertex -6.60395 17.5629 58
      vertex -5.85135 17.8669 57.4
      vertex -6.60395 17.5629 57.4
    endloop
  endfacet
  facet normal 0.927187 0.374598 0
    outer loop
      vertex -5.54042 17.0973 58
      vertex -5.85135 17.8669 57.4
      vertex -5.85135 17.8669 58
    endloop
  endfacet
  facet normal 0.927187 0.374598 0
    outer loop
      vertex -5.85135 17.8669 57.4
      vertex -5.54042 17.0973 58
      vertex -5.54042 17.0973 57.4
    endloop
  endfacet
  facet normal -0.374726 0.927136 0
    outer loop
      vertex -5.11412 17.2696 57.4
      vertex -5.54042 17.0973 58
      vertex -5.11412 17.2696 58
    endloop
  endfacet
  facet normal -0.374726 0.927136 0
    outer loop
      vertex -5.54042 17.0973 58
      vertex -5.11412 17.2696 57.4
      vertex -5.54042 17.0973 57.4
    endloop
  endfacet
  facet normal -0.927187 -0.374598 0
    outer loop
      vertex -5.11412 17.2696 57.4
      vertex -5.42505 18.0392 58
      vertex -5.42505 18.0392 57.4
    endloop
  endfacet
  facet normal -0.927187 -0.374598 0
    outer loop
      vertex -5.42505 18.0392 58
      vertex -5.11412 17.2696 57.4
      vertex -5.11412 17.2696 58
    endloop
  endfacet
  facet normal 0 0 1
    outer loop
      vertex 6.01991 -17.4478 57.4
      vertex 5.22501 -18.3043 57.4
      vertex 6.20587 -17.908 57.4
    endloop
  endfacet
  facet normal 0 -0 1
    outer loop
      vertex 5.22501 -18.3043 57.4
      vertex 6.01991 -17.4478 57.4
      vertex 5.03905 -17.844 57.4
    endloop
  endfacet
  facet normal 0 0 1
    outer loop
      vertex 8.32523 -15.619 57.4
      vertex 7.93567 -16.2569 57.4
      vertex 8.24355 -17.0189 57.4
    endloop
  endfacet
  facet normal -0 0 1
    outer loop
      vertex 6.99542 -16.1562 57.4
      vertex 7.93567 -16.2569 57.4
      vertex 8.32523 -15.619 57.4
    endloop
  endfacet
  facet normal 0 0 1
    outer loop
      vertex 7.93567 -16.2569 57.4
      vertex 6.99542 -16.1562 57.4
      vertex 7.20947 -16.5503 57.4
    endloop
  endfacet
  facet normal 0 0 1
    outer loop
      vertex 7.20947 -16.5503 57.4
      vertex 6.99542 -16.1562 57.4
      vertex 7.15772 -16.5723 57.4
    endloop
  endfacet
  facet normal 0 0 1
    outer loop
      vertex 7.15772 -16.5723 57.4
      vertex 6.99542 -16.1562 57.4
      vertex 7.10967 -16.5951 57.4
    endloop
  endfacet
  facet normal -0 0 1
    outer loop
      vertex 6.90175 -16.1964 57.4
      vertex 7.10967 -16.5951 57.4
      vertex 6.99542 -16.1562 57.4
    endloop
  endfacet
  facet normal 0 0 1
    outer loop
      vertex 7.10967 -16.5951 57.4
      vertex 6.90175 -16.1964 57.4
      vertex 7.06528 -16.6187 57.4
    endloop
  endfacet
  facet normal -0 0 1
    outer loop
      vertex 6.81392 -16.2388 57.4
      vertex 7.06528 -16.6187 57.4
      vertex 6.90175 -16.1964 57.4
    endloop
  endfacet
  facet normal 0 0 1
    outer loop
      vertex 7.06528 -16.6187 57.4
      vertex 6.81392 -16.2388 57.4
      vertex 7.02455 -16.643 57.4
    endloop
  endfacet
  facet normal -0 0 1
    outer loop
      vertex 6.7319 -16.2834 57.4
      vertex 7.02455 -16.643 57.4
      vertex 6.81392 -16.2388 57.4
    endloop
  endfacet
  facet normal 0 0 1
    outer loop
      vertex 7.02455 -16.643 57.4
      vertex 6.7319 -16.2834 57.4
      vertex 6.98751 -16.6682 57.4
    endloop
  endfacet
  facet normal 0 0 1
    outer loop
      vertex 6.98751 -16.6682 57.4
      vertex 6.7319 -16.2834 57.4
      vertex 6.95412 -16.6941 57.4
    endloop
  endfacet
  facet normal -0 0 1
    outer loop
      vertex 6.65571 -16.3303 57.4
      vertex 6.95412 -16.6941 57.4
      vertex 6.7319 -16.2834 57.4
    endloop
  endfacet
  facet normal 0 0 1
    outer loop
      vertex 6.95412 -16.6941 57.4
      vertex 6.65571 -16.3303 57.4
      vertex 6.92442 -16.7208 57.4
    endloop
  endfacet
  facet normal -0 0 1
    outer loop
      vertex 6.58537 -16.3795 57.4
      vertex 6.92442 -16.7208 57.4
      vertex 6.65571 -16.3303 57.4
    endloop
  endfacet
  facet normal 0 0 1
    outer loop
      vertex 6.92442 -16.7208 57.4
      vertex 6.58537 -16.3795 57.4
      vertex 6.89838 -16.7483 57.4
    endloop
  endfacet
  facet normal -0 0 1
    outer loop
      vertex 6.52083 -16.4309 57.4
      vertex 6.89838 -16.7483 57.4
      vertex 6.58537 -16.3795 57.4
    endloop
  endfacet
  facet normal 0 0 1
    outer loop
      vertex 6.89838 -16.7483 57.4
      vertex 6.52083 -16.4309 57.4
      vertex 6.87602 -16.7765 57.4
    endloop
  endfacet
  facet normal -0 0 1
    outer loop
      vertex 6.46212 -16.4846 57.4
      vertex 6.87602 -16.7765 57.4
      vertex 6.52083 -16.4309 57.4
    endloop
  endfacet
  facet normal 0 0 1
    outer loop
      vertex 6.87602 -16.7765 57.4
      vertex 6.46212 -16.4846 57.4
      vertex 6.85731 -16.8055 57.4
    endloop
  endfacet
  facet normal -0 0 1
    outer loop
      vertex 6.40924 -16.5405 57.4
      vertex 6.85731 -16.8055 57.4
      vertex 6.46212 -16.4846 57.4
    endloop
  endfacet
  facet normal 0 0 1
    outer loop
      vertex 6.85731 -16.8055 57.4
      vertex 6.40924 -16.5405 57.4
      vertex 6.84209 -16.8354 57.4
    endloop
  endfacet
  facet normal -0 0 1
    outer loop
      vertex 6.36218 -16.5987 57.4
      vertex 6.84209 -16.8354 57.4
      vertex 6.40924 -16.5405 57.4
    endloop
  endfacet
  facet normal 0 0 1
    outer loop
      vertex 6.84209 -16.8354 57.4
      vertex 6.36218 -16.5987 57.4
      vertex 6.83011 -16.8662 57.4
    endloop
  endfacet
  facet normal -0 0 1
    outer loop
      vertex 6.32095 -16.6591 57.4
      vertex 6.83011 -16.8662 57.4
      vertex 6.36218 -16.5987 57.4
    endloop
  endfacet
  facet normal 0 0 1
    outer loop
      vertex 6.83011 -16.8662 57.4
      vertex 6.32095 -16.6591 57.4
      vertex 6.8214 -16.898 57.4
    endloop
  endfacet
  facet normal -0 0 1
    outer loop
      vertex 6.28601 -16.7212 57.4
      vertex 6.8214 -16.898 57.4
      vertex 6.32095 -16.6591 57.4
    endloop
  endfacet
  facet normal 0 0 1
    outer loop
      vertex 6.8214 -16.898 57.4
      vertex 6.28601 -16.7212 57.4
      vertex 6.81594 -16.9307 57.4
    endloop
  endfacet
  facet normal 0 -0 1
    outer loop
      vertex 6.27567 -17.3291 57.4
      vertex 6.81373 -16.9644 57.4
      vertex 6.24979 -17.2572 57.4
    endloop
  endfacet
  facet normal 0 -0 1
    outer loop
      vertex 6.29889 -17.3816 57.4
      vertex 6.81373 -16.9644 57.4
      vertex 6.27567 -17.3291 57.4
    endloop
  endfacet
  facet normal 0 0 1
    outer loop
      vertex 6.81373 -16.9644 57.4
      vertex 6.7192 -17.7287 57.4
      vertex 6.77142 -17.7386 57.4
    endloop
  endfacet
  facet normal 0 0 1
    outer loop
      vertex 6.81373 -16.9644 57.4
      vertex 6.66904 -17.715 57.4
      vertex 6.7192 -17.7287 57.4
    endloop
  endfacet
  facet normal 0 0 1
    outer loop
      vertex 6.81373 -16.9644 57.4
      vertex 6.62091 -17.6975 57.4
      vertex 6.66904 -17.715 57.4
    endloop
  endfacet
  facet normal 0 0 1
    outer loop
      vertex 6.81373 -16.9644 57.4
      vertex 6.57508 -17.6764 57.4
      vertex 6.62091 -17.6975 57.4
    endloop
  endfacet
  facet normal 0 0 1
    outer loop
      vertex 6.81373 -16.9644 57.4
      vertex 6.49093 -17.6237 57.4
      vertex 6.53174 -17.6518 57.4
    endloop
  endfacet
  facet normal 0 0 1
    outer loop
      vertex 6.81373 -16.9644 57.4
      vertex 6.45264 -17.5921 57.4
      vertex 6.49093 -17.6237 57.4
    endloop
  endfacet
  facet normal 0 -0 1
    outer loop
      vertex 6.32461 -17.4307 57.4
      vertex 6.81373 -16.9644 57.4
      vertex 6.29889 -17.3816 57.4
    endloop
  endfacet
  facet normal 0 0 1
    outer loop
      vertex 6.81373 -16.9644 57.4
      vertex 6.3836 -17.5184 57.4
      vertex 6.41687 -17.557 57.4
    endloop
  endfacet
  facet normal 0 -0 1
    outer loop
      vertex 6.3836 -17.5184 57.4
      vertex 6.81373 -16.9644 57.4
      vertex 6.35284 -17.4763 57.4
    endloop
  endfacet
  facet normal -0 0 1
    outer loop
      vertex 6.25783 -16.7844 57.4
      vertex 6.81594 -16.9307 57.4
      vertex 6.28601 -16.7212 57.4
    endloop
  endfacet
  facet normal 0 0 1
    outer loop
      vertex 6.81373 -16.9644 57.4
      vertex 6.41687 -17.557 57.4
      vertex 6.45264 -17.5921 57.4
    endloop
  endfacet
  facet normal -0 0 1
    outer loop
      vertex 6.23641 -16.8487 57.4
      vertex 6.81594 -16.9307 57.4
      vertex 6.25783 -16.7844 57.4
    endloop
  endfacet
  facet normal 0 0 1
    outer loop
      vertex 6.81373 -16.9644 57.4
      vertex 6.53174 -17.6518 57.4
      vertex 6.57508 -17.6764 57.4
    endloop
  endfacet
  facet normal 0 0 1
    outer loop
      vertex 6.81594 -16.9307 57.4
      vertex 6.23641 -16.8487 57.4
      vertex 6.81373 -16.9644 57.4
    endloop
  endfacet
  facet normal 0 -0 1
    outer loop
      vertex 6.35284 -17.4763 57.4
      vertex 6.81373 -16.9644 57.4
      vertex 6.32461 -17.4307 57.4
    endloop
  endfacet
  facet normal -0 0 1
    outer loop
      vertex 6.22174 -16.914 57.4
      vertex 6.81373 -16.9644 57.4
      vertex 6.23641 -16.8487 57.4
    endloop
  endfacet
  facet normal 0 0 1
    outer loop
      vertex 6.81373 -16.9644 57.4
      vertex 6.23066 -17.1864 57.4
      vertex 6.24979 -17.2572 57.4
    endloop
  endfacet
  facet normal 0 0 1
    outer loop
      vertex 6.21384 -16.9805 57.4
      vertex 6.81373 -16.9644 57.4
      vertex 6.22174 -16.914 57.4
    endloop
  endfacet
  facet normal 0 0 1
    outer loop
      vertex 6.81373 -16.9644 57.4
      vertex 6.2183 -17.1167 57.4
      vertex 6.23066 -17.1864 57.4
    endloop
  endfacet
  facet normal 0 0 1
    outer loop
      vertex 6.21269 -17.048 57.4
      vertex 6.81373 -16.9644 57.4
      vertex 6.21384 -16.9805 57.4
    endloop
  endfacet
  facet normal 0 0 1
    outer loop
      vertex 6.81373 -16.9644 57.4
      vertex 6.21269 -17.048 57.4
      vertex 6.2183 -17.1167 57.4
    endloop
  endfacet
  facet normal 0 0 1
    outer loop
      vertex 9.39901 -18.2767 57.4
      vertex 8.40968 -17.4301 57.4
      vertex 8.67565 -18.0884 57.4
    endloop
  endfacet
  facet normal -0 0 1
    outer loop
      vertex 8.24355 -17.0189 57.4
      vertex 9.39901 -18.2767 57.4
      vertex 8.32523 -15.619 57.4
    endloop
  endfacet
  facet normal 0 0 1
    outer loop
      vertex 9.39901 -18.2767 57.4
      vertex 8.24355 -17.0189 57.4
      vertex 8.40968 -17.4301 57.4
    endloop
  endfacet
  facet normal 0 0 1
    outer loop
      vertex 8.24355 -17.0189 57.4
      vertex 7.77213 -17.6877 57.4
      vertex 8.40968 -17.4301 57.4
    endloop
  endfacet
  facet normal -0 0 1
    outer loop
      vertex 7.53809 -17.3039 57.4
      vertex 7.77213 -17.6877 57.4
      vertex 8.24355 -17.0189 57.4
    endloop
  endfacet
  facet normal 0 0 1
    outer loop
      vertex 7.77213 -17.6877 57.4
      vertex 7.53809 -17.3039 57.4
      vertex 7.72659 -17.707 57.4
    endloop
  endfacet
  facet normal 0 0 1
    outer loop
      vertex 7.72659 -17.707 57.4
      vertex 7.53809 -17.3039 57.4
      vertex 7.68431 -17.727 57.4
    endloop
  endfacet
  facet normal -0 0 1
    outer loop
      vertex 7.4348 -17.3413 57.4
      vertex 7.68431 -17.727 57.4
      vertex 7.53809 -17.3039 57.4
    endloop
  endfacet
  facet normal 0 0 1
    outer loop
      vertex 7.68431 -17.727 57.4
      vertex 7.4348 -17.3413 57.4
      vertex 7.64528 -17.7475 57.4
    endloop
  endfacet
  facet normal 0 0 1
    outer loop
      vertex 7.64528 -17.7475 57.4
      vertex 7.4348 -17.3413 57.4
      vertex 7.60948 -17.7686 57.4
    endloop
  endfacet
  facet normal 0 0 1
    outer loop
      vertex 7.60948 -17.7686 57.4
      vertex 7.4348 -17.3413 57.4
      vertex 7.57694 -17.7904 57.4
    endloop
  endfacet
  facet normal -0 0 1
    outer loop
      vertex 7.33921 -17.3669 57.4
      vertex 7.57694 -17.7904 57.4
      vertex 7.4348 -17.3413 57.4
    endloop
  endfacet
  facet normal -0 0 1
    outer loop
      vertex 7.19417 -17.7018 57.4
      vertex 7.57694 -17.7904 57.4
      vertex 7.33921 -17.3669 57.4
    endloop
  endfacet
  facet normal 0 0 1
    outer loop
      vertex 7.57694 -17.7904 57.4
      vertex 7.19417 -17.7018 57.4
      vertex 7.54765 -17.8127 57.4
    endloop
  endfacet
  facet normal 0 0 1
    outer loop
      vertex 7.54765 -17.8127 57.4
      vertex 7.19417 -17.7018 57.4
      vertex 7.5216 -17.8356 57.4
    endloop
  endfacet
  facet normal 0 0 1
    outer loop
      vertex 7.5216 -17.8356 57.4
      vertex 7.19417 -17.7018 57.4
      vertex 7.4988 -17.8592 57.4
    endloop
  endfacet
  facet normal 0 0 1
    outer loop
      vertex 7.47926 -17.8833 57.4
      vertex 7.19417 -17.7018 57.4
      vertex 7.46295 -17.908 57.4
    endloop
  endfacet
  facet normal 0 0 1
    outer loop
      vertex 7.46295 -17.908 57.4
      vertex 7.19417 -17.7018 57.4
      vertex 7.44966 -17.9334 57.4
    endloop
  endfacet
  facet normal -0 0 1
    outer loop
      vertex 7.14903 -17.7339 57.4
      vertex 7.44966 -17.9334 57.4
      vertex 7.19417 -17.7018 57.4
    endloop
  endfacet
  facet normal 0 0 1
    outer loop
      vertex 7.44966 -17.9334 57.4
      vertex 7.14903 -17.7339 57.4
      vertex 7.43917 -17.9596 57.4
    endloop
  endfacet
  facet normal -0 0 1
    outer loop
      vertex 7.10731 -17.767 57.4
      vertex 7.43917 -17.9596 57.4
      vertex 7.14903 -17.7339 57.4
    endloop
  endfacet
  facet normal 0 0 1
    outer loop
      vertex 7.43917 -17.9596 57.4
      vertex 7.10731 -17.767 57.4
      vertex 7.43147 -17.9866 57.4
    endloop
  endfacet
  facet normal 0 0 1
    outer loop
      vertex 7.4988 -17.8592 57.4
      vertex 7.19417 -17.7018 57.4
      vertex 7.47926 -17.8833 57.4
    endloop
  endfacet
  facet normal -0 0 1
    outer loop
      vertex 7.06902 -17.8011 57.4
      vertex 7.43147 -17.9866 57.4
      vertex 7.10731 -17.767 57.4
    endloop
  endfacet
  facet normal 0 0 1
    outer loop
      vertex 7.43147 -17.9866 57.4
      vertex 7.06902 -17.8011 57.4
      vertex 7.42655 -18.0144 57.4
    endloop
  endfacet
  facet normal 0 0 1
    outer loop
      vertex 7.19417 -17.7018 57.4
      vertex 7.33921 -17.3669 57.4
      vertex 7.2513 -17.3807 57.4
    endloop
  endfacet
  facet normal 0 -0 1
    outer loop
      vertex 6.98684 -18.6206 57.4
      vertex 7.42445 -18.0429 57.4
      vertex 6.95463 -18.5624 57.4
    endloop
  endfacet
  facet normal 0 -0 1
    outer loop
      vertex 7.02275 -18.6735 57.4
      vertex 7.42445 -18.0429 57.4
      vertex 6.98684 -18.6206 57.4
    endloop
  endfacet
  facet normal -0 0 1
    outer loop
      vertex 7.17111 -17.3827 57.4
      vertex 7.19417 -17.7018 57.4
      vertex 7.2513 -17.3807 57.4
    endloop
  endfacet
  facet normal 0 0 1
    outer loop
      vertex 7.17111 -17.3827 57.4
      vertex 7.12765 -17.7184 57.4
      vertex 7.19417 -17.7018 57.4
    endloop
  endfacet
  facet normal 0 0 1
    outer loop
      vertex 7.0986 -17.3729 57.4
      vertex 7.12765 -17.7184 57.4
      vertex 7.17111 -17.3827 57.4
    endloop
  endfacet
  facet normal 0 0 1
    outer loop
      vertex 7.0986 -17.3729 57.4
      vertex 7.06318 -17.7312 57.4
      vertex 7.12765 -17.7184 57.4
    endloop
  endfacet
  facet normal 0 0 1
    outer loop
      vertex 7.03378 -17.3513 57.4
      vertex 7.06318 -17.7312 57.4
      vertex 7.0986 -17.3729 57.4
    endloop
  endfacet
  facet normal 0 0 1
    outer loop
      vertex 7.03378 -17.3513 57.4
      vertex 7.00072 -17.7403 57.4
      vertex 7.06318 -17.7312 57.4
    endloop
  endfacet
  facet normal 0 0 1
    outer loop
      vertex 6.88197 -17.747 57.4
      vertex 7.03378 -17.3513 57.4
      vertex 6.97668 -17.3179 57.4
    endloop
  endfacet
  facet normal 0 0 1
    outer loop
      vertex 7.03378 -17.3513 57.4
      vertex 6.94033 -17.7455 57.4
      vertex 7.00072 -17.7403 57.4
    endloop
  endfacet
  facet normal 0 0 1
    outer loop
      vertex 6.77142 -17.7386 57.4
      vertex 6.97668 -17.3179 57.4
      vertex 6.92726 -17.2727 57.4
    endloop
  endfacet
  facet normal 0 0 1
    outer loop
      vertex 6.77142 -17.7386 57.4
      vertex 6.92726 -17.2727 57.4
      vertex 6.88554 -17.2157 57.4
    endloop
  endfacet
  facet normal 0 0 1
    outer loop
      vertex 7.03378 -17.3513 57.4
      vertex 6.88197 -17.747 57.4
      vertex 6.94033 -17.7455 57.4
    endloop
  endfacet
  facet normal 0 0 1
    outer loop
      vertex 6.77142 -17.7386 57.4
      vertex 6.88554 -17.2157 57.4
      vertex 6.85152 -17.1469 57.4
    endloop
  endfacet
  facet normal 0 0 1
    outer loop
      vertex 6.77142 -17.7386 57.4
      vertex 6.85152 -17.1469 57.4
      vertex 6.83744 -17.1085 57.4
    endloop
  endfacet
  facet normal 0 0 1
    outer loop
      vertex 6.77142 -17.7386 57.4
      vertex 6.83744 -17.1085 57.4
      vertex 6.82663 -17.071 57.4
    endloop
  endfacet
  facet normal 0 0 1
    outer loop
      vertex 6.97668 -17.3179 57.4
      vertex 6.82567 -17.7447 57.4
      vertex 6.88197 -17.747 57.4
    endloop
  endfacet
  facet normal 0 0 1
    outer loop
      vertex 6.77142 -17.7386 57.4
      vertex 6.82663 -17.071 57.4
      vertex 6.81908 -17.0345 57.4
    endloop
  endfacet
  facet normal 0 0 1
    outer loop
      vertex 6.77142 -17.7386 57.4
      vertex 6.81908 -17.0345 57.4
      vertex 6.81477 -16.999 57.4
    endloop
  endfacet
  facet normal 0 0 1
    outer loop
      vertex 6.77142 -17.7386 57.4
      vertex 6.81477 -16.999 57.4
      vertex 6.81373 -16.9644 57.4
    endloop
  endfacet
  facet normal 0 0 1
    outer loop
      vertex 6.97668 -17.3179 57.4
      vertex 6.77142 -17.7386 57.4
      vertex 6.82567 -17.7447 57.4
    endloop
  endfacet
  facet normal 0 0 1
    outer loop
      vertex 8.67565 -18.0884 57.4
      vertex 8.18238 -18.7682 57.4
      vertex 9.39901 -18.2767 57.4
    endloop
  endfacet
  facet normal -0 0 1
    outer loop
      vertex 8.04188 -18.3444 57.4
      vertex 8.18238 -18.7682 57.4
      vertex 8.67565 -18.0884 57.4
    endloop
  endfacet
  facet normal -0 0 1
    outer loop
      vertex 7.99779 -18.3614 57.4
      vertex 8.18238 -18.7682 57.4
      vertex 8.04188 -18.3444 57.4
    endloop
  endfacet
  facet normal 0 0 1
    outer loop
      vertex 8.18238 -18.7682 57.4
      vertex 7.99779 -18.3614 57.4
      vertex 8.08673 -18.8049 57.4
    endloop
  endfacet
  facet normal -0 0 1
    outer loop
      vertex 7.95529 -18.3759 57.4
      vertex 8.08673 -18.8049 57.4
      vertex 7.99779 -18.3614 57.4
    endloop
  endfacet
  facet normal -0 0 1
    outer loop
      vertex 7.91438 -18.3881 57.4
      vertex 8.08673 -18.8049 57.4
      vertex 7.95529 -18.3759 57.4
    endloop
  endfacet
  facet normal 0 0 1
    outer loop
      vertex 8.08673 -18.8049 57.4
      vertex 7.91438 -18.3881 57.4
      vertex 7.99445 -18.8363 57.4
    endloop
  endfacet
  facet normal -0 0 1
    outer loop
      vertex 7.87508 -18.3978 57.4
      vertex 7.99445 -18.8363 57.4
      vertex 7.91438 -18.3881 57.4
    endloop
  endfacet
  facet normal -0 0 1
    outer loop
      vertex 7.83738 -18.4051 57.4
      vertex 7.99445 -18.8363 57.4
      vertex 7.87508 -18.3978 57.4
    endloop
  endfacet
  facet normal 0 0 1
    outer loop
      vertex 7.99445 -18.8363 57.4
      vertex 7.83738 -18.4051 57.4
      vertex 7.90555 -18.8624 57.4
    endloop
  endfacet
  facet normal -0 0 1
    outer loop
      vertex 7.80127 -18.4101 57.4
      vertex 7.90555 -18.8624 57.4
      vertex 7.83738 -18.4051 57.4
    endloop
  endfacet
  facet normal 0 0 1
    outer loop
      vertex 7.90555 -18.8624 57.4
      vertex 7.80127 -18.4101 57.4
      vertex 7.82002 -18.8832 57.4
    endloop
  endfacet
  facet normal -0 0 1
    outer loop
      vertex 7.76676 -18.4126 57.4
      vertex 7.82002 -18.8832 57.4
      vertex 7.80127 -18.4101 57.4
    endloop
  endfacet
  facet normal -0 0 1
    outer loop
      vertex 7.73385 -18.4127 57.4
      vertex 7.82002 -18.8832 57.4
      vertex 7.76676 -18.4126 57.4
    endloop
  endfacet
  facet normal 0 0 1
    outer loop
      vertex 7.82002 -18.8832 57.4
      vertex 7.73385 -18.4127 57.4
      vertex 7.73785 -18.8987 57.4
    endloop
  endfacet
  facet normal 0 0 1
    outer loop
      vertex 7.70254 -18.4104 57.4
      vertex 7.73785 -18.8987 57.4
      vertex 7.73385 -18.4127 57.4
    endloop
  endfacet
  facet normal 0 0 1
    outer loop
      vertex 7.65906 -18.9089 57.4
      vertex 7.70254 -18.4104 57.4
      vertex 7.67282 -18.4058 57.4
    endloop
  endfacet
  facet normal 0 0 1
    outer loop
      vertex 7.70254 -18.4104 57.4
      vertex 7.65906 -18.9089 57.4
      vertex 7.73785 -18.8987 57.4
    endloop
  endfacet
  facet normal 0 0 1
    outer loop
      vertex 7.58365 -18.9139 57.4
      vertex 7.67282 -18.4058 57.4
      vertex 7.64462 -18.3984 57.4
    endloop
  endfacet
  facet normal 0 0 1
    outer loop
      vertex 7.5116 -18.9135 57.4
      vertex 7.64462 -18.3984 57.4
      vertex 7.61787 -18.388 57.4
    endloop
  endfacet
  facet normal 0 0 1
    outer loop
      vertex 7.44291 -18.9079 57.4
      vertex 7.61787 -18.388 57.4
      vertex 7.59256 -18.3747 57.4
    endloop
  endfacet
  facet normal 0 0 1
    outer loop
      vertex 7.67282 -18.4058 57.4
      vertex 7.58365 -18.9139 57.4
      vertex 7.65906 -18.9089 57.4
    endloop
  endfacet
  facet normal 0 0 1
    outer loop
      vertex 7.37759 -18.8969 57.4
      vertex 7.59256 -18.3747 57.4
      vertex 7.56868 -18.3583 57.4
    endloop
  endfacet
  facet normal 0 0 1
    outer loop
      vertex 7.37759 -18.8969 57.4
      vertex 7.56868 -18.3583 57.4
      vertex 7.54627 -18.339 57.4
    endloop
  endfacet
  facet normal 0 0 1
    outer loop
      vertex 7.37759 -18.8969 57.4
      vertex 7.54627 -18.339 57.4
      vertex 7.52529 -18.3166 57.4
    endloop
  endfacet
  facet normal 0 0 1
    outer loop
      vertex 7.64462 -18.3984 57.4
      vertex 7.5116 -18.9135 57.4
      vertex 7.58365 -18.9139 57.4
    endloop
  endfacet
  facet normal 0 0 1
    outer loop
      vertex 7.37759 -18.8969 57.4
      vertex 7.52529 -18.3166 57.4
      vertex 7.50575 -18.2913 57.4
    endloop
  endfacet
  facet normal 0 0 1
    outer loop
      vertex 7.37759 -18.8969 57.4
      vertex 7.50575 -18.2913 57.4
      vertex 7.48767 -18.2629 57.4
    endloop
  endfacet
  facet normal 0 0 1
    outer loop
      vertex 7.37759 -18.8969 57.4
      vertex 7.48767 -18.2629 57.4
      vertex 7.47103 -18.2316 57.4
    endloop
  endfacet
  facet normal 0 0 1
    outer loop
      vertex 7.37759 -18.8969 57.4
      vertex 7.47103 -18.2316 57.4
      vertex 7.45582 -18.1973 57.4
    endloop
  endfacet
  facet normal 0 0 1
    outer loop
      vertex 7.37759 -18.8969 57.4
      vertex 7.45582 -18.1973 57.4
      vertex 7.44395 -18.1648 57.4
    endloop
  endfacet
  facet normal 0 0 1
    outer loop
      vertex 7.61787 -18.388 57.4
      vertex 7.44291 -18.9079 57.4
      vertex 7.5116 -18.9135 57.4
    endloop
  endfacet
  facet normal 0 0 1
    outer loop
      vertex 7.37759 -18.8969 57.4
      vertex 7.44395 -18.1648 57.4
      vertex 7.43488 -18.1332 57.4
    endloop
  endfacet
  facet normal 0 0 1
    outer loop
      vertex 7.37759 -18.8969 57.4
      vertex 7.43488 -18.1332 57.4
      vertex 7.42861 -18.1023 57.4
    endloop
  endfacet
  facet normal 0 0 1
    outer loop
      vertex 7.37759 -18.8969 57.4
      vertex 7.42861 -18.1023 57.4
      vertex 7.42513 -18.0722 57.4
    endloop
  endfacet
  facet normal 0 0 1
    outer loop
      vertex 7.37759 -18.8969 57.4
      vertex 7.42513 -18.0722 57.4
      vertex 7.42445 -18.0429 57.4
    endloop
  endfacet
  facet normal 0 0 1
    outer loop
      vertex 7.59256 -18.3747 57.4
      vertex 7.37759 -18.8969 57.4
      vertex 7.44291 -18.9079 57.4
    endloop
  endfacet
  facet normal 0 0 1
    outer loop
      vertex 7.42445 -18.0429 57.4
      vertex 7.31582 -18.8808 57.4
      vertex 7.37759 -18.8969 57.4
    endloop
  endfacet
  facet normal 0 0 1
    outer loop
      vertex 7.42445 -18.0429 57.4
      vertex 7.25774 -18.8593 57.4
      vertex 7.31582 -18.8808 57.4
    endloop
  endfacet
  facet normal -0 0 1
    outer loop
      vertex 7.03416 -17.8361 57.4
      vertex 7.42655 -18.0144 57.4
      vertex 7.06902 -17.8011 57.4
    endloop
  endfacet
  facet normal 0 0 1
    outer loop
      vertex 7.42445 -18.0429 57.4
      vertex 7.20335 -18.8326 57.4
      vertex 7.25774 -18.8593 57.4
    endloop
  endfacet
  facet normal -0 0 1
    outer loop
      vertex 7.00275 -17.8721 57.4
      vertex 7.42655 -18.0144 57.4
      vertex 7.03416 -17.8361 57.4
    endloop
  endfacet
  facet normal 0 0 1
    outer loop
      vertex 7.42445 -18.0429 57.4
      vertex 7.10566 -18.7636 57.4
      vertex 7.15266 -18.8007 57.4
    endloop
  endfacet
  facet normal 0 0 1
    outer loop
      vertex 7.42655 -18.0144 57.4
      vertex 7.00275 -17.8721 57.4
      vertex 7.42445 -18.0429 57.4
    endloop
  endfacet
  facet normal 0 0 1
    outer loop
      vertex 7.42445 -18.0429 57.4
      vertex 7.06236 -18.7211 57.4
      vertex 7.10566 -18.7636 57.4
    endloop
  endfacet
  facet normal -0 0 1
    outer loop
      vertex 6.97477 -17.909 57.4
      vertex 7.42445 -18.0429 57.4
      vertex 7.00275 -17.8721 57.4
    endloop
  endfacet
  facet normal 0 0 1
    outer loop
      vertex 7.42445 -18.0429 57.4
      vertex 7.15266 -18.8007 57.4
      vertex 7.20335 -18.8326 57.4
    endloop
  endfacet
  facet normal -0 0 1
    outer loop
      vertex 6.95023 -17.9469 57.4
      vertex 7.42445 -18.0429 57.4
      vertex 6.97477 -17.909 57.4
    endloop
  endfacet
  facet normal 0 -0 1
    outer loop
      vertex 7.06236 -18.7211 57.4
      vertex 7.42445 -18.0429 57.4
      vertex 7.02275 -18.6735 57.4
    endloop
  endfacet
  facet normal -0 0 1
    outer loop
      vertex 6.92913 -17.9858 57.4
      vertex 7.42445 -18.0429 57.4
      vertex 6.95023 -17.9469 57.4
    endloop
  endfacet
  facet normal -0 0 1
    outer loop
      vertex 6.91146 -18.0256 57.4
      vertex 7.42445 -18.0429 57.4
      vertex 6.92913 -17.9858 57.4
    endloop
  endfacet
  facet normal 0 0 1
    outer loop
      vertex 7.42445 -18.0429 57.4
      vertex 6.9261 -18.499 57.4
      vertex 6.95463 -18.5624 57.4
    endloop
  endfacet
  facet normal 0 0 1
    outer loop
      vertex 6.89723 -18.0664 57.4
      vertex 7.42445 -18.0429 57.4
      vertex 6.91146 -18.0256 57.4
    endloop
  endfacet
  facet normal 0 0 1
    outer loop
      vertex 7.42445 -18.0429 57.4
      vertex 6.90936 -18.454 57.4
      vertex 6.9261 -18.499 57.4
    endloop
  endfacet
  facet normal 0 0 1
    outer loop
      vertex 6.88625 -18.1078 57.4
      vertex 7.42445 -18.0429 57.4
      vertex 6.89723 -18.0664 57.4
    endloop
  endfacet
  facet normal 0 0 1
    outer loop
      vertex 7.42445 -18.0429 57.4
      vertex 6.89569 -18.4093 57.4
      vertex 6.90936 -18.454 57.4
    endloop
  endfacet
  facet normal 0 0 1
    outer loop
      vertex 6.87836 -18.1497 57.4
      vertex 7.42445 -18.0429 57.4
      vertex 6.88625 -18.1078 57.4
    endloop
  endfacet
  facet normal 0 0 1
    outer loop
      vertex 7.42445 -18.0429 57.4
      vertex 6.8851 -18.365 57.4
      vertex 6.89569 -18.4093 57.4
    endloop
  endfacet
  facet normal 0 0 1
    outer loop
      vertex 6.87355 -18.192 57.4
      vertex 7.42445 -18.0429 57.4
      vertex 6.87836 -18.1497 57.4
    endloop
  endfacet
  facet normal 0 0 1
    outer loop
      vertex 7.42445 -18.0429 57.4
      vertex 6.87759 -18.3212 57.4
      vertex 6.8851 -18.365 57.4
    endloop
  endfacet
  facet normal 0 0 1
    outer loop
      vertex 6.87181 -18.2346 57.4
      vertex 7.42445 -18.0429 57.4
      vertex 6.87355 -18.192 57.4
    endloop
  endfacet
  facet normal 0 0 1
    outer loop
      vertex 7.42445 -18.0429 57.4
      vertex 6.87316 -18.2777 57.4
      vertex 6.87759 -18.3212 57.4
    endloop
  endfacet
  facet normal 0 0 1
    outer loop
      vertex 7.42445 -18.0429 57.4
      vertex 6.87181 -18.2346 57.4
      vertex 6.87316 -18.2777 57.4
    endloop
  endfacet
  facet normal 0.434743 -0.900554 0
    outer loop
      vertex 6.81392 -16.2388 57.4
      vertex 6.90175 -16.1964 58
      vertex 6.81392 -16.2388 58
    endloop
  endfacet
  facet normal 0.434743 -0.900554 0
    outer loop
      vertex 6.90175 -16.1964 58
      vertex 6.81392 -16.2388 57.4
      vertex 6.90175 -16.1964 57.4
    endloop
  endfacet
  facet normal 0.477711 -0.878517 0
    outer loop
      vertex 6.7319 -16.2834 57.4
      vertex 6.81392 -16.2388 58
      vertex 6.7319 -16.2834 58
    endloop
  endfacet
  facet normal 0.477711 -0.878517 0
    outer loop
      vertex 6.81392 -16.2388 58
      vertex 6.7319 -16.2834 57.4
      vertex 6.81392 -16.2388 57.4
    endloop
  endfacet
  facet normal 0.52421 -0.851589 0
    outer loop
      vertex 6.65571 -16.3303 57.4
      vertex 6.7319 -16.2834 58
      vertex 6.65571 -16.3303 58
    endloop
  endfacet
  facet normal 0.52421 -0.851589 0
    outer loop
      vertex 6.7319 -16.2834 58
      vertex 6.65571 -16.3303 57.4
      vertex 6.7319 -16.2834 57.4
    endloop
  endfacet
  facet normal 0.573165 -0.81944 0
    outer loop
      vertex 6.58537 -16.3795 57.4
      vertex 6.65571 -16.3303 58
      vertex 6.58537 -16.3795 58
    endloop
  endfacet
  facet normal 0.573165 -0.81944 0
    outer loop
      vertex 6.65571 -16.3303 58
      vertex 6.58537 -16.3795 57.4
      vertex 6.65571 -16.3303 57.4
    endloop
  endfacet
  facet normal 0.622979 -0.782239 0
    outer loop
      vertex 6.52083 -16.4309 57.4
      vertex 6.58537 -16.3795 58
      vertex 6.52083 -16.4309 58
    endloop
  endfacet
  facet normal 0.622979 -0.782239 0
    outer loop
      vertex 6.58537 -16.3795 58
      vertex 6.52083 -16.4309 57.4
      vertex 6.58537 -16.3795 57.4
    endloop
  endfacet
  facet normal 0.674922 -0.737889 0
    outer loop
      vertex 6.46212 -16.4846 57.4
      vertex 6.52083 -16.4309 58
      vertex 6.46212 -16.4846 58
    endloop
  endfacet
  facet normal 0.674922 -0.737889 0
    outer loop
      vertex 6.52083 -16.4309 58
      vertex 6.46212 -16.4846 57.4
      vertex 6.52083 -16.4309 57.4
    endloop
  endfacet
  facet normal 0.726458 -0.687211 0
    outer loop
      vertex 6.40924 -16.5405 58
      vertex 6.46212 -16.4846 57.4
      vertex 6.46212 -16.4846 58
    endloop
  endfacet
  facet normal 0.726458 -0.687211 0
    outer loop
      vertex 6.46212 -16.4846 57.4
      vertex 6.40924 -16.5405 58
      vertex 6.40924 -16.5405 57.4
    endloop
  endfacet
  facet normal 0.777599 -0.62876 0
    outer loop
      vertex 6.36218 -16.5987 58
      vertex 6.40924 -16.5405 57.4
      vertex 6.40924 -16.5405 58
    endloop
  endfacet
  facet normal 0.777599 -0.62876 0
    outer loop
      vertex 6.40924 -16.5405 57.4
      vertex 6.36218 -16.5987 58
      vertex 6.36218 -16.5987 57.4
    endloop
  endfacet
  facet normal 0.825921 -0.563787 0
    outer loop
      vertex 6.32095 -16.6591 58
      vertex 6.36218 -16.5987 57.4
      vertex 6.36218 -16.5987 58
    endloop
  endfacet
  facet normal 0.825921 -0.563787 0
    outer loop
      vertex 6.36218 -16.5987 57.4
      vertex 6.32095 -16.6591 58
      vertex 6.32095 -16.6591 57.4
    endloop
  endfacet
  facet normal 0.871523 -0.490355 0
    outer loop
      vertex 6.28601 -16.7212 58
      vertex 6.32095 -16.6591 57.4
      vertex 6.32095 -16.6591 58
    endloop
  endfacet
  facet normal 0.871523 -0.490355 0
    outer loop
      vertex 6.32095 -16.6591 57.4
      vertex 6.28601 -16.7212 58
      vertex 6.28601 -16.7212 57.4
    endloop
  endfacet
  facet normal 0.913322 -0.407238 0
    outer loop
      vertex 6.25783 -16.7844 58
      vertex 6.28601 -16.7212 57.4
      vertex 6.28601 -16.7212 58
    endloop
  endfacet
  facet normal 0.913322 -0.407238 0
    outer loop
      vertex 6.28601 -16.7212 57.4
      vertex 6.25783 -16.7844 58
      vertex 6.25783 -16.7844 57.4
    endloop
  endfacet
  facet normal 0.948742 -0.316051 0
    outer loop
      vertex 6.23641 -16.8487 58
      vertex 6.25783 -16.7844 57.4
      vertex 6.25783 -16.7844 58
    endloop
  endfacet
  facet normal 0.948742 -0.316051 0
    outer loop
      vertex 6.25783 -16.7844 57.4
      vertex 6.23641 -16.8487 58
      vertex 6.23641 -16.8487 57.4
    endloop
  endfacet
  facet normal 0.975682 -0.219192 0
    outer loop
      vertex 6.22174 -16.914 58
      vertex 6.23641 -16.8487 57.4
      vertex 6.23641 -16.8487 58
    endloop
  endfacet
  facet normal 0.975682 -0.219192 0
    outer loop
      vertex 6.23641 -16.8487 57.4
      vertex 6.22174 -16.914 58
      vertex 6.22174 -16.914 57.4
    endloop
  endfacet
  facet normal 0.993017 -0.117967 0
    outer loop
      vertex 6.21384 -16.9805 58
      vertex 6.22174 -16.914 57.4
      vertex 6.22174 -16.914 58
    endloop
  endfacet
  facet normal 0.993017 -0.117967 0
    outer loop
      vertex 6.22174 -16.914 57.4
      vertex 6.21384 -16.9805 58
      vertex 6.21384 -16.9805 57.4
    endloop
  endfacet
  facet normal 0.999855 -0.0170346 0
    outer loop
      vertex 6.21269 -17.048 58
      vertex 6.21384 -16.9805 57.4
      vertex 6.21384 -16.9805 58
    endloop
  endfacet
  facet normal 0.999855 -0.0170346 0
    outer loop
      vertex 6.21384 -16.9805 57.4
      vertex 6.21269 -17.048 58
      vertex 6.21269 -17.048 57.4
    endloop
  endfacet
  facet normal 0.996682 0.0813885 0
    outer loop
      vertex 6.2183 -17.1167 58
      vertex 6.21269 -17.048 57.4
      vertex 6.21269 -17.048 58
    endloop
  endfacet
  facet normal 0.996682 0.0813885 0
    outer loop
      vertex 6.21269 -17.048 57.4
      vertex 6.2183 -17.1167 58
      vertex 6.2183 -17.1167 57.4
    endloop
  endfacet
  facet normal 0.984638 0.174607 0
    outer loop
      vertex 6.23066 -17.1864 58
      vertex 6.2183 -17.1167 57.4
      vertex 6.2183 -17.1167 58
    endloop
  endfacet
  facet normal 0.984638 0.174607 0
    outer loop
      vertex 6.2183 -17.1167 57.4
      vertex 6.23066 -17.1864 58
      vertex 6.23066 -17.1864 57.4
    endloop
  endfacet
  facet normal 0.965381 0.260844 0
    outer loop
      vertex 6.24979 -17.2572 58
      vertex 6.23066 -17.1864 57.4
      vertex 6.23066 -17.1864 58
    endloop
  endfacet
  facet normal 0.965381 0.260844 0
    outer loop
      vertex 6.23066 -17.1864 57.4
      vertex 6.24979 -17.2572 58
      vertex 6.24979 -17.2572 57.4
    endloop
  endfacet
  facet normal 0.940904 0.338673 0
    outer loop
      vertex 6.27567 -17.3291 58
      vertex 6.24979 -17.2572 57.4
      vertex 6.24979 -17.2572 58
    endloop
  endfacet
  facet normal 0.940904 0.338673 0
    outer loop
      vertex 6.24979 -17.2572 57.4
      vertex 6.27567 -17.3291 58
      vertex 6.27567 -17.3291 57.4
    endloop
  endfacet
  facet normal 0.914543 0.404489 0
    outer loop
      vertex 6.29889 -17.3816 58
      vertex 6.27567 -17.3291 57.4
      vertex 6.27567 -17.3291 58
    endloop
  endfacet
  facet normal 0.914543 0.404489 0
    outer loop
      vertex 6.27567 -17.3291 57.4
      vertex 6.29889 -17.3816 58
      vertex 6.29889 -17.3816 57.4
    endloop
  endfacet
  facet normal 0.885824 0.46402 0
    outer loop
      vertex 6.32461 -17.4307 58
      vertex 6.29889 -17.3816 57.4
      vertex 6.29889 -17.3816 58
    endloop
  endfacet
  facet normal 0.885824 0.46402 0
    outer loop
      vertex 6.29889 -17.3816 57.4
      vertex 6.32461 -17.4307 58
      vertex 6.32461 -17.4307 57.4
    endloop
  endfacet
  facet normal 0.850253 0.526374 0
    outer loop
      vertex 6.35284 -17.4763 58
      vertex 6.32461 -17.4307 57.4
      vertex 6.32461 -17.4307 58
    endloop
  endfacet
  facet normal 0.850253 0.526374 0
    outer loop
      vertex 6.32461 -17.4307 57.4
      vertex 6.35284 -17.4763 58
      vertex 6.35284 -17.4763 57.4
    endloop
  endfacet
  facet normal 0.80744 0.589949 0
    outer loop
      vertex 6.3836 -17.5184 58
      vertex 6.35284 -17.4763 57.4
      vertex 6.35284 -17.4763 58
    endloop
  endfacet
  facet normal 0.80744 0.589949 0
    outer loop
      vertex 6.35284 -17.4763 57.4
      vertex 6.3836 -17.5184 58
      vertex 6.3836 -17.5184 57.4
    endloop
  endfacet
  facet normal 0.757467 0.652874 0
    outer loop
      vertex 6.41687 -17.557 58
      vertex 6.3836 -17.5184 57.4
      vertex 6.3836 -17.5184 58
    endloop
  endfacet
  facet normal 0.757467 0.652874 0
    outer loop
      vertex 6.3836 -17.5184 57.4
      vertex 6.41687 -17.557 58
      vertex 6.41687 -17.557 57.4
    endloop
  endfacet
  facet normal 0.700391 0.71376 -0
    outer loop
      vertex 6.45264 -17.5921 57.4
      vertex 6.41687 -17.557 58
      vertex 6.45264 -17.5921 58
    endloop
  endfacet
  facet normal 0.700391 0.71376 0
    outer loop
      vertex 6.41687 -17.557 58
      vertex 6.45264 -17.5921 57.4
      vertex 6.41687 -17.557 57.4
    endloop
  endfacet
  facet normal 0.636512 0.771267 -0
    outer loop
      vertex 6.49093 -17.6237 57.4
      vertex 6.45264 -17.5921 58
      vertex 6.49093 -17.6237 58
    endloop
  endfacet
  facet normal 0.636512 0.771267 0
    outer loop
      vertex 6.45264 -17.5921 58
      vertex 6.49093 -17.6237 57.4
      vertex 6.45264 -17.5921 57.4
    endloop
  endfacet
  facet normal 0.56712 0.823635 -0
    outer loop
      vertex 6.53174 -17.6518 57.4
      vertex 6.49093 -17.6237 58
      vertex 6.53174 -17.6518 58
    endloop
  endfacet
  facet normal 0.56712 0.823635 0
    outer loop
      vertex 6.49093 -17.6237 58
      vertex 6.53174 -17.6518 57.4
      vertex 6.49093 -17.6237 57.4
    endloop
  endfacet
  facet normal 0.49363 0.869672 -0
    outer loop
      vertex 6.57508 -17.6764 57.4
      vertex 6.53174 -17.6518 58
      vertex 6.57508 -17.6764 58
    endloop
  endfacet
  facet normal 0.49363 0.869672 0
    outer loop
      vertex 6.53174 -17.6518 58
      vertex 6.57508 -17.6764 57.4
      vertex 6.53174 -17.6518 57.4
    endloop
  endfacet
  facet normal 0.418203 0.908353 -0
    outer loop
      vertex 6.62091 -17.6975 57.4
      vertex 6.57508 -17.6764 58
      vertex 6.62091 -17.6975 58
    endloop
  endfacet
  facet normal 0.418203 0.908353 0
    outer loop
      vertex 6.57508 -17.6764 58
      vertex 6.62091 -17.6975 57.4
      vertex 6.57508 -17.6764 57.4
    endloop
  endfacet
  facet normal 0.341712 0.939805 -0
    outer loop
      vertex 6.66904 -17.715 57.4
      vertex 6.62091 -17.6975 58
      vertex 6.66904 -17.715 58
    endloop
  endfacet
  facet normal 0.341712 0.939805 0
    outer loop
      vertex 6.62091 -17.6975 58
      vertex 6.66904 -17.715 57.4
      vertex 6.62091 -17.6975 57.4
    endloop
  endfacet
  facet normal 0.263475 0.964666 -0
    outer loop
      vertex 6.7192 -17.7287 57.4
      vertex 6.66904 -17.715 58
      vertex 6.7192 -17.7287 58
    endloop
  endfacet
  facet normal 0.263475 0.964666 0
    outer loop
      vertex 6.66904 -17.715 58
      vertex 6.7192 -17.7287 57.4
      vertex 6.66904 -17.715 57.4
    endloop
  endfacet
  facet normal 0.186265 0.9825 -0
    outer loop
      vertex 6.77142 -17.7386 57.4
      vertex 6.7192 -17.7287 58
      vertex 6.77142 -17.7386 58
    endloop
  endfacet
  facet normal 0.186265 0.9825 0
    outer loop
      vertex 6.7192 -17.7287 58
      vertex 6.77142 -17.7386 57.4
      vertex 6.7192 -17.7287 57.4
    endloop
  endfacet
  facet normal 0.111738 0.993738 -0
    outer loop
      vertex 6.82567 -17.7447 57.4
      vertex 6.77142 -17.7386 58
      vertex 6.82567 -17.7447 58
    endloop
  endfacet
  facet normal 0.111738 0.993738 0
    outer loop
      vertex 6.77142 -17.7386 58
      vertex 6.82567 -17.7447 57.4
      vertex 6.77142 -17.7386 57.4
    endloop
  endfacet
  facet normal 0.0408185 0.999167 -0
    outer loop
      vertex 6.88197 -17.747 57.4
      vertex 6.82567 -17.7447 58
      vertex 6.88197 -17.747 58
    endloop
  endfacet
  facet normal 0.0408185 0.999167 0
    outer loop
      vertex 6.82567 -17.7447 58
      vertex 6.88197 -17.747 57.4
      vertex 6.82567 -17.7447 57.4
    endloop
  endfacet
  facet normal -0.0256941 0.99967 0
    outer loop
      vertex 6.94033 -17.7455 57.4
      vertex 6.88197 -17.747 58
      vertex 6.94033 -17.7455 58
    endloop
  endfacet
  facet normal -0.0256941 0.99967 0
    outer loop
      vertex 6.88197 -17.747 58
      vertex 6.94033 -17.7455 57.4
      vertex 6.88197 -17.747 57.4
    endloop
  endfacet
  facet normal -0.0857895 0.996313 0
    outer loop
      vertex 7.00072 -17.7403 57.4
      vertex 6.94033 -17.7455 58
      vertex 7.00072 -17.7403 58
    endloop
  endfacet
  facet normal -0.0857895 0.996313 0
    outer loop
      vertex 6.94033 -17.7455 58
      vertex 7.00072 -17.7403 57.4
      vertex 6.94033 -17.7455 57.4
    endloop
  endfacet
  facet normal -0.144171 0.989553 0
    outer loop
      vertex 7.06318 -17.7312 57.4
      vertex 7.00072 -17.7403 58
      vertex 7.06318 -17.7312 58
    endloop
  endfacet
  facet normal -0.144171 0.989553 0
    outer loop
      vertex 7.00072 -17.7403 58
      vertex 7.06318 -17.7312 57.4
      vertex 7.00072 -17.7403 57.4
    endloop
  endfacet
  facet normal -0.194741 0.980855 0
    outer loop
      vertex 7.12765 -17.7184 57.4
      vertex 7.06318 -17.7312 58
      vertex 7.12765 -17.7184 58
    endloop
  endfacet
  facet normal -0.194741 0.980855 0
    outer loop
      vertex 7.06318 -17.7312 58
      vertex 7.12765 -17.7184 57.4
      vertex 7.06318 -17.7312 57.4
    endloop
  endfacet
  facet normal -0.242124 0.970245 0
    outer loop
      vertex 7.19417 -17.7018 57.4
      vertex 7.12765 -17.7184 58
      vertex 7.19417 -17.7018 58
    endloop
  endfacet
  facet normal -0.242124 0.970245 0
    outer loop
      vertex 7.12765 -17.7184 58
      vertex 7.19417 -17.7018 57.4
      vertex 7.12765 -17.7184 57.4
    endloop
  endfacet
  facet normal 0.579529 -0.814952 0
    outer loop
      vertex 7.14903 -17.7339 57.4
      vertex 7.19417 -17.7018 58
      vertex 7.14903 -17.7339 58
    endloop
  endfacet
  facet normal 0.579529 -0.814952 0
    outer loop
      vertex 7.19417 -17.7018 58
      vertex 7.14903 -17.7339 57.4
      vertex 7.19417 -17.7018 57.4
    endloop
  endfacet
  facet normal 0.62153 -0.78339 0
    outer loop
      vertex 7.10731 -17.767 57.4
      vertex 7.14903 -17.7339 58
      vertex 7.10731 -17.767 58
    endloop
  endfacet
  facet normal 0.62153 -0.78339 0
    outer loop
      vertex 7.14903 -17.7339 58
      vertex 7.10731 -17.767 57.4
      vertex 7.14903 -17.7339 57.4
    endloop
  endfacet
  facet normal 0.665066 -0.746785 0
    outer loop
      vertex 7.06902 -17.8011 57.4
      vertex 7.10731 -17.767 58
      vertex 7.06902 -17.8011 58
    endloop
  endfacet
  facet normal 0.665066 -0.746785 0
    outer loop
      vertex 7.10731 -17.767 58
      vertex 7.06902 -17.8011 57.4
      vertex 7.10731 -17.767 57.4
    endloop
  endfacet
  facet normal 0.708522 -0.705688 0
    outer loop
      vertex 7.03416 -17.8361 58
      vertex 7.06902 -17.8011 57.4
      vertex 7.06902 -17.8011 58
    endloop
  endfacet
  facet normal 0.708522 -0.705688 0
    outer loop
      vertex 7.06902 -17.8011 57.4
      vertex 7.03416 -17.8361 58
      vertex 7.03416 -17.8361 57.4
    endloop
  endfacet
  facet normal 0.753509 -0.657437 0
    outer loop
      vertex 7.00275 -17.8721 58
      vertex 7.03416 -17.8361 57.4
      vertex 7.03416 -17.8361 58
    endloop
  endfacet
  facet normal 0.753509 -0.657437 0
    outer loop
      vertex 7.03416 -17.8361 57.4
      vertex 7.00275 -17.8721 58
      vertex 7.00275 -17.8721 57.4
    endloop
  endfacet
  facet normal 0.796827 -0.604207 0
    outer loop
      vertex 6.97477 -17.909 58
      vertex 7.00275 -17.8721 57.4
      vertex 7.00275 -17.8721 58
    endloop
  endfacet
  facet normal 0.796827 -0.604207 0
    outer loop
      vertex 7.00275 -17.8721 57.4
      vertex 6.97477 -17.909 58
      vertex 6.97477 -17.909 57.4
    endloop
  endfacet
  facet normal 0.839404 -0.543508 0
    outer loop
      vertex 6.95023 -17.9469 58
      vertex 6.97477 -17.909 57.4
      vertex 6.97477 -17.909 58
    endloop
  endfacet
  facet normal 0.839404 -0.543508 0
    outer loop
      vertex 6.97477 -17.909 57.4
      vertex 6.95023 -17.9469 58
      vertex 6.95023 -17.9469 57.4
    endloop
  endfacet
  facet normal 0.879016 -0.476793 0
    outer loop
      vertex 6.92913 -17.9858 58
      vertex 6.95023 -17.9469 57.4
      vertex 6.95023 -17.9469 58
    endloop
  endfacet
  facet normal 0.879016 -0.476793 0
    outer loop
      vertex 6.95023 -17.9469 57.4
      vertex 6.92913 -17.9858 58
      vertex 6.92913 -17.9858 57.4
    endloop
  endfacet
  facet normal 0.913972 -0.405776 0
    outer loop
      vertex 6.91146 -18.0256 58
      vertex 6.92913 -17.9858 57.4
      vertex 6.92913 -17.9858 58
    endloop
  endfacet
  facet normal 0.913972 -0.405776 0
    outer loop
      vertex 6.92913 -17.9858 57.4
      vertex 6.91146 -18.0256 58
      vertex 6.91146 -18.0256 57.4
    endloop
  endfacet
  facet normal 0.944219 -0.329319 0
    outer loop
      vertex 6.89723 -18.0664 58
      vertex 6.91146 -18.0256 57.4
      vertex 6.91146 -18.0256 58
    endloop
  endfacet
  facet normal 0.944219 -0.329319 0
    outer loop
      vertex 6.91146 -18.0256 57.4
      vertex 6.89723 -18.0664 58
      vertex 6.89723 -18.0664 57.4
    endloop
  endfacet
  facet normal 0.966583 -0.256355 0
    outer loop
      vertex 6.88625 -18.1078 58
      vertex 6.89723 -18.0664 57.4
      vertex 6.89723 -18.0664 58
    endloop
  endfacet
  facet normal 0.966583 -0.256355 0
    outer loop
      vertex 6.89723 -18.0664 57.4
      vertex 6.88625 -18.1078 58
      vertex 6.88625 -18.1078 57.4
    endloop
  endfacet
  facet normal 0.982729 -0.185053 0
    outer loop
      vertex 6.87836 -18.1497 58
      vertex 6.88625 -18.1078 57.4
      vertex 6.88625 -18.1078 58
    endloop
  endfacet
  facet normal 0.982729 -0.185053 0
    outer loop
      vertex 6.88625 -18.1078 57.4
      vertex 6.87836 -18.1497 58
      vertex 6.87836 -18.1497 57.4
    endloop
  endfacet
  facet normal 0.993597 -0.112983 0
    outer loop
      vertex 6.87355 -18.192 58
      vertex 6.87836 -18.1497 57.4
      vertex 6.87836 -18.1497 58
    endloop
  endfacet
  facet normal 0.993597 -0.112983 0
    outer loop
      vertex 6.87836 -18.1497 57.4
      vertex 6.87355 -18.192 58
      vertex 6.87355 -18.192 57.4
    endloop
  endfacet
  facet normal 0.999167 -0.040811 0
    outer loop
      vertex 6.87181 -18.2346 58
      vertex 6.87355 -18.192 57.4
      vertex 6.87355 -18.192 58
    endloop
  endfacet
  facet normal 0.999167 -0.040811 0
    outer loop
      vertex 6.87355 -18.192 57.4
      vertex 6.87181 -18.2346 58
      vertex 6.87181 -18.2346 57.4
    endloop
  endfacet
  facet normal 0.99951 0.0313072 0
    outer loop
      vertex 6.87316 -18.2777 58
      vertex 6.87181 -18.2346 57.4
      vertex 6.87181 -18.2346 58
    endloop
  endfacet
  facet normal 0.99951 0.0313072 0
    outer loop
      vertex 6.87181 -18.2346 57.4
      vertex 6.87316 -18.2777 58
      vertex 6.87316 -18.2777 57.4
    endloop
  endfacet
  facet normal 0.994854 0.101315 0
    outer loop
      vertex 6.87759 -18.3212 58
      vertex 6.87316 -18.2777 57.4
      vertex 6.87316 -18.2777 58
    endloop
  endfacet
  facet normal 0.994854 0.101315 0
    outer loop
      vertex 6.87316 -18.2777 57.4
      vertex 6.87759 -18.3212 58
      vertex 6.87759 -18.3212 57.4
    endloop
  endfacet
  facet normal 0.985617 0.168995 0
    outer loop
      vertex 6.8851 -18.365 58
      vertex 6.87759 -18.3212 57.4
      vertex 6.87759 -18.3212 58
    endloop
  endfacet
  facet normal 0.985617 0.168995 0
    outer loop
      vertex 6.87759 -18.3212 57.4
      vertex 6.8851 -18.365 58
      vertex 6.8851 -18.365 57.4
    endloop
  endfacet
  facet normal 0.972596 0.232501 0
    outer loop
      vertex 6.89569 -18.4093 58
      vertex 6.8851 -18.365 57.4
      vertex 6.8851 -18.365 58
    endloop
  endfacet
  facet normal 0.972596 0.232501 0
    outer loop
      vertex 6.8851 -18.365 57.4
      vertex 6.89569 -18.4093 58
      vertex 6.89569 -18.4093 57.4
    endloop
  endfacet
  facet normal 0.956282 0.292447 0
    outer loop
      vertex 6.90936 -18.454 58
      vertex 6.89569 -18.4093 57.4
      vertex 6.89569 -18.4093 58
    endloop
  endfacet
  facet normal 0.956282 0.292447 0
    outer loop
      vertex 6.89569 -18.4093 57.4
      vertex 6.90936 -18.454 58
      vertex 6.90936 -18.454 57.4
    endloop
  endfacet
  facet normal 0.93725 0.348657 0
    outer loop
      vertex 6.9261 -18.499 58
      vertex 6.90936 -18.454 57.4
      vertex 6.90936 -18.454 58
    endloop
  endfacet
  facet normal 0.93725 0.348657 0
    outer loop
      vertex 6.90936 -18.454 57.4
      vertex 6.9261 -18.499 58
      vertex 6.9261 -18.499 57.4
    endloop
  endfacet
  facet normal 0.911922 0.410365 0
    outer loop
      vertex 6.95463 -18.5624 58
      vertex 6.9261 -18.499 57.4
      vertex 6.9261 -18.499 58
    endloop
  endfacet
  facet normal 0.911922 0.410365 0
    outer loop
      vertex 6.9261 -18.499 57.4
      vertex 6.95463 -18.5624 58
      vertex 6.95463 -18.5624 57.4
    endloop
  endfacet
  facet normal 0.874943 0.484225 0
    outer loop
      vertex 6.98684 -18.6206 58
      vertex 6.95463 -18.5624 57.4
      vertex 6.95463 -18.5624 58
    endloop
  endfacet
  facet normal 0.874943 0.484225 0
    outer loop
      vertex 6.95463 -18.5624 57.4
      vertex 6.98684 -18.6206 58
      vertex 6.98684 -18.6206 57.4
    endloop
  endfacet
  facet normal 0.827377 0.561647 0
    outer loop
      vertex 7.02275 -18.6735 58
      vertex 6.98684 -18.6206 57.4
      vertex 6.98684 -18.6206 58
    endloop
  endfacet
  facet normal 0.827377 0.561647 0
    outer loop
      vertex 6.98684 -18.6206 57.4
      vertex 7.02275 -18.6735 58
      vertex 7.02275 -18.6735 57.4
    endloop
  endfacet
  facet normal 0.768671 0.639644 0
    outer loop
      vertex 7.06236 -18.7211 58
      vertex 7.02275 -18.6735 57.4
      vertex 7.02275 -18.6735 58
    endloop
  endfacet
  facet normal 0.768671 0.639644 0
    outer loop
      vertex 7.02275 -18.6735 57.4
      vertex 7.06236 -18.7211 58
      vertex 7.06236 -18.7211 57.4
    endloop
  endfacet
  facet normal 0.700483 0.713669 -0
    outer loop
      vertex 7.10566 -18.7636 57.4
      vertex 7.06236 -18.7211 58
      vertex 7.10566 -18.7636 58
    endloop
  endfacet
  facet normal 0.700483 0.713669 0
    outer loop
      vertex 7.06236 -18.7211 58
      vertex 7.10566 -18.7636 57.4
      vertex 7.06236 -18.7211 57.4
    endloop
  endfacet
  facet normal 0.61959 0.784926 -0
    outer loop
      vertex 7.15266 -18.8007 57.4
      vertex 7.10566 -18.7636 58
      vertex 7.15266 -18.8007 58
    endloop
  endfacet
  facet normal 0.61959 0.784926 0
    outer loop
      vertex 7.10566 -18.7636 58
      vertex 7.15266 -18.8007 57.4
      vertex 7.10566 -18.7636 57.4
    endloop
  endfacet
  facet normal 0.532623 0.846353 -0
    outer loop
      vertex 7.20335 -18.8326 57.4
      vertex 7.15266 -18.8007 58
      vertex 7.20335 -18.8326 58
    endloop
  endfacet
  facet normal 0.532623 0.846353 0
    outer loop
      vertex 7.15266 -18.8007 58
      vertex 7.20335 -18.8326 57.4
      vertex 7.15266 -18.8007 57.4
    endloop
  endfacet
  facet normal 0.440666 0.897671 -0
    outer loop
      vertex 7.25774 -18.8593 57.4
      vertex 7.20335 -18.8326 58
      vertex 7.25774 -18.8593 58
    endloop
  endfacet
  facet normal 0.440666 0.897671 0
    outer loop
      vertex 7.20335 -18.8326 58
      vertex 7.25774 -18.8593 57.4
      vertex 7.20335 -18.8326 57.4
    endloop
  endfacet
  facet normal 0.347157 0.937807 -0
    outer loop
      vertex 7.31582 -18.8808 57.4
      vertex 7.25774 -18.8593 58
      vertex 7.31582 -18.8808 58
    endloop
  endfacet
  facet normal 0.347157 0.937807 0
    outer loop
      vertex 7.25774 -18.8593 58
      vertex 7.31582 -18.8808 57.4
      vertex 7.25774 -18.8593 57.4
    endloop
  endfacet
  facet normal 0.252218 0.96767 -0
    outer loop
      vertex 7.37759 -18.8969 57.4
      vertex 7.31582 -18.8808 58
      vertex 7.37759 -18.8969 58
    endloop
  endfacet
  facet normal 0.252218 0.96767 0
    outer loop
      vertex 7.31582 -18.8808 58
      vertex 7.37759 -18.8969 57.4
      vertex 7.31582 -18.8808 57.4
    endloop
  endfacet
  facet normal 0.166063 0.986115 -0
    outer loop
      vertex 7.44291 -18.9079 57.4
      vertex 7.37759 -18.8969 58
      vertex 7.44291 -18.9079 58
    endloop
  endfacet
  facet normal 0.166063 0.986115 0
    outer loop
      vertex 7.37759 -18.8969 58
      vertex 7.44291 -18.9079 57.4
      vertex 7.37759 -18.8969 57.4
    endloop
  endfacet
  facet normal 0.0812561 0.996693 -0
    outer loop
      vertex 7.5116 -18.9135 57.4
      vertex 7.44291 -18.9079 58
      vertex 7.5116 -18.9135 58
    endloop
  endfacet
  facet normal 0.0812561 0.996693 0
    outer loop
      vertex 7.44291 -18.9079 58
      vertex 7.5116 -18.9135 57.4
      vertex 7.44291 -18.9079 57.4
    endloop
  endfacet
  facet normal 0.00555161 0.999985 -0
    outer loop
      vertex 7.58365 -18.9139 57.4
      vertex 7.5116 -18.9135 58
      vertex 7.58365 -18.9139 58
    endloop
  endfacet
  facet normal 0.00555161 0.999985 0
    outer loop
      vertex 7.5116 -18.9135 58
      vertex 7.58365 -18.9139 57.4
      vertex 7.5116 -18.9135 57.4
    endloop
  endfacet
  facet normal -0.0661589 0.997809 0
    outer loop
      vertex 7.65906 -18.9089 57.4
      vertex 7.58365 -18.9139 58
      vertex 7.65906 -18.9089 58
    endloop
  endfacet
  facet normal -0.0661589 0.997809 0
    outer loop
      vertex 7.58365 -18.9139 58
      vertex 7.65906 -18.9089 57.4
      vertex 7.58365 -18.9139 57.4
    endloop
  endfacet
  facet normal -0.128387 0.991724 0
    outer loop
      vertex 7.73785 -18.8987 57.4
      vertex 7.65906 -18.9089 58
      vertex 7.73785 -18.8987 58
    endloop
  endfacet
  facet normal -0.128387 0.991724 0
    outer loop
      vertex 7.65906 -18.9089 58
      vertex 7.73785 -18.8987 57.4
      vertex 7.65906 -18.9089 57.4
    endloop
  endfacet
  facet normal -0.185364 0.98267 0
    outer loop
      vertex 7.82002 -18.8832 57.4
      vertex 7.73785 -18.8987 58
      vertex 7.82002 -18.8832 58
    endloop
  endfacet
  facet normal -0.185364 0.98267 0
    outer loop
      vertex 7.73785 -18.8987 58
      vertex 7.82002 -18.8832 57.4
      vertex 7.73785 -18.8987 57.4
    endloop
  endfacet
  facet normal -0.236302 0.97168 0
    outer loop
      vertex 7.90555 -18.8624 57.4
      vertex 7.82002 -18.8832 58
      vertex 7.90555 -18.8624 58
    endloop
  endfacet
  facet normal -0.236302 0.97168 0
    outer loop
      vertex 7.82002 -18.8832 58
      vertex 7.90555 -18.8624 57.4
      vertex 7.82002 -18.8832 57.4
    endloop
  endfacet
  facet normal -0.281699 0.959503 0
    outer loop
      vertex 7.99445 -18.8363 57.4
      vertex 7.90555 -18.8624 58
      vertex 7.99445 -18.8363 58
    endloop
  endfacet
  facet normal -0.281699 0.959503 0
    outer loop
      vertex 7.90555 -18.8624 58
      vertex 7.99445 -18.8363 57.4
      vertex 7.90555 -18.8624 57.4
    endloop
  endfacet
  facet normal -0.322131 0.946695 0
    outer loop
      vertex 8.08673 -18.8049 57.4
      vertex 7.99445 -18.8363 58
      vertex 8.08673 -18.8049 58
    endloop
  endfacet
  facet normal -0.322131 0.946695 0
    outer loop
      vertex 7.99445 -18.8363 58
      vertex 8.08673 -18.8049 57.4
      vertex 7.99445 -18.8363 57.4
    endloop
  endfacet
  facet normal -0.358227 0.933635 0
    outer loop
      vertex 8.18238 -18.7682 57.4
      vertex 8.08673 -18.8049 58
      vertex 8.18238 -18.7682 58
    endloop
  endfacet
  facet normal -0.358227 0.933635 0
    outer loop
      vertex 8.08673 -18.8049 58
      vertex 8.18238 -18.7682 57.4
      vertex 8.08673 -18.8049 57.4
    endloop
  endfacet
  facet normal -0.374574 0.927197 0
    outer loop
      vertex 9.39901 -18.2767 57.4
      vertex 8.18238 -18.7682 58
      vertex 9.39901 -18.2767 58
    endloop
  endfacet
  facet normal -0.374574 0.927197 0
    outer loop
      vertex 8.18238 -18.7682 58
      vertex 9.39901 -18.2767 57.4
      vertex 8.18238 -18.7682 57.4
    endloop
  endfacet
  facet normal -0.927184 -0.374606 0
    outer loop
      vertex 9.39901 -18.2767 57.4
      vertex 8.32523 -15.619 58
      vertex 8.32523 -15.619 57.4
    endloop
  endfacet
  facet normal -0.927184 -0.374606 0
    outer loop
      vertex 8.32523 -15.619 58
      vertex 9.39901 -18.2767 57.4
      vertex 9.39901 -18.2767 58
    endloop
  endfacet
  facet normal 0.37456 -0.927203 0
    outer loop
      vertex 6.99542 -16.1562 57.4
      vertex 8.32523 -15.619 58
      vertex 6.99542 -16.1562 58
    endloop
  endfacet
  facet normal 0.37456 -0.927203 0
    outer loop
      vertex 8.32523 -15.619 58
      vertex 6.99542 -16.1562 57.4
      vertex 8.32523 -15.619 57.4
    endloop
  endfacet
  facet normal 0.394381 -0.918947 0
    outer loop
      vertex 6.90175 -16.1964 57.4
      vertex 6.99542 -16.1562 58
      vertex 6.90175 -16.1964 58
    endloop
  endfacet
  facet normal 0.394381 -0.918947 0
    outer loop
      vertex 6.99542 -16.1562 58
      vertex 6.90175 -16.1964 57.4
      vertex 6.99542 -16.1562 57.4
    endloop
  endfacet
  facet normal 0.927184 0.374606 0
    outer loop
      vertex 8.67565 -18.0884 58
      vertex 8.40968 -17.4301 57.4
      vertex 8.40968 -17.4301 58
    endloop
  endfacet
  facet normal 0.927184 0.374606 0
    outer loop
      vertex 8.40968 -17.4301 57.4
      vertex 8.67565 -18.0884 58
      vertex 8.67565 -18.0884 57.4
    endloop
  endfacet
  facet normal 0.374532 -0.927214 0
    outer loop
      vertex 8.04188 -18.3444 57.4
      vertex 8.67565 -18.0884 58
      vertex 8.04188 -18.3444 58
    endloop
  endfacet
  facet normal 0.374532 -0.927214 0
    outer loop
      vertex 8.67565 -18.0884 58
      vertex 8.04188 -18.3444 57.4
      vertex 8.67565 -18.0884 57.4
    endloop
  endfacet
  facet normal 0.359759 -0.933045 0
    outer loop
      vertex 7.99779 -18.3614 57.4
      vertex 8.04188 -18.3444 58
      vertex 7.99779 -18.3614 58
    endloop
  endfacet
  facet normal 0.359759 -0.933045 0
    outer loop
      vertex 8.04188 -18.3444 58
      vertex 7.99779 -18.3614 57.4
      vertex 8.04188 -18.3444 57.4
    endloop
  endfacet
  facet normal 0.322901 -0.946433 0
    outer loop
      vertex 7.95529 -18.3759 57.4
      vertex 7.99779 -18.3614 58
      vertex 7.95529 -18.3759 58
    endloop
  endfacet
  facet normal 0.322901 -0.946433 0
    outer loop
      vertex 7.99779 -18.3614 58
      vertex 7.95529 -18.3759 57.4
      vertex 7.99779 -18.3614 57.4
    endloop
  endfacet
  facet normal 0.285779 -0.958296 0
    outer loop
      vertex 7.91438 -18.3881 57.4
      vertex 7.95529 -18.3759 58
      vertex 7.91438 -18.3881 58
    endloop
  endfacet
  facet normal 0.285779 -0.958296 0
    outer loop
      vertex 7.95529 -18.3759 58
      vertex 7.91438 -18.3881 57.4
      vertex 7.95529 -18.3759 57.4
    endloop
  endfacet
  facet normal 0.239628 -0.970865 0
    outer loop
      vertex 7.87508 -18.3978 57.4
      vertex 7.91438 -18.3881 58
      vertex 7.87508 -18.3978 58
    endloop
  endfacet
  facet normal 0.239628 -0.970865 0
    outer loop
      vertex 7.91438 -18.3881 58
      vertex 7.87508 -18.3978 57.4
      vertex 7.91438 -18.3881 57.4
    endloop
  endfacet
  facet normal 0.190103 -0.981764 0
    outer loop
      vertex 7.83738 -18.4051 57.4
      vertex 7.87508 -18.3978 58
      vertex 7.83738 -18.4051 58
    endloop
  endfacet
  facet normal 0.190103 -0.981764 0
    outer loop
      vertex 7.87508 -18.3978 58
      vertex 7.83738 -18.4051 57.4
      vertex 7.87508 -18.3978 57.4
    endloop
  endfacet
  facet normal 0.137157 -0.990549 0
    outer loop
      vertex 7.80127 -18.4101 57.4
      vertex 7.83738 -18.4051 58
      vertex 7.80127 -18.4101 58
    endloop
  endfacet
  facet normal 0.137157 -0.990549 0
    outer loop
      vertex 7.83738 -18.4051 58
      vertex 7.80127 -18.4101 57.4
      vertex 7.83738 -18.4051 57.4
    endloop
  endfacet
  facet normal 0.0722534 -0.997386 0
    outer loop
      vertex 7.76676 -18.4126 57.4
      vertex 7.80127 -18.4101 58
      vertex 7.76676 -18.4126 58
    endloop
  endfacet
  facet normal 0.0722534 -0.997386 0
    outer loop
      vertex 7.80127 -18.4101 58
      vertex 7.76676 -18.4126 57.4
      vertex 7.80127 -18.4101 57.4
    endloop
  endfacet
  facet normal 0.00303858 -0.999995 0
    outer loop
      vertex 7.73385 -18.4127 57.4
      vertex 7.76676 -18.4126 58
      vertex 7.73385 -18.4127 58
    endloop
  endfacet
  facet normal 0.00303858 -0.999995 0
    outer loop
      vertex 7.76676 -18.4126 58
      vertex 7.73385 -18.4127 57.4
      vertex 7.76676 -18.4126 57.4
    endloop
  endfacet
  facet normal -0.0732616 -0.997313 0
    outer loop
      vertex 7.70254 -18.4104 57.4
      vertex 7.73385 -18.4127 58
      vertex 7.70254 -18.4104 58
    endloop
  endfacet
  facet normal -0.0732616 -0.997313 -0
    outer loop
      vertex 7.73385 -18.4127 58
      vertex 7.70254 -18.4104 57.4
      vertex 7.73385 -18.4127 57.4
    endloop
  endfacet
  facet normal -0.152957 -0.988233 0
    outer loop
      vertex 7.67282 -18.4058 57.4
      vertex 7.70254 -18.4104 58
      vertex 7.67282 -18.4058 58
    endloop
  endfacet
  facet normal -0.152957 -0.988233 -0
    outer loop
      vertex 7.70254 -18.4104 58
      vertex 7.67282 -18.4058 57.4
      vertex 7.70254 -18.4104 57.4
    endloop
  endfacet
  facet normal -0.253818 -0.967252 0
    outer loop
      vertex 7.64462 -18.3984 57.4
      vertex 7.67282 -18.4058 58
      vertex 7.64462 -18.3984 58
    endloop
  endfacet
  facet normal -0.253818 -0.967252 -0
    outer loop
      vertex 7.67282 -18.4058 58
      vertex 7.64462 -18.3984 57.4
      vertex 7.67282 -18.4058 57.4
    endloop
  endfacet
  facet normal -0.362362 -0.932037 0
    outer loop
      vertex 7.61787 -18.388 57.4
      vertex 7.64462 -18.3984 58
      vertex 7.61787 -18.388 58
    endloop
  endfacet
  facet normal -0.362362 -0.932037 -0
    outer loop
      vertex 7.64462 -18.3984 58
      vertex 7.61787 -18.388 57.4
      vertex 7.64462 -18.3984 57.4
    endloop
  endfacet
  facet normal -0.46517 -0.885222 0
    outer loop
      vertex 7.59256 -18.3747 57.4
      vertex 7.61787 -18.388 58
      vertex 7.59256 -18.3747 58
    endloop
  endfacet
  facet normal -0.46517 -0.885222 -0
    outer loop
      vertex 7.61787 -18.388 58
      vertex 7.59256 -18.3747 57.4
      vertex 7.61787 -18.388 57.4
    endloop
  endfacet
  facet normal -0.566119 -0.824324 0
    outer loop
      vertex 7.56868 -18.3583 57.4
      vertex 7.59256 -18.3747 58
      vertex 7.56868 -18.3583 58
    endloop
  endfacet
  facet normal -0.566119 -0.824324 -0
    outer loop
      vertex 7.59256 -18.3747 58
      vertex 7.56868 -18.3583 57.4
      vertex 7.59256 -18.3747 57.4
    endloop
  endfacet
  facet normal -0.652572 -0.757727 0
    outer loop
      vertex 7.54627 -18.339 57.4
      vertex 7.56868 -18.3583 58
      vertex 7.54627 -18.339 58
    endloop
  endfacet
  facet normal -0.652572 -0.757727 -0
    outer loop
      vertex 7.56868 -18.3583 58
      vertex 7.54627 -18.339 57.4
      vertex 7.56868 -18.3583 57.4
    endloop
  endfacet
  facet normal -0.729862 -0.683594 0
    outer loop
      vertex 7.54627 -18.339 57.4
      vertex 7.52529 -18.3166 58
      vertex 7.52529 -18.3166 57.4
    endloop
  endfacet
  facet normal -0.729862 -0.683594 0
    outer loop
      vertex 7.52529 -18.3166 58
      vertex 7.54627 -18.339 57.4
      vertex 7.54627 -18.339 58
    endloop
  endfacet
  facet normal -0.791436 -0.611252 0
    outer loop
      vertex 7.52529 -18.3166 57.4
      vertex 7.50575 -18.2913 58
      vertex 7.50575 -18.2913 57.4
    endloop
  endfacet
  facet normal -0.791436 -0.611252 0
    outer loop
      vertex 7.50575 -18.2913 58
      vertex 7.52529 -18.3166 57.4
      vertex 7.52529 -18.3166 58
    endloop
  endfacet
  facet normal -0.843564 -0.537029 0
    outer loop
      vertex 7.50575 -18.2913 57.4
      vertex 7.48767 -18.2629 58
      vertex 7.48767 -18.2629 57.4
    endloop
  endfacet
  facet normal -0.843564 -0.537029 0
    outer loop
      vertex 7.48767 -18.2629 58
      vertex 7.50575 -18.2913 57.4
      vertex 7.50575 -18.2913 58
    endloop
  endfacet
  facet normal -0.882977 -0.469416 0
    outer loop
      vertex 7.48767 -18.2629 57.4
      vertex 7.47103 -18.2316 58
      vertex 7.47103 -18.2316 57.4
    endloop
  endfacet
  facet normal -0.882977 -0.469416 0
    outer loop
      vertex 7.47103 -18.2316 58
      vertex 7.48767 -18.2629 57.4
      vertex 7.48767 -18.2629 58
    endloop
  endfacet
  facet normal -0.914152 -0.405372 0
    outer loop
      vertex 7.47103 -18.2316 57.4
      vertex 7.45582 -18.1973 58
      vertex 7.45582 -18.1973 57.4
    endloop
  endfacet
  facet normal -0.914152 -0.405372 0
    outer loop
      vertex 7.45582 -18.1973 58
      vertex 7.47103 -18.2316 57.4
      vertex 7.47103 -18.2316 58
    endloop
  endfacet
  facet normal -0.939311 -0.343065 0
    outer loop
      vertex 7.45582 -18.1973 57.4
      vertex 7.44395 -18.1648 58
      vertex 7.44395 -18.1648 57.4
    endloop
  endfacet
  facet normal -0.939311 -0.343065 0
    outer loop
      vertex 7.44395 -18.1648 58
      vertex 7.45582 -18.1973 57.4
      vertex 7.45582 -18.1973 58
    endloop
  endfacet
  facet normal -0.96119 -0.275886 0
    outer loop
      vertex 7.44395 -18.1648 57.4
      vertex 7.43488 -18.1332 58
      vertex 7.43488 -18.1332 57.4
    endloop
  endfacet
  facet normal -0.96119 -0.275886 0
    outer loop
      vertex 7.43488 -18.1332 58
      vertex 7.44395 -18.1648 57.4
      vertex 7.44395 -18.1648 58
    endloop
  endfacet
  facet normal -0.980028 -0.19886 0
    outer loop
      vertex 7.43488 -18.1332 57.4
      vertex 7.42861 -18.1023 58
      vertex 7.42861 -18.1023 57.4
    endloop
  endfacet
  facet normal -0.980028 -0.19886 0
    outer loop
      vertex 7.42861 -18.1023 58
      vertex 7.43488 -18.1332 57.4
      vertex 7.43488 -18.1332 58
    endloop
  endfacet
  facet normal -0.993383 -0.11485 0
    outer loop
      vertex 7.42861 -18.1023 57.4
      vertex 7.42513 -18.0722 58
      vertex 7.42513 -18.0722 57.4
    endloop
  endfacet
  facet normal -0.993383 -0.11485 0
    outer loop
      vertex 7.42513 -18.0722 58
      vertex 7.42861 -18.1023 57.4
      vertex 7.42861 -18.1023 58
    endloop
  endfacet
  facet normal -0.999731 -0.0232019 0
    outer loop
      vertex 7.42513 -18.0722 57.4
      vertex 7.42445 -18.0429 58
      vertex 7.42445 -18.0429 57.4
    endloop
  endfacet
  facet normal -0.999731 -0.0232019 0
    outer loop
      vertex 7.42445 -18.0429 58
      vertex 7.42513 -18.0722 57.4
      vertex 7.42513 -18.0722 58
    endloop
  endfacet
  facet normal -0.997296 0.073485 0
    outer loop
      vertex 7.42445 -18.0429 57.4
      vertex 7.42655 -18.0144 58
      vertex 7.42655 -18.0144 57.4
    endloop
  endfacet
  facet normal -0.997296 0.073485 0
    outer loop
      vertex 7.42655 -18.0144 58
      vertex 7.42445 -18.0429 57.4
      vertex 7.42445 -18.0429 58
    endloop
  endfacet
  facet normal -0.984698 0.17427 0
    outer loop
      vertex 7.42655 -18.0144 57.4
      vertex 7.43147 -17.9866 58
      vertex 7.43147 -17.9866 57.4
    endloop
  endfacet
  facet normal -0.984698 0.17427 0
    outer loop
      vertex 7.43147 -17.9866 58
      vertex 7.42655 -18.0144 57.4
      vertex 7.42655 -18.0144 58
    endloop
  endfacet
  facet normal -0.961658 0.274251 0
    outer loop
      vertex 7.43147 -17.9866 57.4
      vertex 7.43917 -17.9596 58
      vertex 7.43917 -17.9596 57.4
    endloop
  endfacet
  facet normal -0.961658 0.274251 0
    outer loop
      vertex 7.43917 -17.9596 58
      vertex 7.43147 -17.9866 57.4
      vertex 7.43147 -17.9866 58
    endloop
  endfacet
  facet normal -0.928354 0.371696 0
    outer loop
      vertex 7.43917 -17.9596 57.4
      vertex 7.44966 -17.9334 58
      vertex 7.44966 -17.9334 57.4
    endloop
  endfacet
  facet normal -0.928354 0.371696 0
    outer loop
      vertex 7.44966 -17.9334 58
      vertex 7.43917 -17.9596 57.4
      vertex 7.43917 -17.9596 58
    endloop
  endfacet
  facet normal -0.886043 0.463603 0
    outer loop
      vertex 7.44966 -17.9334 57.4
      vertex 7.46295 -17.908 58
      vertex 7.46295 -17.908 57.4
    endloop
  endfacet
  facet normal -0.886043 0.463603 0
    outer loop
      vertex 7.46295 -17.908 58
      vertex 7.44966 -17.9334 57.4
      vertex 7.44966 -17.9334 58
    endloop
  endfacet
  facet normal -0.834485 0.55103 0
    outer loop
      vertex 7.46295 -17.908 57.4
      vertex 7.47926 -17.8833 58
      vertex 7.47926 -17.8833 57.4
    endloop
  endfacet
  facet normal -0.834485 0.55103 0
    outer loop
      vertex 7.47926 -17.8833 58
      vertex 7.46295 -17.908 57.4
      vertex 7.46295 -17.908 58
    endloop
  endfacet
  facet normal -0.776764 0.629791 0
    outer loop
      vertex 7.47926 -17.8833 57.4
      vertex 7.4988 -17.8592 58
      vertex 7.4988 -17.8592 57.4
    endloop
  endfacet
  facet normal -0.776764 0.629791 0
    outer loop
      vertex 7.4988 -17.8592 58
      vertex 7.47926 -17.8833 57.4
      vertex 7.47926 -17.8833 58
    endloop
  endfacet
  facet normal -0.719191 0.694812 0
    outer loop
      vertex 7.4988 -17.8592 57.4
      vertex 7.5216 -17.8356 58
      vertex 7.5216 -17.8356 57.4
    endloop
  endfacet
  facet normal -0.719191 0.694812 0
    outer loop
      vertex 7.5216 -17.8356 58
      vertex 7.4988 -17.8592 57.4
      vertex 7.4988 -17.8592 58
    endloop
  endfacet
  facet normal -0.660238 0.751057 0
    outer loop
      vertex 7.54765 -17.8127 57.4
      vertex 7.5216 -17.8356 58
      vertex 7.54765 -17.8127 58
    endloop
  endfacet
  facet normal -0.660238 0.751057 0
    outer loop
      vertex 7.5216 -17.8356 58
      vertex 7.54765 -17.8127 57.4
      vertex 7.5216 -17.8356 57.4
    endloop
  endfacet
  facet normal -0.605765 0.795644 0
    outer loop
      vertex 7.57694 -17.7904 57.4
      vertex 7.54765 -17.8127 58
      vertex 7.57694 -17.7904 58
    endloop
  endfacet
  facet normal -0.605765 0.795644 0
    outer loop
      vertex 7.54765 -17.8127 58
      vertex 7.57694 -17.7904 57.4
      vertex 7.54765 -17.8127 57.4
    endloop
  endfacet
  facet normal -0.556584 0.830791 0
    outer loop
      vertex 7.60948 -17.7686 57.4
      vertex 7.57694 -17.7904 58
      vertex 7.60948 -17.7686 58
    endloop
  endfacet
  facet normal -0.556584 0.830791 0
    outer loop
      vertex 7.57694 -17.7904 58
      vertex 7.60948 -17.7686 57.4
      vertex 7.57694 -17.7904 57.4
    endloop
  endfacet
  facet normal -0.507756 0.861501 0
    outer loop
      vertex 7.64528 -17.7475 57.4
      vertex 7.60948 -17.7686 58
      vertex 7.64528 -17.7475 58
    endloop
  endfacet
  facet normal -0.507756 0.861501 0
    outer loop
      vertex 7.60948 -17.7686 58
      vertex 7.64528 -17.7475 57.4
      vertex 7.60948 -17.7686 57.4
    endloop
  endfacet
  facet normal -0.464998 0.885312 0
    outer loop
      vertex 7.68431 -17.727 57.4
      vertex 7.64528 -17.7475 58
      vertex 7.68431 -17.727 58
    endloop
  endfacet
  facet normal -0.464998 0.885312 0
    outer loop
      vertex 7.64528 -17.7475 58
      vertex 7.68431 -17.727 57.4
      vertex 7.64528 -17.7475 57.4
    endloop
  endfacet
  facet normal -0.427608 0.903964 0
    outer loop
      vertex 7.72659 -17.707 57.4
      vertex 7.68431 -17.727 58
      vertex 7.72659 -17.707 58
    endloop
  endfacet
  facet normal -0.427608 0.903964 0
    outer loop
      vertex 7.68431 -17.727 58
      vertex 7.72659 -17.707 57.4
      vertex 7.68431 -17.727 57.4
    endloop
  endfacet
  facet normal -0.390207 0.920727 0
    outer loop
      vertex 7.77213 -17.6877 57.4
      vertex 7.72659 -17.707 58
      vertex 7.77213 -17.6877 58
    endloop
  endfacet
  facet normal -0.390207 0.920727 0
    outer loop
      vertex 7.72659 -17.707 58
      vertex 7.77213 -17.6877 57.4
      vertex 7.72659 -17.707 57.4
    endloop
  endfacet
  facet normal -0.374623 0.927177 0
    outer loop
      vertex 8.40968 -17.4301 57.4
      vertex 7.77213 -17.6877 58
      vertex 8.40968 -17.4301 58
    endloop
  endfacet
  facet normal -0.374623 0.927177 0
    outer loop
      vertex 7.77213 -17.6877 58
      vertex 8.40968 -17.4301 57.4
      vertex 7.77213 -17.6877 57.4
    endloop
  endfacet
  facet normal 0.927179 0.374619 0
    outer loop
      vertex 8.24355 -17.0189 58
      vertex 7.93567 -16.2569 57.4
      vertex 7.93567 -16.2569 58
    endloop
  endfacet
  facet normal 0.927179 0.374619 0
    outer loop
      vertex 7.93567 -16.2569 57.4
      vertex 8.24355 -17.0189 58
      vertex 8.24355 -17.0189 57.4
    endloop
  endfacet
  facet normal 0.374579 -0.927195 0
    outer loop
      vertex 7.53809 -17.3039 57.4
      vertex 8.24355 -17.0189 58
      vertex 7.53809 -17.3039 58
    endloop
  endfacet
  facet normal 0.374579 -0.927195 0
    outer loop
      vertex 8.24355 -17.0189 58
      vertex 7.53809 -17.3039 57.4
      vertex 8.24355 -17.0189 57.4
    endloop
  endfacet
  facet normal 0.340456 -0.94026 0
    outer loop
      vertex 7.4348 -17.3413 57.4
      vertex 7.53809 -17.3039 58
      vertex 7.4348 -17.3413 58
    endloop
  endfacet
  facet normal 0.340456 -0.94026 0
    outer loop
      vertex 7.53809 -17.3039 58
      vertex 7.4348 -17.3413 57.4
      vertex 7.53809 -17.3039 57.4
    endloop
  endfacet
  facet normal 0.258694 -0.965959 0
    outer loop
      vertex 7.33921 -17.3669 57.4
      vertex 7.4348 -17.3413 58
      vertex 7.33921 -17.3669 58
    endloop
  endfacet
  facet normal 0.258694 -0.965959 0
    outer loop
      vertex 7.4348 -17.3413 58
      vertex 7.33921 -17.3669 57.4
      vertex 7.4348 -17.3413 57.4
    endloop
  endfacet
  facet normal 0.15508 -0.987902 0
    outer loop
      vertex 7.2513 -17.3807 57.4
      vertex 7.33921 -17.3669 58
      vertex 7.2513 -17.3807 58
    endloop
  endfacet
  facet normal 0.15508 -0.987902 0
    outer loop
      vertex 7.33921 -17.3669 58
      vertex 7.2513 -17.3807 57.4
      vertex 7.33921 -17.3669 57.4
    endloop
  endfacet
  facet normal 0.024933 -0.999689 0
    outer loop
      vertex 7.17111 -17.3827 57.4
      vertex 7.2513 -17.3807 58
      vertex 7.17111 -17.3827 58
    endloop
  endfacet
  facet normal 0.024933 -0.999689 0
    outer loop
      vertex 7.2513 -17.3807 58
      vertex 7.17111 -17.3827 57.4
      vertex 7.2513 -17.3807 57.4
    endloop
  endfacet
  facet normal -0.133936 -0.99099 0
    outer loop
      vertex 7.0986 -17.3729 57.4
      vertex 7.17111 -17.3827 58
      vertex 7.0986 -17.3729 58
    endloop
  endfacet
  facet normal -0.133936 -0.99099 -0
    outer loop
      vertex 7.17111 -17.3827 58
      vertex 7.0986 -17.3729 57.4
      vertex 7.17111 -17.3827 57.4
    endloop
  endfacet
  facet normal -0.31614 -0.948713 0
    outer loop
      vertex 7.03378 -17.3513 57.4
      vertex 7.0986 -17.3729 58
      vertex 7.03378 -17.3513 58
    endloop
  endfacet
  facet normal -0.31614 -0.948713 -0
    outer loop
      vertex 7.0986 -17.3729 58
      vertex 7.03378 -17.3513 57.4
      vertex 7.0986 -17.3729 57.4
    endloop
  endfacet
  facet normal -0.504905 -0.863175 0
    outer loop
      vertex 6.97668 -17.3179 57.4
      vertex 7.03378 -17.3513 58
      vertex 6.97668 -17.3179 58
    endloop
  endfacet
  facet normal -0.504905 -0.863175 -0
    outer loop
      vertex 7.03378 -17.3513 58
      vertex 6.97668 -17.3179 57.4
      vertex 7.03378 -17.3513 57.4
    endloop
  endfacet
  facet normal -0.674899 -0.73791 0
    outer loop
      vertex 6.92726 -17.2727 57.4
      vertex 6.97668 -17.3179 58
      vertex 6.92726 -17.2727 58
    endloop
  endfacet
  facet normal -0.674899 -0.73791 -0
    outer loop
      vertex 6.97668 -17.3179 58
      vertex 6.92726 -17.2727 57.4
      vertex 6.97668 -17.3179 57.4
    endloop
  endfacet
  facet normal -0.806945 -0.590627 0
    outer loop
      vertex 6.92726 -17.2727 57.4
      vertex 6.88554 -17.2157 58
      vertex 6.88554 -17.2157 57.4
    endloop
  endfacet
  facet normal -0.806945 -0.590627 0
    outer loop
      vertex 6.88554 -17.2157 58
      vertex 6.92726 -17.2727 57.4
      vertex 6.92726 -17.2727 58
    endloop
  endfacet
  facet normal -0.896399 -0.443248 0
    outer loop
      vertex 6.88554 -17.2157 57.4
      vertex 6.85152 -17.1469 58
      vertex 6.85152 -17.1469 57.4
    endloop
  endfacet
  facet normal -0.896399 -0.443248 0
    outer loop
      vertex 6.85152 -17.1469 58
      vertex 6.88554 -17.2157 57.4
      vertex 6.88554 -17.2157 58
    endloop
  endfacet
  facet normal -0.938876 -0.344255 0
    outer loop
      vertex 6.85152 -17.1469 57.4
      vertex 6.83744 -17.1085 58
      vertex 6.83744 -17.1085 57.4
    endloop
  endfacet
  facet normal -0.938876 -0.344255 0
    outer loop
      vertex 6.83744 -17.1085 58
      vertex 6.85152 -17.1469 57.4
      vertex 6.85152 -17.1469 58
    endloop
  endfacet
  facet normal -0.960873 -0.276988 0
    outer loop
      vertex 6.83744 -17.1085 57.4
      vertex 6.82663 -17.071 58
      vertex 6.82663 -17.071 57.4
    endloop
  endfacet
  facet normal -0.960873 -0.276988 0
    outer loop
      vertex 6.82663 -17.071 58
      vertex 6.83744 -17.1085 57.4
      vertex 6.83744 -17.1085 58
    endloop
  endfacet
  facet normal -0.97927 -0.202561 0
    outer loop
      vertex 6.82663 -17.071 57.4
      vertex 6.81908 -17.0345 58
      vertex 6.81908 -17.0345 57.4
    endloop
  endfacet
  facet normal -0.97927 -0.202561 0
    outer loop
      vertex 6.81908 -17.0345 58
      vertex 6.82663 -17.071 57.4
      vertex 6.82663 -17.071 58
    endloop
  endfacet
  facet normal -0.99271 -0.120523 0
    outer loop
      vertex 6.81908 -17.0345 57.4
      vertex 6.81477 -16.999 58
      vertex 6.81477 -16.999 57.4
    endloop
  endfacet
  facet normal -0.99271 -0.120523 0
    outer loop
      vertex 6.81477 -16.999 58
      vertex 6.81908 -17.0345 57.4
      vertex 6.81908 -17.0345 58
    endloop
  endfacet
  facet normal -0.999549 -0.0300442 0
    outer loop
      vertex 6.81477 -16.999 57.4
      vertex 6.81373 -16.9644 58
      vertex 6.81373 -16.9644 57.4
    endloop
  endfacet
  facet normal -0.999549 -0.0300442 0
    outer loop
      vertex 6.81373 -16.9644 58
      vertex 6.81477 -16.999 57.4
      vertex 6.81477 -16.999 58
    endloop
  endfacet
  facet normal -0.997857 0.0654381 0
    outer loop
      vertex 6.81373 -16.9644 57.4
      vertex 6.81594 -16.9307 58
      vertex 6.81594 -16.9307 57.4
    endloop
  endfacet
  facet normal -0.997857 0.0654381 0
    outer loop
      vertex 6.81594 -16.9307 58
      vertex 6.81373 -16.9644 57.4
      vertex 6.81373 -16.9644 58
    endloop
  endfacet
  facet normal -0.986345 0.164692 0
    outer loop
      vertex 6.81594 -16.9307 57.4
      vertex 6.8214 -16.898 58
      vertex 6.8214 -16.898 57.4
    endloop
  endfacet
  facet normal -0.986345 0.164692 0
    outer loop
      vertex 6.8214 -16.898 58
      vertex 6.81594 -16.9307 57.4
      vertex 6.81594 -16.9307 58
    endloop
  endfacet
  facet normal -0.964476 0.264169 0
    outer loop
      vertex 6.8214 -16.898 57.4
      vertex 6.83011 -16.8662 58
      vertex 6.83011 -16.8662 57.4
    endloop
  endfacet
  facet normal -0.964476 0.264169 0
    outer loop
      vertex 6.83011 -16.8662 58
      vertex 6.8214 -16.898 57.4
      vertex 6.8214 -16.898 58
    endloop
  endfacet
  facet normal -0.931982 0.362505 0
    outer loop
      vertex 6.83011 -16.8662 57.4
      vertex 6.84209 -16.8354 58
      vertex 6.84209 -16.8354 57.4
    endloop
  endfacet
  facet normal -0.931982 0.362505 0
    outer loop
      vertex 6.84209 -16.8354 58
      vertex 6.83011 -16.8662 57.4
      vertex 6.83011 -16.8662 58
    endloop
  endfacet
  facet normal -0.891185 0.45364 0
    outer loop
      vertex 6.84209 -16.8354 57.4
      vertex 6.85731 -16.8055 58
      vertex 6.85731 -16.8055 57.4
    endloop
  endfacet
  facet normal -0.891185 0.45364 0
    outer loop
      vertex 6.85731 -16.8055 58
      vertex 6.84209 -16.8354 57.4
      vertex 6.84209 -16.8354 58
    endloop
  endfacet
  facet normal -0.840292 0.542133 0
    outer loop
      vertex 6.85731 -16.8055 57.4
      vertex 6.87602 -16.7765 58
      vertex 6.87602 -16.7765 57.4
    endloop
  endfacet
  facet normal -0.840292 0.542133 0
    outer loop
      vertex 6.87602 -16.7765 58
      vertex 6.85731 -16.8055 57.4
      vertex 6.85731 -16.8055 58
    endloop
  endfacet
  facet normal -0.783572 0.621301 0
    outer loop
      vertex 6.87602 -16.7765 57.4
      vertex 6.89838 -16.7483 58
      vertex 6.89838 -16.7483 57.4
    endloop
  endfacet
  facet normal -0.783572 0.621301 0
    outer loop
      vertex 6.89838 -16.7483 58
      vertex 6.87602 -16.7765 57.4
      vertex 6.87602 -16.7765 58
    endloop
  endfacet
  facet normal -0.726119 0.687569 0
    outer loop
      vertex 6.89838 -16.7483 57.4
      vertex 6.92442 -16.7208 58
      vertex 6.92442 -16.7208 57.4
    endloop
  endfacet
  facet normal -0.726119 0.687569 0
    outer loop
      vertex 6.92442 -16.7208 58
      vertex 6.89838 -16.7483 57.4
      vertex 6.89838 -16.7483 58
    endloop
  endfacet
  facet normal -0.66855 0.743668 0
    outer loop
      vertex 6.95412 -16.6941 57.4
      vertex 6.92442 -16.7208 58
      vertex 6.95412 -16.6941 58
    endloop
  endfacet
  facet normal -0.66855 0.743668 0
    outer loop
      vertex 6.92442 -16.7208 58
      vertex 6.95412 -16.6941 57.4
      vertex 6.92442 -16.7208 57.4
    endloop
  endfacet
  facet normal -0.612908 0.790154 0
    outer loop
      vertex 6.98751 -16.6682 57.4
      vertex 6.95412 -16.6941 58
      vertex 6.98751 -16.6682 58
    endloop
  endfacet
  facet normal -0.612908 0.790154 0
    outer loop
      vertex 6.95412 -16.6941 58
      vertex 6.98751 -16.6682 57.4
      vertex 6.95412 -16.6941 57.4
    endloop
  endfacet
  facet normal -0.562505 0.826794 0
    outer loop
      vertex 7.02455 -16.643 57.4
      vertex 6.98751 -16.6682 58
      vertex 7.02455 -16.643 58
    endloop
  endfacet
  facet normal -0.562505 0.826794 0
    outer loop
      vertex 6.98751 -16.6682 58
      vertex 7.02455 -16.643 57.4
      vertex 6.98751 -16.6682 57.4
    endloop
  endfacet
  facet normal -0.512355 0.858774 0
    outer loop
      vertex 7.06528 -16.6187 57.4
      vertex 7.02455 -16.643 58
      vertex 7.06528 -16.6187 58
    endloop
  endfacet
  facet normal -0.512355 0.858774 0
    outer loop
      vertex 7.02455 -16.643 58
      vertex 7.06528 -16.6187 57.4
      vertex 7.02455 -16.643 57.4
    endloop
  endfacet
  facet normal -0.469432 0.882969 0
    outer loop
      vertex 7.10967 -16.5951 57.4
      vertex 7.06528 -16.6187 58
      vertex 7.10967 -16.5951 58
    endloop
  endfacet
  facet normal -0.469432 0.882969 0
    outer loop
      vertex 7.06528 -16.6187 58
      vertex 7.10967 -16.5951 57.4
      vertex 7.06528 -16.6187 57.4
    endloop
  endfacet
  facet normal -0.428692 0.90345 0
    outer loop
      vertex 7.15772 -16.5723 57.4
      vertex 7.10967 -16.5951 58
      vertex 7.15772 -16.5723 58
    endloop
  endfacet
  facet normal -0.428692 0.90345 0
    outer loop
      vertex 7.10967 -16.5951 58
      vertex 7.15772 -16.5723 57.4
      vertex 7.10967 -16.5951 57.4
    endloop
  endfacet
  facet normal -0.391235 0.920291 0
    outer loop
      vertex 7.20947 -16.5503 57.4
      vertex 7.15772 -16.5723 58
      vertex 7.20947 -16.5503 58
    endloop
  endfacet
  facet normal -0.391235 0.920291 0
    outer loop
      vertex 7.15772 -16.5723 58
      vertex 7.20947 -16.5503 57.4
      vertex 7.15772 -16.5723 57.4
    endloop
  endfacet
  facet normal -0.374602 0.927186 0
    outer loop
      vertex 7.93567 -16.2569 57.4
      vertex 7.20947 -16.5503 58
      vertex 7.93567 -16.2569 58
    endloop
  endfacet
  facet normal -0.374602 0.927186 0
    outer loop
      vertex 7.20947 -16.5503 58
      vertex 7.93567 -16.2569 57.4
      vertex 7.20947 -16.5503 57.4
    endloop
  endfacet
  facet normal -0.374612 0.927182 0
    outer loop
      vertex 6.20587 -17.908 57.4
      vertex 5.22501 -18.3043 58
      vertex 6.20587 -17.908 58
    endloop
  endfacet
  facet normal -0.374612 0.927182 0
    outer loop
      vertex 5.22501 -18.3043 58
      vertex 6.20587 -17.908 57.4
      vertex 5.22501 -18.3043 57.4
    endloop
  endfacet
  facet normal -0.927165 -0.374654 0
    outer loop
      vertex 6.20587 -17.908 57.4
      vertex 6.01991 -17.4478 58
      vertex 6.01991 -17.4478 57.4
    endloop
  endfacet
  facet normal -0.927165 -0.374654 0
    outer loop
      vertex 6.01991 -17.4478 58
      vertex 6.20587 -17.908 57.4
      vertex 6.20587 -17.908 58
    endloop
  endfacet
  facet normal 0.374531 -0.927214 0
    outer loop
      vertex 5.03905 -17.844 57.4
      vertex 6.01991 -17.4478 58
      vertex 5.03905 -17.844 58
    endloop
  endfacet
  facet normal 0.374531 -0.927214 0
    outer loop
      vertex 6.01991 -17.4478 58
      vertex 5.03905 -17.844 57.4
      vertex 6.01991 -17.4478 57.4
    endloop
  endfacet
  facet normal 0.927193 0.374584 0
    outer loop
      vertex 5.22501 -18.3043 58
      vertex 5.03905 -17.844 57.4
      vertex 5.03905 -17.844 58
    endloop
  endfacet
  facet normal 0.927193 0.374584 0
    outer loop
      vertex 5.03905 -17.844 57.4
      vertex 5.22501 -18.3043 58
      vertex 5.22501 -18.3043 57.4
    endloop
  endfacet
  facet normal -0.675725 -0.737154 0
    outer loop
      vertex 10.606 12.6397 0
      vertex 10.6576 12.5924 32.2412
      vertex 10.606 12.6397 32.2702
    endloop
  endfacet
  facet normal -0.67567 -0.737204 -1.60022e-07
    outer loop
      vertex 10.606 12.6397 0
      vertex 10.9032 12.3673 32.1363
      vertex 10.6576 12.5924 32.2412
    endloop
  endfacet
  facet normal -0.67534 -0.737506 -5.77286e-06
    outer loop
      vertex 10.606 12.6397 0
      vertex 11.1547 12.137 32.0608
      vertex 10.9032 12.3673 32.1363
    endloop
  endfacet
  facet normal -0.675685 -0.737191 5.07225e-06
    outer loop
      vertex 10.606 12.6397 0
      vertex 11.41 11.903 32.0152
      vertex 11.1547 12.137 32.0608
    endloop
  endfacet
  facet normal -0.67587 -0.737021 1.36218e-05
    outer loop
      vertex 10.606 12.6397 0
      vertex 11.4787 11.84 32.0112
      vertex 11.41 11.903 32.0152
    endloop
  endfacet
  facet normal -0.675335 -0.737511 -1.31877e-05
    outer loop
      vertex 10.606 12.6397 0
      vertex 11.6673 11.6673 32
      vertex 11.4787 11.84 32.0112
    endloop
  endfacet
  facet normal -0.675552 -0.737313 -0
    outer loop
      vertex 11.6673 11.6673 32
      vertex 10.606 12.6397 0
      vertex 11.6673 11.6673 0
    endloop
  endfacet
  facet normal -0.675552 -0.737313 0
    outer loop
      vertex 10.606 12.6397 58
      vertex 11.6673 11.6673 40
      vertex 11.6673 11.6673 58
    endloop
  endfacet
  facet normal -0.675336 -0.73751 2.3409e-05
    outer loop
      vertex 10.606 12.6397 58
      vertex 11.4787 11.84 39.9888
      vertex 11.6673 11.6673 40
    endloop
  endfacet
  facet normal -0.67587 -0.737021 -2.41801e-05
    outer loop
      vertex 10.606 12.6397 58
      vertex 11.41 11.903 39.9848
      vertex 11.4787 11.84 39.9888
    endloop
  endfacet
  facet normal -0.675685 -0.737191 -8.98284e-06
    outer loop
      vertex 10.606 12.6397 58
      vertex 11.1547 12.137 39.9392
      vertex 11.41 11.903 39.9848
    endloop
  endfacet
  facet normal -0.675341 -0.737506 1.02073e-05
    outer loop
      vertex 10.606 12.6397 58
      vertex 10.9032 12.3673 39.8637
      vertex 11.1547 12.137 39.9392
    endloop
  endfacet
  facet normal -0.67567 -0.737204 2.8269e-07
    outer loop
      vertex 10.606 12.6397 58
      vertex 10.6576 12.5924 39.7588
      vertex 10.9032 12.3673 39.8637
    endloop
  endfacet
  facet normal -0.675725 -0.737154 0
    outer loop
      vertex 10.6576 12.5924 39.7588
      vertex 10.606 12.6397 58
      vertex 10.606 12.6397 39.7298
    endloop
  endfacet
  facet normal -0.60919 -0.793025 0
    outer loop
      vertex 9.46401 13.516 0
      vertex 9.49343 13.4934 33.1716
      vertex 9.46401 13.516 33.2117
    endloop
  endfacet
  facet normal -0.608784 -0.793336 -5.71672e-07
    outer loop
      vertex 9.46401 13.516 0
      vertex 9.64238 13.3791 33.001
      vertex 9.49343 13.4934 33.1716
    endloop
  endfacet
  facet normal -0.60803 -0.793914 -7.04931e-06
    outer loop
      vertex 9.46401 13.516 0
      vertex 9.69931 13.3355 32.9358
      vertex 9.64238 13.3791 33.001
    endloop
  endfacet
  facet normal -0.608792 -0.79333 1.60205e-06
    outer loop
      vertex 9.46401 13.516 0
      vertex 9.92084 13.1655 32.7234
      vertex 9.69931 13.3355 32.9358
    endloop
  endfacet
  facet normal -0.608814 -0.793313 2.08249e-06
    outer loop
      vertex 9.46401 13.516 0
      vertex 10.1563 12.9848 32.5359
      vertex 9.92084 13.1655 32.7234
    endloop
  endfacet
  facet normal -0.608827 -0.793303 2.53302e-06
    outer loop
      vertex 9.46401 13.516 0
      vertex 10.404 12.7947 32.3748
      vertex 10.1563 12.9848 32.5359
    endloop
  endfacet
  facet normal -0.608761 -0.793353 -4.95993e-07
    outer loop
      vertex 9.46401 13.516 0
      vertex 10.606 12.6397 32.2702
      vertex 10.404 12.7947 32.3748
    endloop
  endfacet
  facet normal -0.60877 -0.793347 -0
    outer loop
      vertex 10.606 12.6397 32.2702
      vertex 9.46401 13.516 0
      vertex 10.606 12.6397 0
    endloop
  endfacet
  facet normal -0.60877 -0.793347 0
    outer loop
      vertex 9.46401 13.516 58
      vertex 10.606 12.6397 39.7298
      vertex 10.606 12.6397 58
    endloop
  endfacet
  facet normal -0.608762 -0.793353 8.64144e-07
    outer loop
      vertex 9.46401 13.516 58
      vertex 10.404 12.7947 39.6252
      vertex 10.606 12.6397 39.7298
    endloop
  endfacet
  facet normal -0.608826 -0.793304 -4.40082e-06
    outer loop
      vertex 9.46401 13.516 58
      vertex 10.1563 12.9848 39.4641
      vertex 10.404 12.7947 39.6252
    endloop
  endfacet
  facet normal -0.608813 -0.793314 -3.60995e-06
    outer loop
      vertex 9.46401 13.516 58
      vertex 9.92084 13.1655 39.2766
      vertex 10.1563 12.9848 39.4641
    endloop
  endfacet
  facet normal -0.608791 -0.79333 -2.77257e-06
    outer loop
      vertex 9.46401 13.516 58
      vertex 9.69931 13.3355 39.0642
      vertex 9.92084 13.1655 39.2766
    endloop
  endfacet
  facet normal -0.608033 -0.793912 1.2188e-05
    outer loop
      vertex 9.46401 13.516 58
      vertex 9.64238 13.3791 38.999
      vertex 9.69931 13.3355 39.0642
    endloop
  endfacet
  facet normal -0.608784 -0.793336 9.88401e-07
    outer loop
      vertex 9.46401 13.516 58
      vertex 9.49343 13.4934 38.8284
      vertex 9.64238 13.3791 38.999
    endloop
  endfacet
  facet normal -0.60919 -0.793025 0
    outer loop
      vertex 9.49343 13.4934 38.8284
      vertex 9.46401 13.516 58
      vertex 9.46401 13.516 38.7883
    endloop
  endfacet
  facet normal -0.923892 0.382654 0
    outer loop
      vertex 14.9541 -6.9732 0
      vertex 15.5049 -5.64333 58
      vertex 15.5049 -5.64333 0
    endloop
  endfacet
  facet normal -0.923892 0.382654 0
    outer loop
      vertex 15.5049 -5.64333 58
      vertex 14.9541 -6.9732 0
      vertex 14.9541 -6.9732 58
    endloop
  endfacet
  facet normal -0.0436281 -0.999048 0
    outer loop
      vertex 0 16.5 0
      vertex 1.43807 16.4372 58
      vertex 0 16.5 58
    endloop
  endfacet
  facet normal -0.0436281 -0.999048 -0
    outer loop
      vertex 1.43807 16.4372 58
      vertex 0 16.5 0
      vertex 1.43807 16.4372 0
    endloop
  endfacet
  facet normal -0.382654 -0.923892 0
    outer loop
      vertex 5.64333 15.5049 0
      vertex 6.9732 14.9541 58
      vertex 5.64333 15.5049 58
    endloop
  endfacet
  facet normal -0.382654 -0.923892 -0
    outer loop
      vertex 6.9732 14.9541 58
      vertex 5.64333 15.5049 0
      vertex 6.9732 14.9541 0
    endloop
  endfacet
  facet normal -0.46177 -0.886999 0
    outer loop
      vertex 6.9732 14.9541 0
      vertex 8.25 14.2894 58
      vertex 6.9732 14.9541 58
    endloop
  endfacet
  facet normal -0.46177 -0.886999 -0
    outer loop
      vertex 8.25 14.2894 58
      vertex 6.9732 14.9541 0
      vertex 8.25 14.2894 0
    endloop
  endfacet
  facet normal -0.991443 -0.130537 0
    outer loop
      vertex 16.4372 1.43807 0
      vertex 16.2493 2.86519 58
      vertex 16.2493 2.86519 0
    endloop
  endfacet
  facet normal -0.991443 -0.130537 0
    outer loop
      vertex 16.2493 2.86519 58
      vertex 16.4372 1.43807 0
      vertex 16.4372 1.43807 58
    endloop
  endfacet
  facet normal -0.675552 0.737313 0
    outer loop
      vertex 11.6673 -11.6673 0
      vertex 10.606 -12.6397 58
      vertex 11.6673 -11.6673 58
    endloop
  endfacet
  facet normal -0.675552 0.737313 0
    outer loop
      vertex 10.606 -12.6397 58
      vertex 11.6673 -11.6673 0
      vertex 10.606 -12.6397 0
    endloop
  endfacet
  facet normal -0.737313 -0.675552 0
    outer loop
      vertex 12.6397 10.606 0
      vertex 11.6673 11.6673 32
      vertex 11.6673 11.6673 0
    endloop
  endfacet
  facet normal -0.737511 -0.675335 -1.31877e-05
    outer loop
      vertex 11.6673 11.6673 32
      vertex 12.6397 10.606 0
      vertex 11.84 11.4787 32.0112
    endloop
  endfacet
  facet normal -0.737021 -0.67587 1.36218e-05
    outer loop
      vertex 11.84 11.4787 32.0112
      vertex 12.6397 10.606 0
      vertex 11.903 11.41 32.0152
    endloop
  endfacet
  facet normal -0.737191 -0.675685 5.07225e-06
    outer loop
      vertex 11.903 11.41 32.0152
      vertex 12.6397 10.606 0
      vertex 12.137 11.1547 32.0608
    endloop
  endfacet
  facet normal -0.737506 -0.67534 -5.77286e-06
    outer loop
      vertex 12.137 11.1547 32.0608
      vertex 12.6397 10.606 0
      vertex 12.3673 10.9032 32.1363
    endloop
  endfacet
  facet normal -0.737204 -0.67567 -1.60022e-07
    outer loop
      vertex 12.3673 10.9032 32.1363
      vertex 12.6397 10.606 0
      vertex 12.5924 10.6576 32.2412
    endloop
  endfacet
  facet normal -0.737154 -0.675725 0
    outer loop
      vertex 12.5924 10.6576 32.2412
      vertex 12.6397 10.606 0
      vertex 12.6397 10.606 32.2702
    endloop
  endfacet
  facet normal -0.73751 -0.675336 2.3409e-05
    outer loop
      vertex 12.6397 10.606 58
      vertex 11.6673 11.6673 40
      vertex 11.84 11.4787 39.9888
    endloop
  endfacet
  facet normal -0.737021 -0.67587 -2.41801e-05
    outer loop
      vertex 12.6397 10.606 58
      vertex 11.84 11.4787 39.9888
      vertex 11.903 11.41 39.9848
    endloop
  endfacet
  facet normal -0.737191 -0.675685 -8.98284e-06
    outer loop
      vertex 12.6397 10.606 58
      vertex 11.903 11.41 39.9848
      vertex 12.137 11.1547 39.9392
    endloop
  endfacet
  facet normal -0.737506 -0.675341 1.02073e-05
    outer loop
      vertex 12.6397 10.606 58
      vertex 12.137 11.1547 39.9392
      vertex 12.3673 10.9032 39.8637
    endloop
  endfacet
  facet normal -0.737204 -0.67567 2.8269e-07
    outer loop
      vertex 12.6397 10.606 58
      vertex 12.3673 10.9032 39.8637
      vertex 12.5924 10.6576 39.7588
    endloop
  endfacet
  facet normal -0.737154 -0.675725 -0
    outer loop
      vertex 12.6397 10.606 58
      vertex 12.5924 10.6576 39.7588
      vertex 12.6397 10.606 39.7298
    endloop
  endfacet
  facet normal -0.737313 -0.675552 0
    outer loop
      vertex 11.6673 11.6673 40
      vertex 12.6397 10.606 58
      vertex 11.6673 11.6673 58
    endloop
  endfacet
  facet normal 0.537295 0.843394 -0
    outer loop
      vertex -8.25 -14.2894 0
      vertex -9.46401 -13.516 58
      vertex -8.25 -14.2894 58
    endloop
  endfacet
  facet normal 0.537295 0.843394 0
    outer loop
      vertex -9.46401 -13.516 58
      vertex -8.25 -14.2894 0
      vertex -9.46401 -13.516 0
    endloop
  endfacet
  facet normal -0.793347 -0.60877 0
    outer loop
      vertex 13.516 9.46401 0
      vertex 12.6397 10.606 32.2702
      vertex 12.6397 10.606 0
    endloop
  endfacet
  facet normal -0.793353 -0.608761 -4.95993e-07
    outer loop
      vertex 12.6397 10.606 32.2702
      vertex 13.516 9.46401 0
      vertex 12.7947 10.404 32.3748
    endloop
  endfacet
  facet normal -0.793303 -0.608827 2.53302e-06
    outer loop
      vertex 12.7947 10.404 32.3748
      vertex 13.516 9.46401 0
      vertex 12.9848 10.1563 32.5359
    endloop
  endfacet
  facet normal -0.793313 -0.608814 2.08249e-06
    outer loop
      vertex 12.9848 10.1563 32.5359
      vertex 13.516 9.46401 0
      vertex 13.1655 9.92084 32.7234
    endloop
  endfacet
  facet normal -0.79333 -0.608792 1.60205e-06
    outer loop
      vertex 13.1655 9.92084 32.7234
      vertex 13.516 9.46401 0
      vertex 13.3355 9.69931 32.9358
    endloop
  endfacet
  facet normal -0.793914 -0.60803 -7.04931e-06
    outer loop
      vertex 13.3355 9.69931 32.9358
      vertex 13.516 9.46401 0
      vertex 13.3791 9.64238 33.001
    endloop
  endfacet
  facet normal -0.793336 -0.608784 -5.71672e-07
    outer loop
      vertex 13.3791 9.64238 33.001
      vertex 13.516 9.46401 0
      vertex 13.4934 9.49343 33.1716
    endloop
  endfacet
  facet normal -0.793025 -0.60919 0
    outer loop
      vertex 13.4934 9.49343 33.1716
      vertex 13.516 9.46401 0
      vertex 13.516 9.46401 33.2117
    endloop
  endfacet
  facet normal -0.793353 -0.608762 8.64144e-07
    outer loop
      vertex 13.516 9.46401 58
      vertex 12.6397 10.606 39.7298
      vertex 12.7947 10.404 39.6252
    endloop
  endfacet
  facet normal -0.793304 -0.608826 -4.40082e-06
    outer loop
      vertex 13.516 9.46401 58
      vertex 12.7947 10.404 39.6252
      vertex 12.9848 10.1563 39.4641
    endloop
  endfacet
  facet normal -0.793314 -0.608813 -3.60995e-06
    outer loop
      vertex 13.516 9.46401 58
      vertex 12.9848 10.1563 39.4641
      vertex 13.1655 9.92084 39.2766
    endloop
  endfacet
  facet normal -0.79333 -0.608791 -2.77257e-06
    outer loop
      vertex 13.516 9.46401 58
      vertex 13.1655 9.92084 39.2766
      vertex 13.3355 9.69931 39.0642
    endloop
  endfacet
  facet normal -0.793912 -0.608033 1.2188e-05
    outer loop
      vertex 13.516 9.46401 58
      vertex 13.3355 9.69931 39.0642
      vertex 13.3791 9.64238 38.999
    endloop
  endfacet
  facet normal -0.793336 -0.608784 9.88401e-07
    outer loop
      vertex 13.516 9.46401 58
      vertex 13.3791 9.64238 38.999
      vertex 13.4934 9.49343 38.8284
    endloop
  endfacet
  facet normal -0.793025 -0.60919 -0
    outer loop
      vertex 13.516 9.46401 58
      vertex 13.4934 9.49343 38.8284
      vertex 13.516 9.46401 38.7883
    endloop
  endfacet
  facet normal -0.793347 -0.60877 0
    outer loop
      vertex 12.6397 10.606 39.7298
      vertex 13.516 9.46401 58
      vertex 12.6397 10.606 58
    endloop
  endfacet
  facet normal 0.216405 0.976304 -0
    outer loop
      vertex -2.86519 -16.2493 0
      vertex -4.27051 -15.9378 58
      vertex -2.86519 -16.2493 58
    endloop
  endfacet
  facet normal 0.216405 0.976304 0
    outer loop
      vertex -4.27051 -15.9378 58
      vertex -2.86519 -16.2493 0
      vertex -4.27051 -15.9378 0
    endloop
  endfacet
  facet normal -0.976304 -0.216405 0
    outer loop
      vertex 16.2493 2.86519 0
      vertex 15.9378 4.27051 58
      vertex 15.9378 4.27051 0
    endloop
  endfacet
  facet normal -0.976304 -0.216405 0
    outer loop
      vertex 15.9378 4.27051 58
      vertex 16.2493 2.86519 0
      vertex 16.2493 2.86519 58
    endloop
  endfacet
  facet normal -0.999048 -0.0436281 0
    outer loop
      vertex 16.5 0 0
      vertex 16.4372 1.43807 58
      vertex 16.4372 1.43807 0
    endloop
  endfacet
  facet normal -0.999048 -0.0436281 0
    outer loop
      vertex 16.4372 1.43807 58
      vertex 16.5 0 0
      vertex 16.5 0 58
    endloop
  endfacet
  facet normal -0.953707 -0.300738 0
    outer loop
      vertex 15.9378 4.27051 0
      vertex 15.5049 5.64333 58
      vertex 15.5049 5.64333 0
    endloop
  endfacet
  facet normal -0.953707 -0.300738 0
    outer loop
      vertex 15.5049 5.64333 58
      vertex 15.9378 4.27051 0
      vertex 15.9378 4.27051 58
    endloop
  endfacet
  facet normal -0.976304 0.216405 0
    outer loop
      vertex 15.9378 -4.27051 0
      vertex 16.2493 -2.86519 58
      vertex 16.2493 -2.86519 0
    endloop
  endfacet
  facet normal -0.976304 0.216405 0
    outer loop
      vertex 16.2493 -2.86519 58
      vertex 15.9378 -4.27051 0
      vertex 15.9378 -4.27051 58
    endloop
  endfacet
  facet normal -0.953707 0.300738 0
    outer loop
      vertex 15.5049 -5.64333 0
      vertex 15.9378 -4.27051 58
      vertex 15.9378 -4.27051 0
    endloop
  endfacet
  facet normal -0.953707 0.300738 0
    outer loop
      vertex 15.9378 -4.27051 58
      vertex 15.5049 -5.64333 0
      vertex 15.5049 -5.64333 58
    endloop
  endfacet
  facet normal 0.300738 0.953707 -0
    outer loop
      vertex -4.27051 -15.9378 0
      vertex -5.64333 -15.5049 58
      vertex -4.27051 -15.9378 58
    endloop
  endfacet
  facet normal 0.300738 0.953707 0
    outer loop
      vertex -5.64333 -15.5049 58
      vertex -4.27051 -15.9378 0
      vertex -5.64333 -15.5049 0
    endloop
  endfacet
  facet normal -0.999048 0.0436281 0
    outer loop
      vertex 16.4372 -1.43807 0
      vertex 16.5 0 58
      vertex 16.5 0 0
    endloop
  endfacet
  facet normal -0.999048 0.0436281 0
    outer loop
      vertex 16.5 0 58
      vertex 16.4372 -1.43807 0
      vertex 16.4372 -1.43807 58
    endloop
  endfacet
  facet normal -0.130537 -0.991443 0
    outer loop
      vertex 1.43807 16.4372 0
      vertex 2.86519 16.2493 58
      vertex 1.43807 16.4372 58
    endloop
  endfacet
  facet normal -0.130537 -0.991443 -0
    outer loop
      vertex 2.86519 16.2493 58
      vertex 1.43807 16.4372 0
      vertex 2.86519 16.2493 0
    endloop
  endfacet
  facet normal -0.886999 0.46177 0
    outer loop
      vertex 14.2894 -8.25 0
      vertex 14.9541 -6.9732 58
      vertex 14.9541 -6.9732 0
    endloop
  endfacet
  facet normal -0.886999 0.46177 0
    outer loop
      vertex 14.9541 -6.9732 58
      vertex 14.2894 -8.25 0
      vertex 14.2894 -8.25 58
    endloop
  endfacet
  facet normal -0.843394 -0.537295 0
    outer loop
      vertex 14.2894 8.25 0
      vertex 13.516 9.46401 33.2117
      vertex 13.516 9.46401 0
    endloop
  endfacet
  facet normal -0.843375 -0.537325 1.53235e-06
    outer loop
      vertex 13.516 9.46401 33.2117
      vertex 14.2894 8.25 0
      vertex 13.5893 9.34896 33.357
    endloop
  endfacet
  facet normal -0.843463 -0.537187 -4.83976e-06
    outer loop
      vertex 13.5893 9.34896 33.357
      vertex 14.2894 8.25 0
      vertex 13.6255 9.29212 33.4288
    endloop
  endfacet
  facet normal -0.843422 -0.537252 -1.98269e-06
    outer loop
      vertex 13.6255 9.29212 33.4288
      vertex 14.2894 8.25 0
      vertex 13.7424 9.1086 33.7057
    endloop
  endfacet
  facet normal -0.84336 -0.537349 1.46614e-06
    outer loop
      vertex 13.7424 9.1086 33.7057
      vertex 14.2894 8.25 0
      vertex 13.8456 8.94663 34
    endloop
  endfacet
  facet normal -0.843323 -0.537407 3.1631e-06
    outer loop
      vertex 13.8456 8.94663 34
      vertex 14.2894 8.25 0
      vertex 13.9343 8.80744 34.3095
    endloop
  endfacet
  facet normal -0.843368 -0.537336 1.52952e-06
    outer loop
      vertex 13.9343 8.80744 34.3095
      vertex 14.2894 8.25 0
      vertex 14.0078 8.69208 34.6319
    endloop
  endfacet
  facet normal -0.843596 -0.536979 -4.88317e-06
    outer loop
      vertex 14.0078 8.69208 34.6319
      vertex 14.2894 8.25 0
      vertex 14.0655 8.60143 34.9647
    endloop
  endfacet
  facet normal -0.843217 -0.537573 3.51625e-06
    outer loop
      vertex 14.0655 8.60143 34.9647
      vertex 14.2894 8.25 0
      vertex 14.1071 8.53618 35.3054
    endloop
  endfacet
  facet normal -0.843051 -0.537833 6.47955e-06
    outer loop
      vertex 14.1071 8.53618 35.3054
      vertex 14.2894 8.25 0
      vertex 14.1322 8.49684 35.6514
    endloop
  endfacet
  facet normal -0.845306 -0.534283 -2.80436e-05
    outer loop
      vertex 14.1322 8.49684 35.6514
      vertex 14.2894 8.25 0
      vertex 14.1405 8.48369 36
    endloop
  endfacet
  facet normal -0.843376 -0.537324 -2.56649e-06
    outer loop
      vertex 14.2894 8.25 58
      vertex 13.516 9.46401 38.7883
      vertex 13.5893 9.34896 38.643
    endloop
  endfacet
  facet normal -0.843461 -0.53719 8.10588e-06
    outer loop
      vertex 14.2894 8.25 58
      vertex 13.5893 9.34896 38.643
      vertex 13.6255 9.29212 38.5712
    endloop
  endfacet
  facet normal -0.843421 -0.537254 3.30441e-06
    outer loop
      vertex 14.2894 8.25 58
      vertex 13.6255 9.29212 38.5712
      vertex 13.7424 9.1086 38.2943
    endloop
  endfacet
  facet normal -0.843361 -0.537347 -2.43135e-06
    outer loop
      vertex 14.2894 8.25 58
      vertex 13.7424 9.1086 38.2943
      vertex 13.8456 8.94663 38
    endloop
  endfacet
  facet normal -0.843325 -0.537404 -5.21812e-06
    outer loop
      vertex 14.2894 8.25 58
      vertex 13.8456 8.94663 38
      vertex 13.9343 8.80744 37.6905
    endloop
  endfacet
  facet normal -0.84337 -0.537334 -2.50876e-06
    outer loop
      vertex 14.2894 8.25 58
      vertex 13.9343 8.80744 37.6905
      vertex 14.0078 8.69208 37.3681
    endloop
  endfacet
  facet normal -0.843591 -0.536987 7.955e-06
    outer loop
      vertex 14.2894 8.25 58
      vertex 14.0078 8.69208 37.3681
      vertex 14.0655 8.60143 37.0353
    endloop
  endfacet
  facet normal -0.843222 -0.537565 -5.67541e-06
    outer loop
      vertex 14.2894 8.25 58
      vertex 14.0655 8.60143 37.0353
      vertex 14.1071 8.53618 36.6946
    endloop
  endfacet
  facet normal -0.843067 -0.537809 -1.02877e-05
    outer loop
      vertex 14.2894 8.25 58
      vertex 14.1071 8.53618 36.6946
      vertex 14.1322 8.49684 36.3486
    endloop
  endfacet
  facet normal -0.843394 -0.537295 0
    outer loop
      vertex 13.516 9.46401 38.7883
      vertex 14.2894 8.25 58
      vertex 13.516 9.46401 58
    endloop
  endfacet
  facet normal -0.845139 -0.534546 4.19601e-05
    outer loop
      vertex 14.1405 8.48369 36
      vertex 14.2894 8.25 58
      vertex 14.1322 8.49684 36.3486
    endloop
  endfacet
  facet normal -0.843354 -0.537359 -0
    outer loop
      vertex 14.2894 8.25 58
      vertex 14.1405 8.48369 36
      vertex 14.2894 8.25 0
    endloop
  endfacet
  facet normal 0.60877 0.793347 0
    outer loop
      vertex -9.46401 -13.516 58
      vertex -10.606 -12.6397 30.6634
      vertex -10.606 -12.6397 58
    endloop
  endfacet
  facet normal 0.608789 0.793333 -1.21252e-06
    outer loop
      vertex -9.46401 -13.516 58
      vertex -10.5269 -12.7004 30.5728
      vertex -10.606 -12.6397 30.6634
    endloop
  endfacet
  facet normal 0.608446 0.793595 1.98819e-05
    outer loop
      vertex -9.46401 -13.516 58
      vertex -10.5119 -12.7119 30.5556
      vertex -10.5269 -12.7004 30.5728
    endloop
  endfacet
  facet normal 0.608817 0.793311 -2.60063e-06
    outer loop
      vertex -9.46401 -13.516 58
      vertex -10.4216 -12.7812 30.4325
      vertex -10.5119 -12.7119 30.5556
    endloop
  endfacet
  facet normal 0.609395 0.792867 -3.45336e-05
    outer loop
      vertex -9.46401 -13.516 58
      vertex -10.4082 -12.7915 30.4141
      vertex -10.4216 -12.7812 30.4325
    endloop
  endfacet
  facet normal 0.609039 0.79314 -1.51731e-05
    outer loop
      vertex -9.46401 -13.516 58
      vertex -10.3147 -12.8633 30.2619
      vertex -10.4082 -12.7915 30.4141
    endloop
  endfacet
  facet normal 0.608734 0.793374 -3.03142e-07
    outer loop
      vertex -9.46401 -13.516 58
      vertex -10.2322 -12.9266 30.1
      vertex -10.3147 -12.8633 30.2619
    endloop
  endfacet
  facet normal 0.607218 0.794535 6.5947e-05
    outer loop
      vertex -9.46401 -13.516 58
      vertex -10.2233 -12.9334 30.0787
      vertex -10.2322 -12.9266 30.1
    endloop
  endfacet
  facet normal 0.608375 0.79365 1.6009e-05
    outer loop
      vertex -9.46401 -13.516 58
      vertex -10.1612 -12.981 29.9298
      vertex -10.2233 -12.9334 30.0787
    endloop
  endfacet
  facet normal 0.608816 0.793311 -1.38794e-06
    outer loop
      vertex -9.46401 -13.516 58
      vertex -10.1096 -13.0206 29.7741
      vertex -10.1612 -12.981 29.9298
    endloop
  endfacet
  facet normal 0.612162 0.790732 -0.000123194
    outer loop
      vertex -9.46401 -13.516 58
      vertex -10.1025 -13.0261 29.7524
      vertex -10.1096 -13.0206 29.7741
    endloop
  endfacet
  facet normal 0.602771 0.797914 0.000213641
    outer loop
      vertex -9.46401 -13.516 58
      vertex -10.0968 -13.0304 29.7301
      vertex -10.1025 -13.0261 29.7524
    endloop
  endfacet
  facet normal 0.609027 0.793149 -8.25139e-06
    outer loop
      vertex -9.46401 -13.516 58
      vertex -10.0563 -13.0615 29.5694
      vertex -10.0968 -13.0304 29.7301
    endloop
  endfacet
  facet normal 0.609027 0.793149 -8.24576e-06
    outer loop
      vertex -9.46401 -13.516 58
      vertex -10.027 -13.084 29.4046
      vertex -10.0563 -13.0615 29.5694
    endloop
  endfacet
  facet normal 0.600887 0.799334 0.00024545
    outer loop
      vertex -9.46401 -13.516 58
      vertex -10.023 -13.087 29.382
      vertex -10.027 -13.084 29.4046
    endloop
  endfacet
  facet normal 0.618871 0.785492 -0.000313326
    outer loop
      vertex -9.46401 -13.516 58
      vertex -10.0206 -13.0889 29.3592
      vertex -10.023 -13.087 29.382
    endloop
  endfacet
  facet normal 0.608645 0.793443 3.97846e-06
    outer loop
      vertex -9.46401 -13.516 58
      vertex -10.003 -13.1024 29.1917
      vertex -10.0206 -13.0889 29.3592
    endloop
  endfacet
  facet normal 0.612756 0.790272 -0.000118454
    outer loop
      vertex -9.46401 -13.516 58
      vertex -9.9971 -13.107 29.0229
      vertex -10.003 -13.1024 29.1917
    endloop
  endfacet
  facet normal 0.603029 0.797719 0.000165587
    outer loop
      vertex -9.46401 -13.516 58
      vertex -9.9963 -13.1076 29
      vertex -9.9971 -13.107 29.0229
    endloop
  endfacet
  facet normal -0.992754 -0.0684003 0.0988004
    outer loop
      vertex -10.003 -13.1024 28.8083
      vertex -10.023 -13.087 28.618
      vertex -10.0206 -13.0889 28.6408
    endloop
  endfacet
  facet normal -0.968163 -0.204619 0.144194
    outer loop
      vertex -10.023 -13.087 28.618
      vertex -10.0563 -13.0615 28.4306
      vertex -10.027 -13.084 28.5954
    endloop
  endfacet
  facet normal -0.511776 -0.852723 -0.104633
    outer loop
      vertex -10.4082 -12.7915 27.5859
      vertex -10.5119 -12.7119 27.4444
      vertex -10.4216 -12.7812 27.5675
    endloop
  endfacet
  facet normal -0.775622 -0.550909 0.308074
    outer loop
      vertex -10.5119 -12.7119 27.4444
      vertex -10.606 -12.6397 27.3366
      vertex -10.5269 -12.7004 27.4272
    endloop
  endfacet
  facet normal 0.608723 0.793382 -0
    outer loop
      vertex -9.46401 -13.516 0
      vertex -9.9963 -13.1076 29
      vertex -9.46401 -13.516 58
    endloop
  endfacet
  facet normal 0.603029 0.797719 -0.000165587
    outer loop
      vertex -9.46401 -13.516 0
      vertex -9.9971 -13.107 28.9771
      vertex -9.9963 -13.1076 29
    endloop
  endfacet
  facet normal 0.612756 0.790272 0.000118454
    outer loop
      vertex -9.46401 -13.516 0
      vertex -10.003 -13.1024 28.8083
      vertex -9.9971 -13.107 28.9771
    endloop
  endfacet
  facet normal 0.609895 0.792482 3.32131e-05
    outer loop
      vertex -9.46401 -13.516 0
      vertex -10.023 -13.087 28.618
      vertex -10.003 -13.1024 28.8083
    endloop
  endfacet
  facet normal 0.608065 0.793887 -2.36087e-05
    outer loop
      vertex -9.46401 -13.516 0
      vertex -10.0563 -13.0615 28.4306
      vertex -10.023 -13.087 28.618
    endloop
  endfacet
  facet normal 0.609027 0.793149 8.25139e-06
    outer loop
      vertex -9.46401 -13.516 0
      vertex -10.0968 -13.0304 28.2699
      vertex -10.0563 -13.0615 28.4306
    endloop
  endfacet
  facet normal 0.602771 0.797914 -0.000213641
    outer loop
      vertex -9.46401 -13.516 0
      vertex -10.1025 -13.0261 28.2476
      vertex -10.0968 -13.0304 28.2699
    endloop
  endfacet
  facet normal 0.612162 0.790732 0.000123194
    outer loop
      vertex -9.46401 -13.516 0
      vertex -10.1096 -13.0206 28.2259
      vertex -10.1025 -13.0261 28.2476
    endloop
  endfacet
  facet normal 0.608816 0.793311 1.38794e-06
    outer loop
      vertex -9.46401 -13.516 0
      vertex -10.1612 -12.981 28.0702
      vertex -10.1096 -13.0206 28.2259
    endloop
  endfacet
  facet normal 0.608375 0.79365 -1.6009e-05
    outer loop
      vertex -9.46401 -13.516 0
      vertex -10.2233 -12.9334 27.9213
      vertex -10.1612 -12.981 28.0702
    endloop
  endfacet
  facet normal 0.607218 0.794535 -6.5947e-05
    outer loop
      vertex -9.46401 -13.516 0
      vertex -10.2322 -12.9266 27.9
      vertex -10.2233 -12.9334 27.9213
    endloop
  endfacet
  facet normal 0.608734 0.793374 3.03142e-07
    outer loop
      vertex -9.46401 -13.516 0
      vertex -10.3147 -12.8633 27.7381
      vertex -10.2322 -12.9266 27.9
    endloop
  endfacet
  facet normal 0.609039 0.79314 1.51731e-05
    outer loop
      vertex -9.46401 -13.516 0
      vertex -10.4082 -12.7915 27.5859
      vertex -10.3147 -12.8633 27.7381
    endloop
  endfacet
  facet normal 0.608891 0.793254 7.11959e-06
    outer loop
      vertex -9.46401 -13.516 0
      vertex -10.5119 -12.7119 27.4444
      vertex -10.4082 -12.7915 27.5859
    endloop
  endfacet
  facet normal 0.608734 0.793374 -2.39942e-06
    outer loop
      vertex -9.46401 -13.516 0
      vertex -10.606 -12.6397 27.3366
      vertex -10.5119 -12.7119 27.4444
    endloop
  endfacet
  facet normal 0.60877 0.793347 0
    outer loop
      vertex -10.606 -12.6397 27.3366
      vertex -9.46401 -13.516 0
      vertex -10.606 -12.6397 0
    endloop
  endfacet
  facet normal 0.953707 0.300738 0
    outer loop
      vertex -15.5049 -5.64333 58
      vertex -15.9378 -4.27051 0
      vertex -15.9378 -4.27051 58
    endloop
  endfacet
  facet normal 0.953707 0.300738 0
    outer loop
      vertex -15.9378 -4.27051 0
      vertex -15.5049 -5.64333 58
      vertex -15.5049 -5.64333 0
    endloop
  endfacet
  facet normal -0.130537 0.991443 0
    outer loop
      vertex 2.86519 -16.2493 0
      vertex 1.43807 -16.4372 58
      vertex 2.86519 -16.2493 58
    endloop
  endfacet
  facet normal -0.130537 0.991443 0
    outer loop
      vertex 1.43807 -16.4372 58
      vertex 2.86519 -16.2493 0
      vertex 1.43807 -16.4372 0
    endloop
  endfacet
  facet normal 0.60877 -0.793347 0
    outer loop
      vertex -10.606 12.6397 0
      vertex -9.46401 13.516 58
      vertex -10.606 12.6397 58
    endloop
  endfacet
  facet normal 0.60877 -0.793347 0
    outer loop
      vertex -9.46401 13.516 58
      vertex -10.606 12.6397 0
      vertex -9.46401 13.516 0
    endloop
  endfacet
  facet normal 0.300738 -0.953707 0
    outer loop
      vertex -5.64333 15.5049 0
      vertex -4.27051 15.9378 58
      vertex -5.64333 15.5049 58
    endloop
  endfacet
  facet normal 0.300738 -0.953707 0
    outer loop
      vertex -4.27051 15.9378 58
      vertex -5.64333 15.5049 0
      vertex -4.27051 15.9378 0
    endloop
  endfacet
  facet normal 0.923892 0.382654 0
    outer loop
      vertex -14.9541 -6.9732 58
      vertex -15.5049 -5.64333 0
      vertex -15.5049 -5.64333 58
    endloop
  endfacet
  facet normal 0.923892 0.382654 0
    outer loop
      vertex -15.5049 -5.64333 0
      vertex -14.9541 -6.9732 58
      vertex -14.9541 -6.9732 0
    endloop
  endfacet
  facet normal -0.300738 -0.953707 0
    outer loop
      vertex 4.27051 15.9378 0
      vertex 5.64333 15.5049 58
      vertex 4.27051 15.9378 58
    endloop
  endfacet
  facet normal -0.300738 -0.953707 -0
    outer loop
      vertex 5.64333 15.5049 58
      vertex 4.27051 15.9378 0
      vertex 5.64333 15.5049 0
    endloop
  endfacet
  facet normal -0.216405 -0.976304 0
    outer loop
      vertex 2.86519 16.2493 0
      vertex 4.27051 15.9378 58
      vertex 2.86519 16.2493 58
    endloop
  endfacet
  facet normal -0.216405 -0.976304 -0
    outer loop
      vertex 4.27051 15.9378 58
      vertex 2.86519 16.2493 0
      vertex 4.27051 15.9378 0
    endloop
  endfacet
  facet normal -0.46177 0.886999 0
    outer loop
      vertex 8.25 -14.2894 0
      vertex 6.9732 -14.9541 58
      vertex 8.25 -14.2894 58
    endloop
  endfacet
  facet normal -0.46177 0.886999 0
    outer loop
      vertex 6.9732 -14.9541 58
      vertex 8.25 -14.2894 0
      vertex 6.9732 -14.9541 0
    endloop
  endfacet
  facet normal -0.382654 0.923892 0
    outer loop
      vertex 6.9732 -14.9541 0
      vertex 5.64333 -15.5049 58
      vertex 6.9732 -14.9541 58
    endloop
  endfacet
  facet normal -0.382654 0.923892 0
    outer loop
      vertex 5.64333 -15.5049 58
      vertex 6.9732 -14.9541 0
      vertex 5.64333 -15.5049 0
    endloop
  endfacet
  facet normal 0.737673 0.675158 0
    outer loop
      vertex -12.6235 -10.6237 27.3147
      vertex -12.6397 -10.606 0
      vertex -12.6397 -10.606 27.3366
    endloop
  endfacet
  facet normal 0.737532 0.675312 1.83219e-07
    outer loop
      vertex -12.5345 -10.7209 27.2136
      vertex -12.6397 -10.606 0
      vertex -12.6235 -10.6237 27.3147
    endloop
  endfacet
  facet normal 0.735745 0.677259 1.53128e-05
    outer loop
      vertex -12.5206 -10.736 27.1979
      vertex -12.6397 -10.606 0
      vertex -12.5345 -10.7209 27.2136
    endloop
  endfacet
  facet normal 0.737282 0.675585 5.76079e-07
    outer loop
      vertex -12.4111 -10.8555 27.0947
      vertex -12.6397 -10.606 0
      vertex -12.5206 -10.736 27.1979
    endloop
  endfacet
  facet normal 0.736622 0.676305 1.27795e-05
    outer loop
      vertex -12.3954 -10.8726 27.0827
      vertex -12.6397 -10.606 0
      vertex -12.4111 -10.8555 27.0947
    endloop
  endfacet
  facet normal 0.737351 0.67551 -1.62228e-06
    outer loop
      vertex -12.296 -10.9811 27.0061
      vertex -12.6397 -10.606 0
      vertex -12.3954 -10.8726 27.0827
    endloop
  endfacet
  facet normal 0.737155 0.675723 3.83701e-06
    outer loop
      vertex -12.1926 -11.0939 26.9428
      vertex -12.6397 -10.606 0
      vertex -12.296 -10.9811 27.0061
    endloop
  endfacet
  facet normal 0.738998 0.673708 -6.32494e-05
    outer loop
      vertex -12.1761 -11.112 26.9327
      vertex -12.6397 -10.606 0
      vertex -12.1926 -11.0939 26.9428
    endloop
  endfacet
  facet normal 0.737967 0.674836 -2.43039e-05
    outer loop
      vertex -12.159 -11.1307 26.9247
      vertex -12.6397 -10.606 0
      vertex -12.1761 -11.112 26.9327
    endloop
  endfacet
  facet normal 0.737156 0.675723 7.46693e-06
    outer loop
      vertex -12.0523 -11.2471 26.875
      vertex -12.6397 -10.606 0
      vertex -12.159 -11.1307 26.9247
    endloop
  endfacet
  facet normal 0.735259 0.677787 9.81678e-05
    outer loop
      vertex -12.0346 -11.2663 26.8692
      vertex -12.6397 -10.606 0
      vertex -12.0523 -11.2471 26.875
    endloop
  endfacet
  facet normal 0.73741 0.675445 -7.82951e-06
    outer loop
      vertex -11.9256 -11.3853 26.8334
      vertex -12.6397 -10.606 0
      vertex -12.0346 -11.2663 26.8692
    endloop
  endfacet
  facet normal 0.737306 0.675559 -1.77024e-06
    outer loop
      vertex -11.8151 -11.5059 26.8119
      vertex -12.6397 -10.606 0
      vertex -11.9256 -11.3853 26.8334
    endloop
  endfacet
  facet normal 0.73792 0.674889 -4.3117e-05
    outer loop
      vertex -11.7969 -11.5258 26.8084
      vertex -12.6397 -10.606 0
      vertex -11.8151 -11.5059 26.8119
    endloop
  endfacet
  facet normal 0.737435 0.675418 -9.72353e-06
    outer loop
      vertex -11.6673 -11.6673 26.8
      vertex -12.6397 -10.606 0
      vertex -11.7969 -11.5258 26.8084
    endloop
  endfacet
  facet normal 0.737313 0.675552 0
    outer loop
      vertex -12.6397 -10.606 0
      vertex -11.6673 -11.6673 26.8
      vertex -11.6673 -11.6673 0
    endloop
  endfacet
  facet normal 0.737673 0.675158 0
    outer loop
      vertex -12.6397 -10.606 58
      vertex -12.6235 -10.6237 30.6853
      vertex -12.6397 -10.606 30.6634
    endloop
  endfacet
  facet normal 0.737532 0.675312 -1.83219e-07
    outer loop
      vertex -12.6397 -10.606 58
      vertex -12.5345 -10.7209 30.7864
      vertex -12.6235 -10.6237 30.6853
    endloop
  endfacet
  facet normal 0.735745 0.677259 -1.53128e-05
    outer loop
      vertex -12.6397 -10.606 58
      vertex -12.5206 -10.736 30.8021
      vertex -12.5345 -10.7209 30.7864
    endloop
  endfacet
  facet normal 0.737282 0.675585 -5.76079e-07
    outer loop
      vertex -12.6397 -10.606 58
      vertex -12.4111 -10.8555 30.9053
      vertex -12.5206 -10.736 30.8021
    endloop
  endfacet
  facet normal 0.736622 0.676305 -1.27795e-05
    outer loop
      vertex -12.6397 -10.606 58
      vertex -12.3954 -10.8726 30.9173
      vertex -12.4111 -10.8555 30.9053
    endloop
  endfacet
  facet normal 0.737351 0.67551 1.62228e-06
    outer loop
      vertex -12.6397 -10.606 58
      vertex -12.296 -10.9811 30.9939
      vertex -12.3954 -10.8726 30.9173
    endloop
  endfacet
  facet normal 0.737155 0.675723 -3.83701e-06
    outer loop
      vertex -12.6397 -10.606 58
      vertex -12.1926 -11.0939 31.0572
      vertex -12.296 -10.9811 30.9939
    endloop
  endfacet
  facet normal 0.738998 0.673708 6.32494e-05
    outer loop
      vertex -12.6397 -10.606 58
      vertex -12.1761 -11.112 31.0673
      vertex -12.1926 -11.0939 31.0572
    endloop
  endfacet
  facet normal 0.737967 0.674836 2.43039e-05
    outer loop
      vertex -12.6397 -10.606 58
      vertex -12.159 -11.1307 31.0753
      vertex -12.1761 -11.112 31.0673
    endloop
  endfacet
  facet normal 0.737156 0.675723 -7.46693e-06
    outer loop
      vertex -12.6397 -10.606 58
      vertex -12.0523 -11.2471 31.125
      vertex -12.159 -11.1307 31.0753
    endloop
  endfacet
  facet normal 0.735259 0.677787 -9.81678e-05
    outer loop
      vertex -12.6397 -10.606 58
      vertex -12.0346 -11.2663 31.1308
      vertex -12.0523 -11.2471 31.125
    endloop
  endfacet
  facet normal 0.73741 0.675445 7.82951e-06
    outer loop
      vertex -12.6397 -10.606 58
      vertex -11.9256 -11.3853 31.1666
      vertex -12.0346 -11.2663 31.1308
    endloop
  endfacet
  facet normal 0.737306 0.675559 1.77024e-06
    outer loop
      vertex -12.6397 -10.606 58
      vertex -11.8151 -11.5059 31.1881
      vertex -11.9256 -11.3853 31.1666
    endloop
  endfacet
  facet normal 0.73792 0.674889 4.3117e-05
    outer loop
      vertex -12.6397 -10.606 58
      vertex -11.7969 -11.5258 31.1916
      vertex -11.8151 -11.5059 31.1881
    endloop
  endfacet
  facet normal 0.737313 0.675552 -0
    outer loop
      vertex -11.6673 -11.6673 31.2
      vertex -12.6397 -10.606 58
      vertex -11.6673 -11.6673 58
    endloop
  endfacet
  facet normal 0.737435 0.675418 9.72353e-06
    outer loop
      vertex -12.6397 -10.606 58
      vertex -11.6673 -11.6673 31.2
      vertex -11.7969 -11.5258 31.1916
    endloop
  endfacet
  facet normal 0.537295 -0.843394 0
    outer loop
      vertex -9.46401 13.516 0
      vertex -8.25 14.2894 58
      vertex -9.46401 13.516 58
    endloop
  endfacet
  facet normal 0.537295 -0.843394 0
    outer loop
      vertex -8.25 14.2894 58
      vertex -9.46401 13.516 0
      vertex -8.25 14.2894 0
    endloop
  endfacet
  facet normal 0.46177 -0.886999 0
    outer loop
      vertex -8.25 14.2894 0
      vertex -6.9732 14.9541 58
      vertex -8.25 14.2894 58
    endloop
  endfacet
  facet normal 0.46177 -0.886999 0
    outer loop
      vertex -6.9732 14.9541 58
      vertex -8.25 14.2894 0
      vertex -6.9732 14.9541 0
    endloop
  endfacet
  facet normal 0.737313 -0.675552 0
    outer loop
      vertex -12.6397 10.606 58
      vertex -11.6673 11.6673 0
      vertex -11.6673 11.6673 58
    endloop
  endfacet
  facet normal 0.737313 -0.675552 0
    outer loop
      vertex -11.6673 11.6673 0
      vertex -12.6397 10.606 58
      vertex -12.6397 10.606 0
    endloop
  endfacet
  facet normal 0.46177 0.886999 -0
    outer loop
      vertex -6.9732 -14.9541 0
      vertex -8.25 -14.2894 58
      vertex -6.9732 -14.9541 58
    endloop
  endfacet
  facet normal 0.46177 0.886999 0
    outer loop
      vertex -8.25 -14.2894 58
      vertex -6.9732 -14.9541 0
      vertex -8.25 -14.2894 0
    endloop
  endfacet
  facet normal 0.923892 -0.382654 0
    outer loop
      vertex -15.5049 5.64333 58
      vertex -14.9541 6.9732 0
      vertex -14.9541 6.9732 58
    endloop
  endfacet
  facet normal 0.923892 -0.382654 0
    outer loop
      vertex -14.9541 6.9732 0
      vertex -15.5049 5.64333 58
      vertex -15.5049 5.64333 0
    endloop
  endfacet
  facet normal -0.886999 -0.46177 0
    outer loop
      vertex 14.9541 6.9732 0
      vertex 14.2894 8.25 58
      vertex 14.2894 8.25 0
    endloop
  endfacet
  facet normal -0.886999 -0.46177 0
    outer loop
      vertex 14.2894 8.25 58
      vertex 14.9541 6.9732 0
      vertex 14.9541 6.9732 58
    endloop
  endfacet
  facet normal -0.0436281 0.999048 0
    outer loop
      vertex 1.43807 -16.4372 0
      vertex 0 -16.5 58
      vertex 1.43807 -16.4372 58
    endloop
  endfacet
  facet normal -0.0436281 0.999048 0
    outer loop
      vertex 0 -16.5 58
      vertex 1.43807 -16.4372 0
      vertex 0 -16.5 0
    endloop
  endfacet
  facet normal 0.843394 0.537295 0
    outer loop
      vertex -13.516 -9.46401 58
      vertex -14.2894 -8.25 0
      vertex -14.2894 -8.25 58
    endloop
  endfacet
  facet normal 0.843394 0.537295 0
    outer loop
      vertex -14.2894 -8.25 0
      vertex -13.516 -9.46401 58
      vertex -13.516 -9.46401 0
    endloop
  endfacet
  facet normal 0.382654 -0.923892 0
    outer loop
      vertex -6.9732 14.9541 0
      vertex -5.64333 15.5049 58
      vertex -6.9732 14.9541 58
    endloop
  endfacet
  facet normal 0.382654 -0.923892 0
    outer loop
      vertex -5.64333 15.5049 58
      vertex -6.9732 14.9541 0
      vertex -5.64333 15.5049 0
    endloop
  endfacet
  facet normal 0.991443 0.130537 0
    outer loop
      vertex -16.2493 -2.86519 58
      vertex -16.4372 -1.43807 0
      vertex -16.4372 -1.43807 58
    endloop
  endfacet
  facet normal 0.991443 0.130537 0
    outer loop
      vertex -16.4372 -1.43807 0
      vertex -16.2493 -2.86519 58
      vertex -16.2493 -2.86519 0
    endloop
  endfacet
  facet normal 0.0436281 -0.999048 0
    outer loop
      vertex -1.43807 16.4372 0
      vertex 0 16.5 58
      vertex -1.43807 16.4372 58
    endloop
  endfacet
  facet normal 0.0436281 -0.999048 0
    outer loop
      vertex 0 16.5 58
      vertex -1.43807 16.4372 0
      vertex 0 16.5 0
    endloop
  endfacet
  facet normal 0.675552 -0.737313 0
    outer loop
      vertex -11.6673 11.6673 0
      vertex -10.606 12.6397 58
      vertex -11.6673 11.6673 58
    endloop
  endfacet
  facet normal 0.675552 -0.737313 0
    outer loop
      vertex -10.606 12.6397 58
      vertex -11.6673 11.6673 0
      vertex -10.606 12.6397 0
    endloop
  endfacet
  facet normal 0.999048 -0.0436281 0
    outer loop
      vertex -16.5 0 58
      vertex -16.4372 1.43807 0
      vertex -16.4372 1.43807 58
    endloop
  endfacet
  facet normal 0.999048 -0.0436281 0
    outer loop
      vertex -16.4372 1.43807 0
      vertex -16.5 0 58
      vertex -16.5 0 0
    endloop
  endfacet
  facet normal 0.976304 -0.216405 0
    outer loop
      vertex -16.2493 2.86519 58
      vertex -15.9378 4.27051 0
      vertex -15.9378 4.27051 58
    endloop
  endfacet
  facet normal 0.976304 -0.216405 0
    outer loop
      vertex -15.9378 4.27051 0
      vertex -16.2493 2.86519 58
      vertex -16.2493 2.86519 0
    endloop
  endfacet
  facet normal -0.991443 0.130537 0
    outer loop
      vertex 16.2493 -2.86519 0
      vertex 16.4372 -1.43807 58
      vertex 16.4372 -1.43807 0
    endloop
  endfacet
  facet normal -0.991443 0.130537 0
    outer loop
      vertex 16.4372 -1.43807 58
      vertex 16.2493 -2.86519 0
      vertex 16.2493 -2.86519 58
    endloop
  endfacet
  facet normal -0.537295 -0.843394 0
    outer loop
      vertex 8.25 14.2894 58
      vertex 9.46401 13.516 38.7883
      vertex 9.46401 13.516 58
    endloop
  endfacet
  facet normal -0.537324 -0.843376 -2.56649e-06
    outer loop
      vertex 8.25 14.2894 58
      vertex 9.34896 13.5893 38.643
      vertex 9.46401 13.516 38.7883
    endloop
  endfacet
  facet normal -0.53719 -0.843461 8.10588e-06
    outer loop
      vertex 8.25 14.2894 58
      vertex 9.29212 13.6255 38.5712
      vertex 9.34896 13.5893 38.643
    endloop
  endfacet
  facet normal -0.537254 -0.843421 3.30441e-06
    outer loop
      vertex 8.25 14.2894 58
      vertex 9.1086 13.7424 38.2943
      vertex 9.29212 13.6255 38.5712
    endloop
  endfacet
  facet normal -0.537347 -0.843361 -2.43135e-06
    outer loop
      vertex 8.25 14.2894 58
      vertex 8.94663 13.8456 38
      vertex 9.1086 13.7424 38.2943
    endloop
  endfacet
  facet normal -0.537404 -0.843325 -5.21812e-06
    outer loop
      vertex 8.25 14.2894 58
      vertex 8.80744 13.9343 37.6905
      vertex 8.94663 13.8456 38
    endloop
  endfacet
  facet normal -0.537334 -0.84337 -2.50876e-06
    outer loop
      vertex 8.25 14.2894 58
      vertex 8.69208 14.0078 37.3681
      vertex 8.80744 13.9343 37.6905
    endloop
  endfacet
  facet normal -0.536987 -0.843591 7.955e-06
    outer loop
      vertex 8.25 14.2894 58
      vertex 8.60143 14.0655 37.0353
      vertex 8.69208 14.0078 37.3681
    endloop
  endfacet
  facet normal -0.537565 -0.843222 -5.67541e-06
    outer loop
      vertex 8.25 14.2894 58
      vertex 8.53618 14.1071 36.6946
      vertex 8.60143 14.0655 37.0353
    endloop
  endfacet
  facet normal -0.537809 -0.843067 -1.02877e-05
    outer loop
      vertex 8.25 14.2894 58
      vertex 8.49684 14.1322 36.3486
      vertex 8.53618 14.1071 36.6946
    endloop
  endfacet
  facet normal -0.534546 -0.845139 4.19601e-05
    outer loop
      vertex 8.25 14.2894 58
      vertex 8.48369 14.1405 36
      vertex 8.49684 14.1322 36.3486
    endloop
  endfacet
  facet normal -0.537359 -0.843354 0
    outer loop
      vertex 8.25 14.2894 0
      vertex 8.48369 14.1405 36
      vertex 8.25 14.2894 58
    endloop
  endfacet
  facet normal -0.534283 -0.845306 -2.80436e-05
    outer loop
      vertex 8.25 14.2894 0
      vertex 8.49684 14.1322 35.6514
      vertex 8.48369 14.1405 36
    endloop
  endfacet
  facet normal -0.537833 -0.843051 6.47955e-06
    outer loop
      vertex 8.25 14.2894 0
      vertex 8.53618 14.1071 35.3054
      vertex 8.49684 14.1322 35.6514
    endloop
  endfacet
  facet normal -0.537573 -0.843217 3.51625e-06
    outer loop
      vertex 8.25 14.2894 0
      vertex 8.60143 14.0655 34.9647
      vertex 8.53618 14.1071 35.3054
    endloop
  endfacet
  facet normal -0.536979 -0.843596 -4.88317e-06
    outer loop
      vertex 8.25 14.2894 0
      vertex 8.69208 14.0078 34.6319
      vertex 8.60143 14.0655 34.9647
    endloop
  endfacet
  facet normal -0.537336 -0.843368 1.52952e-06
    outer loop
      vertex 8.25 14.2894 0
      vertex 8.80744 13.9343 34.3095
      vertex 8.69208 14.0078 34.6319
    endloop
  endfacet
  facet normal -0.537407 -0.843323 3.1631e-06
    outer loop
      vertex 8.25 14.2894 0
      vertex 8.94663 13.8456 34
      vertex 8.80744 13.9343 34.3095
    endloop
  endfacet
  facet normal -0.537349 -0.84336 1.46614e-06
    outer loop
      vertex 8.25 14.2894 0
      vertex 9.1086 13.7424 33.7057
      vertex 8.94663 13.8456 34
    endloop
  endfacet
  facet normal -0.537252 -0.843422 -1.98269e-06
    outer loop
      vertex 8.25 14.2894 0
      vertex 9.29212 13.6255 33.4288
      vertex 9.1086 13.7424 33.7057
    endloop
  endfacet
  facet normal -0.537187 -0.843463 -4.83976e-06
    outer loop
      vertex 8.25 14.2894 0
      vertex 9.34896 13.5893 33.357
      vertex 9.29212 13.6255 33.4288
    endloop
  endfacet
  facet normal -0.537325 -0.843375 1.53235e-06
    outer loop
      vertex 8.25 14.2894 0
      vertex 9.46401 13.516 33.2117
      vertex 9.34896 13.5893 33.357
    endloop
  endfacet
  facet normal -0.537295 -0.843394 -0
    outer loop
      vertex 9.46401 13.516 33.2117
      vertex 8.25 14.2894 0
      vertex 9.46401 13.516 0
    endloop
  endfacet
  facet normal 0.130537 -0.991443 0
    outer loop
      vertex -2.86519 16.2493 0
      vertex -1.43807 16.4372 58
      vertex -2.86519 16.2493 58
    endloop
  endfacet
  facet normal 0.130537 -0.991443 0
    outer loop
      vertex -1.43807 16.4372 58
      vertex -2.86519 16.2493 0
      vertex -1.43807 16.4372 0
    endloop
  endfacet
  facet normal -0.843394 0.537295 0
    outer loop
      vertex 13.516 -9.46401 0
      vertex 14.2894 -8.25 58
      vertex 14.2894 -8.25 0
    endloop
  endfacet
  facet normal -0.843394 0.537295 0
    outer loop
      vertex 14.2894 -8.25 58
      vertex 13.516 -9.46401 0
      vertex 13.516 -9.46401 58
    endloop
  endfacet
  facet normal 0.793382 0.608723 0
    outer loop
      vertex -13.516 -9.46401 58
      vertex -13.1076 -9.9963 29
      vertex -13.516 -9.46401 0
    endloop
  endfacet
  facet normal 0.797719 0.603029 0.000165587
    outer loop
      vertex -13.516 -9.46401 58
      vertex -13.107 -9.9971 29.0229
      vertex -13.1076 -9.9963 29
    endloop
  endfacet
  facet normal 0.790272 0.612756 -0.000118454
    outer loop
      vertex -13.516 -9.46401 58
      vertex -13.1024 -10.003 29.1917
      vertex -13.107 -9.9971 29.0229
    endloop
  endfacet
  facet normal 0.793443 0.608645 3.97846e-06
    outer loop
      vertex -13.516 -9.46401 58
      vertex -13.0889 -10.0206 29.3592
      vertex -13.1024 -10.003 29.1917
    endloop
  endfacet
  facet normal 0.785492 0.618871 -0.000313326
    outer loop
      vertex -13.516 -9.46401 58
      vertex -13.087 -10.023 29.382
      vertex -13.0889 -10.0206 29.3592
    endloop
  endfacet
  facet normal 0.799334 0.600887 0.00024545
    outer loop
      vertex -13.516 -9.46401 58
      vertex -13.084 -10.027 29.4046
      vertex -13.087 -10.023 29.382
    endloop
  endfacet
  facet normal 0.793149 0.609027 -8.24576e-06
    outer loop
      vertex -13.516 -9.46401 58
      vertex -13.0615 -10.0563 29.5694
      vertex -13.084 -10.027 29.4046
    endloop
  endfacet
  facet normal 0.793149 0.609027 -8.25139e-06
    outer loop
      vertex -13.516 -9.46401 58
      vertex -13.0304 -10.0968 29.7301
      vertex -13.0615 -10.0563 29.5694
    endloop
  endfacet
  facet normal 0.797914 0.602771 0.000213641
    outer loop
      vertex -13.516 -9.46401 58
      vertex -13.0261 -10.1025 29.7524
      vertex -13.0304 -10.0968 29.7301
    endloop
  endfacet
  facet normal 0.790732 0.612162 -0.000123194
    outer loop
      vertex -13.516 -9.46401 58
      vertex -13.0206 -10.1096 29.7741
      vertex -13.0261 -10.1025 29.7524
    endloop
  endfacet
  facet normal 0.793311 0.608816 -1.38794e-06
    outer loop
      vertex -13.516 -9.46401 58
      vertex -12.981 -10.1612 29.9298
      vertex -13.0206 -10.1096 29.7741
    endloop
  endfacet
  facet normal 0.79365 0.608375 1.6009e-05
    outer loop
      vertex -13.516 -9.46401 58
      vertex -12.9334 -10.2233 30.0787
      vertex -12.981 -10.1612 29.9298
    endloop
  endfacet
  facet normal 0.794535 0.607218 6.5947e-05
    outer loop
      vertex -13.516 -9.46401 58
      vertex -12.9266 -10.2322 30.1
      vertex -12.9334 -10.2233 30.0787
    endloop
  endfacet
  facet normal 0.793374 0.608734 -3.03142e-07
    outer loop
      vertex -13.516 -9.46401 58
      vertex -12.8633 -10.3147 30.2619
      vertex -12.9266 -10.2322 30.1
    endloop
  endfacet
  facet normal 0.79314 0.609039 -1.51731e-05
    outer loop
      vertex -13.516 -9.46401 58
      vertex -12.7915 -10.4082 30.4141
      vertex -12.8633 -10.3147 30.2619
    endloop
  endfacet
  facet normal 0.792867 0.609395 -3.45336e-05
    outer loop
      vertex -13.516 -9.46401 58
      vertex -12.7812 -10.4216 30.4325
      vertex -12.7915 -10.4082 30.4141
    endloop
  endfacet
  facet normal 0.793311 0.608817 -2.60063e-06
    outer loop
      vertex -13.516 -9.46401 58
      vertex -12.7119 -10.5119 30.5556
      vertex -12.7812 -10.4216 30.4325
    endloop
  endfacet
  facet normal 0.793595 0.608446 1.98819e-05
    outer loop
      vertex -13.516 -9.46401 58
      vertex -12.7004 -10.5269 30.5728
      vertex -12.7119 -10.5119 30.5556
    endloop
  endfacet
  facet normal 0.793347 0.60877 -0
    outer loop
      vertex -12.6397 -10.606 30.6634
      vertex -13.516 -9.46401 58
      vertex -12.6397 -10.606 58
    endloop
  endfacet
  facet normal 0.793333 0.608789 -1.21252e-06
    outer loop
      vertex -13.516 -9.46401 58
      vertex -12.6397 -10.606 30.6634
      vertex -12.7004 -10.5269 30.5728
    endloop
  endfacet
  facet normal 0.797719 0.603029 -0.000165587
    outer loop
      vertex -13.107 -9.9971 28.9771
      vertex -13.516 -9.46401 0
      vertex -13.1076 -9.9963 29
    endloop
  endfacet
  facet normal 0.790272 0.612756 0.000118454
    outer loop
      vertex -13.1024 -10.003 28.8083
      vertex -13.516 -9.46401 0
      vertex -13.107 -9.9971 28.9771
    endloop
  endfacet
  facet normal 0.793443 0.608645 -3.97846e-06
    outer loop
      vertex -13.0889 -10.0206 28.6408
      vertex -13.516 -9.46401 0
      vertex -13.1024 -10.003 28.8083
    endloop
  endfacet
  facet normal 0.785492 0.618871 0.000313326
    outer loop
      vertex -13.087 -10.023 28.618
      vertex -13.516 -9.46401 0
      vertex -13.0889 -10.0206 28.6408
    endloop
  endfacet
  facet normal 0.799334 0.600887 -0.00024545
    outer loop
      vertex -13.084 -10.027 28.5954
      vertex -13.516 -9.46401 0
      vertex -13.087 -10.023 28.618
    endloop
  endfacet
  facet normal 0.793149 0.609027 8.24576e-06
    outer loop
      vertex -13.0615 -10.0563 28.4306
      vertex -13.516 -9.46401 0
      vertex -13.084 -10.027 28.5954
    endloop
  endfacet
  facet normal 0.793149 0.609027 8.25139e-06
    outer loop
      vertex -13.0304 -10.0968 28.2699
      vertex -13.516 -9.46401 0
      vertex -13.0615 -10.0563 28.4306
    endloop
  endfacet
  facet normal 0.797914 0.602771 -0.000213641
    outer loop
      vertex -13.0261 -10.1025 28.2476
      vertex -13.516 -9.46401 0
      vertex -13.0304 -10.0968 28.2699
    endloop
  endfacet
  facet normal 0.790732 0.612162 0.000123194
    outer loop
      vertex -13.0206 -10.1096 28.2259
      vertex -13.516 -9.46401 0
      vertex -13.0261 -10.1025 28.2476
    endloop
  endfacet
  facet normal 0.793311 0.608816 1.38794e-06
    outer loop
      vertex -12.981 -10.1612 28.0702
      vertex -13.516 -9.46401 0
      vertex -13.0206 -10.1096 28.2259
    endloop
  endfacet
  facet normal 0.79365 0.608375 -1.6009e-05
    outer loop
      vertex -12.9334 -10.2233 27.9213
      vertex -13.516 -9.46401 0
      vertex -12.981 -10.1612 28.0702
    endloop
  endfacet
  facet normal 0.794535 0.607218 -6.5947e-05
    outer loop
      vertex -12.9266 -10.2322 27.9
      vertex -13.516 -9.46401 0
      vertex -12.9334 -10.2233 27.9213
    endloop
  endfacet
  facet normal 0.793374 0.608734 3.03142e-07
    outer loop
      vertex -12.8633 -10.3147 27.7381
      vertex -13.516 -9.46401 0
      vertex -12.9266 -10.2322 27.9
    endloop
  endfacet
  facet normal 0.79314 0.609039 1.51731e-05
    outer loop
      vertex -12.7915 -10.4082 27.5859
      vertex -13.516 -9.46401 0
      vertex -12.8633 -10.3147 27.7381
    endloop
  endfacet
  facet normal 0.792867 0.609395 3.45336e-05
    outer loop
      vertex -12.7812 -10.4216 27.5675
      vertex -13.516 -9.46401 0
      vertex -12.7915 -10.4082 27.5859
    endloop
  endfacet
  facet normal 0.793311 0.608817 2.60063e-06
    outer loop
      vertex -12.7119 -10.5119 27.4444
      vertex -13.516 -9.46401 0
      vertex -12.7812 -10.4216 27.5675
    endloop
  endfacet
  facet normal 0.793595 0.608446 -1.98819e-05
    outer loop
      vertex -12.7004 -10.5269 27.4272
      vertex -13.516 -9.46401 0
      vertex -12.7119 -10.5119 27.4444
    endloop
  endfacet
  facet normal 0.793333 0.608789 1.21252e-06
    outer loop
      vertex -12.6397 -10.606 27.3366
      vertex -13.516 -9.46401 0
      vertex -12.7004 -10.5269 27.4272
    endloop
  endfacet
  facet normal 0.793347 0.60877 0
    outer loop
      vertex -13.516 -9.46401 0
      vertex -12.6397 -10.606 27.3366
      vertex -12.6397 -10.606 0
    endloop
  endfacet
  facet normal -0.923892 -0.382654 0
    outer loop
      vertex 15.5049 5.64333 0
      vertex 14.9541 6.9732 58
      vertex 14.9541 6.9732 0
    endloop
  endfacet
  facet normal -0.923892 -0.382654 0
    outer loop
      vertex 14.9541 6.9732 58
      vertex 15.5049 5.64333 0
      vertex 15.5049 5.64333 58
    endloop
  endfacet
  facet normal 0.216405 -0.976304 0
    outer loop
      vertex -4.27051 15.9378 0
      vertex -2.86519 16.2493 58
      vertex -4.27051 15.9378 58
    endloop
  endfacet
  facet normal 0.216405 -0.976304 0
    outer loop
      vertex -2.86519 16.2493 58
      vertex -4.27051 15.9378 0
      vertex -2.86519 16.2493 0
    endloop
  endfacet
  facet normal 0.130537 0.991443 -0
    outer loop
      vertex -1.43807 -16.4372 0
      vertex -2.86519 -16.2493 58
      vertex -1.43807 -16.4372 58
    endloop
  endfacet
  facet normal 0.130537 0.991443 0
    outer loop
      vertex -2.86519 -16.2493 58
      vertex -1.43807 -16.4372 0
      vertex -2.86519 -16.2493 0
    endloop
  endfacet
  facet normal 0.999048 0.0436281 0
    outer loop
      vertex -16.4372 -1.43807 58
      vertex -16.5 0 0
      vertex -16.5 0 58
    endloop
  endfacet
  facet normal 0.999048 0.0436281 0
    outer loop
      vertex -16.5 0 0
      vertex -16.4372 -1.43807 58
      vertex -16.4372 -1.43807 0
    endloop
  endfacet
  facet normal 0.953707 -0.300738 0
    outer loop
      vertex -15.9378 4.27051 58
      vertex -15.5049 5.64333 0
      vertex -15.5049 5.64333 58
    endloop
  endfacet
  facet normal 0.953707 -0.300738 0
    outer loop
      vertex -15.5049 5.64333 0
      vertex -15.9378 4.27051 58
      vertex -15.9378 4.27051 0
    endloop
  endfacet
  facet normal -0.742758 -0.0529878 0.66746
    outer loop
      vertex -10.6237 -12.6235 27.3147
      vertex -10.736 -12.5206 27.1979
      vertex -10.7209 -12.5345 27.2136
    endloop
  endfacet
  facet normal -0.00902579 -0.52924 -0.848424
    outer loop
      vertex -10.9811 -12.296 27.0061
      vertex -11.112 -12.1761 26.9327
      vertex -11.0939 -12.1926 26.9428
    endloop
  endfacet
  facet normal -0.584589 -0.283674 0.760122
    outer loop
      vertex -11.112 -12.1761 26.9327
      vertex -11.2471 -12.0523 26.875
      vertex -11.1307 -12.159 26.9247
    endloop
  endfacet
  facet normal 0.105244 -0.204721 -0.973146
    outer loop
      vertex -11.2471 -12.0523 26.875
      vertex -11.3853 -11.9256 26.8334
      vertex -11.2663 -12.0346 26.8692
    endloop
  endfacet
  facet normal 0.675158 0.737673 -0
    outer loop
      vertex -10.606 -12.6397 0
      vertex -10.6237 -12.6235 27.3147
      vertex -10.606 -12.6397 27.3366
    endloop
  endfacet
  facet normal 0.675576 0.737291 4.9721e-07
    outer loop
      vertex -10.606 -12.6397 0
      vertex -10.736 -12.5206 27.1979
      vertex -10.6237 -12.6235 27.3147
    endloop
  endfacet
  facet normal 0.675585 0.737282 5.76079e-07
    outer loop
      vertex -10.606 -12.6397 0
      vertex -10.8555 -12.4111 27.0947
      vertex -10.736 -12.5206 27.1979
    endloop
  endfacet
  facet normal 0.676305 0.736622 1.27795e-05
    outer loop
      vertex -10.606 -12.6397 0
      vertex -10.8726 -12.3954 27.0827
      vertex -10.8555 -12.4111 27.0947
    endloop
  endfacet
  facet normal 0.67551 0.737351 -1.62228e-06
    outer loop
      vertex -10.606 -12.6397 0
      vertex -10.9811 -12.296 27.0061
      vertex -10.8726 -12.3954 27.0827
    endloop
  endfacet
  facet normal 0.675445 0.73741 -3.27864e-06
    outer loop
      vertex -10.606 -12.6397 0
      vertex -11.112 -12.1761 26.9327
      vertex -10.9811 -12.296 27.0061
    endloop
  endfacet
  facet normal 0.675601 0.737268 2.09855e-06
    outer loop
      vertex -10.606 -12.6397 0
      vertex -11.2471 -12.0523 26.875
      vertex -11.112 -12.1761 26.9327
    endloop
  endfacet
  facet normal 0.675771 0.737111 9.5942e-06
    outer loop
      vertex -10.606 -12.6397 0
      vertex -11.3853 -11.9256 26.8334
      vertex -11.2471 -12.0523 26.875
    endloop
  endfacet
  facet normal 0.675559 0.737306 -1.77024e-06
    outer loop
      vertex -10.606 -12.6397 0
      vertex -11.5059 -11.8151 26.8119
      vertex -11.3853 -11.9256 26.8334
    endloop
  endfacet
  facet normal 0.674889 0.73792 -4.3117e-05
    outer loop
      vertex -10.606 -12.6397 0
      vertex -11.5258 -11.7969 26.8084
      vertex -11.5059 -11.8151 26.8119
    endloop
  endfacet
  facet normal 0.675418 0.737435 -9.72353e-06
    outer loop
      vertex -10.606 -12.6397 0
      vertex -11.6673 -11.6673 26.8
      vertex -11.5258 -11.7969 26.8084
    endloop
  endfacet
  facet normal 0.675552 0.737313 0
    outer loop
      vertex -11.6673 -11.6673 26.8
      vertex -10.606 -12.6397 0
      vertex -11.6673 -11.6673 0
    endloop
  endfacet
  facet normal 0.675552 0.737313 0
    outer loop
      vertex -10.606 -12.6397 58
      vertex -11.6673 -11.6673 31.2
      vertex -11.6673 -11.6673 58
    endloop
  endfacet
  facet normal 0.675418 0.737435 9.72353e-06
    outer loop
      vertex -10.606 -12.6397 58
      vertex -11.5258 -11.7969 31.1916
      vertex -11.6673 -11.6673 31.2
    endloop
  endfacet
  facet normal 0.674889 0.73792 4.3117e-05
    outer loop
      vertex -10.606 -12.6397 58
      vertex -11.5059 -11.8151 31.1881
      vertex -11.5258 -11.7969 31.1916
    endloop
  endfacet
  facet normal 0.675559 0.737306 1.77024e-06
    outer loop
      vertex -10.606 -12.6397 58
      vertex -11.3853 -11.9256 31.1666
      vertex -11.5059 -11.8151 31.1881
    endloop
  endfacet
  facet normal 0.675445 0.73741 7.82951e-06
    outer loop
      vertex -10.606 -12.6397 58
      vertex -11.2663 -12.0346 31.1308
      vertex -11.3853 -11.9256 31.1666
    endloop
  endfacet
  facet normal 0.677787 0.735259 -9.81678e-05
    outer loop
      vertex -10.606 -12.6397 58
      vertex -11.2471 -12.0523 31.125
      vertex -11.2663 -12.0346 31.1308
    endloop
  endfacet
  facet normal 0.675723 0.737156 -7.46693e-06
    outer loop
      vertex -10.606 -12.6397 58
      vertex -11.1307 -12.159 31.0753
      vertex -11.2471 -12.0523 31.125
    endloop
  endfacet
  facet normal 0.674836 0.737967 2.43039e-05
    outer loop
      vertex -10.606 -12.6397 58
      vertex -11.112 -12.1761 31.0673
      vertex -11.1307 -12.159 31.0753
    endloop
  endfacet
  facet normal 0.673708 0.738998 6.32494e-05
    outer loop
      vertex -10.606 -12.6397 58
      vertex -11.0939 -12.1926 31.0572
      vertex -11.112 -12.1761 31.0673
    endloop
  endfacet
  facet normal 0.675723 0.737155 -3.83701e-06
    outer loop
      vertex -10.606 -12.6397 58
      vertex -10.9811 -12.296 30.9939
      vertex -11.0939 -12.1926 31.0572
    endloop
  endfacet
  facet normal 0.67551 0.737351 1.62228e-06
    outer loop
      vertex -10.606 -12.6397 58
      vertex -10.8726 -12.3954 30.9173
      vertex -10.9811 -12.296 30.9939
    endloop
  endfacet
  facet normal 0.676305 0.736622 -1.27795e-05
    outer loop
      vertex -10.606 -12.6397 58
      vertex -10.8555 -12.4111 30.9053
      vertex -10.8726 -12.3954 30.9173
    endloop
  endfacet
  facet normal 0.675585 0.737282 -5.76079e-07
    outer loop
      vertex -10.606 -12.6397 58
      vertex -10.736 -12.5206 30.8021
      vertex -10.8555 -12.4111 30.9053
    endloop
  endfacet
  facet normal 0.677259 0.735745 -1.53128e-05
    outer loop
      vertex -10.606 -12.6397 58
      vertex -10.7209 -12.5345 30.7864
      vertex -10.736 -12.5206 30.8021
    endloop
  endfacet
  facet normal 0.675312 0.737532 -1.83219e-07
    outer loop
      vertex -10.606 -12.6397 58
      vertex -10.6237 -12.6235 30.6853
      vertex -10.7209 -12.5345 30.7864
    endloop
  endfacet
  facet normal 0.675158 0.737673 0
    outer loop
      vertex -10.6237 -12.6235 30.6853
      vertex -10.606 -12.6397 58
      vertex -10.606 -12.6397 30.6634
    endloop
  endfacet
  facet normal -0.300738 0.953707 0
    outer loop
      vertex 5.64333 -15.5049 0
      vertex 4.27051 -15.9378 58
      vertex 5.64333 -15.5049 58
    endloop
  endfacet
  facet normal -0.300738 0.953707 0
    outer loop
      vertex 4.27051 -15.9378 58
      vertex 5.64333 -15.5049 0
      vertex 4.27051 -15.9378 0
    endloop
  endfacet
  facet normal 0.991443 -0.130537 0
    outer loop
      vertex -16.4372 1.43807 58
      vertex -16.2493 2.86519 0
      vertex -16.2493 2.86519 58
    endloop
  endfacet
  facet normal 0.991443 -0.130537 0
    outer loop
      vertex -16.2493 2.86519 0
      vertex -16.4372 1.43807 58
      vertex -16.4372 1.43807 0
    endloop
  endfacet
  facet normal -0.537295 0.843394 0
    outer loop
      vertex 9.46401 -13.516 0
      vertex 8.25 -14.2894 58
      vertex 9.46401 -13.516 58
    endloop
  endfacet
  facet normal -0.537295 0.843394 0
    outer loop
      vertex 8.25 -14.2894 58
      vertex 9.46401 -13.516 0
      vertex 8.25 -14.2894 0
    endloop
  endfacet
  facet normal -0.793347 0.60877 0
    outer loop
      vertex 12.6397 -10.606 0
      vertex 13.516 -9.46401 58
      vertex 13.516 -9.46401 0
    endloop
  endfacet
  facet normal -0.793347 0.60877 0
    outer loop
      vertex 13.516 -9.46401 58
      vertex 12.6397 -10.606 0
      vertex 12.6397 -10.606 58
    endloop
  endfacet
  facet normal 0.843394 -0.537295 0
    outer loop
      vertex -14.2894 8.25 58
      vertex -13.516 9.46401 0
      vertex -13.516 9.46401 58
    endloop
  endfacet
  facet normal 0.843394 -0.537295 0
    outer loop
      vertex -13.516 9.46401 0
      vertex -14.2894 8.25 58
      vertex -14.2894 8.25 0
    endloop
  endfacet
  facet normal 0.382654 0.923892 -0
    outer loop
      vertex -5.64333 -15.5049 0
      vertex -6.9732 -14.9541 58
      vertex -5.64333 -15.5049 58
    endloop
  endfacet
  facet normal 0.382654 0.923892 0
    outer loop
      vertex -6.9732 -14.9541 58
      vertex -5.64333 -15.5049 0
      vertex -6.9732 -14.9541 0
    endloop
  endfacet
  facet normal 0.976304 0.216405 0
    outer loop
      vertex -15.9378 -4.27051 58
      vertex -16.2493 -2.86519 0
      vertex -16.2493 -2.86519 58
    endloop
  endfacet
  facet normal 0.976304 0.216405 0
    outer loop
      vertex -16.2493 -2.86519 0
      vertex -15.9378 -4.27051 58
      vertex -15.9378 -4.27051 0
    endloop
  endfacet
  facet normal 0.0436281 0.999048 -0
    outer loop
      vertex 0 -16.5 0
      vertex -1.43807 -16.4372 58
      vertex 0 -16.5 58
    endloop
  endfacet
  facet normal 0.0436281 0.999048 0
    outer loop
      vertex -1.43807 -16.4372 58
      vertex 0 -16.5 0
      vertex -1.43807 -16.4372 0
    endloop
  endfacet
  facet normal 0.886999 0.46177 0
    outer loop
      vertex -14.2894 -8.25 58
      vertex -14.9541 -6.9732 0
      vertex -14.9541 -6.9732 58
    endloop
  endfacet
  facet normal 0.886999 0.46177 0
    outer loop
      vertex -14.9541 -6.9732 0
      vertex -14.2894 -8.25 58
      vertex -14.2894 -8.25 0
    endloop
  endfacet
  facet normal -0.737313 0.675552 0
    outer loop
      vertex 11.6673 -11.6673 0
      vertex 12.6397 -10.606 58
      vertex 12.6397 -10.606 0
    endloop
  endfacet
  facet normal -0.737313 0.675552 0
    outer loop
      vertex 12.6397 -10.606 58
      vertex 11.6673 -11.6673 0
      vertex 11.6673 -11.6673 58
    endloop
  endfacet
  facet normal 0.793347 -0.60877 0
    outer loop
      vertex -13.516 9.46401 58
      vertex -12.6397 10.606 0
      vertex -12.6397 10.606 58
    endloop
  endfacet
  facet normal 0.793347 -0.60877 0
    outer loop
      vertex -12.6397 10.606 0
      vertex -13.516 9.46401 58
      vertex -13.516 9.46401 0
    endloop
  endfacet
  facet normal -0.216405 0.976304 0
    outer loop
      vertex 4.27051 -15.9378 0
      vertex 2.86519 -16.2493 58
      vertex 4.27051 -15.9378 58
    endloop
  endfacet
  facet normal -0.216405 0.976304 0
    outer loop
      vertex 2.86519 -16.2493 58
      vertex 4.27051 -15.9378 0
      vertex 2.86519 -16.2493 0
    endloop
  endfacet
  facet normal 0.886999 -0.46177 0
    outer loop
      vertex -14.9541 6.9732 58
      vertex -14.2894 8.25 0
      vertex -14.2894 8.25 58
    endloop
  endfacet
  facet normal 0.886999 -0.46177 0
    outer loop
      vertex -14.2894 8.25 0
      vertex -14.9541 6.9732 58
      vertex -14.9541 6.9732 0
    endloop
  endfacet
  facet normal -0.60877 0.793347 0
    outer loop
      vertex 10.606 -12.6397 0
      vertex 9.46401 -13.516 58
      vertex 10.606 -12.6397 58
    endloop
  endfacet
  facet normal -0.60877 0.793347 0
    outer loop
      vertex 9.46401 -13.516 58
      vertex 10.606 -12.6397 0
      vertex 9.46401 -13.516 0
    endloop
  endfacet
  facet normal 0.0315208 -0.0314777 0.999007
    outer loop
      vertex 14.9455 15.4385 32.0152
      vertex 11.4787 11.84 32.0112
      vertex 14.9571 15.4279 32.0145
    endloop
  endfacet
  facet normal 0.0303441 -0.0303441 0.999079
    outer loop
      vertex 11.4787 11.84 32.0112
      vertex 14.9455 15.4385 32.0152
      vertex 11.41 11.903 32.0152
    endloop
  endfacet
  facet normal 0.0307695 -0.0307695 0.999053
    outer loop
      vertex 14.9571 15.4279 32.0145
      vertex 11.6673 11.6673 32
      vertex 15.2028 15.2028 32
    endloop
  endfacet
  facet normal 0.0309822 -0.0309555 0.99904
    outer loop
      vertex 11.6673 11.6673 32
      vertex 14.9571 15.4279 32.0145
      vertex 11.4787 11.84 32.0112
    endloop
  endfacet
  facet normal -0.521279 0.521283 0.675672
    outer loop
      vertex 13.4934 9.49343 33.1716
      vertex 17.1929 12.8778 33.4147
      vertex 17.0561 13.0561 33.1716
    endloop
  endfacet
  facet normal -0.521264 0.521259 0.675702
    outer loop
      vertex 17.1929 12.8778 33.4147
      vertex 13.516 9.46401 33.2117
      vertex 13.5893 9.34896 33.357
    endloop
  endfacet
  facet normal -0.521101 0.521066 0.675976
    outer loop
      vertex 17.1929 12.8778 33.4147
      vertex 13.4934 9.49343 33.1716
      vertex 13.516 9.46401 33.2117
    endloop
  endfacet
  facet normal -0.653266 0.653255 0.382756
    outer loop
      vertex 13.9343 8.80744 34.3095
      vertex 17.6118 12.3319 34.5708
      vertex 17.5453 12.4185 34.3095
    endloop
  endfacet
  facet normal -0.653265 0.653253 0.38276
    outer loop
      vertex 17.6118 12.3319 34.5708
      vertex 13.9343 8.80744 34.3095
      vertex 17.6257 12.31 34.6319
    endloop
  endfacet
  facet normal -0.653282 0.653278 0.382687
    outer loop
      vertex 17.6257 12.31 34.6319
      vertex 13.9343 8.80744 34.3095
      vertex 14.0078 8.69208 34.6319
    endloop
  endfacet
  facet normal 0.701055 -0.701067 0.130486
    outer loop
      vertex 8.49684 14.1322 35.6514
      vertex 12.1541 17.725 35.3054
      vertex 12.1148 17.7501 35.6514
    endloop
  endfacet
  facet normal 0.701052 -0.701056 0.130566
    outer loop
      vertex 12.1541 17.725 35.3054
      vertex 8.49684 14.1322 35.6514
      vertex 8.53618 14.1071 35.3054
    endloop
  endfacet
  facet normal -0.521344 0.521347 -0.675572
    outer loop
      vertex 13.5893 9.34896 38.643
      vertex 17.2008 12.8674 38.5712
      vertex 13.6255 9.29212 38.5712
    endloop
  endfacet
  facet normal -0.520979 0.520961 -0.676151
    outer loop
      vertex 17.2008 12.8674 38.5712
      vertex 13.5893 9.34896 38.643
      vertex 17.1929 12.8778 38.5853
    endloop
  endfacet
  facet normal -0.701063 0.701059 0.130486
    outer loop
      vertex 14.1071 8.53618 35.3054
      vertex 17.7501 12.1148 35.6514
      vertex 17.725 12.1541 35.3054
    endloop
  endfacet
  facet normal -0.701059 0.701048 0.130566
    outer loop
      vertex 17.7501 12.1148 35.6514
      vertex 14.1071 8.53618 35.3054
      vertex 14.1322 8.49684 35.6514
    endloop
  endfacet
  facet normal 0.212594 -0.212594 0.953734
    outer loop
      vertex 14.1932 16.1279 32.2412
      vertex 10.9032 12.3673 32.1363
      vertex 14.4388 15.9029 32.1363
    endloop
  endfacet
  facet normal 0.21255 -0.212556 0.953752
    outer loop
      vertex 10.9032 12.3673 32.1363
      vertex 14.1932 16.1279 32.2412
      vertex 10.6576 12.5924 32.2412
    endloop
  endfacet
  facet normal -0.627247 0.627237 0.461666
    outer loop
      vertex 17.4464 12.5474 34
      vertex 13.9343 8.80744 34.3095
      vertex 17.5453 12.4185 34.3095
    endloop
  endfacet
  facet normal -0.627186 0.627191 0.46181
    outer loop
      vertex 13.9343 8.80744 34.3095
      vertex 17.4464 12.5474 34
      vertex 13.8456 8.94663 34
    endloop
  endfacet
  facet normal 0.0307695 -0.0307695 -0.999053
    outer loop
      vertex 11.6673 11.6673 40
      vertex 14.9571 15.4279 39.9855
      vertex 15.2028 15.2028 40
    endloop
  endfacet
  facet normal 0.0309822 -0.0309555 -0.99904
    outer loop
      vertex 14.9571 15.4279 39.9855
      vertex 11.6673 11.6673 40
      vertex 11.4787 11.84 39.9888
    endloop
  endfacet
  facet normal -0.67438 0.674376 0.300714
    outer loop
      vertex 14.0078 8.69208 34.6319
      vertex 17.6835 12.2194 34.9647
      vertex 17.6257 12.31 34.6319
    endloop
  endfacet
  facet normal -0.674396 0.674401 0.300622
    outer loop
      vertex 17.6835 12.2194 34.9647
      vertex 14.0078 8.69208 34.6319
      vertex 14.0655 8.60143 34.9647
    endloop
  endfacet
  facet normal -0.596398 0.596403 0.537227
    outer loop
      vertex 17.3313 12.6974 33.7057
      vertex 13.8456 8.94663 34
      vertex 17.4464 12.5474 34
    endloop
  endfacet
  facet normal -0.596346 0.596363 0.537329
    outer loop
      vertex 13.8456 8.94663 34
      vertex 17.3313 12.6974 33.7057
      vertex 13.7424 9.1086 33.7057
    endloop
  endfacet
  facet normal -0.67438 0.674376 -0.300714
    outer loop
      vertex 17.6835 12.2194 37.0353
      vertex 14.0078 8.69208 37.3681
      vertex 17.6257 12.31 37.3681
    endloop
  endfacet
  facet normal -0.674396 0.674401 -0.300622
    outer loop
      vertex 14.0078 8.69208 37.3681
      vertex 17.6835 12.2194 37.0353
      vertex 14.0655 8.60143 37.0353
    endloop
  endfacet
  facet normal -0.379974 0.379968 -0.843353
    outer loop
      vertex 12.9848 10.1563 39.4641
      vertex 16.7281 13.4835 39.2766
      vertex 13.1655 9.92084 39.2766
    endloop
  endfacet
  facet normal -0.379951 0.37994 -0.843376
    outer loop
      vertex 16.7281 13.4835 39.2766
      vertex 12.9848 10.1563 39.4641
      vertex 16.5474 13.719 39.4641
    endloop
  endfacet
  facet normal -0.521264 0.521259 -0.675702
    outer loop
      vertex 13.516 9.46401 38.7883
      vertex 17.1929 12.8778 38.5853
      vertex 13.5893 9.34896 38.643
    endloop
  endfacet
  facet normal -0.521101 0.521066 -0.675976
    outer loop
      vertex 13.4934 9.49343 38.8284
      vertex 17.1929 12.8778 38.5853
      vertex 13.516 9.46401 38.7883
    endloop
  endfacet
  facet normal -0.521279 0.521283 -0.675672
    outer loop
      vertex 17.1929 12.8778 38.5853
      vertex 13.4934 9.49343 38.8284
      vertex 17.0561 13.0561 38.8284
    endloop
  endfacet
  facet normal 0.430429 -0.430437 -0.793382
    outer loop
      vertex 9.92084 13.1655 39.2766
      vertex 13.262 16.8981 39.0642
      vertex 13.4835 16.7281 39.2766
    endloop
  endfacet
  facet normal 0.430407 -0.430418 -0.793404
    outer loop
      vertex 13.262 16.8981 39.0642
      vertex 9.92084 13.1655 39.2766
      vertex 9.69931 13.3355 39.0642
    endloop
  endfacet
  facet normal -0.152992 0.152992 -0.976313
    outer loop
      vertex 12.137 11.1547 39.9392
      vertex 15.9029 14.4388 39.8637
      vertex 12.3673 10.9032 39.8637
    endloop
  endfacet
  facet normal -0.152992 0.152992 -0.976313
    outer loop
      vertex 15.9029 14.4388 39.8637
      vertex 12.137 11.1547 39.9392
      vertex 15.6725 14.6902 39.9392
    endloop
  endfacet
  facet normal 0.521283 -0.521279 0.675672
    outer loop
      vertex 12.8778 17.1929 33.4147
      vertex 9.49343 13.4934 33.1716
      vertex 13.0561 17.0561 33.1716
    endloop
  endfacet
  facet normal 0.521066 -0.521101 0.675976
    outer loop
      vertex 12.8778 17.1929 33.4147
      vertex 9.46401 13.516 33.2117
      vertex 9.49343 13.4934 33.1716
    endloop
  endfacet
  facet normal 0.521259 -0.521264 0.675702
    outer loop
      vertex 9.46401 13.516 33.2117
      vertex 12.8778 17.1929 33.4147
      vertex 9.34896 13.5893 33.357
    endloop
  endfacet
  facet normal 0.270665 -0.270672 0.923838
    outer loop
      vertex 13.9553 16.346 32.3748
      vertex 10.6576 12.5924 32.2412
      vertex 14.1932 16.1279 32.2412
    endloop
  endfacet
  facet normal 0.27087 -0.270849 0.923726
    outer loop
      vertex 13.9553 16.346 32.3748
      vertex 10.606 12.6397 32.2702
      vertex 10.6576 12.5924 32.2412
    endloop
  endfacet
  facet normal 0.27068 -0.27068 0.923831
    outer loop
      vertex 10.606 12.6397 32.2702
      vertex 13.9553 16.346 32.3748
      vertex 10.404 12.7947 32.3748
    endloop
  endfacet
  facet normal 0.520961 -0.520979 0.676151
    outer loop
      vertex 12.8674 17.2008 33.4288
      vertex 9.34896 13.5893 33.357
      vertex 12.8778 17.1929 33.4147
    endloop
  endfacet
  facet normal 0.521347 -0.521344 0.675572
    outer loop
      vertex 9.34896 13.5893 33.357
      vertex 12.8674 17.2008 33.4288
      vertex 9.29212 13.6255 33.4288
    endloop
  endfacet
  facet normal 0.653258 -0.653262 -0.382756
    outer loop
      vertex 8.69208 14.0078 37.3681
      vertex 12.3319 17.6118 37.4292
      vertex 12.4185 17.5453 37.6905
    endloop
  endfacet
  facet normal 0.653257 -0.653261 -0.38276
    outer loop
      vertex 12.3319 17.6118 37.4292
      vertex 8.69208 14.0078 37.3681
      vertex 12.31 17.6257 37.3681
    endloop
  endfacet
  facet normal 0.653275 -0.653286 -0.382687
    outer loop
      vertex 8.69208 14.0078 37.3681
      vertex 12.4185 17.5453 37.6905
      vertex 8.80744 13.9343 37.6905
    endloop
  endfacet
  facet normal -0.706435 0.706423 0.0437718
    outer loop
      vertex 14.1322 8.49684 35.6514
      vertex 17.7585 12.1016 36
      vertex 17.7501 12.1148 35.6514
    endloop
  endfacet
  facet normal -0.70643 0.706447 0.0434686
    outer loop
      vertex 17.7585 12.1016 36
      vertex 14.1322 8.49684 35.6514
      vertex 14.1405 8.48369 36
    endloop
  endfacet
  facet normal -0.0923953 0.0923953 -0.991426
    outer loop
      vertex 11.903 11.41 39.9848
      vertex 15.6725 14.6902 39.9392
      vertex 12.137 11.1547 39.9392
    endloop
  endfacet
  facet normal -0.0923953 0.0923953 -0.991426
    outer loop
      vertex 15.6725 14.6902 39.9392
      vertex 11.903 11.41 39.9848
      vertex 15.4385 14.9455 39.9848
    endloop
  endfacet
  facet normal 0.674381 -0.674375 0.300714
    outer loop
      vertex 8.60143 14.0655 34.9647
      vertex 12.31 17.6257 34.6319
      vertex 12.2194 17.6835 34.9647
    endloop
  endfacet
  facet normal 0.674397 -0.6744 0.300622
    outer loop
      vertex 12.31 17.6257 34.6319
      vertex 8.60143 14.0655 34.9647
      vertex 8.69208 14.0078 34.6319
    endloop
  endfacet
  facet normal -0.212556 0.21255 -0.953752
    outer loop
      vertex 12.3673 10.9032 39.8637
      vertex 16.1279 14.1932 39.7588
      vertex 12.5924 10.6576 39.7588
    endloop
  endfacet
  facet normal -0.212594 0.212594 -0.953734
    outer loop
      vertex 16.1279 14.1932 39.7588
      vertex 12.3673 10.9032 39.8637
      vertex 15.9029 14.4388 39.8637
    endloop
  endfacet
  facet normal -0.27068 0.27068 -0.923831
    outer loop
      vertex 12.6397 10.606 39.7298
      vertex 16.346 13.9553 39.6252
      vertex 12.7947 10.404 39.6252
    endloop
  endfacet
  facet normal -0.270849 0.27087 -0.923726
    outer loop
      vertex 12.5924 10.6576 39.7588
      vertex 16.346 13.9553 39.6252
      vertex 12.6397 10.606 39.7298
    endloop
  endfacet
  facet normal -0.270672 0.270665 -0.923838
    outer loop
      vertex 16.346 13.9553 39.6252
      vertex 12.5924 10.6576 39.7588
      vertex 16.1279 14.1932 39.7588
    endloop
  endfacet
  facet normal 0.477823 -0.477811 -0.737144
    outer loop
      vertex 9.64238 13.3791 38.999
      vertex 13.0561 17.0561 38.8284
      vertex 13.2512 16.9064 39.0519
    endloop
  endfacet
  facet normal 0.47776 -0.477756 -0.737221
    outer loop
      vertex 13.0561 17.0561 38.8284
      vertex 9.64238 13.3791 38.999
      vertex 9.49343 13.4934 38.8284
    endloop
  endfacet
  facet normal -0.0309555 0.0309822 -0.99904
    outer loop
      vertex 11.6673 11.6673 40
      vertex 15.4279 14.9571 39.9855
      vertex 11.84 11.4787 39.9888
    endloop
  endfacet
  facet normal -0.0307695 0.0307695 -0.999053
    outer loop
      vertex 15.4279 14.9571 39.9855
      vertex 11.6673 11.6673 40
      vertex 15.2028 15.2028 40
    endloop
  endfacet
  facet normal 0.152992 -0.152992 -0.976313
    outer loop
      vertex 11.1547 12.137 39.9392
      vertex 14.4388 15.9029 39.8637
      vertex 14.6902 15.6725 39.9392
    endloop
  endfacet
  facet normal 0.152992 -0.152992 -0.976313
    outer loop
      vertex 14.4388 15.9029 39.8637
      vertex 11.1547 12.137 39.9392
      vertex 10.9032 12.3673 39.8637
    endloop
  endfacet
  facet normal 0.706438 -0.70642 -0.043772
    outer loop
      vertex 12.1148 17.7501 36.3486
      vertex 8.48369 14.1405 36
      vertex 12.1016 17.7585 36
    endloop
  endfacet
  facet normal 0.706433 -0.706444 -0.0434684
    outer loop
      vertex 8.48369 14.1405 36
      vertex 12.1148 17.7501 36.3486
      vertex 8.49684 14.1322 36.3486
    endloop
  endfacet
  facet normal -0.430437 0.430429 0.793382
    outer loop
      vertex 13.1655 9.92084 32.7234
      vertex 16.8981 13.262 32.9358
      vertex 16.7281 13.4835 32.7234
    endloop
  endfacet
  facet normal -0.430418 0.430407 0.793404
    outer loop
      vertex 16.8981 13.262 32.9358
      vertex 13.1655 9.92084 32.7234
      vertex 13.3355 9.69931 32.9358
    endloop
  endfacet
  facet normal 0.596403 -0.596398 -0.537227
    outer loop
      vertex 12.6974 17.3313 38.2943
      vertex 8.94663 13.8456 38
      vertex 12.5474 17.4464 38
    endloop
  endfacet
  facet normal 0.596363 -0.596346 -0.537329
    outer loop
      vertex 8.94663 13.8456 38
      vertex 12.6974 17.3313 38.2943
      vertex 9.1086 13.7424 38.2943
    endloop
  endfacet
  facet normal -0.690348 0.690354 0.216406
    outer loop
      vertex 14.0655 8.60143 34.9647
      vertex 17.725 12.1541 35.3054
      vertex 17.6835 12.2194 34.9647
    endloop
  endfacet
  facet normal -0.690338 0.690334 0.216502
    outer loop
      vertex 17.725 12.1541 35.3054
      vertex 14.0655 8.60143 34.9647
      vertex 14.1071 8.53618 35.3054
    endloop
  endfacet
  facet normal 0.476113 -0.476125 0.739338
    outer loop
      vertex 13.2512 16.9064 32.9481
      vertex 9.69931 13.3355 32.9358
      vertex 13.262 16.8981 32.9358
    endloop
  endfacet
  facet normal 0.477965 -0.477959 0.736956
    outer loop
      vertex 9.69931 13.3355 32.9358
      vertex 13.2512 16.9064 32.9481
      vertex 9.64238 13.3791 33.001
    endloop
  endfacet
  facet normal 0.37994 -0.379951 -0.843376
    outer loop
      vertex 10.1563 12.9848 39.4641
      vertex 13.4835 16.7281 39.2766
      vertex 13.719 16.5474 39.4641
    endloop
  endfacet
  facet normal 0.379968 -0.379974 -0.843353
    outer loop
      vertex 13.4835 16.7281 39.2766
      vertex 10.1563 12.9848 39.4641
      vertex 9.92084 13.1655 39.2766
    endloop
  endfacet
  facet normal -0.0314777 0.0315208 0.999007
    outer loop
      vertex 11.84 11.4787 32.0112
      vertex 15.4385 14.9455 32.0152
      vertex 15.4279 14.9571 32.0145
    endloop
  endfacet
  facet normal -0.0303441 0.0303441 0.999079
    outer loop
      vertex 15.4385 14.9455 32.0152
      vertex 11.84 11.4787 32.0112
      vertex 11.903 11.41 32.0152
    endloop
  endfacet
  facet normal -0.0307695 0.0307695 0.999053
    outer loop
      vertex 11.6673 11.6673 32
      vertex 15.4279 14.9571 32.0145
      vertex 15.2028 15.2028 32
    endloop
  endfacet
  facet normal -0.0309555 0.0309822 0.99904
    outer loop
      vertex 15.4279 14.9571 32.0145
      vertex 11.6673 11.6673 32
      vertex 11.84 11.4787 32.0112
    endloop
  endfacet
  facet normal -0.596398 0.596403 -0.537227
    outer loop
      vertex 13.8456 8.94663 38
      vertex 17.3313 12.6974 38.2943
      vertex 17.4464 12.5474 38
    endloop
  endfacet
  facet normal -0.596346 0.596363 -0.537329
    outer loop
      vertex 17.3313 12.6974 38.2943
      vertex 13.8456 8.94663 38
      vertex 13.7424 9.1086 38.2943
    endloop
  endfacet
  facet normal 0.596403 -0.596398 0.537227
    outer loop
      vertex 8.94663 13.8456 34
      vertex 12.6974 17.3313 33.7057
      vertex 12.5474 17.4464 34
    endloop
  endfacet
  facet normal 0.596363 -0.596346 0.537329
    outer loop
      vertex 12.6974 17.3313 33.7057
      vertex 8.94663 13.8456 34
      vertex 9.1086 13.7424 33.7057
    endloop
  endfacet
  facet normal 0.653278 -0.653282 0.382687
    outer loop
      vertex 8.80744 13.9343 34.3095
      vertex 12.31 17.6257 34.6319
      vertex 8.69208 14.0078 34.6319
    endloop
  endfacet
  facet normal 0.653253 -0.653265 0.38276
    outer loop
      vertex 12.31 17.6257 34.6319
      vertex 8.80744 13.9343 34.3095
      vertex 12.3319 17.6118 34.5708
    endloop
  endfacet
  facet normal 0.653255 -0.653266 0.382756
    outer loop
      vertex 12.3319 17.6118 34.5708
      vertex 8.80744 13.9343 34.3095
      vertex 12.4185 17.5453 34.3095
    endloop
  endfacet
  facet normal 0.706438 -0.70642 0.043772
    outer loop
      vertex 8.48369 14.1405 36
      vertex 12.1148 17.7501 35.6514
      vertex 12.1016 17.7585 36
    endloop
  endfacet
  facet normal 0.706433 -0.706444 0.0434684
    outer loop
      vertex 12.1148 17.7501 35.6514
      vertex 8.48369 14.1405 36
      vertex 8.49684 14.1322 35.6514
    endloop
  endfacet
  facet normal 0.477823 -0.477811 0.737144
    outer loop
      vertex 13.0561 17.0561 33.1716
      vertex 9.64238 13.3791 33.001
      vertex 13.2512 16.9064 32.9481
    endloop
  endfacet
  facet normal 0.47776 -0.477756 0.737221
    outer loop
      vertex 9.64238 13.3791 33.001
      vertex 13.0561 17.0561 33.1716
      vertex 9.49343 13.4934 33.1716
    endloop
  endfacet
  facet normal -0.379951 0.37994 0.843376
    outer loop
      vertex 12.9848 10.1563 32.5359
      vertex 16.7281 13.4835 32.7234
      vertex 16.5474 13.719 32.5359
    endloop
  endfacet
  facet normal -0.379974 0.379968 0.843353
    outer loop
      vertex 16.7281 13.4835 32.7234
      vertex 12.9848 10.1563 32.5359
      vertex 13.1655 9.92084 32.7234
    endloop
  endfacet
  facet normal 0.0923953 -0.0923953 0.991426
    outer loop
      vertex 14.6902 15.6725 32.0608
      vertex 11.41 11.903 32.0152
      vertex 14.9455 15.4385 32.0152
    endloop
  endfacet
  facet normal 0.0923953 -0.0923953 0.991426
    outer loop
      vertex 11.41 11.903 32.0152
      vertex 14.6902 15.6725 32.0608
      vertex 11.1547 12.137 32.0608
    endloop
  endfacet
  facet normal -0.270672 0.270665 0.923838
    outer loop
      vertex 12.5924 10.6576 32.2412
      vertex 16.346 13.9553 32.3748
      vertex 16.1279 14.1932 32.2412
    endloop
  endfacet
  facet normal -0.27068 0.27068 0.923831
    outer loop
      vertex 16.346 13.9553 32.3748
      vertex 12.6397 10.606 32.2702
      vertex 12.7947 10.404 32.3748
    endloop
  endfacet
  facet normal -0.270849 0.27087 0.923726
    outer loop
      vertex 16.346 13.9553 32.3748
      vertex 12.5924 10.6576 32.2412
      vertex 12.6397 10.606 32.2702
    endloop
  endfacet
  facet normal -0.0923953 0.0923953 0.991426
    outer loop
      vertex 11.903 11.41 32.0152
      vertex 15.6725 14.6902 32.0608
      vertex 15.4385 14.9455 32.0152
    endloop
  endfacet
  facet normal -0.0923953 0.0923953 0.991426
    outer loop
      vertex 15.6725 14.6902 32.0608
      vertex 11.903 11.41 32.0152
      vertex 12.137 11.1547 32.0608
    endloop
  endfacet
  facet normal -0.477811 0.477823 0.737144
    outer loop
      vertex 13.3791 9.64238 33.001
      vertex 17.0561 13.0561 33.1716
      vertex 16.9064 13.2512 32.9481
    endloop
  endfacet
  facet normal -0.477756 0.47776 0.737221
    outer loop
      vertex 17.0561 13.0561 33.1716
      vertex 13.3791 9.64238 33.001
      vertex 13.4934 9.49343 33.1716
    endloop
  endfacet
  facet normal -0.476125 0.476113 0.739338
    outer loop
      vertex 13.3355 9.69931 32.9358
      vertex 16.9064 13.2512 32.9481
      vertex 16.8981 13.262 32.9358
    endloop
  endfacet
  facet normal -0.477959 0.477965 0.736956
    outer loop
      vertex 16.9064 13.2512 32.9481
      vertex 13.3355 9.69931 32.9358
      vertex 13.3791 9.64238 33.001
    endloop
  endfacet
  facet normal -0.0303441 0.0303441 -0.999079
    outer loop
      vertex 11.84 11.4787 39.9888
      vertex 15.4385 14.9455 39.9848
      vertex 11.903 11.41 39.9848
    endloop
  endfacet
  facet normal -0.0314777 0.0315208 -0.999007
    outer loop
      vertex 15.4385 14.9455 39.9848
      vertex 11.84 11.4787 39.9888
      vertex 15.4279 14.9571 39.9855
    endloop
  endfacet
  facet normal -0.318861 0.333169 -0.887314
    outer loop
      vertex 16.5474 13.719 39.4641
      vertex 16.346 13.9553 39.6252
      vertex 16.47 13.8199 39.5298
    endloop
  endfacet
  facet normal -0.326427 0.326418 -0.887072
    outer loop
      vertex 12.7947 10.404 39.6252
      vertex 16.5474 13.719 39.4641
      vertex 12.9848 10.1563 39.4641
    endloop
  endfacet
  facet normal -0.32648 0.32648 -0.887029
    outer loop
      vertex 16.5474 13.719 39.4641
      vertex 12.7947 10.404 39.6252
      vertex 16.346 13.9553 39.6252
    endloop
  endfacet
  facet normal 0.520961 -0.520979 -0.676151
    outer loop
      vertex 9.34896 13.5893 38.643
      vertex 12.8674 17.2008 38.5712
      vertex 12.8778 17.1929 38.5853
    endloop
  endfacet
  facet normal 0.521347 -0.521344 -0.675572
    outer loop
      vertex 12.8674 17.2008 38.5712
      vertex 9.34896 13.5893 38.643
      vertex 9.29212 13.6255 38.5712
    endloop
  endfacet
  facet normal -0.477756 0.47776 -0.737221
    outer loop
      vertex 13.3791 9.64238 38.999
      vertex 17.0561 13.0561 38.8284
      vertex 13.4934 9.49343 38.8284
    endloop
  endfacet
  facet normal -0.477811 0.477823 -0.737144
    outer loop
      vertex 17.0561 13.0561 38.8284
      vertex 13.3791 9.64238 38.999
      vertex 16.9064 13.2512 39.0519
    endloop
  endfacet
  facet normal 0.476113 -0.476125 -0.739338
    outer loop
      vertex 9.69931 13.3355 39.0642
      vertex 13.2512 16.9064 39.0519
      vertex 13.262 16.8981 39.0642
    endloop
  endfacet
  facet normal 0.477965 -0.477959 -0.736956
    outer loop
      vertex 13.2512 16.9064 39.0519
      vertex 9.69931 13.3355 39.0642
      vertex 9.64238 13.3791 38.999
    endloop
  endfacet
  facet normal 0.701055 -0.701067 -0.130486
    outer loop
      vertex 12.1541 17.725 36.6946
      vertex 8.49684 14.1322 36.3486
      vertex 12.1148 17.7501 36.3486
    endloop
  endfacet
  facet normal 0.701052 -0.701056 -0.130566
    outer loop
      vertex 8.49684 14.1322 36.3486
      vertex 12.1541 17.725 36.6946
      vertex 8.53618 14.1071 36.6946
    endloop
  endfacet
  facet normal 0.521283 -0.521279 -0.675672
    outer loop
      vertex 9.49343 13.4934 38.8284
      vertex 12.8778 17.1929 38.5853
      vertex 13.0561 17.0561 38.8284
    endloop
  endfacet
  facet normal 0.521066 -0.521101 -0.675976
    outer loop
      vertex 9.46401 13.516 38.7883
      vertex 12.8778 17.1929 38.5853
      vertex 9.49343 13.4934 38.8284
    endloop
  endfacet
  facet normal 0.521259 -0.521264 -0.675702
    outer loop
      vertex 12.8778 17.1929 38.5853
      vertex 9.46401 13.516 38.7883
      vertex 9.34896 13.5893 38.643
    endloop
  endfacet
  facet normal -0.520979 0.520961 0.676151
    outer loop
      vertex 13.5893 9.34896 33.357
      vertex 17.2008 12.8674 33.4288
      vertex 17.1929 12.8778 33.4147
    endloop
  endfacet
  facet normal -0.521344 0.521347 0.675572
    outer loop
      vertex 17.2008 12.8674 33.4288
      vertex 13.5893 9.34896 33.357
      vertex 13.6255 9.29212 33.4288
    endloop
  endfacet
  facet normal -0.152992 0.152992 0.976313
    outer loop
      vertex 12.137 11.1547 32.0608
      vertex 15.9029 14.4388 32.1363
      vertex 15.6725 14.6902 32.0608
    endloop
  endfacet
  facet normal -0.152992 0.152992 0.976313
    outer loop
      vertex 15.9029 14.4388 32.1363
      vertex 12.137 11.1547 32.0608
      vertex 12.3673 10.9032 32.1363
    endloop
  endfacet
  facet normal 0.560975 -0.560971 0.608785
    outer loop
      vertex 12.6974 17.3313 33.7057
      vertex 9.29212 13.6255 33.4288
      vertex 12.8674 17.2008 33.4288
    endloop
  endfacet
  facet normal 0.561036 -0.56102 0.608684
    outer loop
      vertex 9.29212 13.6255 33.4288
      vertex 12.6974 17.3313 33.7057
      vertex 9.1086 13.7424 33.7057
    endloop
  endfacet
  facet normal -0.430418 0.430407 -0.793404
    outer loop
      vertex 13.1655 9.92084 39.2766
      vertex 16.8981 13.262 39.0642
      vertex 13.3355 9.69931 39.0642
    endloop
  endfacet
  facet normal -0.430437 0.430429 -0.793382
    outer loop
      vertex 16.8981 13.262 39.0642
      vertex 13.1655 9.92084 39.2766
      vertex 16.7281 13.4835 39.2766
    endloop
  endfacet
  facet normal 0.430429 -0.430437 0.793382
    outer loop
      vertex 13.262 16.8981 32.9358
      vertex 9.92084 13.1655 32.7234
      vertex 13.4835 16.7281 32.7234
    endloop
  endfacet
  facet normal 0.430407 -0.430418 0.793404
    outer loop
      vertex 9.92084 13.1655 32.7234
      vertex 13.262 16.8981 32.9358
      vertex 9.69931 13.3355 32.9358
    endloop
  endfacet
  facet normal -0.653265 0.653253 -0.38276
    outer loop
      vertex 13.9343 8.80744 37.6905
      vertex 17.6118 12.3319 37.4292
      vertex 17.6257 12.31 37.3681
    endloop
  endfacet
  facet normal -0.653266 0.653255 -0.382756
    outer loop
      vertex 17.6118 12.3319 37.4292
      vertex 13.9343 8.80744 37.6905
      vertex 17.5453 12.4185 37.6905
    endloop
  endfacet
  facet normal -0.653282 0.653278 -0.382687
    outer loop
      vertex 13.9343 8.80744 37.6905
      vertex 17.6257 12.31 37.3681
      vertex 14.0078 8.69208 37.3681
    endloop
  endfacet
  facet normal -0.212594 0.212594 0.953734
    outer loop
      vertex 12.3673 10.9032 32.1363
      vertex 16.1279 14.1932 32.2412
      vertex 15.9029 14.4388 32.1363
    endloop
  endfacet
  facet normal -0.212556 0.21255 0.953752
    outer loop
      vertex 16.1279 14.1932 32.2412
      vertex 12.3673 10.9032 32.1363
      vertex 12.5924 10.6576 32.2412
    endloop
  endfacet
  facet normal 0.152992 -0.152992 0.976313
    outer loop
      vertex 14.4388 15.9029 32.1363
      vertex 11.1547 12.137 32.0608
      vertex 14.6902 15.6725 32.0608
    endloop
  endfacet
  facet normal 0.152992 -0.152992 0.976313
    outer loop
      vertex 11.1547 12.137 32.0608
      vertex 14.4388 15.9029 32.1363
      vertex 10.9032 12.3673 32.1363
    endloop
  endfacet
  facet normal -0.318861 0.333169 0.887314
    outer loop
      vertex 16.346 13.9553 32.3748
      vertex 16.5474 13.719 32.5359
      vertex 16.47 13.8199 32.4702
    endloop
  endfacet
  facet normal -0.32648 0.32648 0.887029
    outer loop
      vertex 12.7947 10.404 32.3748
      vertex 16.5474 13.719 32.5359
      vertex 16.346 13.9553 32.3748
    endloop
  endfacet
  facet normal -0.326427 0.326418 0.887072
    outer loop
      vertex 16.5474 13.719 32.5359
      vertex 12.7947 10.404 32.3748
      vertex 12.9848 10.1563 32.5359
    endloop
  endfacet
  facet normal -0.560971 0.560975 0.608785
    outer loop
      vertex 13.6255 9.29212 33.4288
      vertex 17.3313 12.6974 33.7057
      vertex 17.2008 12.8674 33.4288
    endloop
  endfacet
  facet normal -0.56102 0.561036 0.608684
    outer loop
      vertex 17.3313 12.6974 33.7057
      vertex 13.6255 9.29212 33.4288
      vertex 13.7424 9.1086 33.7057
    endloop
  endfacet
  facet normal 0.690349 -0.690353 -0.216406
    outer loop
      vertex 12.2194 17.6835 37.0353
      vertex 8.53618 14.1071 36.6946
      vertex 12.1541 17.725 36.6946
    endloop
  endfacet
  facet normal 0.690339 -0.690333 -0.216503
    outer loop
      vertex 8.53618 14.1071 36.6946
      vertex 12.2194 17.6835 37.0353
      vertex 8.60143 14.0655 37.0353
    endloop
  endfacet
  facet normal 0.0315208 -0.0314777 -0.999007
    outer loop
      vertex 11.4787 11.84 39.9888
      vertex 14.9455 15.4385 39.9848
      vertex 14.9571 15.4279 39.9855
    endloop
  endfacet
  facet normal 0.0303441 -0.0303441 -0.999079
    outer loop
      vertex 14.9455 15.4385 39.9848
      vertex 11.4787 11.84 39.9888
      vertex 11.41 11.903 39.9848
    endloop
  endfacet
  facet normal 0.0923953 -0.0923953 -0.991426
    outer loop
      vertex 11.41 11.903 39.9848
      vertex 14.6902 15.6725 39.9392
      vertex 14.9455 15.4385 39.9848
    endloop
  endfacet
  facet normal 0.0923953 -0.0923953 -0.991426
    outer loop
      vertex 14.6902 15.6725 39.9392
      vertex 11.41 11.903 39.9848
      vertex 11.1547 12.137 39.9392
    endloop
  endfacet
  facet normal 0.627237 -0.627247 -0.461666
    outer loop
      vertex 12.5474 17.4464 38
      vertex 8.80744 13.9343 37.6905
      vertex 12.4185 17.5453 37.6905
    endloop
  endfacet
  facet normal 0.627191 -0.627186 -0.46181
    outer loop
      vertex 8.80744 13.9343 37.6905
      vertex 12.5474 17.4464 38
      vertex 8.94663 13.8456 38
    endloop
  endfacet
  facet normal 0.674381 -0.674375 -0.300714
    outer loop
      vertex 12.31 17.6257 37.3681
      vertex 8.60143 14.0655 37.0353
      vertex 12.2194 17.6835 37.0353
    endloop
  endfacet
  facet normal 0.674397 -0.6744 -0.300622
    outer loop
      vertex 8.60143 14.0655 37.0353
      vertex 12.31 17.6257 37.3681
      vertex 8.69208 14.0078 37.3681
    endloop
  endfacet
  facet normal 0.333169 -0.318861 -0.887314
    outer loop
      vertex 13.9553 16.346 39.6252
      vertex 13.719 16.5474 39.4641
      vertex 13.8199 16.47 39.5298
    endloop
  endfacet
  facet normal 0.32648 -0.32648 -0.887029
    outer loop
      vertex 10.404 12.7947 39.6252
      vertex 13.719 16.5474 39.4641
      vertex 13.9553 16.346 39.6252
    endloop
  endfacet
  facet normal 0.326418 -0.326427 -0.887072
    outer loop
      vertex 13.719 16.5474 39.4641
      vertex 10.404 12.7947 39.6252
      vertex 10.1563 12.9848 39.4641
    endloop
  endfacet
  facet normal -0.701063 0.701059 -0.130486
    outer loop
      vertex 17.7501 12.1148 36.3486
      vertex 14.1071 8.53618 36.6946
      vertex 17.725 12.1541 36.6946
    endloop
  endfacet
  facet normal -0.701059 0.701048 -0.130566
    outer loop
      vertex 14.1071 8.53618 36.6946
      vertex 17.7501 12.1148 36.3486
      vertex 14.1322 8.49684 36.3486
    endloop
  endfacet
  facet normal -0.477959 0.477965 -0.736956
    outer loop
      vertex 13.3355 9.69931 39.0642
      vertex 16.9064 13.2512 39.0519
      vertex 13.3791 9.64238 38.999
    endloop
  endfacet
  facet normal -0.476125 0.476113 -0.739338
    outer loop
      vertex 16.9064 13.2512 39.0519
      vertex 13.3355 9.69931 39.0642
      vertex 16.8981 13.262 39.0642
    endloop
  endfacet
  facet normal -0.690348 0.690354 -0.216406
    outer loop
      vertex 17.725 12.1541 36.6946
      vertex 14.0655 8.60143 37.0353
      vertex 17.6835 12.2194 37.0353
    endloop
  endfacet
  facet normal -0.690338 0.690334 -0.216502
    outer loop
      vertex 14.0655 8.60143 37.0353
      vertex 17.725 12.1541 36.6946
      vertex 14.1071 8.53618 36.6946
    endloop
  endfacet
  facet normal 0.270665 -0.270672 -0.923838
    outer loop
      vertex 10.6576 12.5924 39.7588
      vertex 13.9553 16.346 39.6252
      vertex 14.1932 16.1279 39.7588
    endloop
  endfacet
  facet normal 0.27087 -0.270849 -0.923726
    outer loop
      vertex 10.606 12.6397 39.7298
      vertex 13.9553 16.346 39.6252
      vertex 10.6576 12.5924 39.7588
    endloop
  endfacet
  facet normal 0.27068 -0.27068 -0.923831
    outer loop
      vertex 13.9553 16.346 39.6252
      vertex 10.606 12.6397 39.7298
      vertex 10.404 12.7947 39.6252
    endloop
  endfacet
  facet normal 0.37994 -0.379951 0.843376
    outer loop
      vertex 13.4835 16.7281 32.7234
      vertex 10.1563 12.9848 32.5359
      vertex 13.719 16.5474 32.5359
    endloop
  endfacet
  facet normal 0.379968 -0.379974 0.843353
    outer loop
      vertex 10.1563 12.9848 32.5359
      vertex 13.4835 16.7281 32.7234
      vertex 9.92084 13.1655 32.7234
    endloop
  endfacet
  facet normal 0.560975 -0.560971 -0.608785
    outer loop
      vertex 9.29212 13.6255 38.5712
      vertex 12.6974 17.3313 38.2943
      vertex 12.8674 17.2008 38.5712
    endloop
  endfacet
  facet normal 0.561036 -0.56102 -0.608684
    outer loop
      vertex 12.6974 17.3313 38.2943
      vertex 9.29212 13.6255 38.5712
      vertex 9.1086 13.7424 38.2943
    endloop
  endfacet
  facet normal 0.627237 -0.627247 0.461666
    outer loop
      vertex 8.80744 13.9343 34.3095
      vertex 12.5474 17.4464 34
      vertex 12.4185 17.5453 34.3095
    endloop
  endfacet
  facet normal 0.627191 -0.627186 0.46181
    outer loop
      vertex 12.5474 17.4464 34
      vertex 8.80744 13.9343 34.3095
      vertex 8.94663 13.8456 34
    endloop
  endfacet
  facet normal 0.333169 -0.318861 0.887314
    outer loop
      vertex 13.719 16.5474 32.5359
      vertex 13.9553 16.346 32.3748
      vertex 13.8199 16.47 32.4702
    endloop
  endfacet
  facet normal 0.32648 -0.32648 0.887029
    outer loop
      vertex 13.719 16.5474 32.5359
      vertex 10.404 12.7947 32.3748
      vertex 13.9553 16.346 32.3748
    endloop
  endfacet
  facet normal 0.326418 -0.326427 0.887072
    outer loop
      vertex 10.404 12.7947 32.3748
      vertex 13.719 16.5474 32.5359
      vertex 10.1563 12.9848 32.5359
    endloop
  endfacet
  facet normal 0.690349 -0.690353 0.216406
    outer loop
      vertex 8.53618 14.1071 35.3054
      vertex 12.2194 17.6835 34.9647
      vertex 12.1541 17.725 35.3054
    endloop
  endfacet
  facet normal 0.690339 -0.690333 0.216503
    outer loop
      vertex 12.2194 17.6835 34.9647
      vertex 8.53618 14.1071 35.3054
      vertex 8.60143 14.0655 34.9647
    endloop
  endfacet
  facet normal 0.212594 -0.212594 -0.953734
    outer loop
      vertex 10.9032 12.3673 39.8637
      vertex 14.1932 16.1279 39.7588
      vertex 14.4388 15.9029 39.8637
    endloop
  endfacet
  facet normal 0.21255 -0.212556 -0.953752
    outer loop
      vertex 14.1932 16.1279 39.7588
      vertex 10.9032 12.3673 39.8637
      vertex 10.6576 12.5924 39.7588
    endloop
  endfacet
  facet normal -0.706435 0.706423 -0.0437718
    outer loop
      vertex 17.7585 12.1016 36
      vertex 14.1322 8.49684 36.3486
      vertex 17.7501 12.1148 36.3486
    endloop
  endfacet
  facet normal -0.70643 0.706447 -0.0434686
    outer loop
      vertex 14.1322 8.49684 36.3486
      vertex 17.7585 12.1016 36
      vertex 14.1405 8.48369 36
    endloop
  endfacet
  facet normal -0.627247 0.627237 -0.461666
    outer loop
      vertex 13.9343 8.80744 37.6905
      vertex 17.4464 12.5474 38
      vertex 17.5453 12.4185 37.6905
    endloop
  endfacet
  facet normal -0.627186 0.627191 -0.46181
    outer loop
      vertex 17.4464 12.5474 38
      vertex 13.9343 8.80744 37.6905
      vertex 13.8456 8.94663 38
    endloop
  endfacet
  facet normal -0.56102 0.561036 -0.608684
    outer loop
      vertex 13.6255 9.29212 38.5712
      vertex 17.3313 12.6974 38.2943
      vertex 13.7424 9.1086 38.2943
    endloop
  endfacet
  facet normal -0.560971 0.560975 -0.608785
    outer loop
      vertex 17.3313 12.6974 38.2943
      vertex 13.6255 9.29212 38.5712
      vertex 17.2008 12.8674 38.5712
    endloop
  endfacet
  facet normal 0.326289 -0.326314 -0.887161
    outer loop
      vertex -15.9467 -14.391 30.9053
      vertex -12.3954 -10.8726 30.9173
      vertex -15.8487 -14.498 30.9807
    endloop
  endfacet
  facet normal 0.324933 -0.324942 -0.888162
    outer loop
      vertex -12.3954 -10.8726 30.9173
      vertex -15.9467 -14.391 30.9053
      vertex -12.4111 -10.8555 30.9053
    endloop
  endfacet
  facet normal 0.674063 -0.674004 -0.302255
    outer loop
      vertex -13.0261 -10.1025 29.7524
      vertex -16.6186 -13.6263 29.5985
      vertex -13.0304 -10.0968 29.7301
    endloop
  endfacet
  facet normal 0.674391 -0.67441 -0.300611
    outer loop
      vertex -16.6186 -13.6263 29.5985
      vertex -13.0261 -10.1025 29.7524
      vertex -16.5888 -13.6651 29.7524
    endloop
  endfacet
  facet normal 0.654193 -0.654048 0.379806
    outer loop
      vertex -16.5437 -13.7239 28.0702
      vertex -13.0206 -10.1096 28.2259
      vertex -16.5507 -13.7147 28.0981
    endloop
  endfacet
  facet normal 0.653289 -0.653289 0.382659
    outer loop
      vertex -13.0206 -10.1096 28.2259
      vertex -16.5437 -13.7239 28.0702
      vertex -12.981 -10.1612 28.0702
    endloop
  endfacet
  facet normal 0.70083 -0.70085 -0.132839
    outer loop
      vertex -13.1024 -10.003 29.1917
      vertex -16.6626 -13.5689 29.2223
      vertex -16.6651 -13.5656 29.1917
    endloop
  endfacet
  facet normal 0.701092 -0.701088 -0.130173
    outer loop
      vertex -16.6626 -13.5689 29.2223
      vertex -13.1024 -10.003 29.1917
      vertex -13.0889 -10.0206 29.3592
    endloop
  endfacet
  facet normal -0.212484 0.212466 -0.953787
    outer loop
      vertex -14.7628 -15.606 31.1166
      vertex -11.2471 -12.0523 31.125
      vertex -11.1307 -12.159 31.0753
    endloop
  endfacet
  facet normal -0.210983 0.210983 -0.954449
    outer loop
      vertex -11.2471 -12.0523 31.125
      vertex -14.7628 -15.606 31.1166
      vertex -14.7826 -15.5878 31.125
    endloop
  endfacet
  facet normal -0.706434 0.706414 -0.0439423
    outer loop
      vertex -9.9971 -13.107 29.0229
      vertex -13.5656 -16.6651 29.1917
      vertex -10.003 -13.1024 29.1917
    endloop
  endfacet
  facet normal -0.70645 0.70655 -0.0414231
    outer loop
      vertex -13.5656 -16.6651 29.1917
      vertex -9.9971 -13.107 29.0229
      vertex -13.5646 -16.6659 29.161
    endloop
  endfacet
  facet normal -0.212484 0.212466 0.953787
    outer loop
      vertex -11.2471 -12.0523 26.875
      vertex -14.7628 -15.606 26.8834
      vertex -11.1307 -12.159 26.9247
    endloop
  endfacet
  facet normal -0.210983 0.210983 0.954449
    outer loop
      vertex -14.7628 -15.606 26.8834
      vertex -11.2471 -12.0523 26.875
      vertex -14.7826 -15.5878 26.875
    endloop
  endfacet
  facet normal 0.521259 -0.521259 -0.675706
    outer loop
      vertex -16.2682 -14.0402 30.534
      vertex -12.7119 -10.5119 30.5556
      vertex -16.2548 -14.0548 30.5556
    endloop
  endfacet
  facet normal 0.521221 -0.52122 -0.675766
    outer loop
      vertex -12.7119 -10.5119 30.5556
      vertex -16.2682 -14.0402 30.534
      vertex -12.7812 -10.4216 30.4325
    endloop
  endfacet
  facet normal -0.700861 0.700943 -0.132187
    outer loop
      vertex -13.5689 -16.6626 29.2223
      vertex -10.023 -13.087 29.382
      vertex -10.0206 -13.0889 29.3592
    endloop
  endfacet
  facet normal -0.701071 0.701071 -0.130381
    outer loop
      vertex -10.023 -13.087 29.382
      vertex -13.5689 -16.6626 29.2223
      vertex -13.5857 -16.6497 29.382
    endloop
  endfacet
  facet normal -0.690273 0.690253 0.216964
    outer loop
      vertex -10.0563 -13.0615 28.4306
      vertex -13.6136 -16.6283 28.4605
      vertex -10.027 -13.084 28.5954
    endloop
  endfacet
  facet normal -0.690267 0.690247 0.217004
    outer loop
      vertex -13.6136 -16.6283 28.4605
      vertex -10.0563 -13.0615 28.4306
      vertex -13.6189 -16.6242 28.4306
    endloop
  endfacet
  facet normal 0.521221 -0.52122 0.675766
    outer loop
      vertex -16.2682 -14.0402 27.466
      vertex -12.7119 -10.5119 27.4444
      vertex -12.7812 -10.4216 27.5675
    endloop
  endfacet
  facet normal 0.521259 -0.521259 0.675706
    outer loop
      vertex -12.7119 -10.5119 27.4444
      vertex -16.2682 -14.0402 27.466
      vertex -16.2548 -14.0548 27.4444
    endloop
  endfacet
  facet normal -0.674437 0.674418 0.300492
    outer loop
      vertex -10.0968 -13.0304 28.2699
      vertex -13.6189 -16.6242 28.4306
      vertex -10.0563 -13.0615 28.4306
    endloop
  endfacet
  facet normal -0.674257 0.674274 0.301218
    outer loop
      vertex -13.6189 -16.6242 28.4306
      vertex -10.0968 -13.0304 28.2699
      vertex -13.6263 -16.6186 28.4015
    endloop
  endfacet
  facet normal -0.324942 0.324933 -0.888162
    outer loop
      vertex -14.391 -15.9467 30.9053
      vertex -10.8726 -12.3954 30.9173
      vertex -10.8555 -12.4111 30.9053
    endloop
  endfacet
  facet normal -0.326314 0.326289 -0.887161
    outer loop
      vertex -10.8726 -12.3954 30.9173
      vertex -14.391 -15.9467 30.9053
      vertex -14.498 -15.8487 30.9807
    endloop
  endfacet
  facet normal 0.47782 -0.477816 -0.737143
    outer loop
      vertex -16.2548 -14.0548 30.5556
      vertex -12.7004 -10.5269 30.5728
      vertex -16.1736 -14.1433 30.6656
    endloop
  endfacet
  facet normal 0.47816 -0.47816 -0.7367
    outer loop
      vertex -12.7004 -10.5269 30.5728
      vertex -16.2548 -14.0548 30.5556
      vertex -12.7119 -10.5119 30.5556
    endloop
  endfacet
  facet normal -0.213077 0.213077 0.953518
    outer loop
      vertex -11.1307 -12.159 26.9247
      vertex -14.6475 -15.7116 26.9327
      vertex -11.112 -12.1761 26.9327
    endloop
  endfacet
  facet normal -0.212828 0.21283 0.953629
    outer loop
      vertex -14.6475 -15.7116 26.9327
      vertex -11.1307 -12.159 26.9247
      vertex -14.7628 -15.606 26.8834
    endloop
  endfacet
  facet normal 0.430236 -0.430224 -0.793602
    outer loop
      vertex -16.1435 -14.1762 30.703
      vertex -12.5206 -10.736 30.8021
      vertex -16.0561 -14.2716 30.8021
    endloop
  endfacet
  facet normal 0.42988 -0.429837 -0.794005
    outer loop
      vertex -12.5206 -10.736 30.8021
      vertex -16.1435 -14.1762 30.703
      vertex -12.5345 -10.7209 30.7864
    endloop
  endfacet
  facet normal -0.706431 0.706463 0.0431888
    outer loop
      vertex -13.5646 -16.6659 28.839
      vertex -9.9963 -13.1076 29
      vertex -9.9971 -13.107 28.9771
    endloop
  endfacet
  facet normal -0.706426 0.706426 0.0438774
    outer loop
      vertex -9.9963 -13.1076 29
      vertex -13.5646 -16.6659 28.839
      vertex -13.5589 -16.6702 29
    endloop
  endfacet
  facet normal 0.70083 -0.70085 0.132839
    outer loop
      vertex -16.6626 -13.5689 28.7777
      vertex -13.1024 -10.003 28.8083
      vertex -16.6651 -13.5656 28.8083
    endloop
  endfacet
  facet normal 0.701092 -0.701088 0.130173
    outer loop
      vertex -13.1024 -10.003 28.8083
      vertex -16.6626 -13.5689 28.7777
      vertex -13.0889 -10.0206 28.6408
    endloop
  endfacet
  facet normal 0.47774 -0.477754 -0.737235
    outer loop
      vertex -16.1736 -14.1433 30.6656
      vertex -12.6235 -10.6237 30.6853
      vertex -16.1591 -14.1592 30.6853
    endloop
  endfacet
  facet normal 0.47694 -0.476941 -0.738278
    outer loop
      vertex -12.6235 -10.6237 30.6853
      vertex -16.1736 -14.1433 30.6656
      vertex -12.6397 -10.606 30.6634
    endloop
  endfacet
  facet normal 0.477765 -0.477764 -0.737213
    outer loop
      vertex -12.6397 -10.606 30.6634
      vertex -16.1736 -14.1433 30.6656
      vertex -12.7004 -10.5269 30.5728
    endloop
  endfacet
  facet normal -0.52122 0.521221 0.675766
    outer loop
      vertex -10.5119 -12.7119 27.4444
      vertex -14.0402 -16.2682 27.466
      vertex -10.4216 -12.7812 27.5675
    endloop
  endfacet
  facet normal -0.521259 0.521259 0.675706
    outer loop
      vertex -14.0402 -16.2682 27.466
      vertex -10.5119 -12.7119 27.4444
      vertex -14.0548 -16.2548 27.4444
    endloop
  endfacet
  facet normal 0.430644 -0.430656 0.793146
    outer loop
      vertex -16.1591 -14.1592 27.3147
      vertex -12.5345 -10.7209 27.2136
      vertex -12.6235 -10.6237 27.3147
    endloop
  endfacet
  facet normal 0.430635 -0.430646 0.793157
    outer loop
      vertex -12.5345 -10.7209 27.2136
      vertex -16.1591 -14.1592 27.3147
      vertex -16.1435 -14.1762 27.297
    endloop
  endfacet
  facet normal 0.269844 -0.269798 0.924334
    outer loop
      vertex -15.8137 -14.5361 26.9952
      vertex -12.1761 -11.112 26.9327
      vertex -12.1926 -11.0939 26.9428
    endloop
  endfacet
  facet normal 0.270477 -0.270477 0.92395
    outer loop
      vertex -12.1761 -11.112 26.9327
      vertex -15.8137 -14.5361 26.9952
      vertex -15.7116 -14.6475 26.9327
    endloop
  endfacet
  facet normal -0.522783 0.522768 -0.673359
    outer loop
      vertex -13.9591 -16.3425 30.4141
      vertex -10.4216 -12.7812 30.4325
      vertex -10.4082 -12.7915 30.4141
    endloop
  endfacet
  facet normal -0.521295 0.521302 -0.675645
    outer loop
      vertex -10.4216 -12.7812 30.4325
      vertex -13.9591 -16.3425 30.4141
      vertex -14.0402 -16.2682 30.534
    endloop
  endfacet
  facet normal -0.653289 0.653289 0.382659
    outer loop
      vertex -13.7239 -16.5437 28.0702
      vertex -10.1096 -13.0206 28.2259
      vertex -10.1612 -12.981 28.0702
    endloop
  endfacet
  facet normal -0.654048 0.654193 0.379806
    outer loop
      vertex -10.1096 -13.0206 28.2259
      vertex -13.7239 -16.5437 28.0702
      vertex -13.7147 -16.5507 28.0981
    endloop
  endfacet
  facet normal -0.701088 0.701092 -0.130173
    outer loop
      vertex -10.003 -13.1024 29.1917
      vertex -13.5689 -16.6626 29.2223
      vertex -10.0206 -13.0889 29.3592
    endloop
  endfacet
  facet normal -0.70085 0.70083 -0.132839
    outer loop
      vertex -13.5689 -16.6626 29.2223
      vertex -10.003 -13.1024 29.1917
      vertex -13.5656 -16.6651 29.1917
    endloop
  endfacet
  facet normal -0.324942 0.324933 0.888162
    outer loop
      vertex -10.8726 -12.3954 27.0827
      vertex -14.391 -15.9467 27.0947
      vertex -10.8555 -12.4111 27.0947
    endloop
  endfacet
  facet normal -0.326314 0.326289 0.887161
    outer loop
      vertex -14.391 -15.9467 27.0947
      vertex -10.8726 -12.3954 27.0827
      vertex -14.498 -15.8487 27.0193
    endloop
  endfacet
  facet normal -0.153436 0.153436 0.976173
    outer loop
      vertex -11.2663 -12.0346 26.8692
      vertex -14.7826 -15.5878 26.875
      vertex -11.2471 -12.0523 26.875
    endloop
  endfacet
  facet normal -0.153082 0.153085 0.976284
    outer loop
      vertex -14.7826 -15.5878 26.875
      vertex -11.2663 -12.0346 26.8692
      vertex -14.9008 -15.4796 26.8395
    endloop
  endfacet
  facet normal -0.674437 0.674418 -0.300492
    outer loop
      vertex -13.6189 -16.6242 29.5694
      vertex -10.0968 -13.0304 29.7301
      vertex -10.0563 -13.0615 29.5694
    endloop
  endfacet
  facet normal -0.674257 0.674274 -0.301218
    outer loop
      vertex -10.0968 -13.0304 29.7301
      vertex -13.6189 -16.6242 29.5694
      vertex -13.6263 -16.6186 29.5985
    endloop
  endfacet
  facet normal 0.70655 -0.70645 0.0414231
    outer loop
      vertex -16.6651 -13.5656 28.8083
      vertex -13.107 -9.9971 28.9771
      vertex -16.6659 -13.5646 28.839
    endloop
  endfacet
  facet normal 0.706414 -0.706434 0.0439423
    outer loop
      vertex -13.107 -9.9971 28.9771
      vertex -16.6651 -13.5656 28.8083
      vertex -13.1024 -10.003 28.8083
    endloop
  endfacet
  facet normal -0.091064 0.091135 0.991666
    outer loop
      vertex -11.5258 -11.7969 26.8084
      vertex -14.9412 -15.4425 26.8298
      vertex -11.5059 -11.8151 26.8119
    endloop
  endfacet
  facet normal -0.0922101 0.0922075 0.991461
    outer loop
      vertex -14.9412 -15.4425 26.8298
      vertex -11.5258 -11.7969 26.8084
      vertex -15.0613 -15.3325 26.8084
    endloop
  endfacet
  facet normal -0.326749 0.326751 0.886831
    outer loop
      vertex -10.9811 -12.296 27.0061
      vertex -14.498 -15.8487 27.0193
      vertex -10.8726 -12.3954 27.0827
    endloop
  endfacet
  facet normal -0.326216 0.326225 0.887221
    outer loop
      vertex -14.498 -15.8487 27.0193
      vertex -10.9811 -12.296 27.0061
      vertex -14.5167 -15.8315 27.0061
    endloop
  endfacet
  facet normal -0.654128 0.65411 0.379812
    outer loop
      vertex -10.1096 -13.0206 28.2259
      vertex -13.6651 -16.5888 28.2476
      vertex -10.1025 -13.0261 28.2476
    endloop
  endfacet
  facet normal -0.653142 0.653148 0.383149
    outer loop
      vertex -13.6651 -16.5888 28.2476
      vertex -10.1096 -13.0206 28.2259
      vertex -13.7147 -16.5507 28.0981
    endloop
  endfacet
  facet normal 0.560812 -0.560812 0.609081
    outer loop
      vertex -16.4215 -13.8729 27.7381
      vertex -12.7915 -10.4082 27.5859
      vertex -12.8633 -10.3147 27.7381
    endloop
  endfacet
  facet normal 0.56093 -0.560945 0.60885
    outer loop
      vertex -12.7915 -10.4082 27.5859
      vertex -16.4215 -13.8729 27.7381
      vertex -16.3425 -13.9591 27.5859
    endloop
  endfacet
  facet normal -0.700861 0.700943 0.132187
    outer loop
      vertex -10.023 -13.087 28.618
      vertex -13.5689 -16.6626 28.7777
      vertex -10.0206 -13.0889 28.6408
    endloop
  endfacet
  facet normal -0.701071 0.701071 0.130381
    outer loop
      vertex -13.5689 -16.6626 28.7777
      vertex -10.023 -13.087 28.618
      vertex -13.5857 -16.6497 28.618
    endloop
  endfacet
  facet normal -0.706431 0.706463 -0.0431888
    outer loop
      vertex -9.9963 -13.1076 29
      vertex -13.5646 -16.6659 29.161
      vertex -9.9971 -13.107 29.0229
    endloop
  endfacet
  facet normal -0.706426 0.706426 -0.0438774
    outer loop
      vertex -13.5646 -16.6659 29.161
      vertex -9.9963 -13.1076 29
      vertex -13.5589 -16.6702 29
    endloop
  endfacet
  facet normal -0.477764 0.477765 0.737213
    outer loop
      vertex -10.606 -12.6397 27.3366
      vertex -14.1433 -16.1736 27.3344
      vertex -10.5269 -12.7004 27.4272
    endloop
  endfacet
  facet normal -0.476941 0.47694 0.738278
    outer loop
      vertex -10.6237 -12.6235 27.3147
      vertex -14.1433 -16.1736 27.3344
      vertex -10.606 -12.6397 27.3366
    endloop
  endfacet
  facet normal -0.477754 0.47774 0.737235
    outer loop
      vertex -14.1433 -16.1736 27.3344
      vertex -10.6237 -12.6235 27.3147
      vertex -14.1592 -16.1591 27.3147
    endloop
  endfacet
  facet normal 0.380041 -0.38003 0.843295
    outer loop
      vertex -16.0561 -14.2716 27.1979
      vertex -12.4111 -10.8555 27.0947
      vertex -12.5206 -10.736 27.1979
    endloop
  endfacet
  facet normal 0.380266 -0.380277 0.843082
    outer loop
      vertex -12.4111 -10.8555 27.0947
      vertex -16.0561 -14.2716 27.1979
      vertex -15.9467 -14.391 27.0947
    endloop
  endfacet
  facet normal -0.0922372 0.0922398 -0.991456
    outer loop
      vertex -14.9209 -15.4611 31.1666
      vertex -11.5059 -11.8151 31.1881
      vertex -11.3853 -11.9256 31.1666
    endloop
  endfacet
  facet normal -0.091746 0.0917803 -0.991544
    outer loop
      vertex -11.5059 -11.8151 31.1881
      vertex -14.9209 -15.4611 31.1666
      vertex -14.9412 -15.4425 31.1702
    endloop
  endfacet
  facet normal 0.47694 -0.476941 0.738278
    outer loop
      vertex -16.1736 -14.1433 27.3344
      vertex -12.6235 -10.6237 27.3147
      vertex -12.6397 -10.606 27.3366
    endloop
  endfacet
  facet normal 0.477765 -0.477764 0.737213
    outer loop
      vertex -16.1736 -14.1433 27.3344
      vertex -12.6397 -10.606 27.3366
      vertex -12.7004 -10.5269 27.4272
    endloop
  endfacet
  facet normal 0.47774 -0.477754 0.737235
    outer loop
      vertex -12.6235 -10.6237 27.3147
      vertex -16.1736 -14.1433 27.3344
      vertex -16.1591 -14.1592 27.3147
    endloop
  endfacet
  facet normal -0.47816 0.47816 0.7367
    outer loop
      vertex -10.5269 -12.7004 27.4272
      vertex -14.0548 -16.2548 27.4444
      vertex -10.5119 -12.7119 27.4444
    endloop
  endfacet
  facet normal -0.477816 0.47782 0.737143
    outer loop
      vertex -14.0548 -16.2548 27.4444
      vertex -10.5269 -12.7004 27.4272
      vertex -14.1433 -16.1736 27.3344
    endloop
  endfacet
  facet normal 0.627062 -0.627036 0.46219
    outer loop
      vertex -16.5351 -13.735 28.0436
      vertex -12.9266 -10.2322 27.9
      vertex -12.9334 -10.2233 27.9213
    endloop
  endfacet
  facet normal 0.627233 -0.627233 0.461689
    outer loop
      vertex -12.9266 -10.2322 27.9
      vertex -16.5351 -13.735 28.0436
      vertex -16.4892 -13.7948 27.9
    endloop
  endfacet
  facet normal -0.153277 0.153292 -0.976221
    outer loop
      vertex -14.9008 -15.4796 31.1605
      vertex -11.3853 -11.9256 31.1666
      vertex -11.2663 -12.0346 31.1308
    endloop
  endfacet
  facet normal -0.154224 0.154229 -0.975924
    outer loop
      vertex -11.3853 -11.9256 31.1666
      vertex -14.9008 -15.4796 31.1605
      vertex -14.9209 -15.4611 31.1666
    endloop
  endfacet
  facet normal -0.627104 0.627122 0.462016
    outer loop
      vertex -13.735 -16.5351 28.0436
      vertex -10.1612 -12.981 28.0702
      vertex -10.2233 -12.9334 27.9213
    endloop
  endfacet
  facet normal -0.62641 0.62641 0.46392
    outer loop
      vertex -10.1612 -12.981 28.0702
      vertex -13.735 -16.5351 28.0436
      vertex -13.7239 -16.5437 28.0702
    endloop
  endfacet
  facet normal 0.690734 -0.690734 0.213944
    outer loop
      vertex -16.6497 -13.5857 28.618
      vertex -13.084 -10.027 28.5954
      vertex -13.087 -10.023 28.618
    endloop
  endfacet
  facet normal 0.690405 -0.690391 0.216105
    outer loop
      vertex -13.084 -10.027 28.5954
      vertex -16.6497 -13.5857 28.618
      vertex -16.6283 -13.6136 28.4605
    endloop
  endfacet
  facet normal -0.0922372 0.0922398 0.991456
    outer loop
      vertex -11.5059 -11.8151 26.8119
      vertex -14.9209 -15.4611 26.8334
      vertex -11.3853 -11.9256 26.8334
    endloop
  endfacet
  facet normal -0.091746 0.0917803 0.991544
    outer loop
      vertex -14.9209 -15.4611 26.8334
      vertex -11.5059 -11.8151 26.8119
      vertex -14.9412 -15.4425 26.8298
    endloop
  endfacet
  facet normal -0.52122 0.521221 -0.675766
    outer loop
      vertex -14.0402 -16.2682 30.534
      vertex -10.5119 -12.7119 30.5556
      vertex -10.4216 -12.7812 30.4325
    endloop
  endfacet
  facet normal -0.521259 0.521259 -0.675706
    outer loop
      vertex -10.5119 -12.7119 30.5556
      vertex -14.0402 -16.2682 30.534
      vertex -14.0548 -16.2548 30.5556
    endloop
  endfacet
  facet normal -0.270509 0.270516 0.92393
    outer loop
      vertex -11.0939 -12.1926 26.9428
      vertex -14.5167 -15.8315 27.0061
      vertex -10.9811 -12.296 27.0061
    endloop
  endfacet
  facet normal -0.270693 0.270688 0.923825
    outer loop
      vertex -14.5167 -15.8315 27.0061
      vertex -11.0939 -12.1926 26.9428
      vertex -14.5361 -15.8137 26.9952
    endloop
  endfacet
  facet normal -0.690267 0.690247 -0.217004
    outer loop
      vertex -10.0563 -13.0615 29.5694
      vertex -13.6136 -16.6283 29.5395
      vertex -13.6189 -16.6242 29.5694
    endloop
  endfacet
  facet normal -0.690273 0.690253 -0.216964
    outer loop
      vertex -13.6136 -16.6283 29.5395
      vertex -10.0563 -13.0615 29.5694
      vertex -10.027 -13.084 29.4046
    endloop
  endfacet
  facet normal -0.153277 0.153292 0.976221
    outer loop
      vertex -11.3853 -11.9256 26.8334
      vertex -14.9008 -15.4796 26.8395
      vertex -11.2663 -12.0346 26.8692
    endloop
  endfacet
  facet normal -0.154224 0.154229 0.975924
    outer loop
      vertex -14.9008 -15.4796 26.8395
      vertex -11.3853 -11.9256 26.8334
      vertex -14.9209 -15.4611 26.8334
    endloop
  endfacet
  facet normal 0.596444 -0.596444 -0.537131
    outer loop
      vertex -12.8633 -10.3147 30.2619
      vertex -16.4892 -13.7948 30.1
      vertex -12.9266 -10.2322 30.1
    endloop
  endfacet
  facet normal 0.596793 -0.596847 -0.536294
    outer loop
      vertex -12.8633 -10.3147 30.2619
      vertex -16.47 -13.8199 30.1493
      vertex -16.4892 -13.7948 30.1
    endloop
  endfacet
  facet normal 0.596278 -0.596278 -0.537498
    outer loop
      vertex -16.47 -13.8199 30.1493
      vertex -12.8633 -10.3147 30.2619
      vertex -16.4215 -13.8729 30.2619
    endloop
  endfacet
  facet normal 0.0922398 -0.0922372 0.991456
    outer loop
      vertex -15.4611 -14.9209 26.8334
      vertex -11.8151 -11.5059 26.8119
      vertex -11.9256 -11.3853 26.8334
    endloop
  endfacet
  facet normal 0.0917803 -0.091746 0.991544
    outer loop
      vertex -11.8151 -11.5059 26.8119
      vertex -15.4611 -14.9209 26.8334
      vertex -15.4425 -14.9412 26.8298
    endloop
  endfacet
  facet normal 0.690253 -0.690273 -0.216964
    outer loop
      vertex -13.0615 -10.0563 29.5694
      vertex -16.6283 -13.6136 29.5395
      vertex -13.084 -10.027 29.4046
    endloop
  endfacet
  facet normal 0.690247 -0.690267 -0.217004
    outer loop
      vertex -16.6283 -13.6136 29.5395
      vertex -13.0615 -10.0563 29.5694
      vertex -16.6242 -13.6189 29.5694
    endloop
  endfacet
  facet normal -0.522783 0.522768 0.673359
    outer loop
      vertex -10.4216 -12.7812 27.5675
      vertex -13.9591 -16.3425 27.5859
      vertex -10.4082 -12.7915 27.5859
    endloop
  endfacet
  facet normal -0.521295 0.521302 0.675645
    outer loop
      vertex -13.9591 -16.3425 27.5859
      vertex -10.4216 -12.7812 27.5675
      vertex -14.0402 -16.2682 27.466
    endloop
  endfacet
  facet normal 0.091135 -0.091064 0.991666
    outer loop
      vertex -15.4425 -14.9412 26.8298
      vertex -11.7969 -11.5258 26.8084
      vertex -11.8151 -11.5059 26.8119
    endloop
  endfacet
  facet normal 0.0922075 -0.0922101 0.991461
    outer loop
      vertex -11.7969 -11.5258 26.8084
      vertex -15.4425 -14.9412 26.8298
      vertex -15.3325 -15.0613 26.8084
    endloop
  endfacet
  facet normal 0.47816 -0.47816 0.7367
    outer loop
      vertex -16.2548 -14.0548 27.4444
      vertex -12.7004 -10.5269 27.4272
      vertex -12.7119 -10.5119 27.4444
    endloop
  endfacet
  facet normal 0.47782 -0.477816 0.737143
    outer loop
      vertex -12.7004 -10.5269 27.4272
      vertex -16.2548 -14.0548 27.4444
      vertex -16.1736 -14.1433 27.3344
    endloop
  endfacet
  facet normal 0.213077 -0.213077 0.953518
    outer loop
      vertex -15.7116 -14.6475 26.9327
      vertex -12.159 -11.1307 26.9247
      vertex -12.1761 -11.112 26.9327
    endloop
  endfacet
  facet normal 0.21283 -0.212828 0.953629
    outer loop
      vertex -12.159 -11.1307 26.9247
      vertex -15.7116 -14.6475 26.9327
      vertex -15.606 -14.7628 26.8834
    endloop
  endfacet
  facet normal 0.324933 -0.324942 0.888162
    outer loop
      vertex -15.9467 -14.391 27.0947
      vertex -12.3954 -10.8726 27.0827
      vertex -12.4111 -10.8555 27.0947
    endloop
  endfacet
  facet normal 0.326289 -0.326314 0.887161
    outer loop
      vertex -12.3954 -10.8726 27.0827
      vertex -15.9467 -14.391 27.0947
      vertex -15.8487 -14.498 27.0193
    endloop
  endfacet
  facet normal 0.521302 -0.521295 -0.675645
    outer loop
      vertex -16.3425 -13.9591 30.4141
      vertex -12.7812 -10.4216 30.4325
      vertex -16.2682 -14.0402 30.534
    endloop
  endfacet
  facet normal 0.522768 -0.522783 -0.673359
    outer loop
      vertex -12.7812 -10.4216 30.4325
      vertex -16.3425 -13.9591 30.4141
      vertex -12.7915 -10.4082 30.4141
    endloop
  endfacet
  facet normal -0.429837 0.42988 -0.794005
    outer loop
      vertex -14.1762 -16.1435 30.703
      vertex -10.736 -12.5206 30.8021
      vertex -10.7209 -12.5345 30.7864
    endloop
  endfacet
  facet normal -0.430224 0.430236 -0.793602
    outer loop
      vertex -10.736 -12.5206 30.8021
      vertex -14.1762 -16.1435 30.703
      vertex -14.2716 -16.0561 30.8021
    endloop
  endfacet
  facet normal -0.690734 0.690734 0.213944
    outer loop
      vertex -10.027 -13.084 28.5954
      vertex -13.5857 -16.6497 28.618
      vertex -10.023 -13.087 28.618
    endloop
  endfacet
  facet normal -0.690391 0.690405 0.216105
    outer loop
      vertex -13.5857 -16.6497 28.618
      vertex -10.027 -13.084 28.5954
      vertex -13.6136 -16.6283 28.4605
    endloop
  endfacet
  facet normal 0.380266 -0.380277 -0.843082
    outer loop
      vertex -16.0561 -14.2716 30.8021
      vertex -12.4111 -10.8555 30.9053
      vertex -15.9467 -14.391 30.9053
    endloop
  endfacet
  facet normal 0.380041 -0.38003 -0.843295
    outer loop
      vertex -12.4111 -10.8555 30.9053
      vertex -16.0561 -14.2716 30.8021
      vertex -12.5206 -10.736 30.8021
    endloop
  endfacet
  facet normal -0.269798 0.269844 0.924334
    outer loop
      vertex -11.112 -12.1761 26.9327
      vertex -14.5361 -15.8137 26.9952
      vertex -11.0939 -12.1926 26.9428
    endloop
  endfacet
  facet normal -0.270477 0.270477 0.92395
    outer loop
      vertex -14.5361 -15.8137 26.9952
      vertex -11.112 -12.1761 26.9327
      vertex -14.6475 -15.7116 26.9327
    endloop
  endfacet
  facet normal 0.690253 -0.690273 0.216964
    outer loop
      vertex -16.6283 -13.6136 28.4605
      vertex -13.0615 -10.0563 28.4306
      vertex -13.084 -10.027 28.5954
    endloop
  endfacet
  facet normal 0.690247 -0.690267 0.217004
    outer loop
      vertex -13.0615 -10.0563 28.4306
      vertex -16.6283 -13.6136 28.4605
      vertex -16.6242 -13.6189 28.4306
    endloop
  endfacet
  facet normal 0.0922075 -0.0922101 -0.991461
    outer loop
      vertex -15.4425 -14.9412 31.1702
      vertex -11.7969 -11.5258 31.1916
      vertex -15.3325 -15.0613 31.1916
    endloop
  endfacet
  facet normal 0.091135 -0.091064 -0.991666
    outer loop
      vertex -11.7969 -11.5258 31.1916
      vertex -15.4425 -14.9412 31.1702
      vertex -11.8151 -11.5059 31.1881
    endloop
  endfacet
  facet normal 0.270688 -0.270693 -0.923825
    outer loop
      vertex -15.8315 -14.5167 30.9939
      vertex -12.1926 -11.0939 31.0572
      vertex -15.8137 -14.5361 31.0048
    endloop
  endfacet
  facet normal 0.270516 -0.270509 -0.92393
    outer loop
      vertex -12.1926 -11.0939 31.0572
      vertex -15.8315 -14.5167 30.9939
      vertex -12.296 -10.9811 30.9939
    endloop
  endfacet
  facet normal -0.674004 0.674063 -0.302255
    outer loop
      vertex -13.6263 -16.6186 29.5985
      vertex -10.1025 -13.0261 29.7524
      vertex -10.0968 -13.0304 29.7301
    endloop
  endfacet
  facet normal -0.67441 0.674391 -0.300611
    outer loop
      vertex -10.1025 -13.0261 29.7524
      vertex -13.6263 -16.6186 29.5985
      vertex -13.6651 -16.5888 29.7524
    endloop
  endfacet
  facet normal -0.153436 0.153436 -0.976173
    outer loop
      vertex -14.7826 -15.5878 31.125
      vertex -11.2663 -12.0346 31.1308
      vertex -11.2471 -12.0523 31.125
    endloop
  endfacet
  facet normal -0.153082 0.153085 -0.976284
    outer loop
      vertex -11.2663 -12.0346 31.1308
      vertex -14.7826 -15.5878 31.125
      vertex -14.9008 -15.4796 31.1605
    endloop
  endfacet
  facet normal -0.627036 0.627062 -0.46219
    outer loop
      vertex -13.735 -16.5351 29.9564
      vertex -10.2322 -12.9266 30.1
      vertex -10.2233 -12.9334 30.0787
    endloop
  endfacet
  facet normal -0.627233 0.627233 -0.461689
    outer loop
      vertex -10.2322 -12.9266 30.1
      vertex -13.735 -16.5351 29.9564
      vertex -13.7948 -16.4892 30.1
    endloop
  endfacet
  facet normal -0.429837 0.42988 0.794005
    outer loop
      vertex -10.736 -12.5206 27.1979
      vertex -14.1762 -16.1435 27.297
      vertex -10.7209 -12.5345 27.2136
    endloop
  endfacet
  facet normal -0.430224 0.430236 0.793602
    outer loop
      vertex -14.1762 -16.1435 27.297
      vertex -10.736 -12.5206 27.1979
      vertex -14.2716 -16.0561 27.1979
    endloop
  endfacet
  facet normal -0.270509 0.270516 -0.92393
    outer loop
      vertex -14.5167 -15.8315 30.9939
      vertex -11.0939 -12.1926 31.0572
      vertex -10.9811 -12.296 30.9939
    endloop
  endfacet
  facet normal -0.270693 0.270688 -0.923825
    outer loop
      vertex -11.0939 -12.1926 31.0572
      vertex -14.5167 -15.8315 30.9939
      vertex -14.5361 -15.8137 31.0048
    endloop
  endfacet
  facet normal -0.213077 0.213077 -0.953518
    outer loop
      vertex -14.6475 -15.7116 31.0673
      vertex -11.1307 -12.159 31.0753
      vertex -11.112 -12.1761 31.0673
    endloop
  endfacet
  facet normal -0.212828 0.21283 -0.953629
    outer loop
      vertex -11.1307 -12.159 31.0753
      vertex -14.6475 -15.7116 31.0673
      vertex -14.7628 -15.606 31.1166
    endloop
  endfacet
  facet normal -0.627036 0.627062 0.46219
    outer loop
      vertex -10.2322 -12.9266 27.9
      vertex -13.735 -16.5351 28.0436
      vertex -10.2233 -12.9334 27.9213
    endloop
  endfacet
  facet normal -0.627233 0.627233 0.461689
    outer loop
      vertex -13.735 -16.5351 28.0436
      vertex -10.2322 -12.9266 27.9
      vertex -13.7948 -16.4892 27.9
    endloop
  endfacet
  facet normal 0.0917803 -0.091746 -0.991544
    outer loop
      vertex -15.4611 -14.9209 31.1666
      vertex -11.8151 -11.5059 31.1881
      vertex -15.4425 -14.9412 31.1702
    endloop
  endfacet
  facet normal 0.0922398 -0.0922372 -0.991456
    outer loop
      vertex -11.8151 -11.5059 31.1881
      vertex -15.4611 -14.9209 31.1666
      vertex -11.9256 -11.3853 31.1666
    endloop
  endfacet
  facet normal -0.0309556 0.0309547 0.999041
    outer loop
      vertex -11.6673 -11.6673 26.8
      vertex -15.0613 -15.3325 26.8084
      vertex -11.5258 -11.7969 26.8084
    endloop
  endfacet
  facet normal -0.0309438 0.0309438 0.999042
    outer loop
      vertex -15.0613 -15.3325 26.8084
      vertex -11.6673 -11.6673 26.8
      vertex -15.2028 -15.2028 26.8
    endloop
  endfacet
  facet normal -0.674004 0.674063 0.302255
    outer loop
      vertex -10.1025 -13.0261 28.2476
      vertex -13.6263 -16.6186 28.4015
      vertex -10.0968 -13.0304 28.2699
    endloop
  endfacet
  facet normal -0.67441 0.674391 0.300611
    outer loop
      vertex -13.6263 -16.6186 28.4015
      vertex -10.1025 -13.0261 28.2476
      vertex -13.6651 -16.5888 28.2476
    endloop
  endfacet
  facet normal 0.70655 -0.70645 -0.0414231
    outer loop
      vertex -13.107 -9.9971 29.0229
      vertex -16.6651 -13.5656 29.1917
      vertex -16.6659 -13.5646 29.161
    endloop
  endfacet
  facet normal 0.706414 -0.706434 -0.0439423
    outer loop
      vertex -16.6651 -13.5656 29.1917
      vertex -13.107 -9.9971 29.0229
      vertex -13.1024 -10.003 29.1917
    endloop
  endfacet
  facet normal 0.62641 -0.62641 0.46392
    outer loop
      vertex -16.5351 -13.735 28.0436
      vertex -12.981 -10.1612 28.0702
      vertex -16.5437 -13.7239 28.0702
    endloop
  endfacet
  facet normal 0.627122 -0.627104 0.462016
    outer loop
      vertex -12.981 -10.1612 28.0702
      vertex -16.5351 -13.735 28.0436
      vertex -12.9334 -10.2233 27.9213
    endloop
  endfacet
  facet normal 0.21283 -0.212828 -0.953629
    outer loop
      vertex -15.7116 -14.6475 31.0673
      vertex -12.159 -11.1307 31.0753
      vertex -15.606 -14.7628 31.1166
    endloop
  endfacet
  facet normal 0.213077 -0.213077 -0.953518
    outer loop
      vertex -12.159 -11.1307 31.0753
      vertex -15.7116 -14.6475 31.0673
      vertex -12.1761 -11.112 31.0673
    endloop
  endfacet
  facet normal -0.477764 0.477765 -0.737213
    outer loop
      vertex -14.1433 -16.1736 30.6656
      vertex -10.606 -12.6397 30.6634
      vertex -10.5269 -12.7004 30.5728
    endloop
  endfacet
  facet normal -0.476941 0.47694 -0.738278
    outer loop
      vertex -14.1433 -16.1736 30.6656
      vertex -10.6237 -12.6235 30.6853
      vertex -10.606 -12.6397 30.6634
    endloop
  endfacet
  facet normal -0.477754 0.47774 -0.737235
    outer loop
      vertex -10.6237 -12.6235 30.6853
      vertex -14.1433 -16.1736 30.6656
      vertex -14.1592 -16.1591 30.6853
    endloop
  endfacet
  facet normal 0.0309547 -0.0309556 0.999041
    outer loop
      vertex -15.3325 -15.0613 26.8084
      vertex -11.6673 -11.6673 26.8
      vertex -11.7969 -11.5258 26.8084
    endloop
  endfacet
  facet normal 0.0309438 -0.0309438 0.999042
    outer loop
      vertex -11.6673 -11.6673 26.8
      vertex -15.3325 -15.0613 26.8084
      vertex -15.2028 -15.2028 26.8
    endloop
  endfacet
  facet normal 0.674418 -0.674437 0.300492
    outer loop
      vertex -16.6242 -13.6189 28.4306
      vertex -13.0304 -10.0968 28.2699
      vertex -13.0615 -10.0563 28.4306
    endloop
  endfacet
  facet normal 0.674274 -0.674257 0.301218
    outer loop
      vertex -13.0304 -10.0968 28.2699
      vertex -16.6242 -13.6189 28.4306
      vertex -16.6186 -13.6263 28.4015
    endloop
  endfacet
  facet normal 0.42988 -0.429837 0.794005
    outer loop
      vertex -16.1435 -14.1762 27.297
      vertex -12.5206 -10.736 27.1979
      vertex -12.5345 -10.7209 27.2136
    endloop
  endfacet
  facet normal 0.430236 -0.430224 0.793602
    outer loop
      vertex -12.5206 -10.736 27.1979
      vertex -16.1435 -14.1762 27.297
      vertex -16.0561 -14.2716 27.1979
    endloop
  endfacet
  facet normal -0.430656 0.430644 0.793146
    outer loop
      vertex -10.7209 -12.5345 27.2136
      vertex -14.1592 -16.1591 27.3147
      vertex -10.6237 -12.6235 27.3147
    endloop
  endfacet
  facet normal -0.430646 0.430635 0.793157
    outer loop
      vertex -14.1592 -16.1591 27.3147
      vertex -10.7209 -12.5345 27.2136
      vertex -14.1762 -16.1435 27.297
    endloop
  endfacet
  facet normal -0.38003 0.380041 0.843295
    outer loop
      vertex -10.8555 -12.4111 27.0947
      vertex -14.2716 -16.0561 27.1979
      vertex -10.736 -12.5206 27.1979
    endloop
  endfacet
  facet normal -0.380277 0.380266 0.843082
    outer loop
      vertex -14.2716 -16.0561 27.1979
      vertex -10.8555 -12.4111 27.0947
      vertex -14.391 -15.9467 27.0947
    endloop
  endfacet
  facet normal 0.596444 -0.596444 0.537131
    outer loop
      vertex -16.4892 -13.7948 27.9
      vertex -12.8633 -10.3147 27.7381
      vertex -12.9266 -10.2322 27.9
    endloop
  endfacet
  facet normal 0.596793 -0.596847 0.536294
    outer loop
      vertex -16.47 -13.8199 27.8507
      vertex -12.8633 -10.3147 27.7381
      vertex -16.4892 -13.7948 27.9
    endloop
  endfacet
  facet normal 0.596278 -0.596278 0.537498
    outer loop
      vertex -12.8633 -10.3147 27.7381
      vertex -16.47 -13.8199 27.8507
      vertex -16.4215 -13.8729 27.7381
    endloop
  endfacet
  facet normal 0.627062 -0.627036 -0.46219
    outer loop
      vertex -12.9266 -10.2322 30.1
      vertex -16.5351 -13.735 29.9564
      vertex -12.9334 -10.2233 30.0787
    endloop
  endfacet
  facet normal 0.627233 -0.627233 -0.461689
    outer loop
      vertex -16.5351 -13.735 29.9564
      vertex -12.9266 -10.2322 30.1
      vertex -16.4892 -13.7948 30.1
    endloop
  endfacet
  facet normal 0.700943 -0.700861 -0.132187
    outer loop
      vertex -13.087 -10.023 29.382
      vertex -16.6626 -13.5689 29.2223
      vertex -13.0889 -10.0206 29.3592
    endloop
  endfacet
  facet normal 0.701071 -0.701071 -0.130381
    outer loop
      vertex -16.6626 -13.5689 29.2223
      vertex -13.087 -10.023 29.382
      vertex -16.6497 -13.5857 29.382
    endloop
  endfacet
  facet normal -0.706434 0.706414 0.0439423
    outer loop
      vertex -13.5656 -16.6651 28.8083
      vertex -9.9971 -13.107 28.9771
      vertex -10.003 -13.1024 28.8083
    endloop
  endfacet
  facet normal -0.70645 0.70655 0.0414231
    outer loop
      vertex -9.9971 -13.107 28.9771
      vertex -13.5656 -16.6651 28.8083
      vertex -13.5646 -16.6659 28.839
    endloop
  endfacet
  facet normal -0.701088 0.701092 0.130173
    outer loop
      vertex -13.5689 -16.6626 28.7777
      vertex -10.003 -13.1024 28.8083
      vertex -10.0206 -13.0889 28.6408
    endloop
  endfacet
  facet normal -0.70085 0.70083 0.132839
    outer loop
      vertex -10.003 -13.1024 28.8083
      vertex -13.5689 -16.6626 28.7777
      vertex -13.5656 -16.6651 28.8083
    endloop
  endfacet
  facet normal 0.56093 -0.560945 -0.60885
    outer loop
      vertex -16.4215 -13.8729 30.2619
      vertex -12.7915 -10.4082 30.4141
      vertex -16.3425 -13.9591 30.4141
    endloop
  endfacet
  facet normal 0.560812 -0.560812 -0.609081
    outer loop
      vertex -12.7915 -10.4082 30.4141
      vertex -16.4215 -13.8729 30.2619
      vertex -12.8633 -10.3147 30.2619
    endloop
  endfacet
  facet normal 0.0309438 -0.0309438 -0.999042
    outer loop
      vertex -15.3325 -15.0613 31.1916
      vertex -11.6673 -11.6673 31.2
      vertex -15.2028 -15.2028 31.2
    endloop
  endfacet
  facet normal 0.0309547 -0.0309556 -0.999041
    outer loop
      vertex -11.6673 -11.6673 31.2
      vertex -15.3325 -15.0613 31.1916
      vertex -11.7969 -11.5258 31.1916
    endloop
  endfacet
  facet normal -0.690734 0.690734 -0.213944
    outer loop
      vertex -13.5857 -16.6497 29.382
      vertex -10.027 -13.084 29.4046
      vertex -10.023 -13.087 29.382
    endloop
  endfacet
  facet normal -0.690391 0.690405 -0.216105
    outer loop
      vertex -10.027 -13.084 29.4046
      vertex -13.5857 -16.6497 29.382
      vertex -13.6136 -16.6283 29.5395
    endloop
  endfacet
  facet normal -0.654128 0.65411 -0.379812
    outer loop
      vertex -13.6651 -16.5888 29.7524
      vertex -10.1096 -13.0206 29.7741
      vertex -10.1025 -13.0261 29.7524
    endloop
  endfacet
  facet normal -0.653142 0.653148 -0.383149
    outer loop
      vertex -10.1096 -13.0206 29.7741
      vertex -13.6651 -16.5888 29.7524
      vertex -13.7147 -16.5507 29.9019
    endloop
  endfacet
  facet normal -0.0309556 0.0309547 -0.999041
    outer loop
      vertex -15.0613 -15.3325 31.1916
      vertex -11.6673 -11.6673 31.2
      vertex -11.5258 -11.7969 31.1916
    endloop
  endfacet
  facet normal -0.0309438 0.0309438 -0.999042
    outer loop
      vertex -11.6673 -11.6673 31.2
      vertex -15.0613 -15.3325 31.1916
      vertex -15.2028 -15.2028 31.2
    endloop
  endfacet
  facet normal -0.47816 0.47816 -0.7367
    outer loop
      vertex -14.0548 -16.2548 30.5556
      vertex -10.5269 -12.7004 30.5728
      vertex -10.5119 -12.7119 30.5556
    endloop
  endfacet
  facet normal -0.477816 0.47782 -0.737143
    outer loop
      vertex -10.5269 -12.7004 30.5728
      vertex -14.0548 -16.2548 30.5556
      vertex -14.1433 -16.1736 30.6656
    endloop
  endfacet
  facet normal 0.153292 -0.153277 0.976221
    outer loop
      vertex -15.4796 -14.9008 26.8395
      vertex -11.9256 -11.3853 26.8334
      vertex -12.0346 -11.2663 26.8692
    endloop
  endfacet
  facet normal 0.154229 -0.154224 0.975924
    outer loop
      vertex -11.9256 -11.3853 26.8334
      vertex -15.4796 -14.9008 26.8395
      vertex -15.4611 -14.9209 26.8334
    endloop
  endfacet
  facet normal -0.269798 0.269844 -0.924334
    outer loop
      vertex -14.5361 -15.8137 31.0048
      vertex -11.112 -12.1761 31.0673
      vertex -11.0939 -12.1926 31.0572
    endloop
  endfacet
  facet normal -0.270477 0.270477 -0.92395
    outer loop
      vertex -11.112 -12.1761 31.0673
      vertex -14.5361 -15.8137 31.0048
      vertex -14.6475 -15.7116 31.0673
    endloop
  endfacet
  facet normal -0.560812 0.560812 -0.609081
    outer loop
      vertex -13.8729 -16.4215 30.2619
      vertex -10.4082 -12.7915 30.4141
      vertex -10.3147 -12.8633 30.2619
    endloop
  endfacet
  facet normal -0.560945 0.56093 -0.60885
    outer loop
      vertex -10.4082 -12.7915 30.4141
      vertex -13.8729 -16.4215 30.2619
      vertex -13.9591 -16.3425 30.4141
    endloop
  endfacet
  facet normal -0.596444 0.596444 0.537131
    outer loop
      vertex -10.3147 -12.8633 27.7381
      vertex -13.7948 -16.4892 27.9
      vertex -10.2322 -12.9266 27.9
    endloop
  endfacet
  facet normal -0.596847 0.596793 0.536294
    outer loop
      vertex -13.7948 -16.4892 27.9
      vertex -10.3147 -12.8633 27.7381
      vertex -13.8199 -16.47 27.8507
    endloop
  endfacet
  facet normal -0.596278 0.596278 0.537498
    outer loop
      vertex -13.8199 -16.47 27.8507
      vertex -10.3147 -12.8633 27.7381
      vertex -13.8729 -16.4215 27.7381
    endloop
  endfacet
  facet normal -0.560812 0.560812 0.609081
    outer loop
      vertex -10.4082 -12.7915 27.5859
      vertex -13.8729 -16.4215 27.7381
      vertex -10.3147 -12.8633 27.7381
    endloop
  endfacet
  facet normal -0.560945 0.56093 0.60885
    outer loop
      vertex -13.8729 -16.4215 27.7381
      vertex -10.4082 -12.7915 27.5859
      vertex -13.9591 -16.3425 27.5859
    endloop
  endfacet
  facet normal -0.430656 0.430644 -0.793146
    outer loop
      vertex -14.1592 -16.1591 30.6853
      vertex -10.7209 -12.5345 30.7864
      vertex -10.6237 -12.6235 30.6853
    endloop
  endfacet
  facet normal -0.430646 0.430635 -0.793157
    outer loop
      vertex -10.7209 -12.5345 30.7864
      vertex -14.1592 -16.1591 30.6853
      vertex -14.1762 -16.1435 30.703
    endloop
  endfacet
  facet normal 0.154229 -0.154224 -0.975924
    outer loop
      vertex -15.4796 -14.9008 31.1605
      vertex -11.9256 -11.3853 31.1666
      vertex -15.4611 -14.9209 31.1666
    endloop
  endfacet
  facet normal 0.153292 -0.153277 -0.976221
    outer loop
      vertex -11.9256 -11.3853 31.1666
      vertex -15.4796 -14.9008 31.1605
      vertex -12.0346 -11.2663 31.1308
    endloop
  endfacet
  facet normal 0.153085 -0.153082 -0.976284
    outer loop
      vertex -15.5878 -14.7826 31.125
      vertex -12.0346 -11.2663 31.1308
      vertex -15.4796 -14.9008 31.1605
    endloop
  endfacet
  facet normal 0.153436 -0.153436 -0.976173
    outer loop
      vertex -12.0346 -11.2663 31.1308
      vertex -15.5878 -14.7826 31.125
      vertex -12.0523 -11.2471 31.125
    endloop
  endfacet
  facet normal 0.674063 -0.674004 0.302255
    outer loop
      vertex -16.6186 -13.6263 28.4015
      vertex -13.0261 -10.1025 28.2476
      vertex -13.0304 -10.0968 28.2699
    endloop
  endfacet
  facet normal 0.674391 -0.67441 0.300611
    outer loop
      vertex -13.0261 -10.1025 28.2476
      vertex -16.6186 -13.6263 28.4015
      vertex -16.5888 -13.6651 28.2476
    endloop
  endfacet
  facet normal 0.65411 -0.654128 0.379812
    outer loop
      vertex -16.5888 -13.6651 28.2476
      vertex -13.0206 -10.1096 28.2259
      vertex -13.0261 -10.1025 28.2476
    endloop
  endfacet
  facet normal 0.653148 -0.653142 0.383149
    outer loop
      vertex -13.0206 -10.1096 28.2259
      vertex -16.5888 -13.6651 28.2476
      vertex -16.5507 -13.7147 28.0981
    endloop
  endfacet
  facet normal 0.700943 -0.700861 0.132187
    outer loop
      vertex -16.6626 -13.5689 28.7777
      vertex -13.087 -10.023 28.618
      vertex -13.0889 -10.0206 28.6408
    endloop
  endfacet
  facet normal 0.701071 -0.701071 0.130381
    outer loop
      vertex -13.087 -10.023 28.618
      vertex -16.6626 -13.5689 28.7777
      vertex -16.6497 -13.5857 28.618
    endloop
  endfacet
  facet normal 0.326751 -0.326749 0.886831
    outer loop
      vertex -15.8487 -14.498 27.0193
      vertex -12.296 -10.9811 27.0061
      vertex -12.3954 -10.8726 27.0827
    endloop
  endfacet
  facet normal 0.326225 -0.326216 0.887221
    outer loop
      vertex -12.296 -10.9811 27.0061
      vertex -15.8487 -14.498 27.0193
      vertex -15.8315 -14.5167 27.0061
    endloop
  endfacet
  facet normal 0.270516 -0.270509 0.92393
    outer loop
      vertex -15.8315 -14.5167 27.0061
      vertex -12.1926 -11.0939 26.9428
      vertex -12.296 -10.9811 27.0061
    endloop
  endfacet
  facet normal 0.270688 -0.270693 0.923825
    outer loop
      vertex -12.1926 -11.0939 26.9428
      vertex -15.8315 -14.5167 27.0061
      vertex -15.8137 -14.5361 26.9952
    endloop
  endfacet
  facet normal 0.522768 -0.522783 0.673359
    outer loop
      vertex -16.3425 -13.9591 27.5859
      vertex -12.7812 -10.4216 27.5675
      vertex -12.7915 -10.4082 27.5859
    endloop
  endfacet
  facet normal 0.521302 -0.521295 0.675645
    outer loop
      vertex -12.7812 -10.4216 27.5675
      vertex -16.3425 -13.9591 27.5859
      vertex -16.2682 -14.0402 27.466
    endloop
  endfacet
  facet normal 0.326225 -0.326216 -0.887221
    outer loop
      vertex -15.8487 -14.498 30.9807
      vertex -12.296 -10.9811 30.9939
      vertex -15.8315 -14.5167 30.9939
    endloop
  endfacet
  facet normal 0.326751 -0.326749 -0.886831
    outer loop
      vertex -12.296 -10.9811 30.9939
      vertex -15.8487 -14.498 30.9807
      vertex -12.3954 -10.8726 30.9173
    endloop
  endfacet
  facet normal 0.65411 -0.654128 -0.379812
    outer loop
      vertex -13.0206 -10.1096 29.7741
      vertex -16.5888 -13.6651 29.7524
      vertex -13.0261 -10.1025 29.7524
    endloop
  endfacet
  facet normal 0.653148 -0.653142 -0.383149
    outer loop
      vertex -16.5888 -13.6651 29.7524
      vertex -13.0206 -10.1096 29.7741
      vertex -16.5507 -13.7147 29.9019
    endloop
  endfacet
  facet normal 0.690734 -0.690734 -0.213944
    outer loop
      vertex -13.084 -10.027 29.4046
      vertex -16.6497 -13.5857 29.382
      vertex -13.087 -10.023 29.382
    endloop
  endfacet
  facet normal 0.690405 -0.690391 -0.216105
    outer loop
      vertex -16.6497 -13.5857 29.382
      vertex -13.084 -10.027 29.4046
      vertex -16.6283 -13.6136 29.5395
    endloop
  endfacet
  facet normal 0.706426 -0.706426 -0.0438774
    outer loop
      vertex -13.1076 -9.9963 29
      vertex -16.6659 -13.5646 29.161
      vertex -16.6702 -13.5589 29
    endloop
  endfacet
  facet normal 0.706463 -0.706431 -0.0431888
    outer loop
      vertex -16.6659 -13.5646 29.161
      vertex -13.1076 -9.9963 29
      vertex -13.107 -9.9971 29.0229
    endloop
  endfacet
  facet normal 0.706426 -0.706426 0.0438774
    outer loop
      vertex -16.6659 -13.5646 28.839
      vertex -13.1076 -9.9963 29
      vertex -16.6702 -13.5589 29
    endloop
  endfacet
  facet normal 0.706463 -0.706431 0.0431888
    outer loop
      vertex -13.1076 -9.9963 29
      vertex -16.6659 -13.5646 28.839
      vertex -13.107 -9.9971 28.9771
    endloop
  endfacet
  facet normal -0.091064 0.091135 -0.991666
    outer loop
      vertex -14.9412 -15.4425 31.1702
      vertex -11.5258 -11.7969 31.1916
      vertex -11.5059 -11.8151 31.1881
    endloop
  endfacet
  facet normal -0.0922101 0.0922075 -0.991461
    outer loop
      vertex -11.5258 -11.7969 31.1916
      vertex -14.9412 -15.4425 31.1702
      vertex -15.0613 -15.3325 31.1916
    endloop
  endfacet
  facet normal -0.38003 0.380041 -0.843295
    outer loop
      vertex -14.2716 -16.0561 30.8021
      vertex -10.8555 -12.4111 30.9053
      vertex -10.736 -12.5206 30.8021
    endloop
  endfacet
  facet normal -0.380277 0.380266 -0.843082
    outer loop
      vertex -10.8555 -12.4111 30.9053
      vertex -14.2716 -16.0561 30.8021
      vertex -14.391 -15.9467 30.9053
    endloop
  endfacet
  facet normal -0.326749 0.326751 -0.886831
    outer loop
      vertex -14.498 -15.8487 30.9807
      vertex -10.9811 -12.296 30.9939
      vertex -10.8726 -12.3954 30.9173
    endloop
  endfacet
  facet normal -0.326216 0.326225 -0.887221
    outer loop
      vertex -10.9811 -12.296 30.9939
      vertex -14.498 -15.8487 30.9807
      vertex -14.5167 -15.8315 30.9939
    endloop
  endfacet
  facet normal -0.596278 0.596278 -0.537498
    outer loop
      vertex -10.3147 -12.8633 30.2619
      vertex -13.8199 -16.47 30.1493
      vertex -13.8729 -16.4215 30.2619
    endloop
  endfacet
  facet normal -0.596444 0.596444 -0.537131
    outer loop
      vertex -13.7948 -16.4892 30.1
      vertex -10.3147 -12.8633 30.2619
      vertex -10.2322 -12.9266 30.1
    endloop
  endfacet
  facet normal -0.596847 0.596793 -0.536294
    outer loop
      vertex -10.3147 -12.8633 30.2619
      vertex -13.7948 -16.4892 30.1
      vertex -13.8199 -16.47 30.1493
    endloop
  endfacet
  facet normal -0.627104 0.627122 -0.462016
    outer loop
      vertex -10.1612 -12.981 29.9298
      vertex -13.735 -16.5351 29.9564
      vertex -10.2233 -12.9334 30.0787
    endloop
  endfacet
  facet normal -0.62641 0.62641 -0.46392
    outer loop
      vertex -13.735 -16.5351 29.9564
      vertex -10.1612 -12.981 29.9298
      vertex -13.7239 -16.5437 29.9298
    endloop
  endfacet
  facet normal -0.653289 0.653289 -0.382659
    outer loop
      vertex -10.1096 -13.0206 29.7741
      vertex -13.7239 -16.5437 29.9298
      vertex -10.1612 -12.981 29.9298
    endloop
  endfacet
  facet normal -0.654048 0.654193 -0.379806
    outer loop
      vertex -13.7239 -16.5437 29.9298
      vertex -10.1096 -13.0206 29.7741
      vertex -13.7147 -16.5507 29.9019
    endloop
  endfacet
  facet normal 0.153436 -0.153436 0.976173
    outer loop
      vertex -15.5878 -14.7826 26.875
      vertex -12.0346 -11.2663 26.8692
      vertex -12.0523 -11.2471 26.875
    endloop
  endfacet
  facet normal 0.153085 -0.153082 0.976284
    outer loop
      vertex -12.0346 -11.2663 26.8692
      vertex -15.5878 -14.7826 26.875
      vertex -15.4796 -14.9008 26.8395
    endloop
  endfacet
  facet normal 0.212466 -0.212484 0.953787
    outer loop
      vertex -15.606 -14.7628 26.8834
      vertex -12.0523 -11.2471 26.875
      vertex -12.159 -11.1307 26.9247
    endloop
  endfacet
  facet normal 0.210983 -0.210983 0.954449
    outer loop
      vertex -12.0523 -11.2471 26.875
      vertex -15.606 -14.7628 26.8834
      vertex -15.5878 -14.7826 26.875
    endloop
  endfacet
  facet normal 0.430635 -0.430646 -0.793157
    outer loop
      vertex -16.1591 -14.1592 30.6853
      vertex -12.5345 -10.7209 30.7864
      vertex -16.1435 -14.1762 30.703
    endloop
  endfacet
  facet normal 0.430644 -0.430656 -0.793146
    outer loop
      vertex -12.5345 -10.7209 30.7864
      vertex -16.1591 -14.1592 30.6853
      vertex -12.6235 -10.6237 30.6853
    endloop
  endfacet
  facet normal 0.654193 -0.654048 -0.379806
    outer loop
      vertex -13.0206 -10.1096 29.7741
      vertex -16.5437 -13.7239 29.9298
      vertex -16.5507 -13.7147 29.9019
    endloop
  endfacet
  facet normal 0.653289 -0.653289 -0.382659
    outer loop
      vertex -16.5437 -13.7239 29.9298
      vertex -13.0206 -10.1096 29.7741
      vertex -12.981 -10.1612 29.9298
    endloop
  endfacet
  facet normal 0.62641 -0.62641 -0.46392
    outer loop
      vertex -12.981 -10.1612 29.9298
      vertex -16.5351 -13.735 29.9564
      vertex -16.5437 -13.7239 29.9298
    endloop
  endfacet
  facet normal 0.627122 -0.627104 -0.462016
    outer loop
      vertex -16.5351 -13.735 29.9564
      vertex -12.981 -10.1612 29.9298
      vertex -12.9334 -10.2233 30.0787
    endloop
  endfacet
  facet normal 0.674418 -0.674437 -0.300492
    outer loop
      vertex -13.0304 -10.0968 29.7301
      vertex -16.6242 -13.6189 29.5694
      vertex -13.0615 -10.0563 29.5694
    endloop
  endfacet
  facet normal 0.674274 -0.674257 -0.301218
    outer loop
      vertex -16.6242 -13.6189 29.5694
      vertex -13.0304 -10.0968 29.7301
      vertex -16.6186 -13.6263 29.5985
    endloop
  endfacet
  facet normal 0.270477 -0.270477 -0.92395
    outer loop
      vertex -15.8137 -14.5361 31.0048
      vertex -12.1761 -11.112 31.0673
      vertex -15.7116 -14.6475 31.0673
    endloop
  endfacet
  facet normal 0.269844 -0.269798 -0.924334
    outer loop
      vertex -12.1761 -11.112 31.0673
      vertex -15.8137 -14.5361 31.0048
      vertex -12.1926 -11.0939 31.0572
    endloop
  endfacet
  facet normal 0.210983 -0.210983 -0.954449
    outer loop
      vertex -15.606 -14.7628 31.1166
      vertex -12.0523 -11.2471 31.125
      vertex -15.5878 -14.7826 31.125
    endloop
  endfacet
  facet normal 0.212466 -0.212484 -0.953787
    outer loop
      vertex -12.0523 -11.2471 31.125
      vertex -15.606 -14.7628 31.1166
      vertex -12.159 -11.1307 31.0753
    endloop
  endfacet
endsolid OpenSCAD_Model
