solid OpenSCAD_Model
  facet normal -0.195092 -0.980785 0
    outer loop
      vertex 19.9 1.3 26
      vertex 20.3975 1.20104 17.3317
      vertex 20.3975 1.20104 26
    endloop
  endfacet
  facet normal -0.195096 -0.980784 -2.34011e-07
    outer loop
      vertex 19.9 1.3 26
      vertex 20.0368 1.27279 17.2728
      vertex 20.3975 1.20104 17.3317
    endloop
  endfacet
  facet normal -0.195082 -0.980787 0
    outer loop
      vertex 20.0368 1.27279 17.2728
      vertex 19.9 1.3 26
      vertex 19.9 1.3 17.2396
    endloop
  endfacet
  facet normal -0.555613 0.831441 0
    outer loop
      vertex 20.8192 -0.919238 17.5398
      vertex 20.3975 -1.20104 26
      vertex 20.8192 -0.919238 26
    endloop
  endfacet
  facet normal -0.555614 0.83144 -9.95119e-08
    outer loop
      vertex 20.6983 -1.00003 17.4966
      vertex 20.3975 -1.20104 26
      vertex 20.8192 -0.919238 17.5398
    endloop
  endfacet
  facet normal -0.555612 0.831442 0
    outer loop
      vertex 20.3975 -1.20104 26
      vertex 20.6983 -1.00003 17.4966
      vertex 20.3975 -1.20104 17.3317
    endloop
  endfacet
  facet normal -0.980793 -0.195051 0
    outer loop
      vertex 21.1301 0.351162 17.7654
      vertex 21.101 0.497488 26
      vertex 21.101 0.497488 17.721
    endloop
  endfacet
  facet normal -0.980759 -0.195223 3.17351e-06
    outer loop
      vertex 21.2 0 17.8
      vertex 21.101 0.497488 26
      vertex 21.1301 0.351162 17.7654
    endloop
  endfacet
  facet normal -0.980769 -0.195173 0
    outer loop
      vertex 21.101 0.497488 26
      vertex 21.2 0 17.8
      vertex 21.2 0 26
    endloop
  endfacet
  facet normal 0.831394 -0.555684 0
    outer loop
      vertex 18.9808 0.919238 26
      vertex 18.8268 0.688829 17.663
      vertex 18.9808 0.919238 17.5398
    endloop
  endfacet
  facet normal 0.831474 -0.555564 0
    outer loop
      vertex 18.699 0.497488 17.721
      vertex 18.9808 0.919238 26
      vertex 18.699 0.497488 26
    endloop
  endfacet
  facet normal 0.831568 -0.555422 -1.04652e-05
    outer loop
      vertex 18.9808 0.919238 26
      vertex 18.699 0.497488 17.721
      vertex 18.8268 0.688829 17.663
    endloop
  endfacet
  facet normal 0.980769 0.195173 0
    outer loop
      vertex 18.699 -0.497488 26
      vertex 18.6 0 17.8
      vertex 18.6 0 26
    endloop
  endfacet
  facet normal 0.980812 0.194956 -1.36708e-05
    outer loop
      vertex 18.6 0 17.8
      vertex 18.699 -0.497488 26
      vertex 18.6698 -0.351162 17.7654
    endloop
  endfacet
  facet normal 0.980665 0.195696 0
    outer loop
      vertex 18.6698 -0.351162 17.7654
      vertex 18.699 -0.497488 26
      vertex 18.699 -0.497488 17.721
    endloop
  endfacet
  facet normal -0.831394 -0.555684 0
    outer loop
      vertex 20.9732 0.688829 17.663
      vertex 20.8192 0.919238 26
      vertex 20.8192 0.919238 17.5398
    endloop
  endfacet
  facet normal -0.831568 -0.555422 -1.04652e-05
    outer loop
      vertex 21.101 0.497488 17.721
      vertex 20.8192 0.919238 26
      vertex 20.9732 0.688829 17.663
    endloop
  endfacet
  facet normal -0.831474 -0.555564 0
    outer loop
      vertex 20.8192 0.919238 26
      vertex 21.101 0.497488 17.721
      vertex 21.101 0.497488 26
    endloop
  endfacet
  facet normal -0.555613 -0.831441 0
    outer loop
      vertex 20.3975 1.20104 26
      vertex 20.8192 0.919238 17.5398
      vertex 20.8192 0.919238 26
    endloop
  endfacet
  facet normal -0.555614 -0.83144 -9.95119e-08
    outer loop
      vertex 20.3975 1.20104 26
      vertex 20.6983 1.00003 17.4966
      vertex 20.8192 0.919238 17.5398
    endloop
  endfacet
  facet normal -0.555612 -0.831442 0
    outer loop
      vertex 20.6983 1.00003 17.4966
      vertex 20.3975 1.20104 26
      vertex 20.3975 1.20104 17.3317
    endloop
  endfacet
  facet normal 0.555613 -0.831441 0
    outer loop
      vertex 18.9808 0.919238 17.5398
      vertex 19.4025 1.20104 26
      vertex 18.9808 0.919238 26
    endloop
  endfacet
  facet normal 0.555614 -0.83144 -9.95119e-08
    outer loop
      vertex 19.1017 1.00003 17.4966
      vertex 19.4025 1.20104 26
      vertex 18.9808 0.919238 17.5398
    endloop
  endfacet
  facet normal 0.555612 -0.831442 0
    outer loop
      vertex 19.4025 1.20104 26
      vertex 19.1017 1.00003 17.4966
      vertex 19.4025 1.20104 17.3317
    endloop
  endfacet
  facet normal -0.980759 0.195223 3.17351e-06
    outer loop
      vertex 21.101 -0.497488 26
      vertex 21.2 0 17.8
      vertex 21.1301 -0.351162 17.7654
    endloop
  endfacet
  facet normal -0.980793 0.195051 0
    outer loop
      vertex 21.101 -0.497488 26
      vertex 21.1301 -0.351162 17.7654
      vertex 21.101 -0.497488 17.721
    endloop
  endfacet
  facet normal -0.980769 0.195173 0
    outer loop
      vertex 21.2 0 17.8
      vertex 21.101 -0.497488 26
      vertex 21.2 0 26
    endloop
  endfacet
  facet normal 0.555613 0.831441 0
    outer loop
      vertex 19.4025 -1.20104 26
      vertex 18.9808 -0.919238 17.5398
      vertex 18.9808 -0.919238 26
    endloop
  endfacet
  facet normal 0.555614 0.83144 -9.95119e-08
    outer loop
      vertex 19.4025 -1.20104 26
      vertex 19.1017 -1.00003 17.4966
      vertex 18.9808 -0.919238 17.5398
    endloop
  endfacet
  facet normal 0.555612 0.831442 0
    outer loop
      vertex 19.1017 -1.00003 17.4966
      vertex 19.4025 -1.20104 26
      vertex 19.4025 -1.20104 17.3317
    endloop
  endfacet
  facet normal 0.980665 -0.195696 0
    outer loop
      vertex 18.699 0.497488 26
      vertex 18.6698 0.351162 17.7654
      vertex 18.699 0.497488 17.721
    endloop
  endfacet
  facet normal 0.980769 -0.195173 0
    outer loop
      vertex 18.6 0 17.8
      vertex 18.699 0.497488 26
      vertex 18.6 0 26
    endloop
  endfacet
  facet normal 0.980812 -0.194956 -1.36708e-05
    outer loop
      vertex 18.699 0.497488 26
      vertex 18.6 0 17.8
      vertex 18.6698 0.351162 17.7654
    endloop
  endfacet
  facet normal -0.195092 0.980785 0
    outer loop
      vertex 20.3975 -1.20104 17.3317
      vertex 19.9 -1.3 26
      vertex 20.3975 -1.20104 26
    endloop
  endfacet
  facet normal -0.195096 0.980784 -2.34011e-07
    outer loop
      vertex 20.0368 -1.27279 17.2728
      vertex 19.9 -1.3 26
      vertex 20.3975 -1.20104 17.3317
    endloop
  endfacet
  facet normal -0.195082 0.980787 0
    outer loop
      vertex 19.9 -1.3 26
      vertex 20.0368 -1.27279 17.2728
      vertex 19.9 -1.3 17.2396
    endloop
  endfacet
  facet normal 0.195092 0.980785 0
    outer loop
      vertex 19.9 -1.3 26
      vertex 19.4025 -1.20104 17.3317
      vertex 19.4025 -1.20104 26
    endloop
  endfacet
  facet normal 0.195096 0.980784 -2.34011e-07
    outer loop
      vertex 19.9 -1.3 26
      vertex 19.7632 -1.27279 17.2728
      vertex 19.4025 -1.20104 17.3317
    endloop
  endfacet
  facet normal 0.195082 0.980787 0
    outer loop
      vertex 19.7632 -1.27279 17.2728
      vertex 19.9 -1.3 26
      vertex 19.9 -1.3 17.2396
    endloop
  endfacet
  facet normal 0.195092 -0.980785 0
    outer loop
      vertex 19.4025 1.20104 17.3317
      vertex 19.9 1.3 26
      vertex 19.4025 1.20104 26
    endloop
  endfacet
  facet normal 0.195096 -0.980784 -2.34011e-07
    outer loop
      vertex 19.7632 1.27279 17.2728
      vertex 19.9 1.3 26
      vertex 19.4025 1.20104 17.3317
    endloop
  endfacet
  facet normal 0.195082 -0.980787 0
    outer loop
      vertex 19.9 1.3 26
      vertex 19.7632 1.27279 17.2728
      vertex 19.9 1.3 17.2396
    endloop
  endfacet
  facet normal 0.831474 0.555564 0
    outer loop
      vertex 18.9808 -0.919238 26
      vertex 18.699 -0.497488 17.721
      vertex 18.699 -0.497488 26
    endloop
  endfacet
  facet normal 0.831568 0.555422 -1.04652e-05
    outer loop
      vertex 18.699 -0.497488 17.721
      vertex 18.9808 -0.919238 26
      vertex 18.8268 -0.688829 17.663
    endloop
  endfacet
  facet normal 0.831394 0.555684 0
    outer loop
      vertex 18.8268 -0.688829 17.663
      vertex 18.9808 -0.919238 26
      vertex 18.9808 -0.919238 17.5398
    endloop
  endfacet
  facet normal -0.831568 0.555422 -1.04652e-05
    outer loop
      vertex 20.8192 -0.919238 26
      vertex 21.101 -0.497488 17.721
      vertex 20.9732 -0.688829 17.663
    endloop
  endfacet
  facet normal -0.831394 0.555684 0
    outer loop
      vertex 20.8192 -0.919238 26
      vertex 20.9732 -0.688829 17.663
      vertex 20.8192 -0.919238 17.5398
    endloop
  endfacet
  facet normal -0.831474 0.555564 0
    outer loop
      vertex 21.101 -0.497488 17.721
      vertex 20.8192 -0.919238 26
      vertex 21.101 -0.497488 26
    endloop
  endfacet
  facet normal -0.195092 0.980785 0
    outer loop
      vertex -19.4025 -1.20104 17.3317
      vertex -19.9 -1.3 26
      vertex -19.4025 -1.20104 26
    endloop
  endfacet
  facet normal -0.195096 0.980784 -2.34011e-07
    outer loop
      vertex -19.7632 -1.27279 17.2728
      vertex -19.9 -1.3 26
      vertex -19.4025 -1.20104 17.3317
    endloop
  endfacet
  facet normal -0.195082 0.980787 0
    outer loop
      vertex -19.9 -1.3 26
      vertex -19.7632 -1.27279 17.2728
      vertex -19.9 -1.3 17.2396
    endloop
  endfacet
  facet normal 0.555613 -0.831441 0
    outer loop
      vertex -20.8192 0.919238 17.5398
      vertex -20.3975 1.20104 26
      vertex -20.8192 0.919238 26
    endloop
  endfacet
  facet normal 0.555614 -0.83144 -9.95119e-08
    outer loop
      vertex -20.6983 1.00003 17.4966
      vertex -20.3975 1.20104 26
      vertex -20.8192 0.919238 17.5398
    endloop
  endfacet
  facet normal 0.555612 -0.831442 0
    outer loop
      vertex -20.3975 1.20104 26
      vertex -20.6983 1.00003 17.4966
      vertex -20.3975 1.20104 17.3317
    endloop
  endfacet
  facet normal 0.555613 0.831441 0
    outer loop
      vertex -20.3975 -1.20104 26
      vertex -20.8192 -0.919238 17.5398
      vertex -20.8192 -0.919238 26
    endloop
  endfacet
  facet normal 0.555614 0.83144 -9.95119e-08
    outer loop
      vertex -20.3975 -1.20104 26
      vertex -20.6983 -1.00003 17.4966
      vertex -20.8192 -0.919238 17.5398
    endloop
  endfacet
  facet normal 0.555612 0.831442 0
    outer loop
      vertex -20.6983 -1.00003 17.4966
      vertex -20.3975 -1.20104 26
      vertex -20.3975 -1.20104 17.3317
    endloop
  endfacet
  facet normal -0.980812 0.194956 -1.36708e-05
    outer loop
      vertex -18.699 -0.497488 26
      vertex -18.6 0 17.8
      vertex -18.6698 -0.351162 17.7654
    endloop
  endfacet
  facet normal -0.980665 0.195696 0
    outer loop
      vertex -18.699 -0.497488 26
      vertex -18.6698 -0.351162 17.7654
      vertex -18.699 -0.497488 17.721
    endloop
  endfacet
  facet normal -0.980769 0.195173 0
    outer loop
      vertex -18.6 0 17.8
      vertex -18.699 -0.497488 26
      vertex -18.6 0 26
    endloop
  endfacet
  facet normal 0.195092 0.980785 0
    outer loop
      vertex -19.9 -1.3 26
      vertex -20.3975 -1.20104 17.3317
      vertex -20.3975 -1.20104 26
    endloop
  endfacet
  facet normal 0.195096 0.980784 -2.34011e-07
    outer loop
      vertex -19.9 -1.3 26
      vertex -20.0368 -1.27279 17.2728
      vertex -20.3975 -1.20104 17.3317
    endloop
  endfacet
  facet normal 0.195082 0.980787 0
    outer loop
      vertex -20.0368 -1.27279 17.2728
      vertex -19.9 -1.3 26
      vertex -19.9 -1.3 17.2396
    endloop
  endfacet
  facet normal -0.980665 -0.195696 0
    outer loop
      vertex -18.6698 0.351162 17.7654
      vertex -18.699 0.497488 26
      vertex -18.699 0.497488 17.721
    endloop
  endfacet
  facet normal -0.980812 -0.194956 -1.36708e-05
    outer loop
      vertex -18.6 0 17.8
      vertex -18.699 0.497488 26
      vertex -18.6698 0.351162 17.7654
    endloop
  endfacet
  facet normal -0.980769 -0.195173 0
    outer loop
      vertex -18.699 0.497488 26
      vertex -18.6 0 17.8
      vertex -18.6 0 26
    endloop
  endfacet
  facet normal 0.980793 -0.195051 0
    outer loop
      vertex -21.101 0.497488 26
      vertex -21.1301 0.351162 17.7654
      vertex -21.101 0.497488 17.721
    endloop
  endfacet
  facet normal 0.980769 -0.195173 0
    outer loop
      vertex -21.2 0 17.8
      vertex -21.101 0.497488 26
      vertex -21.2 0 26
    endloop
  endfacet
  facet normal 0.980759 -0.195223 3.17351e-06
    outer loop
      vertex -21.101 0.497488 26
      vertex -21.2 0 17.8
      vertex -21.1301 0.351162 17.7654
    endloop
  endfacet
  facet normal 0.980769 0.195173 0
    outer loop
      vertex -21.101 -0.497488 26
      vertex -21.2 0 17.8
      vertex -21.2 0 26
    endloop
  endfacet
  facet normal 0.980759 0.195223 3.17351e-06
    outer loop
      vertex -21.2 0 17.8
      vertex -21.101 -0.497488 26
      vertex -21.1301 -0.351162 17.7654
    endloop
  endfacet
  facet normal 0.980793 0.195051 0
    outer loop
      vertex -21.1301 -0.351162 17.7654
      vertex -21.101 -0.497488 26
      vertex -21.101 -0.497488 17.721
    endloop
  endfacet
  facet normal -0.831394 -0.555684 0
    outer loop
      vertex -18.8268 0.688829 17.663
      vertex -18.9808 0.919238 26
      vertex -18.9808 0.919238 17.5398
    endloop
  endfacet
  facet normal -0.831568 -0.555422 -1.04652e-05
    outer loop
      vertex -18.699 0.497488 17.721
      vertex -18.9808 0.919238 26
      vertex -18.8268 0.688829 17.663
    endloop
  endfacet
  facet normal -0.831474 -0.555564 0
    outer loop
      vertex -18.9808 0.919238 26
      vertex -18.699 0.497488 17.721
      vertex -18.699 0.497488 26
    endloop
  endfacet
  facet normal -0.555613 0.831441 0
    outer loop
      vertex -18.9808 -0.919238 17.5398
      vertex -19.4025 -1.20104 26
      vertex -18.9808 -0.919238 26
    endloop
  endfacet
  facet normal -0.555614 0.83144 -9.95119e-08
    outer loop
      vertex -19.1017 -1.00003 17.4966
      vertex -19.4025 -1.20104 26
      vertex -18.9808 -0.919238 17.5398
    endloop
  endfacet
  facet normal -0.555612 0.831442 0
    outer loop
      vertex -19.4025 -1.20104 26
      vertex -19.1017 -1.00003 17.4966
      vertex -19.4025 -1.20104 17.3317
    endloop
  endfacet
  facet normal -0.831568 0.555422 -1.04652e-05
    outer loop
      vertex -18.9808 -0.919238 26
      vertex -18.699 -0.497488 17.721
      vertex -18.8268 -0.688829 17.663
    endloop
  endfacet
  facet normal -0.831394 0.555684 0
    outer loop
      vertex -18.9808 -0.919238 26
      vertex -18.8268 -0.688829 17.663
      vertex -18.9808 -0.919238 17.5398
    endloop
  endfacet
  facet normal -0.831474 0.555564 0
    outer loop
      vertex -18.699 -0.497488 17.721
      vertex -18.9808 -0.919238 26
      vertex -18.699 -0.497488 26
    endloop
  endfacet
  facet normal 0.195092 -0.980785 0
    outer loop
      vertex -20.3975 1.20104 17.3317
      vertex -19.9 1.3 26
      vertex -20.3975 1.20104 26
    endloop
  endfacet
  facet normal 0.195096 -0.980784 -2.34011e-07
    outer loop
      vertex -20.0368 1.27279 17.2728
      vertex -19.9 1.3 26
      vertex -20.3975 1.20104 17.3317
    endloop
  endfacet
  facet normal 0.195082 -0.980787 0
    outer loop
      vertex -19.9 1.3 26
      vertex -20.0368 1.27279 17.2728
      vertex -19.9 1.3 17.2396
    endloop
  endfacet
  facet normal 0.831474 0.555564 0
    outer loop
      vertex -20.8192 -0.919238 26
      vertex -21.101 -0.497488 17.721
      vertex -21.101 -0.497488 26
    endloop
  endfacet
  facet normal 0.831568 0.555422 -1.04652e-05
    outer loop
      vertex -21.101 -0.497488 17.721
      vertex -20.8192 -0.919238 26
      vertex -20.9732 -0.688829 17.663
    endloop
  endfacet
  facet normal 0.831394 0.555684 0
    outer loop
      vertex -20.9732 -0.688829 17.663
      vertex -20.8192 -0.919238 26
      vertex -20.8192 -0.919238 17.5398
    endloop
  endfacet
  facet normal 0.831394 -0.555684 0
    outer loop
      vertex -20.8192 0.919238 26
      vertex -20.9732 0.688829 17.663
      vertex -20.8192 0.919238 17.5398
    endloop
  endfacet
  facet normal 0.831474 -0.555564 0
    outer loop
      vertex -21.101 0.497488 17.721
      vertex -20.8192 0.919238 26
      vertex -21.101 0.497488 26
    endloop
  endfacet
  facet normal 0.831568 -0.555422 -1.04652e-05
    outer loop
      vertex -20.8192 0.919238 26
      vertex -21.101 0.497488 17.721
      vertex -20.9732 0.688829 17.663
    endloop
  endfacet
  facet normal -0.195092 -0.980785 0
    outer loop
      vertex -19.9 1.3 26
      vertex -19.4025 1.20104 17.3317
      vertex -19.4025 1.20104 26
    endloop
  endfacet
  facet normal -0.195096 -0.980784 -2.34011e-07
    outer loop
      vertex -19.9 1.3 26
      vertex -19.7632 1.27279 17.2728
      vertex -19.4025 1.20104 17.3317
    endloop
  endfacet
  facet normal -0.195082 -0.980787 0
    outer loop
      vertex -19.7632 1.27279 17.2728
      vertex -19.9 1.3 26
      vertex -19.9 1.3 17.2396
    endloop
  endfacet
  facet normal -0.555613 -0.831441 0
    outer loop
      vertex -19.4025 1.20104 26
      vertex -18.9808 0.919238 17.5398
      vertex -18.9808 0.919238 26
    endloop
  endfacet
  facet normal -0.555614 -0.83144 -9.95119e-08
    outer loop
      vertex -19.4025 1.20104 26
      vertex -19.1017 1.00003 17.4966
      vertex -18.9808 0.919238 17.5398
    endloop
  endfacet
  facet normal -0.555612 -0.831442 0
    outer loop
      vertex -19.1017 1.00003 17.4966
      vertex -19.4025 1.20104 26
      vertex -19.4025 1.20104 17.3317
    endloop
  endfacet
  facet normal 0.980787 0.195082 0
    outer loop
      vertex -1.27279 19.7632 8.72721
      vertex -1.3 19.9 0
      vertex -1.3 19.9 8.76036
    endloop
  endfacet
  facet normal 0.980784 0.195096 2.34011e-07
    outer loop
      vertex -1.20104 19.4025 8.66832
      vertex -1.3 19.9 0
      vertex -1.27279 19.7632 8.72721
    endloop
  endfacet
  facet normal 0.980785 0.195092 0
    outer loop
      vertex -1.3 19.9 0
      vertex -1.20104 19.4025 8.66832
      vertex -1.20104 19.4025 0
    endloop
  endfacet
  facet normal -0.831441 -0.555613 0
    outer loop
      vertex 1.20104 20.3975 0
      vertex 0.919238 20.8192 8.46017
      vertex 0.919238 20.8192 0
    endloop
  endfacet
  facet normal -0.83144 -0.555614 9.95131e-08
    outer loop
      vertex 0.919238 20.8192 8.46017
      vertex 1.20104 20.3975 0
      vertex 1.00003 20.6983 8.50335
    endloop
  endfacet
  facet normal -0.831442 -0.555612 0
    outer loop
      vertex 1.00003 20.6983 8.50335
      vertex 1.20104 20.3975 0
      vertex 1.20104 20.3975 8.66832
    endloop
  endfacet
  facet normal 0.555684 -0.831394 0
    outer loop
      vertex -0.919238 20.8192 0
      vertex -0.688829 20.9732 8.33702
      vertex -0.919238 20.8192 8.46017
    endloop
  endfacet
  facet normal 0.555422 -0.831568 1.04651e-05
    outer loop
      vertex -0.919238 20.8192 0
      vertex -0.497488 21.101 8.27897
      vertex -0.688829 20.9732 8.33702
    endloop
  endfacet
  facet normal 0.555564 -0.831474 0
    outer loop
      vertex -0.497488 21.101 8.27897
      vertex -0.919238 20.8192 0
      vertex -0.497488 21.101 0
    endloop
  endfacet
  facet normal 0.195051 -0.980793 0
    outer loop
      vertex -0.497488 21.101 0
      vertex -0.351162 21.1301 8.23459
      vertex -0.497488 21.101 8.27897
    endloop
  endfacet
  facet normal 0.195223 -0.980759 -3.17352e-06
    outer loop
      vertex -0.497488 21.101 0
      vertex 0 21.2 8.2
      vertex -0.351162 21.1301 8.23459
    endloop
  endfacet
  facet normal 0.195173 -0.980769 0
    outer loop
      vertex 0 21.2 8.2
      vertex -0.497488 21.101 0
      vertex 0 21.2 0
    endloop
  endfacet
  facet normal 0.83144 -0.555614 9.95131e-08
    outer loop
      vertex -1.20104 20.3975 0
      vertex -0.919238 20.8192 8.46017
      vertex -1.00003 20.6983 8.50335
    endloop
  endfacet
  facet normal 0.831442 -0.555612 0
    outer loop
      vertex -1.20104 20.3975 0
      vertex -1.00003 20.6983 8.50335
      vertex -1.20104 20.3975 8.66832
    endloop
  endfacet
  facet normal 0.831441 -0.555613 0
    outer loop
      vertex -0.919238 20.8192 8.46017
      vertex -1.20104 20.3975 0
      vertex -0.919238 20.8192 0
    endloop
  endfacet
  facet normal 0.195173 0.980769 0
    outer loop
      vertex -0.497488 18.699 0
      vertex 0 18.6 8.2
      vertex 0 18.6 0
    endloop
  endfacet
  facet normal 0.194956 0.980812 1.36709e-05
    outer loop
      vertex 0 18.6 8.2
      vertex -0.497488 18.699 0
      vertex -0.351162 18.6698 8.23459
    endloop
  endfacet
  facet normal 0.195696 0.980665 0
    outer loop
      vertex -0.351162 18.6698 8.23459
      vertex -0.497488 18.699 0
      vertex -0.497488 18.699 8.27897
    endloop
  endfacet
  facet normal 0.980784 -0.195096 2.34011e-07
    outer loop
      vertex -1.3 19.9 0
      vertex -1.20104 20.3975 8.66832
      vertex -1.27279 20.0368 8.72721
    endloop
  endfacet
  facet normal 0.980787 -0.195082 0
    outer loop
      vertex -1.3 19.9 0
      vertex -1.27279 20.0368 8.72721
      vertex -1.3 19.9 8.76036
    endloop
  endfacet
  facet normal 0.980785 -0.195092 0
    outer loop
      vertex -1.20104 20.3975 8.66832
      vertex -1.3 19.9 0
      vertex -1.20104 20.3975 0
    endloop
  endfacet
  facet normal -0.195696 0.980665 0
    outer loop
      vertex 0.497488 18.699 0
      vertex 0.351162 18.6698 8.23459
      vertex 0.497488 18.699 8.27897
    endloop
  endfacet
  facet normal -0.194956 0.980812 1.36709e-05
    outer loop
      vertex 0.497488 18.699 0
      vertex 0 18.6 8.2
      vertex 0.351162 18.6698 8.23459
    endloop
  endfacet
  facet normal -0.195173 0.980769 0
    outer loop
      vertex 0 18.6 8.2
      vertex 0.497488 18.699 0
      vertex 0 18.6 0
    endloop
  endfacet
  facet normal -0.195173 -0.980769 0
    outer loop
      vertex 0.497488 21.101 0
      vertex 0 21.2 8.2
      vertex 0 21.2 0
    endloop
  endfacet
  facet normal -0.195223 -0.980759 -3.17352e-06
    outer loop
      vertex 0 21.2 8.2
      vertex 0.497488 21.101 0
      vertex 0.351162 21.1301 8.23459
    endloop
  endfacet
  facet normal -0.195051 -0.980793 0
    outer loop
      vertex 0.351162 21.1301 8.23459
      vertex 0.497488 21.101 0
      vertex 0.497488 21.101 8.27897
    endloop
  endfacet
  facet normal -0.555684 0.831394 0
    outer loop
      vertex 0.919238 18.9808 0
      vertex 0.688829 18.8268 8.33702
      vertex 0.919238 18.9808 8.46017
    endloop
  endfacet
  facet normal -0.555422 0.831568 1.04651e-05
    outer loop
      vertex 0.919238 18.9808 0
      vertex 0.497488 18.699 8.27897
      vertex 0.688829 18.8268 8.33702
    endloop
  endfacet
  facet normal -0.555564 0.831474 0
    outer loop
      vertex 0.497488 18.699 8.27897
      vertex 0.919238 18.9808 0
      vertex 0.497488 18.699 0
    endloop
  endfacet
  facet normal 0.831442 0.555612 0
    outer loop
      vertex -1.00003 19.1017 8.50335
      vertex -1.20104 19.4025 0
      vertex -1.20104 19.4025 8.66832
    endloop
  endfacet
  facet normal 0.83144 0.555614 9.95131e-08
    outer loop
      vertex -0.919238 18.9808 8.46017
      vertex -1.20104 19.4025 0
      vertex -1.00003 19.1017 8.50335
    endloop
  endfacet
  facet normal 0.831441 0.555613 0
    outer loop
      vertex -1.20104 19.4025 0
      vertex -0.919238 18.9808 8.46017
      vertex -0.919238 18.9808 0
    endloop
  endfacet
  facet normal 0.555564 0.831474 0
    outer loop
      vertex -0.919238 18.9808 0
      vertex -0.497488 18.699 8.27897
      vertex -0.497488 18.699 0
    endloop
  endfacet
  facet normal 0.555422 0.831568 1.04651e-05
    outer loop
      vertex -0.497488 18.699 8.27897
      vertex -0.919238 18.9808 0
      vertex -0.688829 18.8268 8.33702
    endloop
  endfacet
  facet normal 0.555684 0.831394 0
    outer loop
      vertex -0.688829 18.8268 8.33702
      vertex -0.919238 18.9808 0
      vertex -0.919238 18.9808 8.46017
    endloop
  endfacet
  facet normal -0.980785 -0.195092 0
    outer loop
      vertex 1.3 19.9 0
      vertex 1.20104 20.3975 8.66832
      vertex 1.20104 20.3975 0
    endloop
  endfacet
  facet normal -0.980784 -0.195096 2.34011e-07
    outer loop
      vertex 1.20104 20.3975 8.66832
      vertex 1.3 19.9 0
      vertex 1.27279 20.0368 8.72721
    endloop
  endfacet
  facet normal -0.980787 -0.195082 0
    outer loop
      vertex 1.27279 20.0368 8.72721
      vertex 1.3 19.9 0
      vertex 1.3 19.9 8.76036
    endloop
  endfacet
  facet normal -0.555564 -0.831474 0
    outer loop
      vertex 0.919238 20.8192 0
      vertex 0.497488 21.101 8.27897
      vertex 0.497488 21.101 0
    endloop
  endfacet
  facet normal -0.555422 -0.831568 1.04651e-05
    outer loop
      vertex 0.497488 21.101 8.27897
      vertex 0.919238 20.8192 0
      vertex 0.688829 20.9732 8.33702
    endloop
  endfacet
  facet normal -0.555684 -0.831394 0
    outer loop
      vertex 0.688829 20.9732 8.33702
      vertex 0.919238 20.8192 0
      vertex 0.919238 20.8192 8.46017
    endloop
  endfacet
  facet normal -0.980787 0.195082 0
    outer loop
      vertex 1.3 19.9 0
      vertex 1.27279 19.7632 8.72721
      vertex 1.3 19.9 8.76036
    endloop
  endfacet
  facet normal -0.980785 0.195092 0
    outer loop
      vertex 1.20104 19.4025 8.66832
      vertex 1.3 19.9 0
      vertex 1.20104 19.4025 0
    endloop
  endfacet
  facet normal -0.980784 0.195096 2.34011e-07
    outer loop
      vertex 1.3 19.9 0
      vertex 1.20104 19.4025 8.66832
      vertex 1.27279 19.7632 8.72721
    endloop
  endfacet
  facet normal -0.831442 0.555612 0
    outer loop
      vertex 1.20104 19.4025 0
      vertex 1.00003 19.1017 8.50335
      vertex 1.20104 19.4025 8.66832
    endloop
  endfacet
  facet normal -0.831441 0.555613 0
    outer loop
      vertex 0.919238 18.9808 8.46017
      vertex 1.20104 19.4025 0
      vertex 0.919238 18.9808 0
    endloop
  endfacet
  facet normal -0.83144 0.555614 9.95131e-08
    outer loop
      vertex 1.20104 19.4025 0
      vertex 0.919238 18.9808 8.46017
      vertex 1.00003 19.1017 8.50335
    endloop
  endfacet
  facet normal 0.831442 0.555612 0
    outer loop
      vertex -1.00003 -20.6983 8.50335
      vertex -1.20104 -20.3975 0
      vertex -1.20104 -20.3975 8.66832
    endloop
  endfacet
  facet normal 0.83144 0.555614 9.95131e-08
    outer loop
      vertex -0.919238 -20.8192 8.46017
      vertex -1.20104 -20.3975 0
      vertex -1.00003 -20.6983 8.50335
    endloop
  endfacet
  facet normal 0.831441 0.555613 0
    outer loop
      vertex -1.20104 -20.3975 0
      vertex -0.919238 -20.8192 8.46017
      vertex -0.919238 -20.8192 0
    endloop
  endfacet
  facet normal -0.555684 0.831394 0
    outer loop
      vertex 0.919238 -20.8192 0
      vertex 0.688829 -20.9732 8.33702
      vertex 0.919238 -20.8192 8.46017
    endloop
  endfacet
  facet normal -0.555422 0.831568 1.04651e-05
    outer loop
      vertex 0.919238 -20.8192 0
      vertex 0.497488 -21.101 8.27897
      vertex 0.688829 -20.9732 8.33702
    endloop
  endfacet
  facet normal -0.555564 0.831474 0
    outer loop
      vertex 0.497488 -21.101 8.27897
      vertex 0.919238 -20.8192 0
      vertex 0.497488 -21.101 0
    endloop
  endfacet
  facet normal -0.831442 0.555612 0
    outer loop
      vertex 1.20104 -20.3975 0
      vertex 1.00003 -20.6983 8.50335
      vertex 1.20104 -20.3975 8.66832
    endloop
  endfacet
  facet normal -0.831441 0.555613 0
    outer loop
      vertex 0.919238 -20.8192 8.46017
      vertex 1.20104 -20.3975 0
      vertex 0.919238 -20.8192 0
    endloop
  endfacet
  facet normal -0.83144 0.555614 9.95131e-08
    outer loop
      vertex 1.20104 -20.3975 0
      vertex 0.919238 -20.8192 8.46017
      vertex 1.00003 -20.6983 8.50335
    endloop
  endfacet
  facet normal -0.195173 -0.980769 0
    outer loop
      vertex 0.497488 -18.699 0
      vertex 0 -18.6 8.2
      vertex 0 -18.6 0
    endloop
  endfacet
  facet normal -0.194956 -0.980812 1.36709e-05
    outer loop
      vertex 0 -18.6 8.2
      vertex 0.497488 -18.699 0
      vertex 0.351162 -18.6698 8.23459
    endloop
  endfacet
  facet normal -0.195696 -0.980665 0
    outer loop
      vertex 0.351162 -18.6698 8.23459
      vertex 0.497488 -18.699 0
      vertex 0.497488 -18.699 8.27897
    endloop
  endfacet
  facet normal -0.980787 0.195082 0
    outer loop
      vertex 1.3 -19.9 0
      vertex 1.27279 -20.0368 8.72721
      vertex 1.3 -19.9 8.76036
    endloop
  endfacet
  facet normal -0.980785 0.195092 0
    outer loop
      vertex 1.20104 -20.3975 8.66832
      vertex 1.3 -19.9 0
      vertex 1.20104 -20.3975 0
    endloop
  endfacet
  facet normal -0.980784 0.195096 2.34011e-07
    outer loop
      vertex 1.3 -19.9 0
      vertex 1.20104 -20.3975 8.66832
      vertex 1.27279 -20.0368 8.72721
    endloop
  endfacet
  facet normal 0.195696 -0.980665 0
    outer loop
      vertex -0.497488 -18.699 0
      vertex -0.351162 -18.6698 8.23459
      vertex -0.497488 -18.699 8.27897
    endloop
  endfacet
  facet normal 0.194956 -0.980812 1.36709e-05
    outer loop
      vertex -0.497488 -18.699 0
      vertex 0 -18.6 8.2
      vertex -0.351162 -18.6698 8.23459
    endloop
  endfacet
  facet normal 0.195173 -0.980769 0
    outer loop
      vertex 0 -18.6 8.2
      vertex -0.497488 -18.699 0
      vertex 0 -18.6 0
    endloop
  endfacet
  facet normal 0.195173 0.980769 0
    outer loop
      vertex -0.497488 -21.101 0
      vertex 0 -21.2 8.2
      vertex 0 -21.2 0
    endloop
  endfacet
  facet normal 0.195223 0.980759 -3.17352e-06
    outer loop
      vertex 0 -21.2 8.2
      vertex -0.497488 -21.101 0
      vertex -0.351162 -21.1301 8.23459
    endloop
  endfacet
  facet normal 0.195051 0.980793 0
    outer loop
      vertex -0.351162 -21.1301 8.23459
      vertex -0.497488 -21.101 0
      vertex -0.497488 -21.101 8.27897
    endloop
  endfacet
  facet normal -0.195051 0.980793 0
    outer loop
      vertex 0.497488 -21.101 0
      vertex 0.351162 -21.1301 8.23459
      vertex 0.497488 -21.101 8.27897
    endloop
  endfacet
  facet normal -0.195223 0.980759 -3.17352e-06
    outer loop
      vertex 0.497488 -21.101 0
      vertex 0 -21.2 8.2
      vertex 0.351162 -21.1301 8.23459
    endloop
  endfacet
  facet normal -0.195173 0.980769 0
    outer loop
      vertex 0 -21.2 8.2
      vertex 0.497488 -21.101 0
      vertex 0 -21.2 0
    endloop
  endfacet
  facet normal 0.555684 -0.831394 0
    outer loop
      vertex -0.919238 -18.9808 0
      vertex -0.688829 -18.8268 8.33702
      vertex -0.919238 -18.9808 8.46017
    endloop
  endfacet
  facet normal 0.555422 -0.831568 1.04651e-05
    outer loop
      vertex -0.919238 -18.9808 0
      vertex -0.497488 -18.699 8.27897
      vertex -0.688829 -18.8268 8.33702
    endloop
  endfacet
  facet normal 0.555564 -0.831474 0
    outer loop
      vertex -0.497488 -18.699 8.27897
      vertex -0.919238 -18.9808 0
      vertex -0.497488 -18.699 0
    endloop
  endfacet
  facet normal -0.831441 -0.555613 0
    outer loop
      vertex 1.20104 -19.4025 0
      vertex 0.919238 -18.9808 8.46017
      vertex 0.919238 -18.9808 0
    endloop
  endfacet
  facet normal -0.83144 -0.555614 9.95131e-08
    outer loop
      vertex 0.919238 -18.9808 8.46017
      vertex 1.20104 -19.4025 0
      vertex 1.00003 -19.1017 8.50335
    endloop
  endfacet
  facet normal -0.831442 -0.555612 0
    outer loop
      vertex 1.00003 -19.1017 8.50335
      vertex 1.20104 -19.4025 0
      vertex 1.20104 -19.4025 8.66832
    endloop
  endfacet
  facet normal 0.555564 0.831474 0
    outer loop
      vertex -0.919238 -20.8192 0
      vertex -0.497488 -21.101 8.27897
      vertex -0.497488 -21.101 0
    endloop
  endfacet
  facet normal 0.555422 0.831568 1.04651e-05
    outer loop
      vertex -0.497488 -21.101 8.27897
      vertex -0.919238 -20.8192 0
      vertex -0.688829 -20.9732 8.33702
    endloop
  endfacet
  facet normal 0.555684 0.831394 0
    outer loop
      vertex -0.688829 -20.9732 8.33702
      vertex -0.919238 -20.8192 0
      vertex -0.919238 -20.8192 8.46017
    endloop
  endfacet
  facet normal 0.980787 0.195082 0
    outer loop
      vertex -1.27279 -20.0368 8.72721
      vertex -1.3 -19.9 0
      vertex -1.3 -19.9 8.76036
    endloop
  endfacet
  facet normal 0.980784 0.195096 2.34011e-07
    outer loop
      vertex -1.20104 -20.3975 8.66832
      vertex -1.3 -19.9 0
      vertex -1.27279 -20.0368 8.72721
    endloop
  endfacet
  facet normal 0.980785 0.195092 0
    outer loop
      vertex -1.3 -19.9 0
      vertex -1.20104 -20.3975 8.66832
      vertex -1.20104 -20.3975 0
    endloop
  endfacet
  facet normal -0.980785 -0.195092 0
    outer loop
      vertex 1.3 -19.9 0
      vertex 1.20104 -19.4025 8.66832
      vertex 1.20104 -19.4025 0
    endloop
  endfacet
  facet normal -0.980784 -0.195096 2.34011e-07
    outer loop
      vertex 1.20104 -19.4025 8.66832
      vertex 1.3 -19.9 0
      vertex 1.27279 -19.7632 8.72721
    endloop
  endfacet
  facet normal -0.980787 -0.195082 0
    outer loop
      vertex 1.27279 -19.7632 8.72721
      vertex 1.3 -19.9 0
      vertex 1.3 -19.9 8.76036
    endloop
  endfacet
  facet normal 0.980784 -0.195096 2.34011e-07
    outer loop
      vertex -1.3 -19.9 0
      vertex -1.20104 -19.4025 8.66832
      vertex -1.27279 -19.7632 8.72721
    endloop
  endfacet
  facet normal 0.980787 -0.195082 0
    outer loop
      vertex -1.3 -19.9 0
      vertex -1.27279 -19.7632 8.72721
      vertex -1.3 -19.9 8.76036
    endloop
  endfacet
  facet normal 0.980785 -0.195092 0
    outer loop
      vertex -1.20104 -19.4025 8.66832
      vertex -1.3 -19.9 0
      vertex -1.20104 -19.4025 0
    endloop
  endfacet
  facet normal -0.555564 -0.831474 0
    outer loop
      vertex 0.919238 -18.9808 0
      vertex 0.497488 -18.699 8.27897
      vertex 0.497488 -18.699 0
    endloop
  endfacet
  facet normal -0.555422 -0.831568 1.04651e-05
    outer loop
      vertex 0.497488 -18.699 8.27897
      vertex 0.919238 -18.9808 0
      vertex 0.688829 -18.8268 8.33702
    endloop
  endfacet
  facet normal -0.555684 -0.831394 0
    outer loop
      vertex 0.688829 -18.8268 8.33702
      vertex 0.919238 -18.9808 0
      vertex 0.919238 -18.9808 8.46017
    endloop
  endfacet
  facet normal 0.83144 -0.555614 9.95131e-08
    outer loop
      vertex -1.20104 -19.4025 0
      vertex -0.919238 -18.9808 8.46017
      vertex -1.00003 -19.1017 8.50335
    endloop
  endfacet
  facet normal 0.831442 -0.555612 0
    outer loop
      vertex -1.20104 -19.4025 0
      vertex -1.00003 -19.1017 8.50335
      vertex -1.20104 -19.4025 8.66832
    endloop
  endfacet
  facet normal 0.831441 -0.555613 0
    outer loop
      vertex -0.919238 -18.9808 8.46017
      vertex -1.20104 -19.4025 0
      vertex -0.919238 -18.9808 0
    endloop
  endfacet
  facet normal 0.991442 0.130548 0
    outer loop
      vertex 23.311 2.03944 26
      vertex 23.0445 4.06337 0
      vertex 23.0445 4.06337 26
    endloop
  endfacet
  facet normal 0.991442 0.130548 0
    outer loop
      vertex 23.0445 4.06337 0
      vertex 23.311 2.03944 26
      vertex 23.311 2.03944 0
    endloop
  endfacet
  facet normal 0.999058 0.0433938 0
    outer loop
      vertex 23.311 2.03944 26
      vertex 23.3214 1.8 16
      vertex 23.311 2.03944 0
    endloop
  endfacet
  facet normal 0.99906 0.043338 1.3383e-06
    outer loop
      vertex 23.311 2.03944 26
      vertex 23.3229 1.76541 16.3512
      vertex 23.3214 1.8 16
    endloop
  endfacet
  facet normal 0.999038 0.0438469 -1.31419e-05
    outer loop
      vertex 23.311 2.03944 26
      vertex 23.3274 1.66298 16.6888
      vertex 23.3229 1.76541 16.3512
    endloop
  endfacet
  facet normal 0.999039 0.0438212 -1.21026e-05
    outer loop
      vertex 23.311 2.03944 26
      vertex 23.3347 1.49664 17
      vertex 23.3274 1.66298 16.6888
    endloop
  endfacet
  facet normal 0.999061 0.0433145 1.85171e-05
    outer loop
      vertex 23.311 2.03944 26
      vertex 23.3444 1.27279 17.2728
      vertex 23.3347 1.49664 17
    endloop
  endfacet
  facet normal 0.99905 0.0435825 -5.07001e-06
    outer loop
      vertex 23.311 2.03944 26
      vertex 23.3563 1.00003 17.4966
      vertex 23.3444 1.27279 17.2728
    endloop
  endfacet
  facet normal 0.999047 0.0436527 -1.36683e-05
    outer loop
      vertex 23.311 2.03944 26
      vertex 23.3699 0.688829 17.663
      vertex 23.3563 1.00003 17.4966
    endloop
  endfacet
  facet normal 0.999041 0.0437778 -3.39809e-05
    outer loop
      vertex 23.311 2.03944 26
      vertex 23.3847 0.351162 17.7654
      vertex 23.3699 0.688829 17.663
    endloop
  endfacet
  facet normal 0.999049 0.0435979 2.97359e-06
    outer loop
      vertex 23.4 0 26
      vertex 23.3847 0.351162 17.7654
      vertex 23.311 2.03944 26
    endloop
  endfacet
  facet normal 0.999052 0.0435283 0
    outer loop
      vertex 23.3847 0.351162 17.7654
      vertex 23.4 0 26
      vertex 23.4 0 17.8
    endloop
  endfacet
  facet normal 0.999061 0.0433336 -9.02636e-07
    outer loop
      vertex 23.3229 1.76541 15.6488
      vertex 23.311 2.03944 0
      vertex 23.3214 1.8 16
    endloop
  endfacet
  facet normal 0.999038 0.0438625 8.37806e-06
    outer loop
      vertex 23.3274 1.66298 15.3112
      vertex 23.311 2.03944 0
      vertex 23.3229 1.76541 15.6488
    endloop
  endfacet
  facet normal 0.999039 0.0438297 7.56849e-06
    outer loop
      vertex 23.3347 1.49664 15
      vertex 23.311 2.03944 0
      vertex 23.3274 1.66298 15.3112
    endloop
  endfacet
  facet normal 0.999062 0.0433059 -1.14231e-05
    outer loop
      vertex 23.3444 1.27279 14.7272
      vertex 23.311 2.03944 0
      vertex 23.3347 1.49664 15
    endloop
  endfacet
  facet normal 0.99905 0.0435841 3.08905e-06
    outer loop
      vertex 23.3563 1.00003 14.5034
      vertex 23.311 2.03944 0
      vertex 23.3444 1.27279 14.7272
    endloop
  endfacet
  facet normal 0.999047 0.0436556 8.22245e-06
    outer loop
      vertex 23.3699 0.688829 14.337
      vertex 23.311 2.03944 0
      vertex 23.3563 1.00003 14.5034
    endloop
  endfacet
  facet normal 0.999041 0.043782 2.01549e-05
    outer loop
      vertex 23.3847 0.351162 14.2346
      vertex 23.311 2.03944 0
      vertex 23.3699 0.688829 14.337
    endloop
  endfacet
  facet normal 0.999052 0.0435283 -0
    outer loop
      vertex 23.4 0 0
      vertex 23.3847 0.351162 14.2346
      vertex 23.4 0 14.2
    endloop
  endfacet
  facet normal 0.999049 0.0435979 -1.7202e-06
    outer loop
      vertex 23.3847 0.351162 14.2346
      vertex 23.4 0 0
      vertex 23.311 2.03944 0
    endloop
  endfacet
  facet normal 0.9763 0.216422 0
    outer loop
      vertex 23.0445 4.06337 26
      vertex 22.6027 6.05637 0
      vertex 22.6027 6.05637 26
    endloop
  endfacet
  facet normal 0.9763 0.216422 0
    outer loop
      vertex 22.6027 6.05637 0
      vertex 23.0445 4.06337 26
      vertex 23.0445 4.06337 0
    endloop
  endfacet
  facet normal 0.382681 0.923881 -0
    outer loop
      vertex 9.88927 21.2076 0
      vertex 8.00327 21.9888 26
      vertex 9.88927 21.2076 26
    endloop
  endfacet
  facet normal 0.382681 0.923881 0
    outer loop
      vertex 8.00327 21.9888 26
      vertex 9.88927 21.2076 0
      vertex 8.00327 21.9888 0
    endloop
  endfacet
  facet normal 0.675947 0.73695 -5.39592e-05
    outer loop
      vertex 15.0412 17.9254 0
      vertex 15.8191 17.2127 11.0351
      vertex 15.8602 17.175 11.0061
    endloop
  endfacet
  facet normal 0.675465 0.737392 1.79367e-05
    outer loop
      vertex 15.0412 17.9254 0
      vertex 15.9029 17.1358 10.9821
      vertex 15.991 17.0551 10.9327
    endloop
  endfacet
  facet normal 0.675701 0.737176 -0
    outer loop
      vertex 16.5463 16.5463 0
      vertex 16.4048 16.676 10.8084
      vertex 16.5463 16.5463 10.8
    endloop
  endfacet
  facet normal 0.675572 0.737294 -3.1191e-06
    outer loop
      vertex 15.0412 17.9254 0
      vertex 16.4048 16.676 10.8084
      vertex 16.5463 16.5463 0
    endloop
  endfacet
  facet normal 0.675442 0.737413 2.69949e-05
    outer loop
      vertex 16.4048 16.676 10.8084
      vertex 15.0412 17.9254 0
      vertex 16.2644 16.8046 10.8334
    endloop
  endfacet
  facet normal 0.675509 0.737351 1.29465e-05
    outer loop
      vertex 16.2644 16.8046 10.8334
      vertex 15.0412 17.9254 0
      vertex 16.1261 16.9313 10.875
    endloop
  endfacet
  facet normal 0.6756 0.737268 -3.71086e-06
    outer loop
      vertex 16.1261 16.9313 10.875
      vertex 15.0412 17.9254 0
      vertex 15.991 17.0551 10.9327
    endloop
  endfacet
  facet normal 0.676243 0.736679 -9.43688e-05
    outer loop
      vertex 15.9029 17.1358 10.9821
      vertex 15.0412 17.9254 0
      vertex 15.8602 17.175 11.0061
    endloop
  endfacet
  facet normal 0.67549 0.737369 5.39521e-06
    outer loop
      vertex 15.8191 17.2127 11.0351
      vertex 15.0412 17.9254 0
      vertex 15.7345 17.2902 11.0947
    endloop
  endfacet
  facet normal 0.675556 0.737309 -2.18617e-06
    outer loop
      vertex 15.7345 17.2902 11.0947
      vertex 15.0412 17.9254 0
      vertex 15.6151 17.3996 11.1979
    endloop
  endfacet
  facet normal 0.675602 0.737266 -6.55138e-06
    outer loop
      vertex 15.6151 17.3996 11.1979
      vertex 15.0412 17.9254 0
      vertex 15.5027 17.5026 11.3147
    endloop
  endfacet
  facet normal 0.675715 0.737163 -1.49855e-05
    outer loop
      vertex 15.5027 17.5026 11.3147
      vertex 15.0412 17.9254 0
      vertex 15.3983 17.5983 11.4444
    endloop
  endfacet
  facet normal 0.675613 0.737257 -9.13722e-06
    outer loop
      vertex 15.3983 17.5983 11.4444
      vertex 15.0412 17.9254 0
      vertex 15.3026 17.686 11.5859
    endloop
  endfacet
  facet normal 0.675637 0.737234 -1.01659e-05
    outer loop
      vertex 15.3026 17.686 11.5859
      vertex 15.0412 17.9254 0
      vertex 15.2164 17.765 11.7381
    endloop
  endfacet
  facet normal 0.675413 0.73744 -4.00072e-06
    outer loop
      vertex 15.2164 17.765 11.7381
      vertex 15.0412 17.9254 0
      vertex 15.1403 17.8347 11.9
    endloop
  endfacet
  facet normal 0.675413 0.73744 -3.99731e-06
    outer loop
      vertex 15.1403 17.8347 11.9
      vertex 15.0412 17.9254 0
      vertex 15.0749 17.8946 12.0702
    endloop
  endfacet
  facet normal 0.674633 0.738153 0
    outer loop
      vertex 15.0749 17.8946 12.0702
      vertex 15.0412 17.9254 0
      vertex 15.0412 17.9254 12.1802
    endloop
  endfacet
  facet normal 0.675701 0.737176 0
    outer loop
      vertex 16.4048 16.676 15.1916
      vertex 16.5463 16.5463 26
      vertex 16.5463 16.5463 15.2
    endloop
  endfacet
  facet normal 0.675572 0.737294 3.1191e-06
    outer loop
      vertex 16.5463 16.5463 26
      vertex 16.4048 16.676 15.1916
      vertex 15.0412 17.9254 26
    endloop
  endfacet
  facet normal 0.675442 0.737413 -2.69949e-05
    outer loop
      vertex 16.2644 16.8046 15.1666
      vertex 15.0412 17.9254 26
      vertex 16.4048 16.676 15.1916
    endloop
  endfacet
  facet normal 0.675509 0.737351 -1.29465e-05
    outer loop
      vertex 16.1261 16.9313 15.125
      vertex 15.0412 17.9254 26
      vertex 16.2644 16.8046 15.1666
    endloop
  endfacet
  facet normal 0.6756 0.737268 3.71086e-06
    outer loop
      vertex 15.991 17.0551 15.0673
      vertex 15.0412 17.9254 26
      vertex 16.1261 16.9313 15.125
    endloop
  endfacet
  facet normal 0.675465 0.737392 -1.79367e-05
    outer loop
      vertex 15.9029 17.1358 15.0179
      vertex 15.0412 17.9254 26
      vertex 15.991 17.0551 15.0673
    endloop
  endfacet
  facet normal 0.676243 0.736679 9.43688e-05
    outer loop
      vertex 15.8602 17.175 14.9939
      vertex 15.0412 17.9254 26
      vertex 15.9029 17.1358 15.0179
    endloop
  endfacet
  facet normal 0.675947 0.73695 5.39592e-05
    outer loop
      vertex 15.8191 17.2127 14.9649
      vertex 15.0412 17.9254 26
      vertex 15.8602 17.175 14.9939
    endloop
  endfacet
  facet normal 0.67549 0.737369 -5.39521e-06
    outer loop
      vertex 15.7345 17.2902 14.9053
      vertex 15.0412 17.9254 26
      vertex 15.8191 17.2127 14.9649
    endloop
  endfacet
  facet normal 0.675556 0.737309 2.18617e-06
    outer loop
      vertex 15.6151 17.3996 14.8021
      vertex 15.0412 17.9254 26
      vertex 15.7345 17.2902 14.9053
    endloop
  endfacet
  facet normal 0.675602 0.737266 6.55138e-06
    outer loop
      vertex 15.5027 17.5026 14.6853
      vertex 15.0412 17.9254 26
      vertex 15.6151 17.3996 14.8021
    endloop
  endfacet
  facet normal 0.675715 0.737163 1.49855e-05
    outer loop
      vertex 15.3983 17.5983 14.5556
      vertex 15.0412 17.9254 26
      vertex 15.5027 17.5026 14.6853
    endloop
  endfacet
  facet normal 0.675613 0.737257 9.13722e-06
    outer loop
      vertex 15.3026 17.686 14.4141
      vertex 15.0412 17.9254 26
      vertex 15.3983 17.5983 14.5556
    endloop
  endfacet
  facet normal 0.675637 0.737234 1.01659e-05
    outer loop
      vertex 15.2164 17.765 14.2619
      vertex 15.0412 17.9254 26
      vertex 15.3026 17.686 14.4141
    endloop
  endfacet
  facet normal 0.675413 0.73744 4.00072e-06
    outer loop
      vertex 15.1403 17.8347 14.1
      vertex 15.0412 17.9254 26
      vertex 15.2164 17.765 14.2619
    endloop
  endfacet
  facet normal 0.675413 0.73744 3.99731e-06
    outer loop
      vertex 15.0749 17.8946 13.9298
      vertex 15.0412 17.9254 26
      vertex 15.1403 17.8347 14.1
    endloop
  endfacet
  facet normal 0.674633 0.738153 0
    outer loop
      vertex 15.0412 17.9254 26
      vertex 15.0749 17.8946 13.9298
      vertex 15.0412 17.9254 13.8198
    endloop
  endfacet
  facet normal -0.675572 -0.737294 0
    outer loop
      vertex -16.5463 -16.5463 0
      vertex -15.0412 -17.9254 26
      vertex -16.5463 -16.5463 26
    endloop
  endfacet
  facet normal -0.675572 -0.737294 -0
    outer loop
      vertex -15.0412 -17.9254 26
      vertex -16.5463 -16.5463 0
      vertex -15.0412 -17.9254 0
    endloop
  endfacet
  facet normal -0.953711 -0.300726 0
    outer loop
      vertex -21.9888 -8.00327 0
      vertex -22.6027 -6.05637 26
      vertex -22.6027 -6.05637 0
    endloop
  endfacet
  facet normal -0.953711 -0.300726 0
    outer loop
      vertex -22.6027 -6.05637 26
      vertex -21.9888 -8.00327 0
      vertex -21.9888 -8.00327 26
    endloop
  endfacet
  facet normal -0.130548 0.991442 0
    outer loop
      vertex -2.03944 23.311 0
      vertex -4.06337 23.0445 26
      vertex -2.03944 23.311 26
    endloop
  endfacet
  facet normal -0.130548 0.991442 0
    outer loop
      vertex -4.06337 23.0445 26
      vertex -2.03944 23.311 0
      vertex -4.06337 23.0445 0
    endloop
  endfacet
  facet normal 0.737294 -0.675572 0
    outer loop
      vertex 16.5463 -16.5463 26
      vertex 17.9254 -15.0412 0
      vertex 17.9254 -15.0412 26
    endloop
  endfacet
  facet normal 0.737294 -0.675572 0
    outer loop
      vertex 17.9254 -15.0412 0
      vertex 16.5463 -16.5463 26
      vertex 16.5463 -16.5463 0
    endloop
  endfacet
  facet normal -0.537284 -0.843401 0
    outer loop
      vertex -13.4217 -19.1682 0
      vertex -11.7 -20.265 26
      vertex -13.4217 -19.1682 26
    endloop
  endfacet
  facet normal -0.537284 -0.843401 -0
    outer loop
      vertex -11.7 -20.265 26
      vertex -13.4217 -19.1682 0
      vertex -11.7 -20.265 0
    endloop
  endfacet
  facet normal -0.923881 -0.382681 0
    outer loop
      vertex -21.2076 -9.88927 0
      vertex -21.9888 -8.00327 26
      vertex -21.9888 -8.00327 0
    endloop
  endfacet
  facet normal -0.923881 -0.382681 0
    outer loop
      vertex -21.9888 -8.00327 26
      vertex -21.2076 -9.88927 0
      vertex -21.2076 -9.88927 26
    endloop
  endfacet
  facet normal 0.130548 -0.991442 0
    outer loop
      vertex 2.03944 -23.311 0
      vertex 4.06337 -23.0445 26
      vertex 2.03944 -23.311 26
    endloop
  endfacet
  facet normal 0.130548 -0.991442 0
    outer loop
      vertex 4.06337 -23.0445 26
      vertex 2.03944 -23.311 0
      vertex 4.06337 -23.0445 0
    endloop
  endfacet
  facet normal 0 0 -1
    outer loop
      vertex 4.24463 15.8412 0
      vertex 1.20104 19.4025 0
      vertex 1.3 19.9 0
    endloop
  endfacet
  facet normal 0 0 -1
    outer loop
      vertex 2.84783 16.1508 0
      vertex 0.919238 18.9808 0
      vertex 1.20104 19.4025 0
    endloop
  endfacet
  facet normal 0 0 -1
    outer loop
      vertex 1.42935 16.3376 0
      vertex 0.497488 18.699 0
      vertex 0.919238 18.9808 0
    endloop
  endfacet
  facet normal 0 0 -1
    outer loop
      vertex 0 16.4 0
      vertex 0.497488 18.699 0
      vertex 1.42935 16.3376 0
    endloop
  endfacet
  facet normal 0 0 -1
    outer loop
      vertex 0 16.4 0
      vertex 0 18.6 0
      vertex 0.497488 18.699 0
    endloop
  endfacet
  facet normal 0 0 -1
    outer loop
      vertex 0 16.4 0
      vertex -0.497488 18.699 0
      vertex 0 18.6 0
    endloop
  endfacet
  facet normal 0 0 -1
    outer loop
      vertex -1.42935 16.3376 0
      vertex -0.497488 18.699 0
      vertex 0 16.4 0
    endloop
  endfacet
  facet normal -0 0 -1
    outer loop
      vertex -0.497488 18.699 0
      vertex -1.42935 16.3376 0
      vertex -0.919238 18.9808 0
    endloop
  endfacet
  facet normal -0 0 -1
    outer loop
      vertex -0.919238 18.9808 0
      vertex -2.84783 16.1508 0
      vertex -1.20104 19.4025 0
    endloop
  endfacet
  facet normal 0 0 -1
    outer loop
      vertex -2.84783 16.1508 0
      vertex -0.919238 18.9808 0
      vertex -1.42935 16.3376 0
    endloop
  endfacet
  facet normal 0 0 -1
    outer loop
      vertex 16.4 0 0
      vertex 23.4 0 0
      vertex 23.311 -2.03944 0
    endloop
  endfacet
  facet normal 0 0 -1
    outer loop
      vertex 16.3376 -1.42935 0
      vertex 23.311 -2.03944 0
      vertex 23.0445 -4.06337 0
    endloop
  endfacet
  facet normal 0 0 -1
    outer loop
      vertex 23.4 0 0
      vertex 16.4 0 0
      vertex 23.311 2.03944 0
    endloop
  endfacet
  facet normal 0 0 -1
    outer loop
      vertex 16.1508 -2.84783 0
      vertex 23.0445 -4.06337 0
      vertex 22.6027 -6.05637 0
    endloop
  endfacet
  facet normal 0 0 -1
    outer loop
      vertex 16.3376 1.42935 0
      vertex 23.311 2.03944 0
      vertex 16.4 0 0
    endloop
  endfacet
  facet normal 0 0 -1
    outer loop
      vertex 15.8412 -4.24463 0
      vertex 22.6027 -6.05637 0
      vertex 21.9888 -8.00327 0
    endloop
  endfacet
  facet normal -0 0 -1
    outer loop
      vertex 23.311 2.03944 0
      vertex 16.3376 1.42935 0
      vertex 23.0445 4.06337 0
    endloop
  endfacet
  facet normal 0 0 -1
    outer loop
      vertex 15.411 -5.60913 0
      vertex 21.9888 -8.00327 0
      vertex 21.2076 -9.88927 0
    endloop
  endfacet
  facet normal 0 0 -1
    outer loop
      vertex 16.1508 2.84783 0
      vertex 23.0445 4.06337 0
      vertex 16.3376 1.42935 0
    endloop
  endfacet
  facet normal 0 0 -1
    outer loop
      vertex 14.8634 -6.93094 0
      vertex 21.2076 -9.88927 0
      vertex 20.265 -11.7 0
    endloop
  endfacet
  facet normal -0 0 -1
    outer loop
      vertex 23.0445 4.06337 0
      vertex 16.1508 2.84783 0
      vertex 22.6027 6.05637 0
    endloop
  endfacet
  facet normal 0 0 -1
    outer loop
      vertex 14.2028 -8.2 0
      vertex 20.265 -11.7 0
      vertex 19.1682 -13.4217 0
    endloop
  endfacet
  facet normal 0 0 -1
    outer loop
      vertex 15.8412 4.24463 0
      vertex 22.6027 6.05637 0
      vertex 16.1508 2.84783 0
    endloop
  endfacet
  facet normal 0 0 -1
    outer loop
      vertex 13.4341 -9.40665 0
      vertex 19.1682 -13.4217 0
      vertex 17.9254 -15.0412 0
    endloop
  endfacet
  facet normal -0 0 -1
    outer loop
      vertex 22.6027 6.05637 0
      vertex 15.8412 4.24463 0
      vertex 21.9888 8.00327 0
    endloop
  endfacet
  facet normal 0 0 -1
    outer loop
      vertex 12.5631 -10.5417 0
      vertex 17.9254 -15.0412 0
      vertex 16.5463 -16.5463 0
    endloop
  endfacet
  facet normal 0 0 -1
    outer loop
      vertex 15.411 5.60913 0
      vertex 21.9888 8.00327 0
      vertex 15.8412 4.24463 0
    endloop
  endfacet
  facet normal -0 0 -1
    outer loop
      vertex 21.9888 8.00327 0
      vertex 15.411 5.60913 0
      vertex 21.2076 9.88927 0
    endloop
  endfacet
  facet normal 0 0 -1
    outer loop
      vertex 23.311 -2.03944 0
      vertex 16.3376 -1.42935 0
      vertex 16.4 0 0
    endloop
  endfacet
  facet normal 0 0 -1
    outer loop
      vertex 23.0445 -4.06337 0
      vertex 16.1508 -2.84783 0
      vertex 16.3376 -1.42935 0
    endloop
  endfacet
  facet normal 0 0 -1
    outer loop
      vertex 22.6027 -6.05637 0
      vertex 15.8412 -4.24463 0
      vertex 16.1508 -2.84783 0
    endloop
  endfacet
  facet normal 0 0 -1
    outer loop
      vertex 21.9888 -8.00327 0
      vertex 15.411 -5.60913 0
      vertex 15.8412 -4.24463 0
    endloop
  endfacet
  facet normal 0 0 -1
    outer loop
      vertex 11.5966 -11.5966 0
      vertex 16.5463 -16.5463 0
      vertex 15.0412 -17.9254 0
    endloop
  endfacet
  facet normal 0 0 -1
    outer loop
      vertex 21.2076 -9.88927 0
      vertex 14.8634 -6.93094 0
      vertex 15.411 -5.60913 0
    endloop
  endfacet
  facet normal 0 0 -1
    outer loop
      vertex 20.265 -11.7 0
      vertex 14.2028 -8.2 0
      vertex 14.8634 -6.93094 0
    endloop
  endfacet
  facet normal 0 0 -1
    outer loop
      vertex 19.1682 -13.4217 0
      vertex 13.4341 -9.40665 0
      vertex 14.2028 -8.2 0
    endloop
  endfacet
  facet normal 0 0 -1
    outer loop
      vertex 10.5417 -12.5631 0
      vertex 15.0412 -17.9254 0
      vertex 13.4217 -19.1682 0
    endloop
  endfacet
  facet normal 0 0 -1
    outer loop
      vertex 17.9254 -15.0412 0
      vertex 12.5631 -10.5417 0
      vertex 13.4341 -9.40665 0
    endloop
  endfacet
  facet normal 0 0 -1
    outer loop
      vertex 9.40665 -13.4341 0
      vertex 13.4217 -19.1682 0
      vertex 11.7 -20.265 0
    endloop
  endfacet
  facet normal 0 0 -1
    outer loop
      vertex 16.5463 -16.5463 0
      vertex 11.5966 -11.5966 0
      vertex 12.5631 -10.5417 0
    endloop
  endfacet
  facet normal 0 0 -1
    outer loop
      vertex 15.0412 -17.9254 0
      vertex 10.5417 -12.5631 0
      vertex 11.5966 -11.5966 0
    endloop
  endfacet
  facet normal 0 0 -1
    outer loop
      vertex 8.2 -14.2028 0
      vertex 11.7 -20.265 0
      vertex 9.88927 -21.2076 0
    endloop
  endfacet
  facet normal 0 0 -1
    outer loop
      vertex 13.4217 -19.1682 0
      vertex 9.40665 -13.4341 0
      vertex 10.5417 -12.5631 0
    endloop
  endfacet
  facet normal 0 0 -1
    outer loop
      vertex 11.7 -20.265 0
      vertex 8.2 -14.2028 0
      vertex 9.40665 -13.4341 0
    endloop
  endfacet
  facet normal 0 0 -1
    outer loop
      vertex 6.93094 -14.8634 0
      vertex 9.88927 -21.2076 0
      vertex 8.00327 -21.9888 0
    endloop
  endfacet
  facet normal 0 0 -1
    outer loop
      vertex 9.88927 -21.2076 0
      vertex 6.93094 -14.8634 0
      vertex 8.2 -14.2028 0
    endloop
  endfacet
  facet normal 0 0 -1
    outer loop
      vertex 5.60913 -15.411 0
      vertex 8.00327 -21.9888 0
      vertex 6.05637 -22.6027 0
    endloop
  endfacet
  facet normal 0 0 -1
    outer loop
      vertex 8.00327 -21.9888 0
      vertex 5.60913 -15.411 0
      vertex 6.93094 -14.8634 0
    endloop
  endfacet
  facet normal 0 0 -1
    outer loop
      vertex 6.05637 -22.6027 0
      vertex 4.24463 -15.8412 0
      vertex 5.60913 -15.411 0
    endloop
  endfacet
  facet normal 0 0 -1
    outer loop
      vertex 1.3 -19.9 0
      vertex 6.05637 -22.6027 0
      vertex 4.06337 -23.0445 0
    endloop
  endfacet
  facet normal 0 0 -1
    outer loop
      vertex 6.05637 -22.6027 0
      vertex 1.3 -19.9 0
      vertex 4.24463 -15.8412 0
    endloop
  endfacet
  facet normal 0 0 -1
    outer loop
      vertex 1.20104 -20.3975 0
      vertex 4.06337 -23.0445 0
      vertex 2.03944 -23.311 0
    endloop
  endfacet
  facet normal 0 0 -1
    outer loop
      vertex 1.20104 -19.4025 0
      vertex 4.24463 -15.8412 0
      vertex 1.3 -19.9 0
    endloop
  endfacet
  facet normal 0 0 -1
    outer loop
      vertex 4.24463 -15.8412 0
      vertex 1.20104 -19.4025 0
      vertex 2.84783 -16.1508 0
    endloop
  endfacet
  facet normal 0 0 -1
    outer loop
      vertex 4.06337 -23.0445 0
      vertex 1.20104 -20.3975 0
      vertex 1.3 -19.9 0
    endloop
  endfacet
  facet normal 0 0 -1
    outer loop
      vertex 2.03944 -23.311 0
      vertex 0.919238 -20.8192 0
      vertex 1.20104 -20.3975 0
    endloop
  endfacet
  facet normal 0 0 -1
    outer loop
      vertex 2.03944 -23.311 0
      vertex 0.497488 -21.101 0
      vertex 0.919238 -20.8192 0
    endloop
  endfacet
  facet normal 0 0 -1
    outer loop
      vertex 0 -23.4 0
      vertex 0.497488 -21.101 0
      vertex 2.03944 -23.311 0
    endloop
  endfacet
  facet normal 0 0 -1
    outer loop
      vertex 0 -23.4 0
      vertex 0 -21.2 0
      vertex 0.497488 -21.101 0
    endloop
  endfacet
  facet normal 0 0 -1
    outer loop
      vertex 0 -23.4 0
      vertex -0.497488 -21.101 0
      vertex 0 -21.2 0
    endloop
  endfacet
  facet normal 0 0 -1
    outer loop
      vertex -2.03944 -23.311 0
      vertex -0.497488 -21.101 0
      vertex 0 -23.4 0
    endloop
  endfacet
  facet normal -0 0 -1
    outer loop
      vertex -0.497488 -21.101 0
      vertex -2.03944 -23.311 0
      vertex -0.919238 -20.8192 0
    endloop
  endfacet
  facet normal -0 0 -1
    outer loop
      vertex -0.919238 -20.8192 0
      vertex -2.03944 -23.311 0
      vertex -1.20104 -20.3975 0
    endloop
  endfacet
  facet normal 0 0 -1
    outer loop
      vertex -4.06337 -23.0445 0
      vertex -1.20104 -20.3975 0
      vertex -2.03944 -23.311 0
    endloop
  endfacet
  facet normal -0 0 -1
    outer loop
      vertex -1.20104 -20.3975 0
      vertex -4.06337 -23.0445 0
      vertex -1.3 -19.9 0
    endloop
  endfacet
  facet normal 0 0 -1
    outer loop
      vertex -1.3 -19.9 0
      vertex -2.84783 -16.1508 0
      vertex -1.42935 -16.3376 0
    endloop
  endfacet
  facet normal 0 0 -1
    outer loop
      vertex -6.05637 -22.6027 0
      vertex -1.3 -19.9 0
      vertex -4.06337 -23.0445 0
    endloop
  endfacet
  facet normal 0 0 -1
    outer loop
      vertex -1.3 -19.9 0
      vertex -4.24463 -15.8412 0
      vertex -2.84783 -16.1508 0
    endloop
  endfacet
  facet normal -0 0 -1
    outer loop
      vertex -1.3 -19.9 0
      vertex -6.05637 -22.6027 0
      vertex -4.24463 -15.8412 0
    endloop
  endfacet
  facet normal -0 0 -1
    outer loop
      vertex -4.24463 -15.8412 0
      vertex -6.05637 -22.6027 0
      vertex -5.60913 -15.411 0
    endloop
  endfacet
  facet normal 0 0 -1
    outer loop
      vertex -8.00327 -21.9888 0
      vertex -5.60913 -15.411 0
      vertex -6.05637 -22.6027 0
    endloop
  endfacet
  facet normal -0 0 -1
    outer loop
      vertex -5.60913 -15.411 0
      vertex -8.00327 -21.9888 0
      vertex -6.93094 -14.8634 0
    endloop
  endfacet
  facet normal 0 0 -1
    outer loop
      vertex -9.88927 -21.2076 0
      vertex -6.93094 -14.8634 0
      vertex -8.00327 -21.9888 0
    endloop
  endfacet
  facet normal -0 0 -1
    outer loop
      vertex -6.93094 -14.8634 0
      vertex -9.88927 -21.2076 0
      vertex -8.2 -14.2028 0
    endloop
  endfacet
  facet normal 0 0 -1
    outer loop
      vertex -11.7 -20.265 0
      vertex -8.2 -14.2028 0
      vertex -9.88927 -21.2076 0
    endloop
  endfacet
  facet normal -0 0 -1
    outer loop
      vertex -8.2 -14.2028 0
      vertex -11.7 -20.265 0
      vertex -9.40665 -13.4341 0
    endloop
  endfacet
  facet normal 0 0 -1
    outer loop
      vertex -13.4217 -19.1682 0
      vertex -9.40665 -13.4341 0
      vertex -11.7 -20.265 0
    endloop
  endfacet
  facet normal -0 0 -1
    outer loop
      vertex -9.40665 -13.4341 0
      vertex -13.4217 -19.1682 0
      vertex -10.5417 -12.5631 0
    endloop
  endfacet
  facet normal 0 0 -1
    outer loop
      vertex -15.0412 -17.9254 0
      vertex -10.5417 -12.5631 0
      vertex -13.4217 -19.1682 0
    endloop
  endfacet
  facet normal -0 0 -1
    outer loop
      vertex -10.5417 -12.5631 0
      vertex -15.0412 -17.9254 0
      vertex -11.5966 -11.5966 0
    endloop
  endfacet
  facet normal 0 0 -1
    outer loop
      vertex -16.5463 -16.5463 0
      vertex -11.5966 -11.5966 0
      vertex -15.0412 -17.9254 0
    endloop
  endfacet
  facet normal -0 0 -1
    outer loop
      vertex -11.5966 -11.5966 0
      vertex -16.5463 -16.5463 0
      vertex -12.5631 -10.5417 0
    endloop
  endfacet
  facet normal 0 0 -1
    outer loop
      vertex -17.9254 -15.0412 0
      vertex -12.5631 -10.5417 0
      vertex -16.5463 -16.5463 0
    endloop
  endfacet
  facet normal -0 0 -1
    outer loop
      vertex -12.5631 -10.5417 0
      vertex -17.9254 -15.0412 0
      vertex -13.4341 -9.40665 0
    endloop
  endfacet
  facet normal 0 0 -1
    outer loop
      vertex -19.1682 -13.4217 0
      vertex -13.4341 -9.40665 0
      vertex -17.9254 -15.0412 0
    endloop
  endfacet
  facet normal -0 0 -1
    outer loop
      vertex -13.4341 -9.40665 0
      vertex -19.1682 -13.4217 0
      vertex -14.2028 -8.2 0
    endloop
  endfacet
  facet normal 0 0 -1
    outer loop
      vertex -20.265 -11.7 0
      vertex -14.2028 -8.2 0
      vertex -19.1682 -13.4217 0
    endloop
  endfacet
  facet normal -0 0 -1
    outer loop
      vertex -14.2028 -8.2 0
      vertex -20.265 -11.7 0
      vertex -14.8634 -6.93094 0
    endloop
  endfacet
  facet normal -0 0 -1
    outer loop
      vertex -14.8634 -6.93094 0
      vertex -21.2076 -9.88927 0
      vertex -15.411 -5.60913 0
    endloop
  endfacet
  facet normal 0 0 -1
    outer loop
      vertex -21.2076 -9.88927 0
      vertex -14.8634 -6.93094 0
      vertex -20.265 -11.7 0
    endloop
  endfacet
  facet normal 0 0 -1
    outer loop
      vertex 14.8634 6.93094 0
      vertex 21.2076 9.88927 0
      vertex 15.411 5.60913 0
    endloop
  endfacet
  facet normal -0 0 -1
    outer loop
      vertex 21.2076 9.88927 0
      vertex 14.8634 6.93094 0
      vertex 20.265 11.7 0
    endloop
  endfacet
  facet normal 0 0 -1
    outer loop
      vertex 14.2028 8.2 0
      vertex 20.265 11.7 0
      vertex 14.8634 6.93094 0
    endloop
  endfacet
  facet normal -0 0 -1
    outer loop
      vertex 20.265 11.7 0
      vertex 14.2028 8.2 0
      vertex 19.1682 13.4217 0
    endloop
  endfacet
  facet normal 0 0 -1
    outer loop
      vertex 13.4341 9.40665 0
      vertex 19.1682 13.4217 0
      vertex 14.2028 8.2 0
    endloop
  endfacet
  facet normal -0 0 -1
    outer loop
      vertex 19.1682 13.4217 0
      vertex 13.4341 9.40665 0
      vertex 17.9254 15.0412 0
    endloop
  endfacet
  facet normal 0 0 -1
    outer loop
      vertex 12.5631 10.5417 0
      vertex 17.9254 15.0412 0
      vertex 13.4341 9.40665 0
    endloop
  endfacet
  facet normal -0 0 -1
    outer loop
      vertex 17.9254 15.0412 0
      vertex 12.5631 10.5417 0
      vertex 16.5463 16.5463 0
    endloop
  endfacet
  facet normal 0 0 -1
    outer loop
      vertex 11.5966 11.5966 0
      vertex 16.5463 16.5463 0
      vertex 12.5631 10.5417 0
    endloop
  endfacet
  facet normal -0 0 -1
    outer loop
      vertex 16.5463 16.5463 0
      vertex 11.5966 11.5966 0
      vertex 15.0412 17.9254 0
    endloop
  endfacet
  facet normal 0 0 -1
    outer loop
      vertex 10.5417 12.5631 0
      vertex 15.0412 17.9254 0
      vertex 11.5966 11.5966 0
    endloop
  endfacet
  facet normal -0 0 -1
    outer loop
      vertex 15.0412 17.9254 0
      vertex 10.5417 12.5631 0
      vertex 13.4217 19.1682 0
    endloop
  endfacet
  facet normal 0 0 -1
    outer loop
      vertex 9.40665 13.4341 0
      vertex 13.4217 19.1682 0
      vertex 10.5417 12.5631 0
    endloop
  endfacet
  facet normal -0 0 -1
    outer loop
      vertex 13.4217 19.1682 0
      vertex 9.40665 13.4341 0
      vertex 11.7 20.265 0
    endloop
  endfacet
  facet normal 0 0 -1
    outer loop
      vertex 8.2 14.2028 0
      vertex 11.7 20.265 0
      vertex 9.40665 13.4341 0
    endloop
  endfacet
  facet normal -0 0 -1
    outer loop
      vertex 11.7 20.265 0
      vertex 8.2 14.2028 0
      vertex 9.88927 21.2076 0
    endloop
  endfacet
  facet normal 0 0 -1
    outer loop
      vertex 6.93094 14.8634 0
      vertex 9.88927 21.2076 0
      vertex 8.2 14.2028 0
    endloop
  endfacet
  facet normal -0 0 -1
    outer loop
      vertex 9.88927 21.2076 0
      vertex 6.93094 14.8634 0
      vertex 8.00327 21.9888 0
    endloop
  endfacet
  facet normal 0 0 -1
    outer loop
      vertex 5.60913 15.411 0
      vertex 8.00327 21.9888 0
      vertex 6.93094 14.8634 0
    endloop
  endfacet
  facet normal -0 0 -1
    outer loop
      vertex 8.00327 21.9888 0
      vertex 5.60913 15.411 0
      vertex 6.05637 22.6027 0
    endloop
  endfacet
  facet normal 0 0 -1
    outer loop
      vertex 4.24463 15.8412 0
      vertex 6.05637 22.6027 0
      vertex 5.60913 15.411 0
    endloop
  endfacet
  facet normal 0 0 -1
    outer loop
      vertex 1.3 19.9 0
      vertex 6.05637 22.6027 0
      vertex 4.24463 15.8412 0
    endloop
  endfacet
  facet normal 0 0 -1
    outer loop
      vertex 1.20104 19.4025 0
      vertex 4.24463 15.8412 0
      vertex 2.84783 16.1508 0
    endloop
  endfacet
  facet normal -0 0 -1
    outer loop
      vertex 6.05637 22.6027 0
      vertex 1.3 19.9 0
      vertex 4.06337 23.0445 0
    endloop
  endfacet
  facet normal 0 0 -1
    outer loop
      vertex 0.919238 18.9808 0
      vertex 2.84783 16.1508 0
      vertex 1.42935 16.3376 0
    endloop
  endfacet
  facet normal 0 0 -1
    outer loop
      vertex 1.20104 20.3975 0
      vertex 4.06337 23.0445 0
      vertex 1.3 19.9 0
    endloop
  endfacet
  facet normal -0 0 -1
    outer loop
      vertex 4.06337 23.0445 0
      vertex 1.20104 20.3975 0
      vertex 2.03944 23.311 0
    endloop
  endfacet
  facet normal 0 0 -1
    outer loop
      vertex 0.919238 20.8192 0
      vertex 2.03944 23.311 0
      vertex 1.20104 20.3975 0
    endloop
  endfacet
  facet normal 0 0 -1
    outer loop
      vertex 0.497488 21.101 0
      vertex 2.03944 23.311 0
      vertex 0.919238 20.8192 0
    endloop
  endfacet
  facet normal 0 0 -1
    outer loop
      vertex 0 23.4 0
      vertex 0.497488 21.101 0
      vertex 0 21.2 0
    endloop
  endfacet
  facet normal 0 0 -1
    outer loop
      vertex 0.497488 21.101 0
      vertex 0 23.4 0
      vertex 2.03944 23.311 0
    endloop
  endfacet
  facet normal 0 0 -1
    outer loop
      vertex -0.497488 21.101 0
      vertex 0 23.4 0
      vertex 0 21.2 0
    endloop
  endfacet
  facet normal 0 0 -1
    outer loop
      vertex -2.03944 23.311 0
      vertex -0.497488 21.101 0
      vertex -0.919238 20.8192 0
    endloop
  endfacet
  facet normal 0 0 -1
    outer loop
      vertex -2.03944 23.311 0
      vertex -0.919238 20.8192 0
      vertex -1.20104 20.3975 0
    endloop
  endfacet
  facet normal 0 0 -1
    outer loop
      vertex -0.497488 21.101 0
      vertex -2.03944 23.311 0
      vertex 0 23.4 0
    endloop
  endfacet
  facet normal 0 0 -1
    outer loop
      vertex -4.06337 23.0445 0
      vertex -1.20104 20.3975 0
      vertex -1.3 19.9 0
    endloop
  endfacet
  facet normal 0 0 -1
    outer loop
      vertex -4.24463 15.8412 0
      vertex -1.20104 19.4025 0
      vertex -2.84783 16.1508 0
    endloop
  endfacet
  facet normal -0 0 -1
    outer loop
      vertex -1.20104 19.4025 0
      vertex -4.24463 15.8412 0
      vertex -1.3 19.9 0
    endloop
  endfacet
  facet normal 0 0 -1
    outer loop
      vertex -1.20104 20.3975 0
      vertex -4.06337 23.0445 0
      vertex -2.03944 23.311 0
    endloop
  endfacet
  facet normal 0 0 -1
    outer loop
      vertex -6.05637 22.6027 0
      vertex -1.3 19.9 0
      vertex -4.24463 15.8412 0
    endloop
  endfacet
  facet normal 0 0 -1
    outer loop
      vertex -6.05637 22.6027 0
      vertex -4.24463 15.8412 0
      vertex -5.60913 15.411 0
    endloop
  endfacet
  facet normal 0 0 -1
    outer loop
      vertex -1.3 19.9 0
      vertex -6.05637 22.6027 0
      vertex -4.06337 23.0445 0
    endloop
  endfacet
  facet normal 0 0 -1
    outer loop
      vertex -8.00327 21.9888 0
      vertex -5.60913 15.411 0
      vertex -6.93094 14.8634 0
    endloop
  endfacet
  facet normal 0 0 -1
    outer loop
      vertex -5.60913 15.411 0
      vertex -8.00327 21.9888 0
      vertex -6.05637 22.6027 0
    endloop
  endfacet
  facet normal 0 0 -1
    outer loop
      vertex -9.88927 21.2076 0
      vertex -6.93094 14.8634 0
      vertex -8.2 14.2028 0
    endloop
  endfacet
  facet normal 0 0 -1
    outer loop
      vertex -11.7 20.265 0
      vertex -8.2 14.2028 0
      vertex -9.40665 13.4341 0
    endloop
  endfacet
  facet normal 0 0 -1
    outer loop
      vertex -6.93094 14.8634 0
      vertex -9.88927 21.2076 0
      vertex -8.00327 21.9888 0
    endloop
  endfacet
  facet normal 0 0 -1
    outer loop
      vertex -13.4217 19.1682 0
      vertex -9.40665 13.4341 0
      vertex -10.5417 12.5631 0
    endloop
  endfacet
  facet normal 0 0 -1
    outer loop
      vertex -15.0412 17.9254 0
      vertex -10.5417 12.5631 0
      vertex -11.5966 11.5966 0
    endloop
  endfacet
  facet normal 0 0 -1
    outer loop
      vertex -8.2 14.2028 0
      vertex -11.7 20.265 0
      vertex -9.88927 21.2076 0
    endloop
  endfacet
  facet normal 0 0 -1
    outer loop
      vertex -16.5463 16.5463 0
      vertex -11.5966 11.5966 0
      vertex -12.5631 10.5417 0
    endloop
  endfacet
  facet normal 0 0 -1
    outer loop
      vertex -9.40665 13.4341 0
      vertex -13.4217 19.1682 0
      vertex -11.7 20.265 0
    endloop
  endfacet
  facet normal 0 0 -1
    outer loop
      vertex -17.9254 15.0412 0
      vertex -12.5631 10.5417 0
      vertex -13.4341 9.40665 0
    endloop
  endfacet
  facet normal 0 0 -1
    outer loop
      vertex -19.1682 13.4217 0
      vertex -13.4341 9.40665 0
      vertex -14.2028 8.2 0
    endloop
  endfacet
  facet normal 0 0 -1
    outer loop
      vertex -20.265 11.7 0
      vertex -14.2028 8.2 0
      vertex -14.8634 6.93094 0
    endloop
  endfacet
  facet normal 0 0 -1
    outer loop
      vertex -10.5417 12.5631 0
      vertex -15.0412 17.9254 0
      vertex -13.4217 19.1682 0
    endloop
  endfacet
  facet normal 0 0 -1
    outer loop
      vertex -21.2076 9.88927 0
      vertex -14.8634 6.93094 0
      vertex -15.411 5.60913 0
    endloop
  endfacet
  facet normal 0 0 -1
    outer loop
      vertex -21.9888 8.00327 0
      vertex -15.411 5.60913 0
      vertex -15.8412 4.24463 0
    endloop
  endfacet
  facet normal 0 0 -1
    outer loop
      vertex -22.6027 6.05637 0
      vertex -15.8412 4.24463 0
      vertex -16.1508 2.84783 0
    endloop
  endfacet
  facet normal 0 0 -1
    outer loop
      vertex -23.0445 4.06337 0
      vertex -16.1508 2.84783 0
      vertex -16.3376 1.42935 0
    endloop
  endfacet
  facet normal 0 0 -1
    outer loop
      vertex -11.5966 11.5966 0
      vertex -16.5463 16.5463 0
      vertex -15.0412 17.9254 0
    endloop
  endfacet
  facet normal 0 0 -1
    outer loop
      vertex -23.311 2.03944 0
      vertex -16.3376 1.42935 0
      vertex -16.4 0 0
    endloop
  endfacet
  facet normal 0 0 -1
    outer loop
      vertex -21.9888 -8.00327 0
      vertex -15.411 -5.60913 0
      vertex -21.2076 -9.88927 0
    endloop
  endfacet
  facet normal -0 0 -1
    outer loop
      vertex -15.411 -5.60913 0
      vertex -21.9888 -8.00327 0
      vertex -15.8412 -4.24463 0
    endloop
  endfacet
  facet normal 0 0 -1
    outer loop
      vertex -12.5631 10.5417 0
      vertex -17.9254 15.0412 0
      vertex -16.5463 16.5463 0
    endloop
  endfacet
  facet normal 0 0 -1
    outer loop
      vertex -22.6027 -6.05637 0
      vertex -15.8412 -4.24463 0
      vertex -21.9888 -8.00327 0
    endloop
  endfacet
  facet normal 0 0 -1
    outer loop
      vertex -13.4341 9.40665 0
      vertex -19.1682 13.4217 0
      vertex -17.9254 15.0412 0
    endloop
  endfacet
  facet normal -0 0 -1
    outer loop
      vertex -15.8412 -4.24463 0
      vertex -22.6027 -6.05637 0
      vertex -16.1508 -2.84783 0
    endloop
  endfacet
  facet normal 0 0 -1
    outer loop
      vertex -14.2028 8.2 0
      vertex -20.265 11.7 0
      vertex -19.1682 13.4217 0
    endloop
  endfacet
  facet normal 0 0 -1
    outer loop
      vertex -23.0445 -4.06337 0
      vertex -16.1508 -2.84783 0
      vertex -22.6027 -6.05637 0
    endloop
  endfacet
  facet normal 0 0 -1
    outer loop
      vertex -14.8634 6.93094 0
      vertex -21.2076 9.88927 0
      vertex -20.265 11.7 0
    endloop
  endfacet
  facet normal -0 0 -1
    outer loop
      vertex -16.1508 -2.84783 0
      vertex -23.0445 -4.06337 0
      vertex -16.3376 -1.42935 0
    endloop
  endfacet
  facet normal 0 0 -1
    outer loop
      vertex -15.411 5.60913 0
      vertex -21.9888 8.00327 0
      vertex -21.2076 9.88927 0
    endloop
  endfacet
  facet normal 0 0 -1
    outer loop
      vertex -23.311 -2.03944 0
      vertex -16.3376 -1.42935 0
      vertex -23.0445 -4.06337 0
    endloop
  endfacet
  facet normal 0 0 -1
    outer loop
      vertex -15.8412 4.24463 0
      vertex -22.6027 6.05637 0
      vertex -21.9888 8.00327 0
    endloop
  endfacet
  facet normal -0 0 -1
    outer loop
      vertex -16.3376 -1.42935 0
      vertex -23.311 -2.03944 0
      vertex -16.4 0 0
    endloop
  endfacet
  facet normal 0 0 -1
    outer loop
      vertex -16.1508 2.84783 0
      vertex -23.0445 4.06337 0
      vertex -22.6027 6.05637 0
    endloop
  endfacet
  facet normal 0 0 -1
    outer loop
      vertex -23.4 0 0
      vertex -16.4 0 0
      vertex -23.311 -2.03944 0
    endloop
  endfacet
  facet normal 0 0 -1
    outer loop
      vertex -16.3376 1.42935 0
      vertex -23.311 2.03944 0
      vertex -23.0445 4.06337 0
    endloop
  endfacet
  facet normal 0 0 -1
    outer loop
      vertex -16.4 0 0
      vertex -23.4 0 0
      vertex -23.311 2.03944 0
    endloop
  endfacet
  facet normal 0 0 -1
    outer loop
      vertex 0.919238 -18.9808 0
      vertex 2.84783 -16.1508 0
      vertex 1.20104 -19.4025 0
    endloop
  endfacet
  facet normal 0 0 -1
    outer loop
      vertex 2.84783 -16.1508 0
      vertex 0.919238 -18.9808 0
      vertex 1.42935 -16.3376 0
    endloop
  endfacet
  facet normal 0 0 -1
    outer loop
      vertex 0.497488 -18.699 0
      vertex 1.42935 -16.3376 0
      vertex 0.919238 -18.9808 0
    endloop
  endfacet
  facet normal 0 0 -1
    outer loop
      vertex 0 -16.4 0
      vertex 0.497488 -18.699 0
      vertex 0 -18.6 0
    endloop
  endfacet
  facet normal 0 0 -1
    outer loop
      vertex 0.497488 -18.699 0
      vertex 0 -16.4 0
      vertex 1.42935 -16.3376 0
    endloop
  endfacet
  facet normal 0 0 -1
    outer loop
      vertex -0.497488 -18.699 0
      vertex 0 -16.4 0
      vertex 0 -18.6 0
    endloop
  endfacet
  facet normal 0 0 -1
    outer loop
      vertex -1.42935 -16.3376 0
      vertex -0.497488 -18.699 0
      vertex -0.919238 -18.9808 0
    endloop
  endfacet
  facet normal 0 0 -1
    outer loop
      vertex -1.42935 -16.3376 0
      vertex -0.919238 -18.9808 0
      vertex -1.20104 -19.4025 0
    endloop
  endfacet
  facet normal 0 0 -1
    outer loop
      vertex -0.497488 -18.699 0
      vertex -1.42935 -16.3376 0
      vertex 0 -16.4 0
    endloop
  endfacet
  facet normal 0 0 -1
    outer loop
      vertex -1.42935 -16.3376 0
      vertex -1.20104 -19.4025 0
      vertex -1.3 -19.9 0
    endloop
  endfacet
  facet normal -0.793326 0.608797 0
    outer loop
      vertex -19.1682 13.4217 0
      vertex -17.9254 15.0412 26
      vertex -17.9254 15.0412 0
    endloop
  endfacet
  facet normal -0.793326 0.608797 0
    outer loop
      vertex -17.9254 15.0412 26
      vertex -19.1682 13.4217 0
      vertex -19.1682 13.4217 26
    endloop
  endfacet
  facet normal 0.461746 -0.887012 0
    outer loop
      vertex 9.88927 -21.2076 0
      vertex 11.7 -20.265 26
      vertex 9.88927 -21.2076 26
    endloop
  endfacet
  facet normal 0.461746 -0.887012 0
    outer loop
      vertex 11.7 -20.265 26
      vertex 9.88927 -21.2076 0
      vertex 11.7 -20.265 0
    endloop
  endfacet
  facet normal -0.382681 -0.923881 0
    outer loop
      vertex -9.88927 -21.2076 0
      vertex -8.00327 -21.9888 26
      vertex -9.88927 -21.2076 26
    endloop
  endfacet
  facet normal -0.382681 -0.923881 -0
    outer loop
      vertex -8.00327 -21.9888 26
      vertex -9.88927 -21.2076 0
      vertex -8.00327 -21.9888 0
    endloop
  endfacet
  facet normal 0.793326 -0.608797 0
    outer loop
      vertex 17.9254 -15.0412 26
      vertex 19.1682 -13.4217 0
      vertex 19.1682 -13.4217 26
    endloop
  endfacet
  facet normal 0.793326 -0.608797 0
    outer loop
      vertex 19.1682 -13.4217 0
      vertex 17.9254 -15.0412 26
      vertex 17.9254 -15.0412 0
    endloop
  endfacet
  facet normal 0.793326 0.608797 0
    outer loop
      vertex 19.1682 13.4217 26
      vertex 17.9254 15.0412 13.8198
      vertex 17.9254 15.0412 26
    endloop
  endfacet
  facet normal 0.79226 0.610184 0.00029329
    outer loop
      vertex 17.9254 15.0412 13.8198
      vertex 19.1682 13.4217 26
      vertex 17.9426 15.0189 13.7524
    endloop
  endfacet
  facet normal 0.793627 0.608404 -7.56887e-05
    outer loop
      vertex 17.9426 15.0189 13.7524
      vertex 19.1682 13.4217 26
      vertex 17.978 14.9727 13.5694
    endloop
  endfacet
  facet normal 0.793178 0.60899 4.04397e-05
    outer loop
      vertex 17.978 14.9727 13.5694
      vertex 19.1682 13.4217 26
      vertex 18.0035 14.9395 13.382
    endloop
  endfacet
  facet normal 0.792869 0.609392 0.000117378
    outer loop
      vertex 18.0035 14.9395 13.382
      vertex 19.1682 13.4217 26
      vertex 18.0189 14.9195 13.1917
    endloop
  endfacet
  facet normal 0.793895 0.608055 -0.00013098
    outer loop
      vertex 18.0189 14.9195 13.1917
      vertex 19.1682 13.4217 26
      vertex 18.024 14.9128 13
    endloop
  endfacet
  facet normal 0.79226 0.610184 -0.00029329
    outer loop
      vertex 19.1682 13.4217 0
      vertex 17.9254 15.0412 12.1802
      vertex 17.9426 15.0189 12.2476
    endloop
  endfacet
  facet normal 0.793627 0.608404 7.56887e-05
    outer loop
      vertex 19.1682 13.4217 0
      vertex 17.9426 15.0189 12.2476
      vertex 17.978 14.9727 12.4306
    endloop
  endfacet
  facet normal 0.793178 0.60899 -4.04397e-05
    outer loop
      vertex 19.1682 13.4217 0
      vertex 17.978 14.9727 12.4306
      vertex 18.0035 14.9395 12.618
    endloop
  endfacet
  facet normal 0.792869 0.609392 -0.000117378
    outer loop
      vertex 19.1682 13.4217 0
      vertex 18.0035 14.9395 12.618
      vertex 18.0189 14.9195 12.8083
    endloop
  endfacet
  facet normal 0.793895 0.608055 0.00013098
    outer loop
      vertex 19.1682 13.4217 0
      vertex 18.0189 14.9195 12.8083
      vertex 18.024 14.9128 13
    endloop
  endfacet
  facet normal 0.793343 0.608774 -0
    outer loop
      vertex 19.1682 13.4217 0
      vertex 18.024 14.9128 13
      vertex 19.1682 13.4217 26
    endloop
  endfacet
  facet normal 0.793326 0.608797 0
    outer loop
      vertex 17.9254 15.0412 12.1802
      vertex 19.1682 13.4217 0
      vertex 17.9254 15.0412 0
    endloop
  endfacet
  facet normal 0.991442 -0.130548 0
    outer loop
      vertex 23.0445 -4.06337 26
      vertex 23.311 -2.03944 0
      vertex 23.311 -2.03944 26
    endloop
  endfacet
  facet normal 0.991442 -0.130548 0
    outer loop
      vertex 23.311 -2.03944 0
      vertex 23.0445 -4.06337 26
      vertex 23.0445 -4.06337 0
    endloop
  endfacet
  facet normal -0.216422 -0.9763 0
    outer loop
      vertex -6.05637 -22.6027 0
      vertex -4.06337 -23.0445 26
      vertex -6.05637 -22.6027 26
    endloop
  endfacet
  facet normal -0.216422 -0.9763 -0
    outer loop
      vertex -4.06337 -23.0445 26
      vertex -6.05637 -22.6027 0
      vertex -4.06337 -23.0445 0
    endloop
  endfacet
  facet normal 0.461746 0.887012 -0
    outer loop
      vertex 11.7 20.265 0
      vertex 9.88927 21.2076 26
      vertex 11.7 20.265 26
    endloop
  endfacet
  facet normal 0.461746 0.887012 0
    outer loop
      vertex 9.88927 21.2076 26
      vertex 11.7 20.265 0
      vertex 9.88927 21.2076 0
    endloop
  endfacet
  facet normal -0.887012 0.461746 0
    outer loop
      vertex -21.2076 9.88927 0
      vertex -20.265 11.7 26
      vertex -20.265 11.7 0
    endloop
  endfacet
  facet normal -0.887012 0.461746 0
    outer loop
      vertex -20.265 11.7 26
      vertex -21.2076 9.88927 0
      vertex -21.2076 9.88927 26
    endloop
  endfacet
  facet normal -0.991442 0.130548 0
    outer loop
      vertex -23.311 2.03944 0
      vertex -23.0445 4.06337 26
      vertex -23.0445 4.06337 0
    endloop
  endfacet
  facet normal -0.991442 0.130548 0
    outer loop
      vertex -23.0445 4.06337 26
      vertex -23.311 2.03944 0
      vertex -23.311 2.03944 26
    endloop
  endfacet
  facet normal -0.843401 0.537284 0
    outer loop
      vertex -20.265 11.7 0
      vertex -19.1682 13.4217 26
      vertex -19.1682 13.4217 0
    endloop
  endfacet
  facet normal -0.843401 0.537284 0
    outer loop
      vertex -19.1682 13.4217 26
      vertex -20.265 11.7 0
      vertex -20.265 11.7 26
    endloop
  endfacet
  facet normal -0.0435979 -0.999049 1.7202e-06
    outer loop
      vertex -0.351162 -23.3847 11.7654
      vertex 0 -23.4 26
      vertex -2.03944 -23.311 26
    endloop
  endfacet
  facet normal -0.0435283 -0.999052 -0
    outer loop
      vertex 0 -23.4 26
      vertex -0.351162 -23.3847 11.7654
      vertex 0 -23.4 11.8
    endloop
  endfacet
  facet normal -0.043782 -0.999041 -2.01549e-05
    outer loop
      vertex -2.03944 -23.311 26
      vertex -0.688829 -23.3699 11.663
      vertex -0.351162 -23.3847 11.7654
    endloop
  endfacet
  facet normal -0.0436556 -0.999047 -8.22245e-06
    outer loop
      vertex -2.03944 -23.311 26
      vertex -1.00003 -23.3563 11.4966
      vertex -0.688829 -23.3699 11.663
    endloop
  endfacet
  facet normal -0.0435841 -0.99905 -3.08905e-06
    outer loop
      vertex -2.03944 -23.311 26
      vertex -1.27279 -23.3444 11.2728
      vertex -1.00003 -23.3563 11.4966
    endloop
  endfacet
  facet normal -0.0433059 -0.999062 1.14231e-05
    outer loop
      vertex -2.03944 -23.311 26
      vertex -1.49664 -23.3347 11
      vertex -1.27279 -23.3444 11.2728
    endloop
  endfacet
  facet normal -0.0438297 -0.999039 -7.56849e-06
    outer loop
      vertex -2.03944 -23.311 26
      vertex -1.66298 -23.3274 10.6888
      vertex -1.49664 -23.3347 11
    endloop
  endfacet
  facet normal -0.0438625 -0.999038 -8.37806e-06
    outer loop
      vertex -2.03944 -23.311 26
      vertex -1.76541 -23.3229 10.3512
      vertex -1.66298 -23.3274 10.6888
    endloop
  endfacet
  facet normal -0.0433336 -0.999061 9.02636e-07
    outer loop
      vertex -2.03944 -23.311 26
      vertex -1.8 -23.3214 10
      vertex -1.76541 -23.3229 10.3512
    endloop
  endfacet
  facet normal -0.0433938 -0.999058 0
    outer loop
      vertex -2.03944 -23.311 0
      vertex -1.8 -23.3214 10
      vertex -2.03944 -23.311 26
    endloop
  endfacet
  facet normal -0.043338 -0.99906 -1.33833e-06
    outer loop
      vertex -2.03944 -23.311 0
      vertex -1.76541 -23.3229 9.64884
      vertex -1.8 -23.3214 10
    endloop
  endfacet
  facet normal -0.0438469 -0.999038 1.31417e-05
    outer loop
      vertex -2.03944 -23.311 0
      vertex -1.66298 -23.3274 9.31117
      vertex -1.76541 -23.3229 9.64884
    endloop
  endfacet
  facet normal -0.0438212 -0.999039 1.21026e-05
    outer loop
      vertex -2.03944 -23.311 0
      vertex -1.49664 -23.3347 8.99997
      vertex -1.66298 -23.3274 9.31117
    endloop
  endfacet
  facet normal -0.0433145 -0.999061 -1.85173e-05
    outer loop
      vertex -2.03944 -23.311 0
      vertex -1.27279 -23.3444 8.72721
      vertex -1.49664 -23.3347 8.99997
    endloop
  endfacet
  facet normal -0.0435825 -0.99905 5.06991e-06
    outer loop
      vertex -2.03944 -23.311 0
      vertex -1.00003 -23.3563 8.50335
      vertex -1.27279 -23.3444 8.72721
    endloop
  endfacet
  facet normal -0.0436527 -0.999047 1.36687e-05
    outer loop
      vertex -2.03944 -23.311 0
      vertex -0.688829 -23.3699 8.33702
      vertex -1.00003 -23.3563 8.50335
    endloop
  endfacet
  facet normal -0.0437778 -0.999041 3.39803e-05
    outer loop
      vertex -2.03944 -23.311 0
      vertex -0.351162 -23.3847 8.23459
      vertex -0.688829 -23.3699 8.33702
    endloop
  endfacet
  facet normal -0.0435979 -0.999049 -2.9736e-06
    outer loop
      vertex 0 -23.4 0
      vertex -0.351162 -23.3847 8.23459
      vertex -2.03944 -23.311 0
    endloop
  endfacet
  facet normal -0.0435283 -0.999052 0
    outer loop
      vertex -0.351162 -23.3847 8.23459
      vertex 0 -23.4 0
      vertex 0 -23.4 8.2
    endloop
  endfacet
  facet normal -0.9763 -0.216422 0
    outer loop
      vertex -22.6027 -6.05637 0
      vertex -23.0445 -4.06337 26
      vertex -23.0445 -4.06337 0
    endloop
  endfacet
  facet normal -0.9763 -0.216422 0
    outer loop
      vertex -23.0445 -4.06337 26
      vertex -22.6027 -6.05637 0
      vertex -22.6027 -6.05637 26
    endloop
  endfacet
  facet normal 0.9763 -0.216422 0
    outer loop
      vertex 22.6027 -6.05637 26
      vertex 23.0445 -4.06337 0
      vertex 23.0445 -4.06337 26
    endloop
  endfacet
  facet normal 0.9763 -0.216422 0
    outer loop
      vertex 23.0445 -4.06337 0
      vertex 22.6027 -6.05637 26
      vertex 22.6027 -6.05637 0
    endloop
  endfacet
  facet normal -0.300726 0.953711 0
    outer loop
      vertex -6.05637 22.6027 0
      vertex -8.00327 21.9888 26
      vertex -6.05637 22.6027 26
    endloop
  endfacet
  facet normal -0.300726 0.953711 0
    outer loop
      vertex -8.00327 21.9888 26
      vertex -6.05637 22.6027 0
      vertex -8.00327 21.9888 0
    endloop
  endfacet
  facet normal -0.608797 0.793326 0
    outer loop
      vertex -13.4217 19.1682 0
      vertex -15.0412 17.9254 26
      vertex -13.4217 19.1682 26
    endloop
  endfacet
  facet normal -0.608797 0.793326 0
    outer loop
      vertex -15.0412 17.9254 26
      vertex -13.4217 19.1682 0
      vertex -15.0412 17.9254 0
    endloop
  endfacet
  facet normal -0.216422 0.9763 0
    outer loop
      vertex -4.06337 23.0445 0
      vertex -6.05637 22.6027 26
      vertex -4.06337 23.0445 26
    endloop
  endfacet
  facet normal -0.216422 0.9763 0
    outer loop
      vertex -6.05637 22.6027 26
      vertex -4.06337 23.0445 0
      vertex -6.05637 22.6027 0
    endloop
  endfacet
  facet normal 0.843401 0.537284 0
    outer loop
      vertex 20.265 11.7 26
      vertex 19.1682 13.4217 0
      vertex 19.1682 13.4217 26
    endloop
  endfacet
  facet normal 0.843401 0.537284 0
    outer loop
      vertex 19.1682 13.4217 0
      vertex 20.265 11.7 26
      vertex 20.265 11.7 0
    endloop
  endfacet
  facet normal -0.461746 -0.887012 0
    outer loop
      vertex -11.7 -20.265 0
      vertex -9.88927 -21.2076 26
      vertex -11.7 -20.265 26
    endloop
  endfacet
  facet normal -0.461746 -0.887012 -0
    outer loop
      vertex -9.88927 -21.2076 26
      vertex -11.7 -20.265 0
      vertex -9.88927 -21.2076 0
    endloop
  endfacet
  facet normal 0.999052 -0.0435283 0
    outer loop
      vertex 23.4 0 26
      vertex 23.3847 -0.351162 17.7654
      vertex 23.4 0 17.8
    endloop
  endfacet
  facet normal 0.999049 -0.0435979 2.97359e-06
    outer loop
      vertex 23.311 -2.03944 26
      vertex 23.3847 -0.351162 17.7654
      vertex 23.4 0 26
    endloop
  endfacet
  facet normal 0.999041 -0.0437778 -3.39809e-05
    outer loop
      vertex 23.3847 -0.351162 17.7654
      vertex 23.311 -2.03944 26
      vertex 23.3699 -0.688829 17.663
    endloop
  endfacet
  facet normal 0.999047 -0.0436527 -1.36683e-05
    outer loop
      vertex 23.3699 -0.688829 17.663
      vertex 23.311 -2.03944 26
      vertex 23.3563 -1.00003 17.4966
    endloop
  endfacet
  facet normal 0.99905 -0.0435825 -5.07001e-06
    outer loop
      vertex 23.3563 -1.00003 17.4966
      vertex 23.311 -2.03944 26
      vertex 23.3444 -1.27279 17.2728
    endloop
  endfacet
  facet normal 0.999061 -0.0433145 1.85171e-05
    outer loop
      vertex 23.3444 -1.27279 17.2728
      vertex 23.311 -2.03944 26
      vertex 23.3347 -1.49664 17
    endloop
  endfacet
  facet normal 0.999039 -0.0438212 -1.21026e-05
    outer loop
      vertex 23.3347 -1.49664 17
      vertex 23.311 -2.03944 26
      vertex 23.3274 -1.66298 16.6888
    endloop
  endfacet
  facet normal 0.99906 -0.043338 1.3383e-06
    outer loop
      vertex 23.3229 -1.76541 16.3512
      vertex 23.311 -2.03944 26
      vertex 23.3214 -1.8 16
    endloop
  endfacet
  facet normal 0.999038 -0.0438469 -1.31419e-05
    outer loop
      vertex 23.3274 -1.66298 16.6888
      vertex 23.311 -2.03944 26
      vertex 23.3229 -1.76541 16.3512
    endloop
  endfacet
  facet normal 0.999052 -0.0435283 0
    outer loop
      vertex 23.3847 -0.351162 14.2346
      vertex 23.4 0 0
      vertex 23.4 0 14.2
    endloop
  endfacet
  facet normal 0.999041 -0.043782 2.01549e-05
    outer loop
      vertex 23.311 -2.03944 0
      vertex 23.3847 -0.351162 14.2346
      vertex 23.3699 -0.688829 14.337
    endloop
  endfacet
  facet normal 0.999047 -0.0436556 8.22245e-06
    outer loop
      vertex 23.311 -2.03944 0
      vertex 23.3699 -0.688829 14.337
      vertex 23.3563 -1.00003 14.5034
    endloop
  endfacet
  facet normal 0.99905 -0.0435841 3.08905e-06
    outer loop
      vertex 23.311 -2.03944 0
      vertex 23.3563 -1.00003 14.5034
      vertex 23.3444 -1.27279 14.7272
    endloop
  endfacet
  facet normal 0.999062 -0.0433059 -1.14231e-05
    outer loop
      vertex 23.311 -2.03944 0
      vertex 23.3444 -1.27279 14.7272
      vertex 23.3347 -1.49664 15
    endloop
  endfacet
  facet normal 0.999039 -0.0438297 7.56849e-06
    outer loop
      vertex 23.311 -2.03944 0
      vertex 23.3347 -1.49664 15
      vertex 23.3274 -1.66298 15.3112
    endloop
  endfacet
  facet normal 0.999038 -0.0438625 8.37806e-06
    outer loop
      vertex 23.311 -2.03944 0
      vertex 23.3274 -1.66298 15.3112
      vertex 23.3229 -1.76541 15.6488
    endloop
  endfacet
  facet normal 0.999049 -0.0435979 -1.7202e-06
    outer loop
      vertex 23.3847 -0.351162 14.2346
      vertex 23.311 -2.03944 0
      vertex 23.4 0 0
    endloop
  endfacet
  facet normal 0.999061 -0.0433336 -9.02636e-07
    outer loop
      vertex 23.3214 -1.8 16
      vertex 23.311 -2.03944 0
      vertex 23.3229 -1.76541 15.6488
    endloop
  endfacet
  facet normal 0.999058 -0.0433938 0
    outer loop
      vertex 23.311 -2.03944 0
      vertex 23.3214 -1.8 16
      vertex 23.311 -2.03944 26
    endloop
  endfacet
  facet normal 0.923881 -0.382681 0
    outer loop
      vertex 21.2076 -9.88927 26
      vertex 21.9888 -8.00327 0
      vertex 21.9888 -8.00327 26
    endloop
  endfacet
  facet normal 0.923881 -0.382681 0
    outer loop
      vertex 21.9888 -8.00327 0
      vertex 21.2076 -9.88927 26
      vertex 21.2076 -9.88927 0
    endloop
  endfacet
  facet normal -0.737294 -0.675572 0
    outer loop
      vertex -16.5463 -16.5463 0
      vertex -17.9254 -15.0412 26
      vertex -17.9254 -15.0412 0
    endloop
  endfacet
  facet normal -0.737294 -0.675572 0
    outer loop
      vertex -17.9254 -15.0412 26
      vertex -16.5463 -16.5463 0
      vertex -16.5463 -16.5463 26
    endloop
  endfacet
  facet normal -0.382681 0.923881 0
    outer loop
      vertex -8.00327 21.9888 0
      vertex -9.88927 21.2076 26
      vertex -8.00327 21.9888 26
    endloop
  endfacet
  facet normal -0.382681 0.923881 0
    outer loop
      vertex -9.88927 21.2076 26
      vertex -8.00327 21.9888 0
      vertex -9.88927 21.2076 0
    endloop
  endfacet
  facet normal -0.737294 0.675572 0
    outer loop
      vertex -17.9254 15.0412 0
      vertex -16.5463 16.5463 26
      vertex -16.5463 16.5463 0
    endloop
  endfacet
  facet normal -0.737294 0.675572 0
    outer loop
      vertex -16.5463 16.5463 26
      vertex -17.9254 15.0412 0
      vertex -17.9254 15.0412 26
    endloop
  endfacet
  facet normal 0.608797 0.793326 -0
    outer loop
      vertex 15.0412 17.9254 13.8198
      vertex 13.4217 19.1682 26
      vertex 15.0412 17.9254 26
    endloop
  endfacet
  facet normal 0.610184 0.79226 0.00029329
    outer loop
      vertex 15.0189 17.9426 13.7524
      vertex 13.4217 19.1682 26
      vertex 15.0412 17.9254 13.8198
    endloop
  endfacet
  facet normal 0.608404 0.793627 -7.56887e-05
    outer loop
      vertex 14.9727 17.978 13.5694
      vertex 13.4217 19.1682 26
      vertex 15.0189 17.9426 13.7524
    endloop
  endfacet
  facet normal 0.60899 0.793178 4.04397e-05
    outer loop
      vertex 14.9395 18.0035 13.382
      vertex 13.4217 19.1682 26
      vertex 14.9727 17.978 13.5694
    endloop
  endfacet
  facet normal 0.609392 0.792869 0.000117378
    outer loop
      vertex 14.9195 18.0189 13.1917
      vertex 13.4217 19.1682 26
      vertex 14.9395 18.0035 13.382
    endloop
  endfacet
  facet normal 0.608055 0.793895 -0.00013098
    outer loop
      vertex 14.9128 18.024 13
      vertex 13.4217 19.1682 26
      vertex 14.9195 18.0189 13.1917
    endloop
  endfacet
  facet normal 0.608055 0.793895 0.00013098
    outer loop
      vertex 13.4217 19.1682 0
      vertex 14.9128 18.024 13
      vertex 14.9195 18.0189 12.8083
    endloop
  endfacet
  facet normal 0.609392 0.792869 -0.000117378
    outer loop
      vertex 13.4217 19.1682 0
      vertex 14.9195 18.0189 12.8083
      vertex 14.9395 18.0035 12.618
    endloop
  endfacet
  facet normal 0.608797 0.793326 0
    outer loop
      vertex 13.4217 19.1682 0
      vertex 15.0412 17.9254 12.1802
      vertex 15.0412 17.9254 0
    endloop
  endfacet
  facet normal 0.610184 0.79226 -0.00029329
    outer loop
      vertex 15.0412 17.9254 12.1802
      vertex 13.4217 19.1682 0
      vertex 15.0189 17.9426 12.2476
    endloop
  endfacet
  facet normal 0.608404 0.793627 7.56887e-05
    outer loop
      vertex 15.0189 17.9426 12.2476
      vertex 13.4217 19.1682 0
      vertex 14.9727 17.978 12.4306
    endloop
  endfacet
  facet normal 0.60899 0.793178 -4.04397e-05
    outer loop
      vertex 14.9727 17.978 12.4306
      vertex 13.4217 19.1682 0
      vertex 14.9395 18.0035 12.618
    endloop
  endfacet
  facet normal 0.608774 0.793343 0
    outer loop
      vertex 14.9128 18.024 13
      vertex 13.4217 19.1682 0
      vertex 13.4217 19.1682 26
    endloop
  endfacet
  facet normal 0.537284 0.843401 -0
    outer loop
      vertex 13.4217 19.1682 0
      vertex 11.7 20.265 26
      vertex 13.4217 19.1682 26
    endloop
  endfacet
  facet normal 0.537284 0.843401 0
    outer loop
      vertex 11.7 20.265 26
      vertex 13.4217 19.1682 0
      vertex 11.7 20.265 0
    endloop
  endfacet
  facet normal 0.0435283 -0.999052 0
    outer loop
      vertex 0.351162 -23.3847 11.7654
      vertex 0 -23.4 26
      vertex 0 -23.4 11.8
    endloop
  endfacet
  facet normal 0.0435979 -0.999049 1.7202e-06
    outer loop
      vertex 0 -23.4 26
      vertex 0.351162 -23.3847 11.7654
      vertex 2.03944 -23.311 26
    endloop
  endfacet
  facet normal 0.043782 -0.999041 -2.01549e-05
    outer loop
      vertex 0.688829 -23.3699 11.663
      vertex 2.03944 -23.311 26
      vertex 0.351162 -23.3847 11.7654
    endloop
  endfacet
  facet normal 0.0436556 -0.999047 -8.22245e-06
    outer loop
      vertex 1.00003 -23.3563 11.4966
      vertex 2.03944 -23.311 26
      vertex 0.688829 -23.3699 11.663
    endloop
  endfacet
  facet normal 0.0435841 -0.99905 -3.08905e-06
    outer loop
      vertex 1.27279 -23.3444 11.2728
      vertex 2.03944 -23.311 26
      vertex 1.00003 -23.3563 11.4966
    endloop
  endfacet
  facet normal 0.0433059 -0.999062 1.14231e-05
    outer loop
      vertex 1.49664 -23.3347 11
      vertex 2.03944 -23.311 26
      vertex 1.27279 -23.3444 11.2728
    endloop
  endfacet
  facet normal 0.0438297 -0.999039 -7.56849e-06
    outer loop
      vertex 1.66298 -23.3274 10.6888
      vertex 2.03944 -23.311 26
      vertex 1.49664 -23.3347 11
    endloop
  endfacet
  facet normal 0.0438625 -0.999038 -8.37806e-06
    outer loop
      vertex 1.76541 -23.3229 10.3512
      vertex 2.03944 -23.311 26
      vertex 1.66298 -23.3274 10.6888
    endloop
  endfacet
  facet normal 0.0433336 -0.999061 9.02636e-07
    outer loop
      vertex 1.8 -23.3214 10
      vertex 2.03944 -23.311 26
      vertex 1.76541 -23.3229 10.3512
    endloop
  endfacet
  facet normal 0.0435283 -0.999052 0
    outer loop
      vertex 0 -23.4 0
      vertex 0.351162 -23.3847 8.23459
      vertex 0 -23.4 8.2
    endloop
  endfacet
  facet normal 0.0435979 -0.999049 -2.9736e-06
    outer loop
      vertex 2.03944 -23.311 0
      vertex 0.351162 -23.3847 8.23459
      vertex 0 -23.4 0
    endloop
  endfacet
  facet normal 0.0437778 -0.999041 3.39803e-05
    outer loop
      vertex 0.351162 -23.3847 8.23459
      vertex 2.03944 -23.311 0
      vertex 0.688829 -23.3699 8.33702
    endloop
  endfacet
  facet normal 0.0436527 -0.999047 1.36687e-05
    outer loop
      vertex 0.688829 -23.3699 8.33702
      vertex 2.03944 -23.311 0
      vertex 1.00003 -23.3563 8.50335
    endloop
  endfacet
  facet normal 0.0435825 -0.99905 5.06991e-06
    outer loop
      vertex 1.00003 -23.3563 8.50335
      vertex 2.03944 -23.311 0
      vertex 1.27279 -23.3444 8.72721
    endloop
  endfacet
  facet normal 0.0433145 -0.999061 -1.85173e-05
    outer loop
      vertex 1.27279 -23.3444 8.72721
      vertex 2.03944 -23.311 0
      vertex 1.49664 -23.3347 8.99997
    endloop
  endfacet
  facet normal 0.0438212 -0.999039 1.21026e-05
    outer loop
      vertex 1.49664 -23.3347 8.99997
      vertex 2.03944 -23.311 0
      vertex 1.66298 -23.3274 9.31117
    endloop
  endfacet
  facet normal 0.0433938 -0.999058 0
    outer loop
      vertex 1.8 -23.3214 10
      vertex 2.03944 -23.311 0
      vertex 2.03944 -23.311 26
    endloop
  endfacet
  facet normal 0.043338 -0.99906 -1.33833e-06
    outer loop
      vertex 1.76541 -23.3229 9.64884
      vertex 2.03944 -23.311 0
      vertex 1.8 -23.3214 10
    endloop
  endfacet
  facet normal 0.0438469 -0.999038 1.31417e-05
    outer loop
      vertex 1.66298 -23.3274 9.31117
      vertex 2.03944 -23.311 0
      vertex 1.76541 -23.3229 9.64884
    endloop
  endfacet
  facet normal 0.953711 0.300726 0
    outer loop
      vertex 22.6027 6.05637 26
      vertex 21.9888 8.00327 0
      vertex 21.9888 8.00327 26
    endloop
  endfacet
  facet normal 0.953711 0.300726 0
    outer loop
      vertex 21.9888 8.00327 0
      vertex 22.6027 6.05637 26
      vertex 22.6027 6.05637 0
    endloop
  endfacet
  facet normal 0.675572 -0.737294 0
    outer loop
      vertex 15.0412 -17.9254 0
      vertex 16.5463 -16.5463 26
      vertex 15.0412 -17.9254 26
    endloop
  endfacet
  facet normal 0.675572 -0.737294 0
    outer loop
      vertex 16.5463 -16.5463 26
      vertex 15.0412 -17.9254 0
      vertex 16.5463 -16.5463 0
    endloop
  endfacet
  facet normal 0.953711 -0.300726 0
    outer loop
      vertex 21.9888 -8.00327 26
      vertex 22.6027 -6.05637 0
      vertex 22.6027 -6.05637 26
    endloop
  endfacet
  facet normal 0.953711 -0.300726 0
    outer loop
      vertex 22.6027 -6.05637 0
      vertex 21.9888 -8.00327 26
      vertex 21.9888 -8.00327 0
    endloop
  endfacet
  facet normal 0.130548 0.991442 -0
    outer loop
      vertex 4.06337 23.0445 0
      vertex 2.03944 23.311 26
      vertex 4.06337 23.0445 26
    endloop
  endfacet
  facet normal 0.130548 0.991442 0
    outer loop
      vertex 2.03944 23.311 26
      vertex 4.06337 23.0445 0
      vertex 2.03944 23.311 0
    endloop
  endfacet
  facet normal -0.923881 0.382681 0
    outer loop
      vertex -21.9888 8.00327 0
      vertex -21.2076 9.88927 26
      vertex -21.2076 9.88927 0
    endloop
  endfacet
  facet normal -0.923881 0.382681 0
    outer loop
      vertex -21.2076 9.88927 26
      vertex -21.9888 8.00327 0
      vertex -21.9888 8.00327 26
    endloop
  endfacet
  facet normal -0.953711 0.300726 0
    outer loop
      vertex -22.6027 6.05637 0
      vertex -21.9888 8.00327 26
      vertex -21.9888 8.00327 0
    endloop
  endfacet
  facet normal -0.953711 0.300726 0
    outer loop
      vertex -21.9888 8.00327 26
      vertex -22.6027 6.05637 0
      vertex -22.6027 6.05637 26
    endloop
  endfacet
  facet normal 0.923881 0.382681 0
    outer loop
      vertex 21.9888 8.00327 26
      vertex 21.2076 9.88927 0
      vertex 21.2076 9.88927 26
    endloop
  endfacet
  facet normal 0.923881 0.382681 0
    outer loop
      vertex 21.2076 9.88927 0
      vertex 21.9888 8.00327 26
      vertex 21.9888 8.00327 0
    endloop
  endfacet
  facet normal 0.887012 0.461746 0
    outer loop
      vertex 21.2076 9.88927 26
      vertex 20.265 11.7 0
      vertex 20.265 11.7 26
    endloop
  endfacet
  facet normal 0.887012 0.461746 0
    outer loop
      vertex 20.265 11.7 0
      vertex 21.2076 9.88927 26
      vertex 21.2076 9.88927 0
    endloop
  endfacet
  facet normal -0.843401 -0.537284 0
    outer loop
      vertex -19.1682 -13.4217 0
      vertex -20.265 -11.7 26
      vertex -20.265 -11.7 0
    endloop
  endfacet
  facet normal -0.843401 -0.537284 0
    outer loop
      vertex -20.265 -11.7 26
      vertex -19.1682 -13.4217 0
      vertex -19.1682 -13.4217 26
    endloop
  endfacet
  facet normal -0.675572 0.737294 0
    outer loop
      vertex -15.0412 17.9254 0
      vertex -16.5463 16.5463 26
      vertex -15.0412 17.9254 26
    endloop
  endfacet
  facet normal -0.675572 0.737294 0
    outer loop
      vertex -16.5463 16.5463 26
      vertex -15.0412 17.9254 0
      vertex -16.5463 16.5463 0
    endloop
  endfacet
  facet normal 0.843401 -0.537284 0
    outer loop
      vertex 19.1682 -13.4217 26
      vertex 20.265 -11.7 0
      vertex 20.265 -11.7 26
    endloop
  endfacet
  facet normal 0.843401 -0.537284 0
    outer loop
      vertex 20.265 -11.7 0
      vertex 19.1682 -13.4217 26
      vertex 19.1682 -13.4217 0
    endloop
  endfacet
  facet normal 0.216422 -0.9763 0
    outer loop
      vertex 4.06337 -23.0445 0
      vertex 6.05637 -22.6027 26
      vertex 4.06337 -23.0445 26
    endloop
  endfacet
  facet normal 0.216422 -0.9763 0
    outer loop
      vertex 6.05637 -22.6027 26
      vertex 4.06337 -23.0445 0
      vertex 6.05637 -22.6027 0
    endloop
  endfacet
  facet normal -0.0435283 0.999052 0
    outer loop
      vertex -0.351162 23.3847 11.7654
      vertex 0 23.4 26
      vertex 0 23.4 11.8
    endloop
  endfacet
  facet normal -0.0435979 0.999049 1.7202e-06
    outer loop
      vertex 0 23.4 26
      vertex -0.351162 23.3847 11.7654
      vertex -2.03944 23.311 26
    endloop
  endfacet
  facet normal -0.043782 0.999041 -2.01549e-05
    outer loop
      vertex -0.688829 23.3699 11.663
      vertex -2.03944 23.311 26
      vertex -0.351162 23.3847 11.7654
    endloop
  endfacet
  facet normal -0.0436556 0.999047 -8.22245e-06
    outer loop
      vertex -1.00003 23.3563 11.4966
      vertex -2.03944 23.311 26
      vertex -0.688829 23.3699 11.663
    endloop
  endfacet
  facet normal -0.0435841 0.99905 -3.08905e-06
    outer loop
      vertex -1.27279 23.3444 11.2728
      vertex -2.03944 23.311 26
      vertex -1.00003 23.3563 11.4966
    endloop
  endfacet
  facet normal -0.0433059 0.999062 1.14231e-05
    outer loop
      vertex -1.49664 23.3347 11
      vertex -2.03944 23.311 26
      vertex -1.27279 23.3444 11.2728
    endloop
  endfacet
  facet normal -0.0438297 0.999039 -7.56849e-06
    outer loop
      vertex -1.66298 23.3274 10.6888
      vertex -2.03944 23.311 26
      vertex -1.49664 23.3347 11
    endloop
  endfacet
  facet normal -0.0438625 0.999038 -8.37806e-06
    outer loop
      vertex -1.76541 23.3229 10.3512
      vertex -2.03944 23.311 26
      vertex -1.66298 23.3274 10.6888
    endloop
  endfacet
  facet normal -0.0433336 0.999061 9.02636e-07
    outer loop
      vertex -1.8 23.3214 10
      vertex -2.03944 23.311 26
      vertex -1.76541 23.3229 10.3512
    endloop
  endfacet
  facet normal -0.0435283 0.999052 0
    outer loop
      vertex 0 23.4 0
      vertex -0.351162 23.3847 8.23459
      vertex 0 23.4 8.2
    endloop
  endfacet
  facet normal -0.0435979 0.999049 -2.9736e-06
    outer loop
      vertex -2.03944 23.311 0
      vertex -0.351162 23.3847 8.23459
      vertex 0 23.4 0
    endloop
  endfacet
  facet normal -0.0437778 0.999041 3.39803e-05
    outer loop
      vertex -0.351162 23.3847 8.23459
      vertex -2.03944 23.311 0
      vertex -0.688829 23.3699 8.33702
    endloop
  endfacet
  facet normal -0.0436527 0.999047 1.36687e-05
    outer loop
      vertex -0.688829 23.3699 8.33702
      vertex -2.03944 23.311 0
      vertex -1.00003 23.3563 8.50335
    endloop
  endfacet
  facet normal -0.0435825 0.99905 5.06991e-06
    outer loop
      vertex -1.00003 23.3563 8.50335
      vertex -2.03944 23.311 0
      vertex -1.27279 23.3444 8.72721
    endloop
  endfacet
  facet normal -0.0433145 0.999061 -1.85173e-05
    outer loop
      vertex -1.27279 23.3444 8.72721
      vertex -2.03944 23.311 0
      vertex -1.49664 23.3347 8.99997
    endloop
  endfacet
  facet normal -0.0438212 0.999039 1.21026e-05
    outer loop
      vertex -1.49664 23.3347 8.99997
      vertex -2.03944 23.311 0
      vertex -1.66298 23.3274 9.31117
    endloop
  endfacet
  facet normal -0.0433938 0.999058 0
    outer loop
      vertex -1.8 23.3214 10
      vertex -2.03944 23.311 0
      vertex -2.03944 23.311 26
    endloop
  endfacet
  facet normal -0.043338 0.99906 -1.33833e-06
    outer loop
      vertex -1.76541 23.3229 9.64884
      vertex -2.03944 23.311 0
      vertex -1.8 23.3214 10
    endloop
  endfacet
  facet normal -0.0438469 0.999038 1.31417e-05
    outer loop
      vertex -1.66298 23.3274 9.31117
      vertex -2.03944 23.311 0
      vertex -1.76541 23.3229 9.64884
    endloop
  endfacet
  facet normal -0.9763 0.216422 0
    outer loop
      vertex -23.0445 4.06337 0
      vertex -22.6027 6.05637 26
      vertex -22.6027 6.05637 0
    endloop
  endfacet
  facet normal -0.9763 0.216422 0
    outer loop
      vertex -22.6027 6.05637 26
      vertex -23.0445 4.06337 0
      vertex -23.0445 4.06337 26
    endloop
  endfacet
  facet normal 0.300726 0.953711 -0
    outer loop
      vertex 8.00327 21.9888 0
      vertex 6.05637 22.6027 26
      vertex 8.00327 21.9888 26
    endloop
  endfacet
  facet normal 0.300726 0.953711 0
    outer loop
      vertex 6.05637 22.6027 26
      vertex 8.00327 21.9888 0
      vertex 6.05637 22.6027 0
    endloop
  endfacet
  facet normal 0.300726 -0.953711 0
    outer loop
      vertex 6.05637 -22.6027 0
      vertex 8.00327 -21.9888 26
      vertex 6.05637 -22.6027 26
    endloop
  endfacet
  facet normal 0.300726 -0.953711 0
    outer loop
      vertex 8.00327 -21.9888 26
      vertex 6.05637 -22.6027 0
      vertex 8.00327 -21.9888 0
    endloop
  endfacet
  facet normal -0.991442 -0.130548 0
    outer loop
      vertex -23.0445 -4.06337 0
      vertex -23.311 -2.03944 26
      vertex -23.311 -2.03944 0
    endloop
  endfacet
  facet normal -0.991442 -0.130548 0
    outer loop
      vertex -23.311 -2.03944 26
      vertex -23.0445 -4.06337 0
      vertex -23.0445 -4.06337 26
    endloop
  endfacet
  facet normal -0.793326 -0.608797 0
    outer loop
      vertex -17.9254 -15.0412 0
      vertex -19.1682 -13.4217 26
      vertex -19.1682 -13.4217 0
    endloop
  endfacet
  facet normal -0.793326 -0.608797 0
    outer loop
      vertex -19.1682 -13.4217 26
      vertex -17.9254 -15.0412 0
      vertex -17.9254 -15.0412 26
    endloop
  endfacet
  facet normal 0.382681 -0.923881 0
    outer loop
      vertex 8.00327 -21.9888 0
      vertex 9.88927 -21.2076 26
      vertex 8.00327 -21.9888 26
    endloop
  endfacet
  facet normal 0.382681 -0.923881 0
    outer loop
      vertex 9.88927 -21.2076 26
      vertex 8.00327 -21.9888 0
      vertex 9.88927 -21.2076 0
    endloop
  endfacet
  facet normal -0.461746 0.887012 0
    outer loop
      vertex -9.88927 21.2076 0
      vertex -11.7 20.265 26
      vertex -9.88927 21.2076 26
    endloop
  endfacet
  facet normal -0.461746 0.887012 0
    outer loop
      vertex -11.7 20.265 26
      vertex -9.88927 21.2076 0
      vertex -11.7 20.265 0
    endloop
  endfacet
  facet normal -0.999052 -0.0435283 0
    outer loop
      vertex -23.4 0 0
      vertex -23.3847 -0.351162 14.2346
      vertex -23.4 0 14.2
    endloop
  endfacet
  facet normal -0.999049 -0.0435979 -1.7202e-06
    outer loop
      vertex -23.311 -2.03944 0
      vertex -23.3847 -0.351162 14.2346
      vertex -23.4 0 0
    endloop
  endfacet
  facet normal -0.999041 -0.043782 2.01549e-05
    outer loop
      vertex -23.3847 -0.351162 14.2346
      vertex -23.311 -2.03944 0
      vertex -23.3699 -0.688829 14.337
    endloop
  endfacet
  facet normal -0.999047 -0.0436556 8.22245e-06
    outer loop
      vertex -23.3699 -0.688829 14.337
      vertex -23.311 -2.03944 0
      vertex -23.3563 -1.00003 14.5034
    endloop
  endfacet
  facet normal -0.99905 -0.0435841 3.08905e-06
    outer loop
      vertex -23.3563 -1.00003 14.5034
      vertex -23.311 -2.03944 0
      vertex -23.3444 -1.27279 14.7272
    endloop
  endfacet
  facet normal -0.999062 -0.0433059 -1.14231e-05
    outer loop
      vertex -23.3444 -1.27279 14.7272
      vertex -23.311 -2.03944 0
      vertex -23.3347 -1.49664 15
    endloop
  endfacet
  facet normal -0.999039 -0.0438297 7.56849e-06
    outer loop
      vertex -23.3347 -1.49664 15
      vertex -23.311 -2.03944 0
      vertex -23.3274 -1.66298 15.3112
    endloop
  endfacet
  facet normal -0.999061 -0.0433336 -9.02636e-07
    outer loop
      vertex -23.3229 -1.76541 15.6488
      vertex -23.311 -2.03944 0
      vertex -23.3214 -1.8 16
    endloop
  endfacet
  facet normal -0.999038 -0.0438625 8.37806e-06
    outer loop
      vertex -23.3274 -1.66298 15.3112
      vertex -23.311 -2.03944 0
      vertex -23.3229 -1.76541 15.6488
    endloop
  endfacet
  facet normal -0.999052 -0.0435283 0
    outer loop
      vertex -23.3847 -0.351162 17.7654
      vertex -23.4 0 26
      vertex -23.4 0 17.8
    endloop
  endfacet
  facet normal -0.999041 -0.0437778 -3.39809e-05
    outer loop
      vertex -23.311 -2.03944 26
      vertex -23.3847 -0.351162 17.7654
      vertex -23.3699 -0.688829 17.663
    endloop
  endfacet
  facet normal -0.999047 -0.0436527 -1.36683e-05
    outer loop
      vertex -23.311 -2.03944 26
      vertex -23.3699 -0.688829 17.663
      vertex -23.3563 -1.00003 17.4966
    endloop
  endfacet
  facet normal -0.99905 -0.0435825 -5.07001e-06
    outer loop
      vertex -23.311 -2.03944 26
      vertex -23.3563 -1.00003 17.4966
      vertex -23.3444 -1.27279 17.2728
    endloop
  endfacet
  facet normal -0.999061 -0.0433145 1.85171e-05
    outer loop
      vertex -23.311 -2.03944 26
      vertex -23.3444 -1.27279 17.2728
      vertex -23.3347 -1.49664 17
    endloop
  endfacet
  facet normal -0.999039 -0.0438212 -1.21026e-05
    outer loop
      vertex -23.311 -2.03944 26
      vertex -23.3347 -1.49664 17
      vertex -23.3274 -1.66298 16.6888
    endloop
  endfacet
  facet normal -0.999038 -0.0438469 -1.31419e-05
    outer loop
      vertex -23.311 -2.03944 26
      vertex -23.3274 -1.66298 16.6888
      vertex -23.3229 -1.76541 16.3512
    endloop
  endfacet
  facet normal -0.999049 -0.0435979 2.97359e-06
    outer loop
      vertex -23.3847 -0.351162 17.7654
      vertex -23.311 -2.03944 26
      vertex -23.4 0 26
    endloop
  endfacet
  facet normal -0.99906 -0.043338 1.3383e-06
    outer loop
      vertex -23.3214 -1.8 16
      vertex -23.311 -2.03944 26
      vertex -23.3229 -1.76541 16.3512
    endloop
  endfacet
  facet normal -0.999058 -0.0433938 -0
    outer loop
      vertex -23.311 -2.03944 26
      vertex -23.3214 -1.8 16
      vertex -23.311 -2.03944 0
    endloop
  endfacet
  facet normal 0.0435979 0.999049 1.7202e-06
    outer loop
      vertex 0.351162 23.3847 11.7654
      vertex 0 23.4 26
      vertex 2.03944 23.311 26
    endloop
  endfacet
  facet normal 0.0435283 0.999052 0
    outer loop
      vertex 0 23.4 26
      vertex 0.351162 23.3847 11.7654
      vertex 0 23.4 11.8
    endloop
  endfacet
  facet normal 0.043782 0.999041 -2.01549e-05
    outer loop
      vertex 2.03944 23.311 26
      vertex 0.688829 23.3699 11.663
      vertex 0.351162 23.3847 11.7654
    endloop
  endfacet
  facet normal 0.0436556 0.999047 -8.22245e-06
    outer loop
      vertex 2.03944 23.311 26
      vertex 1.00003 23.3563 11.4966
      vertex 0.688829 23.3699 11.663
    endloop
  endfacet
  facet normal 0.0435841 0.99905 -3.08905e-06
    outer loop
      vertex 2.03944 23.311 26
      vertex 1.27279 23.3444 11.2728
      vertex 1.00003 23.3563 11.4966
    endloop
  endfacet
  facet normal 0.0433059 0.999062 1.14231e-05
    outer loop
      vertex 2.03944 23.311 26
      vertex 1.49664 23.3347 11
      vertex 1.27279 23.3444 11.2728
    endloop
  endfacet
  facet normal 0.0438297 0.999039 -7.56849e-06
    outer loop
      vertex 2.03944 23.311 26
      vertex 1.66298 23.3274 10.6888
      vertex 1.49664 23.3347 11
    endloop
  endfacet
  facet normal 0.0438625 0.999038 -8.37806e-06
    outer loop
      vertex 2.03944 23.311 26
      vertex 1.76541 23.3229 10.3512
      vertex 1.66298 23.3274 10.6888
    endloop
  endfacet
  facet normal 0.0433336 0.999061 9.02636e-07
    outer loop
      vertex 2.03944 23.311 26
      vertex 1.8 23.3214 10
      vertex 1.76541 23.3229 10.3512
    endloop
  endfacet
  facet normal 0.0433938 0.999058 -0
    outer loop
      vertex 2.03944 23.311 0
      vertex 1.8 23.3214 10
      vertex 2.03944 23.311 26
    endloop
  endfacet
  facet normal 0.043338 0.99906 -1.33833e-06
    outer loop
      vertex 2.03944 23.311 0
      vertex 1.76541 23.3229 9.64884
      vertex 1.8 23.3214 10
    endloop
  endfacet
  facet normal 0.0438469 0.999038 1.31417e-05
    outer loop
      vertex 2.03944 23.311 0
      vertex 1.66298 23.3274 9.31117
      vertex 1.76541 23.3229 9.64884
    endloop
  endfacet
  facet normal 0.0438212 0.999039 1.21026e-05
    outer loop
      vertex 2.03944 23.311 0
      vertex 1.49664 23.3347 8.99997
      vertex 1.66298 23.3274 9.31117
    endloop
  endfacet
  facet normal 0.0433145 0.999061 -1.85173e-05
    outer loop
      vertex 2.03944 23.311 0
      vertex 1.27279 23.3444 8.72721
      vertex 1.49664 23.3347 8.99997
    endloop
  endfacet
  facet normal 0.0435825 0.99905 5.06991e-06
    outer loop
      vertex 2.03944 23.311 0
      vertex 1.00003 23.3563 8.50335
      vertex 1.27279 23.3444 8.72721
    endloop
  endfacet
  facet normal 0.0436527 0.999047 1.36687e-05
    outer loop
      vertex 2.03944 23.311 0
      vertex 0.688829 23.3699 8.33702
      vertex 1.00003 23.3563 8.50335
    endloop
  endfacet
  facet normal 0.0437778 0.999041 3.39803e-05
    outer loop
      vertex 2.03944 23.311 0
      vertex 0.351162 23.3847 8.23459
      vertex 0.688829 23.3699 8.33702
    endloop
  endfacet
  facet normal 0.0435979 0.999049 -2.9736e-06
    outer loop
      vertex 0 23.4 0
      vertex 0.351162 23.3847 8.23459
      vertex 2.03944 23.311 0
    endloop
  endfacet
  facet normal 0.0435283 0.999052 0
    outer loop
      vertex 0.351162 23.3847 8.23459
      vertex 0 23.4 0
      vertex 0 23.4 8.2
    endloop
  endfacet
  facet normal -0.537284 0.843401 0
    outer loop
      vertex -11.7 20.265 0
      vertex -13.4217 19.1682 26
      vertex -11.7 20.265 26
    endloop
  endfacet
  facet normal -0.537284 0.843401 0
    outer loop
      vertex -13.4217 19.1682 26
      vertex -11.7 20.265 0
      vertex -13.4217 19.1682 0
    endloop
  endfacet
  facet normal -0.608797 -0.793326 0
    outer loop
      vertex -15.0412 -17.9254 0
      vertex -13.4217 -19.1682 26
      vertex -15.0412 -17.9254 26
    endloop
  endfacet
  facet normal -0.608797 -0.793326 -0
    outer loop
      vertex -13.4217 -19.1682 26
      vertex -15.0412 -17.9254 0
      vertex -13.4217 -19.1682 0
    endloop
  endfacet
  facet normal -0.887012 -0.461746 0
    outer loop
      vertex -20.265 -11.7 0
      vertex -21.2076 -9.88927 26
      vertex -21.2076 -9.88927 0
    endloop
  endfacet
  facet normal -0.887012 -0.461746 0
    outer loop
      vertex -21.2076 -9.88927 26
      vertex -20.265 -11.7 0
      vertex -20.265 -11.7 26
    endloop
  endfacet
  facet normal 0.537284 -0.843401 0
    outer loop
      vertex 11.7 -20.265 0
      vertex 13.4217 -19.1682 26
      vertex 11.7 -20.265 26
    endloop
  endfacet
  facet normal 0.537284 -0.843401 0
    outer loop
      vertex 13.4217 -19.1682 26
      vertex 11.7 -20.265 0
      vertex 13.4217 -19.1682 0
    endloop
  endfacet
  facet normal -0.300726 -0.953711 0
    outer loop
      vertex -8.00327 -21.9888 0
      vertex -6.05637 -22.6027 26
      vertex -8.00327 -21.9888 26
    endloop
  endfacet
  facet normal -0.300726 -0.953711 -0
    outer loop
      vertex -6.05637 -22.6027 26
      vertex -8.00327 -21.9888 0
      vertex -6.05637 -22.6027 0
    endloop
  endfacet
  facet normal 0.737176 0.675701 0
    outer loop
      vertex 16.5463 16.5463 26
      vertex 16.676 16.4048 15.1916
      vertex 16.5463 16.5463 15.2
    endloop
  endfacet
  facet normal 0.737294 0.675572 3.1191e-06
    outer loop
      vertex 17.9254 15.0412 26
      vertex 16.676 16.4048 15.1916
      vertex 16.5463 16.5463 26
    endloop
  endfacet
  facet normal 0.737413 0.675442 -2.69949e-05
    outer loop
      vertex 16.676 16.4048 15.1916
      vertex 17.9254 15.0412 26
      vertex 16.8046 16.2644 15.1666
    endloop
  endfacet
  facet normal 0.737351 0.675509 -1.29465e-05
    outer loop
      vertex 16.8046 16.2644 15.1666
      vertex 17.9254 15.0412 26
      vertex 16.9313 16.1261 15.125
    endloop
  endfacet
  facet normal 0.737268 0.6756 3.71086e-06
    outer loop
      vertex 16.9313 16.1261 15.125
      vertex 17.9254 15.0412 26
      vertex 17.0551 15.991 15.0673
    endloop
  endfacet
  facet normal 0.737392 0.675465 -1.79367e-05
    outer loop
      vertex 17.0551 15.991 15.0673
      vertex 17.9254 15.0412 26
      vertex 17.1358 15.9029 15.0179
    endloop
  endfacet
  facet normal 0.736679 0.676243 9.43688e-05
    outer loop
      vertex 17.1358 15.9029 15.0179
      vertex 17.9254 15.0412 26
      vertex 17.175 15.8602 14.9939
    endloop
  endfacet
  facet normal 0.73695 0.675947 5.39592e-05
    outer loop
      vertex 17.175 15.8602 14.9939
      vertex 17.9254 15.0412 26
      vertex 17.2127 15.8191 14.9649
    endloop
  endfacet
  facet normal 0.737369 0.67549 -5.39521e-06
    outer loop
      vertex 17.2127 15.8191 14.9649
      vertex 17.9254 15.0412 26
      vertex 17.2902 15.7345 14.9053
    endloop
  endfacet
  facet normal 0.737309 0.675556 2.18617e-06
    outer loop
      vertex 17.2902 15.7345 14.9053
      vertex 17.9254 15.0412 26
      vertex 17.3996 15.6151 14.8021
    endloop
  endfacet
  facet normal 0.737266 0.675602 6.55138e-06
    outer loop
      vertex 17.3996 15.6151 14.8021
      vertex 17.9254 15.0412 26
      vertex 17.5026 15.5027 14.6853
    endloop
  endfacet
  facet normal 0.737163 0.675715 1.49855e-05
    outer loop
      vertex 17.5026 15.5027 14.6853
      vertex 17.9254 15.0412 26
      vertex 17.5983 15.3983 14.5556
    endloop
  endfacet
  facet normal 0.737257 0.675613 9.13722e-06
    outer loop
      vertex 17.5983 15.3983 14.5556
      vertex 17.9254 15.0412 26
      vertex 17.686 15.3026 14.4141
    endloop
  endfacet
  facet normal 0.737234 0.675637 1.01659e-05
    outer loop
      vertex 17.686 15.3026 14.4141
      vertex 17.9254 15.0412 26
      vertex 17.765 15.2164 14.2619
    endloop
  endfacet
  facet normal 0.73744 0.675413 4.00072e-06
    outer loop
      vertex 17.765 15.2164 14.2619
      vertex 17.9254 15.0412 26
      vertex 17.8347 15.1403 14.1
    endloop
  endfacet
  facet normal 0.73744 0.675413 3.99731e-06
    outer loop
      vertex 17.8347 15.1403 14.1
      vertex 17.9254 15.0412 26
      vertex 17.8946 15.0749 13.9298
    endloop
  endfacet
  facet normal 0.738153 0.674633 0
    outer loop
      vertex 17.8946 15.0749 13.9298
      vertex 17.9254 15.0412 26
      vertex 17.9254 15.0412 13.8198
    endloop
  endfacet
  facet normal 0.737176 0.675701 0
    outer loop
      vertex 16.676 16.4048 10.8084
      vertex 16.5463 16.5463 0
      vertex 16.5463 16.5463 10.8
    endloop
  endfacet
  facet normal 0.737413 0.675442 2.69949e-05
    outer loop
      vertex 17.9254 15.0412 0
      vertex 16.676 16.4048 10.8084
      vertex 16.8046 16.2644 10.8334
    endloop
  endfacet
  facet normal 0.737351 0.675509 1.29465e-05
    outer loop
      vertex 17.9254 15.0412 0
      vertex 16.8046 16.2644 10.8334
      vertex 16.9313 16.1261 10.875
    endloop
  endfacet
  facet normal 0.737268 0.6756 -3.71086e-06
    outer loop
      vertex 17.9254 15.0412 0
      vertex 16.9313 16.1261 10.875
      vertex 17.0551 15.991 10.9327
    endloop
  endfacet
  facet normal 0.737392 0.675465 1.79367e-05
    outer loop
      vertex 17.9254 15.0412 0
      vertex 17.0551 15.991 10.9327
      vertex 17.1358 15.9029 10.9821
    endloop
  endfacet
  facet normal 0.736679 0.676243 -9.43688e-05
    outer loop
      vertex 17.9254 15.0412 0
      vertex 17.1358 15.9029 10.9821
      vertex 17.175 15.8602 11.0061
    endloop
  endfacet
  facet normal 0.73695 0.675947 -5.39592e-05
    outer loop
      vertex 17.9254 15.0412 0
      vertex 17.175 15.8602 11.0061
      vertex 17.2127 15.8191 11.0351
    endloop
  endfacet
  facet normal 0.737369 0.67549 5.39521e-06
    outer loop
      vertex 17.9254 15.0412 0
      vertex 17.2127 15.8191 11.0351
      vertex 17.2902 15.7345 11.0947
    endloop
  endfacet
  facet normal 0.737309 0.675556 -2.18617e-06
    outer loop
      vertex 17.9254 15.0412 0
      vertex 17.2902 15.7345 11.0947
      vertex 17.3996 15.6151 11.1979
    endloop
  endfacet
  facet normal 0.737266 0.675602 -6.55138e-06
    outer loop
      vertex 17.9254 15.0412 0
      vertex 17.3996 15.6151 11.1979
      vertex 17.5026 15.5027 11.3147
    endloop
  endfacet
  facet normal 0.737163 0.675715 -1.49855e-05
    outer loop
      vertex 17.9254 15.0412 0
      vertex 17.5026 15.5027 11.3147
      vertex 17.5983 15.3983 11.4444
    endloop
  endfacet
  facet normal 0.737257 0.675613 -9.13722e-06
    outer loop
      vertex 17.9254 15.0412 0
      vertex 17.5983 15.3983 11.4444
      vertex 17.686 15.3026 11.5859
    endloop
  endfacet
  facet normal 0.737234 0.675637 -1.01659e-05
    outer loop
      vertex 17.9254 15.0412 0
      vertex 17.686 15.3026 11.5859
      vertex 17.765 15.2164 11.7381
    endloop
  endfacet
  facet normal 0.73744 0.675413 -4.00072e-06
    outer loop
      vertex 17.9254 15.0412 0
      vertex 17.765 15.2164 11.7381
      vertex 17.8347 15.1403 11.9
    endloop
  endfacet
  facet normal 0.73744 0.675413 -3.99731e-06
    outer loop
      vertex 17.9254 15.0412 0
      vertex 17.8347 15.1403 11.9
      vertex 17.8946 15.0749 12.0702
    endloop
  endfacet
  facet normal 0.738153 0.674633 -0
    outer loop
      vertex 17.9254 15.0412 0
      vertex 17.8946 15.0749 12.0702
      vertex 17.9254 15.0412 12.1802
    endloop
  endfacet
  facet normal 0.737294 0.675572 -3.1191e-06
    outer loop
      vertex 16.676 16.4048 10.8084
      vertex 17.9254 15.0412 0
      vertex 16.5463 16.5463 0
    endloop
  endfacet
  facet normal -0.999058 0.0433938 0
    outer loop
      vertex -23.311 2.03944 0
      vertex -23.3214 1.8 16
      vertex -23.311 2.03944 26
    endloop
  endfacet
  facet normal -0.999061 0.0433336 -9.02636e-07
    outer loop
      vertex -23.311 2.03944 0
      vertex -23.3229 1.76541 15.6488
      vertex -23.3214 1.8 16
    endloop
  endfacet
  facet normal -0.999038 0.0438625 8.37806e-06
    outer loop
      vertex -23.311 2.03944 0
      vertex -23.3274 1.66298 15.3112
      vertex -23.3229 1.76541 15.6488
    endloop
  endfacet
  facet normal -0.999039 0.0438297 7.56849e-06
    outer loop
      vertex -23.311 2.03944 0
      vertex -23.3347 1.49664 15
      vertex -23.3274 1.66298 15.3112
    endloop
  endfacet
  facet normal -0.999062 0.0433059 -1.14231e-05
    outer loop
      vertex -23.311 2.03944 0
      vertex -23.3444 1.27279 14.7272
      vertex -23.3347 1.49664 15
    endloop
  endfacet
  facet normal -0.99905 0.0435841 3.08905e-06
    outer loop
      vertex -23.311 2.03944 0
      vertex -23.3563 1.00003 14.5034
      vertex -23.3444 1.27279 14.7272
    endloop
  endfacet
  facet normal -0.999047 0.0436556 8.22245e-06
    outer loop
      vertex -23.311 2.03944 0
      vertex -23.3699 0.688829 14.337
      vertex -23.3563 1.00003 14.5034
    endloop
  endfacet
  facet normal -0.999041 0.043782 2.01549e-05
    outer loop
      vertex -23.311 2.03944 0
      vertex -23.3847 0.351162 14.2346
      vertex -23.3699 0.688829 14.337
    endloop
  endfacet
  facet normal -0.999049 0.0435979 -1.7202e-06
    outer loop
      vertex -23.4 0 0
      vertex -23.3847 0.351162 14.2346
      vertex -23.311 2.03944 0
    endloop
  endfacet
  facet normal -0.999052 0.0435283 0
    outer loop
      vertex -23.3847 0.351162 14.2346
      vertex -23.4 0 0
      vertex -23.4 0 14.2
    endloop
  endfacet
  facet normal -0.99906 0.043338 1.3383e-06
    outer loop
      vertex -23.3229 1.76541 16.3512
      vertex -23.311 2.03944 26
      vertex -23.3214 1.8 16
    endloop
  endfacet
  facet normal -0.999038 0.0438469 -1.31419e-05
    outer loop
      vertex -23.3274 1.66298 16.6888
      vertex -23.311 2.03944 26
      vertex -23.3229 1.76541 16.3512
    endloop
  endfacet
  facet normal -0.999039 0.0438212 -1.21026e-05
    outer loop
      vertex -23.3347 1.49664 17
      vertex -23.311 2.03944 26
      vertex -23.3274 1.66298 16.6888
    endloop
  endfacet
  facet normal -0.999061 0.0433145 1.85171e-05
    outer loop
      vertex -23.3444 1.27279 17.2728
      vertex -23.311 2.03944 26
      vertex -23.3347 1.49664 17
    endloop
  endfacet
  facet normal -0.99905 0.0435825 -5.07001e-06
    outer loop
      vertex -23.3563 1.00003 17.4966
      vertex -23.311 2.03944 26
      vertex -23.3444 1.27279 17.2728
    endloop
  endfacet
  facet normal -0.999047 0.0436527 -1.36683e-05
    outer loop
      vertex -23.3699 0.688829 17.663
      vertex -23.311 2.03944 26
      vertex -23.3563 1.00003 17.4966
    endloop
  endfacet
  facet normal -0.999041 0.0437778 -3.39809e-05
    outer loop
      vertex -23.3847 0.351162 17.7654
      vertex -23.311 2.03944 26
      vertex -23.3699 0.688829 17.663
    endloop
  endfacet
  facet normal -0.999052 0.0435283 0
    outer loop
      vertex -23.4 0 26
      vertex -23.3847 0.351162 17.7654
      vertex -23.4 0 17.8
    endloop
  endfacet
  facet normal -0.999049 0.0435979 2.97359e-06
    outer loop
      vertex -23.3847 0.351162 17.7654
      vertex -23.4 0 26
      vertex -23.311 2.03944 26
    endloop
  endfacet
  facet normal 0.887012 -0.461746 0
    outer loop
      vertex 20.265 -11.7 26
      vertex 21.2076 -9.88927 0
      vertex 21.2076 -9.88927 26
    endloop
  endfacet
  facet normal 0.887012 -0.461746 0
    outer loop
      vertex 21.2076 -9.88927 0
      vertex 20.265 -11.7 26
      vertex 20.265 -11.7 0
    endloop
  endfacet
  facet normal -0.130548 -0.991442 0
    outer loop
      vertex -4.06337 -23.0445 0
      vertex -2.03944 -23.311 26
      vertex -4.06337 -23.0445 26
    endloop
  endfacet
  facet normal -0.130548 -0.991442 -0
    outer loop
      vertex -2.03944 -23.311 26
      vertex -4.06337 -23.0445 0
      vertex -2.03944 -23.311 0
    endloop
  endfacet
  facet normal 0.608797 -0.793326 0
    outer loop
      vertex 13.4217 -19.1682 0
      vertex 15.0412 -17.9254 26
      vertex 13.4217 -19.1682 26
    endloop
  endfacet
  facet normal 0.608797 -0.793326 0
    outer loop
      vertex 15.0412 -17.9254 26
      vertex 13.4217 -19.1682 0
      vertex 15.0412 -17.9254 0
    endloop
  endfacet
  facet normal 0.216422 0.9763 -0
    outer loop
      vertex 6.05637 22.6027 0
      vertex 4.06337 23.0445 26
      vertex 6.05637 22.6027 26
    endloop
  endfacet
  facet normal 0.216422 0.9763 0
    outer loop
      vertex 4.06337 23.0445 26
      vertex 6.05637 22.6027 0
      vertex 4.06337 23.0445 0
    endloop
  endfacet
  facet normal 0 0 1
    outer loop
      vertex -16.1508 -2.84783 26
      vertex -19.4025 -1.20104 26
      vertex -15.8412 -4.24463 26
    endloop
  endfacet
  facet normal -0 0 1
    outer loop
      vertex -19.9 -1.3 26
      vertex -15.8412 -4.24463 26
      vertex -19.4025 -1.20104 26
    endloop
  endfacet
  facet normal 0 0 1
    outer loop
      vertex -15.411 -5.60913 26
      vertex -19.1682 -13.4217 26
      vertex -17.9254 -15.0412 26
    endloop
  endfacet
  facet normal 0 0 1
    outer loop
      vertex -22.6027 -6.05637 26
      vertex -15.8412 -4.24463 26
      vertex -19.9 -1.3 26
    endloop
  endfacet
  facet normal 0 0 1
    outer loop
      vertex -15.8412 -4.24463 26
      vertex -22.6027 -6.05637 26
      vertex -15.411 -5.60913 26
    endloop
  endfacet
  facet normal 0 0 1
    outer loop
      vertex -15.411 -5.60913 26
      vertex -20.265 -11.7 26
      vertex -19.1682 -13.4217 26
    endloop
  endfacet
  facet normal 0 0 1
    outer loop
      vertex -23.0445 -4.06337 26
      vertex -19.9 -1.3 26
      vertex -20.3975 -1.20104 26
    endloop
  endfacet
  facet normal 0 0 1
    outer loop
      vertex -23.311 -2.03944 26
      vertex -20.3975 -1.20104 26
      vertex -20.8192 -0.919238 26
    endloop
  endfacet
  facet normal 0 0 1
    outer loop
      vertex -23.311 -2.03944 26
      vertex -20.8192 -0.919238 26
      vertex -21.101 -0.497488 26
    endloop
  endfacet
  facet normal -0 0 1
    outer loop
      vertex -23.4 0 26
      vertex -21.101 -0.497488 26
      vertex -21.2 0 26
    endloop
  endfacet
  facet normal 0 0 1
    outer loop
      vertex -15.411 -5.60913 26
      vertex -21.2076 -9.88927 26
      vertex -20.265 -11.7 26
    endloop
  endfacet
  facet normal -0 0 1
    outer loop
      vertex -23.311 2.03944 26
      vertex -20.3975 1.20104 26
      vertex -23.0445 4.06337 26
    endloop
  endfacet
  facet normal 0 0 1
    outer loop
      vertex -20.3975 1.20104 26
      vertex -23.311 2.03944 26
      vertex -20.8192 0.919238 26
    endloop
  endfacet
  facet normal 0 0 1
    outer loop
      vertex -15.411 -5.60913 26
      vertex -21.9888 -8.00327 26
      vertex -21.2076 -9.88927 26
    endloop
  endfacet
  facet normal 0 0 1
    outer loop
      vertex -20.8192 0.919238 26
      vertex -23.311 2.03944 26
      vertex -21.101 0.497488 26
    endloop
  endfacet
  facet normal 0 0 1
    outer loop
      vertex -15.411 -5.60913 26
      vertex -22.6027 -6.05637 26
      vertex -21.9888 -8.00327 26
    endloop
  endfacet
  facet normal 0 0 1
    outer loop
      vertex -23.4 0 26
      vertex -21.101 0.497488 26
      vertex -23.311 2.03944 26
    endloop
  endfacet
  facet normal 0 0 1
    outer loop
      vertex -19.9 -1.3 26
      vertex -23.0445 -4.06337 26
      vertex -22.6027 -6.05637 26
    endloop
  endfacet
  facet normal 0 0 1
    outer loop
      vertex -21.101 0.497488 26
      vertex -23.4 0 26
      vertex -21.2 0 26
    endloop
  endfacet
  facet normal 0 0 1
    outer loop
      vertex -20.3975 -1.20104 26
      vertex -23.311 -2.03944 26
      vertex -23.0445 -4.06337 26
    endloop
  endfacet
  facet normal 0 0 1
    outer loop
      vertex -21.101 -0.497488 26
      vertex -23.4 0 26
      vertex -23.311 -2.03944 26
    endloop
  endfacet
  facet normal -0 0 1
    outer loop
      vertex 14.8634 -6.93094 26
      vertex 21.2076 -9.88927 26
      vertex 15.411 -5.60913 26
    endloop
  endfacet
  facet normal 0 0 1
    outer loop
      vertex 21.2076 -9.88927 26
      vertex 14.8634 -6.93094 26
      vertex 20.265 -11.7 26
    endloop
  endfacet
  facet normal -0 0 1
    outer loop
      vertex 14.2028 -8.2 26
      vertex 20.265 -11.7 26
      vertex 14.8634 -6.93094 26
    endloop
  endfacet
  facet normal 0 0 1
    outer loop
      vertex 20.265 -11.7 26
      vertex 14.2028 -8.2 26
      vertex 19.1682 -13.4217 26
    endloop
  endfacet
  facet normal -0 0 1
    outer loop
      vertex 13.4341 -9.40665 26
      vertex 19.1682 -13.4217 26
      vertex 14.2028 -8.2 26
    endloop
  endfacet
  facet normal 0 0 1
    outer loop
      vertex 19.1682 -13.4217 26
      vertex 13.4341 -9.40665 26
      vertex 17.9254 -15.0412 26
    endloop
  endfacet
  facet normal -0 0 1
    outer loop
      vertex 12.5631 -10.5417 26
      vertex 17.9254 -15.0412 26
      vertex 13.4341 -9.40665 26
    endloop
  endfacet
  facet normal 0 0 1
    outer loop
      vertex 17.9254 -15.0412 26
      vertex 12.5631 -10.5417 26
      vertex 16.5463 -16.5463 26
    endloop
  endfacet
  facet normal -0 0 1
    outer loop
      vertex 11.5966 -11.5966 26
      vertex 16.5463 -16.5463 26
      vertex 12.5631 -10.5417 26
    endloop
  endfacet
  facet normal 0 0 1
    outer loop
      vertex 16.5463 -16.5463 26
      vertex 11.5966 -11.5966 26
      vertex 15.0412 -17.9254 26
    endloop
  endfacet
  facet normal -0 0 1
    outer loop
      vertex 10.5417 -12.5631 26
      vertex 15.0412 -17.9254 26
      vertex 11.5966 -11.5966 26
    endloop
  endfacet
  facet normal 0 0 1
    outer loop
      vertex 15.0412 -17.9254 26
      vertex 10.5417 -12.5631 26
      vertex 13.4217 -19.1682 26
    endloop
  endfacet
  facet normal -0 0 1
    outer loop
      vertex 9.40665 -13.4341 26
      vertex 13.4217 -19.1682 26
      vertex 10.5417 -12.5631 26
    endloop
  endfacet
  facet normal 0 0 1
    outer loop
      vertex 13.4217 -19.1682 26
      vertex 9.40665 -13.4341 26
      vertex 11.7 -20.265 26
    endloop
  endfacet
  facet normal -0 0 1
    outer loop
      vertex 8.2 -14.2028 26
      vertex 11.7 -20.265 26
      vertex 9.40665 -13.4341 26
    endloop
  endfacet
  facet normal 0 0 1
    outer loop
      vertex 11.7 -20.265 26
      vertex 8.2 -14.2028 26
      vertex 9.88927 -21.2076 26
    endloop
  endfacet
  facet normal -0 0 1
    outer loop
      vertex 6.93094 -14.8634 26
      vertex 9.88927 -21.2076 26
      vertex 8.2 -14.2028 26
    endloop
  endfacet
  facet normal 0 0 1
    outer loop
      vertex 9.88927 -21.2076 26
      vertex 6.93094 -14.8634 26
      vertex 8.00327 -21.9888 26
    endloop
  endfacet
  facet normal -0 0 1
    outer loop
      vertex 5.60913 -15.411 26
      vertex 8.00327 -21.9888 26
      vertex 6.93094 -14.8634 26
    endloop
  endfacet
  facet normal 0 0 1
    outer loop
      vertex 8.00327 -21.9888 26
      vertex 5.60913 -15.411 26
      vertex 6.05637 -22.6027 26
    endloop
  endfacet
  facet normal -0 0 1
    outer loop
      vertex 4.24463 -15.8412 26
      vertex 6.05637 -22.6027 26
      vertex 5.60913 -15.411 26
    endloop
  endfacet
  facet normal 0 0 1
    outer loop
      vertex 4.24463 -15.8412 26
      vertex 4.06337 -23.0445 26
      vertex 6.05637 -22.6027 26
    endloop
  endfacet
  facet normal -0 0 1
    outer loop
      vertex 2.84783 -16.1508 26
      vertex 4.06337 -23.0445 26
      vertex 4.24463 -15.8412 26
    endloop
  endfacet
  facet normal 0 0 1
    outer loop
      vertex 2.84783 -16.1508 26
      vertex 2.03944 -23.311 26
      vertex 4.06337 -23.0445 26
    endloop
  endfacet
  facet normal -0 0 1
    outer loop
      vertex 1.42935 -16.3376 26
      vertex 2.03944 -23.311 26
      vertex 2.84783 -16.1508 26
    endloop
  endfacet
  facet normal -0 0 1
    outer loop
      vertex 0 -16.4 26
      vertex 2.03944 -23.311 26
      vertex 1.42935 -16.3376 26
    endloop
  endfacet
  facet normal 0 0 1
    outer loop
      vertex 0 -16.4 26
      vertex 0 -23.4 26
      vertex 2.03944 -23.311 26
    endloop
  endfacet
  facet normal 0 0 1
    outer loop
      vertex -1.42935 -16.3376 26
      vertex 0 -23.4 26
      vertex 0 -16.4 26
    endloop
  endfacet
  facet normal 0 0 1
    outer loop
      vertex -1.42935 -16.3376 26
      vertex -2.03944 -23.311 26
      vertex 0 -23.4 26
    endloop
  endfacet
  facet normal 0 0 1
    outer loop
      vertex -2.84783 -16.1508 26
      vertex -2.03944 -23.311 26
      vertex -1.42935 -16.3376 26
    endloop
  endfacet
  facet normal 0 0 1
    outer loop
      vertex -2.84783 -16.1508 26
      vertex -4.06337 -23.0445 26
      vertex -2.03944 -23.311 26
    endloop
  endfacet
  facet normal 0 0 1
    outer loop
      vertex -4.24463 -15.8412 26
      vertex -4.06337 -23.0445 26
      vertex -2.84783 -16.1508 26
    endloop
  endfacet
  facet normal 0 0 1
    outer loop
      vertex -6.05637 -22.6027 26
      vertex -4.24463 -15.8412 26
      vertex -5.60913 -15.411 26
    endloop
  endfacet
  facet normal 0 0 1
    outer loop
      vertex -4.24463 -15.8412 26
      vertex -6.05637 -22.6027 26
      vertex -4.06337 -23.0445 26
    endloop
  endfacet
  facet normal 0 0 1
    outer loop
      vertex -8.00327 -21.9888 26
      vertex -5.60913 -15.411 26
      vertex -6.93094 -14.8634 26
    endloop
  endfacet
  facet normal 0 0 1
    outer loop
      vertex -5.60913 -15.411 26
      vertex -8.00327 -21.9888 26
      vertex -6.05637 -22.6027 26
    endloop
  endfacet
  facet normal 0 0 1
    outer loop
      vertex -9.88927 -21.2076 26
      vertex -6.93094 -14.8634 26
      vertex -8.2 -14.2028 26
    endloop
  endfacet
  facet normal 0 0 1
    outer loop
      vertex -11.7 -20.265 26
      vertex -8.2 -14.2028 26
      vertex -9.40665 -13.4341 26
    endloop
  endfacet
  facet normal 0 0 1
    outer loop
      vertex -6.93094 -14.8634 26
      vertex -9.88927 -21.2076 26
      vertex -8.00327 -21.9888 26
    endloop
  endfacet
  facet normal 0 0 1
    outer loop
      vertex -13.4217 -19.1682 26
      vertex -9.40665 -13.4341 26
      vertex -10.5417 -12.5631 26
    endloop
  endfacet
  facet normal 0 0 1
    outer loop
      vertex -15.0412 -17.9254 26
      vertex -10.5417 -12.5631 26
      vertex -11.5966 -11.5966 26
    endloop
  endfacet
  facet normal 0 0 1
    outer loop
      vertex -8.2 -14.2028 26
      vertex -11.7 -20.265 26
      vertex -9.88927 -21.2076 26
    endloop
  endfacet
  facet normal 0 0 1
    outer loop
      vertex -16.5463 -16.5463 26
      vertex -11.5966 -11.5966 26
      vertex -12.5631 -10.5417 26
    endloop
  endfacet
  facet normal 0 0 1
    outer loop
      vertex -9.40665 -13.4341 26
      vertex -13.4217 -19.1682 26
      vertex -11.7 -20.265 26
    endloop
  endfacet
  facet normal 0 0 1
    outer loop
      vertex -17.9254 -15.0412 26
      vertex -12.5631 -10.5417 26
      vertex -13.4341 -9.40665 26
    endloop
  endfacet
  facet normal 0 0 1
    outer loop
      vertex -17.9254 -15.0412 26
      vertex -13.4341 -9.40665 26
      vertex -14.2028 -8.2 26
    endloop
  endfacet
  facet normal 0 0 1
    outer loop
      vertex -17.9254 -15.0412 26
      vertex -14.2028 -8.2 26
      vertex -14.8634 -6.93094 26
    endloop
  endfacet
  facet normal 0 0 1
    outer loop
      vertex -10.5417 -12.5631 26
      vertex -15.0412 -17.9254 26
      vertex -13.4217 -19.1682 26
    endloop
  endfacet
  facet normal 0 0 1
    outer loop
      vertex -17.9254 -15.0412 26
      vertex -14.8634 -6.93094 26
      vertex -15.411 -5.60913 26
    endloop
  endfacet
  facet normal -0 0 1
    outer loop
      vertex -19.4025 -1.20104 26
      vertex -16.1508 -2.84783 26
      vertex -18.9808 -0.919238 26
    endloop
  endfacet
  facet normal -0 0 1
    outer loop
      vertex -18.9808 -0.919238 26
      vertex -16.3376 -1.42935 26
      vertex -18.699 -0.497488 26
    endloop
  endfacet
  facet normal 0 0 1
    outer loop
      vertex -16.4 0 26
      vertex -18.699 -0.497488 26
      vertex -16.3376 -1.42935 26
    endloop
  endfacet
  facet normal 0 0 1
    outer loop
      vertex -11.5966 -11.5966 26
      vertex -16.5463 -16.5463 26
      vertex -15.0412 -17.9254 26
    endloop
  endfacet
  facet normal 0 0 1
    outer loop
      vertex -18.699 -0.497488 26
      vertex -16.4 0 26
      vertex -18.6 0 26
    endloop
  endfacet
  facet normal -0 0 1
    outer loop
      vertex -21.9888 8.00327 26
      vertex -15.411 5.60913 26
      vertex -21.2076 9.88927 26
    endloop
  endfacet
  facet normal 0 0 1
    outer loop
      vertex -15.411 5.60913 26
      vertex -21.9888 8.00327 26
      vertex -15.8412 4.24463 26
    endloop
  endfacet
  facet normal 0 0 1
    outer loop
      vertex -16.3376 -1.42935 26
      vertex -18.9808 -0.919238 26
      vertex -16.1508 -2.84783 26
    endloop
  endfacet
  facet normal 0 0 1
    outer loop
      vertex -12.5631 -10.5417 26
      vertex -17.9254 -15.0412 26
      vertex -16.5463 -16.5463 26
    endloop
  endfacet
  facet normal 0 0 1
    outer loop
      vertex -16.4 0 26
      vertex -18.699 0.497488 26
      vertex -18.6 0 26
    endloop
  endfacet
  facet normal 0 0 1
    outer loop
      vertex -16.3376 1.42935 26
      vertex -18.699 0.497488 26
      vertex -16.4 0 26
    endloop
  endfacet
  facet normal 0 -0 1
    outer loop
      vertex -19.4025 1.20104 26
      vertex -15.8412 4.24463 26
      vertex -19.9 1.3 26
    endloop
  endfacet
  facet normal 0 -0 1
    outer loop
      vertex -18.9808 0.919238 26
      vertex -16.1508 2.84783 26
      vertex -19.4025 1.20104 26
    endloop
  endfacet
  facet normal 0 -0 1
    outer loop
      vertex -18.699 0.497488 26
      vertex -16.3376 1.42935 26
      vertex -18.9808 0.919238 26
    endloop
  endfacet
  facet normal 0 0 1
    outer loop
      vertex -16.1508 2.84783 26
      vertex -18.9808 0.919238 26
      vertex -16.3376 1.42935 26
    endloop
  endfacet
  facet normal 0 0 1
    outer loop
      vertex -15.8412 4.24463 26
      vertex -19.4025 1.20104 26
      vertex -16.1508 2.84783 26
    endloop
  endfacet
  facet normal -0 0 1
    outer loop
      vertex -22.6027 6.05637 26
      vertex -15.8412 4.24463 26
      vertex -21.9888 8.00327 26
    endloop
  endfacet
  facet normal 0 0 1
    outer loop
      vertex -15.8412 4.24463 26
      vertex -22.6027 6.05637 26
      vertex -19.9 1.3 26
    endloop
  endfacet
  facet normal -0 0 1
    outer loop
      vertex -23.0445 4.06337 26
      vertex -19.9 1.3 26
      vertex -22.6027 6.05637 26
    endloop
  endfacet
  facet normal 0 0 1
    outer loop
      vertex -19.9 1.3 26
      vertex -23.0445 4.06337 26
      vertex -20.3975 1.20104 26
    endloop
  endfacet
  facet normal -0 0 1
    outer loop
      vertex 21.101 0.497488 26
      vertex 23.4 0 26
      vertex 23.311 2.03944 26
    endloop
  endfacet
  facet normal 0 0 1
    outer loop
      vertex 20.3975 1.20104 26
      vertex 23.311 2.03944 26
      vertex 23.0445 4.06337 26
    endloop
  endfacet
  facet normal 0 0 1
    outer loop
      vertex 23.4 0 26
      vertex 21.101 0.497488 26
      vertex 21.2 0 26
    endloop
  endfacet
  facet normal 0 0 1
    outer loop
      vertex 19.9 1.3 26
      vertex 23.0445 4.06337 26
      vertex 22.6027 6.05637 26
    endloop
  endfacet
  facet normal 0 0 1
    outer loop
      vertex 23.4 0 26
      vertex 21.101 -0.497488 26
      vertex 23.311 -2.03944 26
    endloop
  endfacet
  facet normal 0 0 1
    outer loop
      vertex 15.8412 4.24463 26
      vertex 22.6027 6.05637 26
      vertex 21.9888 8.00327 26
    endloop
  endfacet
  facet normal -0 0 1
    outer loop
      vertex 20.8192 -0.919238 26
      vertex 23.311 -2.03944 26
      vertex 21.101 -0.497488 26
    endloop
  endfacet
  facet normal 0 0 1
    outer loop
      vertex 15.411 5.60913 26
      vertex 21.9888 8.00327 26
      vertex 21.2076 9.88927 26
    endloop
  endfacet
  facet normal -0 0 1
    outer loop
      vertex 20.3975 -1.20104 26
      vertex 23.311 -2.03944 26
      vertex 20.8192 -0.919238 26
    endloop
  endfacet
  facet normal 0 0 1
    outer loop
      vertex 23.311 -2.03944 26
      vertex 20.3975 -1.20104 26
      vertex 23.0445 -4.06337 26
    endloop
  endfacet
  facet normal 0 0 1
    outer loop
      vertex 21.101 -0.497488 26
      vertex 23.4 0 26
      vertex 21.2 0 26
    endloop
  endfacet
  facet normal 0 0 1
    outer loop
      vertex 23.311 2.03944 26
      vertex 20.8192 0.919238 26
      vertex 21.101 0.497488 26
    endloop
  endfacet
  facet normal 0 0 1
    outer loop
      vertex 23.311 2.03944 26
      vertex 20.3975 1.20104 26
      vertex 20.8192 0.919238 26
    endloop
  endfacet
  facet normal 0 0 1
    outer loop
      vertex 14.8634 6.93094 26
      vertex 21.2076 9.88927 26
      vertex 20.265 11.7 26
    endloop
  endfacet
  facet normal 0 0 1
    outer loop
      vertex 23.0445 4.06337 26
      vertex 19.9 1.3 26
      vertex 20.3975 1.20104 26
    endloop
  endfacet
  facet normal 0 0 1
    outer loop
      vertex 22.6027 6.05637 26
      vertex 15.8412 4.24463 26
      vertex 19.9 1.3 26
    endloop
  endfacet
  facet normal 0 0 1
    outer loop
      vertex 14.2028 8.2 26
      vertex 20.265 11.7 26
      vertex 19.1682 13.4217 26
    endloop
  endfacet
  facet normal 0 0 1
    outer loop
      vertex 21.9888 8.00327 26
      vertex 15.411 5.60913 26
      vertex 15.8412 4.24463 26
    endloop
  endfacet
  facet normal 0 0 1
    outer loop
      vertex 19.9 1.3 26
      vertex 15.8412 4.24463 26
      vertex 19.4025 1.20104 26
    endloop
  endfacet
  facet normal 0 0 1
    outer loop
      vertex 19.4025 1.20104 26
      vertex 16.1508 2.84783 26
      vertex 18.9808 0.919238 26
    endloop
  endfacet
  facet normal 0 0 1
    outer loop
      vertex 13.4341 9.40665 26
      vertex 19.1682 13.4217 26
      vertex 17.9254 15.0412 26
    endloop
  endfacet
  facet normal -0 0 1
    outer loop
      vertex 19.9 -1.3 26
      vertex 23.0445 -4.06337 26
      vertex 20.3975 -1.20104 26
    endloop
  endfacet
  facet normal 0 0 1
    outer loop
      vertex 23.0445 -4.06337 26
      vertex 19.9 -1.3 26
      vertex 22.6027 -6.05637 26
    endloop
  endfacet
  facet normal 0 0 1
    outer loop
      vertex 15.8412 -4.24463 26
      vertex 19.4025 -1.20104 26
      vertex 16.1508 -2.84783 26
    endloop
  endfacet
  facet normal 0 0 1
    outer loop
      vertex 18.9808 -0.919238 26
      vertex 16.1508 -2.84783 26
      vertex 19.4025 -1.20104 26
    endloop
  endfacet
  facet normal 0 0 1
    outer loop
      vertex 19.4025 -1.20104 26
      vertex 15.8412 -4.24463 26
      vertex 19.9 -1.3 26
    endloop
  endfacet
  facet normal 0 0 1
    outer loop
      vertex 16.1508 -2.84783 26
      vertex 18.9808 -0.919238 26
      vertex 16.3376 -1.42935 26
    endloop
  endfacet
  facet normal 0 0 1
    outer loop
      vertex 19.9 -1.3 26
      vertex 15.8412 -4.24463 26
      vertex 22.6027 -6.05637 26
    endloop
  endfacet
  facet normal 0 0 1
    outer loop
      vertex 18.699 -0.497488 26
      vertex 16.3376 -1.42935 26
      vertex 18.9808 -0.919238 26
    endloop
  endfacet
  facet normal 0 0 1
    outer loop
      vertex 16.3376 -1.42935 26
      vertex 18.699 -0.497488 26
      vertex 16.4 0 26
    endloop
  endfacet
  facet normal -0 0 1
    outer loop
      vertex 16.4 0 26
      vertex 18.699 -0.497488 26
      vertex 18.6 0 26
    endloop
  endfacet
  facet normal -0 -0 1
    outer loop
      vertex 16.3376 1.42935 26
      vertex 18.9808 0.919238 26
      vertex 16.1508 2.84783 26
    endloop
  endfacet
  facet normal 0 0 1
    outer loop
      vertex 22.6027 -6.05637 26
      vertex 15.8412 -4.24463 26
      vertex 21.9888 -8.00327 26
    endloop
  endfacet
  facet normal 0 0 1
    outer loop
      vertex 12.5631 10.5417 26
      vertex 17.9254 15.0412 26
      vertex 16.5463 16.5463 26
    endloop
  endfacet
  facet normal -0 0 1
    outer loop
      vertex 15.411 -5.60913 26
      vertex 21.9888 -8.00327 26
      vertex 15.8412 -4.24463 26
    endloop
  endfacet
  facet normal 0 0 1
    outer loop
      vertex 21.9888 -8.00327 26
      vertex 15.411 -5.60913 26
      vertex 21.2076 -9.88927 26
    endloop
  endfacet
  facet normal 0 0 1
    outer loop
      vertex 18.699 0.497488 26
      vertex 16.4 0 26
      vertex 18.6 0 26
    endloop
  endfacet
  facet normal 0 -0 1
    outer loop
      vertex 16.4 0 26
      vertex 18.699 0.497488 26
      vertex 16.3376 1.42935 26
    endloop
  endfacet
  facet normal 0 0 1
    outer loop
      vertex 18.9808 0.919238 26
      vertex 16.3376 1.42935 26
      vertex 18.699 0.497488 26
    endloop
  endfacet
  facet normal -0 -0 1
    outer loop
      vertex 16.1508 2.84783 26
      vertex 19.4025 1.20104 26
      vertex 15.8412 4.24463 26
    endloop
  endfacet
  facet normal 0 0 1
    outer loop
      vertex 11.5966 11.5966 26
      vertex 16.5463 16.5463 26
      vertex 15.0412 17.9254 26
    endloop
  endfacet
  facet normal 0 0 1
    outer loop
      vertex 21.2076 9.88927 26
      vertex 14.8634 6.93094 26
      vertex 15.411 5.60913 26
    endloop
  endfacet
  facet normal 0 0 1
    outer loop
      vertex 20.265 11.7 26
      vertex 14.2028 8.2 26
      vertex 14.8634 6.93094 26
    endloop
  endfacet
  facet normal 0 0 1
    outer loop
      vertex 19.1682 13.4217 26
      vertex 13.4341 9.40665 26
      vertex 14.2028 8.2 26
    endloop
  endfacet
  facet normal 0 0 1
    outer loop
      vertex 10.5417 12.5631 26
      vertex 15.0412 17.9254 26
      vertex 13.4217 19.1682 26
    endloop
  endfacet
  facet normal 0 0 1
    outer loop
      vertex 17.9254 15.0412 26
      vertex 12.5631 10.5417 26
      vertex 13.4341 9.40665 26
    endloop
  endfacet
  facet normal 0 0 1
    outer loop
      vertex 9.40665 13.4341 26
      vertex 13.4217 19.1682 26
      vertex 11.7 20.265 26
    endloop
  endfacet
  facet normal 0 0 1
    outer loop
      vertex 16.5463 16.5463 26
      vertex 11.5966 11.5966 26
      vertex 12.5631 10.5417 26
    endloop
  endfacet
  facet normal 0 0 1
    outer loop
      vertex 15.0412 17.9254 26
      vertex 10.5417 12.5631 26
      vertex 11.5966 11.5966 26
    endloop
  endfacet
  facet normal 0 0 1
    outer loop
      vertex 8.2 14.2028 26
      vertex 11.7 20.265 26
      vertex 9.88927 21.2076 26
    endloop
  endfacet
  facet normal 0 0 1
    outer loop
      vertex 13.4217 19.1682 26
      vertex 9.40665 13.4341 26
      vertex 10.5417 12.5631 26
    endloop
  endfacet
  facet normal 0 0 1
    outer loop
      vertex 11.7 20.265 26
      vertex 8.2 14.2028 26
      vertex 9.40665 13.4341 26
    endloop
  endfacet
  facet normal 0 0 1
    outer loop
      vertex 6.93094 14.8634 26
      vertex 9.88927 21.2076 26
      vertex 8.00327 21.9888 26
    endloop
  endfacet
  facet normal 0 0 1
    outer loop
      vertex 9.88927 21.2076 26
      vertex 6.93094 14.8634 26
      vertex 8.2 14.2028 26
    endloop
  endfacet
  facet normal 0 0 1
    outer loop
      vertex 5.60913 15.411 26
      vertex 8.00327 21.9888 26
      vertex 6.05637 22.6027 26
    endloop
  endfacet
  facet normal 0 0 1
    outer loop
      vertex 8.00327 21.9888 26
      vertex 5.60913 15.411 26
      vertex 6.93094 14.8634 26
    endloop
  endfacet
  facet normal 0 0 1
    outer loop
      vertex 6.05637 22.6027 26
      vertex 4.24463 15.8412 26
      vertex 5.60913 15.411 26
    endloop
  endfacet
  facet normal 0 0 1
    outer loop
      vertex 4.06337 23.0445 26
      vertex 4.24463 15.8412 26
      vertex 6.05637 22.6027 26
    endloop
  endfacet
  facet normal 0 0 1
    outer loop
      vertex 4.06337 23.0445 26
      vertex 2.84783 16.1508 26
      vertex 4.24463 15.8412 26
    endloop
  endfacet
  facet normal 0 0 1
    outer loop
      vertex 2.03944 23.311 26
      vertex 2.84783 16.1508 26
      vertex 4.06337 23.0445 26
    endloop
  endfacet
  facet normal 0 0 1
    outer loop
      vertex 2.03944 23.311 26
      vertex 1.42935 16.3376 26
      vertex 2.84783 16.1508 26
    endloop
  endfacet
  facet normal 0 0 1
    outer loop
      vertex 0 23.4 26
      vertex 1.42935 16.3376 26
      vertex 2.03944 23.311 26
    endloop
  endfacet
  facet normal 0 0 1
    outer loop
      vertex 0 23.4 26
      vertex 0 16.4 26
      vertex 1.42935 16.3376 26
    endloop
  endfacet
  facet normal 0 0 1
    outer loop
      vertex 0 23.4 26
      vertex -1.42935 16.3376 26
      vertex 0 16.4 26
    endloop
  endfacet
  facet normal -0 0 1
    outer loop
      vertex -2.03944 23.311 26
      vertex -1.42935 16.3376 26
      vertex 0 23.4 26
    endloop
  endfacet
  facet normal 0 0 1
    outer loop
      vertex -2.03944 23.311 26
      vertex -2.84783 16.1508 26
      vertex -1.42935 16.3376 26
    endloop
  endfacet
  facet normal -0 0 1
    outer loop
      vertex -4.06337 23.0445 26
      vertex -2.84783 16.1508 26
      vertex -2.03944 23.311 26
    endloop
  endfacet
  facet normal 0 0 1
    outer loop
      vertex -4.06337 23.0445 26
      vertex -4.24463 15.8412 26
      vertex -2.84783 16.1508 26
    endloop
  endfacet
  facet normal -0 0 1
    outer loop
      vertex -6.05637 22.6027 26
      vertex -4.24463 15.8412 26
      vertex -4.06337 23.0445 26
    endloop
  endfacet
  facet normal 0 0 1
    outer loop
      vertex -4.24463 15.8412 26
      vertex -6.05637 22.6027 26
      vertex -5.60913 15.411 26
    endloop
  endfacet
  facet normal -0 0 1
    outer loop
      vertex -8.00327 21.9888 26
      vertex -5.60913 15.411 26
      vertex -6.05637 22.6027 26
    endloop
  endfacet
  facet normal 0 0 1
    outer loop
      vertex -5.60913 15.411 26
      vertex -8.00327 21.9888 26
      vertex -6.93094 14.8634 26
    endloop
  endfacet
  facet normal -0 0 1
    outer loop
      vertex -9.88927 21.2076 26
      vertex -6.93094 14.8634 26
      vertex -8.00327 21.9888 26
    endloop
  endfacet
  facet normal 0 0 1
    outer loop
      vertex -6.93094 14.8634 26
      vertex -9.88927 21.2076 26
      vertex -8.2 14.2028 26
    endloop
  endfacet
  facet normal -0 0 1
    outer loop
      vertex -11.7 20.265 26
      vertex -8.2 14.2028 26
      vertex -9.88927 21.2076 26
    endloop
  endfacet
  facet normal 0 0 1
    outer loop
      vertex -8.2 14.2028 26
      vertex -11.7 20.265 26
      vertex -9.40665 13.4341 26
    endloop
  endfacet
  facet normal -0 0 1
    outer loop
      vertex -13.4217 19.1682 26
      vertex -9.40665 13.4341 26
      vertex -11.7 20.265 26
    endloop
  endfacet
  facet normal 0 0 1
    outer loop
      vertex -9.40665 13.4341 26
      vertex -13.4217 19.1682 26
      vertex -10.5417 12.5631 26
    endloop
  endfacet
  facet normal -0 0 1
    outer loop
      vertex -15.0412 17.9254 26
      vertex -10.5417 12.5631 26
      vertex -13.4217 19.1682 26
    endloop
  endfacet
  facet normal 0 0 1
    outer loop
      vertex -10.5417 12.5631 26
      vertex -15.0412 17.9254 26
      vertex -11.5966 11.5966 26
    endloop
  endfacet
  facet normal -0 0 1
    outer loop
      vertex -16.5463 16.5463 26
      vertex -11.5966 11.5966 26
      vertex -15.0412 17.9254 26
    endloop
  endfacet
  facet normal 0 0 1
    outer loop
      vertex -11.5966 11.5966 26
      vertex -16.5463 16.5463 26
      vertex -12.5631 10.5417 26
    endloop
  endfacet
  facet normal -0 0 1
    outer loop
      vertex -17.9254 15.0412 26
      vertex -12.5631 10.5417 26
      vertex -16.5463 16.5463 26
    endloop
  endfacet
  facet normal 0 0 1
    outer loop
      vertex -12.5631 10.5417 26
      vertex -17.9254 15.0412 26
      vertex -13.4341 9.40665 26
    endloop
  endfacet
  facet normal -0 0 1
    outer loop
      vertex -19.1682 13.4217 26
      vertex -13.4341 9.40665 26
      vertex -17.9254 15.0412 26
    endloop
  endfacet
  facet normal 0 0 1
    outer loop
      vertex -13.4341 9.40665 26
      vertex -19.1682 13.4217 26
      vertex -14.2028 8.2 26
    endloop
  endfacet
  facet normal -0 0 1
    outer loop
      vertex -20.265 11.7 26
      vertex -14.2028 8.2 26
      vertex -19.1682 13.4217 26
    endloop
  endfacet
  facet normal 0 0 1
    outer loop
      vertex -14.2028 8.2 26
      vertex -20.265 11.7 26
      vertex -14.8634 6.93094 26
    endloop
  endfacet
  facet normal 0 0 1
    outer loop
      vertex -14.8634 6.93094 26
      vertex -21.2076 9.88927 26
      vertex -15.411 5.60913 26
    endloop
  endfacet
  facet normal -0 0 1
    outer loop
      vertex -21.2076 9.88927 26
      vertex -14.8634 6.93094 26
      vertex -20.265 11.7 26
    endloop
  endfacet
  facet normal 0.793338 -0.608781 0
    outer loop
      vertex -13.4341 9.40665 26
      vertex -12.5631 10.5417 0
      vertex -12.5631 10.5417 26
    endloop
  endfacet
  facet normal 0.793338 -0.608781 0
    outer loop
      vertex -12.5631 10.5417 0
      vertex -13.4341 9.40665 26
      vertex -13.4341 9.40665 0
    endloop
  endfacet
  facet normal -0.991439 -0.130573 0
    outer loop
      vertex 16.1508 2.84783 0
      vertex 16.2888 1.8 16
      vertex 16.1508 2.84783 26
    endloop
  endfacet
  facet normal -0.991562 -0.129633 6.2613e-05
    outer loop
      vertex 16.1508 2.84783 0
      vertex 16.2933 1.76541 15.6488
      vertex 16.2888 1.8 16
    endloop
  endfacet
  facet normal -0.99143 -0.130641 -8.258e-06
    outer loop
      vertex 16.1508 2.84783 0
      vertex 16.3068 1.66298 15.3112
      vertex 16.2933 1.76541 15.6488
    endloop
  endfacet
  facet normal -0.991444 -0.130532 2.80541e-07
    outer loop
      vertex 16.1508 2.84783 0
      vertex 16.3287 1.49664 15
      vertex 16.3068 1.66298 15.3112
    endloop
  endfacet
  facet normal -0.99144 -0.130563 -0
    outer loop
      vertex 16.3376 1.42935 14.918
      vertex 16.1508 2.84783 0
      vertex 16.3376 1.42935 0
    endloop
  endfacet
  facet normal -0.991374 -0.131063 -4.84116e-05
    outer loop
      vertex 16.1508 2.84783 0
      vertex 16.3376 1.42935 14.918
      vertex 16.3287 1.49664 15
    endloop
  endfacet
  facet normal -0.991538 -0.129815 -8.08136e-05
    outer loop
      vertex 16.2933 1.76541 16.3512
      vertex 16.1508 2.84783 26
      vertex 16.2888 1.8 16
    endloop
  endfacet
  facet normal -0.991431 -0.130628 1.2007e-05
    outer loop
      vertex 16.3068 1.66298 16.6888
      vertex 16.1508 2.84783 26
      vertex 16.2933 1.76541 16.3512
    endloop
  endfacet
  facet normal -0.991444 -0.130532 -4.26555e-07
    outer loop
      vertex 16.3287 1.49664 17
      vertex 16.1508 2.84783 26
      vertex 16.3068 1.66298 16.6888
    endloop
  endfacet
  facet normal -0.991378 -0.131031 7.56949e-05
    outer loop
      vertex 16.3376 1.42935 17.082
      vertex 16.1508 2.84783 26
      vertex 16.3287 1.49664 17
    endloop
  endfacet
  facet normal -0.99144 -0.130563 0
    outer loop
      vertex 16.1508 2.84783 26
      vertex 16.3376 1.42935 17.082
      vertex 16.3376 1.42935 26
    endloop
  endfacet
  facet normal -0.999058 -0.0433929 0
    outer loop
      vertex 16.3376 1.42935 0
      vertex 16.3444 1.27279 14.7272
      vertex 16.3376 1.42935 14.918
    endloop
  endfacet
  facet normal -0.99905 -0.043585 -2.04542e-06
    outer loop
      vertex 16.3376 1.42935 0
      vertex 16.3563 1.00003 14.5034
      vertex 16.3444 1.27279 14.7272
    endloop
  endfacet
  facet normal -0.999047 -0.0436577 -4.20399e-06
    outer loop
      vertex 16.3376 1.42935 0
      vertex 16.3699 0.688829 14.337
      vertex 16.3563 1.00003 14.5034
    endloop
  endfacet
  facet normal -0.999041 -0.0437849 -1.07822e-05
    outer loop
      vertex 16.3376 1.42935 0
      vertex 16.3847 0.351162 14.2346
      vertex 16.3699 0.688829 14.337
    endloop
  endfacet
  facet normal -0.999048 -0.0436147 -0
    outer loop
      vertex 16.4 0 14.2
      vertex 16.3376 1.42935 0
      vertex 16.4 0 0
    endloop
  endfacet
  facet normal -0.999052 -0.0435292 8.62053e-06
    outer loop
      vertex 16.3376 1.42935 0
      vertex 16.4 0 14.2
      vertex 16.3847 0.351162 14.2346
    endloop
  endfacet
  facet normal -0.999058 -0.0433929 0
    outer loop
      vertex 16.3444 1.27279 17.2728
      vertex 16.3376 1.42935 26
      vertex 16.3376 1.42935 17.082
    endloop
  endfacet
  facet normal -0.99905 -0.0435838 3.43127e-06
    outer loop
      vertex 16.3563 1.00003 17.4966
      vertex 16.3376 1.42935 26
      vertex 16.3444 1.27279 17.2728
    endloop
  endfacet
  facet normal -0.999047 -0.0436562 7.09235e-06
    outer loop
      vertex 16.3699 0.688829 17.663
      vertex 16.3376 1.42935 26
      vertex 16.3563 1.00003 17.4966
    endloop
  endfacet
  facet normal -0.999041 -0.0437826 1.83385e-05
    outer loop
      vertex 16.3847 0.351162 17.7654
      vertex 16.3376 1.42935 26
      vertex 16.3699 0.688829 17.663
    endloop
  endfacet
  facet normal -0.999052 -0.0435283 -0
    outer loop
      vertex 16.4 0 26
      vertex 16.3847 0.351162 17.7654
      vertex 16.4 0 17.8
    endloop
  endfacet
  facet normal -0.999048 -0.0436147 -3.68836e-06
    outer loop
      vertex 16.3847 0.351162 17.7654
      vertex 16.4 0 26
      vertex 16.3376 1.42935 26
    endloop
  endfacet
  facet normal -0.976305 -0.216398 0
    outer loop
      vertex 16.1508 2.84783 0
      vertex 15.8412 4.24463 26
      vertex 15.8412 4.24463 0
    endloop
  endfacet
  facet normal -0.976305 -0.216398 0
    outer loop
      vertex 15.8412 4.24463 26
      vertex 16.1508 2.84783 0
      vertex 16.1508 2.84783 26
    endloop
  endfacet
  facet normal -0.216398 0.976305 0
    outer loop
      vertex 4.24463 -15.8412 0
      vertex 2.84783 -16.1508 26
      vertex 4.24463 -15.8412 26
    endloop
  endfacet
  facet normal -0.216398 0.976305 0
    outer loop
      vertex 2.84783 -16.1508 26
      vertex 4.24463 -15.8412 0
      vertex 2.84783 -16.1508 0
    endloop
  endfacet
  facet normal 0.976305 0.216398 0
    outer loop
      vertex -15.8412 -4.24463 26
      vertex -16.1508 -2.84783 0
      vertex -16.1508 -2.84783 26
    endloop
  endfacet
  facet normal 0.976305 0.216398 0
    outer loop
      vertex -16.1508 -2.84783 0
      vertex -15.8412 -4.24463 26
      vertex -15.8412 -4.24463 0
    endloop
  endfacet
  facet normal 0.216398 -0.976305 0
    outer loop
      vertex -4.24463 15.8412 0
      vertex -2.84783 16.1508 26
      vertex -4.24463 15.8412 26
    endloop
  endfacet
  facet normal 0.216398 -0.976305 0
    outer loop
      vertex -2.84783 16.1508 26
      vertex -4.24463 15.8412 0
      vertex -2.84783 16.1508 0
    endloop
  endfacet
  facet normal -0.843398 0.537289 0
    outer loop
      vertex 13.4341 -9.40665 0
      vertex 14.2028 -8.2 26
      vertex 14.2028 -8.2 0
    endloop
  endfacet
  facet normal -0.843398 0.537289 0
    outer loop
      vertex 14.2028 -8.2 26
      vertex 13.4341 -9.40665 0
      vertex 13.4341 -9.40665 26
    endloop
  endfacet
  facet normal 0.88702 0.461732 0
    outer loop
      vertex -14.2028 -8.2 26
      vertex -14.8634 -6.93094 0
      vertex -14.8634 -6.93094 26
    endloop
  endfacet
  facet normal 0.88702 0.461732 0
    outer loop
      vertex -14.8634 -6.93094 0
      vertex -14.2028 -8.2 26
      vertex -14.2028 -8.2 0
    endloop
  endfacet
  facet normal 0.923858 -0.382736 0
    outer loop
      vertex -15.411 5.60913 26
      vertex -14.8634 6.93094 0
      vertex -14.8634 6.93094 26
    endloop
  endfacet
  facet normal 0.923858 -0.382736 0
    outer loop
      vertex -14.8634 6.93094 0
      vertex -15.411 5.60913 26
      vertex -15.411 5.60913 0
    endloop
  endfacet
  facet normal 0.130563 0.99144 -0
    outer loop
      vertex -1.42935 -16.3376 11.082
      vertex -2.84783 -16.1508 26
      vertex -1.42935 -16.3376 26
    endloop
  endfacet
  facet normal 0.131063 0.991374 4.84116e-05
    outer loop
      vertex -1.49664 -16.3287 11
      vertex -2.84783 -16.1508 26
      vertex -1.42935 -16.3376 11.082
    endloop
  endfacet
  facet normal 0.130532 0.991444 -2.80541e-07
    outer loop
      vertex -1.66298 -16.3068 10.6888
      vertex -2.84783 -16.1508 26
      vertex -1.49664 -16.3287 11
    endloop
  endfacet
  facet normal 0.130641 0.99143 8.258e-06
    outer loop
      vertex -1.76541 -16.2933 10.3512
      vertex -2.84783 -16.1508 26
      vertex -1.66298 -16.3068 10.6888
    endloop
  endfacet
  facet normal 0.129633 0.991562 -6.2613e-05
    outer loop
      vertex -1.8 -16.2888 10
      vertex -2.84783 -16.1508 26
      vertex -1.76541 -16.2933 10.3512
    endloop
  endfacet
  facet normal 0.130563 0.99144 0
    outer loop
      vertex -2.84783 -16.1508 0
      vertex -1.42935 -16.3376 8.91798
      vertex -1.42935 -16.3376 0
    endloop
  endfacet
  facet normal 0.131031 0.991378 -7.56965e-05
    outer loop
      vertex -1.42935 -16.3376 8.91798
      vertex -2.84783 -16.1508 0
      vertex -1.49664 -16.3287 8.99997
    endloop
  endfacet
  facet normal 0.130532 0.991444 4.26556e-07
    outer loop
      vertex -1.49664 -16.3287 8.99997
      vertex -2.84783 -16.1508 0
      vertex -1.66298 -16.3068 9.31117
    endloop
  endfacet
  facet normal 0.130628 0.991431 -1.20063e-05
    outer loop
      vertex -1.66298 -16.3068 9.31117
      vertex -2.84783 -16.1508 0
      vertex -1.76541 -16.2933 9.64884
    endloop
  endfacet
  facet normal 0.129815 0.991538 8.08183e-05
    outer loop
      vertex -1.76541 -16.2933 9.64884
      vertex -2.84783 -16.1508 0
      vertex -1.8 -16.2888 10
    endloop
  endfacet
  facet normal 0.130573 0.991439 0
    outer loop
      vertex -1.8 -16.2888 10
      vertex -2.84783 -16.1508 0
      vertex -2.84783 -16.1508 26
    endloop
  endfacet
  facet normal -0.216398 -0.976305 0
    outer loop
      vertex 2.84783 16.1508 0
      vertex 4.24463 15.8412 26
      vertex 2.84783 16.1508 26
    endloop
  endfacet
  facet normal -0.216398 -0.976305 -0
    outer loop
      vertex 4.24463 15.8412 26
      vertex 2.84783 16.1508 0
      vertex 4.24463 15.8412 0
    endloop
  endfacet
  facet normal 0.537289 0.843398 -0
    outer loop
      vertex -8.2 -14.2028 0
      vertex -9.40665 -13.4341 26
      vertex -8.2 -14.2028 26
    endloop
  endfacet
  facet normal 0.537289 0.843398 0
    outer loop
      vertex -9.40665 -13.4341 26
      vertex -8.2 -14.2028 0
      vertex -9.40665 -13.4341 0
    endloop
  endfacet
  facet normal -0.88702 0.461732 0
    outer loop
      vertex 14.2028 -8.2 0
      vertex 14.8634 -6.93094 26
      vertex 14.8634 -6.93094 0
    endloop
  endfacet
  facet normal -0.88702 0.461732 0
    outer loop
      vertex 14.8634 -6.93094 26
      vertex 14.2028 -8.2 0
      vertex 14.2028 -8.2 26
    endloop
  endfacet
  facet normal 0.537289 -0.843398 0
    outer loop
      vertex -9.40665 13.4341 0
      vertex -8.2 14.2028 26
      vertex -9.40665 13.4341 26
    endloop
  endfacet
  facet normal 0.537289 -0.843398 0
    outer loop
      vertex -8.2 14.2028 26
      vertex -9.40665 13.4341 0
      vertex -8.2 14.2028 0
    endloop
  endfacet
  facet normal -0.130563 -0.99144 0
    outer loop
      vertex 1.42935 16.3376 11.082
      vertex 2.84783 16.1508 26
      vertex 1.42935 16.3376 26
    endloop
  endfacet
  facet normal -0.131063 -0.991374 4.84116e-05
    outer loop
      vertex 1.49664 16.3287 11
      vertex 2.84783 16.1508 26
      vertex 1.42935 16.3376 11.082
    endloop
  endfacet
  facet normal -0.130532 -0.991444 -2.80541e-07
    outer loop
      vertex 1.66298 16.3068 10.6888
      vertex 2.84783 16.1508 26
      vertex 1.49664 16.3287 11
    endloop
  endfacet
  facet normal -0.130641 -0.99143 8.258e-06
    outer loop
      vertex 1.76541 16.2933 10.3512
      vertex 2.84783 16.1508 26
      vertex 1.66298 16.3068 10.6888
    endloop
  endfacet
  facet normal -0.129633 -0.991562 -6.2613e-05
    outer loop
      vertex 1.8 16.2888 10
      vertex 2.84783 16.1508 26
      vertex 1.76541 16.2933 10.3512
    endloop
  endfacet
  facet normal -0.130563 -0.99144 0
    outer loop
      vertex 2.84783 16.1508 0
      vertex 1.42935 16.3376 8.91798
      vertex 1.42935 16.3376 0
    endloop
  endfacet
  facet normal -0.131031 -0.991378 -7.56965e-05
    outer loop
      vertex 1.42935 16.3376 8.91798
      vertex 2.84783 16.1508 0
      vertex 1.49664 16.3287 8.99997
    endloop
  endfacet
  facet normal -0.130532 -0.991444 4.26556e-07
    outer loop
      vertex 1.49664 16.3287 8.99997
      vertex 2.84783 16.1508 0
      vertex 1.66298 16.3068 9.31117
    endloop
  endfacet
  facet normal -0.130628 -0.991431 -1.20063e-05
    outer loop
      vertex 1.66298 16.3068 9.31117
      vertex 2.84783 16.1508 0
      vertex 1.76541 16.2933 9.64884
    endloop
  endfacet
  facet normal -0.129815 -0.991538 8.08183e-05
    outer loop
      vertex 1.76541 16.2933 9.64884
      vertex 2.84783 16.1508 0
      vertex 1.8 16.2888 10
    endloop
  endfacet
  facet normal -0.130573 -0.991439 0
    outer loop
      vertex 1.8 16.2888 10
      vertex 2.84783 16.1508 0
      vertex 2.84783 16.1508 26
    endloop
  endfacet
  facet normal -0.130563 0.99144 0
    outer loop
      vertex 2.84783 -16.1508 26
      vertex 1.42935 -16.3376 11.082
      vertex 1.42935 -16.3376 26
    endloop
  endfacet
  facet normal -0.131063 0.991374 4.84116e-05
    outer loop
      vertex 2.84783 -16.1508 26
      vertex 1.49664 -16.3287 11
      vertex 1.42935 -16.3376 11.082
    endloop
  endfacet
  facet normal -0.130532 0.991444 -2.80541e-07
    outer loop
      vertex 2.84783 -16.1508 26
      vertex 1.66298 -16.3068 10.6888
      vertex 1.49664 -16.3287 11
    endloop
  endfacet
  facet normal -0.130641 0.99143 8.258e-06
    outer loop
      vertex 2.84783 -16.1508 26
      vertex 1.76541 -16.2933 10.3512
      vertex 1.66298 -16.3068 10.6888
    endloop
  endfacet
  facet normal -0.129633 0.991562 -6.2613e-05
    outer loop
      vertex 2.84783 -16.1508 26
      vertex 1.8 -16.2888 10
      vertex 1.76541 -16.2933 10.3512
    endloop
  endfacet
  facet normal -0.130573 0.991439 0
    outer loop
      vertex 2.84783 -16.1508 0
      vertex 1.8 -16.2888 10
      vertex 2.84783 -16.1508 26
    endloop
  endfacet
  facet normal -0.129815 0.991538 8.08183e-05
    outer loop
      vertex 2.84783 -16.1508 0
      vertex 1.76541 -16.2933 9.64884
      vertex 1.8 -16.2888 10
    endloop
  endfacet
  facet normal -0.130628 0.991431 -1.20063e-05
    outer loop
      vertex 2.84783 -16.1508 0
      vertex 1.66298 -16.3068 9.31117
      vertex 1.76541 -16.2933 9.64884
    endloop
  endfacet
  facet normal -0.130532 0.991444 4.26556e-07
    outer loop
      vertex 2.84783 -16.1508 0
      vertex 1.49664 -16.3287 8.99997
      vertex 1.66298 -16.3068 9.31117
    endloop
  endfacet
  facet normal -0.131031 0.991378 -7.56965e-05
    outer loop
      vertex 2.84783 -16.1508 0
      vertex 1.42935 -16.3376 8.91798
      vertex 1.49664 -16.3287 8.99997
    endloop
  endfacet
  facet normal -0.130563 0.99144 0
    outer loop
      vertex 1.42935 -16.3376 8.91798
      vertex 2.84783 -16.1508 0
      vertex 1.42935 -16.3376 0
    endloop
  endfacet
  facet normal -0.675647 -0.737225 6.94582e-06
    outer loop
      vertex 10.5417 12.5631 0
      vertex 10.999 12.1441 10.9564
      vertex 10.9104 12.2253 11.0061
    endloop
  endfacet
  facet normal -0.676914 -0.736062 0
    outer loop
      vertex 10.5417 12.5631 0
      vertex 10.5529 12.5528 11.3147
      vertex 10.5417 12.5631 11.3286
    endloop
  endfacet
  facet normal -0.675251 -0.737588 -3.03591e-06
    outer loop
      vertex 10.5417 12.5631 0
      vertex 10.6653 12.4499 11.1979
      vertex 10.5529 12.5528 11.3147
    endloop
  endfacet
  facet normal -0.675583 -0.737284 3.71124e-06
    outer loop
      vertex 10.5417 12.5631 0
      vertex 10.7848 12.3404 11.0947
      vertex 10.6653 12.4499 11.1979
    endloop
  endfacet
  facet normal -0.675477 -0.737381 -5.49454e-07
    outer loop
      vertex 10.5417 12.5631 0
      vertex 10.8253 12.3033 11.0661
      vertex 10.7848 12.3404 11.0947
    endloop
  endfacet
  facet normal -0.675682 -0.737193 9.08861e-06
    outer loop
      vertex 10.5417 12.5631 0
      vertex 10.9104 12.2253 11.0061
      vertex 10.8253 12.3033 11.0661
    endloop
  endfacet
  facet normal -0.675026 -0.737794 -4.07402e-05
    outer loop
      vertex 10.999 12.1441 10.9564
      vertex 10.5417 12.5631 0
      vertex 11.0413 12.1054 10.9327
    endloop
  endfacet
  facet normal -0.675866 -0.737025 2.98681e-05
    outer loop
      vertex 10.5417 12.5631 0
      vertex 11.1763 11.9816 10.875
      vertex 11.0413 12.1054 10.9327
    endloop
  endfacet
  facet normal -0.675509 -0.737352 -8.49413e-06
    outer loop
      vertex 10.5417 12.5631 0
      vertex 11.3146 11.8549 10.8334
      vertex 11.1763 11.9816 10.875
    endloop
  endfacet
  facet normal -0.675723 -0.737156 1.95974e-05
    outer loop
      vertex 10.5417 12.5631 0
      vertex 11.455 11.7262 10.8084
      vertex 11.3146 11.8549 10.8334
    endloop
  endfacet
  facet normal -0.675538 -0.737325 -9.14141e-06
    outer loop
      vertex 11.5966 11.5966 0
      vertex 11.455 11.7262 10.8084
      vertex 10.5417 12.5631 0
    endloop
  endfacet
  facet normal -0.675158 -0.737673 0
    outer loop
      vertex 11.455 11.7262 10.8084
      vertex 11.5966 11.5966 0
      vertex 11.5966 11.5966 10.8
    endloop
  endfacet
  facet normal -0.675538 -0.737325 9.14141e-06
    outer loop
      vertex 11.455 11.7262 15.1916
      vertex 11.5966 11.5966 26
      vertex 10.5417 12.5631 26
    endloop
  endfacet
  facet normal -0.675158 -0.737673 -0
    outer loop
      vertex 11.5966 11.5966 26
      vertex 11.455 11.7262 15.1916
      vertex 11.5966 11.5966 15.2
    endloop
  endfacet
  facet normal -0.675723 -0.737156 -1.95974e-05
    outer loop
      vertex 10.5417 12.5631 26
      vertex 11.3146 11.8549 15.1666
      vertex 11.455 11.7262 15.1916
    endloop
  endfacet
  facet normal -0.675509 -0.737352 8.49413e-06
    outer loop
      vertex 10.5417 12.5631 26
      vertex 11.1763 11.9816 15.125
      vertex 11.3146 11.8549 15.1666
    endloop
  endfacet
  facet normal -0.675866 -0.737025 -2.98681e-05
    outer loop
      vertex 10.5417 12.5631 26
      vertex 11.0413 12.1054 15.0673
      vertex 11.1763 11.9816 15.125
    endloop
  endfacet
  facet normal -0.675026 -0.737794 4.07402e-05
    outer loop
      vertex 10.5417 12.5631 26
      vertex 10.999 12.1441 15.0436
      vertex 11.0413 12.1054 15.0673
    endloop
  endfacet
  facet normal -0.675647 -0.737225 -6.94582e-06
    outer loop
      vertex 10.5417 12.5631 26
      vertex 10.9104 12.2253 14.9939
      vertex 10.999 12.1441 15.0436
    endloop
  endfacet
  facet normal -0.675682 -0.737193 -9.08861e-06
    outer loop
      vertex 10.5417 12.5631 26
      vertex 10.8253 12.3033 14.9339
      vertex 10.9104 12.2253 14.9939
    endloop
  endfacet
  facet normal -0.675477 -0.737381 5.49454e-07
    outer loop
      vertex 10.5417 12.5631 26
      vertex 10.7848 12.3404 14.9053
      vertex 10.8253 12.3033 14.9339
    endloop
  endfacet
  facet normal -0.675583 -0.737284 -3.71124e-06
    outer loop
      vertex 10.5417 12.5631 26
      vertex 10.6653 12.4499 14.8021
      vertex 10.7848 12.3404 14.9053
    endloop
  endfacet
  facet normal -0.675251 -0.737588 3.03591e-06
    outer loop
      vertex 10.5417 12.5631 26
      vertex 10.5529 12.5528 14.6853
      vertex 10.6653 12.4499 14.8021
    endloop
  endfacet
  facet normal -0.676914 -0.736062 0
    outer loop
      vertex 10.5529 12.5528 14.6853
      vertex 10.5417 12.5631 26
      vertex 10.5417 12.5631 14.6713
    endloop
  endfacet
  facet normal 0.923858 0.382736 0
    outer loop
      vertex -14.8634 -6.93094 26
      vertex -15.411 -5.60913 0
      vertex -15.411 -5.60913 26
    endloop
  endfacet
  facet normal 0.923858 0.382736 0
    outer loop
      vertex -15.411 -5.60913 0
      vertex -14.8634 -6.93094 26
      vertex -14.8634 -6.93094 0
    endloop
  endfacet
  facet normal -0.737325 0.675538 0
    outer loop
      vertex 11.5966 -11.5966 0
      vertex 12.5631 -10.5417 26
      vertex 12.5631 -10.5417 0
    endloop
  endfacet
  facet normal -0.737325 0.675538 0
    outer loop
      vertex 12.5631 -10.5417 26
      vertex 11.5966 -11.5966 0
      vertex 11.5966 -11.5966 26
    endloop
  endfacet
  facet normal -0.843398 -0.537289 0
    outer loop
      vertex 14.2028 8.2 0
      vertex 13.4341 9.40665 26
      vertex 13.4341 9.40665 0
    endloop
  endfacet
  facet normal -0.843398 -0.537289 0
    outer loop
      vertex 13.4341 9.40665 26
      vertex 14.2028 8.2 0
      vertex 14.2028 8.2 26
    endloop
  endfacet
  facet normal -0.88702 -0.461732 0
    outer loop
      vertex 14.8634 6.93094 0
      vertex 14.2028 8.2 26
      vertex 14.2028 8.2 0
    endloop
  endfacet
  facet normal -0.88702 -0.461732 0
    outer loop
      vertex 14.2028 8.2 26
      vertex 14.8634 6.93094 0
      vertex 14.8634 6.93094 26
    endloop
  endfacet
  facet normal -0.976305 0.216398 0
    outer loop
      vertex 15.8412 -4.24463 0
      vertex 16.1508 -2.84783 26
      vertex 16.1508 -2.84783 0
    endloop
  endfacet
  facet normal -0.976305 0.216398 0
    outer loop
      vertex 16.1508 -2.84783 26
      vertex 15.8412 -4.24463 0
      vertex 15.8412 -4.24463 26
    endloop
  endfacet
  facet normal 0.793338 0.608781 0
    outer loop
      vertex -12.5631 -10.5417 26
      vertex -13.4341 -9.40665 0
      vertex -13.4341 -9.40665 26
    endloop
  endfacet
  facet normal 0.793338 0.608781 0
    outer loop
      vertex -13.4341 -9.40665 0
      vertex -12.5631 -10.5417 26
      vertex -12.5631 -10.5417 0
    endloop
  endfacet
  facet normal -0.537289 -0.843398 0
    outer loop
      vertex 8.2 14.2028 0
      vertex 9.40665 13.4341 26
      vertex 8.2 14.2028 26
    endloop
  endfacet
  facet normal -0.537289 -0.843398 -0
    outer loop
      vertex 9.40665 13.4341 26
      vertex 8.2 14.2028 0
      vertex 9.40665 13.4341 0
    endloop
  endfacet
  facet normal -0.0435283 -0.999052 0
    outer loop
      vertex 0 16.4 0
      vertex 0.351162 16.3847 8.23459
      vertex 0 16.4 8.2
    endloop
  endfacet
  facet normal -0.0436147 -0.999048 3.68836e-06
    outer loop
      vertex 1.42935 16.3376 0
      vertex 0.351162 16.3847 8.23459
      vertex 0 16.4 0
    endloop
  endfacet
  facet normal -0.0437826 -0.999041 -1.83383e-05
    outer loop
      vertex 0.351162 16.3847 8.23459
      vertex 1.42935 16.3376 0
      vertex 0.688829 16.3699 8.33702
    endloop
  endfacet
  facet normal -0.0436562 -0.999047 -7.09246e-06
    outer loop
      vertex 0.688829 16.3699 8.33702
      vertex 1.42935 16.3376 0
      vertex 1.00003 16.3563 8.50335
    endloop
  endfacet
  facet normal -0.0435838 -0.99905 -3.43125e-06
    outer loop
      vertex 1.00003 16.3563 8.50335
      vertex 1.42935 16.3376 0
      vertex 1.27279 16.3444 8.72721
    endloop
  endfacet
  facet normal -0.0433929 -0.999058 0
    outer loop
      vertex 1.27279 16.3444 8.72721
      vertex 1.42935 16.3376 0
      vertex 1.42935 16.3376 8.91798
    endloop
  endfacet
  facet normal -0.0436147 -0.999048 0
    outer loop
      vertex 0 16.4 11.8
      vertex 1.42935 16.3376 26
      vertex 0 16.4 26
    endloop
  endfacet
  facet normal -0.0435292 -0.999052 -8.62053e-06
    outer loop
      vertex 0.351162 16.3847 11.7654
      vertex 1.42935 16.3376 26
      vertex 0 16.4 11.8
    endloop
  endfacet
  facet normal -0.0437849 -0.999041 1.07822e-05
    outer loop
      vertex 0.688829 16.3699 11.663
      vertex 1.42935 16.3376 26
      vertex 0.351162 16.3847 11.7654
    endloop
  endfacet
  facet normal -0.0436577 -0.999047 4.20399e-06
    outer loop
      vertex 1.00003 16.3563 11.4966
      vertex 1.42935 16.3376 26
      vertex 0.688829 16.3699 11.663
    endloop
  endfacet
  facet normal -0.043585 -0.99905 2.04542e-06
    outer loop
      vertex 1.27279 16.3444 11.2728
      vertex 1.42935 16.3376 26
      vertex 1.00003 16.3563 11.4966
    endloop
  endfacet
  facet normal -0.0433929 -0.999058 -0
    outer loop
      vertex 1.42935 16.3376 26
      vertex 1.27279 16.3444 11.2728
      vertex 1.42935 16.3376 11.082
    endloop
  endfacet
  facet normal -0.608781 -0.793338 0
    outer loop
      vertex 9.40665 13.4341 26
      vertex 10.5417 12.5631 14.6713
      vertex 10.5417 12.5631 26
    endloop
  endfacet
  facet normal -0.609207 -0.793012 -6.76923e-05
    outer loop
      vertex 9.40665 13.4341 26
      vertex 10.4407 12.6407 14.5556
      vertex 10.5417 12.5631 14.6713
    endloop
  endfacet
  facet normal -0.608551 -0.793515 2.64892e-05
    outer loop
      vertex 9.40665 13.4341 26
      vertex 10.3369 12.7203 14.4141
      vertex 10.4407 12.6407 14.5556
    endloop
  endfacet
  facet normal -0.608548 -0.793517 2.68044e-05
    outer loop
      vertex 9.40665 13.4341 26
      vertex 10.2434 12.792 14.2619
      vertex 10.3369 12.7203 14.4141
    endloop
  endfacet
  facet normal -0.608741 -0.793369 5.01308e-06
    outer loop
      vertex 9.40665 13.4341 26
      vertex 10.1609 12.8553 14.1
      vertex 10.2434 12.792 14.2619
    endloop
  endfacet
  facet normal -0.609355 -0.792898 -5.68562e-05
    outer loop
      vertex 9.40665 13.4341 26
      vertex 10.09 12.9098 13.9298
      vertex 10.1609 12.8553 14.1
    endloop
  endfacet
  facet normal -0.608619 -0.793462 9.31487e-06
    outer loop
      vertex 9.40665 13.4341 26
      vertex 10.0312 12.9549 13.7524
      vertex 10.09 12.9098 13.9298
    endloop
  endfacet
  facet normal -0.608509 -0.793547 1.82042e-05
    outer loop
      vertex 9.40665 13.4341 26
      vertex 9.98503 12.9903 13.5694
      vertex 10.0312 12.9549 13.7524
    endloop
  endfacet
  facet normal -0.608689 -0.793409 4.90117e-06
    outer loop
      vertex 9.40665 13.4341 26
      vertex 9.95179 13.0158 13.382
      vertex 9.98503 12.9903 13.5694
    endloop
  endfacet
  facet normal -0.609163 -0.793045 -2.76294e-05
    outer loop
      vertex 9.40665 13.4341 26
      vertex 9.93175 13.0312 13.1917
      vertex 9.95179 13.0158 13.382
    endloop
  endfacet
  facet normal -0.607337 -0.794444 9.12551e-05
    outer loop
      vertex 9.40665 13.4341 26
      vertex 9.92505 13.0363 13
      vertex 9.93175 13.0312 13.1917
    endloop
  endfacet
  facet normal -0.608778 -0.79334 0
    outer loop
      vertex 9.40665 13.4341 0
      vertex 9.92505 13.0363 13
      vertex 9.40665 13.4341 26
    endloop
  endfacet
  facet normal -0.607337 -0.794444 -9.12551e-05
    outer loop
      vertex 9.92505 13.0363 13
      vertex 9.40665 13.4341 0
      vertex 9.93175 13.0312 12.8083
    endloop
  endfacet
  facet normal -0.609163 -0.793045 2.76294e-05
    outer loop
      vertex 9.40665 13.4341 0
      vertex 9.95179 13.0158 12.618
      vertex 9.93175 13.0312 12.8083
    endloop
  endfacet
  facet normal -0.608689 -0.793409 -4.90117e-06
    outer loop
      vertex 9.40665 13.4341 0
      vertex 9.98503 12.9903 12.4306
      vertex 9.95179 13.0158 12.618
    endloop
  endfacet
  facet normal -0.608509 -0.793547 -1.82042e-05
    outer loop
      vertex 9.40665 13.4341 0
      vertex 10.0312 12.9549 12.2476
      vertex 9.98503 12.9903 12.4306
    endloop
  endfacet
  facet normal -0.608619 -0.793462 -9.31487e-06
    outer loop
      vertex 9.40665 13.4341 0
      vertex 10.09 12.9098 12.0702
      vertex 10.0312 12.9549 12.2476
    endloop
  endfacet
  facet normal -0.609355 -0.792898 5.68562e-05
    outer loop
      vertex 9.40665 13.4341 0
      vertex 10.1609 12.8553 11.9
      vertex 10.09 12.9098 12.0702
    endloop
  endfacet
  facet normal -0.608741 -0.793369 -5.01308e-06
    outer loop
      vertex 9.40665 13.4341 0
      vertex 10.2434 12.792 11.7381
      vertex 10.1609 12.8553 11.9
    endloop
  endfacet
  facet normal -0.608548 -0.793517 -2.68044e-05
    outer loop
      vertex 9.40665 13.4341 0
      vertex 10.3369 12.7203 11.5859
      vertex 10.2434 12.792 11.7381
    endloop
  endfacet
  facet normal -0.608551 -0.793515 -2.64892e-05
    outer loop
      vertex 9.40665 13.4341 0
      vertex 10.4407 12.6407 11.4444
      vertex 10.3369 12.7203 11.5859
    endloop
  endfacet
  facet normal -0.609207 -0.793012 6.76868e-05
    outer loop
      vertex 9.40665 13.4341 0
      vertex 10.5417 12.5631 11.3286
      vertex 10.4407 12.6407 11.4444
    endloop
  endfacet
  facet normal -0.608781 -0.793338 -0
    outer loop
      vertex 10.5417 12.5631 11.3286
      vertex 9.40665 13.4341 0
      vertex 10.5417 12.5631 0
    endloop
  endfacet
  facet normal 0.608781 -0.793338 0
    outer loop
      vertex -10.5417 12.5631 0
      vertex -9.40665 13.4341 26
      vertex -10.5417 12.5631 26
    endloop
  endfacet
  facet normal 0.608781 -0.793338 0
    outer loop
      vertex -9.40665 13.4341 26
      vertex -10.5417 12.5631 0
      vertex -9.40665 13.4341 0
    endloop
  endfacet
  facet normal -0.953722 -0.30069 0
    outer loop
      vertex 15.8412 4.24463 0
      vertex 15.411 5.60913 26
      vertex 15.411 5.60913 0
    endloop
  endfacet
  facet normal -0.953722 -0.30069 0
    outer loop
      vertex 15.411 5.60913 26
      vertex 15.8412 4.24463 0
      vertex 15.8412 4.24463 26
    endloop
  endfacet
  facet normal -0.923858 0.382736 0
    outer loop
      vertex 14.8634 -6.93094 0
      vertex 15.411 -5.60913 26
      vertex 15.411 -5.60913 0
    endloop
  endfacet
  facet normal -0.923858 0.382736 0
    outer loop
      vertex 15.411 -5.60913 26
      vertex 14.8634 -6.93094 0
      vertex 14.8634 -6.93094 26
    endloop
  endfacet
  facet normal -0.461732 -0.88702 0
    outer loop
      vertex 6.93094 14.8634 0
      vertex 8.2 14.2028 26
      vertex 6.93094 14.8634 26
    endloop
  endfacet
  facet normal -0.461732 -0.88702 -0
    outer loop
      vertex 8.2 14.2028 26
      vertex 6.93094 14.8634 0
      vertex 8.2 14.2028 0
    endloop
  endfacet
  facet normal -0.382736 -0.923858 0
    outer loop
      vertex 5.60913 15.411 0
      vertex 6.93094 14.8634 26
      vertex 5.60913 15.411 26
    endloop
  endfacet
  facet normal -0.382736 -0.923858 -0
    outer loop
      vertex 6.93094 14.8634 26
      vertex 5.60913 15.411 0
      vertex 6.93094 14.8634 0
    endloop
  endfacet
  facet normal 0.991439 -0.130573 0
    outer loop
      vertex -16.1508 2.84783 26
      vertex -16.2888 1.8 16
      vertex -16.1508 2.84783 0
    endloop
  endfacet
  facet normal 0.991538 -0.129815 -8.08136e-05
    outer loop
      vertex -16.1508 2.84783 26
      vertex -16.2933 1.76541 16.3512
      vertex -16.2888 1.8 16
    endloop
  endfacet
  facet normal 0.991431 -0.130628 1.2007e-05
    outer loop
      vertex -16.1508 2.84783 26
      vertex -16.3068 1.66298 16.6888
      vertex -16.2933 1.76541 16.3512
    endloop
  endfacet
  facet normal 0.991444 -0.130532 -4.26555e-07
    outer loop
      vertex -16.1508 2.84783 26
      vertex -16.3287 1.49664 17
      vertex -16.3068 1.66298 16.6888
    endloop
  endfacet
  facet normal 0.99144 -0.130563 0
    outer loop
      vertex -16.3376 1.42935 17.082
      vertex -16.1508 2.84783 26
      vertex -16.3376 1.42935 26
    endloop
  endfacet
  facet normal 0.991378 -0.131031 7.56949e-05
    outer loop
      vertex -16.1508 2.84783 26
      vertex -16.3376 1.42935 17.082
      vertex -16.3287 1.49664 17
    endloop
  endfacet
  facet normal 0.991562 -0.129633 6.2613e-05
    outer loop
      vertex -16.2933 1.76541 15.6488
      vertex -16.1508 2.84783 0
      vertex -16.2888 1.8 16
    endloop
  endfacet
  facet normal 0.99143 -0.130641 -8.258e-06
    outer loop
      vertex -16.3068 1.66298 15.3112
      vertex -16.1508 2.84783 0
      vertex -16.2933 1.76541 15.6488
    endloop
  endfacet
  facet normal 0.991444 -0.130532 2.80541e-07
    outer loop
      vertex -16.3287 1.49664 15
      vertex -16.1508 2.84783 0
      vertex -16.3068 1.66298 15.3112
    endloop
  endfacet
  facet normal 0.991374 -0.131063 -4.84116e-05
    outer loop
      vertex -16.3376 1.42935 14.918
      vertex -16.1508 2.84783 0
      vertex -16.3287 1.49664 15
    endloop
  endfacet
  facet normal 0.99144 -0.130563 0
    outer loop
      vertex -16.1508 2.84783 0
      vertex -16.3376 1.42935 14.918
      vertex -16.3376 1.42935 0
    endloop
  endfacet
  facet normal 0.608781 0.793338 -0
    outer loop
      vertex -9.40665 -13.4341 0
      vertex -10.5417 -12.5631 26
      vertex -9.40665 -13.4341 26
    endloop
  endfacet
  facet normal 0.608781 0.793338 0
    outer loop
      vertex -10.5417 -12.5631 26
      vertex -9.40665 -13.4341 0
      vertex -10.5417 -12.5631 0
    endloop
  endfacet
  facet normal 0.88702 -0.461732 0
    outer loop
      vertex -14.8634 6.93094 26
      vertex -14.2028 8.2 0
      vertex -14.2028 8.2 26
    endloop
  endfacet
  facet normal 0.88702 -0.461732 0
    outer loop
      vertex -14.2028 8.2 0
      vertex -14.8634 6.93094 26
      vertex -14.8634 6.93094 0
    endloop
  endfacet
  facet normal -0.461732 0.88702 0
    outer loop
      vertex 8.2 -14.2028 0
      vertex 6.93094 -14.8634 26
      vertex 8.2 -14.2028 26
    endloop
  endfacet
  facet normal -0.461732 0.88702 0
    outer loop
      vertex 6.93094 -14.8634 26
      vertex 8.2 -14.2028 0
      vertex 6.93094 -14.8634 0
    endloop
  endfacet
  facet normal 0.216398 0.976305 -0
    outer loop
      vertex -2.84783 -16.1508 0
      vertex -4.24463 -15.8412 26
      vertex -2.84783 -16.1508 26
    endloop
  endfacet
  facet normal 0.216398 0.976305 0
    outer loop
      vertex -4.24463 -15.8412 26
      vertex -2.84783 -16.1508 0
      vertex -4.24463 -15.8412 0
    endloop
  endfacet
  facet normal -0.537289 0.843398 0
    outer loop
      vertex 9.40665 -13.4341 0
      vertex 8.2 -14.2028 26
      vertex 9.40665 -13.4341 26
    endloop
  endfacet
  facet normal -0.537289 0.843398 0
    outer loop
      vertex 8.2 -14.2028 26
      vertex 9.40665 -13.4341 0
      vertex 8.2 -14.2028 0
    endloop
  endfacet
  facet normal -0.0433929 0.999058 0
    outer loop
      vertex 1.42935 -16.3376 0
      vertex 1.27279 -16.3444 8.72721
      vertex 1.42935 -16.3376 8.91798
    endloop
  endfacet
  facet normal -0.0435838 0.99905 -3.43125e-06
    outer loop
      vertex 1.42935 -16.3376 0
      vertex 1.00003 -16.3563 8.50335
      vertex 1.27279 -16.3444 8.72721
    endloop
  endfacet
  facet normal -0.0436562 0.999047 -7.09246e-06
    outer loop
      vertex 1.42935 -16.3376 0
      vertex 0.688829 -16.3699 8.33702
      vertex 1.00003 -16.3563 8.50335
    endloop
  endfacet
  facet normal -0.0437826 0.999041 -1.83383e-05
    outer loop
      vertex 1.42935 -16.3376 0
      vertex 0.351162 -16.3847 8.23459
      vertex 0.688829 -16.3699 8.33702
    endloop
  endfacet
  facet normal -0.0436147 0.999048 3.68836e-06
    outer loop
      vertex 0 -16.4 0
      vertex 0.351162 -16.3847 8.23459
      vertex 1.42935 -16.3376 0
    endloop
  endfacet
  facet normal -0.0435283 0.999052 0
    outer loop
      vertex 0.351162 -16.3847 8.23459
      vertex 0 -16.4 0
      vertex 0 -16.4 8.2
    endloop
  endfacet
  facet normal -0.0436147 0.999048 0
    outer loop
      vertex 1.42935 -16.3376 26
      vertex 0 -16.4 11.8
      vertex 0 -16.4 26
    endloop
  endfacet
  facet normal -0.0435292 0.999052 -8.62053e-06
    outer loop
      vertex 1.42935 -16.3376 26
      vertex 0.351162 -16.3847 11.7654
      vertex 0 -16.4 11.8
    endloop
  endfacet
  facet normal -0.0437849 0.999041 1.07822e-05
    outer loop
      vertex 1.42935 -16.3376 26
      vertex 0.688829 -16.3699 11.663
      vertex 0.351162 -16.3847 11.7654
    endloop
  endfacet
  facet normal -0.0436577 0.999047 4.20399e-06
    outer loop
      vertex 1.42935 -16.3376 26
      vertex 1.00003 -16.3563 11.4966
      vertex 0.688829 -16.3699 11.663
    endloop
  endfacet
  facet normal -0.043585 0.99905 2.04542e-06
    outer loop
      vertex 1.42935 -16.3376 26
      vertex 1.27279 -16.3444 11.2728
      vertex 1.00003 -16.3563 11.4966
    endloop
  endfacet
  facet normal -0.0433929 0.999058 0
    outer loop
      vertex 1.27279 -16.3444 11.2728
      vertex 1.42935 -16.3376 26
      vertex 1.42935 -16.3376 11.082
    endloop
  endfacet
  facet normal -0.953722 0.30069 0
    outer loop
      vertex 15.411 -5.60913 0
      vertex 15.8412 -4.24463 26
      vertex 15.8412 -4.24463 0
    endloop
  endfacet
  facet normal -0.953722 0.30069 0
    outer loop
      vertex 15.8412 -4.24463 26
      vertex 15.411 -5.60913 0
      vertex 15.411 -5.60913 26
    endloop
  endfacet
  facet normal -0.793338 0.608781 0
    outer loop
      vertex 12.5631 -10.5417 0
      vertex 13.4341 -9.40665 26
      vertex 13.4341 -9.40665 0
    endloop
  endfacet
  facet normal -0.793338 0.608781 0
    outer loop
      vertex 13.4341 -9.40665 26
      vertex 12.5631 -10.5417 0
      vertex 12.5631 -10.5417 26
    endloop
  endfacet
  facet normal 0.737325 -0.675538 0
    outer loop
      vertex -12.5631 10.5417 26
      vertex -11.5966 11.5966 0
      vertex -11.5966 11.5966 26
    endloop
  endfacet
  facet normal 0.737325 -0.675538 0
    outer loop
      vertex -11.5966 11.5966 0
      vertex -12.5631 10.5417 26
      vertex -12.5631 10.5417 0
    endloop
  endfacet
  facet normal 0.130563 -0.99144 0
    outer loop
      vertex -2.84783 16.1508 26
      vertex -1.42935 16.3376 11.082
      vertex -1.42935 16.3376 26
    endloop
  endfacet
  facet normal 0.131063 -0.991374 4.84116e-05
    outer loop
      vertex -2.84783 16.1508 26
      vertex -1.49664 16.3287 11
      vertex -1.42935 16.3376 11.082
    endloop
  endfacet
  facet normal 0.130532 -0.991444 -2.80541e-07
    outer loop
      vertex -2.84783 16.1508 26
      vertex -1.66298 16.3068 10.6888
      vertex -1.49664 16.3287 11
    endloop
  endfacet
  facet normal 0.130641 -0.99143 8.258e-06
    outer loop
      vertex -2.84783 16.1508 26
      vertex -1.76541 16.2933 10.3512
      vertex -1.66298 16.3068 10.6888
    endloop
  endfacet
  facet normal 0.129633 -0.991562 -6.2613e-05
    outer loop
      vertex -2.84783 16.1508 26
      vertex -1.8 16.2888 10
      vertex -1.76541 16.2933 10.3512
    endloop
  endfacet
  facet normal 0.130573 -0.991439 0
    outer loop
      vertex -2.84783 16.1508 0
      vertex -1.8 16.2888 10
      vertex -2.84783 16.1508 26
    endloop
  endfacet
  facet normal 0.129815 -0.991538 8.08183e-05
    outer loop
      vertex -2.84783 16.1508 0
      vertex -1.76541 16.2933 9.64884
      vertex -1.8 16.2888 10
    endloop
  endfacet
  facet normal 0.130628 -0.991431 -1.20063e-05
    outer loop
      vertex -2.84783 16.1508 0
      vertex -1.66298 16.3068 9.31117
      vertex -1.76541 16.2933 9.64884
    endloop
  endfacet
  facet normal 0.130532 -0.991444 4.26556e-07
    outer loop
      vertex -2.84783 16.1508 0
      vertex -1.49664 16.3287 8.99997
      vertex -1.66298 16.3068 9.31117
    endloop
  endfacet
  facet normal 0.131031 -0.991378 -7.56965e-05
    outer loop
      vertex -2.84783 16.1508 0
      vertex -1.42935 16.3376 8.91798
      vertex -1.49664 16.3287 8.99997
    endloop
  endfacet
  facet normal 0.130563 -0.99144 0
    outer loop
      vertex -1.42935 16.3376 8.91798
      vertex -2.84783 16.1508 0
      vertex -1.42935 16.3376 0
    endloop
  endfacet
  facet normal 0.461732 -0.88702 0
    outer loop
      vertex -8.2 14.2028 0
      vertex -6.93094 14.8634 26
      vertex -8.2 14.2028 26
    endloop
  endfacet
  facet normal 0.461732 -0.88702 0
    outer loop
      vertex -6.93094 14.8634 26
      vertex -8.2 14.2028 0
      vertex -6.93094 14.8634 0
    endloop
  endfacet
  facet normal 0.953722 0.30069 0
    outer loop
      vertex -15.411 -5.60913 26
      vertex -15.8412 -4.24463 0
      vertex -15.8412 -4.24463 26
    endloop
  endfacet
  facet normal 0.953722 0.30069 0
    outer loop
      vertex -15.8412 -4.24463 0
      vertex -15.411 -5.60913 26
      vertex -15.411 -5.60913 0
    endloop
  endfacet
  facet normal -0.923858 -0.382736 0
    outer loop
      vertex 15.411 5.60913 0
      vertex 14.8634 6.93094 26
      vertex 14.8634 6.93094 0
    endloop
  endfacet
  facet normal -0.923858 -0.382736 0
    outer loop
      vertex 14.8634 6.93094 26
      vertex 15.411 5.60913 0
      vertex 15.411 5.60913 26
    endloop
  endfacet
  facet normal -0.999048 0.0436147 0
    outer loop
      vertex 16.3376 -1.42935 0
      vertex 16.4 0 14.2
      vertex 16.4 0 0
    endloop
  endfacet
  facet normal -0.999052 0.0435292 8.62053e-06
    outer loop
      vertex 16.4 0 14.2
      vertex 16.3376 -1.42935 0
      vertex 16.3847 -0.351162 14.2346
    endloop
  endfacet
  facet normal -0.999041 0.0437849 -1.07822e-05
    outer loop
      vertex 16.3847 -0.351162 14.2346
      vertex 16.3376 -1.42935 0
      vertex 16.3699 -0.688829 14.337
    endloop
  endfacet
  facet normal -0.999047 0.0436577 -4.20399e-06
    outer loop
      vertex 16.3699 -0.688829 14.337
      vertex 16.3376 -1.42935 0
      vertex 16.3563 -1.00003 14.5034
    endloop
  endfacet
  facet normal -0.99905 0.043585 -2.04542e-06
    outer loop
      vertex 16.3563 -1.00003 14.5034
      vertex 16.3376 -1.42935 0
      vertex 16.3444 -1.27279 14.7272
    endloop
  endfacet
  facet normal -0.999058 0.0433929 0
    outer loop
      vertex 16.3444 -1.27279 14.7272
      vertex 16.3376 -1.42935 0
      vertex 16.3376 -1.42935 14.918
    endloop
  endfacet
  facet normal -0.999052 0.0435283 0
    outer loop
      vertex 16.3847 -0.351162 17.7654
      vertex 16.4 0 26
      vertex 16.4 0 17.8
    endloop
  endfacet
  facet normal -0.999041 0.0437826 1.83385e-05
    outer loop
      vertex 16.3376 -1.42935 26
      vertex 16.3847 -0.351162 17.7654
      vertex 16.3699 -0.688829 17.663
    endloop
  endfacet
  facet normal -0.999047 0.0436562 7.09235e-06
    outer loop
      vertex 16.3376 -1.42935 26
      vertex 16.3699 -0.688829 17.663
      vertex 16.3563 -1.00003 17.4966
    endloop
  endfacet
  facet normal -0.99905 0.0435838 3.43127e-06
    outer loop
      vertex 16.3376 -1.42935 26
      vertex 16.3563 -1.00003 17.4966
      vertex 16.3444 -1.27279 17.2728
    endloop
  endfacet
  facet normal -0.999058 0.0433929 0
    outer loop
      vertex 16.3376 -1.42935 26
      vertex 16.3444 -1.27279 17.2728
      vertex 16.3376 -1.42935 17.082
    endloop
  endfacet
  facet normal -0.999048 0.0436147 -3.68836e-06
    outer loop
      vertex 16.3847 -0.351162 17.7654
      vertex 16.3376 -1.42935 26
      vertex 16.4 0 26
    endloop
  endfacet
  facet normal -0.99144 0.130563 0
    outer loop
      vertex 16.1508 -2.84783 0
      vertex 16.3376 -1.42935 14.918
      vertex 16.3376 -1.42935 0
    endloop
  endfacet
  facet normal -0.991374 0.131063 -4.84116e-05
    outer loop
      vertex 16.3376 -1.42935 14.918
      vertex 16.1508 -2.84783 0
      vertex 16.3287 -1.49664 15
    endloop
  endfacet
  facet normal -0.991444 0.130532 2.80541e-07
    outer loop
      vertex 16.3287 -1.49664 15
      vertex 16.1508 -2.84783 0
      vertex 16.3068 -1.66298 15.3112
    endloop
  endfacet
  facet normal -0.99143 0.130641 -8.258e-06
    outer loop
      vertex 16.3068 -1.66298 15.3112
      vertex 16.1508 -2.84783 0
      vertex 16.2933 -1.76541 15.6488
    endloop
  endfacet
  facet normal -0.991562 0.129633 6.2613e-05
    outer loop
      vertex 16.2933 -1.76541 15.6488
      vertex 16.1508 -2.84783 0
      vertex 16.2888 -1.8 16
    endloop
  endfacet
  facet normal -0.991378 0.131031 7.56949e-05
    outer loop
      vertex 16.1508 -2.84783 26
      vertex 16.3376 -1.42935 17.082
      vertex 16.3287 -1.49664 17
    endloop
  endfacet
  facet normal -0.991444 0.130532 -4.26555e-07
    outer loop
      vertex 16.1508 -2.84783 26
      vertex 16.3287 -1.49664 17
      vertex 16.3068 -1.66298 16.6888
    endloop
  endfacet
  facet normal -0.991431 0.130628 1.2007e-05
    outer loop
      vertex 16.1508 -2.84783 26
      vertex 16.3068 -1.66298 16.6888
      vertex 16.2933 -1.76541 16.3512
    endloop
  endfacet
  facet normal -0.991538 0.129815 -8.08136e-05
    outer loop
      vertex 16.1508 -2.84783 26
      vertex 16.2933 -1.76541 16.3512
      vertex 16.2888 -1.8 16
    endloop
  endfacet
  facet normal -0.991439 0.130573 0
    outer loop
      vertex 16.1508 -2.84783 26
      vertex 16.2888 -1.8 16
      vertex 16.1508 -2.84783 0
    endloop
  endfacet
  facet normal -0.99144 0.130563 0
    outer loop
      vertex 16.3376 -1.42935 17.082
      vertex 16.1508 -2.84783 26
      vertex 16.3376 -1.42935 26
    endloop
  endfacet
  facet normal 0.976305 -0.216398 0
    outer loop
      vertex -16.1508 2.84783 26
      vertex -15.8412 4.24463 0
      vertex -15.8412 4.24463 26
    endloop
  endfacet
  facet normal 0.976305 -0.216398 0
    outer loop
      vertex -15.8412 4.24463 0
      vertex -16.1508 2.84783 26
      vertex -16.1508 2.84783 0
    endloop
  endfacet
  facet normal 0.675538 -0.737325 0
    outer loop
      vertex -11.5966 11.5966 0
      vertex -10.5417 12.5631 26
      vertex -11.5966 11.5966 26
    endloop
  endfacet
  facet normal 0.675538 -0.737325 0
    outer loop
      vertex -10.5417 12.5631 26
      vertex -11.5966 11.5966 0
      vertex -10.5417 12.5631 0
    endloop
  endfacet
  facet normal 0.382736 -0.923858 0
    outer loop
      vertex -6.93094 14.8634 0
      vertex -5.60913 15.411 26
      vertex -6.93094 14.8634 26
    endloop
  endfacet
  facet normal 0.382736 -0.923858 0
    outer loop
      vertex -5.60913 15.411 26
      vertex -6.93094 14.8634 0
      vertex -5.60913 15.411 0
    endloop
  endfacet
  facet normal 0.999052 0.0435292 8.62053e-06
    outer loop
      vertex -16.3376 -1.42935 0
      vertex -16.4 0 14.2
      vertex -16.3847 -0.351162 14.2346
    endloop
  endfacet
  facet normal 0.999041 0.0437849 -1.07822e-05
    outer loop
      vertex -16.3376 -1.42935 0
      vertex -16.3847 -0.351162 14.2346
      vertex -16.3699 -0.688829 14.337
    endloop
  endfacet
  facet normal 0.999047 0.0436577 -4.20399e-06
    outer loop
      vertex -16.3376 -1.42935 0
      vertex -16.3699 -0.688829 14.337
      vertex -16.3563 -1.00003 14.5034
    endloop
  endfacet
  facet normal 0.99905 0.043585 -2.04542e-06
    outer loop
      vertex -16.3376 -1.42935 0
      vertex -16.3563 -1.00003 14.5034
      vertex -16.3444 -1.27279 14.7272
    endloop
  endfacet
  facet normal 0.999058 0.0433929 -0
    outer loop
      vertex -16.3376 -1.42935 0
      vertex -16.3444 -1.27279 14.7272
      vertex -16.3376 -1.42935 14.918
    endloop
  endfacet
  facet normal 0.999048 0.0436147 0
    outer loop
      vertex -16.4 0 14.2
      vertex -16.3376 -1.42935 0
      vertex -16.4 0 0
    endloop
  endfacet
  facet normal 0.999052 0.0435283 0
    outer loop
      vertex -16.4 0 26
      vertex -16.3847 -0.351162 17.7654
      vertex -16.4 0 17.8
    endloop
  endfacet
  facet normal 0.999048 0.0436147 -3.68836e-06
    outer loop
      vertex -16.3376 -1.42935 26
      vertex -16.3847 -0.351162 17.7654
      vertex -16.4 0 26
    endloop
  endfacet
  facet normal 0.999041 0.0437826 1.83385e-05
    outer loop
      vertex -16.3847 -0.351162 17.7654
      vertex -16.3376 -1.42935 26
      vertex -16.3699 -0.688829 17.663
    endloop
  endfacet
  facet normal 0.999047 0.0436562 7.09235e-06
    outer loop
      vertex -16.3699 -0.688829 17.663
      vertex -16.3376 -1.42935 26
      vertex -16.3563 -1.00003 17.4966
    endloop
  endfacet
  facet normal 0.99905 0.0435838 3.43127e-06
    outer loop
      vertex -16.3563 -1.00003 17.4966
      vertex -16.3376 -1.42935 26
      vertex -16.3444 -1.27279 17.2728
    endloop
  endfacet
  facet normal 0.999058 0.0433929 0
    outer loop
      vertex -16.3444 -1.27279 17.2728
      vertex -16.3376 -1.42935 26
      vertex -16.3376 -1.42935 17.082
    endloop
  endfacet
  facet normal -0.608781 0.793338 0
    outer loop
      vertex 10.5417 -12.5631 0
      vertex 9.40665 -13.4341 26
      vertex 10.5417 -12.5631 26
    endloop
  endfacet
  facet normal -0.608781 0.793338 0
    outer loop
      vertex 9.40665 -13.4341 26
      vertex 10.5417 -12.5631 0
      vertex 9.40665 -13.4341 0
    endloop
  endfacet
  facet normal 0.0433929 -0.999058 0
    outer loop
      vertex -1.42935 16.3376 0
      vertex -1.27279 16.3444 8.72721
      vertex -1.42935 16.3376 8.91798
    endloop
  endfacet
  facet normal 0.0435838 -0.99905 -3.43125e-06
    outer loop
      vertex -1.42935 16.3376 0
      vertex -1.00003 16.3563 8.50335
      vertex -1.27279 16.3444 8.72721
    endloop
  endfacet
  facet normal 0.0436562 -0.999047 -7.09246e-06
    outer loop
      vertex -1.42935 16.3376 0
      vertex -0.688829 16.3699 8.33702
      vertex -1.00003 16.3563 8.50335
    endloop
  endfacet
  facet normal 0.0437826 -0.999041 -1.83383e-05
    outer loop
      vertex -1.42935 16.3376 0
      vertex -0.351162 16.3847 8.23459
      vertex -0.688829 16.3699 8.33702
    endloop
  endfacet
  facet normal 0.0436147 -0.999048 3.68836e-06
    outer loop
      vertex 0 16.4 0
      vertex -0.351162 16.3847 8.23459
      vertex -1.42935 16.3376 0
    endloop
  endfacet
  facet normal 0.0435283 -0.999052 0
    outer loop
      vertex -0.351162 16.3847 8.23459
      vertex 0 16.4 0
      vertex 0 16.4 8.2
    endloop
  endfacet
  facet normal 0.0436147 -0.999048 0
    outer loop
      vertex -1.42935 16.3376 26
      vertex 0 16.4 11.8
      vertex 0 16.4 26
    endloop
  endfacet
  facet normal 0.0435292 -0.999052 -8.62053e-06
    outer loop
      vertex -1.42935 16.3376 26
      vertex -0.351162 16.3847 11.7654
      vertex 0 16.4 11.8
    endloop
  endfacet
  facet normal 0.0437849 -0.999041 1.07822e-05
    outer loop
      vertex -1.42935 16.3376 26
      vertex -0.688829 16.3699 11.663
      vertex -0.351162 16.3847 11.7654
    endloop
  endfacet
  facet normal 0.0436577 -0.999047 4.20399e-06
    outer loop
      vertex -1.42935 16.3376 26
      vertex -1.00003 16.3563 11.4966
      vertex -0.688829 16.3699 11.663
    endloop
  endfacet
  facet normal 0.043585 -0.99905 2.04542e-06
    outer loop
      vertex -1.42935 16.3376 26
      vertex -1.27279 16.3444 11.2728
      vertex -1.00003 16.3563 11.4966
    endloop
  endfacet
  facet normal 0.0433929 -0.999058 0
    outer loop
      vertex -1.27279 16.3444 11.2728
      vertex -1.42935 16.3376 26
      vertex -1.42935 16.3376 11.082
    endloop
  endfacet
  facet normal 0.461732 0.88702 -0
    outer loop
      vertex -6.93094 -14.8634 0
      vertex -8.2 -14.2028 26
      vertex -6.93094 -14.8634 26
    endloop
  endfacet
  facet normal 0.461732 0.88702 0
    outer loop
      vertex -8.2 -14.2028 26
      vertex -6.93094 -14.8634 0
      vertex -8.2 -14.2028 0
    endloop
  endfacet
  facet normal -0.382736 0.923858 0
    outer loop
      vertex 6.93094 -14.8634 0
      vertex 5.60913 -15.411 26
      vertex 6.93094 -14.8634 26
    endloop
  endfacet
  facet normal -0.382736 0.923858 0
    outer loop
      vertex 5.60913 -15.411 26
      vertex 6.93094 -14.8634 0
      vertex 5.60913 -15.411 0
    endloop
  endfacet
  facet normal 0.953722 -0.30069 0
    outer loop
      vertex -15.8412 4.24463 26
      vertex -15.411 5.60913 0
      vertex -15.411 5.60913 26
    endloop
  endfacet
  facet normal 0.953722 -0.30069 0
    outer loop
      vertex -15.411 5.60913 0
      vertex -15.8412 4.24463 26
      vertex -15.8412 4.24463 0
    endloop
  endfacet
  facet normal 0.737325 0.675538 0
    outer loop
      vertex -11.5966 -11.5966 26
      vertex -12.5631 -10.5417 0
      vertex -12.5631 -10.5417 26
    endloop
  endfacet
  facet normal 0.737325 0.675538 0
    outer loop
      vertex -12.5631 -10.5417 0
      vertex -11.5966 -11.5966 26
      vertex -11.5966 -11.5966 0
    endloop
  endfacet
  facet normal -0.737673 -0.675158 0
    outer loop
      vertex 11.5966 11.5966 0
      vertex 11.7262 11.455 10.8084
      vertex 11.5966 11.5966 10.8
    endloop
  endfacet
  facet normal -0.737325 -0.675538 -9.14141e-06
    outer loop
      vertex 12.5631 10.5417 0
      vertex 11.7262 11.455 10.8084
      vertex 11.5966 11.5966 0
    endloop
  endfacet
  facet normal -0.737156 -0.675723 1.95974e-05
    outer loop
      vertex 11.7262 11.455 10.8084
      vertex 12.5631 10.5417 0
      vertex 11.8549 11.3146 10.8334
    endloop
  endfacet
  facet normal -0.737352 -0.675509 -8.49413e-06
    outer loop
      vertex 11.8549 11.3146 10.8334
      vertex 12.5631 10.5417 0
      vertex 11.9816 11.1763 10.875
    endloop
  endfacet
  facet normal -0.737025 -0.675866 2.98681e-05
    outer loop
      vertex 11.9816 11.1763 10.875
      vertex 12.5631 10.5417 0
      vertex 12.1054 11.0413 10.9327
    endloop
  endfacet
  facet normal -0.737794 -0.675026 -4.07402e-05
    outer loop
      vertex 12.1054 11.0413 10.9327
      vertex 12.5631 10.5417 0
      vertex 12.1441 10.999 10.9564
    endloop
  endfacet
  facet normal -0.737225 -0.675647 6.94582e-06
    outer loop
      vertex 12.1441 10.999 10.9564
      vertex 12.5631 10.5417 0
      vertex 12.2253 10.9104 11.0061
    endloop
  endfacet
  facet normal -0.737193 -0.675682 9.08861e-06
    outer loop
      vertex 12.2253 10.9104 11.0061
      vertex 12.5631 10.5417 0
      vertex 12.3033 10.8253 11.0661
    endloop
  endfacet
  facet normal -0.737381 -0.675477 -5.49454e-07
    outer loop
      vertex 12.3033 10.8253 11.0661
      vertex 12.5631 10.5417 0
      vertex 12.3404 10.7848 11.0947
    endloop
  endfacet
  facet normal -0.737284 -0.675583 3.71124e-06
    outer loop
      vertex 12.3404 10.7848 11.0947
      vertex 12.5631 10.5417 0
      vertex 12.4499 10.6653 11.1979
    endloop
  endfacet
  facet normal -0.737588 -0.675251 -3.03591e-06
    outer loop
      vertex 12.4499 10.6653 11.1979
      vertex 12.5631 10.5417 0
      vertex 12.5528 10.5529 11.3147
    endloop
  endfacet
  facet normal -0.736062 -0.676914 0
    outer loop
      vertex 12.5528 10.5529 11.3147
      vertex 12.5631 10.5417 0
      vertex 12.5631 10.5417 11.3286
    endloop
  endfacet
  facet normal -0.737673 -0.675158 0
    outer loop
      vertex 11.7262 11.455 15.1916
      vertex 11.5966 11.5966 26
      vertex 11.5966 11.5966 15.2
    endloop
  endfacet
  facet normal -0.737156 -0.675723 -1.95974e-05
    outer loop
      vertex 12.5631 10.5417 26
      vertex 11.7262 11.455 15.1916
      vertex 11.8549 11.3146 15.1666
    endloop
  endfacet
  facet normal -0.737352 -0.675509 8.49413e-06
    outer loop
      vertex 12.5631 10.5417 26
      vertex 11.8549 11.3146 15.1666
      vertex 11.9816 11.1763 15.125
    endloop
  endfacet
  facet normal -0.737025 -0.675866 -2.98681e-05
    outer loop
      vertex 12.5631 10.5417 26
      vertex 11.9816 11.1763 15.125
      vertex 12.1054 11.0413 15.0673
    endloop
  endfacet
  facet normal -0.737794 -0.675026 4.07402e-05
    outer loop
      vertex 12.5631 10.5417 26
      vertex 12.1054 11.0413 15.0673
      vertex 12.1441 10.999 15.0436
    endloop
  endfacet
  facet normal -0.737225 -0.675647 -6.94582e-06
    outer loop
      vertex 12.5631 10.5417 26
      vertex 12.1441 10.999 15.0436
      vertex 12.2253 10.9104 14.9939
    endloop
  endfacet
  facet normal -0.737193 -0.675682 -9.08861e-06
    outer loop
      vertex 12.5631 10.5417 26
      vertex 12.2253 10.9104 14.9939
      vertex 12.3033 10.8253 14.9339
    endloop
  endfacet
  facet normal -0.737381 -0.675477 5.49454e-07
    outer loop
      vertex 12.5631 10.5417 26
      vertex 12.3033 10.8253 14.9339
      vertex 12.3404 10.7848 14.9053
    endloop
  endfacet
  facet normal -0.737284 -0.675583 -3.71124e-06
    outer loop
      vertex 12.5631 10.5417 26
      vertex 12.3404 10.7848 14.9053
      vertex 12.4499 10.6653 14.8021
    endloop
  endfacet
  facet normal -0.737588 -0.675251 3.03591e-06
    outer loop
      vertex 12.5631 10.5417 26
      vertex 12.4499 10.6653 14.8021
      vertex 12.5528 10.5529 14.6853
    endloop
  endfacet
  facet normal -0.736062 -0.676914 -0
    outer loop
      vertex 12.5631 10.5417 26
      vertex 12.5528 10.5529 14.6853
      vertex 12.5631 10.5417 14.6713
    endloop
  endfacet
  facet normal -0.737325 -0.675538 9.14141e-06
    outer loop
      vertex 11.7262 11.455 15.1916
      vertex 12.5631 10.5417 26
      vertex 11.5966 11.5966 26
    endloop
  endfacet
  facet normal 0.99144 0.130563 0
    outer loop
      vertex -16.1508 -2.84783 26
      vertex -16.3376 -1.42935 17.082
      vertex -16.3376 -1.42935 26
    endloop
  endfacet
  facet normal 0.991378 0.131031 7.56949e-05
    outer loop
      vertex -16.3376 -1.42935 17.082
      vertex -16.1508 -2.84783 26
      vertex -16.3287 -1.49664 17
    endloop
  endfacet
  facet normal 0.991444 0.130532 -4.26555e-07
    outer loop
      vertex -16.3287 -1.49664 17
      vertex -16.1508 -2.84783 26
      vertex -16.3068 -1.66298 16.6888
    endloop
  endfacet
  facet normal 0.991431 0.130628 1.2007e-05
    outer loop
      vertex -16.3068 -1.66298 16.6888
      vertex -16.1508 -2.84783 26
      vertex -16.2933 -1.76541 16.3512
    endloop
  endfacet
  facet normal 0.991538 0.129815 -8.08136e-05
    outer loop
      vertex -16.2933 -1.76541 16.3512
      vertex -16.1508 -2.84783 26
      vertex -16.2888 -1.8 16
    endloop
  endfacet
  facet normal 0.991374 0.131063 -4.84116e-05
    outer loop
      vertex -16.1508 -2.84783 0
      vertex -16.3376 -1.42935 14.918
      vertex -16.3287 -1.49664 15
    endloop
  endfacet
  facet normal 0.991444 0.130532 2.80541e-07
    outer loop
      vertex -16.1508 -2.84783 0
      vertex -16.3287 -1.49664 15
      vertex -16.3068 -1.66298 15.3112
    endloop
  endfacet
  facet normal 0.99143 0.130641 -8.258e-06
    outer loop
      vertex -16.1508 -2.84783 0
      vertex -16.3068 -1.66298 15.3112
      vertex -16.2933 -1.76541 15.6488
    endloop
  endfacet
  facet normal 0.991562 0.129633 6.2613e-05
    outer loop
      vertex -16.1508 -2.84783 0
      vertex -16.2933 -1.76541 15.6488
      vertex -16.2888 -1.8 16
    endloop
  endfacet
  facet normal 0.991439 0.130573 -0
    outer loop
      vertex -16.1508 -2.84783 0
      vertex -16.2888 -1.8 16
      vertex -16.1508 -2.84783 26
    endloop
  endfacet
  facet normal 0.99144 0.130563 0
    outer loop
      vertex -16.3376 -1.42935 14.918
      vertex -16.1508 -2.84783 0
      vertex -16.3376 -1.42935 0
    endloop
  endfacet
  facet normal -0.30069 0.953722 0
    outer loop
      vertex 5.60913 -15.411 0
      vertex 4.24463 -15.8412 26
      vertex 5.60913 -15.411 26
    endloop
  endfacet
  facet normal -0.30069 0.953722 0
    outer loop
      vertex 4.24463 -15.8412 26
      vertex 5.60913 -15.411 0
      vertex 4.24463 -15.8412 0
    endloop
  endfacet
  facet normal 0.382736 0.923858 -0
    outer loop
      vertex -5.60913 -15.411 0
      vertex -6.93094 -14.8634 26
      vertex -5.60913 -15.411 26
    endloop
  endfacet
  facet normal 0.382736 0.923858 0
    outer loop
      vertex -6.93094 -14.8634 26
      vertex -5.60913 -15.411 0
      vertex -6.93094 -14.8634 0
    endloop
  endfacet
  facet normal -0.793338 -0.608781 0
    outer loop
      vertex 13.4341 9.40665 0
      vertex 12.5631 10.5417 11.3286
      vertex 12.5631 10.5417 0
    endloop
  endfacet
  facet normal -0.793012 -0.609207 6.76868e-05
    outer loop
      vertex 12.5631 10.5417 11.3286
      vertex 13.4341 9.40665 0
      vertex 12.6407 10.4407 11.4444
    endloop
  endfacet
  facet normal -0.793515 -0.608551 -2.64892e-05
    outer loop
      vertex 12.6407 10.4407 11.4444
      vertex 13.4341 9.40665 0
      vertex 12.7203 10.3369 11.5859
    endloop
  endfacet
  facet normal -0.793517 -0.608548 -2.68044e-05
    outer loop
      vertex 12.7203 10.3369 11.5859
      vertex 13.4341 9.40665 0
      vertex 12.792 10.2434 11.7381
    endloop
  endfacet
  facet normal -0.793369 -0.608741 -5.01308e-06
    outer loop
      vertex 12.792 10.2434 11.7381
      vertex 13.4341 9.40665 0
      vertex 12.8553 10.1609 11.9
    endloop
  endfacet
  facet normal -0.792898 -0.609355 5.68562e-05
    outer loop
      vertex 12.8553 10.1609 11.9
      vertex 13.4341 9.40665 0
      vertex 12.9098 10.09 12.0702
    endloop
  endfacet
  facet normal -0.793462 -0.608619 -9.31487e-06
    outer loop
      vertex 12.9098 10.09 12.0702
      vertex 13.4341 9.40665 0
      vertex 12.9549 10.0312 12.2476
    endloop
  endfacet
  facet normal -0.793547 -0.608509 -1.82042e-05
    outer loop
      vertex 12.9549 10.0312 12.2476
      vertex 13.4341 9.40665 0
      vertex 12.9903 9.98503 12.4306
    endloop
  endfacet
  facet normal -0.793409 -0.608689 -4.90117e-06
    outer loop
      vertex 12.9903 9.98503 12.4306
      vertex 13.4341 9.40665 0
      vertex 13.0158 9.95179 12.618
    endloop
  endfacet
  facet normal -0.794444 -0.607337 -9.12551e-05
    outer loop
      vertex 13.0312 9.93175 12.8083
      vertex 13.4341 9.40665 0
      vertex 13.0363 9.92505 13
    endloop
  endfacet
  facet normal -0.793045 -0.609163 2.76294e-05
    outer loop
      vertex 13.0158 9.95179 12.618
      vertex 13.4341 9.40665 0
      vertex 13.0312 9.93175 12.8083
    endloop
  endfacet
  facet normal -0.793012 -0.609207 -6.76923e-05
    outer loop
      vertex 13.4341 9.40665 26
      vertex 12.5631 10.5417 14.6713
      vertex 12.6407 10.4407 14.5556
    endloop
  endfacet
  facet normal -0.793515 -0.608551 2.64892e-05
    outer loop
      vertex 13.4341 9.40665 26
      vertex 12.6407 10.4407 14.5556
      vertex 12.7203 10.3369 14.4141
    endloop
  endfacet
  facet normal -0.793517 -0.608548 2.68044e-05
    outer loop
      vertex 13.4341 9.40665 26
      vertex 12.7203 10.3369 14.4141
      vertex 12.792 10.2434 14.2619
    endloop
  endfacet
  facet normal -0.793369 -0.608741 5.01308e-06
    outer loop
      vertex 13.4341 9.40665 26
      vertex 12.792 10.2434 14.2619
      vertex 12.8553 10.1609 14.1
    endloop
  endfacet
  facet normal -0.792898 -0.609355 -5.68562e-05
    outer loop
      vertex 13.4341 9.40665 26
      vertex 12.8553 10.1609 14.1
      vertex 12.9098 10.09 13.9298
    endloop
  endfacet
  facet normal -0.793462 -0.608619 9.31487e-06
    outer loop
      vertex 13.4341 9.40665 26
      vertex 12.9098 10.09 13.9298
      vertex 12.9549 10.0312 13.7524
    endloop
  endfacet
  facet normal -0.793547 -0.608509 1.82042e-05
    outer loop
      vertex 13.4341 9.40665 26
      vertex 12.9549 10.0312 13.7524
      vertex 12.9903 9.98503 13.5694
    endloop
  endfacet
  facet normal -0.793409 -0.608689 4.90117e-06
    outer loop
      vertex 13.4341 9.40665 26
      vertex 12.9903 9.98503 13.5694
      vertex 13.0158 9.95179 13.382
    endloop
  endfacet
  facet normal -0.793045 -0.609163 -2.76294e-05
    outer loop
      vertex 13.4341 9.40665 26
      vertex 13.0158 9.95179 13.382
      vertex 13.0312 9.93175 13.1917
    endloop
  endfacet
  facet normal -0.79334 -0.608778 -0
    outer loop
      vertex 13.4341 9.40665 26
      vertex 13.0363 9.92505 13
      vertex 13.4341 9.40665 0
    endloop
  endfacet
  facet normal -0.793338 -0.608781 0
    outer loop
      vertex 12.5631 10.5417 14.6713
      vertex 13.4341 9.40665 26
      vertex 12.5631 10.5417 26
    endloop
  endfacet
  facet normal -0.794444 -0.607337 9.12551e-05
    outer loop
      vertex 13.0363 9.92505 13
      vertex 13.4341 9.40665 26
      vertex 13.0312 9.93175 13.1917
    endloop
  endfacet
  facet normal 0.30069 0.953722 -0
    outer loop
      vertex -4.24463 -15.8412 0
      vertex -5.60913 -15.411 26
      vertex -4.24463 -15.8412 26
    endloop
  endfacet
  facet normal 0.30069 0.953722 0
    outer loop
      vertex -5.60913 -15.411 26
      vertex -4.24463 -15.8412 0
      vertex -5.60913 -15.411 0
    endloop
  endfacet
  facet normal 0.30069 -0.953722 0
    outer loop
      vertex -5.60913 15.411 0
      vertex -4.24463 15.8412 26
      vertex -5.60913 15.411 26
    endloop
  endfacet
  facet normal 0.30069 -0.953722 0
    outer loop
      vertex -4.24463 15.8412 26
      vertex -5.60913 15.411 0
      vertex -4.24463 15.8412 0
    endloop
  endfacet
  facet normal 0.843398 0.537289 0
    outer loop
      vertex -13.4341 -9.40665 26
      vertex -14.2028 -8.2 0
      vertex -14.2028 -8.2 26
    endloop
  endfacet
  facet normal 0.843398 0.537289 0
    outer loop
      vertex -14.2028 -8.2 0
      vertex -13.4341 -9.40665 26
      vertex -13.4341 -9.40665 0
    endloop
  endfacet
  facet normal 0.999058 -0.0433929 0
    outer loop
      vertex -16.3444 1.27279 14.7272
      vertex -16.3376 1.42935 0
      vertex -16.3376 1.42935 14.918
    endloop
  endfacet
  facet normal 0.99905 -0.043585 -2.04542e-06
    outer loop
      vertex -16.3563 1.00003 14.5034
      vertex -16.3376 1.42935 0
      vertex -16.3444 1.27279 14.7272
    endloop
  endfacet
  facet normal 0.999047 -0.0436577 -4.20399e-06
    outer loop
      vertex -16.3699 0.688829 14.337
      vertex -16.3376 1.42935 0
      vertex -16.3563 1.00003 14.5034
    endloop
  endfacet
  facet normal 0.999041 -0.0437849 -1.07822e-05
    outer loop
      vertex -16.3847 0.351162 14.2346
      vertex -16.3376 1.42935 0
      vertex -16.3699 0.688829 14.337
    endloop
  endfacet
  facet normal 0.999052 -0.0435292 8.62053e-06
    outer loop
      vertex -16.4 0 14.2
      vertex -16.3376 1.42935 0
      vertex -16.3847 0.351162 14.2346
    endloop
  endfacet
  facet normal 0.999048 -0.0436147 0
    outer loop
      vertex -16.3376 1.42935 0
      vertex -16.4 0 14.2
      vertex -16.4 0 0
    endloop
  endfacet
  facet normal 0.999058 -0.0433929 0
    outer loop
      vertex -16.3376 1.42935 26
      vertex -16.3444 1.27279 17.2728
      vertex -16.3376 1.42935 17.082
    endloop
  endfacet
  facet normal 0.99905 -0.0435838 3.43127e-06
    outer loop
      vertex -16.3376 1.42935 26
      vertex -16.3563 1.00003 17.4966
      vertex -16.3444 1.27279 17.2728
    endloop
  endfacet
  facet normal 0.999047 -0.0436562 7.09235e-06
    outer loop
      vertex -16.3376 1.42935 26
      vertex -16.3699 0.688829 17.663
      vertex -16.3563 1.00003 17.4966
    endloop
  endfacet
  facet normal 0.999041 -0.0437826 1.83385e-05
    outer loop
      vertex -16.3376 1.42935 26
      vertex -16.3847 0.351162 17.7654
      vertex -16.3699 0.688829 17.663
    endloop
  endfacet
  facet normal 0.999048 -0.0436147 -3.68836e-06
    outer loop
      vertex -16.4 0 26
      vertex -16.3847 0.351162 17.7654
      vertex -16.3376 1.42935 26
    endloop
  endfacet
  facet normal 0.999052 -0.0435283 0
    outer loop
      vertex -16.3847 0.351162 17.7654
      vertex -16.4 0 26
      vertex -16.4 0 17.8
    endloop
  endfacet
  facet normal 0.675538 0.737325 -0
    outer loop
      vertex -10.5417 -12.5631 0
      vertex -11.5966 -11.5966 26
      vertex -10.5417 -12.5631 26
    endloop
  endfacet
  facet normal 0.675538 0.737325 0
    outer loop
      vertex -11.5966 -11.5966 26
      vertex -10.5417 -12.5631 0
      vertex -11.5966 -11.5966 0
    endloop
  endfacet
  facet normal 0.0435283 0.999052 -0
    outer loop
      vertex 0 -16.4 0
      vertex -0.351162 -16.3847 8.23459
      vertex 0 -16.4 8.2
    endloop
  endfacet
  facet normal 0.0436147 0.999048 3.68836e-06
    outer loop
      vertex -1.42935 -16.3376 0
      vertex -0.351162 -16.3847 8.23459
      vertex 0 -16.4 0
    endloop
  endfacet
  facet normal 0.0437826 0.999041 -1.83383e-05
    outer loop
      vertex -0.351162 -16.3847 8.23459
      vertex -1.42935 -16.3376 0
      vertex -0.688829 -16.3699 8.33702
    endloop
  endfacet
  facet normal 0.0436562 0.999047 -7.09246e-06
    outer loop
      vertex -0.688829 -16.3699 8.33702
      vertex -1.42935 -16.3376 0
      vertex -1.00003 -16.3563 8.50335
    endloop
  endfacet
  facet normal 0.0435838 0.99905 -3.43125e-06
    outer loop
      vertex -1.00003 -16.3563 8.50335
      vertex -1.42935 -16.3376 0
      vertex -1.27279 -16.3444 8.72721
    endloop
  endfacet
  facet normal 0.0433929 0.999058 0
    outer loop
      vertex -1.27279 -16.3444 8.72721
      vertex -1.42935 -16.3376 0
      vertex -1.42935 -16.3376 8.91798
    endloop
  endfacet
  facet normal 0.0436147 0.999048 -0
    outer loop
      vertex 0 -16.4 11.8
      vertex -1.42935 -16.3376 26
      vertex 0 -16.4 26
    endloop
  endfacet
  facet normal 0.0435292 0.999052 -8.62053e-06
    outer loop
      vertex -0.351162 -16.3847 11.7654
      vertex -1.42935 -16.3376 26
      vertex 0 -16.4 11.8
    endloop
  endfacet
  facet normal 0.0437849 0.999041 1.07822e-05
    outer loop
      vertex -0.688829 -16.3699 11.663
      vertex -1.42935 -16.3376 26
      vertex -0.351162 -16.3847 11.7654
    endloop
  endfacet
  facet normal 0.0436577 0.999047 4.20399e-06
    outer loop
      vertex -1.00003 -16.3563 11.4966
      vertex -1.42935 -16.3376 26
      vertex -0.688829 -16.3699 11.663
    endloop
  endfacet
  facet normal 0.043585 0.99905 2.04542e-06
    outer loop
      vertex -1.27279 -16.3444 11.2728
      vertex -1.42935 -16.3376 26
      vertex -1.00003 -16.3563 11.4966
    endloop
  endfacet
  facet normal 0.0433929 0.999058 0
    outer loop
      vertex -1.42935 -16.3376 26
      vertex -1.27279 -16.3444 11.2728
      vertex -1.42935 -16.3376 11.082
    endloop
  endfacet
  facet normal -0.675538 0.737325 0
    outer loop
      vertex 11.5966 -11.5966 0
      vertex 10.5417 -12.5631 26
      vertex 11.5966 -11.5966 26
    endloop
  endfacet
  facet normal -0.675538 0.737325 0
    outer loop
      vertex 10.5417 -12.5631 26
      vertex 11.5966 -11.5966 0
      vertex 10.5417 -12.5631 0
    endloop
  endfacet
  facet normal 0.843398 -0.537289 0
    outer loop
      vertex -14.2028 8.2 26
      vertex -13.4341 9.40665 0
      vertex -13.4341 9.40665 26
    endloop
  endfacet
  facet normal 0.843398 -0.537289 0
    outer loop
      vertex -13.4341 9.40665 0
      vertex -14.2028 8.2 26
      vertex -14.2028 8.2 0
    endloop
  endfacet
  facet normal -0.30069 -0.953722 0
    outer loop
      vertex 4.24463 15.8412 0
      vertex 5.60913 15.411 26
      vertex 4.24463 15.8412 26
    endloop
  endfacet
  facet normal -0.30069 -0.953722 -0
    outer loop
      vertex 5.60913 15.411 26
      vertex 4.24463 15.8412 0
      vertex 5.60913 15.411 0
    endloop
  endfacet
  facet normal 0 -0.471528 0.881851
    outer loop
      vertex -23.3563 1.00003 14.5034
      vertex -16.3699 0.688829 14.337
      vertex -16.3563 1.00003 14.5034
    endloop
  endfacet
  facet normal 0 -0.471528 0.881851
    outer loop
      vertex -16.3699 0.688829 14.337
      vertex -23.3563 1.00003 14.5034
      vertex -23.3699 0.688829 14.337
    endloop
  endfacet
  facet normal 0 -0.471528 0.881851
    outer loop
      vertex 23.3563 1.00003 14.5034
      vertex 16.3699 0.688829 14.337
      vertex 23.3699 0.688829 14.337
    endloop
  endfacet
  facet normal 0 -0.471528 0.881851
    outer loop
      vertex 16.3699 0.688829 14.337
      vertex 23.3563 1.00003 14.5034
      vertex 16.3563 1.00003 14.5034
    endloop
  endfacet
  facet normal 0 0.0980552 0.995181
    outer loop
      vertex -16.4 0 14.2
      vertex -23.3847 -0.351162 14.2346
      vertex -16.3847 -0.351162 14.2346
    endloop
  endfacet
  facet normal 0 0.0980552 0.995181
    outer loop
      vertex -23.3847 -0.351162 14.2346
      vertex -16.4 0 14.2
      vertex -23.4 0 14.2
    endloop
  endfacet
  facet normal -0 0.0980552 0.995181
    outer loop
      vertex 16.4 0 14.2
      vertex 23.3847 -0.351162 14.2346
      vertex 23.4 0 14.2
    endloop
  endfacet
  facet normal 0 0.0980552 0.995181
    outer loop
      vertex 23.3847 -0.351162 14.2346
      vertex 16.4 0 14.2
      vertex 16.3847 -0.351162 14.2346
    endloop
  endfacet
  facet normal 0 -0.956924 0.290337
    outer loop
      vertex -16.3068 1.66298 15.3112
      vertex -23.3229 1.76541 15.6488
      vertex -23.3274 1.66298 15.3112
    endloop
  endfacet
  facet normal 0 -0.956924 0.290337
    outer loop
      vertex -23.3229 1.76541 15.6488
      vertex -16.3068 1.66298 15.3112
      vertex -16.2933 1.76541 15.6488
    endloop
  endfacet
  facet normal 0 -0.956924 0.290337
    outer loop
      vertex 16.3068 1.66298 15.3112
      vertex 23.3229 1.76541 15.6488
      vertex 16.2933 1.76541 15.6488
    endloop
  endfacet
  facet normal 0 -0.956924 0.290337
    outer loop
      vertex 23.3229 1.76541 15.6488
      vertex 16.3068 1.66298 15.3112
      vertex 23.3274 1.66298 15.3112
    endloop
  endfacet
  facet normal 0 0.634311 0.773078
    outer loop
      vertex -16.3563 -1.00003 14.5034
      vertex -23.3444 -1.27279 14.7272
      vertex -16.3444 -1.27279 14.7272
    endloop
  endfacet
  facet normal 0 0.634311 0.773078
    outer loop
      vertex -23.3444 -1.27279 14.7272
      vertex -16.3563 -1.00003 14.5034
      vertex -23.3563 -1.00003 14.5034
    endloop
  endfacet
  facet normal -0 0.634311 0.773078
    outer loop
      vertex 16.3563 -1.00003 14.5034
      vertex 23.3444 -1.27279 14.7272
      vertex 23.3563 -1.00003 14.5034
    endloop
  endfacet
  facet normal 0 0.634311 0.773078
    outer loop
      vertex 23.3444 -1.27279 14.7272
      vertex 16.3563 -1.00003 14.5034
      vertex 16.3444 -1.27279 14.7272
    endloop
  endfacet
  facet normal 0 -0.0980552 0.995181
    outer loop
      vertex -23.3847 0.351162 14.2346
      vertex -16.4 0 14.2
      vertex -16.3847 0.351162 14.2346
    endloop
  endfacet
  facet normal 0 -0.0980552 0.995181
    outer loop
      vertex -16.4 0 14.2
      vertex -23.3847 0.351162 14.2346
      vertex -23.4 0 14.2
    endloop
  endfacet
  facet normal 0 -0.0980552 0.995181
    outer loop
      vertex 23.3847 0.351162 14.2346
      vertex 16.4 0 14.2
      vertex 23.4 0 14.2
    endloop
  endfacet
  facet normal 0 -0.0980552 0.995181
    outer loop
      vertex 16.4 0 14.2
      vertex 23.3847 0.351162 14.2346
      vertex 16.3847 0.351162 14.2346
    endloop
  endfacet
  facet normal 0 0.773037 0.634361
    outer loop
      vertex -16.3376 -1.42935 14.918
      vertex -23.3347 -1.49664 15
      vertex -16.3287 -1.49664 15
    endloop
  endfacet
  facet normal -5.85756e-07 0.773061 0.634332
    outer loop
      vertex -16.3444 -1.27279 14.7272
      vertex -23.3347 -1.49664 15
      vertex -16.3376 -1.42935 14.918
    endloop
  endfacet
  facet normal 0 0.773054 0.63434
    outer loop
      vertex -23.3347 -1.49664 15
      vertex -16.3444 -1.27279 14.7272
      vertex -23.3444 -1.27279 14.7272
    endloop
  endfacet
  facet normal 0 0.773037 0.634361
    outer loop
      vertex 23.3347 -1.49664 15
      vertex 16.3376 -1.42935 14.918
      vertex 16.3287 -1.49664 15
    endloop
  endfacet
  facet normal -0 0.773054 0.63434
    outer loop
      vertex 16.3444 -1.27279 14.7272
      vertex 23.3347 -1.49664 15
      vertex 23.3444 -1.27279 14.7272
    endloop
  endfacet
  facet normal 5.85756e-07 0.773061 0.634332
    outer loop
      vertex 23.3347 -1.49664 15
      vertex 16.3444 -1.27279 14.7272
      vertex 16.3376 -1.42935 14.918
    endloop
  endfacet
  facet normal 0 -0.634311 0.773078
    outer loop
      vertex -23.3444 1.27279 14.7272
      vertex -16.3563 1.00003 14.5034
      vertex -16.3444 1.27279 14.7272
    endloop
  endfacet
  facet normal 0 -0.634311 0.773078
    outer loop
      vertex -16.3563 1.00003 14.5034
      vertex -23.3444 1.27279 14.7272
      vertex -23.3563 1.00003 14.5034
    endloop
  endfacet
  facet normal 0 -0.634311 0.773078
    outer loop
      vertex 23.3444 1.27279 14.7272
      vertex 16.3563 1.00003 14.5034
      vertex 23.3563 1.00003 14.5034
    endloop
  endfacet
  facet normal 0 -0.634311 0.773078
    outer loop
      vertex 16.3563 1.00003 14.5034
      vertex 23.3444 1.27279 14.7272
      vertex 16.3444 1.27279 14.7272
    endloop
  endfacet
  facet normal 0 0.881921 -0.471397
    outer loop
      vertex -23.3274 -1.66298 16.6888
      vertex -16.3287 -1.49664 17
      vertex -16.3068 -1.66298 16.6888
    endloop
  endfacet
  facet normal 0 0.881921 -0.471397
    outer loop
      vertex -16.3287 -1.49664 17
      vertex -23.3274 -1.66298 16.6888
      vertex -23.3347 -1.49664 17
    endloop
  endfacet
  facet normal 0 0.881921 -0.471397
    outer loop
      vertex 23.3274 -1.66298 16.6888
      vertex 16.3287 -1.49664 17
      vertex 23.3347 -1.49664 17
    endloop
  endfacet
  facet normal 0 0.881921 -0.471397
    outer loop
      vertex 16.3287 -1.49664 17
      vertex 23.3274 -1.66298 16.6888
      vertex 16.3068 -1.66298 16.6888
    endloop
  endfacet
  facet normal 0 0.290206 0.956964
    outer loop
      vertex -16.3847 -0.351162 14.2346
      vertex -23.3699 -0.688829 14.337
      vertex -16.3699 -0.688829 14.337
    endloop
  endfacet
  facet normal 0 0.290206 0.956964
    outer loop
      vertex -23.3699 -0.688829 14.337
      vertex -16.3847 -0.351162 14.2346
      vertex -23.3847 -0.351162 14.2346
    endloop
  endfacet
  facet normal -0 0.290206 0.956964
    outer loop
      vertex 16.3847 -0.351162 14.2346
      vertex 23.3699 -0.688829 14.337
      vertex 23.3847 -0.351162 14.2346
    endloop
  endfacet
  facet normal 0 0.290206 0.956964
    outer loop
      vertex 23.3699 -0.688829 14.337
      vertex 16.3847 -0.351162 14.2346
      vertex 16.3699 -0.688829 14.337
    endloop
  endfacet
  facet normal 0 0.634498 -0.772924
    outer loop
      vertex -23.3444 -1.27279 17.2728
      vertex -20.3975 -1.20104 17.3317
      vertex -20.0368 -1.27279 17.2728
    endloop
  endfacet
  facet normal 9.966e-06 0.634254 -0.773125
    outer loop
      vertex -23.3444 -1.27279 17.2728
      vertex -20.6983 -1.00003 17.4966
      vertex -20.3975 -1.20104 17.3317
    endloop
  endfacet
  facet normal 0 0.634311 -0.773078
    outer loop
      vertex -20.6983 -1.00003 17.4966
      vertex -23.3444 -1.27279 17.2728
      vertex -23.3563 -1.00003 17.4966
    endloop
  endfacet
  facet normal 0 0.634311 -0.773078
    outer loop
      vertex -16.3444 -1.27279 17.2728
      vertex -19.1017 -1.00003 17.4966
      vertex -16.3563 -1.00003 17.4966
    endloop
  endfacet
  facet normal -9.6159e-06 0.634253 -0.773125
    outer loop
      vertex -16.3444 -1.27279 17.2728
      vertex -19.4025 -1.20104 17.3317
      vertex -19.1017 -1.00003 17.4966
    endloop
  endfacet
  facet normal 0 0.634498 -0.772924
    outer loop
      vertex -19.4025 -1.20104 17.3317
      vertex -16.3444 -1.27279 17.2728
      vertex -19.7632 -1.27279 17.2728
    endloop
  endfacet
  facet normal 9.6159e-06 0.634253 -0.773125
    outer loop
      vertex 16.3444 -1.27279 17.2728
      vertex 19.1017 -1.00003 17.4966
      vertex 19.4025 -1.20104 17.3317
    endloop
  endfacet
  facet normal 0 0.634498 -0.772924
    outer loop
      vertex 16.3444 -1.27279 17.2728
      vertex 19.4025 -1.20104 17.3317
      vertex 19.7632 -1.27279 17.2728
    endloop
  endfacet
  facet normal 0 0.634311 -0.773078
    outer loop
      vertex 19.1017 -1.00003 17.4966
      vertex 16.3444 -1.27279 17.2728
      vertex 16.3563 -1.00003 17.4966
    endloop
  endfacet
  facet normal 0 0.634311 -0.773078
    outer loop
      vertex 23.3444 -1.27279 17.2728
      vertex 20.6983 -1.00003 17.4966
      vertex 23.3563 -1.00003 17.4966
    endloop
  endfacet
  facet normal -9.966e-06 0.634254 -0.773125
    outer loop
      vertex 23.3444 -1.27279 17.2728
      vertex 20.3975 -1.20104 17.3317
      vertex 20.6983 -1.00003 17.4966
    endloop
  endfacet
  facet normal 0 0.634498 -0.772924
    outer loop
      vertex 20.3975 -1.20104 17.3317
      vertex 23.3444 -1.27279 17.2728
      vertex 20.0368 -1.27279 17.2728
    endloop
  endfacet
  facet normal 0 -0.773054 -0.63434
    outer loop
      vertex -23.3347 1.49664 17
      vertex -20.0368 1.27279 17.2728
      vertex -23.3444 1.27279 17.2728
    endloop
  endfacet
  facet normal -4.70502e-05 -0.773333 -0.634001
    outer loop
      vertex -20.0368 1.27279 17.2728
      vertex -23.3347 1.49664 17
      vertex -19.9 1.3 17.2396
    endloop
  endfacet
  facet normal -0 -0.773002 -0.634404
    outer loop
      vertex -16.3287 1.49664 17
      vertex -19.9 1.3 17.2396
      vertex -23.3347 1.49664 17
    endloop
  endfacet
  facet normal 4.77574e-06 -0.773037 -0.634361
    outer loop
      vertex -19.9 1.3 17.2396
      vertex -16.3287 1.49664 17
      vertex -16.3376 1.42935 17.082
    endloop
  endfacet
  facet normal 3.38697e-05 -0.773359 -0.633968
    outer loop
      vertex -16.3376 1.42935 17.082
      vertex -19.7632 1.27279 17.2728
      vertex -19.9 1.3 17.2396
    endloop
  endfacet
  facet normal 0 -0.773061 -0.634332
    outer loop
      vertex -19.7632 1.27279 17.2728
      vertex -16.3376 1.42935 17.082
      vertex -16.3444 1.27279 17.2728
    endloop
  endfacet
  facet normal 0 -0.773061 -0.634332
    outer loop
      vertex 16.3376 1.42935 17.082
      vertex 19.7632 1.27279 17.2728
      vertex 16.3444 1.27279 17.2728
    endloop
  endfacet
  facet normal 2.80197e-06 -0.773036 -0.634362
    outer loop
      vertex 16.3287 1.49664 17
      vertex 19.7632 1.27279 17.2728
      vertex 16.3376 1.42935 17.082
    endloop
  endfacet
  facet normal 4.70502e-05 -0.773333 -0.634001
    outer loop
      vertex 23.3347 1.49664 17
      vertex 20.0368 1.27279 17.2728
      vertex 19.9 1.3 17.2396
    endloop
  endfacet
  facet normal -4.56405e-05 -0.773335 -0.633997
    outer loop
      vertex 19.7632 1.27279 17.2728
      vertex 16.3287 1.49664 17
      vertex 19.9 1.3 17.2396
    endloop
  endfacet
  facet normal 0 -0.773002 -0.634404
    outer loop
      vertex 19.9 1.3 17.2396
      vertex 16.3287 1.49664 17
      vertex 23.3347 1.49664 17
    endloop
  endfacet
  facet normal 0 -0.773054 -0.63434
    outer loop
      vertex 20.0368 1.27279 17.2728
      vertex 23.3347 1.49664 17
      vertex 23.3444 1.27279 17.2728
    endloop
  endfacet
  facet normal 0 -0.881921 -0.471397
    outer loop
      vertex -23.3274 1.66298 16.6888
      vertex -16.3287 1.49664 17
      vertex -23.3347 1.49664 17
    endloop
  endfacet
  facet normal 0 -0.881921 -0.471397
    outer loop
      vertex -16.3287 1.49664 17
      vertex -23.3274 1.66298 16.6888
      vertex -16.3068 1.66298 16.6888
    endloop
  endfacet
  facet normal -0 -0.881921 -0.471397
    outer loop
      vertex 23.3274 1.66298 16.6888
      vertex 16.3287 1.49664 17
      vertex 16.3068 1.66298 16.6888
    endloop
  endfacet
  facet normal 0 -0.881921 -0.471397
    outer loop
      vertex 16.3287 1.49664 17
      vertex 23.3274 1.66298 16.6888
      vertex 23.3347 1.49664 17
    endloop
  endfacet
  facet normal 0 0.881921 0.471397
    outer loop
      vertex -16.3287 -1.49664 15
      vertex -23.3274 -1.66298 15.3112
      vertex -16.3068 -1.66298 15.3112
    endloop
  endfacet
  facet normal 0 0.881921 0.471397
    outer loop
      vertex -23.3274 -1.66298 15.3112
      vertex -16.3287 -1.49664 15
      vertex -23.3347 -1.49664 15
    endloop
  endfacet
  facet normal -0 0.881921 0.471397
    outer loop
      vertex 16.3287 -1.49664 15
      vertex 23.3274 -1.66298 15.3112
      vertex 23.3347 -1.49664 15
    endloop
  endfacet
  facet normal 0 0.881921 0.471397
    outer loop
      vertex 23.3274 -1.66298 15.3112
      vertex 16.3287 -1.49664 15
      vertex 16.3068 -1.66298 15.3112
    endloop
  endfacet
  facet normal 0 -0.995185 0.0980166
    outer loop
      vertex -16.2933 1.76541 15.6488
      vertex -23.3214 1.8 16
      vertex -23.3229 1.76541 15.6488
    endloop
  endfacet
  facet normal 0 -0.995185 0.0980166
    outer loop
      vertex -23.3214 1.8 16
      vertex -16.2933 1.76541 15.6488
      vertex -16.2888 1.8 16
    endloop
  endfacet
  facet normal 0 -0.995185 0.0980166
    outer loop
      vertex 16.2933 1.76541 15.6488
      vertex 23.3214 1.8 16
      vertex 16.2888 1.8 16
    endloop
  endfacet
  facet normal 0 -0.995185 0.0980166
    outer loop
      vertex 23.3214 1.8 16
      vertex 16.2933 1.76541 15.6488
      vertex 23.3229 1.76541 15.6488
    endloop
  endfacet
  facet normal 0 -0.634498 -0.772924
    outer loop
      vertex -20.3975 1.20104 17.3317
      vertex -23.3444 1.27279 17.2728
      vertex -20.0368 1.27279 17.2728
    endloop
  endfacet
  facet normal 9.966e-06 -0.634254 -0.773125
    outer loop
      vertex -20.6983 1.00003 17.4966
      vertex -23.3444 1.27279 17.2728
      vertex -20.3975 1.20104 17.3317
    endloop
  endfacet
  facet normal 0 -0.634311 -0.773078
    outer loop
      vertex -23.3444 1.27279 17.2728
      vertex -20.6983 1.00003 17.4966
      vertex -23.3563 1.00003 17.4966
    endloop
  endfacet
  facet normal 0 -0.634311 -0.773078
    outer loop
      vertex -19.1017 1.00003 17.4966
      vertex -16.3444 1.27279 17.2728
      vertex -16.3563 1.00003 17.4966
    endloop
  endfacet
  facet normal -9.6159e-06 -0.634253 -0.773125
    outer loop
      vertex -19.4025 1.20104 17.3317
      vertex -16.3444 1.27279 17.2728
      vertex -19.1017 1.00003 17.4966
    endloop
  endfacet
  facet normal -0 -0.634498 -0.772924
    outer loop
      vertex -16.3444 1.27279 17.2728
      vertex -19.4025 1.20104 17.3317
      vertex -19.7632 1.27279 17.2728
    endloop
  endfacet
  facet normal 0 -0.634311 -0.773078
    outer loop
      vertex 16.3444 1.27279 17.2728
      vertex 19.1017 1.00003 17.4966
      vertex 16.3563 1.00003 17.4966
    endloop
  endfacet
  facet normal 9.6159e-06 -0.634253 -0.773125
    outer loop
      vertex 19.1017 1.00003 17.4966
      vertex 16.3444 1.27279 17.2728
      vertex 19.4025 1.20104 17.3317
    endloop
  endfacet
  facet normal 0 -0.634498 -0.772924
    outer loop
      vertex 19.4025 1.20104 17.3317
      vertex 16.3444 1.27279 17.2728
      vertex 19.7632 1.27279 17.2728
    endloop
  endfacet
  facet normal 0 -0.634311 -0.773078
    outer loop
      vertex 20.6983 1.00003 17.4966
      vertex 23.3444 1.27279 17.2728
      vertex 23.3563 1.00003 17.4966
    endloop
  endfacet
  facet normal -9.966e-06 -0.634254 -0.773125
    outer loop
      vertex 20.3975 1.20104 17.3317
      vertex 23.3444 1.27279 17.2728
      vertex 20.6983 1.00003 17.4966
    endloop
  endfacet
  facet normal -0 -0.634498 -0.772924
    outer loop
      vertex 23.3444 1.27279 17.2728
      vertex 20.3975 1.20104 17.3317
      vertex 20.0368 1.27279 17.2728
    endloop
  endfacet
  facet normal 0 -0.956924 -0.290337
    outer loop
      vertex -23.3229 1.76541 16.3512
      vertex -16.3068 1.66298 16.6888
      vertex -23.3274 1.66298 16.6888
    endloop
  endfacet
  facet normal 0 -0.956924 -0.290337
    outer loop
      vertex -16.3068 1.66298 16.6888
      vertex -23.3229 1.76541 16.3512
      vertex -16.2933 1.76541 16.3512
    endloop
  endfacet
  facet normal -0 -0.956924 -0.290337
    outer loop
      vertex 23.3229 1.76541 16.3512
      vertex 16.3068 1.66298 16.6888
      vertex 16.2933 1.76541 16.3512
    endloop
  endfacet
  facet normal 0 -0.956924 -0.290337
    outer loop
      vertex 16.3068 1.66298 16.6888
      vertex 23.3229 1.76541 16.3512
      vertex 23.3274 1.66298 16.6888
    endloop
  endfacet
  facet normal 0 0.471531 -0.88185
    outer loop
      vertex -23.3563 -1.00003 17.4966
      vertex -20.8192 -0.919238 17.5398
      vertex -20.6983 -1.00003 17.4966
    endloop
  endfacet
  facet normal 1.39439e-07 0.471527 -0.881851
    outer loop
      vertex -23.3563 -1.00003 17.4966
      vertex -20.9732 -0.688829 17.663
      vertex -20.8192 -0.919238 17.5398
    endloop
  endfacet
  facet normal 0 0.471528 -0.881851
    outer loop
      vertex -20.9732 -0.688829 17.663
      vertex -23.3563 -1.00003 17.4966
      vertex -23.3699 -0.688829 17.663
    endloop
  endfacet
  facet normal 0 0.471528 -0.881851
    outer loop
      vertex -16.3563 -1.00003 17.4966
      vertex -18.8268 -0.688829 17.663
      vertex -16.3699 -0.688829 17.663
    endloop
  endfacet
  facet normal -1.34889e-07 0.471527 -0.881851
    outer loop
      vertex -16.3563 -1.00003 17.4966
      vertex -18.9808 -0.919238 17.5398
      vertex -18.8268 -0.688829 17.663
    endloop
  endfacet
  facet normal 0 0.471531 -0.88185
    outer loop
      vertex -18.9808 -0.919238 17.5398
      vertex -16.3563 -1.00003 17.4966
      vertex -19.1017 -1.00003 17.4966
    endloop
  endfacet
  facet normal 1.34889e-07 0.471527 -0.881851
    outer loop
      vertex 16.3563 -1.00003 17.4966
      vertex 18.8268 -0.688829 17.663
      vertex 18.9808 -0.919238 17.5398
    endloop
  endfacet
  facet normal 0 0.471531 -0.88185
    outer loop
      vertex 16.3563 -1.00003 17.4966
      vertex 18.9808 -0.919238 17.5398
      vertex 19.1017 -1.00003 17.4966
    endloop
  endfacet
  facet normal 0 0.471528 -0.881851
    outer loop
      vertex 18.8268 -0.688829 17.663
      vertex 16.3563 -1.00003 17.4966
      vertex 16.3699 -0.688829 17.663
    endloop
  endfacet
  facet normal 0 0.471528 -0.881851
    outer loop
      vertex 23.3563 -1.00003 17.4966
      vertex 20.9732 -0.688829 17.663
      vertex 23.3699 -0.688829 17.663
    endloop
  endfacet
  facet normal -1.39439e-07 0.471527 -0.881851
    outer loop
      vertex 23.3563 -1.00003 17.4966
      vertex 20.8192 -0.919238 17.5398
      vertex 20.9732 -0.688829 17.663
    endloop
  endfacet
  facet normal 0 0.471531 -0.88185
    outer loop
      vertex 20.8192 -0.919238 17.5398
      vertex 23.3563 -1.00003 17.4966
      vertex 20.6983 -1.00003 17.4966
    endloop
  endfacet
  facet normal 0 -0.290206 0.956964
    outer loop
      vertex -23.3699 0.688829 14.337
      vertex -16.3847 0.351162 14.2346
      vertex -16.3699 0.688829 14.337
    endloop
  endfacet
  facet normal 0 -0.290206 0.956964
    outer loop
      vertex -16.3847 0.351162 14.2346
      vertex -23.3699 0.688829 14.337
      vertex -23.3847 0.351162 14.2346
    endloop
  endfacet
  facet normal 0 -0.290206 0.956964
    outer loop
      vertex 23.3699 0.688829 14.337
      vertex 16.3847 0.351162 14.2346
      vertex 23.3847 0.351162 14.2346
    endloop
  endfacet
  facet normal 0 -0.290206 0.956964
    outer loop
      vertex 16.3847 0.351162 14.2346
      vertex 23.3699 0.688829 14.337
      vertex 16.3699 0.688829 14.337
    endloop
  endfacet
  facet normal 0 0.773061 -0.634332
    outer loop
      vertex -16.3376 -1.42935 17.082
      vertex -19.7632 -1.27279 17.2728
      vertex -16.3444 -1.27279 17.2728
    endloop
  endfacet
  facet normal -2.80197e-06 0.773036 -0.634362
    outer loop
      vertex -16.3287 -1.49664 17
      vertex -19.7632 -1.27279 17.2728
      vertex -16.3376 -1.42935 17.082
    endloop
  endfacet
  facet normal -4.70502e-05 0.773333 -0.634001
    outer loop
      vertex -23.3347 -1.49664 17
      vertex -20.0368 -1.27279 17.2728
      vertex -19.9 -1.3 17.2396
    endloop
  endfacet
  facet normal 4.56405e-05 0.773335 -0.633997
    outer loop
      vertex -19.7632 -1.27279 17.2728
      vertex -16.3287 -1.49664 17
      vertex -19.9 -1.3 17.2396
    endloop
  endfacet
  facet normal 0 0.773002 -0.634404
    outer loop
      vertex -19.9 -1.3 17.2396
      vertex -16.3287 -1.49664 17
      vertex -23.3347 -1.49664 17
    endloop
  endfacet
  facet normal 0 0.773054 -0.63434
    outer loop
      vertex -20.0368 -1.27279 17.2728
      vertex -23.3347 -1.49664 17
      vertex -23.3444 -1.27279 17.2728
    endloop
  endfacet
  facet normal 0 0.773054 -0.63434
    outer loop
      vertex 23.3347 -1.49664 17
      vertex 20.0368 -1.27279 17.2728
      vertex 23.3444 -1.27279 17.2728
    endloop
  endfacet
  facet normal 4.70502e-05 0.773333 -0.634001
    outer loop
      vertex 20.0368 -1.27279 17.2728
      vertex 23.3347 -1.49664 17
      vertex 19.9 -1.3 17.2396
    endloop
  endfacet
  facet normal 0 0.773002 -0.634404
    outer loop
      vertex 16.3287 -1.49664 17
      vertex 19.9 -1.3 17.2396
      vertex 23.3347 -1.49664 17
    endloop
  endfacet
  facet normal -4.77574e-06 0.773037 -0.634361
    outer loop
      vertex 19.9 -1.3 17.2396
      vertex 16.3287 -1.49664 17
      vertex 16.3376 -1.42935 17.082
    endloop
  endfacet
  facet normal -3.38697e-05 0.773359 -0.633968
    outer loop
      vertex 16.3376 -1.42935 17.082
      vertex 19.7632 -1.27279 17.2728
      vertex 19.9 -1.3 17.2396
    endloop
  endfacet
  facet normal 0 0.773061 -0.634332
    outer loop
      vertex 19.7632 -1.27279 17.2728
      vertex 16.3376 -1.42935 17.082
      vertex 16.3444 -1.27279 17.2728
    endloop
  endfacet
  facet normal 0 0.471528 0.881851
    outer loop
      vertex -16.3699 -0.688829 14.337
      vertex -23.3563 -1.00003 14.5034
      vertex -16.3563 -1.00003 14.5034
    endloop
  endfacet
  facet normal 0 0.471528 0.881851
    outer loop
      vertex -23.3563 -1.00003 14.5034
      vertex -16.3699 -0.688829 14.337
      vertex -23.3699 -0.688829 14.337
    endloop
  endfacet
  facet normal -0 0.471528 0.881851
    outer loop
      vertex 16.3699 -0.688829 14.337
      vertex 23.3563 -1.00003 14.5034
      vertex 23.3699 -0.688829 14.337
    endloop
  endfacet
  facet normal 0 0.471528 0.881851
    outer loop
      vertex 23.3563 -1.00003 14.5034
      vertex 16.3699 -0.688829 14.337
      vertex 16.3563 -1.00003 14.5034
    endloop
  endfacet
  facet normal 0 0.956924 0.290337
    outer loop
      vertex -16.3068 -1.66298 15.3112
      vertex -23.3229 -1.76541 15.6488
      vertex -16.2933 -1.76541 15.6488
    endloop
  endfacet
  facet normal 0 0.956924 0.290337
    outer loop
      vertex -23.3229 -1.76541 15.6488
      vertex -16.3068 -1.66298 15.3112
      vertex -23.3274 -1.66298 15.3112
    endloop
  endfacet
  facet normal -0 0.956924 0.290337
    outer loop
      vertex 16.3068 -1.66298 15.3112
      vertex 23.3229 -1.76541 15.6488
      vertex 23.3274 -1.66298 15.3112
    endloop
  endfacet
  facet normal 0 0.956924 0.290337
    outer loop
      vertex 23.3229 -1.76541 15.6488
      vertex 16.3068 -1.66298 15.3112
      vertex 16.2933 -1.76541 15.6488
    endloop
  endfacet
  facet normal 0 -0.773037 0.634361
    outer loop
      vertex -23.3347 1.49664 15
      vertex -16.3376 1.42935 14.918
      vertex -16.3287 1.49664 15
    endloop
  endfacet
  facet normal 0 -0.773054 0.63434
    outer loop
      vertex -16.3444 1.27279 14.7272
      vertex -23.3347 1.49664 15
      vertex -23.3444 1.27279 14.7272
    endloop
  endfacet
  facet normal -5.85756e-07 -0.773061 0.634332
    outer loop
      vertex -23.3347 1.49664 15
      vertex -16.3444 1.27279 14.7272
      vertex -16.3376 1.42935 14.918
    endloop
  endfacet
  facet normal 0 -0.773037 0.634361
    outer loop
      vertex 16.3376 1.42935 14.918
      vertex 23.3347 1.49664 15
      vertex 16.3287 1.49664 15
    endloop
  endfacet
  facet normal 5.85756e-07 -0.773061 0.634332
    outer loop
      vertex 16.3444 1.27279 14.7272
      vertex 23.3347 1.49664 15
      vertex 16.3376 1.42935 14.918
    endloop
  endfacet
  facet normal 0 -0.773054 0.63434
    outer loop
      vertex 23.3347 1.49664 15
      vertex 16.3444 1.27279 14.7272
      vertex 23.3444 1.27279 14.7272
    endloop
  endfacet
  facet normal 0 -0.881921 0.471397
    outer loop
      vertex -16.3287 1.49664 15
      vertex -23.3274 1.66298 15.3112
      vertex -23.3347 1.49664 15
    endloop
  endfacet
  facet normal 0 -0.881921 0.471397
    outer loop
      vertex -23.3274 1.66298 15.3112
      vertex -16.3287 1.49664 15
      vertex -16.3068 1.66298 15.3112
    endloop
  endfacet
  facet normal 0 -0.881921 0.471397
    outer loop
      vertex 16.3287 1.49664 15
      vertex 23.3274 1.66298 15.3112
      vertex 16.3068 1.66298 15.3112
    endloop
  endfacet
  facet normal 0 -0.881921 0.471397
    outer loop
      vertex 23.3274 1.66298 15.3112
      vertex 16.3287 1.49664 15
      vertex 23.3347 1.49664 15
    endloop
  endfacet
  facet normal 0 0.290089 -0.957
    outer loop
      vertex -23.3699 -0.688829 17.663
      vertex -21.101 -0.497488 17.721
      vertex -20.9732 -0.688829 17.663
    endloop
  endfacet
  facet normal -2.44707e-05 0.290355 -0.956919
    outer loop
      vertex -23.3699 -0.688829 17.663
      vertex -21.1301 -0.351162 17.7654
      vertex -21.101 -0.497488 17.721
    endloop
  endfacet
  facet normal 0 0.290206 -0.956964
    outer loop
      vertex -21.1301 -0.351162 17.7654
      vertex -23.3699 -0.688829 17.663
      vertex -23.3847 -0.351162 17.7654
    endloop
  endfacet
  facet normal 0 0.290206 -0.956964
    outer loop
      vertex -16.3699 -0.688829 17.663
      vertex -18.6698 -0.351162 17.7654
      vertex -16.3847 -0.351162 17.7654
    endloop
  endfacet
  facet normal 2.38471e-05 0.290355 -0.956919
    outer loop
      vertex -16.3699 -0.688829 17.663
      vertex -18.699 -0.497488 17.721
      vertex -18.6698 -0.351162 17.7654
    endloop
  endfacet
  facet normal 0 0.290089 -0.957
    outer loop
      vertex -18.699 -0.497488 17.721
      vertex -16.3699 -0.688829 17.663
      vertex -18.8268 -0.688829 17.663
    endloop
  endfacet
  facet normal -2.38471e-05 0.290355 -0.956919
    outer loop
      vertex 16.3699 -0.688829 17.663
      vertex 18.6698 -0.351162 17.7654
      vertex 18.699 -0.497488 17.721
    endloop
  endfacet
  facet normal 0 0.290089 -0.957
    outer loop
      vertex 16.3699 -0.688829 17.663
      vertex 18.699 -0.497488 17.721
      vertex 18.8268 -0.688829 17.663
    endloop
  endfacet
  facet normal 0 0.290206 -0.956964
    outer loop
      vertex 18.6698 -0.351162 17.7654
      vertex 16.3699 -0.688829 17.663
      vertex 16.3847 -0.351162 17.7654
    endloop
  endfacet
  facet normal 0 0.290206 -0.956964
    outer loop
      vertex 23.3699 -0.688829 17.663
      vertex 21.1301 -0.351162 17.7654
      vertex 23.3847 -0.351162 17.7654
    endloop
  endfacet
  facet normal 2.44707e-05 0.290355 -0.956919
    outer loop
      vertex 23.3699 -0.688829 17.663
      vertex 21.101 -0.497488 17.721
      vertex 21.1301 -0.351162 17.7654
    endloop
  endfacet
  facet normal 0 0.290089 -0.957
    outer loop
      vertex 21.101 -0.497488 17.721
      vertex 23.3699 -0.688829 17.663
      vertex 20.9732 -0.688829 17.663
    endloop
  endfacet
  facet normal 0 0.995185 0.0980166
    outer loop
      vertex -16.2933 -1.76541 15.6488
      vertex -23.3214 -1.8 16
      vertex -16.2888 -1.8 16
    endloop
  endfacet
  facet normal 0 0.995185 0.0980166
    outer loop
      vertex -23.3214 -1.8 16
      vertex -16.2933 -1.76541 15.6488
      vertex -23.3229 -1.76541 15.6488
    endloop
  endfacet
  facet normal -0 0.995185 0.0980166
    outer loop
      vertex 16.2933 -1.76541 15.6488
      vertex 23.3214 -1.8 16
      vertex 23.3229 -1.76541 15.6488
    endloop
  endfacet
  facet normal 0 0.995185 0.0980166
    outer loop
      vertex 23.3214 -1.8 16
      vertex 16.2933 -1.76541 15.6488
      vertex 16.2888 -1.8 16
    endloop
  endfacet
  facet normal 0 0.0980552 -0.995181
    outer loop
      vertex -23.3847 -0.351162 17.7654
      vertex -21.2 0 17.8
      vertex -21.1301 -0.351162 17.7654
    endloop
  endfacet
  facet normal 0 0.0980552 -0.995181
    outer loop
      vertex -21.2 0 17.8
      vertex -23.3847 -0.351162 17.7654
      vertex -23.4 0 17.8
    endloop
  endfacet
  facet normal 0 0.0980552 -0.995181
    outer loop
      vertex -16.3847 -0.351162 17.7654
      vertex -18.6 0 17.8
      vertex -16.4 0 17.8
    endloop
  endfacet
  facet normal 0 0.0980552 -0.995181
    outer loop
      vertex -18.6 0 17.8
      vertex -16.3847 -0.351162 17.7654
      vertex -18.6698 -0.351162 17.7654
    endloop
  endfacet
  facet normal 0 0.0980552 -0.995181
    outer loop
      vertex 16.3847 -0.351162 17.7654
      vertex 18.6 0 17.8
      vertex 18.6698 -0.351162 17.7654
    endloop
  endfacet
  facet normal 0 0.0980552 -0.995181
    outer loop
      vertex 18.6 0 17.8
      vertex 16.3847 -0.351162 17.7654
      vertex 16.4 0 17.8
    endloop
  endfacet
  facet normal 0 0.0980552 -0.995181
    outer loop
      vertex 23.3847 -0.351162 17.7654
      vertex 21.2 0 17.8
      vertex 23.4 0 17.8
    endloop
  endfacet
  facet normal 0 0.0980552 -0.995181
    outer loop
      vertex 21.2 0 17.8
      vertex 23.3847 -0.351162 17.7654
      vertex 21.1301 -0.351162 17.7654
    endloop
  endfacet
  facet normal 0 -0.0980552 -0.995181
    outer loop
      vertex -21.2 0 17.8
      vertex -23.3847 0.351162 17.7654
      vertex -21.1301 0.351162 17.7654
    endloop
  endfacet
  facet normal 0 -0.0980552 -0.995181
    outer loop
      vertex -23.3847 0.351162 17.7654
      vertex -21.2 0 17.8
      vertex -23.4 0 17.8
    endloop
  endfacet
  facet normal 0 -0.0980552 -0.995181
    outer loop
      vertex -18.6 0 17.8
      vertex -16.3847 0.351162 17.7654
      vertex -16.4 0 17.8
    endloop
  endfacet
  facet normal -0 -0.0980552 -0.995181
    outer loop
      vertex -16.3847 0.351162 17.7654
      vertex -18.6 0 17.8
      vertex -18.6698 0.351162 17.7654
    endloop
  endfacet
  facet normal 0 -0.0980552 -0.995181
    outer loop
      vertex 16.3847 0.351162 17.7654
      vertex 18.6 0 17.8
      vertex 16.4 0 17.8
    endloop
  endfacet
  facet normal 0 -0.0980552 -0.995181
    outer loop
      vertex 18.6 0 17.8
      vertex 16.3847 0.351162 17.7654
      vertex 18.6698 0.351162 17.7654
    endloop
  endfacet
  facet normal 0 -0.0980552 -0.995181
    outer loop
      vertex 21.2 0 17.8
      vertex 23.3847 0.351162 17.7654
      vertex 23.4 0 17.8
    endloop
  endfacet
  facet normal -0 -0.0980552 -0.995181
    outer loop
      vertex 23.3847 0.351162 17.7654
      vertex 21.2 0 17.8
      vertex 21.1301 0.351162 17.7654
    endloop
  endfacet
  facet normal 0 -0.290089 -0.957
    outer loop
      vertex -21.101 0.497488 17.721
      vertex -23.3699 0.688829 17.663
      vertex -20.9732 0.688829 17.663
    endloop
  endfacet
  facet normal -2.44707e-05 -0.290355 -0.956919
    outer loop
      vertex -21.1301 0.351162 17.7654
      vertex -23.3699 0.688829 17.663
      vertex -21.101 0.497488 17.721
    endloop
  endfacet
  facet normal 0 -0.290206 -0.956964
    outer loop
      vertex -23.3699 0.688829 17.663
      vertex -21.1301 0.351162 17.7654
      vertex -23.3847 0.351162 17.7654
    endloop
  endfacet
  facet normal 0 -0.290206 -0.956964
    outer loop
      vertex -18.6698 0.351162 17.7654
      vertex -16.3699 0.688829 17.663
      vertex -16.3847 0.351162 17.7654
    endloop
  endfacet
  facet normal 2.38471e-05 -0.290355 -0.956919
    outer loop
      vertex -18.699 0.497488 17.721
      vertex -16.3699 0.688829 17.663
      vertex -18.6698 0.351162 17.7654
    endloop
  endfacet
  facet normal -0 -0.290089 -0.957
    outer loop
      vertex -16.3699 0.688829 17.663
      vertex -18.699 0.497488 17.721
      vertex -18.8268 0.688829 17.663
    endloop
  endfacet
  facet normal 0 -0.290206 -0.956964
    outer loop
      vertex 16.3699 0.688829 17.663
      vertex 18.6698 0.351162 17.7654
      vertex 16.3847 0.351162 17.7654
    endloop
  endfacet
  facet normal -2.38471e-05 -0.290355 -0.956919
    outer loop
      vertex 18.6698 0.351162 17.7654
      vertex 16.3699 0.688829 17.663
      vertex 18.699 0.497488 17.721
    endloop
  endfacet
  facet normal 0 -0.290089 -0.957
    outer loop
      vertex 18.699 0.497488 17.721
      vertex 16.3699 0.688829 17.663
      vertex 18.8268 0.688829 17.663
    endloop
  endfacet
  facet normal 0 -0.290206 -0.956964
    outer loop
      vertex 21.1301 0.351162 17.7654
      vertex 23.3699 0.688829 17.663
      vertex 23.3847 0.351162 17.7654
    endloop
  endfacet
  facet normal 2.44707e-05 -0.290355 -0.956919
    outer loop
      vertex 21.101 0.497488 17.721
      vertex 23.3699 0.688829 17.663
      vertex 21.1301 0.351162 17.7654
    endloop
  endfacet
  facet normal -0 -0.290089 -0.957
    outer loop
      vertex 23.3699 0.688829 17.663
      vertex 21.101 0.497488 17.721
      vertex 20.9732 0.688829 17.663
    endloop
  endfacet
  facet normal 0 -0.995185 -0.0980166
    outer loop
      vertex -23.3214 1.8 16
      vertex -16.2933 1.76541 16.3512
      vertex -23.3229 1.76541 16.3512
    endloop
  endfacet
  facet normal 0 -0.995185 -0.0980166
    outer loop
      vertex -16.2933 1.76541 16.3512
      vertex -23.3214 1.8 16
      vertex -16.2888 1.8 16
    endloop
  endfacet
  facet normal -0 -0.995185 -0.0980166
    outer loop
      vertex 23.3214 1.8 16
      vertex 16.2933 1.76541 16.3512
      vertex 16.2888 1.8 16
    endloop
  endfacet
  facet normal 0 -0.995185 -0.0980166
    outer loop
      vertex 16.2933 1.76541 16.3512
      vertex 23.3214 1.8 16
      vertex 23.3229 1.76541 16.3512
    endloop
  endfacet
  facet normal 0 0.995185 -0.0980166
    outer loop
      vertex -23.3214 -1.8 16
      vertex -16.2933 -1.76541 16.3512
      vertex -16.2888 -1.8 16
    endloop
  endfacet
  facet normal 0 0.995185 -0.0980166
    outer loop
      vertex -16.2933 -1.76541 16.3512
      vertex -23.3214 -1.8 16
      vertex -23.3229 -1.76541 16.3512
    endloop
  endfacet
  facet normal 0 0.995185 -0.0980166
    outer loop
      vertex 23.3214 -1.8 16
      vertex 16.2933 -1.76541 16.3512
      vertex 23.3229 -1.76541 16.3512
    endloop
  endfacet
  facet normal 0 0.995185 -0.0980166
    outer loop
      vertex 16.2933 -1.76541 16.3512
      vertex 23.3214 -1.8 16
      vertex 16.2888 -1.8 16
    endloop
  endfacet
  facet normal 0 -0.471531 -0.88185
    outer loop
      vertex -20.8192 0.919238 17.5398
      vertex -23.3563 1.00003 17.4966
      vertex -20.6983 1.00003 17.4966
    endloop
  endfacet
  facet normal 1.39439e-07 -0.471527 -0.881851
    outer loop
      vertex -20.9732 0.688829 17.663
      vertex -23.3563 1.00003 17.4966
      vertex -20.8192 0.919238 17.5398
    endloop
  endfacet
  facet normal 0 -0.471528 -0.881851
    outer loop
      vertex -23.3563 1.00003 17.4966
      vertex -20.9732 0.688829 17.663
      vertex -23.3699 0.688829 17.663
    endloop
  endfacet
  facet normal 0 -0.471528 -0.881851
    outer loop
      vertex -18.8268 0.688829 17.663
      vertex -16.3563 1.00003 17.4966
      vertex -16.3699 0.688829 17.663
    endloop
  endfacet
  facet normal -1.34889e-07 -0.471527 -0.881851
    outer loop
      vertex -18.9808 0.919238 17.5398
      vertex -16.3563 1.00003 17.4966
      vertex -18.8268 0.688829 17.663
    endloop
  endfacet
  facet normal -0 -0.471531 -0.88185
    outer loop
      vertex -16.3563 1.00003 17.4966
      vertex -18.9808 0.919238 17.5398
      vertex -19.1017 1.00003 17.4966
    endloop
  endfacet
  facet normal 0 -0.471528 -0.881851
    outer loop
      vertex 16.3563 1.00003 17.4966
      vertex 18.8268 0.688829 17.663
      vertex 16.3699 0.688829 17.663
    endloop
  endfacet
  facet normal 1.34889e-07 -0.471527 -0.881851
    outer loop
      vertex 18.8268 0.688829 17.663
      vertex 16.3563 1.00003 17.4966
      vertex 18.9808 0.919238 17.5398
    endloop
  endfacet
  facet normal 0 -0.471531 -0.88185
    outer loop
      vertex 18.9808 0.919238 17.5398
      vertex 16.3563 1.00003 17.4966
      vertex 19.1017 1.00003 17.4966
    endloop
  endfacet
  facet normal 0 -0.471528 -0.881851
    outer loop
      vertex 20.9732 0.688829 17.663
      vertex 23.3563 1.00003 17.4966
      vertex 23.3699 0.688829 17.663
    endloop
  endfacet
  facet normal -1.39439e-07 -0.471527 -0.881851
    outer loop
      vertex 20.8192 0.919238 17.5398
      vertex 23.3563 1.00003 17.4966
      vertex 20.9732 0.688829 17.663
    endloop
  endfacet
  facet normal -0 -0.471531 -0.88185
    outer loop
      vertex 23.3563 1.00003 17.4966
      vertex 20.8192 0.919238 17.5398
      vertex 20.6983 1.00003 17.4966
    endloop
  endfacet
  facet normal 0 0.956924 -0.290337
    outer loop
      vertex -23.3229 -1.76541 16.3512
      vertex -16.3068 -1.66298 16.6888
      vertex -16.2933 -1.76541 16.3512
    endloop
  endfacet
  facet normal 0 0.956924 -0.290337
    outer loop
      vertex -16.3068 -1.66298 16.6888
      vertex -23.3229 -1.76541 16.3512
      vertex -23.3274 -1.66298 16.6888
    endloop
  endfacet
  facet normal 0 0.956924 -0.290337
    outer loop
      vertex 23.3229 -1.76541 16.3512
      vertex 16.3068 -1.66298 16.6888
      vertex 23.3274 -1.66298 16.6888
    endloop
  endfacet
  facet normal 0 0.956924 -0.290337
    outer loop
      vertex 16.3068 -1.66298 16.6888
      vertex 23.3229 -1.76541 16.3512
      vertex 16.2933 -1.76541 16.3512
    endloop
  endfacet
  facet normal -0.290318 0 0.95693
    outer loop
      vertex 0.497488 -21.101 8.27897
      vertex 0.688829 -23.3699 8.33702
      vertex 0.688829 -20.9732 8.33702
    endloop
  endfacet
  facet normal -0.290241 7.11753e-06 0.956954
    outer loop
      vertex 0.351162 -21.1301 8.23459
      vertex 0.688829 -23.3699 8.33702
      vertex 0.497488 -21.101 8.27897
    endloop
  endfacet
  facet normal -0.290284 0 0.95694
    outer loop
      vertex 0.688829 -23.3699 8.33702
      vertex 0.351162 -21.1301 8.23459
      vertex 0.351162 -23.3847 8.23459
    endloop
  endfacet
  facet normal -0.290318 0 0.95693
    outer loop
      vertex 0.688829 -16.3699 8.33702
      vertex 0.497488 -18.699 8.27897
      vertex 0.688829 -18.8268 8.33702
    endloop
  endfacet
  facet normal -0.290284 0 0.95694
    outer loop
      vertex 0.351162 -18.6698 8.23459
      vertex 0.688829 -16.3699 8.33702
      vertex 0.351162 -16.3847 8.23459
    endloop
  endfacet
  facet normal -0.290241 -6.93613e-06 0.956954
    outer loop
      vertex 0.688829 -16.3699 8.33702
      vertex 0.351162 -18.6698 8.23459
      vertex 0.497488 -18.699 8.27897
    endloop
  endfacet
  facet normal -0.290318 0 0.95693
    outer loop
      vertex 0.497488 18.699 8.27897
      vertex 0.688829 16.3699 8.33702
      vertex 0.688829 18.8268 8.33702
    endloop
  endfacet
  facet normal -0.290241 6.93613e-06 0.956954
    outer loop
      vertex 0.351162 18.6698 8.23459
      vertex 0.688829 16.3699 8.33702
      vertex 0.497488 18.699 8.27897
    endloop
  endfacet
  facet normal -0.290284 0 0.95694
    outer loop
      vertex 0.688829 16.3699 8.33702
      vertex 0.351162 18.6698 8.23459
      vertex 0.351162 16.3847 8.23459
    endloop
  endfacet
  facet normal -0.290318 0 0.95693
    outer loop
      vertex 0.688829 23.3699 8.33702
      vertex 0.497488 21.101 8.27897
      vertex 0.688829 20.9732 8.33702
    endloop
  endfacet
  facet normal -0.290284 0 0.95694
    outer loop
      vertex 0.351162 21.1301 8.23459
      vertex 0.688829 23.3699 8.33702
      vertex 0.351162 23.3847 8.23459
    endloop
  endfacet
  facet normal -0.290241 -7.11753e-06 0.956954
    outer loop
      vertex 0.688829 23.3699 8.33702
      vertex 0.351162 21.1301 8.23459
      vertex 0.497488 21.101 8.27897
    endloop
  endfacet
  facet normal -0.956924 0 -0.290337
    outer loop
      vertex 1.76541 -23.3229 10.3512
      vertex 1.66298 -16.3068 10.6888
      vertex 1.76541 -16.2933 10.3512
    endloop
  endfacet
  facet normal -0.956924 -0 -0.290337
    outer loop
      vertex 1.66298 -16.3068 10.6888
      vertex 1.76541 -23.3229 10.3512
      vertex 1.66298 -23.3274 10.6888
    endloop
  endfacet
  facet normal -0.956924 0 -0.290337
    outer loop
      vertex 1.76541 23.3229 10.3512
      vertex 1.66298 16.3068 10.6888
      vertex 1.66298 23.3274 10.6888
    endloop
  endfacet
  facet normal -0.956924 0 -0.290337
    outer loop
      vertex 1.66298 16.3068 10.6888
      vertex 1.76541 23.3229 10.3512
      vertex 1.76541 16.2933 10.3512
    endloop
  endfacet
  facet normal -0.995185 0 -0.0980166
    outer loop
      vertex 1.8 -23.3214 10
      vertex 1.76541 -16.2933 10.3512
      vertex 1.8 -16.2888 10
    endloop
  endfacet
  facet normal -0.995185 -0 -0.0980166
    outer loop
      vertex 1.76541 -16.2933 10.3512
      vertex 1.8 -23.3214 10
      vertex 1.76541 -23.3229 10.3512
    endloop
  endfacet
  facet normal -0.995185 0 -0.0980166
    outer loop
      vertex 1.8 23.3214 10
      vertex 1.76541 16.2933 10.3512
      vertex 1.76541 23.3229 10.3512
    endloop
  endfacet
  facet normal -0.995185 0 -0.0980166
    outer loop
      vertex 1.76541 16.2933 10.3512
      vertex 1.8 23.3214 10
      vertex 1.8 16.2888 10
    endloop
  endfacet
  facet normal -0.995184 0 0.0980277
    outer loop
      vertex 1.76541 -16.2933 9.64884
      vertex 1.8 -23.3214 10
      vertex 1.8 -16.2888 10
    endloop
  endfacet
  facet normal -0.995184 0 0.0980277
    outer loop
      vertex 1.8 -23.3214 10
      vertex 1.76541 -16.2933 9.64884
      vertex 1.76541 -23.3229 9.64884
    endloop
  endfacet
  facet normal -0.995184 0 0.0980277
    outer loop
      vertex 1.76541 16.2933 9.64884
      vertex 1.8 23.3214 10
      vertex 1.76541 23.3229 9.64884
    endloop
  endfacet
  facet normal -0.995184 0 0.0980277
    outer loop
      vertex 1.8 23.3214 10
      vertex 1.76541 16.2933 9.64884
      vertex 1.8 16.2888 10
    endloop
  endfacet
  facet normal -0.471528 -0 -0.881851
    outer loop
      vertex 0.688829 -16.3699 11.663
      vertex 1.00003 -23.3563 11.4966
      vertex 0.688829 -23.3699 11.663
    endloop
  endfacet
  facet normal -0.471528 0 -0.881851
    outer loop
      vertex 1.00003 -23.3563 11.4966
      vertex 0.688829 -16.3699 11.663
      vertex 1.00003 -16.3563 11.4966
    endloop
  endfacet
  facet normal -0.471528 0 -0.881851
    outer loop
      vertex 0.688829 16.3699 11.663
      vertex 1.00003 23.3563 11.4966
      vertex 1.00003 16.3563 11.4966
    endloop
  endfacet
  facet normal -0.471528 0 -0.881851
    outer loop
      vertex 1.00003 23.3563 11.4966
      vertex 0.688829 16.3699 11.663
      vertex 0.688829 23.3699 11.663
    endloop
  endfacet
  facet normal -0.956941 0 0.290282
    outer loop
      vertex 1.66298 -16.3068 9.31117
      vertex 1.76541 -23.3229 9.64884
      vertex 1.76541 -16.2933 9.64884
    endloop
  endfacet
  facet normal -0.956941 0 0.290282
    outer loop
      vertex 1.76541 -23.3229 9.64884
      vertex 1.66298 -16.3068 9.31117
      vertex 1.66298 -23.3274 9.31117
    endloop
  endfacet
  facet normal -0.956941 0 0.290282
    outer loop
      vertex 1.66298 16.3068 9.31117
      vertex 1.76541 23.3229 9.64884
      vertex 1.66298 23.3274 9.31117
    endloop
  endfacet
  facet normal -0.956941 0 0.290282
    outer loop
      vertex 1.76541 23.3229 9.64884
      vertex 1.66298 16.3068 9.31117
      vertex 1.76541 16.2933 9.64884
    endloop
  endfacet
  facet normal -0.634311 -0 -0.773078
    outer loop
      vertex 1.00003 -16.3563 11.4966
      vertex 1.27279 -23.3444 11.2728
      vertex 1.00003 -23.3563 11.4966
    endloop
  endfacet
  facet normal -0.634311 0 -0.773078
    outer loop
      vertex 1.27279 -23.3444 11.2728
      vertex 1.00003 -16.3563 11.4966
      vertex 1.27279 -16.3444 11.2728
    endloop
  endfacet
  facet normal -0.634311 0 -0.773078
    outer loop
      vertex 1.00003 16.3563 11.4966
      vertex 1.27279 23.3444 11.2728
      vertex 1.27279 16.3444 11.2728
    endloop
  endfacet
  facet normal -0.634311 0 -0.773078
    outer loop
      vertex 1.27279 23.3444 11.2728
      vertex 1.00003 16.3563 11.4966
      vertex 1.00003 23.3563 11.4966
    endloop
  endfacet
  facet normal 0.881921 -0 0.471397
    outer loop
      vertex -1.66298 -23.3274 9.31117
      vertex -1.49664 -16.3287 8.99997
      vertex -1.66298 -16.3068 9.31117
    endloop
  endfacet
  facet normal 0.881921 0 0.471397
    outer loop
      vertex -1.49664 -16.3287 8.99997
      vertex -1.66298 -23.3274 9.31117
      vertex -1.49664 -23.3347 8.99997
    endloop
  endfacet
  facet normal 0.881921 0 0.471397
    outer loop
      vertex -1.66298 23.3274 9.31117
      vertex -1.49664 16.3287 8.99997
      vertex -1.49664 23.3347 8.99997
    endloop
  endfacet
  facet normal 0.881921 0 0.471397
    outer loop
      vertex -1.49664 16.3287 8.99997
      vertex -1.66298 23.3274 9.31117
      vertex -1.66298 16.3068 9.31117
    endloop
  endfacet
  facet normal 0.0980552 0 -0.995181
    outer loop
      vertex -0.351162 23.3847 11.7654
      vertex 0 16.4 11.8
      vertex -0.351162 16.3847 11.7654
    endloop
  endfacet
  facet normal 0.0980552 0 -0.995181
    outer loop
      vertex 0 16.4 11.8
      vertex -0.351162 23.3847 11.7654
      vertex 0 23.4 11.8
    endloop
  endfacet
  facet normal 0.0980552 0 -0.995181
    outer loop
      vertex -0.351162 -23.3847 11.7654
      vertex 0 -16.4 11.8
      vertex 0 -23.4 11.8
    endloop
  endfacet
  facet normal 0.0980552 0 -0.995181
    outer loop
      vertex 0 -16.4 11.8
      vertex -0.351162 -23.3847 11.7654
      vertex -0.351162 -16.3847 11.7654
    endloop
  endfacet
  facet normal -0.881921 0 -0.471397
    outer loop
      vertex 1.66298 -23.3274 10.6888
      vertex 1.49664 -16.3287 11
      vertex 1.66298 -16.3068 10.6888
    endloop
  endfacet
  facet normal -0.881921 -0 -0.471397
    outer loop
      vertex 1.49664 -16.3287 11
      vertex 1.66298 -23.3274 10.6888
      vertex 1.49664 -23.3347 11
    endloop
  endfacet
  facet normal -0.881921 0 -0.471397
    outer loop
      vertex 1.66298 23.3274 10.6888
      vertex 1.49664 16.3287 11
      vertex 1.49664 23.3347 11
    endloop
  endfacet
  facet normal -0.881921 0 -0.471397
    outer loop
      vertex 1.49664 16.3287 11
      vertex 1.66298 23.3274 10.6888
      vertex 1.66298 16.3068 10.6888
    endloop
  endfacet
  facet normal -0.773012 0 0.634391
    outer loop
      vertex 1.27279 -19.7632 8.72721
      vertex 1.42935 -16.3376 8.91798
      vertex 1.27279 -16.3444 8.72721
    endloop
  endfacet
  facet normal -0.772999 -1.54756e-06 0.634408
    outer loop
      vertex 1.27279 -19.7632 8.72721
      vertex 1.49664 -16.3287 8.99997
      vertex 1.42935 -16.3376 8.91798
    endloop
  endfacet
  facet normal -0.772971 -5.99336e-06 0.634441
    outer loop
      vertex 1.3 -19.9 8.76036
      vertex 1.49664 -16.3287 8.99997
      vertex 1.27279 -19.7632 8.72721
    endloop
  endfacet
  facet normal -0.773015 0 0.634388
    outer loop
      vertex 1.3 -19.9 8.76036
      vertex 1.49664 -23.3347 8.99997
      vertex 1.49664 -16.3287 8.99997
    endloop
  endfacet
  facet normal -0.772972 6.17844e-06 0.634441
    outer loop
      vertex 1.27279 -20.0368 8.72721
      vertex 1.49664 -23.3347 8.99997
      vertex 1.3 -19.9 8.76036
    endloop
  endfacet
  facet normal -0.773008 0 0.634396
    outer loop
      vertex 1.49664 -23.3347 8.99997
      vertex 1.27279 -20.0368 8.72721
      vertex 1.27279 -23.3444 8.72721
    endloop
  endfacet
  facet normal -0.773008 0 0.634396
    outer loop
      vertex 1.27279 20.0368 8.72721
      vertex 1.49664 23.3347 8.99997
      vertex 1.27279 23.3444 8.72721
    endloop
  endfacet
  facet normal -0.772972 -6.17844e-06 0.634441
    outer loop
      vertex 1.3 19.9 8.76036
      vertex 1.49664 23.3347 8.99997
      vertex 1.27279 20.0368 8.72721
    endloop
  endfacet
  facet normal -0.773012 0 0.634391
    outer loop
      vertex 1.42935 16.3376 8.91798
      vertex 1.27279 19.7632 8.72721
      vertex 1.27279 16.3444 8.72721
    endloop
  endfacet
  facet normal -0.772999 1.54756e-06 0.634408
    outer loop
      vertex 1.49664 16.3287 8.99997
      vertex 1.27279 19.7632 8.72721
      vertex 1.42935 16.3376 8.91798
    endloop
  endfacet
  facet normal -0.772971 5.99336e-06 0.634441
    outer loop
      vertex 1.27279 19.7632 8.72721
      vertex 1.49664 16.3287 8.99997
      vertex 1.3 19.9 8.76036
    endloop
  endfacet
  facet normal -0.773015 0 0.634388
    outer loop
      vertex 1.3 19.9 8.76036
      vertex 1.49664 16.3287 8.99997
      vertex 1.49664 23.3347 8.99997
    endloop
  endfacet
  facet normal -0.471361 0 0.88194
    outer loop
      vertex 0.919238 -20.8192 8.46017
      vertex 1.00003 -23.3563 8.50335
      vertex 1.00003 -20.6983 8.50335
    endloop
  endfacet
  facet normal -0.471378 -7.00478e-07 0.881931
    outer loop
      vertex 0.688829 -20.9732 8.33702
      vertex 1.00003 -23.3563 8.50335
      vertex 0.919238 -20.8192 8.46017
    endloop
  endfacet
  facet normal -0.471374 0 0.881934
    outer loop
      vertex 1.00003 -23.3563 8.50335
      vertex 0.688829 -20.9732 8.33702
      vertex 0.688829 -23.3699 8.33702
    endloop
  endfacet
  facet normal -0.471361 0 0.88194
    outer loop
      vertex 1.00003 -16.3563 8.50335
      vertex 0.919238 -18.9808 8.46017
      vertex 1.00003 -19.1017 8.50335
    endloop
  endfacet
  facet normal -0.471374 0 0.881934
    outer loop
      vertex 0.688829 -18.8268 8.33702
      vertex 1.00003 -16.3563 8.50335
      vertex 0.688829 -16.3699 8.33702
    endloop
  endfacet
  facet normal -0.471378 6.77621e-07 0.881931
    outer loop
      vertex 1.00003 -16.3563 8.50335
      vertex 0.688829 -18.8268 8.33702
      vertex 0.919238 -18.9808 8.46017
    endloop
  endfacet
  facet normal -0.471361 0 0.88194
    outer loop
      vertex 0.919238 18.9808 8.46017
      vertex 1.00003 16.3563 8.50335
      vertex 1.00003 19.1017 8.50335
    endloop
  endfacet
  facet normal -0.471378 -6.77621e-07 0.881931
    outer loop
      vertex 0.688829 18.8268 8.33702
      vertex 1.00003 16.3563 8.50335
      vertex 0.919238 18.9808 8.46017
    endloop
  endfacet
  facet normal -0.471374 0 0.881934
    outer loop
      vertex 1.00003 16.3563 8.50335
      vertex 0.688829 18.8268 8.33702
      vertex 0.688829 16.3699 8.33702
    endloop
  endfacet
  facet normal -0.471361 0 0.88194
    outer loop
      vertex 1.00003 23.3563 8.50335
      vertex 0.919238 20.8192 8.46017
      vertex 1.00003 20.6983 8.50335
    endloop
  endfacet
  facet normal -0.471374 0 0.881934
    outer loop
      vertex 0.688829 20.9732 8.33702
      vertex 1.00003 23.3563 8.50335
      vertex 0.688829 23.3699 8.33702
    endloop
  endfacet
  facet normal -0.471378 7.00478e-07 0.881931
    outer loop
      vertex 1.00003 23.3563 8.50335
      vertex 0.688829 20.9732 8.33702
      vertex 0.919238 20.8192 8.46017
    endloop
  endfacet
  facet normal 0.0980271 0 0.995184
    outer loop
      vertex -0.351162 23.3847 8.23459
      vertex 0 21.2 8.2
      vertex 0 23.4 8.2
    endloop
  endfacet
  facet normal 0.0980271 0 0.995184
    outer loop
      vertex 0 21.2 8.2
      vertex -0.351162 23.3847 8.23459
      vertex -0.351162 21.1301 8.23459
    endloop
  endfacet
  facet normal 0.0980271 -0 0.995184
    outer loop
      vertex -0.351162 -23.3847 8.23459
      vertex 0 -21.2 8.2
      vertex -0.351162 -21.1301 8.23459
    endloop
  endfacet
  facet normal 0.0980271 0 0.995184
    outer loop
      vertex 0 -21.2 8.2
      vertex -0.351162 -23.3847 8.23459
      vertex 0 -23.4 8.2
    endloop
  endfacet
  facet normal 0.0980271 0 0.995184
    outer loop
      vertex -0.351162 -16.3847 8.23459
      vertex 0 -18.6 8.2
      vertex 0 -16.4 8.2
    endloop
  endfacet
  facet normal 0.0980271 0 0.995184
    outer loop
      vertex 0 -18.6 8.2
      vertex -0.351162 -16.3847 8.23459
      vertex -0.351162 -18.6698 8.23459
    endloop
  endfacet
  facet normal 0.0980271 -0 0.995184
    outer loop
      vertex -0.351162 16.3847 8.23459
      vertex 0 18.6 8.2
      vertex -0.351162 18.6698 8.23459
    endloop
  endfacet
  facet normal 0.0980271 0 0.995184
    outer loop
      vertex 0 18.6 8.2
      vertex -0.351162 16.3847 8.23459
      vertex 0 16.4 8.2
    endloop
  endfacet
  facet normal -0.881921 0 0.471397
    outer loop
      vertex 1.49664 -16.3287 8.99997
      vertex 1.66298 -23.3274 9.31117
      vertex 1.66298 -16.3068 9.31117
    endloop
  endfacet
  facet normal -0.881921 0 0.471397
    outer loop
      vertex 1.66298 -23.3274 9.31117
      vertex 1.49664 -16.3287 8.99997
      vertex 1.49664 -23.3347 8.99997
    endloop
  endfacet
  facet normal -0.881921 0 0.471397
    outer loop
      vertex 1.49664 16.3287 8.99997
      vertex 1.66298 23.3274 9.31117
      vertex 1.49664 23.3347 8.99997
    endloop
  endfacet
  facet normal -0.881921 0 0.471397
    outer loop
      vertex 1.66298 23.3274 9.31117
      vertex 1.49664 16.3287 8.99997
      vertex 1.66298 16.3068 9.31117
    endloop
  endfacet
  facet normal 0.773054 0 -0.63434
    outer loop
      vertex -1.27279 16.3444 11.2728
      vertex -1.49664 23.3347 11
      vertex -1.27279 23.3444 11.2728
    endloop
  endfacet
  facet normal 0.773061 5.85756e-07 -0.634332
    outer loop
      vertex -1.42935 16.3376 11.082
      vertex -1.49664 23.3347 11
      vertex -1.27279 16.3444 11.2728
    endloop
  endfacet
  facet normal 0.773037 0 -0.634361
    outer loop
      vertex -1.49664 23.3347 11
      vertex -1.42935 16.3376 11.082
      vertex -1.49664 16.3287 11
    endloop
  endfacet
  facet normal 0.773037 0 -0.634361
    outer loop
      vertex -1.42935 -16.3376 11.082
      vertex -1.49664 -23.3347 11
      vertex -1.49664 -16.3287 11
    endloop
  endfacet
  facet normal 0.773061 -5.85756e-07 -0.634332
    outer loop
      vertex -1.27279 -16.3444 11.2728
      vertex -1.49664 -23.3347 11
      vertex -1.42935 -16.3376 11.082
    endloop
  endfacet
  facet normal 0.773054 0 -0.63434
    outer loop
      vertex -1.49664 -23.3347 11
      vertex -1.27279 -16.3444 11.2728
      vertex -1.27279 -23.3444 11.2728
    endloop
  endfacet
  facet normal 0.471528 0 -0.881851
    outer loop
      vertex -1.00003 -23.3563 11.4966
      vertex -0.688829 -16.3699 11.663
      vertex -0.688829 -23.3699 11.663
    endloop
  endfacet
  facet normal 0.471528 0 -0.881851
    outer loop
      vertex -0.688829 -16.3699 11.663
      vertex -1.00003 -23.3563 11.4966
      vertex -1.00003 -16.3563 11.4966
    endloop
  endfacet
  facet normal 0.471528 0 -0.881851
    outer loop
      vertex -1.00003 23.3563 11.4966
      vertex -0.688829 16.3699 11.663
      vertex -1.00003 16.3563 11.4966
    endloop
  endfacet
  facet normal 0.471528 0 -0.881851
    outer loop
      vertex -0.688829 16.3699 11.663
      vertex -1.00003 23.3563 11.4966
      vertex -0.688829 23.3699 11.663
    endloop
  endfacet
  facet normal 0.290206 0 -0.956964
    outer loop
      vertex -0.688829 -23.3699 11.663
      vertex -0.351162 -16.3847 11.7654
      vertex -0.351162 -23.3847 11.7654
    endloop
  endfacet
  facet normal 0.290206 0 -0.956964
    outer loop
      vertex -0.351162 -16.3847 11.7654
      vertex -0.688829 -23.3699 11.663
      vertex -0.688829 -16.3699 11.663
    endloop
  endfacet
  facet normal 0.290206 0 -0.956964
    outer loop
      vertex -0.688829 23.3699 11.663
      vertex -0.351162 16.3847 11.7654
      vertex -0.688829 16.3699 11.663
    endloop
  endfacet
  facet normal 0.290206 0 -0.956964
    outer loop
      vertex -0.351162 16.3847 11.7654
      vertex -0.688829 23.3699 11.663
      vertex -0.351162 23.3847 11.7654
    endloop
  endfacet
  facet normal 0.290241 7.11753e-06 0.956954
    outer loop
      vertex -0.688829 -23.3699 8.33702
      vertex -0.351162 -21.1301 8.23459
      vertex -0.497488 -21.101 8.27897
    endloop
  endfacet
  facet normal 0.290318 -0 0.95693
    outer loop
      vertex -0.688829 -23.3699 8.33702
      vertex -0.497488 -21.101 8.27897
      vertex -0.688829 -20.9732 8.33702
    endloop
  endfacet
  facet normal 0.290284 0 0.95694
    outer loop
      vertex -0.351162 -21.1301 8.23459
      vertex -0.688829 -23.3699 8.33702
      vertex -0.351162 -23.3847 8.23459
    endloop
  endfacet
  facet normal 0.290284 0 0.95694
    outer loop
      vertex -0.688829 -16.3699 8.33702
      vertex -0.351162 -18.6698 8.23459
      vertex -0.351162 -16.3847 8.23459
    endloop
  endfacet
  facet normal 0.290241 -6.93613e-06 0.956954
    outer loop
      vertex -0.351162 -18.6698 8.23459
      vertex -0.688829 -16.3699 8.33702
      vertex -0.497488 -18.699 8.27897
    endloop
  endfacet
  facet normal 0.290318 0 0.95693
    outer loop
      vertex -0.497488 -18.699 8.27897
      vertex -0.688829 -16.3699 8.33702
      vertex -0.688829 -18.8268 8.33702
    endloop
  endfacet
  facet normal 0.290241 6.93613e-06 0.956954
    outer loop
      vertex -0.688829 16.3699 8.33702
      vertex -0.351162 18.6698 8.23459
      vertex -0.497488 18.699 8.27897
    endloop
  endfacet
  facet normal 0.290318 -0 0.95693
    outer loop
      vertex -0.688829 16.3699 8.33702
      vertex -0.497488 18.699 8.27897
      vertex -0.688829 18.8268 8.33702
    endloop
  endfacet
  facet normal 0.290284 0 0.95694
    outer loop
      vertex -0.351162 18.6698 8.23459
      vertex -0.688829 16.3699 8.33702
      vertex -0.351162 16.3847 8.23459
    endloop
  endfacet
  facet normal 0.290284 0 0.95694
    outer loop
      vertex -0.688829 23.3699 8.33702
      vertex -0.351162 21.1301 8.23459
      vertex -0.351162 23.3847 8.23459
    endloop
  endfacet
  facet normal 0.290241 -7.11753e-06 0.956954
    outer loop
      vertex -0.351162 21.1301 8.23459
      vertex -0.688829 23.3699 8.33702
      vertex -0.497488 21.101 8.27897
    endloop
  endfacet
  facet normal 0.290318 0 0.95693
    outer loop
      vertex -0.497488 21.101 8.27897
      vertex -0.688829 23.3699 8.33702
      vertex -0.688829 20.9732 8.33702
    endloop
  endfacet
  facet normal 0.634311 0 -0.773078
    outer loop
      vertex -1.27279 -23.3444 11.2728
      vertex -1.00003 -16.3563 11.4966
      vertex -1.00003 -23.3563 11.4966
    endloop
  endfacet
  facet normal 0.634311 0 -0.773078
    outer loop
      vertex -1.00003 -16.3563 11.4966
      vertex -1.27279 -23.3444 11.2728
      vertex -1.27279 -16.3444 11.2728
    endloop
  endfacet
  facet normal 0.634311 0 -0.773078
    outer loop
      vertex -1.27279 23.3444 11.2728
      vertex -1.00003 16.3563 11.4966
      vertex -1.27279 16.3444 11.2728
    endloop
  endfacet
  facet normal 0.634311 0 -0.773078
    outer loop
      vertex -1.00003 16.3563 11.4966
      vertex -1.27279 23.3444 11.2728
      vertex -1.00003 23.3563 11.4966
    endloop
  endfacet
  facet normal 0.956941 -0 0.290282
    outer loop
      vertex -1.76541 -23.3229 9.64884
      vertex -1.66298 -16.3068 9.31117
      vertex -1.76541 -16.2933 9.64884
    endloop
  endfacet
  facet normal 0.956941 0 0.290282
    outer loop
      vertex -1.66298 -16.3068 9.31117
      vertex -1.76541 -23.3229 9.64884
      vertex -1.66298 -23.3274 9.31117
    endloop
  endfacet
  facet normal 0.956941 0 0.290282
    outer loop
      vertex -1.76541 23.3229 9.64884
      vertex -1.66298 16.3068 9.31117
      vertex -1.66298 23.3274 9.31117
    endloop
  endfacet
  facet normal 0.956941 0 0.290282
    outer loop
      vertex -1.66298 16.3068 9.31117
      vertex -1.76541 23.3229 9.64884
      vertex -1.76541 16.2933 9.64884
    endloop
  endfacet
  facet normal -0.290206 -0 -0.956964
    outer loop
      vertex 0.351162 -16.3847 11.7654
      vertex 0.688829 -23.3699 11.663
      vertex 0.351162 -23.3847 11.7654
    endloop
  endfacet
  facet normal -0.290206 0 -0.956964
    outer loop
      vertex 0.688829 -23.3699 11.663
      vertex 0.351162 -16.3847 11.7654
      vertex 0.688829 -16.3699 11.663
    endloop
  endfacet
  facet normal -0.290206 0 -0.956964
    outer loop
      vertex 0.351162 16.3847 11.7654
      vertex 0.688829 23.3699 11.663
      vertex 0.688829 16.3699 11.663
    endloop
  endfacet
  facet normal -0.290206 0 -0.956964
    outer loop
      vertex 0.688829 23.3699 11.663
      vertex 0.351162 16.3847 11.7654
      vertex 0.351162 23.3847 11.7654
    endloop
  endfacet
  facet normal -0.773054 0 -0.63434
    outer loop
      vertex 1.49664 23.3347 11
      vertex 1.27279 16.3444 11.2728
      vertex 1.27279 23.3444 11.2728
    endloop
  endfacet
  facet normal -0.773061 5.85756e-07 -0.634332
    outer loop
      vertex 1.49664 23.3347 11
      vertex 1.42935 16.3376 11.082
      vertex 1.27279 16.3444 11.2728
    endloop
  endfacet
  facet normal -0.773037 0 -0.634361
    outer loop
      vertex 1.42935 16.3376 11.082
      vertex 1.49664 23.3347 11
      vertex 1.49664 16.3287 11
    endloop
  endfacet
  facet normal -0.773037 0 -0.634361
    outer loop
      vertex 1.49664 -23.3347 11
      vertex 1.42935 -16.3376 11.082
      vertex 1.49664 -16.3287 11
    endloop
  endfacet
  facet normal -0.773061 -5.85756e-07 -0.634332
    outer loop
      vertex 1.49664 -23.3347 11
      vertex 1.27279 -16.3444 11.2728
      vertex 1.42935 -16.3376 11.082
    endloop
  endfacet
  facet normal -0.773054 -0 -0.63434
    outer loop
      vertex 1.27279 -16.3444 11.2728
      vertex 1.49664 -23.3347 11
      vertex 1.27279 -23.3444 11.2728
    endloop
  endfacet
  facet normal 0.881921 0 -0.471397
    outer loop
      vertex -1.49664 -16.3287 11
      vertex -1.66298 -23.3274 10.6888
      vertex -1.66298 -16.3068 10.6888
    endloop
  endfacet
  facet normal 0.881921 0 -0.471397
    outer loop
      vertex -1.66298 -23.3274 10.6888
      vertex -1.49664 -16.3287 11
      vertex -1.49664 -23.3347 11
    endloop
  endfacet
  facet normal 0.881921 0 -0.471397
    outer loop
      vertex -1.49664 16.3287 11
      vertex -1.66298 23.3274 10.6888
      vertex -1.49664 23.3347 11
    endloop
  endfacet
  facet normal 0.881921 0 -0.471397
    outer loop
      vertex -1.66298 23.3274 10.6888
      vertex -1.49664 16.3287 11
      vertex -1.66298 16.3068 10.6888
    endloop
  endfacet
  facet normal 0.995185 0 -0.0980166
    outer loop
      vertex -1.76541 -16.2933 10.3512
      vertex -1.8 -23.3214 10
      vertex -1.8 -16.2888 10
    endloop
  endfacet
  facet normal 0.995185 0 -0.0980166
    outer loop
      vertex -1.8 -23.3214 10
      vertex -1.76541 -16.2933 10.3512
      vertex -1.76541 -23.3229 10.3512
    endloop
  endfacet
  facet normal 0.995185 0 -0.0980166
    outer loop
      vertex -1.76541 16.2933 10.3512
      vertex -1.8 23.3214 10
      vertex -1.76541 23.3229 10.3512
    endloop
  endfacet
  facet normal 0.995185 0 -0.0980166
    outer loop
      vertex -1.8 23.3214 10
      vertex -1.76541 16.2933 10.3512
      vertex -1.8 16.2888 10
    endloop
  endfacet
  facet normal -0.0980552 0 -0.995181
    outer loop
      vertex 0 16.4 11.8
      vertex 0.351162 23.3847 11.7654
      vertex 0.351162 16.3847 11.7654
    endloop
  endfacet
  facet normal -0.0980552 0 -0.995181
    outer loop
      vertex 0.351162 23.3847 11.7654
      vertex 0 16.4 11.8
      vertex 0 23.4 11.8
    endloop
  endfacet
  facet normal -0.0980552 -0 -0.995181
    outer loop
      vertex 0 -16.4 11.8
      vertex 0.351162 -23.3847 11.7654
      vertex 0 -23.4 11.8
    endloop
  endfacet
  facet normal -0.0980552 0 -0.995181
    outer loop
      vertex 0.351162 -23.3847 11.7654
      vertex 0 -16.4 11.8
      vertex 0.351162 -16.3847 11.7654
    endloop
  endfacet
  facet normal -0.634434 0 0.772977
    outer loop
      vertex 1.20104 -20.3975 8.66832
      vertex 1.27279 -23.3444 8.72721
      vertex 1.27279 -20.0368 8.72721
    endloop
  endfacet
  facet normal -0.634407 1.10976e-06 0.773
    outer loop
      vertex 1.00003 -20.6983 8.50335
      vertex 1.27279 -23.3444 8.72721
      vertex 1.20104 -20.3975 8.66832
    endloop
  endfacet
  facet normal -0.634413 0 0.772994
    outer loop
      vertex 1.27279 -23.3444 8.72721
      vertex 1.00003 -20.6983 8.50335
      vertex 1.00003 -23.3563 8.50335
    endloop
  endfacet
  facet normal -0.634434 0 0.772977
    outer loop
      vertex 1.27279 -16.3444 8.72721
      vertex 1.20104 -19.4025 8.66832
      vertex 1.27279 -19.7632 8.72721
    endloop
  endfacet
  facet normal -0.634413 0 0.772994
    outer loop
      vertex 1.00003 -19.1017 8.50335
      vertex 1.27279 -16.3444 8.72721
      vertex 1.00003 -16.3563 8.50335
    endloop
  endfacet
  facet normal -0.634407 -1.07077e-06 0.773
    outer loop
      vertex 1.27279 -16.3444 8.72721
      vertex 1.00003 -19.1017 8.50335
      vertex 1.20104 -19.4025 8.66832
    endloop
  endfacet
  facet normal -0.634434 0 0.772977
    outer loop
      vertex 1.20104 19.4025 8.66832
      vertex 1.27279 16.3444 8.72721
      vertex 1.27279 19.7632 8.72721
    endloop
  endfacet
  facet normal -0.634407 1.07077e-06 0.773
    outer loop
      vertex 1.00003 19.1017 8.50335
      vertex 1.27279 16.3444 8.72721
      vertex 1.20104 19.4025 8.66832
    endloop
  endfacet
  facet normal -0.634413 0 0.772994
    outer loop
      vertex 1.27279 16.3444 8.72721
      vertex 1.00003 19.1017 8.50335
      vertex 1.00003 16.3563 8.50335
    endloop
  endfacet
  facet normal -0.634434 0 0.772977
    outer loop
      vertex 1.27279 23.3444 8.72721
      vertex 1.20104 20.3975 8.66832
      vertex 1.27279 20.0368 8.72721
    endloop
  endfacet
  facet normal -0.634413 0 0.772994
    outer loop
      vertex 1.00003 20.6983 8.50335
      vertex 1.27279 23.3444 8.72721
      vertex 1.00003 23.3563 8.50335
    endloop
  endfacet
  facet normal -0.634407 -1.10976e-06 0.773
    outer loop
      vertex 1.27279 23.3444 8.72721
      vertex 1.00003 20.6983 8.50335
      vertex 1.20104 20.3975 8.66832
    endloop
  endfacet
  facet normal 0.773012 0 0.634391
    outer loop
      vertex -1.42935 -16.3376 8.91798
      vertex -1.27279 -19.7632 8.72721
      vertex -1.27279 -16.3444 8.72721
    endloop
  endfacet
  facet normal 0.772999 -1.54756e-06 0.634408
    outer loop
      vertex -1.49664 -16.3287 8.99997
      vertex -1.27279 -19.7632 8.72721
      vertex -1.42935 -16.3376 8.91798
    endloop
  endfacet
  facet normal 0.772971 -5.99336e-06 0.634441
    outer loop
      vertex -1.49664 -16.3287 8.99997
      vertex -1.3 -19.9 8.76036
      vertex -1.27279 -19.7632 8.72721
    endloop
  endfacet
  facet normal 0.773015 -0 0.634388
    outer loop
      vertex -1.49664 -23.3347 8.99997
      vertex -1.3 -19.9 8.76036
      vertex -1.49664 -16.3287 8.99997
    endloop
  endfacet
  facet normal 0.772972 6.17844e-06 0.634441
    outer loop
      vertex -1.49664 -23.3347 8.99997
      vertex -1.27279 -20.0368 8.72721
      vertex -1.3 -19.9 8.76036
    endloop
  endfacet
  facet normal 0.773008 0 0.634396
    outer loop
      vertex -1.27279 -20.0368 8.72721
      vertex -1.49664 -23.3347 8.99997
      vertex -1.27279 -23.3444 8.72721
    endloop
  endfacet
  facet normal 0.773008 0 0.634396
    outer loop
      vertex -1.49664 23.3347 8.99997
      vertex -1.27279 20.0368 8.72721
      vertex -1.27279 23.3444 8.72721
    endloop
  endfacet
  facet normal 0.772972 -6.17844e-06 0.634441
    outer loop
      vertex -1.49664 23.3347 8.99997
      vertex -1.3 19.9 8.76036
      vertex -1.27279 20.0368 8.72721
    endloop
  endfacet
  facet normal 0.772971 5.99336e-06 0.634441
    outer loop
      vertex -1.49664 16.3287 8.99997
      vertex -1.27279 19.7632 8.72721
      vertex -1.3 19.9 8.76036
    endloop
  endfacet
  facet normal 0.773015 -0 0.634388
    outer loop
      vertex -1.49664 16.3287 8.99997
      vertex -1.3 19.9 8.76036
      vertex -1.49664 23.3347 8.99997
    endloop
  endfacet
  facet normal 0.773012 0 0.634391
    outer loop
      vertex -1.27279 19.7632 8.72721
      vertex -1.42935 16.3376 8.91798
      vertex -1.27279 16.3444 8.72721
    endloop
  endfacet
  facet normal 0.772999 1.54756e-06 0.634408
    outer loop
      vertex -1.27279 19.7632 8.72721
      vertex -1.49664 16.3287 8.99997
      vertex -1.42935 16.3376 8.91798
    endloop
  endfacet
  facet normal 0.634407 1.10976e-06 0.773
    outer loop
      vertex -1.27279 -23.3444 8.72721
      vertex -1.00003 -20.6983 8.50335
      vertex -1.20104 -20.3975 8.66832
    endloop
  endfacet
  facet normal 0.634434 -0 0.772977
    outer loop
      vertex -1.27279 -23.3444 8.72721
      vertex -1.20104 -20.3975 8.66832
      vertex -1.27279 -20.0368 8.72721
    endloop
  endfacet
  facet normal 0.634413 0 0.772994
    outer loop
      vertex -1.00003 -20.6983 8.50335
      vertex -1.27279 -23.3444 8.72721
      vertex -1.00003 -23.3563 8.50335
    endloop
  endfacet
  facet normal 0.634413 0 0.772994
    outer loop
      vertex -1.27279 -16.3444 8.72721
      vertex -1.00003 -19.1017 8.50335
      vertex -1.00003 -16.3563 8.50335
    endloop
  endfacet
  facet normal 0.634407 -1.07077e-06 0.773
    outer loop
      vertex -1.00003 -19.1017 8.50335
      vertex -1.27279 -16.3444 8.72721
      vertex -1.20104 -19.4025 8.66832
    endloop
  endfacet
  facet normal 0.634434 0 0.772977
    outer loop
      vertex -1.20104 -19.4025 8.66832
      vertex -1.27279 -16.3444 8.72721
      vertex -1.27279 -19.7632 8.72721
    endloop
  endfacet
  facet normal 0.634407 1.07077e-06 0.773
    outer loop
      vertex -1.27279 16.3444 8.72721
      vertex -1.00003 19.1017 8.50335
      vertex -1.20104 19.4025 8.66832
    endloop
  endfacet
  facet normal 0.634434 -0 0.772977
    outer loop
      vertex -1.27279 16.3444 8.72721
      vertex -1.20104 19.4025 8.66832
      vertex -1.27279 19.7632 8.72721
    endloop
  endfacet
  facet normal 0.634413 0 0.772994
    outer loop
      vertex -1.00003 19.1017 8.50335
      vertex -1.27279 16.3444 8.72721
      vertex -1.00003 16.3563 8.50335
    endloop
  endfacet
  facet normal 0.634413 0 0.772994
    outer loop
      vertex -1.27279 23.3444 8.72721
      vertex -1.00003 20.6983 8.50335
      vertex -1.00003 23.3563 8.50335
    endloop
  endfacet
  facet normal 0.634407 -1.10976e-06 0.773
    outer loop
      vertex -1.00003 20.6983 8.50335
      vertex -1.27279 23.3444 8.72721
      vertex -1.20104 20.3975 8.66832
    endloop
  endfacet
  facet normal 0.634434 0 0.772977
    outer loop
      vertex -1.20104 20.3975 8.66832
      vertex -1.27279 23.3444 8.72721
      vertex -1.27279 20.0368 8.72721
    endloop
  endfacet
  facet normal 0.956924 0 -0.290337
    outer loop
      vertex -1.66298 -16.3068 10.6888
      vertex -1.76541 -23.3229 10.3512
      vertex -1.76541 -16.2933 10.3512
    endloop
  endfacet
  facet normal 0.956924 0 -0.290337
    outer loop
      vertex -1.76541 -23.3229 10.3512
      vertex -1.66298 -16.3068 10.6888
      vertex -1.66298 -23.3274 10.6888
    endloop
  endfacet
  facet normal 0.956924 0 -0.290337
    outer loop
      vertex -1.66298 16.3068 10.6888
      vertex -1.76541 23.3229 10.3512
      vertex -1.66298 23.3274 10.6888
    endloop
  endfacet
  facet normal 0.956924 0 -0.290337
    outer loop
      vertex -1.76541 23.3229 10.3512
      vertex -1.66298 16.3068 10.6888
      vertex -1.76541 16.2933 10.3512
    endloop
  endfacet
  facet normal -0.0980271 0 0.995184
    outer loop
      vertex 0 21.2 8.2
      vertex 0.351162 23.3847 8.23459
      vertex 0 23.4 8.2
    endloop
  endfacet
  facet normal -0.0980271 0 0.995184
    outer loop
      vertex 0.351162 23.3847 8.23459
      vertex 0 21.2 8.2
      vertex 0.351162 21.1301 8.23459
    endloop
  endfacet
  facet normal -0.0980271 0 0.995184
    outer loop
      vertex 0 -21.2 8.2
      vertex 0.351162 -23.3847 8.23459
      vertex 0.351162 -21.1301 8.23459
    endloop
  endfacet
  facet normal -0.0980271 0 0.995184
    outer loop
      vertex 0.351162 -23.3847 8.23459
      vertex 0 -21.2 8.2
      vertex 0 -23.4 8.2
    endloop
  endfacet
  facet normal -0.0980271 0 0.995184
    outer loop
      vertex 0 -18.6 8.2
      vertex 0.351162 -16.3847 8.23459
      vertex 0 -16.4 8.2
    endloop
  endfacet
  facet normal -0.0980271 0 0.995184
    outer loop
      vertex 0.351162 -16.3847 8.23459
      vertex 0 -18.6 8.2
      vertex 0.351162 -18.6698 8.23459
    endloop
  endfacet
  facet normal -0.0980271 0 0.995184
    outer loop
      vertex 0 18.6 8.2
      vertex 0.351162 16.3847 8.23459
      vertex 0.351162 18.6698 8.23459
    endloop
  endfacet
  facet normal -0.0980271 0 0.995184
    outer loop
      vertex 0.351162 16.3847 8.23459
      vertex 0 18.6 8.2
      vertex 0 16.4 8.2
    endloop
  endfacet
  facet normal 0.471378 -7.00478e-07 0.881931
    outer loop
      vertex -1.00003 -23.3563 8.50335
      vertex -0.688829 -20.9732 8.33702
      vertex -0.919238 -20.8192 8.46017
    endloop
  endfacet
  facet normal 0.471361 -0 0.88194
    outer loop
      vertex -1.00003 -23.3563 8.50335
      vertex -0.919238 -20.8192 8.46017
      vertex -1.00003 -20.6983 8.50335
    endloop
  endfacet
  facet normal 0.471374 0 0.881934
    outer loop
      vertex -0.688829 -20.9732 8.33702
      vertex -1.00003 -23.3563 8.50335
      vertex -0.688829 -23.3699 8.33702
    endloop
  endfacet
  facet normal 0.471374 0 0.881934
    outer loop
      vertex -1.00003 -16.3563 8.50335
      vertex -0.688829 -18.8268 8.33702
      vertex -0.688829 -16.3699 8.33702
    endloop
  endfacet
  facet normal 0.471378 6.77621e-07 0.881931
    outer loop
      vertex -0.688829 -18.8268 8.33702
      vertex -1.00003 -16.3563 8.50335
      vertex -0.919238 -18.9808 8.46017
    endloop
  endfacet
  facet normal 0.471361 0 0.88194
    outer loop
      vertex -0.919238 -18.9808 8.46017
      vertex -1.00003 -16.3563 8.50335
      vertex -1.00003 -19.1017 8.50335
    endloop
  endfacet
  facet normal 0.471378 -6.77621e-07 0.881931
    outer loop
      vertex -1.00003 16.3563 8.50335
      vertex -0.688829 18.8268 8.33702
      vertex -0.919238 18.9808 8.46017
    endloop
  endfacet
  facet normal 0.471361 -0 0.88194
    outer loop
      vertex -1.00003 16.3563 8.50335
      vertex -0.919238 18.9808 8.46017
      vertex -1.00003 19.1017 8.50335
    endloop
  endfacet
  facet normal 0.471374 0 0.881934
    outer loop
      vertex -0.688829 18.8268 8.33702
      vertex -1.00003 16.3563 8.50335
      vertex -0.688829 16.3699 8.33702
    endloop
  endfacet
  facet normal 0.471374 0 0.881934
    outer loop
      vertex -1.00003 23.3563 8.50335
      vertex -0.688829 20.9732 8.33702
      vertex -0.688829 23.3699 8.33702
    endloop
  endfacet
  facet normal 0.471378 7.00478e-07 0.881931
    outer loop
      vertex -0.688829 20.9732 8.33702
      vertex -1.00003 23.3563 8.50335
      vertex -0.919238 20.8192 8.46017
    endloop
  endfacet
  facet normal 0.471361 0 0.88194
    outer loop
      vertex -0.919238 20.8192 8.46017
      vertex -1.00003 23.3563 8.50335
      vertex -1.00003 20.6983 8.50335
    endloop
  endfacet
  facet normal 0.995184 -0 0.0980277
    outer loop
      vertex -1.8 -23.3214 10
      vertex -1.76541 -16.2933 9.64884
      vertex -1.8 -16.2888 10
    endloop
  endfacet
  facet normal 0.995184 0 0.0980277
    outer loop
      vertex -1.76541 -16.2933 9.64884
      vertex -1.8 -23.3214 10
      vertex -1.76541 -23.3229 9.64884
    endloop
  endfacet
  facet normal 0.995184 0 0.0980277
    outer loop
      vertex -1.8 23.3214 10
      vertex -1.76541 16.2933 9.64884
      vertex -1.76541 23.3229 9.64884
    endloop
  endfacet
  facet normal 0.995184 0 0.0980277
    outer loop
      vertex -1.76541 16.2933 9.64884
      vertex -1.8 23.3214 10
      vertex -1.8 16.2888 10
    endloop
  endfacet
  facet normal 0.0921443 -0.0921443 0.991473
    outer loop
      vertex 16.2644 16.8046 10.8334
      vertex 11.455 11.7262 10.8084
      vertex 16.4048 16.676 10.8084
    endloop
  endfacet
  facet normal 0.0921098 -0.0921116 0.991479
    outer loop
      vertex 11.455 11.7262 10.8084
      vertex 16.2644 16.8046 10.8334
      vertex 11.3146 11.8549 10.8334
    endloop
  endfacet
  facet normal 0.0309438 -0.0309438 0.999042
    outer loop
      vertex 16.4048 16.676 10.8084
      vertex 11.5966 11.5966 10.8
      vertex 16.5463 16.5463 10.8
    endloop
  endfacet
  facet normal 0.0309438 -0.0309438 0.999042
    outer loop
      vertex 11.5966 11.5966 10.8
      vertex 16.4048 16.676 10.8084
      vertex 11.455 11.7262 10.8084
    endloop
  endfacet
  facet normal 0.380275 -0.380267 0.843082
    outer loop
      vertex 15.6151 17.3996 11.1979
      vertex 10.7848 12.3404 11.0947
      vertex 15.7345 17.2902 11.0947
    endloop
  endfacet
  facet normal 0.380031 -0.380039 0.843295
    outer loop
      vertex 10.7848 12.3404 11.0947
      vertex 15.6151 17.3996 11.1979
      vertex 10.6653 12.4499 11.1979
    endloop
  endfacet
  facet normal 0.326208 -0.326214 0.887228
    outer loop
      vertex 15.7345 17.2902 11.0947
      vertex 10.8253 12.3033 11.0661
      vertex 15.8191 17.2127 11.0351
    endloop
  endfacet
  facet normal 0.32683 -0.326823 0.886774
    outer loop
      vertex 10.8253 12.3033 11.0661
      vertex 15.7345 17.2902 11.0947
      vertex 10.7848 12.3404 11.0947
    endloop
  endfacet
  facet normal -0.560938 0.560938 0.60885
    outer loop
      vertex 12.7203 10.3369 11.5859
      vertex 17.765 15.2164 11.7381
      vertex 17.686 15.3026 11.5859
    endloop
  endfacet
  facet normal -0.560938 0.560938 0.60885
    outer loop
      vertex 17.765 15.2164 11.7381
      vertex 12.7203 10.3369 11.5859
      vertex 12.792 10.2434 11.7381
    endloop
  endfacet
  facet normal -0.596444 0.596444 -0.537131
    outer loop
      vertex 12.8553 10.1609 14.1
      vertex 17.765 15.2164 14.2619
      vertex 17.8347 15.1403 14.1
    endloop
  endfacet
  facet normal -0.596444 0.596444 -0.537131
    outer loop
      vertex 17.765 15.2164 14.2619
      vertex 12.8553 10.1609 14.1
      vertex 12.792 10.2434 14.2619
    endloop
  endfacet
  facet normal -0.380267 0.380275 0.843082
    outer loop
      vertex 12.3404 10.7848 11.0947
      vertex 17.3996 15.6151 11.1979
      vertex 17.2902 15.7345 11.0947
    endloop
  endfacet
  facet normal -0.380039 0.380031 0.843295
    outer loop
      vertex 17.3996 15.6151 11.1979
      vertex 12.3404 10.7848 11.0947
      vertex 12.4499 10.6653 11.1979
    endloop
  endfacet
  facet normal -0.270409 0.270409 0.92399
    outer loop
      vertex 12.1054 11.0413 10.9327
      vertex 17.1358 15.9029 10.9821
      vertex 17.0551 15.991 10.9327
    endloop
  endfacet
  facet normal -0.270362 0.27036 0.924018
    outer loop
      vertex 17.1358 15.9029 10.9821
      vertex 12.1054 11.0413 10.9327
      vertex 12.1441 10.999 10.9564
    endloop
  endfacet
  facet normal -0.690376 0.690375 0.216249
    outer loop
      vertex 17.978 14.9727 12.4306
      vertex 13.0158 9.95179 12.618
      vertex 18.0035 14.9395 12.618
    endloop
  endfacet
  facet normal -0.690351 0.690355 0.216389
    outer loop
      vertex 13.0158 9.95179 12.618
      vertex 17.978 14.9727 12.4306
      vertex 12.9903 9.98503 12.4306
    endloop
  endfacet
  facet normal 0.212556 -0.212561 0.953749
    outer loop
      vertex 15.991 17.0551 10.9327
      vertex 11.1763 11.9816 10.875
      vertex 16.1261 16.9313 10.875
    endloop
  endfacet
  facet normal 0.212633 -0.212633 0.953716
    outer loop
      vertex 11.1763 11.9816 10.875
      vertex 15.991 17.0551 10.9327
      vertex 11.0413 12.1054 10.9327
    endloop
  endfacet
  facet normal -0.701071 0.701064 -0.130414
    outer loop
      vertex 13.0312 9.93175 13.1917
      vertex 18.0035 14.9395 13.382
      vertex 18.0189 14.9195 13.1917
    endloop
  endfacet
  facet normal -0.701055 0.701054 -0.130559
    outer loop
      vertex 18.0035 14.9395 13.382
      vertex 13.0312 9.93175 13.1917
      vertex 13.0158 9.95179 13.382
    endloop
  endfacet
  facet normal -0.674379 0.674379 -0.300707
    outer loop
      vertex 17.978 14.9727 13.5694
      vertex 12.9549 10.0312 13.7524
      vertex 17.9426 15.0189 13.7524
    endloop
  endfacet
  facet normal -0.6744 0.674404 -0.300606
    outer loop
      vertex 12.9549 10.0312 13.7524
      vertex 17.978 14.9727 13.5694
      vertex 12.9903 9.98503 13.5694
    endloop
  endfacet
  facet normal -0.477807 0.477807 0.737157
    outer loop
      vertex 12.5528 10.5529 11.3147
      vertex 17.5983 15.3983 11.4444
      vertex 17.5026 15.5027 11.3147
    endloop
  endfacet
  facet normal -0.477888 0.477888 0.737053
    outer loop
      vertex 17.5983 15.3983 11.4444
      vertex 12.5631 10.5417 11.3286
      vertex 12.6407 10.4407 11.4444
    endloop
  endfacet
  facet normal -0.477165 0.477115 0.738021
    outer loop
      vertex 17.5983 15.3983 11.4444
      vertex 12.5528 10.5529 11.3147
      vertex 12.5631 10.5417 11.3286
    endloop
  endfacet
  facet normal 0.477807 -0.477807 0.737157
    outer loop
      vertex 15.3983 17.5983 11.4444
      vertex 10.5529 12.5528 11.3147
      vertex 15.5027 17.5026 11.3147
    endloop
  endfacet
  facet normal 0.477115 -0.477165 0.738021
    outer loop
      vertex 15.3983 17.5983 11.4444
      vertex 10.5417 12.5631 11.3286
      vertex 10.5529 12.5528 11.3147
    endloop
  endfacet
  facet normal 0.477888 -0.477888 0.737053
    outer loop
      vertex 10.5417 12.5631 11.3286
      vertex 15.3983 17.5983 11.4444
      vertex 10.4407 12.6407 11.4444
    endloop
  endfacet
  facet normal 0.430288 -0.430296 0.793535
    outer loop
      vertex 15.5027 17.5026 11.3147
      vertex 10.6653 12.4499 11.1979
      vertex 15.6151 17.3996 11.1979
    endloop
  endfacet
  facet normal 0.430418 -0.430418 0.793398
    outer loop
      vertex 10.6653 12.4499 11.1979
      vertex 15.5027 17.5026 11.3147
      vertex 10.5529 12.5528 11.3147
    endloop
  endfacet
  facet normal 0.627205 -0.627218 -0.461748
    outer loop
      vertex 15.1403 17.8347 14.1
      vertex 10.09 12.9098 13.9298
      vertex 15.0749 17.8946 13.9298
    endloop
  endfacet
  facet normal 0.627105 -0.627105 -0.462038
    outer loop
      vertex 10.09 12.9098 13.9298
      vertex 15.1403 17.8347 14.1
      vertex 10.1609 12.8553 14.1
    endloop
  endfacet
  facet normal -0.706441 0.706434 0.0434844
    outer loop
      vertex 13.0312 9.93175 12.8083
      vertex 18.024 14.9128 13
      vertex 18.0189 14.9195 12.8083
    endloop
  endfacet
  facet normal -0.706441 0.706434 0.0434844
    outer loop
      vertex 18.024 14.9128 13
      vertex 13.0312 9.93175 12.8083
      vertex 13.0363 9.92505 13
    endloop
  endfacet
  facet normal 0.0921443 -0.0921443 -0.991473
    outer loop
      vertex 11.455 11.7262 15.1916
      vertex 16.2644 16.8046 15.1666
      vertex 16.4048 16.676 15.1916
    endloop
  endfacet
  facet normal 0.0921098 -0.0921116 -0.991479
    outer loop
      vertex 16.2644 16.8046 15.1666
      vertex 11.455 11.7262 15.1916
      vertex 11.3146 11.8549 15.1666
    endloop
  endfacet
  facet normal -0.701071 0.701064 0.130414
    outer loop
      vertex 18.0035 14.9395 12.618
      vertex 13.0312 9.93175 12.8083
      vertex 18.0189 14.9195 12.8083
    endloop
  endfacet
  facet normal -0.701055 0.701054 0.130559
    outer loop
      vertex 13.0312 9.93175 12.8083
      vertex 18.0035 14.9395 12.618
      vertex 13.0158 9.95179 12.618
    endloop
  endfacet
  facet normal -0.153252 0.153249 0.976232
    outer loop
      vertex 11.8549 11.3146 10.8334
      vertex 16.9313 16.1261 10.875
      vertex 16.8046 16.2644 10.8334
    endloop
  endfacet
  facet normal -0.153252 0.153249 0.976232
    outer loop
      vertex 16.9313 16.1261 10.875
      vertex 11.8549 11.3146 10.8334
      vertex 11.9816 11.1763 10.875
    endloop
  endfacet
  facet normal -0.380039 0.380031 -0.843295
    outer loop
      vertex 12.3404 10.7848 14.9053
      vertex 17.3996 15.6151 14.8021
      vertex 12.4499 10.6653 14.8021
    endloop
  endfacet
  facet normal -0.380267 0.380275 -0.843082
    outer loop
      vertex 17.3996 15.6151 14.8021
      vertex 12.3404 10.7848 14.9053
      vertex 17.2902 15.7345 14.9053
    endloop
  endfacet
  facet normal -0.270446 0.270441 -0.92397
    outer loop
      vertex 12.1441 10.999 15.0436
      vertex 17.175 15.8602 14.9939
      vertex 12.2253 10.9104 14.9939
    endloop
  endfacet
  facet normal -0.270711 0.270717 -0.923812
    outer loop
      vertex 17.175 15.8602 14.9939
      vertex 12.1441 10.999 15.0436
      vertex 17.1358 15.9029 15.0179
    endloop
  endfacet
  facet normal 0.653189 -0.653186 -0.383005
    outer loop
      vertex 10.0312 12.9549 13.7524
      vertex 15.0412 17.9254 13.8198
      vertex 15.0749 17.8946 13.9298
    endloop
  endfacet
  facet normal 0.653238 -0.653238 -0.382832
    outer loop
      vertex 15.0412 17.9254 13.8198
      vertex 10.0312 12.9549 13.7524
      vertex 15.0189 17.9426 13.7524
    endloop
  endfacet
  facet normal 0.653292 -0.653305 -0.382625
    outer loop
      vertex 10.0312 12.9549 13.7524
      vertex 15.0749 17.8946 13.9298
      vertex 10.09 12.9098 13.9298
    endloop
  endfacet
  facet normal 0.560938 -0.560938 0.60885
    outer loop
      vertex 15.2164 17.765 11.7381
      vertex 10.3369 12.7203 11.5859
      vertex 15.3026 17.686 11.5859
    endloop
  endfacet
  facet normal 0.560938 -0.560938 0.60885
    outer loop
      vertex 10.3369 12.7203 11.5859
      vertex 15.2164 17.765 11.7381
      vertex 10.2434 12.792 11.7381
    endloop
  endfacet
  facet normal 0.560938 -0.560938 -0.60885
    outer loop
      vertex 10.3369 12.7203 14.4141
      vertex 15.2164 17.765 14.2619
      vertex 15.3026 17.686 14.4141
    endloop
  endfacet
  facet normal 0.560938 -0.560938 -0.60885
    outer loop
      vertex 15.2164 17.765 14.2619
      vertex 10.3369 12.7203 14.4141
      vertex 10.2434 12.792 14.2619
    endloop
  endfacet
  facet normal -0.270362 0.27036 -0.924018
    outer loop
      vertex 12.1054 11.0413 15.0673
      vertex 17.1358 15.9029 15.0179
      vertex 12.1441 10.999 15.0436
    endloop
  endfacet
  facet normal -0.270409 0.270409 -0.92399
    outer loop
      vertex 17.1358 15.9029 15.0179
      vertex 12.1054 11.0413 15.0673
      vertex 17.0551 15.991 15.0673
    endloop
  endfacet
  facet normal 0.270409 -0.270409 -0.92399
    outer loop
      vertex 11.0413 12.1054 15.0673
      vertex 15.9029 17.1358 15.0179
      vertex 15.991 17.0551 15.0673
    endloop
  endfacet
  facet normal 0.27036 -0.270362 -0.924018
    outer loop
      vertex 15.9029 17.1358 15.0179
      vertex 11.0413 12.1054 15.0673
      vertex 10.999 12.1441 15.0436
    endloop
  endfacet
  facet normal -0.212561 0.212556 0.953749
    outer loop
      vertex 11.9816 11.1763 10.875
      vertex 17.0551 15.991 10.9327
      vertex 16.9313 16.1261 10.875
    endloop
  endfacet
  facet normal -0.212633 0.212633 0.953716
    outer loop
      vertex 17.0551 15.991 10.9327
      vertex 11.9816 11.1763 10.875
      vertex 12.1054 11.0413 10.9327
    endloop
  endfacet
  facet normal 0.477807 -0.477807 -0.737157
    outer loop
      vertex 10.5529 12.5528 14.6853
      vertex 15.3983 17.5983 14.5556
      vertex 15.5027 17.5026 14.6853
    endloop
  endfacet
  facet normal 0.479043 -0.478955 -0.735608
    outer loop
      vertex 10.5417 12.5631 14.6713
      vertex 15.3983 17.5983 14.5556
      vertex 10.5529 12.5528 14.6853
    endloop
  endfacet
  facet normal 0.477663 -0.477663 -0.737344
    outer loop
      vertex 15.3983 17.5983 14.5556
      vertex 10.5417 12.5631 14.6713
      vertex 10.4407 12.6407 14.5556
    endloop
  endfacet
  facet normal 0.270409 -0.270409 0.92399
    outer loop
      vertex 15.9029 17.1358 10.9821
      vertex 11.0413 12.1054 10.9327
      vertex 15.991 17.0551 10.9327
    endloop
  endfacet
  facet normal 0.27036 -0.270362 0.924018
    outer loop
      vertex 11.0413 12.1054 10.9327
      vertex 15.9029 17.1358 10.9821
      vertex 10.999 12.1441 10.9564
    endloop
  endfacet
  facet normal 0.153249 -0.153252 0.976232
    outer loop
      vertex 16.1261 16.9313 10.875
      vertex 11.3146 11.8549 10.8334
      vertex 16.2644 16.8046 10.8334
    endloop
  endfacet
  facet normal 0.153249 -0.153252 0.976232
    outer loop
      vertex 11.3146 11.8549 10.8334
      vertex 16.1261 16.9313 10.875
      vertex 11.1763 11.9816 10.875
    endloop
  endfacet
  facet normal -0.326823 0.32683 -0.886774
    outer loop
      vertex 12.3033 10.8253 14.9339
      vertex 17.2902 15.7345 14.9053
      vertex 12.3404 10.7848 14.9053
    endloop
  endfacet
  facet normal -0.326214 0.326208 -0.887228
    outer loop
      vertex 17.2902 15.7345 14.9053
      vertex 12.3033 10.8253 14.9339
      vertex 17.2127 15.8191 14.9649
    endloop
  endfacet
  facet normal -0.0309438 0.0309438 0.999042
    outer loop
      vertex 11.5966 11.5966 10.8
      vertex 16.676 16.4048 10.8084
      vertex 16.5463 16.5463 10.8
    endloop
  endfacet
  facet normal -0.0309438 0.0309438 0.999042
    outer loop
      vertex 16.676 16.4048 10.8084
      vertex 11.5966 11.5966 10.8
      vertex 11.7262 11.455 10.8084
    endloop
  endfacet
  facet normal 0.701064 -0.701071 0.130414
    outer loop
      vertex 9.93175 13.0312 12.8083
      vertex 14.9395 18.0035 12.618
      vertex 14.9195 18.0189 12.8083
    endloop
  endfacet
  facet normal 0.701054 -0.701055 0.130559
    outer loop
      vertex 14.9395 18.0035 12.618
      vertex 9.93175 13.0312 12.8083
      vertex 9.95179 13.0158 12.618
    endloop
  endfacet
  facet normal 0.690375 -0.690376 0.216249
    outer loop
      vertex 9.95179 13.0158 12.618
      vertex 14.9727 17.978 12.4306
      vertex 14.9395 18.0035 12.618
    endloop
  endfacet
  facet normal 0.690355 -0.690351 0.216389
    outer loop
      vertex 14.9727 17.978 12.4306
      vertex 9.95179 13.0158 12.618
      vertex 9.98503 12.9903 12.4306
    endloop
  endfacet
  facet normal 0.653238 -0.653238 0.382832
    outer loop
      vertex 10.0312 12.9549 12.2476
      vertex 15.0412 17.9254 12.1802
      vertex 15.0189 17.9426 12.2476
    endloop
  endfacet
  facet normal 0.653189 -0.653186 0.383005
    outer loop
      vertex 15.0412 17.9254 12.1802
      vertex 10.0312 12.9549 12.2476
      vertex 15.0749 17.8946 12.0702
    endloop
  endfacet
  facet normal 0.653292 -0.653305 0.382625
    outer loop
      vertex 15.0749 17.8946 12.0702
      vertex 10.0312 12.9549 12.2476
      vertex 10.09 12.9098 12.0702
    endloop
  endfacet
  facet normal 0.212556 -0.212561 -0.953749
    outer loop
      vertex 11.1763 11.9816 15.125
      vertex 15.991 17.0551 15.0673
      vertex 16.1261 16.9313 15.125
    endloop
  endfacet
  facet normal 0.212633 -0.212633 -0.953716
    outer loop
      vertex 15.991 17.0551 15.0673
      vertex 11.1763 11.9816 15.125
      vertex 11.0413 12.1054 15.0673
    endloop
  endfacet
  facet normal 0.674404 -0.6744 0.300606
    outer loop
      vertex 10.0312 12.9549 12.2476
      vertex 14.9727 17.978 12.4306
      vertex 9.98503 12.9903 12.4306
    endloop
  endfacet
  facet normal 0.674379 -0.674379 0.300707
    outer loop
      vertex 14.9727 17.978 12.4306
      vertex 10.0312 12.9549 12.2476
      vertex 15.0189 17.9426 12.2476
    endloop
  endfacet
  facet normal -0.653242 0.653234 -0.382832
    outer loop
      vertex 12.9098 10.09 13.9298
      vertex 17.9254 15.0412 13.8198
      vertex 17.9426 15.0189 13.7524
    endloop
  endfacet
  facet normal -0.653194 0.653181 -0.383005
    outer loop
      vertex 17.9254 15.0412 13.8198
      vertex 12.9098 10.09 13.9298
      vertex 17.8946 15.0749 13.9298
    endloop
  endfacet
  facet normal -0.653299 0.653299 -0.382625
    outer loop
      vertex 12.9098 10.09 13.9298
      vertex 17.9426 15.0189 13.7524
      vertex 12.9549 10.0312 13.7524
    endloop
  endfacet
  facet normal -0.521292 0.521292 -0.675654
    outer loop
      vertex 12.6407 10.4407 14.5556
      vertex 17.686 15.3026 14.4141
      vertex 12.7203 10.3369 14.4141
    endloop
  endfacet
  facet normal -0.521292 0.521292 -0.675654
    outer loop
      vertex 17.686 15.3026 14.4141
      vertex 12.6407 10.4407 14.5556
      vertex 17.5983 15.3983 14.5556
    endloop
  endfacet
  facet normal -0.430418 0.430418 -0.793398
    outer loop
      vertex 12.4499 10.6653 14.8021
      vertex 17.5026 15.5027 14.6853
      vertex 12.5528 10.5529 14.6853
    endloop
  endfacet
  facet normal -0.430296 0.430288 -0.793535
    outer loop
      vertex 17.5026 15.5027 14.6853
      vertex 12.4499 10.6653 14.8021
      vertex 17.3996 15.6151 14.8021
    endloop
  endfacet
  facet normal -0.326214 0.326208 0.887228
    outer loop
      vertex 12.3033 10.8253 11.0661
      vertex 17.2902 15.7345 11.0947
      vertex 17.2127 15.8191 11.0351
    endloop
  endfacet
  facet normal -0.326823 0.32683 0.886774
    outer loop
      vertex 17.2902 15.7345 11.0947
      vertex 12.3033 10.8253 11.0661
      vertex 12.3404 10.7848 11.0947
    endloop
  endfacet
  facet normal -0.0921443 0.0921443 0.991473
    outer loop
      vertex 11.7262 11.455 10.8084
      vertex 16.8046 16.2644 10.8334
      vertex 16.676 16.4048 10.8084
    endloop
  endfacet
  facet normal -0.0921116 0.0921098 0.991479
    outer loop
      vertex 16.8046 16.2644 10.8334
      vertex 11.7262 11.455 10.8084
      vertex 11.8549 11.3146 10.8334
    endloop
  endfacet
  facet normal 0.521292 -0.521292 0.675654
    outer loop
      vertex 15.3026 17.686 11.5859
      vertex 10.4407 12.6407 11.4444
      vertex 15.3983 17.5983 11.4444
    endloop
  endfacet
  facet normal 0.521292 -0.521292 0.675654
    outer loop
      vertex 10.4407 12.6407 11.4444
      vertex 15.3026 17.686 11.5859
      vertex 10.3369 12.7203 11.5859
    endloop
  endfacet
  facet normal -0.430296 0.430288 0.793535
    outer loop
      vertex 12.4499 10.6653 11.1979
      vertex 17.5026 15.5027 11.3147
      vertex 17.3996 15.6151 11.1979
    endloop
  endfacet
  facet normal -0.430418 0.430418 0.793398
    outer loop
      vertex 17.5026 15.5027 11.3147
      vertex 12.4499 10.6653 11.1979
      vertex 12.5528 10.5529 11.3147
    endloop
  endfacet
  facet normal 0.701064 -0.701071 -0.130414
    outer loop
      vertex 14.9395 18.0035 13.382
      vertex 9.93175 13.0312 13.1917
      vertex 14.9195 18.0189 13.1917
    endloop
  endfacet
  facet normal 0.701054 -0.701055 -0.130559
    outer loop
      vertex 9.93175 13.0312 13.1917
      vertex 14.9395 18.0035 13.382
      vertex 9.95179 13.0158 13.382
    endloop
  endfacet
  facet normal -0.153252 0.153249 -0.976232
    outer loop
      vertex 11.8549 11.3146 15.1666
      vertex 16.9313 16.1261 15.125
      vertex 11.9816 11.1763 15.125
    endloop
  endfacet
  facet normal -0.153252 0.153249 -0.976232
    outer loop
      vertex 16.9313 16.1261 15.125
      vertex 11.8549 11.3146 15.1666
      vertex 16.8046 16.2644 15.1666
    endloop
  endfacet
  facet normal -0.653194 0.653181 0.383005
    outer loop
      vertex 12.9098 10.09 12.0702
      vertex 17.9254 15.0412 12.1802
      vertex 17.8946 15.0749 12.0702
    endloop
  endfacet
  facet normal -0.653242 0.653234 0.382832
    outer loop
      vertex 17.9254 15.0412 12.1802
      vertex 12.9098 10.09 12.0702
      vertex 17.9426 15.0189 12.2476
    endloop
  endfacet
  facet normal -0.653299 0.653299 0.382625
    outer loop
      vertex 17.9426 15.0189 12.2476
      vertex 12.9098 10.09 12.0702
      vertex 12.9549 10.0312 12.2476
    endloop
  endfacet
  facet normal 0.430288 -0.430296 -0.793535
    outer loop
      vertex 10.6653 12.4499 14.8021
      vertex 15.5027 17.5026 14.6853
      vertex 15.6151 17.3996 14.8021
    endloop
  endfacet
  facet normal 0.430418 -0.430418 -0.793398
    outer loop
      vertex 15.5027 17.5026 14.6853
      vertex 10.6653 12.4499 14.8021
      vertex 10.5529 12.5528 14.6853
    endloop
  endfacet
  facet normal 0.270717 -0.270711 0.923812
    outer loop
      vertex 15.8602 17.175 11.0061
      vertex 10.999 12.1441 10.9564
      vertex 15.9029 17.1358 10.9821
    endloop
  endfacet
  facet normal 0.270441 -0.270446 0.92397
    outer loop
      vertex 10.999 12.1441 10.9564
      vertex 15.8602 17.175 11.0061
      vertex 10.9104 12.2253 11.0061
    endloop
  endfacet
  facet normal -0.706441 0.706434 -0.0434844
    outer loop
      vertex 18.024 14.9128 13
      vertex 13.0312 9.93175 13.1917
      vertex 18.0189 14.9195 13.1917
    endloop
  endfacet
  facet normal -0.706441 0.706434 -0.0434844
    outer loop
      vertex 13.0312 9.93175 13.1917
      vertex 18.024 14.9128 13
      vertex 13.0363 9.92505 13
    endloop
  endfacet
  facet normal 0.690375 -0.690376 -0.216249
    outer loop
      vertex 14.9727 17.978 13.5694
      vertex 9.95179 13.0158 13.382
      vertex 14.9395 18.0035 13.382
    endloop
  endfacet
  facet normal 0.690355 -0.690351 -0.216389
    outer loop
      vertex 9.95179 13.0158 13.382
      vertex 14.9727 17.978 13.5694
      vertex 9.98503 12.9903 13.5694
    endloop
  endfacet
  facet normal -0.627218 0.627205 -0.461748
    outer loop
      vertex 12.9098 10.09 13.9298
      vertex 17.8347 15.1403 14.1
      vertex 17.8946 15.0749 13.9298
    endloop
  endfacet
  facet normal -0.627105 0.627105 -0.462038
    outer loop
      vertex 17.8347 15.1403 14.1
      vertex 12.9098 10.09 13.9298
      vertex 12.8553 10.1609 14.1
    endloop
  endfacet
  facet normal -0.477663 0.477663 -0.737344
    outer loop
      vertex 12.5631 10.5417 14.6713
      vertex 17.5983 15.3983 14.5556
      vertex 12.6407 10.4407 14.5556
    endloop
  endfacet
  facet normal -0.478955 0.479043 -0.735608
    outer loop
      vertex 12.5528 10.5529 14.6853
      vertex 17.5983 15.3983 14.5556
      vertex 12.5631 10.5417 14.6713
    endloop
  endfacet
  facet normal -0.477807 0.477807 -0.737157
    outer loop
      vertex 17.5983 15.3983 14.5556
      vertex 12.5528 10.5529 14.6853
      vertex 17.5026 15.5027 14.6853
    endloop
  endfacet
  facet normal 0.706434 -0.706441 0.0434844
    outer loop
      vertex 9.92505 13.0363 13
      vertex 14.9195 18.0189 12.8083
      vertex 14.9128 18.024 13
    endloop
  endfacet
  facet normal 0.706434 -0.706441 0.0434844
    outer loop
      vertex 14.9195 18.0189 12.8083
      vertex 9.92505 13.0363 13
      vertex 9.93175 13.0312 12.8083
    endloop
  endfacet
  facet normal 0.674381 -0.674377 -0.300707
    outer loop
      vertex 15.0189 17.9426 13.7524
      vertex 9.98503 12.9903 13.5694
      vertex 14.9727 17.978 13.5694
    endloop
  endfacet
  facet normal 0.674402 -0.674402 -0.300606
    outer loop
      vertex 9.98503 12.9903 13.5694
      vertex 15.0189 17.9426 13.7524
      vertex 10.0312 12.9549 13.7524
    endloop
  endfacet
  facet normal 0.596444 -0.596444 -0.537131
    outer loop
      vertex 15.2164 17.765 14.2619
      vertex 10.1609 12.8553 14.1
      vertex 15.1403 17.8347 14.1
    endloop
  endfacet
  facet normal 0.596444 -0.596444 -0.537131
    outer loop
      vertex 10.1609 12.8553 14.1
      vertex 15.2164 17.765 14.2619
      vertex 10.2434 12.792 14.2619
    endloop
  endfacet
  facet normal -0.560938 0.560938 -0.60885
    outer loop
      vertex 12.7203 10.3369 14.4141
      vertex 17.765 15.2164 14.2619
      vertex 12.792 10.2434 14.2619
    endloop
  endfacet
  facet normal -0.560938 0.560938 -0.60885
    outer loop
      vertex 17.765 15.2164 14.2619
      vertex 12.7203 10.3369 14.4141
      vertex 17.686 15.3026 14.4141
    endloop
  endfacet
  facet normal 0.596444 -0.596444 0.537131
    outer loop
      vertex 10.1609 12.8553 11.9
      vertex 15.2164 17.765 11.7381
      vertex 15.1403 17.8347 11.9
    endloop
  endfacet
  facet normal 0.596444 -0.596444 0.537131
    outer loop
      vertex 15.2164 17.765 11.7381
      vertex 10.1609 12.8553 11.9
      vertex 10.2434 12.792 11.7381
    endloop
  endfacet
  facet normal 0.326449 -0.326456 0.88705
    outer loop
      vertex 15.8191 17.2127 11.0351
      vertex 10.9104 12.2253 11.0061
      vertex 15.8602 17.175 11.0061
    endloop
  endfacet
  facet normal 0.326345 -0.326354 0.887126
    outer loop
      vertex 10.9104 12.2253 11.0061
      vertex 15.8191 17.2127 11.0351
      vertex 10.8253 12.3033 11.0661
    endloop
  endfacet
  facet normal -0.0921116 0.0921098 -0.991479
    outer loop
      vertex 11.7262 11.455 15.1916
      vertex 16.8046 16.2644 15.1666
      vertex 11.8549 11.3146 15.1666
    endloop
  endfacet
  facet normal -0.0921443 0.0921443 -0.991473
    outer loop
      vertex 16.8046 16.2644 15.1666
      vertex 11.7262 11.455 15.1916
      vertex 16.676 16.4048 15.1916
    endloop
  endfacet
  facet normal 0.521292 -0.521292 -0.675654
    outer loop
      vertex 10.4407 12.6407 14.5556
      vertex 15.3026 17.686 14.4141
      vertex 15.3983 17.5983 14.5556
    endloop
  endfacet
  facet normal 0.521292 -0.521292 -0.675654
    outer loop
      vertex 15.3026 17.686 14.4141
      vertex 10.4407 12.6407 14.5556
      vertex 10.3369 12.7203 14.4141
    endloop
  endfacet
  facet normal -0.0309438 0.0309438 -0.999042
    outer loop
      vertex 11.5966 11.5966 15.2
      vertex 16.676 16.4048 15.1916
      vertex 11.7262 11.455 15.1916
    endloop
  endfacet
  facet normal -0.0309438 0.0309438 -0.999042
    outer loop
      vertex 16.676 16.4048 15.1916
      vertex 11.5966 11.5966 15.2
      vertex 16.5463 16.5463 15.2
    endloop
  endfacet
  facet normal 0.326449 -0.326456 -0.88705
    outer loop
      vertex 10.9104 12.2253 14.9939
      vertex 15.8191 17.2127 14.9649
      vertex 15.8602 17.175 14.9939
    endloop
  endfacet
  facet normal 0.326345 -0.326354 -0.887126
    outer loop
      vertex 15.8191 17.2127 14.9649
      vertex 10.9104 12.2253 14.9939
      vertex 10.8253 12.3033 14.9339
    endloop
  endfacet
  facet normal 0.153249 -0.153252 -0.976232
    outer loop
      vertex 11.3146 11.8549 15.1666
      vertex 16.1261 16.9313 15.125
      vertex 16.2644 16.8046 15.1666
    endloop
  endfacet
  facet normal 0.153249 -0.153252 -0.976232
    outer loop
      vertex 16.1261 16.9313 15.125
      vertex 11.3146 11.8549 15.1666
      vertex 11.1763 11.9816 15.125
    endloop
  endfacet
  facet normal -0.212633 0.212633 -0.953716
    outer loop
      vertex 11.9816 11.1763 15.125
      vertex 17.0551 15.991 15.0673
      vertex 12.1054 11.0413 15.0673
    endloop
  endfacet
  facet normal -0.212561 0.212556 -0.953749
    outer loop
      vertex 17.0551 15.991 15.0673
      vertex 11.9816 11.1763 15.125
      vertex 16.9313 16.1261 15.125
    endloop
  endfacet
  facet normal -0.674379 0.674379 0.300707
    outer loop
      vertex 12.9549 10.0312 12.2476
      vertex 17.978 14.9727 12.4306
      vertex 17.9426 15.0189 12.2476
    endloop
  endfacet
  facet normal -0.6744 0.674404 0.300606
    outer loop
      vertex 17.978 14.9727 12.4306
      vertex 12.9549 10.0312 12.2476
      vertex 12.9903 9.98503 12.4306
    endloop
  endfacet
  facet normal -0.627218 0.627205 0.461748
    outer loop
      vertex 17.8347 15.1403 11.9
      vertex 12.9098 10.09 12.0702
      vertex 17.8946 15.0749 12.0702
    endloop
  endfacet
  facet normal -0.627105 0.627105 0.462038
    outer loop
      vertex 12.9098 10.09 12.0702
      vertex 17.8347 15.1403 11.9
      vertex 12.8553 10.1609 11.9
    endloop
  endfacet
  facet normal -0.326456 0.326449 0.88705
    outer loop
      vertex 12.2253 10.9104 11.0061
      vertex 17.2127 15.8191 11.0351
      vertex 17.175 15.8602 11.0061
    endloop
  endfacet
  facet normal -0.326354 0.326345 0.887126
    outer loop
      vertex 17.2127 15.8191 11.0351
      vertex 12.2253 10.9104 11.0061
      vertex 12.3033 10.8253 11.0661
    endloop
  endfacet
  facet normal -0.270711 0.270717 0.923812
    outer loop
      vertex 12.1441 10.999 10.9564
      vertex 17.175 15.8602 11.0061
      vertex 17.1358 15.9029 10.9821
    endloop
  endfacet
  facet normal -0.270446 0.270441 0.92397
    outer loop
      vertex 17.175 15.8602 11.0061
      vertex 12.1441 10.999 10.9564
      vertex 12.2253 10.9104 11.0061
    endloop
  endfacet
  facet normal 0.326208 -0.326214 -0.887228
    outer loop
      vertex 10.8253 12.3033 14.9339
      vertex 15.7345 17.2902 14.9053
      vertex 15.8191 17.2127 14.9649
    endloop
  endfacet
  facet normal 0.32683 -0.326823 -0.886774
    outer loop
      vertex 15.7345 17.2902 14.9053
      vertex 10.8253 12.3033 14.9339
      vertex 10.7848 12.3404 14.9053
    endloop
  endfacet
  facet normal -0.596444 0.596444 0.537131
    outer loop
      vertex 17.765 15.2164 11.7381
      vertex 12.8553 10.1609 11.9
      vertex 17.8347 15.1403 11.9
    endloop
  endfacet
  facet normal -0.596444 0.596444 0.537131
    outer loop
      vertex 12.8553 10.1609 11.9
      vertex 17.765 15.2164 11.7381
      vertex 12.792 10.2434 11.7381
    endloop
  endfacet
  facet normal 0.706434 -0.706441 -0.0434844
    outer loop
      vertex 14.9195 18.0189 13.1917
      vertex 9.92505 13.0363 13
      vertex 14.9128 18.024 13
    endloop
  endfacet
  facet normal 0.706434 -0.706441 -0.0434844
    outer loop
      vertex 9.92505 13.0363 13
      vertex 14.9195 18.0189 13.1917
      vertex 9.93175 13.0312 13.1917
    endloop
  endfacet
  facet normal 0.270717 -0.270711 -0.923812
    outer loop
      vertex 10.999 12.1441 15.0436
      vertex 15.8602 17.175 14.9939
      vertex 15.9029 17.1358 15.0179
    endloop
  endfacet
  facet normal 0.270441 -0.270446 -0.92397
    outer loop
      vertex 15.8602 17.175 14.9939
      vertex 10.999 12.1441 15.0436
      vertex 10.9104 12.2253 14.9939
    endloop
  endfacet
  facet normal 0.627205 -0.627218 0.461748
    outer loop
      vertex 10.09 12.9098 12.0702
      vertex 15.1403 17.8347 11.9
      vertex 15.0749 17.8946 12.0702
    endloop
  endfacet
  facet normal 0.627105 -0.627105 0.462038
    outer loop
      vertex 15.1403 17.8347 11.9
      vertex 10.09 12.9098 12.0702
      vertex 10.1609 12.8553 11.9
    endloop
  endfacet
  facet normal 0.380275 -0.380267 -0.843082
    outer loop
      vertex 10.7848 12.3404 14.9053
      vertex 15.6151 17.3996 14.8021
      vertex 15.7345 17.2902 14.9053
    endloop
  endfacet
  facet normal 0.380031 -0.380039 -0.843295
    outer loop
      vertex 15.6151 17.3996 14.8021
      vertex 10.7848 12.3404 14.9053
      vertex 10.6653 12.4499 14.8021
    endloop
  endfacet
  facet normal -0.326354 0.326345 -0.887126
    outer loop
      vertex 12.2253 10.9104 14.9939
      vertex 17.2127 15.8191 14.9649
      vertex 12.3033 10.8253 14.9339
    endloop
  endfacet
  facet normal -0.326456 0.326449 -0.88705
    outer loop
      vertex 17.2127 15.8191 14.9649
      vertex 12.2253 10.9104 14.9939
      vertex 17.175 15.8602 14.9939
    endloop
  endfacet
  facet normal 0.0309438 -0.0309438 -0.999042
    outer loop
      vertex 11.5966 11.5966 15.2
      vertex 16.4048 16.676 15.1916
      vertex 16.5463 16.5463 15.2
    endloop
  endfacet
  facet normal 0.0309438 -0.0309438 -0.999042
    outer loop
      vertex 16.4048 16.676 15.1916
      vertex 11.5966 11.5966 15.2
      vertex 11.455 11.7262 15.1916
    endloop
  endfacet
  facet normal -0.521292 0.521292 0.675654
    outer loop
      vertex 12.6407 10.4407 11.4444
      vertex 17.686 15.3026 11.5859
      vertex 17.5983 15.3983 11.4444
    endloop
  endfacet
  facet normal -0.521292 0.521292 0.675654
    outer loop
      vertex 17.686 15.3026 11.5859
      vertex 12.6407 10.4407 11.4444
      vertex 12.7203 10.3369 11.5859
    endloop
  endfacet
  facet normal -0.690376 0.690375 -0.216249
    outer loop
      vertex 13.0158 9.95179 13.382
      vertex 17.978 14.9727 13.5694
      vertex 18.0035 14.9395 13.382
    endloop
  endfacet
  facet normal -0.690351 0.690355 -0.216389
    outer loop
      vertex 17.978 14.9727 13.5694
      vertex 13.0158 9.95179 13.382
      vertex 12.9903 9.98503 13.5694
    endloop
  endfacet
endsolid OpenSCAD_Model
