solid OpenSCAD_Model
  facet normal -0.555613 0.831441 0
    outer loop
      vertex 20.8192 -0.919238 25.257
      vertex 20.3975 -1.20104 34
      vertex 20.8192 -0.919238 34
    endloop
  endfacet
  facet normal -0.555613 0.831441 0
    outer loop
      vertex 20.3975 -1.20104 34
      vertex 20.8192 -0.919238 25.257
      vertex 20.3975 -1.20104 25.1715
    endloop
  endfacet
  facet normal -0.831482 -0.555552 0
    outer loop
      vertex 20.9902 0.663306 25.3347
      vertex 20.8192 0.919238 34
      vertex 20.8192 0.919238 25.257
    endloop
  endfacet
  facet normal -0.831461 -0.555584 1.37762e-06
    outer loop
      vertex 21.101 0.497488 25.351
      vertex 20.8192 0.919238 34
      vertex 20.9902 0.663306 25.3347
    endloop
  endfacet
  facet normal -0.831474 -0.555564 0
    outer loop
      vertex 20.8192 0.919238 34
      vertex 21.101 0.497488 25.351
      vertex 21.101 0.497488 34
    endloop
  endfacet
  facet normal -0.980769 -0.195173 0
    outer loop
      vertex 21.2 0 25.4
      vertex 21.101 0.497488 34
      vertex 21.101 0.497488 25.351
    endloop
  endfacet
  facet normal -0.980769 -0.195173 0
    outer loop
      vertex 21.101 0.497488 34
      vertex 21.2 0 25.4
      vertex 21.2 0 34
    endloop
  endfacet
  facet normal -0.555613 -0.831441 0
    outer loop
      vertex 20.3975 1.20104 34
      vertex 20.8192 0.919238 25.257
      vertex 20.8192 0.919238 34
    endloop
  endfacet
  facet normal -0.555613 -0.831441 0
    outer loop
      vertex 20.8192 0.919238 25.257
      vertex 20.3975 1.20104 34
      vertex 20.3975 1.20104 25.1715
    endloop
  endfacet
  facet normal 0.980769 -0.195173 0
    outer loop
      vertex 18.6 0 25.4
      vertex 18.699 0.497488 34
      vertex 18.6 0 34
    endloop
  endfacet
  facet normal 0.980769 -0.195173 0
    outer loop
      vertex 18.699 0.497488 34
      vertex 18.6 0 25.4
      vertex 18.699 0.497488 25.351
    endloop
  endfacet
  facet normal -0.195092 -0.980785 0
    outer loop
      vertex 19.9 1.3 34
      vertex 20.3975 1.20104 25.1715
      vertex 20.3975 1.20104 34
    endloop
  endfacet
  facet normal -0.195092 -0.980785 0
    outer loop
      vertex 20.3975 1.20104 25.1715
      vertex 19.9 1.3 34
      vertex 19.9 1.3 25.1415
    endloop
  endfacet
  facet normal 0.980769 0.195173 0
    outer loop
      vertex 18.699 -0.497488 34
      vertex 18.6 0 25.4
      vertex 18.6 0 34
    endloop
  endfacet
  facet normal 0.980769 0.195173 0
    outer loop
      vertex 18.6 0 25.4
      vertex 18.699 -0.497488 34
      vertex 18.699 -0.497488 25.351
    endloop
  endfacet
  facet normal -0.980769 0.195173 0
    outer loop
      vertex 21.101 -0.497488 34
      vertex 21.2 0 25.4
      vertex 21.101 -0.497488 25.351
    endloop
  endfacet
  facet normal -0.980769 0.195173 0
    outer loop
      vertex 21.2 0 25.4
      vertex 21.101 -0.497488 34
      vertex 21.2 0 34
    endloop
  endfacet
  facet normal 0.831474 0.555564 0
    outer loop
      vertex 18.9808 -0.919238 34
      vertex 18.699 -0.497488 25.351
      vertex 18.699 -0.497488 34
    endloop
  endfacet
  facet normal 0.831461 0.555584 1.37762e-06
    outer loop
      vertex 18.699 -0.497488 25.351
      vertex 18.9808 -0.919238 34
      vertex 18.8098 -0.663306 25.3347
    endloop
  endfacet
  facet normal 0.831482 0.555552 0
    outer loop
      vertex 18.8098 -0.663306 25.3347
      vertex 18.9808 -0.919238 34
      vertex 18.9808 -0.919238 25.257
    endloop
  endfacet
  facet normal 0.555613 -0.831441 0
    outer loop
      vertex 18.9808 0.919238 25.257
      vertex 19.4025 1.20104 34
      vertex 18.9808 0.919238 34
    endloop
  endfacet
  facet normal 0.555613 -0.831441 0
    outer loop
      vertex 19.4025 1.20104 34
      vertex 18.9808 0.919238 25.257
      vertex 19.4025 1.20104 25.1715
    endloop
  endfacet
  facet normal -0.831461 0.555584 1.37762e-06
    outer loop
      vertex 20.8192 -0.919238 34
      vertex 21.101 -0.497488 25.351
      vertex 20.9902 -0.663306 25.3347
    endloop
  endfacet
  facet normal -0.831482 0.555552 0
    outer loop
      vertex 20.8192 -0.919238 34
      vertex 20.9902 -0.663306 25.3347
      vertex 20.8192 -0.919238 25.257
    endloop
  endfacet
  facet normal -0.831474 0.555564 0
    outer loop
      vertex 21.101 -0.497488 25.351
      vertex 20.8192 -0.919238 34
      vertex 21.101 -0.497488 34
    endloop
  endfacet
  facet normal -0.195092 0.980785 0
    outer loop
      vertex 20.3975 -1.20104 25.1715
      vertex 19.9 -1.3 34
      vertex 20.3975 -1.20104 34
    endloop
  endfacet
  facet normal -0.195092 0.980785 0
    outer loop
      vertex 19.9 -1.3 34
      vertex 20.3975 -1.20104 25.1715
      vertex 19.9 -1.3 25.1415
    endloop
  endfacet
  facet normal 0.195092 -0.980785 0
    outer loop
      vertex 19.4025 1.20104 25.1715
      vertex 19.9 1.3 34
      vertex 19.4025 1.20104 34
    endloop
  endfacet
  facet normal 0.195092 -0.980785 0
    outer loop
      vertex 19.9 1.3 34
      vertex 19.4025 1.20104 25.1715
      vertex 19.9 1.3 25.1415
    endloop
  endfacet
  facet normal 0.195092 0.980785 0
    outer loop
      vertex 19.9 -1.3 34
      vertex 19.4025 -1.20104 25.1715
      vertex 19.4025 -1.20104 34
    endloop
  endfacet
  facet normal 0.195092 0.980785 0
    outer loop
      vertex 19.4025 -1.20104 25.1715
      vertex 19.9 -1.3 34
      vertex 19.9 -1.3 25.1415
    endloop
  endfacet
  facet normal 0.831482 -0.555552 0
    outer loop
      vertex 18.9808 0.919238 34
      vertex 18.8098 0.663306 25.3347
      vertex 18.9808 0.919238 25.257
    endloop
  endfacet
  facet normal 0.831474 -0.555564 0
    outer loop
      vertex 18.699 0.497488 25.351
      vertex 18.9808 0.919238 34
      vertex 18.699 0.497488 34
    endloop
  endfacet
  facet normal 0.831461 -0.555584 1.37762e-06
    outer loop
      vertex 18.9808 0.919238 34
      vertex 18.699 0.497488 25.351
      vertex 18.8098 0.663306 25.3347
    endloop
  endfacet
  facet normal 0.555613 0.831441 0
    outer loop
      vertex 19.4025 -1.20104 34
      vertex 18.9808 -0.919238 25.257
      vertex 18.9808 -0.919238 34
    endloop
  endfacet
  facet normal 0.555613 0.831441 0
    outer loop
      vertex 18.9808 -0.919238 25.257
      vertex 19.4025 -1.20104 34
      vertex 19.4025 -1.20104 25.1715
    endloop
  endfacet
  facet normal -0.195092 0.980785 0
    outer loop
      vertex -19.4025 -1.20104 25.1715
      vertex -19.9 -1.3 34
      vertex -19.4025 -1.20104 34
    endloop
  endfacet
  facet normal -0.195092 0.980785 0
    outer loop
      vertex -19.9 -1.3 34
      vertex -19.4025 -1.20104 25.1715
      vertex -19.9 -1.3 25.1415
    endloop
  endfacet
  facet normal 0.555613 -0.831441 0
    outer loop
      vertex -20.8192 0.919238 25.257
      vertex -20.3975 1.20104 34
      vertex -20.8192 0.919238 34
    endloop
  endfacet
  facet normal 0.555613 -0.831441 0
    outer loop
      vertex -20.3975 1.20104 34
      vertex -20.8192 0.919238 25.257
      vertex -20.3975 1.20104 25.1715
    endloop
  endfacet
  facet normal 0.831474 0.555564 0
    outer loop
      vertex -20.8192 -0.919238 34
      vertex -21.101 -0.497488 25.351
      vertex -21.101 -0.497488 34
    endloop
  endfacet
  facet normal 0.831461 0.555584 1.37762e-06
    outer loop
      vertex -21.101 -0.497488 25.351
      vertex -20.8192 -0.919238 34
      vertex -20.9902 -0.663306 25.3347
    endloop
  endfacet
  facet normal 0.831482 0.555552 0
    outer loop
      vertex -20.9902 -0.663306 25.3347
      vertex -20.8192 -0.919238 34
      vertex -20.8192 -0.919238 25.257
    endloop
  endfacet
  facet normal 0.555613 0.831441 0
    outer loop
      vertex -20.3975 -1.20104 34
      vertex -20.8192 -0.919238 25.257
      vertex -20.8192 -0.919238 34
    endloop
  endfacet
  facet normal 0.555613 0.831441 0
    outer loop
      vertex -20.8192 -0.919238 25.257
      vertex -20.3975 -1.20104 34
      vertex -20.3975 -1.20104 25.1715
    endloop
  endfacet
  facet normal -0.980769 0.195173 0
    outer loop
      vertex -18.699 -0.497488 34
      vertex -18.6 0 25.4
      vertex -18.699 -0.497488 25.351
    endloop
  endfacet
  facet normal -0.980769 0.195173 0
    outer loop
      vertex -18.6 0 25.4
      vertex -18.699 -0.497488 34
      vertex -18.6 0 34
    endloop
  endfacet
  facet normal 0.195092 0.980785 0
    outer loop
      vertex -19.9 -1.3 34
      vertex -20.3975 -1.20104 25.1715
      vertex -20.3975 -1.20104 34
    endloop
  endfacet
  facet normal 0.195092 0.980785 0
    outer loop
      vertex -20.3975 -1.20104 25.1715
      vertex -19.9 -1.3 34
      vertex -19.9 -1.3 25.1415
    endloop
  endfacet
  facet normal -0.980769 -0.195173 0
    outer loop
      vertex -18.6 0 25.4
      vertex -18.699 0.497488 34
      vertex -18.699 0.497488 25.351
    endloop
  endfacet
  facet normal -0.980769 -0.195173 0
    outer loop
      vertex -18.699 0.497488 34
      vertex -18.6 0 25.4
      vertex -18.6 0 34
    endloop
  endfacet
  facet normal 0.980769 -0.195173 0
    outer loop
      vertex -21.2 0 25.4
      vertex -21.101 0.497488 34
      vertex -21.2 0 34
    endloop
  endfacet
  facet normal 0.980769 -0.195173 0
    outer loop
      vertex -21.101 0.497488 34
      vertex -21.2 0 25.4
      vertex -21.101 0.497488 25.351
    endloop
  endfacet
  facet normal 0.980769 0.195173 0
    outer loop
      vertex -21.101 -0.497488 34
      vertex -21.2 0 25.4
      vertex -21.2 0 34
    endloop
  endfacet
  facet normal 0.980769 0.195173 0
    outer loop
      vertex -21.2 0 25.4
      vertex -21.101 -0.497488 34
      vertex -21.101 -0.497488 25.351
    endloop
  endfacet
  facet normal -0.831482 -0.555552 0
    outer loop
      vertex -18.8098 0.663306 25.3347
      vertex -18.9808 0.919238 34
      vertex -18.9808 0.919238 25.257
    endloop
  endfacet
  facet normal -0.831461 -0.555584 1.37762e-06
    outer loop
      vertex -18.699 0.497488 25.351
      vertex -18.9808 0.919238 34
      vertex -18.8098 0.663306 25.3347
    endloop
  endfacet
  facet normal -0.831474 -0.555564 0
    outer loop
      vertex -18.9808 0.919238 34
      vertex -18.699 0.497488 25.351
      vertex -18.699 0.497488 34
    endloop
  endfacet
  facet normal -0.555613 0.831441 0
    outer loop
      vertex -18.9808 -0.919238 25.257
      vertex -19.4025 -1.20104 34
      vertex -18.9808 -0.919238 34
    endloop
  endfacet
  facet normal -0.555613 0.831441 0
    outer loop
      vertex -19.4025 -1.20104 34
      vertex -18.9808 -0.919238 25.257
      vertex -19.4025 -1.20104 25.1715
    endloop
  endfacet
  facet normal -0.831461 0.555584 1.37762e-06
    outer loop
      vertex -18.9808 -0.919238 34
      vertex -18.699 -0.497488 25.351
      vertex -18.8098 -0.663306 25.3347
    endloop
  endfacet
  facet normal -0.831482 0.555552 0
    outer loop
      vertex -18.9808 -0.919238 34
      vertex -18.8098 -0.663306 25.3347
      vertex -18.9808 -0.919238 25.257
    endloop
  endfacet
  facet normal -0.831474 0.555564 0
    outer loop
      vertex -18.699 -0.497488 25.351
      vertex -18.9808 -0.919238 34
      vertex -18.699 -0.497488 34
    endloop
  endfacet
  facet normal 0.195092 -0.980785 0
    outer loop
      vertex -20.3975 1.20104 25.1715
      vertex -19.9 1.3 34
      vertex -20.3975 1.20104 34
    endloop
  endfacet
  facet normal 0.195092 -0.980785 0
    outer loop
      vertex -19.9 1.3 34
      vertex -20.3975 1.20104 25.1715
      vertex -19.9 1.3 25.1415
    endloop
  endfacet
  facet normal 0.831482 -0.555552 0
    outer loop
      vertex -20.8192 0.919238 34
      vertex -20.9902 0.663306 25.3347
      vertex -20.8192 0.919238 25.257
    endloop
  endfacet
  facet normal 0.831474 -0.555564 0
    outer loop
      vertex -21.101 0.497488 25.351
      vertex -20.8192 0.919238 34
      vertex -21.101 0.497488 34
    endloop
  endfacet
  facet normal 0.831461 -0.555584 1.37762e-06
    outer loop
      vertex -20.8192 0.919238 34
      vertex -21.101 0.497488 25.351
      vertex -20.9902 0.663306 25.3347
    endloop
  endfacet
  facet normal -0.195092 -0.980785 0
    outer loop
      vertex -19.9 1.3 34
      vertex -19.4025 1.20104 25.1715
      vertex -19.4025 1.20104 34
    endloop
  endfacet
  facet normal -0.195092 -0.980785 0
    outer loop
      vertex -19.4025 1.20104 25.1715
      vertex -19.9 1.3 34
      vertex -19.9 1.3 25.1415
    endloop
  endfacet
  facet normal -0.555613 -0.831441 0
    outer loop
      vertex -19.4025 1.20104 34
      vertex -18.9808 0.919238 25.257
      vertex -18.9808 0.919238 34
    endloop
  endfacet
  facet normal -0.555613 -0.831441 0
    outer loop
      vertex -18.9808 0.919238 25.257
      vertex -19.4025 1.20104 34
      vertex -19.4025 1.20104 25.1715
    endloop
  endfacet
  facet normal -0.831441 -0.555613 0
    outer loop
      vertex 1.20104 20.3975 0
      vertex 0.919238 20.8192 8.74297
      vertex 0.919238 20.8192 0
    endloop
  endfacet
  facet normal -0.831441 -0.555613 0
    outer loop
      vertex 0.919238 20.8192 8.74297
      vertex 1.20104 20.3975 0
      vertex 1.20104 20.3975 8.82845
    endloop
  endfacet
  facet normal 0.555552 -0.831482 0
    outer loop
      vertex -0.919238 20.8192 0
      vertex -0.663306 20.9902 8.66533
      vertex -0.919238 20.8192 8.74297
    endloop
  endfacet
  facet normal 0.555584 -0.831461 -1.37761e-06
    outer loop
      vertex -0.919238 20.8192 0
      vertex -0.497488 21.101 8.649
      vertex -0.663306 20.9902 8.66533
    endloop
  endfacet
  facet normal 0.555564 -0.831474 0
    outer loop
      vertex -0.497488 21.101 8.649
      vertex -0.919238 20.8192 0
      vertex -0.497488 21.101 0
    endloop
  endfacet
  facet normal 0.195173 -0.980769 0
    outer loop
      vertex -0.497488 21.101 0
      vertex 0 21.2 8.6
      vertex -0.497488 21.101 8.649
    endloop
  endfacet
  facet normal 0.195173 -0.980769 0
    outer loop
      vertex 0 21.2 8.6
      vertex -0.497488 21.101 0
      vertex 0 21.2 0
    endloop
  endfacet
  facet normal 0.831441 -0.555613 0
    outer loop
      vertex -1.20104 20.3975 0
      vertex -0.919238 20.8192 8.74297
      vertex -1.20104 20.3975 8.82845
    endloop
  endfacet
  facet normal 0.831441 -0.555613 0
    outer loop
      vertex -0.919238 20.8192 8.74297
      vertex -1.20104 20.3975 0
      vertex -0.919238 20.8192 0
    endloop
  endfacet
  facet normal 0.195173 0.980769 0
    outer loop
      vertex -0.497488 18.699 0
      vertex 0 18.6 8.6
      vertex 0 18.6 0
    endloop
  endfacet
  facet normal 0.195173 0.980769 0
    outer loop
      vertex 0 18.6 8.6
      vertex -0.497488 18.699 0
      vertex -0.497488 18.699 8.649
    endloop
  endfacet
  facet normal 0.980785 -0.195092 0
    outer loop
      vertex -1.3 19.9 0
      vertex -1.20104 20.3975 8.82845
      vertex -1.3 19.9 8.85847
    endloop
  endfacet
  facet normal 0.980785 -0.195092 0
    outer loop
      vertex -1.20104 20.3975 8.82845
      vertex -1.3 19.9 0
      vertex -1.20104 20.3975 0
    endloop
  endfacet
  facet normal -0.195173 0.980769 0
    outer loop
      vertex 0.497488 18.699 0
      vertex 0 18.6 8.6
      vertex 0.497488 18.699 8.649
    endloop
  endfacet
  facet normal -0.195173 0.980769 0
    outer loop
      vertex 0 18.6 8.6
      vertex 0.497488 18.699 0
      vertex 0 18.6 0
    endloop
  endfacet
  facet normal -0.195173 -0.980769 0
    outer loop
      vertex 0.497488 21.101 0
      vertex 0 21.2 8.6
      vertex 0 21.2 0
    endloop
  endfacet
  facet normal -0.195173 -0.980769 0
    outer loop
      vertex 0 21.2 8.6
      vertex 0.497488 21.101 0
      vertex 0.497488 21.101 8.649
    endloop
  endfacet
  facet normal -0.555552 0.831482 0
    outer loop
      vertex 0.919238 18.9808 0
      vertex 0.663306 18.8098 8.66533
      vertex 0.919238 18.9808 8.74297
    endloop
  endfacet
  facet normal -0.555584 0.831461 -1.37761e-06
    outer loop
      vertex 0.919238 18.9808 0
      vertex 0.497488 18.699 8.649
      vertex 0.663306 18.8098 8.66533
    endloop
  endfacet
  facet normal -0.555564 0.831474 0
    outer loop
      vertex 0.497488 18.699 8.649
      vertex 0.919238 18.9808 0
      vertex 0.497488 18.699 0
    endloop
  endfacet
  facet normal 0.831441 0.555613 0
    outer loop
      vertex -0.919238 18.9808 8.74297
      vertex -1.20104 19.4025 0
      vertex -1.20104 19.4025 8.82845
    endloop
  endfacet
  facet normal 0.831441 0.555613 0
    outer loop
      vertex -1.20104 19.4025 0
      vertex -0.919238 18.9808 8.74297
      vertex -0.919238 18.9808 0
    endloop
  endfacet
  facet normal 0.555564 0.831474 0
    outer loop
      vertex -0.919238 18.9808 0
      vertex -0.497488 18.699 8.649
      vertex -0.497488 18.699 0
    endloop
  endfacet
  facet normal 0.555584 0.831461 -1.37761e-06
    outer loop
      vertex -0.497488 18.699 8.649
      vertex -0.919238 18.9808 0
      vertex -0.663306 18.8098 8.66533
    endloop
  endfacet
  facet normal 0.555552 0.831482 0
    outer loop
      vertex -0.663306 18.8098 8.66533
      vertex -0.919238 18.9808 0
      vertex -0.919238 18.9808 8.74297
    endloop
  endfacet
  facet normal -0.980785 -0.195092 0
    outer loop
      vertex 1.3 19.9 0
      vertex 1.20104 20.3975 8.82845
      vertex 1.20104 20.3975 0
    endloop
  endfacet
  facet normal -0.980785 -0.195092 0
    outer loop
      vertex 1.20104 20.3975 8.82845
      vertex 1.3 19.9 0
      vertex 1.3 19.9 8.85847
    endloop
  endfacet
  facet normal -0.555564 -0.831474 0
    outer loop
      vertex 0.919238 20.8192 0
      vertex 0.497488 21.101 8.649
      vertex 0.497488 21.101 0
    endloop
  endfacet
  facet normal -0.555584 -0.831461 -1.37761e-06
    outer loop
      vertex 0.497488 21.101 8.649
      vertex 0.919238 20.8192 0
      vertex 0.663306 20.9902 8.66533
    endloop
  endfacet
  facet normal -0.555552 -0.831482 0
    outer loop
      vertex 0.663306 20.9902 8.66533
      vertex 0.919238 20.8192 0
      vertex 0.919238 20.8192 8.74297
    endloop
  endfacet
  facet normal 0.980785 0.195092 0
    outer loop
      vertex -1.20104 19.4025 8.82845
      vertex -1.3 19.9 0
      vertex -1.3 19.9 8.85847
    endloop
  endfacet
  facet normal 0.980785 0.195092 0
    outer loop
      vertex -1.3 19.9 0
      vertex -1.20104 19.4025 8.82845
      vertex -1.20104 19.4025 0
    endloop
  endfacet
  facet normal -0.980785 0.195092 0
    outer loop
      vertex 1.20104 19.4025 8.82845
      vertex 1.3 19.9 0
      vertex 1.20104 19.4025 0
    endloop
  endfacet
  facet normal -0.980785 0.195092 0
    outer loop
      vertex 1.3 19.9 0
      vertex 1.20104 19.4025 8.82845
      vertex 1.3 19.9 8.85847
    endloop
  endfacet
  facet normal -0.831441 0.555613 0
    outer loop
      vertex 0.919238 18.9808 8.74297
      vertex 1.20104 19.4025 0
      vertex 0.919238 18.9808 0
    endloop
  endfacet
  facet normal -0.831441 0.555613 0
    outer loop
      vertex 1.20104 19.4025 0
      vertex 0.919238 18.9808 8.74297
      vertex 1.20104 19.4025 8.82845
    endloop
  endfacet
  facet normal 0.831441 0.555613 0
    outer loop
      vertex -0.919238 -20.8192 8.74297
      vertex -1.20104 -20.3975 0
      vertex -1.20104 -20.3975 8.82845
    endloop
  endfacet
  facet normal 0.831441 0.555613 0
    outer loop
      vertex -1.20104 -20.3975 0
      vertex -0.919238 -20.8192 8.74297
      vertex -0.919238 -20.8192 0
    endloop
  endfacet
  facet normal -0.831441 0.555613 0
    outer loop
      vertex 0.919238 -20.8192 8.74297
      vertex 1.20104 -20.3975 0
      vertex 0.919238 -20.8192 0
    endloop
  endfacet
  facet normal -0.831441 0.555613 0
    outer loop
      vertex 1.20104 -20.3975 0
      vertex 0.919238 -20.8192 8.74297
      vertex 1.20104 -20.3975 8.82845
    endloop
  endfacet
  facet normal -0.195173 -0.980769 0
    outer loop
      vertex 0.497488 -18.699 0
      vertex 0 -18.6 8.6
      vertex 0 -18.6 0
    endloop
  endfacet
  facet normal -0.195173 -0.980769 0
    outer loop
      vertex 0 -18.6 8.6
      vertex 0.497488 -18.699 0
      vertex 0.497488 -18.699 8.649
    endloop
  endfacet
  facet normal -0.980785 0.195092 0
    outer loop
      vertex 1.20104 -20.3975 8.82845
      vertex 1.3 -19.9 0
      vertex 1.20104 -20.3975 0
    endloop
  endfacet
  facet normal -0.980785 0.195092 0
    outer loop
      vertex 1.3 -19.9 0
      vertex 1.20104 -20.3975 8.82845
      vertex 1.3 -19.9 8.85847
    endloop
  endfacet
  facet normal 0.195173 -0.980769 0
    outer loop
      vertex -0.497488 -18.699 0
      vertex 0 -18.6 8.6
      vertex -0.497488 -18.699 8.649
    endloop
  endfacet
  facet normal 0.195173 -0.980769 0
    outer loop
      vertex 0 -18.6 8.6
      vertex -0.497488 -18.699 0
      vertex 0 -18.6 0
    endloop
  endfacet
  facet normal 0.195173 0.980769 0
    outer loop
      vertex -0.497488 -21.101 0
      vertex 0 -21.2 8.6
      vertex 0 -21.2 0
    endloop
  endfacet
  facet normal 0.195173 0.980769 0
    outer loop
      vertex 0 -21.2 8.6
      vertex -0.497488 -21.101 0
      vertex -0.497488 -21.101 8.649
    endloop
  endfacet
  facet normal -0.195173 0.980769 0
    outer loop
      vertex 0.497488 -21.101 0
      vertex 0 -21.2 8.6
      vertex 0.497488 -21.101 8.649
    endloop
  endfacet
  facet normal -0.195173 0.980769 0
    outer loop
      vertex 0 -21.2 8.6
      vertex 0.497488 -21.101 0
      vertex 0 -21.2 0
    endloop
  endfacet
  facet normal 0.555552 -0.831482 0
    outer loop
      vertex -0.919238 -18.9808 0
      vertex -0.663306 -18.8098 8.66533
      vertex -0.919238 -18.9808 8.74297
    endloop
  endfacet
  facet normal 0.555584 -0.831461 -1.37761e-06
    outer loop
      vertex -0.919238 -18.9808 0
      vertex -0.497488 -18.699 8.649
      vertex -0.663306 -18.8098 8.66533
    endloop
  endfacet
  facet normal 0.555564 -0.831474 0
    outer loop
      vertex -0.497488 -18.699 8.649
      vertex -0.919238 -18.9808 0
      vertex -0.497488 -18.699 0
    endloop
  endfacet
  facet normal -0.831441 -0.555613 0
    outer loop
      vertex 1.20104 -19.4025 0
      vertex 0.919238 -18.9808 8.74297
      vertex 0.919238 -18.9808 0
    endloop
  endfacet
  facet normal -0.831441 -0.555613 0
    outer loop
      vertex 0.919238 -18.9808 8.74297
      vertex 1.20104 -19.4025 0
      vertex 1.20104 -19.4025 8.82845
    endloop
  endfacet
  facet normal 0.555564 0.831474 0
    outer loop
      vertex -0.919238 -20.8192 0
      vertex -0.497488 -21.101 8.649
      vertex -0.497488 -21.101 0
    endloop
  endfacet
  facet normal 0.555584 0.831461 -1.37761e-06
    outer loop
      vertex -0.497488 -21.101 8.649
      vertex -0.919238 -20.8192 0
      vertex -0.663306 -20.9902 8.66533
    endloop
  endfacet
  facet normal 0.555552 0.831482 0
    outer loop
      vertex -0.663306 -20.9902 8.66533
      vertex -0.919238 -20.8192 0
      vertex -0.919238 -20.8192 8.74297
    endloop
  endfacet
  facet normal 0.980785 0.195092 0
    outer loop
      vertex -1.20104 -20.3975 8.82845
      vertex -1.3 -19.9 0
      vertex -1.3 -19.9 8.85847
    endloop
  endfacet
  facet normal 0.980785 0.195092 0
    outer loop
      vertex -1.3 -19.9 0
      vertex -1.20104 -20.3975 8.82845
      vertex -1.20104 -20.3975 0
    endloop
  endfacet
  facet normal -0.555552 0.831482 0
    outer loop
      vertex 0.919238 -20.8192 0
      vertex 0.663306 -20.9902 8.66533
      vertex 0.919238 -20.8192 8.74297
    endloop
  endfacet
  facet normal -0.555584 0.831461 -1.37761e-06
    outer loop
      vertex 0.919238 -20.8192 0
      vertex 0.497488 -21.101 8.649
      vertex 0.663306 -20.9902 8.66533
    endloop
  endfacet
  facet normal -0.555564 0.831474 0
    outer loop
      vertex 0.497488 -21.101 8.649
      vertex 0.919238 -20.8192 0
      vertex 0.497488 -21.101 0
    endloop
  endfacet
  facet normal -0.980785 -0.195092 0
    outer loop
      vertex 1.3 -19.9 0
      vertex 1.20104 -19.4025 8.82845
      vertex 1.20104 -19.4025 0
    endloop
  endfacet
  facet normal -0.980785 -0.195092 0
    outer loop
      vertex 1.20104 -19.4025 8.82845
      vertex 1.3 -19.9 0
      vertex 1.3 -19.9 8.85847
    endloop
  endfacet
  facet normal 0.980785 -0.195092 0
    outer loop
      vertex -1.3 -19.9 0
      vertex -1.20104 -19.4025 8.82845
      vertex -1.3 -19.9 8.85847
    endloop
  endfacet
  facet normal 0.980785 -0.195092 0
    outer loop
      vertex -1.20104 -19.4025 8.82845
      vertex -1.3 -19.9 0
      vertex -1.20104 -19.4025 0
    endloop
  endfacet
  facet normal -0.555564 -0.831474 0
    outer loop
      vertex 0.919238 -18.9808 0
      vertex 0.497488 -18.699 8.649
      vertex 0.497488 -18.699 0
    endloop
  endfacet
  facet normal -0.555584 -0.831461 -1.37761e-06
    outer loop
      vertex 0.497488 -18.699 8.649
      vertex 0.919238 -18.9808 0
      vertex 0.663306 -18.8098 8.66533
    endloop
  endfacet
  facet normal -0.555552 -0.831482 0
    outer loop
      vertex 0.663306 -18.8098 8.66533
      vertex 0.919238 -18.9808 0
      vertex 0.919238 -18.9808 8.74297
    endloop
  endfacet
  facet normal 0.831441 -0.555613 0
    outer loop
      vertex -1.20104 -19.4025 0
      vertex -0.919238 -18.9808 8.74297
      vertex -1.20104 -19.4025 8.82845
    endloop
  endfacet
  facet normal 0.831441 -0.555613 0
    outer loop
      vertex -0.919238 -18.9808 8.74297
      vertex -1.20104 -19.4025 0
      vertex -0.919238 -18.9808 0
    endloop
  endfacet
  facet normal 0.991451 0.130476 0
    outer loop
      vertex 23.0445 4.06337 34
      vertex 23.1318 3.4 22
      vertex 23.0445 4.06337 0
    endloop
  endfacet
  facet normal 0.991448 0.1305 -1.35517e-06
    outer loop
      vertex 23.0445 4.06337 34
      vertex 23.1404 3.33467 22.6633
      vertex 23.1318 3.4 22
    endloop
  endfacet
  facet normal 0.991431 0.130634 -1.01143e-05
    outer loop
      vertex 23.0445 4.06337 34
      vertex 23.1659 3.14119 23.3011
      vertex 23.1404 3.33467 22.6633
    endloop
  endfacet
  facet normal 0.991432 0.130622 -9.03822e-06
    outer loop
      vertex 23.0445 4.06337 34
      vertex 23.2073 2.827 23.8889
      vertex 23.1659 3.14119 23.3011
    endloop
  endfacet
  facet normal 0.991462 0.130393 1.94116e-05
    outer loop
      vertex 23.0445 4.06337 34
      vertex 23.2629 2.40416 24.4042
      vertex 23.2073 2.827 23.8889
    endloop
  endfacet
  facet normal 0.991442 0.130548 -0
    outer loop
      vertex 23.311 2.03944 24.7035
      vertex 23.0445 4.06337 34
      vertex 23.311 2.03944 34
    endloop
  endfacet
  facet normal 0.991419 0.130719 -3.79941e-05
    outer loop
      vertex 23.0445 4.06337 34
      vertex 23.311 2.03944 24.7035
      vertex 23.2629 2.40416 24.4042
    endloop
  endfacet
  facet normal 0.991448 0.130505 8.83564e-07
    outer loop
      vertex 23.1404 3.33467 21.3367
      vertex 23.0445 4.06337 0
      vertex 23.1318 3.4 22
    endloop
  endfacet
  facet normal 0.991429 0.130648 5.85361e-06
    outer loop
      vertex 23.1659 3.14119 20.6989
      vertex 23.0445 4.06337 0
      vertex 23.1404 3.33467 21.3367
    endloop
  endfacet
  facet normal 0.991431 0.130629 5.00764e-06
    outer loop
      vertex 23.2073 2.827 20.1111
      vertex 23.0445 4.06337 0
      vertex 23.1659 3.14119 20.6989
    endloop
  endfacet
  facet normal 0.991464 0.130382 -1.04321e-05
    outer loop
      vertex 23.2629 2.40416 19.5958
      vertex 23.0445 4.06337 0
      vertex 23.2073 2.827 20.1111
    endloop
  endfacet
  facet normal 0.991418 0.130734 1.98648e-05
    outer loop
      vertex 23.311 2.03944 19.2965
      vertex 23.0445 4.06337 0
      vertex 23.2629 2.40416 19.5958
    endloop
  endfacet
  facet normal 0.991442 0.130548 0
    outer loop
      vertex 23.0445 4.06337 0
      vertex 23.311 2.03944 19.2965
      vertex 23.311 2.03944 0
    endloop
  endfacet
  facet normal 0.999069 0.0431491 0
    outer loop
      vertex 23.311 2.03944 34
      vertex 23.3175 1.88894 24.827
      vertex 23.311 2.03944 24.7035
    endloop
  endfacet
  facet normal 0.999046 0.0436745 -8.63615e-06
    outer loop
      vertex 23.311 2.03944 34
      vertex 23.3432 1.30112 25.1412
      vertex 23.3175 1.88894 24.827
    endloop
  endfacet
  facet normal 0.999051 0.0435457 2.12374e-06
    outer loop
      vertex 23.311 2.03944 34
      vertex 23.371 0.663306 25.3347
      vertex 23.3432 1.30112 25.1412
    endloop
  endfacet
  facet normal 0.999049 0.0435979 -6.19169e-06
    outer loop
      vertex 23.4 0 34
      vertex 23.371 0.663306 25.3347
      vertex 23.311 2.03944 34
    endloop
  endfacet
  facet normal 0.999046 0.0436787 0
    outer loop
      vertex 23.371 0.663306 25.3347
      vertex 23.4 0 34
      vertex 23.4 0 25.4
    endloop
  endfacet
  facet normal 0.999069 0.0431491 0
    outer loop
      vertex 23.3175 1.88894 19.173
      vertex 23.311 2.03944 0
      vertex 23.311 2.03944 19.2965
    endloop
  endfacet
  facet normal 0.999046 0.0436769 4.15064e-06
    outer loop
      vertex 23.3432 1.30112 18.8588
      vertex 23.311 2.03944 0
      vertex 23.3175 1.88894 19.173
    endloop
  endfacet
  facet normal 0.999051 0.0435453 -1.01083e-06
    outer loop
      vertex 23.371 0.663306 18.6653
      vertex 23.311 2.03944 0
      vertex 23.3432 1.30112 18.8588
    endloop
  endfacet
  facet normal 0.999046 0.0436778 8.77431e-06
    outer loop
      vertex 23.4 0 18.6
      vertex 23.311 2.03944 0
      vertex 23.371 0.663306 18.6653
    endloop
  endfacet
  facet normal 0.999049 0.0435979 0
    outer loop
      vertex 23.311 2.03944 0
      vertex 23.4 0 18.6
      vertex 23.4 0 0
    endloop
  endfacet
  facet normal 0.9763 0.216422 0
    outer loop
      vertex 23.0445 4.06337 34
      vertex 22.6027 6.05637 0
      vertex 22.6027 6.05637 34
    endloop
  endfacet
  facet normal 0.9763 0.216422 0
    outer loop
      vertex 22.6027 6.05637 0
      vertex 23.0445 4.06337 34
      vertex 23.0445 4.06337 0
    endloop
  endfacet
  facet normal 0.382681 0.923881 -0
    outer loop
      vertex 9.88927 21.2076 0
      vertex 8.00327 21.9888 34
      vertex 9.88927 21.2076 34
    endloop
  endfacet
  facet normal 0.382681 0.923881 0
    outer loop
      vertex 8.00327 21.9888 34
      vertex 9.88927 21.2076 0
      vertex 8.00327 21.9888 0
    endloop
  endfacet
  facet normal 0.101784 0.673882 -0.731794
    outer loop
      vertex 15.8602 17.175 15.0061
      vertex 15.7345 17.2902 15.0947
      vertex 15.8191 17.2127 15.0351
    endloop
  endfacet
  facet normal -0.0350151 -0.5493 0.834892
    outer loop
      vertex 15.991 17.0551 14.9327
      vertex 15.8602 17.175 15.0061
      vertex 15.9029 17.1358 14.9821
    endloop
  endfacet
  facet normal 0.675701 0.737176 -0
    outer loop
      vertex 16.5463 16.5463 0
      vertex 16.4048 16.676 14.8084
      vertex 16.5463 16.5463 14.8
    endloop
  endfacet
  facet normal 0.675572 0.737294 -2.27658e-06
    outer loop
      vertex 15.0412 17.9254 0
      vertex 16.4048 16.676 14.8084
      vertex 16.5463 16.5463 0
    endloop
  endfacet
  facet normal 0.675441 0.737414 1.98208e-05
    outer loop
      vertex 16.4048 16.676 14.8084
      vertex 15.0412 17.9254 0
      vertex 16.2644 16.8046 14.8334
    endloop
  endfacet
  facet normal 0.675509 0.737352 9.53981e-06
    outer loop
      vertex 16.2644 16.8046 14.8334
      vertex 15.0412 17.9254 0
      vertex 16.1261 16.9313 14.875
    endloop
  endfacet
  facet normal 0.6756 0.737268 -2.74313e-06
    outer loop
      vertex 16.1261 16.9313 14.875
      vertex 15.0412 17.9254 0
      vertex 15.991 17.0551 14.9327
    endloop
  endfacet
  facet normal 0.67572 0.737159 -1.66824e-05
    outer loop
      vertex 15.991 17.0551 14.9327
      vertex 15.0412 17.9254 0
      vertex 15.8602 17.175 15.0061
    endloop
  endfacet
  facet normal 0.675642 0.73723 -8.85205e-06
    outer loop
      vertex 15.8602 17.175 15.0061
      vertex 15.0412 17.9254 0
      vertex 15.7345 17.2902 15.0947
    endloop
  endfacet
  facet normal 0.675556 0.737309 -1.62897e-06
    outer loop
      vertex 15.7345 17.2902 15.0947
      vertex 15.0412 17.9254 0
      vertex 15.6151 17.3996 15.1979
    endloop
  endfacet
  facet normal 0.675603 0.737266 -4.89219e-06
    outer loop
      vertex 15.6151 17.3996 15.1979
      vertex 15.0412 17.9254 0
      vertex 15.5027 17.5026 15.3147
    endloop
  endfacet
  facet normal 0.675717 0.737161 -1.12127e-05
    outer loop
      vertex 15.5027 17.5026 15.3147
      vertex 15.0412 17.9254 0
      vertex 15.3983 17.5983 15.4444
    endloop
  endfacet
  facet normal 0.675614 0.737255 -6.84895e-06
    outer loop
      vertex 15.3983 17.5983 15.4444
      vertex 15.0412 17.9254 0
      vertex 15.3026 17.686 15.5859
    endloop
  endfacet
  facet normal 0.67564 0.737232 -7.63192e-06
    outer loop
      vertex 15.3026 17.686 15.5859
      vertex 15.0412 17.9254 0
      vertex 15.2164 17.765 15.7381
    endloop
  endfacet
  facet normal 0.675414 0.737439 -3.00742e-06
    outer loop
      vertex 15.2164 17.765 15.7381
      vertex 15.0412 17.9254 0
      vertex 15.1403 17.8347 15.9
    endloop
  endfacet
  facet normal 0.675414 0.737439 -3.00774e-06
    outer loop
      vertex 15.1403 17.8347 15.9
      vertex 15.0412 17.9254 0
      vertex 15.0749 17.8946 16.0702
    endloop
  endfacet
  facet normal 0.674633 0.738153 0
    outer loop
      vertex 15.0749 17.8946 16.0702
      vertex 15.0412 17.9254 0
      vertex 15.0412 17.9254 16.1802
    endloop
  endfacet
  facet normal 0.675701 0.737176 0
    outer loop
      vertex 16.4048 16.676 19.1916
      vertex 16.5463 16.5463 34
      vertex 16.5463 16.5463 19.2
    endloop
  endfacet
  facet normal 0.675572 0.737294 2.27658e-06
    outer loop
      vertex 16.5463 16.5463 34
      vertex 16.4048 16.676 19.1916
      vertex 15.0412 17.9254 34
    endloop
  endfacet
  facet normal 0.675441 0.737414 -1.98208e-05
    outer loop
      vertex 16.2644 16.8046 19.1666
      vertex 15.0412 17.9254 34
      vertex 16.4048 16.676 19.1916
    endloop
  endfacet
  facet normal 0.675509 0.737352 -9.53981e-06
    outer loop
      vertex 16.1261 16.9313 19.125
      vertex 15.0412 17.9254 34
      vertex 16.2644 16.8046 19.1666
    endloop
  endfacet
  facet normal 0.6756 0.737268 2.74313e-06
    outer loop
      vertex 15.991 17.0551 19.0673
      vertex 15.0412 17.9254 34
      vertex 16.1261 16.9313 19.125
    endloop
  endfacet
  facet normal 0.675463 0.737394 -1.32975e-05
    outer loop
      vertex 15.9029 17.1358 19.0179
      vertex 15.0412 17.9254 34
      vertex 15.991 17.0551 19.0673
    endloop
  endfacet
  facet normal 0.67625 0.736672 6.9962e-05
    outer loop
      vertex 15.8602 17.175 18.9939
      vertex 15.0412 17.9254 34
      vertex 15.9029 17.1358 19.0179
    endloop
  endfacet
  facet normal 0.675953 0.736945 4.0109e-05
    outer loop
      vertex 15.8191 17.2127 18.9649
      vertex 15.0412 17.9254 34
      vertex 15.8602 17.175 18.9939
    endloop
  endfacet
  facet normal 0.675489 0.73737 -4.01033e-06
    outer loop
      vertex 15.7345 17.2902 18.9053
      vertex 15.0412 17.9254 34
      vertex 15.8191 17.2127 18.9649
    endloop
  endfacet
  facet normal 0.675556 0.737309 1.62897e-06
    outer loop
      vertex 15.6151 17.3996 18.8021
      vertex 15.0412 17.9254 34
      vertex 15.7345 17.2902 18.9053
    endloop
  endfacet
  facet normal 0.675603 0.737266 4.89219e-06
    outer loop
      vertex 15.5027 17.5026 18.6853
      vertex 15.0412 17.9254 34
      vertex 15.6151 17.3996 18.8021
    endloop
  endfacet
  facet normal 0.675717 0.737161 1.12127e-05
    outer loop
      vertex 15.3983 17.5983 18.5556
      vertex 15.0412 17.9254 34
      vertex 15.5027 17.5026 18.6853
    endloop
  endfacet
  facet normal 0.675614 0.737255 6.84895e-06
    outer loop
      vertex 15.3026 17.686 18.4141
      vertex 15.0412 17.9254 34
      vertex 15.3983 17.5983 18.5556
    endloop
  endfacet
  facet normal 0.67564 0.737232 7.63192e-06
    outer loop
      vertex 15.2164 17.765 18.2619
      vertex 15.0412 17.9254 34
      vertex 15.3026 17.686 18.4141
    endloop
  endfacet
  facet normal 0.675414 0.737439 3.00742e-06
    outer loop
      vertex 15.1403 17.8347 18.1
      vertex 15.0412 17.9254 34
      vertex 15.2164 17.765 18.2619
    endloop
  endfacet
  facet normal 0.675414 0.737439 3.00774e-06
    outer loop
      vertex 15.0749 17.8946 17.9298
      vertex 15.0412 17.9254 34
      vertex 15.1403 17.8347 18.1
    endloop
  endfacet
  facet normal 0.674633 0.738153 0
    outer loop
      vertex 15.0412 17.9254 34
      vertex 15.0749 17.8946 17.9298
      vertex 15.0412 17.9254 17.8197
    endloop
  endfacet
  facet normal -0.675572 -0.737294 0
    outer loop
      vertex -16.5463 -16.5463 0
      vertex -15.0412 -17.9254 34
      vertex -16.5463 -16.5463 34
    endloop
  endfacet
  facet normal -0.675572 -0.737294 -0
    outer loop
      vertex -15.0412 -17.9254 34
      vertex -16.5463 -16.5463 0
      vertex -15.0412 -17.9254 0
    endloop
  endfacet
  facet normal -0.953711 -0.300726 0
    outer loop
      vertex -21.9888 -8.00327 0
      vertex -22.6027 -6.05637 34
      vertex -22.6027 -6.05637 0
    endloop
  endfacet
  facet normal -0.953711 -0.300726 0
    outer loop
      vertex -22.6027 -6.05637 34
      vertex -21.9888 -8.00327 0
      vertex -21.9888 -8.00327 34
    endloop
  endfacet
  facet normal -0.130548 0.991442 0
    outer loop
      vertex -2.03944 23.311 14.7035
      vertex -4.06337 23.0445 34
      vertex -2.03944 23.311 34
    endloop
  endfacet
  facet normal -0.130734 0.991418 -1.98648e-05
    outer loop
      vertex -2.40416 23.2629 14.4042
      vertex -4.06337 23.0445 34
      vertex -2.03944 23.311 14.7035
    endloop
  endfacet
  facet normal -0.130382 0.991464 1.04321e-05
    outer loop
      vertex -2.827 23.2073 13.8889
      vertex -4.06337 23.0445 34
      vertex -2.40416 23.2629 14.4042
    endloop
  endfacet
  facet normal -0.130629 0.991431 -5.00764e-06
    outer loop
      vertex -3.14119 23.1659 13.3011
      vertex -4.06337 23.0445 34
      vertex -2.827 23.2073 13.8889
    endloop
  endfacet
  facet normal -0.130648 0.991429 -5.85361e-06
    outer loop
      vertex -3.33467 23.1404 12.6633
      vertex -4.06337 23.0445 34
      vertex -3.14119 23.1659 13.3011
    endloop
  endfacet
  facet normal -0.130505 0.991448 -8.83564e-07
    outer loop
      vertex -3.4 23.1318 12
      vertex -4.06337 23.0445 34
      vertex -3.33467 23.1404 12.6633
    endloop
  endfacet
  facet normal -0.130548 0.991442 0
    outer loop
      vertex -4.06337 23.0445 0
      vertex -2.03944 23.311 9.29652
      vertex -2.03944 23.311 0
    endloop
  endfacet
  facet normal -0.130719 0.991419 3.79936e-05
    outer loop
      vertex -2.03944 23.311 9.29652
      vertex -4.06337 23.0445 0
      vertex -2.40416 23.2629 9.59584
    endloop
  endfacet
  facet normal -0.130393 0.991462 -1.94118e-05
    outer loop
      vertex -2.40416 23.2629 9.59584
      vertex -4.06337 23.0445 0
      vertex -2.827 23.2073 10.1111
    endloop
  endfacet
  facet normal -0.130622 0.991432 9.03822e-06
    outer loop
      vertex -2.827 23.2073 10.1111
      vertex -4.06337 23.0445 0
      vertex -3.14119 23.1659 10.6989
    endloop
  endfacet
  facet normal -0.130476 0.991451 0
    outer loop
      vertex -3.4 23.1318 12
      vertex -4.06337 23.0445 0
      vertex -4.06337 23.0445 34
    endloop
  endfacet
  facet normal -0.1305 0.991448 1.35517e-06
    outer loop
      vertex -3.33467 23.1404 11.3367
      vertex -4.06337 23.0445 0
      vertex -3.4 23.1318 12
    endloop
  endfacet
  facet normal -0.130634 0.991431 1.01143e-05
    outer loop
      vertex -3.14119 23.1659 10.6989
      vertex -4.06337 23.0445 0
      vertex -3.33467 23.1404 11.3367
    endloop
  endfacet
  facet normal 0.737294 -0.675572 0
    outer loop
      vertex 16.5463 -16.5463 34
      vertex 17.9254 -15.0412 0
      vertex 17.9254 -15.0412 34
    endloop
  endfacet
  facet normal 0.737294 -0.675572 0
    outer loop
      vertex 17.9254 -15.0412 0
      vertex 16.5463 -16.5463 34
      vertex 16.5463 -16.5463 0
    endloop
  endfacet
  facet normal -0.537284 -0.843401 0
    outer loop
      vertex -13.4217 -19.1682 0
      vertex -11.7 -20.265 34
      vertex -13.4217 -19.1682 34
    endloop
  endfacet
  facet normal -0.537284 -0.843401 -0
    outer loop
      vertex -11.7 -20.265 34
      vertex -13.4217 -19.1682 0
      vertex -11.7 -20.265 0
    endloop
  endfacet
  facet normal -0.923881 -0.382681 0
    outer loop
      vertex -21.2076 -9.88927 0
      vertex -21.9888 -8.00327 34
      vertex -21.9888 -8.00327 0
    endloop
  endfacet
  facet normal -0.923881 -0.382681 0
    outer loop
      vertex -21.9888 -8.00327 34
      vertex -21.2076 -9.88927 0
      vertex -21.2076 -9.88927 34
    endloop
  endfacet
  facet normal 0.130548 -0.991442 0
    outer loop
      vertex 2.03944 -23.311 14.7035
      vertex 4.06337 -23.0445 34
      vertex 2.03944 -23.311 34
    endloop
  endfacet
  facet normal 0.130734 -0.991418 -1.98648e-05
    outer loop
      vertex 2.40416 -23.2629 14.4042
      vertex 4.06337 -23.0445 34
      vertex 2.03944 -23.311 14.7035
    endloop
  endfacet
  facet normal 0.130382 -0.991464 1.04321e-05
    outer loop
      vertex 2.827 -23.2073 13.8889
      vertex 4.06337 -23.0445 34
      vertex 2.40416 -23.2629 14.4042
    endloop
  endfacet
  facet normal 0.130629 -0.991431 -5.00764e-06
    outer loop
      vertex 3.14119 -23.1659 13.3011
      vertex 4.06337 -23.0445 34
      vertex 2.827 -23.2073 13.8889
    endloop
  endfacet
  facet normal 0.130648 -0.991429 -5.85361e-06
    outer loop
      vertex 3.33467 -23.1404 12.6633
      vertex 4.06337 -23.0445 34
      vertex 3.14119 -23.1659 13.3011
    endloop
  endfacet
  facet normal 0.130505 -0.991448 -8.83564e-07
    outer loop
      vertex 3.4 -23.1318 12
      vertex 4.06337 -23.0445 34
      vertex 3.33467 -23.1404 12.6633
    endloop
  endfacet
  facet normal 0.130548 -0.991442 0
    outer loop
      vertex 4.06337 -23.0445 0
      vertex 2.03944 -23.311 9.29652
      vertex 2.03944 -23.311 0
    endloop
  endfacet
  facet normal 0.130719 -0.991419 3.79936e-05
    outer loop
      vertex 2.03944 -23.311 9.29652
      vertex 4.06337 -23.0445 0
      vertex 2.40416 -23.2629 9.59584
    endloop
  endfacet
  facet normal 0.130393 -0.991462 -1.94118e-05
    outer loop
      vertex 2.40416 -23.2629 9.59584
      vertex 4.06337 -23.0445 0
      vertex 2.827 -23.2073 10.1111
    endloop
  endfacet
  facet normal 0.130622 -0.991432 9.03822e-06
    outer loop
      vertex 2.827 -23.2073 10.1111
      vertex 4.06337 -23.0445 0
      vertex 3.14119 -23.1659 10.6989
    endloop
  endfacet
  facet normal 0.130476 -0.991451 0
    outer loop
      vertex 3.4 -23.1318 12
      vertex 4.06337 -23.0445 0
      vertex 4.06337 -23.0445 34
    endloop
  endfacet
  facet normal 0.1305 -0.991448 1.35517e-06
    outer loop
      vertex 3.33467 -23.1404 11.3367
      vertex 4.06337 -23.0445 0
      vertex 3.4 -23.1318 12
    endloop
  endfacet
  facet normal 0.130634 -0.991431 1.01143e-05
    outer loop
      vertex 3.14119 -23.1659 10.6989
      vertex 4.06337 -23.0445 0
      vertex 3.33467 -23.1404 11.3367
    endloop
  endfacet
  facet normal 0 0 -1
    outer loop
      vertex 4.24463 15.8412 0
      vertex 1.20104 19.4025 0
      vertex 1.3 19.9 0
    endloop
  endfacet
  facet normal 0 0 -1
    outer loop
      vertex 2.84783 16.1508 0
      vertex 0.919238 18.9808 0
      vertex 1.20104 19.4025 0
    endloop
  endfacet
  facet normal 0 0 -1
    outer loop
      vertex 1.42935 16.3376 0
      vertex 0.497488 18.699 0
      vertex 0.919238 18.9808 0
    endloop
  endfacet
  facet normal 0 0 -1
    outer loop
      vertex 0 16.4 0
      vertex 0.497488 18.699 0
      vertex 1.42935 16.3376 0
    endloop
  endfacet
  facet normal 0 0 -1
    outer loop
      vertex 0 16.4 0
      vertex 0 18.6 0
      vertex 0.497488 18.699 0
    endloop
  endfacet
  facet normal 0 0 -1
    outer loop
      vertex 0 16.4 0
      vertex -0.497488 18.699 0
      vertex 0 18.6 0
    endloop
  endfacet
  facet normal 0 0 -1
    outer loop
      vertex -1.42935 16.3376 0
      vertex -0.497488 18.699 0
      vertex 0 16.4 0
    endloop
  endfacet
  facet normal -0 0 -1
    outer loop
      vertex -0.497488 18.699 0
      vertex -1.42935 16.3376 0
      vertex -0.919238 18.9808 0
    endloop
  endfacet
  facet normal -0 0 -1
    outer loop
      vertex -0.919238 18.9808 0
      vertex -2.84783 16.1508 0
      vertex -1.20104 19.4025 0
    endloop
  endfacet
  facet normal 0 0 -1
    outer loop
      vertex -2.84783 16.1508 0
      vertex -0.919238 18.9808 0
      vertex -1.42935 16.3376 0
    endloop
  endfacet
  facet normal 0 0 -1
    outer loop
      vertex 16.4 0 0
      vertex 23.4 0 0
      vertex 23.311 -2.03944 0
    endloop
  endfacet
  facet normal 0 0 -1
    outer loop
      vertex 16.3376 -1.42935 0
      vertex 23.311 -2.03944 0
      vertex 23.0445 -4.06337 0
    endloop
  endfacet
  facet normal 0 0 -1
    outer loop
      vertex 23.4 0 0
      vertex 16.4 0 0
      vertex 23.311 2.03944 0
    endloop
  endfacet
  facet normal 0 0 -1
    outer loop
      vertex 16.1508 -2.84783 0
      vertex 23.0445 -4.06337 0
      vertex 22.6027 -6.05637 0
    endloop
  endfacet
  facet normal 0 0 -1
    outer loop
      vertex 16.3376 1.42935 0
      vertex 23.311 2.03944 0
      vertex 16.4 0 0
    endloop
  endfacet
  facet normal 0 0 -1
    outer loop
      vertex 15.8412 -4.24463 0
      vertex 22.6027 -6.05637 0
      vertex 21.9888 -8.00327 0
    endloop
  endfacet
  facet normal -0 0 -1
    outer loop
      vertex 23.311 2.03944 0
      vertex 16.3376 1.42935 0
      vertex 23.0445 4.06337 0
    endloop
  endfacet
  facet normal 0 0 -1
    outer loop
      vertex 15.411 -5.60913 0
      vertex 21.9888 -8.00327 0
      vertex 21.2076 -9.88927 0
    endloop
  endfacet
  facet normal 0 0 -1
    outer loop
      vertex 16.1508 2.84783 0
      vertex 23.0445 4.06337 0
      vertex 16.3376 1.42935 0
    endloop
  endfacet
  facet normal 0 0 -1
    outer loop
      vertex 14.8634 -6.93094 0
      vertex 21.2076 -9.88927 0
      vertex 20.265 -11.7 0
    endloop
  endfacet
  facet normal -0 0 -1
    outer loop
      vertex 23.0445 4.06337 0
      vertex 16.1508 2.84783 0
      vertex 22.6027 6.05637 0
    endloop
  endfacet
  facet normal 0 0 -1
    outer loop
      vertex 14.2028 -8.2 0
      vertex 20.265 -11.7 0
      vertex 19.1682 -13.4217 0
    endloop
  endfacet
  facet normal 0 0 -1
    outer loop
      vertex 15.8412 4.24463 0
      vertex 22.6027 6.05637 0
      vertex 16.1508 2.84783 0
    endloop
  endfacet
  facet normal 0 0 -1
    outer loop
      vertex 13.4341 -9.40665 0
      vertex 19.1682 -13.4217 0
      vertex 17.9254 -15.0412 0
    endloop
  endfacet
  facet normal -0 0 -1
    outer loop
      vertex 22.6027 6.05637 0
      vertex 15.8412 4.24463 0
      vertex 21.9888 8.00327 0
    endloop
  endfacet
  facet normal 0 0 -1
    outer loop
      vertex 12.5631 -10.5417 0
      vertex 17.9254 -15.0412 0
      vertex 16.5463 -16.5463 0
    endloop
  endfacet
  facet normal 0 0 -1
    outer loop
      vertex 15.411 5.60913 0
      vertex 21.9888 8.00327 0
      vertex 15.8412 4.24463 0
    endloop
  endfacet
  facet normal -0 0 -1
    outer loop
      vertex 21.9888 8.00327 0
      vertex 15.411 5.60913 0
      vertex 21.2076 9.88927 0
    endloop
  endfacet
  facet normal 0 0 -1
    outer loop
      vertex 23.311 -2.03944 0
      vertex 16.3376 -1.42935 0
      vertex 16.4 0 0
    endloop
  endfacet
  facet normal 0 0 -1
    outer loop
      vertex 23.0445 -4.06337 0
      vertex 16.1508 -2.84783 0
      vertex 16.3376 -1.42935 0
    endloop
  endfacet
  facet normal 0 0 -1
    outer loop
      vertex 22.6027 -6.05637 0
      vertex 15.8412 -4.24463 0
      vertex 16.1508 -2.84783 0
    endloop
  endfacet
  facet normal 0 0 -1
    outer loop
      vertex 21.9888 -8.00327 0
      vertex 15.411 -5.60913 0
      vertex 15.8412 -4.24463 0
    endloop
  endfacet
  facet normal 0 0 -1
    outer loop
      vertex 11.5966 -11.5966 0
      vertex 16.5463 -16.5463 0
      vertex 15.0412 -17.9254 0
    endloop
  endfacet
  facet normal 0 0 -1
    outer loop
      vertex 21.2076 -9.88927 0
      vertex 14.8634 -6.93094 0
      vertex 15.411 -5.60913 0
    endloop
  endfacet
  facet normal 0 0 -1
    outer loop
      vertex 20.265 -11.7 0
      vertex 14.2028 -8.2 0
      vertex 14.8634 -6.93094 0
    endloop
  endfacet
  facet normal 0 0 -1
    outer loop
      vertex 19.1682 -13.4217 0
      vertex 13.4341 -9.40665 0
      vertex 14.2028 -8.2 0
    endloop
  endfacet
  facet normal 0 0 -1
    outer loop
      vertex 10.5417 -12.5631 0
      vertex 15.0412 -17.9254 0
      vertex 13.4217 -19.1682 0
    endloop
  endfacet
  facet normal 0 0 -1
    outer loop
      vertex 17.9254 -15.0412 0
      vertex 12.5631 -10.5417 0
      vertex 13.4341 -9.40665 0
    endloop
  endfacet
  facet normal 0 0 -1
    outer loop
      vertex 9.40665 -13.4341 0
      vertex 13.4217 -19.1682 0
      vertex 11.7 -20.265 0
    endloop
  endfacet
  facet normal 0 0 -1
    outer loop
      vertex 16.5463 -16.5463 0
      vertex 11.5966 -11.5966 0
      vertex 12.5631 -10.5417 0
    endloop
  endfacet
  facet normal 0 0 -1
    outer loop
      vertex 15.0412 -17.9254 0
      vertex 10.5417 -12.5631 0
      vertex 11.5966 -11.5966 0
    endloop
  endfacet
  facet normal 0 0 -1
    outer loop
      vertex 8.2 -14.2028 0
      vertex 11.7 -20.265 0
      vertex 9.88927 -21.2076 0
    endloop
  endfacet
  facet normal 0 0 -1
    outer loop
      vertex 13.4217 -19.1682 0
      vertex 9.40665 -13.4341 0
      vertex 10.5417 -12.5631 0
    endloop
  endfacet
  facet normal 0 0 -1
    outer loop
      vertex 11.7 -20.265 0
      vertex 8.2 -14.2028 0
      vertex 9.40665 -13.4341 0
    endloop
  endfacet
  facet normal 0 0 -1
    outer loop
      vertex 6.93094 -14.8634 0
      vertex 9.88927 -21.2076 0
      vertex 8.00327 -21.9888 0
    endloop
  endfacet
  facet normal 0 0 -1
    outer loop
      vertex 9.88927 -21.2076 0
      vertex 6.93094 -14.8634 0
      vertex 8.2 -14.2028 0
    endloop
  endfacet
  facet normal 0 0 -1
    outer loop
      vertex 5.60913 -15.411 0
      vertex 8.00327 -21.9888 0
      vertex 6.05637 -22.6027 0
    endloop
  endfacet
  facet normal 0 0 -1
    outer loop
      vertex 8.00327 -21.9888 0
      vertex 5.60913 -15.411 0
      vertex 6.93094 -14.8634 0
    endloop
  endfacet
  facet normal 0 0 -1
    outer loop
      vertex 6.05637 -22.6027 0
      vertex 4.24463 -15.8412 0
      vertex 5.60913 -15.411 0
    endloop
  endfacet
  facet normal 0 0 -1
    outer loop
      vertex 1.3 -19.9 0
      vertex 6.05637 -22.6027 0
      vertex 4.06337 -23.0445 0
    endloop
  endfacet
  facet normal 0 0 -1
    outer loop
      vertex 6.05637 -22.6027 0
      vertex 1.3 -19.9 0
      vertex 4.24463 -15.8412 0
    endloop
  endfacet
  facet normal 0 0 -1
    outer loop
      vertex 1.20104 -20.3975 0
      vertex 4.06337 -23.0445 0
      vertex 2.03944 -23.311 0
    endloop
  endfacet
  facet normal 0 0 -1
    outer loop
      vertex 1.20104 -19.4025 0
      vertex 4.24463 -15.8412 0
      vertex 1.3 -19.9 0
    endloop
  endfacet
  facet normal 0 0 -1
    outer loop
      vertex 4.24463 -15.8412 0
      vertex 1.20104 -19.4025 0
      vertex 2.84783 -16.1508 0
    endloop
  endfacet
  facet normal 0 0 -1
    outer loop
      vertex 4.06337 -23.0445 0
      vertex 1.20104 -20.3975 0
      vertex 1.3 -19.9 0
    endloop
  endfacet
  facet normal 0 0 -1
    outer loop
      vertex 2.03944 -23.311 0
      vertex 0.919238 -20.8192 0
      vertex 1.20104 -20.3975 0
    endloop
  endfacet
  facet normal 0 0 -1
    outer loop
      vertex 2.03944 -23.311 0
      vertex 0.497488 -21.101 0
      vertex 0.919238 -20.8192 0
    endloop
  endfacet
  facet normal 0 0 -1
    outer loop
      vertex 0 -23.4 0
      vertex 0.497488 -21.101 0
      vertex 2.03944 -23.311 0
    endloop
  endfacet
  facet normal 0 0 -1
    outer loop
      vertex 0 -23.4 0
      vertex 0 -21.2 0
      vertex 0.497488 -21.101 0
    endloop
  endfacet
  facet normal 0 0 -1
    outer loop
      vertex 0 -23.4 0
      vertex -0.497488 -21.101 0
      vertex 0 -21.2 0
    endloop
  endfacet
  facet normal 0 0 -1
    outer loop
      vertex -2.03944 -23.311 0
      vertex -0.497488 -21.101 0
      vertex 0 -23.4 0
    endloop
  endfacet
  facet normal -0 0 -1
    outer loop
      vertex -0.497488 -21.101 0
      vertex -2.03944 -23.311 0
      vertex -0.919238 -20.8192 0
    endloop
  endfacet
  facet normal -0 0 -1
    outer loop
      vertex -0.919238 -20.8192 0
      vertex -2.03944 -23.311 0
      vertex -1.20104 -20.3975 0
    endloop
  endfacet
  facet normal 0 0 -1
    outer loop
      vertex -4.06337 -23.0445 0
      vertex -1.20104 -20.3975 0
      vertex -2.03944 -23.311 0
    endloop
  endfacet
  facet normal -0 0 -1
    outer loop
      vertex -1.20104 -20.3975 0
      vertex -4.06337 -23.0445 0
      vertex -1.3 -19.9 0
    endloop
  endfacet
  facet normal 0 0 -1
    outer loop
      vertex -1.3 -19.9 0
      vertex -2.84783 -16.1508 0
      vertex -1.42935 -16.3376 0
    endloop
  endfacet
  facet normal 0 0 -1
    outer loop
      vertex -6.05637 -22.6027 0
      vertex -1.3 -19.9 0
      vertex -4.06337 -23.0445 0
    endloop
  endfacet
  facet normal 0 0 -1
    outer loop
      vertex -1.3 -19.9 0
      vertex -4.24463 -15.8412 0
      vertex -2.84783 -16.1508 0
    endloop
  endfacet
  facet normal -0 0 -1
    outer loop
      vertex -1.3 -19.9 0
      vertex -6.05637 -22.6027 0
      vertex -4.24463 -15.8412 0
    endloop
  endfacet
  facet normal -0 0 -1
    outer loop
      vertex -4.24463 -15.8412 0
      vertex -6.05637 -22.6027 0
      vertex -5.60913 -15.411 0
    endloop
  endfacet
  facet normal 0 0 -1
    outer loop
      vertex -8.00327 -21.9888 0
      vertex -5.60913 -15.411 0
      vertex -6.05637 -22.6027 0
    endloop
  endfacet
  facet normal -0 0 -1
    outer loop
      vertex -5.60913 -15.411 0
      vertex -8.00327 -21.9888 0
      vertex -6.93094 -14.8634 0
    endloop
  endfacet
  facet normal 0 0 -1
    outer loop
      vertex -9.88927 -21.2076 0
      vertex -6.93094 -14.8634 0
      vertex -8.00327 -21.9888 0
    endloop
  endfacet
  facet normal -0 0 -1
    outer loop
      vertex -6.93094 -14.8634 0
      vertex -9.88927 -21.2076 0
      vertex -8.2 -14.2028 0
    endloop
  endfacet
  facet normal 0 0 -1
    outer loop
      vertex -11.7 -20.265 0
      vertex -8.2 -14.2028 0
      vertex -9.88927 -21.2076 0
    endloop
  endfacet
  facet normal -0 0 -1
    outer loop
      vertex -8.2 -14.2028 0
      vertex -11.7 -20.265 0
      vertex -9.40665 -13.4341 0
    endloop
  endfacet
  facet normal 0 0 -1
    outer loop
      vertex -13.4217 -19.1682 0
      vertex -9.40665 -13.4341 0
      vertex -11.7 -20.265 0
    endloop
  endfacet
  facet normal -0 0 -1
    outer loop
      vertex -9.40665 -13.4341 0
      vertex -13.4217 -19.1682 0
      vertex -10.5417 -12.5631 0
    endloop
  endfacet
  facet normal 0 0 -1
    outer loop
      vertex -15.0412 -17.9254 0
      vertex -10.5417 -12.5631 0
      vertex -13.4217 -19.1682 0
    endloop
  endfacet
  facet normal -0 0 -1
    outer loop
      vertex -10.5417 -12.5631 0
      vertex -15.0412 -17.9254 0
      vertex -11.5966 -11.5966 0
    endloop
  endfacet
  facet normal 0 0 -1
    outer loop
      vertex -16.5463 -16.5463 0
      vertex -11.5966 -11.5966 0
      vertex -15.0412 -17.9254 0
    endloop
  endfacet
  facet normal -0 0 -1
    outer loop
      vertex -11.5966 -11.5966 0
      vertex -16.5463 -16.5463 0
      vertex -12.5631 -10.5417 0
    endloop
  endfacet
  facet normal 0 0 -1
    outer loop
      vertex -17.9254 -15.0412 0
      vertex -12.5631 -10.5417 0
      vertex -16.5463 -16.5463 0
    endloop
  endfacet
  facet normal -0 0 -1
    outer loop
      vertex -12.5631 -10.5417 0
      vertex -17.9254 -15.0412 0
      vertex -13.4341 -9.40665 0
    endloop
  endfacet
  facet normal 0 0 -1
    outer loop
      vertex -19.1682 -13.4217 0
      vertex -13.4341 -9.40665 0
      vertex -17.9254 -15.0412 0
    endloop
  endfacet
  facet normal -0 0 -1
    outer loop
      vertex -13.4341 -9.40665 0
      vertex -19.1682 -13.4217 0
      vertex -14.2028 -8.2 0
    endloop
  endfacet
  facet normal 0 0 -1
    outer loop
      vertex -20.265 -11.7 0
      vertex -14.2028 -8.2 0
      vertex -19.1682 -13.4217 0
    endloop
  endfacet
  facet normal -0 0 -1
    outer loop
      vertex -14.2028 -8.2 0
      vertex -20.265 -11.7 0
      vertex -14.8634 -6.93094 0
    endloop
  endfacet
  facet normal -0 0 -1
    outer loop
      vertex -14.8634 -6.93094 0
      vertex -21.2076 -9.88927 0
      vertex -15.411 -5.60913 0
    endloop
  endfacet
  facet normal 0 0 -1
    outer loop
      vertex -21.2076 -9.88927 0
      vertex -14.8634 -6.93094 0
      vertex -20.265 -11.7 0
    endloop
  endfacet
  facet normal 0 0 -1
    outer loop
      vertex 14.8634 6.93094 0
      vertex 21.2076 9.88927 0
      vertex 15.411 5.60913 0
    endloop
  endfacet
  facet normal -0 0 -1
    outer loop
      vertex 21.2076 9.88927 0
      vertex 14.8634 6.93094 0
      vertex 20.265 11.7 0
    endloop
  endfacet
  facet normal 0 0 -1
    outer loop
      vertex 14.2028 8.2 0
      vertex 20.265 11.7 0
      vertex 14.8634 6.93094 0
    endloop
  endfacet
  facet normal -0 0 -1
    outer loop
      vertex 20.265 11.7 0
      vertex 14.2028 8.2 0
      vertex 19.1682 13.4217 0
    endloop
  endfacet
  facet normal 0 0 -1
    outer loop
      vertex 13.4341 9.40665 0
      vertex 19.1682 13.4217 0
      vertex 14.2028 8.2 0
    endloop
  endfacet
  facet normal -0 0 -1
    outer loop
      vertex 19.1682 13.4217 0
      vertex 13.4341 9.40665 0
      vertex 17.9254 15.0412 0
    endloop
  endfacet
  facet normal 0 0 -1
    outer loop
      vertex 12.5631 10.5417 0
      vertex 17.9254 15.0412 0
      vertex 13.4341 9.40665 0
    endloop
  endfacet
  facet normal -0 0 -1
    outer loop
      vertex 17.9254 15.0412 0
      vertex 12.5631 10.5417 0
      vertex 16.5463 16.5463 0
    endloop
  endfacet
  facet normal 0 0 -1
    outer loop
      vertex 11.5966 11.5966 0
      vertex 16.5463 16.5463 0
      vertex 12.5631 10.5417 0
    endloop
  endfacet
  facet normal -0 0 -1
    outer loop
      vertex 16.5463 16.5463 0
      vertex 11.5966 11.5966 0
      vertex 15.0412 17.9254 0
    endloop
  endfacet
  facet normal 0 0 -1
    outer loop
      vertex 10.5417 12.5631 0
      vertex 15.0412 17.9254 0
      vertex 11.5966 11.5966 0
    endloop
  endfacet
  facet normal -0 0 -1
    outer loop
      vertex 15.0412 17.9254 0
      vertex 10.5417 12.5631 0
      vertex 13.4217 19.1682 0
    endloop
  endfacet
  facet normal 0 0 -1
    outer loop
      vertex 9.40665 13.4341 0
      vertex 13.4217 19.1682 0
      vertex 10.5417 12.5631 0
    endloop
  endfacet
  facet normal -0 0 -1
    outer loop
      vertex 13.4217 19.1682 0
      vertex 9.40665 13.4341 0
      vertex 11.7 20.265 0
    endloop
  endfacet
  facet normal 0 0 -1
    outer loop
      vertex 8.2 14.2028 0
      vertex 11.7 20.265 0
      vertex 9.40665 13.4341 0
    endloop
  endfacet
  facet normal -0 0 -1
    outer loop
      vertex 11.7 20.265 0
      vertex 8.2 14.2028 0
      vertex 9.88927 21.2076 0
    endloop
  endfacet
  facet normal 0 0 -1
    outer loop
      vertex 6.93094 14.8634 0
      vertex 9.88927 21.2076 0
      vertex 8.2 14.2028 0
    endloop
  endfacet
  facet normal -0 0 -1
    outer loop
      vertex 9.88927 21.2076 0
      vertex 6.93094 14.8634 0
      vertex 8.00327 21.9888 0
    endloop
  endfacet
  facet normal 0 0 -1
    outer loop
      vertex 5.60913 15.411 0
      vertex 8.00327 21.9888 0
      vertex 6.93094 14.8634 0
    endloop
  endfacet
  facet normal -0 0 -1
    outer loop
      vertex 8.00327 21.9888 0
      vertex 5.60913 15.411 0
      vertex 6.05637 22.6027 0
    endloop
  endfacet
  facet normal 0 0 -1
    outer loop
      vertex 4.24463 15.8412 0
      vertex 6.05637 22.6027 0
      vertex 5.60913 15.411 0
    endloop
  endfacet
  facet normal 0 0 -1
    outer loop
      vertex 1.3 19.9 0
      vertex 6.05637 22.6027 0
      vertex 4.24463 15.8412 0
    endloop
  endfacet
  facet normal 0 0 -1
    outer loop
      vertex 1.20104 19.4025 0
      vertex 4.24463 15.8412 0
      vertex 2.84783 16.1508 0
    endloop
  endfacet
  facet normal -0 0 -1
    outer loop
      vertex 6.05637 22.6027 0
      vertex 1.3 19.9 0
      vertex 4.06337 23.0445 0
    endloop
  endfacet
  facet normal 0 0 -1
    outer loop
      vertex 0.919238 18.9808 0
      vertex 2.84783 16.1508 0
      vertex 1.42935 16.3376 0
    endloop
  endfacet
  facet normal 0 0 -1
    outer loop
      vertex 1.20104 20.3975 0
      vertex 4.06337 23.0445 0
      vertex 1.3 19.9 0
    endloop
  endfacet
  facet normal -0 0 -1
    outer loop
      vertex 4.06337 23.0445 0
      vertex 1.20104 20.3975 0
      vertex 2.03944 23.311 0
    endloop
  endfacet
  facet normal 0 0 -1
    outer loop
      vertex 0.919238 20.8192 0
      vertex 2.03944 23.311 0
      vertex 1.20104 20.3975 0
    endloop
  endfacet
  facet normal 0 0 -1
    outer loop
      vertex 0.497488 21.101 0
      vertex 2.03944 23.311 0
      vertex 0.919238 20.8192 0
    endloop
  endfacet
  facet normal 0 0 -1
    outer loop
      vertex 0 23.4 0
      vertex 0.497488 21.101 0
      vertex 0 21.2 0
    endloop
  endfacet
  facet normal 0 0 -1
    outer loop
      vertex 0.497488 21.101 0
      vertex 0 23.4 0
      vertex 2.03944 23.311 0
    endloop
  endfacet
  facet normal 0 0 -1
    outer loop
      vertex -0.497488 21.101 0
      vertex 0 23.4 0
      vertex 0 21.2 0
    endloop
  endfacet
  facet normal 0 0 -1
    outer loop
      vertex -2.03944 23.311 0
      vertex -0.497488 21.101 0
      vertex -0.919238 20.8192 0
    endloop
  endfacet
  facet normal 0 0 -1
    outer loop
      vertex -2.03944 23.311 0
      vertex -0.919238 20.8192 0
      vertex -1.20104 20.3975 0
    endloop
  endfacet
  facet normal 0 0 -1
    outer loop
      vertex -0.497488 21.101 0
      vertex -2.03944 23.311 0
      vertex 0 23.4 0
    endloop
  endfacet
  facet normal 0 0 -1
    outer loop
      vertex -4.06337 23.0445 0
      vertex -1.20104 20.3975 0
      vertex -1.3 19.9 0
    endloop
  endfacet
  facet normal 0 0 -1
    outer loop
      vertex -4.24463 15.8412 0
      vertex -1.20104 19.4025 0
      vertex -2.84783 16.1508 0
    endloop
  endfacet
  facet normal -0 0 -1
    outer loop
      vertex -1.20104 19.4025 0
      vertex -4.24463 15.8412 0
      vertex -1.3 19.9 0
    endloop
  endfacet
  facet normal 0 0 -1
    outer loop
      vertex -1.20104 20.3975 0
      vertex -4.06337 23.0445 0
      vertex -2.03944 23.311 0
    endloop
  endfacet
  facet normal 0 0 -1
    outer loop
      vertex -6.05637 22.6027 0
      vertex -1.3 19.9 0
      vertex -4.24463 15.8412 0
    endloop
  endfacet
  facet normal 0 0 -1
    outer loop
      vertex -6.05637 22.6027 0
      vertex -4.24463 15.8412 0
      vertex -5.60913 15.411 0
    endloop
  endfacet
  facet normal 0 0 -1
    outer loop
      vertex -1.3 19.9 0
      vertex -6.05637 22.6027 0
      vertex -4.06337 23.0445 0
    endloop
  endfacet
  facet normal 0 0 -1
    outer loop
      vertex -8.00327 21.9888 0
      vertex -5.60913 15.411 0
      vertex -6.93094 14.8634 0
    endloop
  endfacet
  facet normal 0 0 -1
    outer loop
      vertex -5.60913 15.411 0
      vertex -8.00327 21.9888 0
      vertex -6.05637 22.6027 0
    endloop
  endfacet
  facet normal 0 0 -1
    outer loop
      vertex -9.88927 21.2076 0
      vertex -6.93094 14.8634 0
      vertex -8.2 14.2028 0
    endloop
  endfacet
  facet normal 0 0 -1
    outer loop
      vertex -11.7 20.265 0
      vertex -8.2 14.2028 0
      vertex -9.40665 13.4341 0
    endloop
  endfacet
  facet normal 0 0 -1
    outer loop
      vertex -6.93094 14.8634 0
      vertex -9.88927 21.2076 0
      vertex -8.00327 21.9888 0
    endloop
  endfacet
  facet normal 0 0 -1
    outer loop
      vertex -13.4217 19.1682 0
      vertex -9.40665 13.4341 0
      vertex -10.5417 12.5631 0
    endloop
  endfacet
  facet normal 0 0 -1
    outer loop
      vertex -15.0412 17.9254 0
      vertex -10.5417 12.5631 0
      vertex -11.5966 11.5966 0
    endloop
  endfacet
  facet normal 0 0 -1
    outer loop
      vertex -8.2 14.2028 0
      vertex -11.7 20.265 0
      vertex -9.88927 21.2076 0
    endloop
  endfacet
  facet normal 0 0 -1
    outer loop
      vertex -16.5463 16.5463 0
      vertex -11.5966 11.5966 0
      vertex -12.5631 10.5417 0
    endloop
  endfacet
  facet normal 0 0 -1
    outer loop
      vertex -9.40665 13.4341 0
      vertex -13.4217 19.1682 0
      vertex -11.7 20.265 0
    endloop
  endfacet
  facet normal 0 0 -1
    outer loop
      vertex -17.9254 15.0412 0
      vertex -12.5631 10.5417 0
      vertex -13.4341 9.40665 0
    endloop
  endfacet
  facet normal 0 0 -1
    outer loop
      vertex -19.1682 13.4217 0
      vertex -13.4341 9.40665 0
      vertex -14.2028 8.2 0
    endloop
  endfacet
  facet normal 0 0 -1
    outer loop
      vertex -20.265 11.7 0
      vertex -14.2028 8.2 0
      vertex -14.8634 6.93094 0
    endloop
  endfacet
  facet normal 0 0 -1
    outer loop
      vertex -10.5417 12.5631 0
      vertex -15.0412 17.9254 0
      vertex -13.4217 19.1682 0
    endloop
  endfacet
  facet normal 0 0 -1
    outer loop
      vertex -21.2076 9.88927 0
      vertex -14.8634 6.93094 0
      vertex -15.411 5.60913 0
    endloop
  endfacet
  facet normal 0 0 -1
    outer loop
      vertex -21.9888 8.00327 0
      vertex -15.411 5.60913 0
      vertex -15.8412 4.24463 0
    endloop
  endfacet
  facet normal 0 0 -1
    outer loop
      vertex -22.6027 6.05637 0
      vertex -15.8412 4.24463 0
      vertex -16.1508 2.84783 0
    endloop
  endfacet
  facet normal 0 0 -1
    outer loop
      vertex -23.0445 4.06337 0
      vertex -16.1508 2.84783 0
      vertex -16.3376 1.42935 0
    endloop
  endfacet
  facet normal 0 0 -1
    outer loop
      vertex -11.5966 11.5966 0
      vertex -16.5463 16.5463 0
      vertex -15.0412 17.9254 0
    endloop
  endfacet
  facet normal 0 0 -1
    outer loop
      vertex -23.311 2.03944 0
      vertex -16.3376 1.42935 0
      vertex -16.4 0 0
    endloop
  endfacet
  facet normal 0 0 -1
    outer loop
      vertex -21.9888 -8.00327 0
      vertex -15.411 -5.60913 0
      vertex -21.2076 -9.88927 0
    endloop
  endfacet
  facet normal -0 0 -1
    outer loop
      vertex -15.411 -5.60913 0
      vertex -21.9888 -8.00327 0
      vertex -15.8412 -4.24463 0
    endloop
  endfacet
  facet normal 0 0 -1
    outer loop
      vertex -12.5631 10.5417 0
      vertex -17.9254 15.0412 0
      vertex -16.5463 16.5463 0
    endloop
  endfacet
  facet normal 0 0 -1
    outer loop
      vertex -22.6027 -6.05637 0
      vertex -15.8412 -4.24463 0
      vertex -21.9888 -8.00327 0
    endloop
  endfacet
  facet normal 0 0 -1
    outer loop
      vertex -13.4341 9.40665 0
      vertex -19.1682 13.4217 0
      vertex -17.9254 15.0412 0
    endloop
  endfacet
  facet normal -0 0 -1
    outer loop
      vertex -15.8412 -4.24463 0
      vertex -22.6027 -6.05637 0
      vertex -16.1508 -2.84783 0
    endloop
  endfacet
  facet normal 0 0 -1
    outer loop
      vertex -14.2028 8.2 0
      vertex -20.265 11.7 0
      vertex -19.1682 13.4217 0
    endloop
  endfacet
  facet normal 0 0 -1
    outer loop
      vertex -23.0445 -4.06337 0
      vertex -16.1508 -2.84783 0
      vertex -22.6027 -6.05637 0
    endloop
  endfacet
  facet normal 0 0 -1
    outer loop
      vertex -14.8634 6.93094 0
      vertex -21.2076 9.88927 0
      vertex -20.265 11.7 0
    endloop
  endfacet
  facet normal -0 0 -1
    outer loop
      vertex -16.1508 -2.84783 0
      vertex -23.0445 -4.06337 0
      vertex -16.3376 -1.42935 0
    endloop
  endfacet
  facet normal 0 0 -1
    outer loop
      vertex -15.411 5.60913 0
      vertex -21.9888 8.00327 0
      vertex -21.2076 9.88927 0
    endloop
  endfacet
  facet normal 0 0 -1
    outer loop
      vertex -23.311 -2.03944 0
      vertex -16.3376 -1.42935 0
      vertex -23.0445 -4.06337 0
    endloop
  endfacet
  facet normal 0 0 -1
    outer loop
      vertex -15.8412 4.24463 0
      vertex -22.6027 6.05637 0
      vertex -21.9888 8.00327 0
    endloop
  endfacet
  facet normal -0 0 -1
    outer loop
      vertex -16.3376 -1.42935 0
      vertex -23.311 -2.03944 0
      vertex -16.4 0 0
    endloop
  endfacet
  facet normal 0 0 -1
    outer loop
      vertex -16.1508 2.84783 0
      vertex -23.0445 4.06337 0
      vertex -22.6027 6.05637 0
    endloop
  endfacet
  facet normal 0 0 -1
    outer loop
      vertex -23.4 0 0
      vertex -16.4 0 0
      vertex -23.311 -2.03944 0
    endloop
  endfacet
  facet normal 0 0 -1
    outer loop
      vertex -16.3376 1.42935 0
      vertex -23.311 2.03944 0
      vertex -23.0445 4.06337 0
    endloop
  endfacet
  facet normal 0 0 -1
    outer loop
      vertex -16.4 0 0
      vertex -23.4 0 0
      vertex -23.311 2.03944 0
    endloop
  endfacet
  facet normal 0 0 -1
    outer loop
      vertex 0.919238 -18.9808 0
      vertex 2.84783 -16.1508 0
      vertex 1.20104 -19.4025 0
    endloop
  endfacet
  facet normal 0 0 -1
    outer loop
      vertex 2.84783 -16.1508 0
      vertex 0.919238 -18.9808 0
      vertex 1.42935 -16.3376 0
    endloop
  endfacet
  facet normal 0 0 -1
    outer loop
      vertex 0.497488 -18.699 0
      vertex 1.42935 -16.3376 0
      vertex 0.919238 -18.9808 0
    endloop
  endfacet
  facet normal 0 0 -1
    outer loop
      vertex 0 -16.4 0
      vertex 0.497488 -18.699 0
      vertex 0 -18.6 0
    endloop
  endfacet
  facet normal 0 0 -1
    outer loop
      vertex 0.497488 -18.699 0
      vertex 0 -16.4 0
      vertex 1.42935 -16.3376 0
    endloop
  endfacet
  facet normal 0 0 -1
    outer loop
      vertex -0.497488 -18.699 0
      vertex 0 -16.4 0
      vertex 0 -18.6 0
    endloop
  endfacet
  facet normal 0 0 -1
    outer loop
      vertex -1.42935 -16.3376 0
      vertex -0.497488 -18.699 0
      vertex -0.919238 -18.9808 0
    endloop
  endfacet
  facet normal 0 0 -1
    outer loop
      vertex -1.42935 -16.3376 0
      vertex -0.919238 -18.9808 0
      vertex -1.20104 -19.4025 0
    endloop
  endfacet
  facet normal 0 0 -1
    outer loop
      vertex -0.497488 -18.699 0
      vertex -1.42935 -16.3376 0
      vertex 0 -16.4 0
    endloop
  endfacet
  facet normal 0 0 -1
    outer loop
      vertex -1.42935 -16.3376 0
      vertex -1.20104 -19.4025 0
      vertex -1.3 -19.9 0
    endloop
  endfacet
  facet normal -0.793326 0.608797 0
    outer loop
      vertex -19.1682 13.4217 0
      vertex -17.9254 15.0412 34
      vertex -17.9254 15.0412 0
    endloop
  endfacet
  facet normal -0.793326 0.608797 0
    outer loop
      vertex -17.9254 15.0412 34
      vertex -19.1682 13.4217 0
      vertex -19.1682 13.4217 34
    endloop
  endfacet
  facet normal 0.461746 -0.887012 0
    outer loop
      vertex 9.88927 -21.2076 0
      vertex 11.7 -20.265 34
      vertex 9.88927 -21.2076 34
    endloop
  endfacet
  facet normal 0.461746 -0.887012 0
    outer loop
      vertex 11.7 -20.265 34
      vertex 9.88927 -21.2076 0
      vertex 11.7 -20.265 0
    endloop
  endfacet
  facet normal -0.382681 -0.923881 0
    outer loop
      vertex -9.88927 -21.2076 0
      vertex -8.00327 -21.9888 34
      vertex -9.88927 -21.2076 34
    endloop
  endfacet
  facet normal -0.382681 -0.923881 -0
    outer loop
      vertex -8.00327 -21.9888 34
      vertex -9.88927 -21.2076 0
      vertex -8.00327 -21.9888 0
    endloop
  endfacet
  facet normal 0.793326 -0.608797 0
    outer loop
      vertex 17.9254 -15.0412 34
      vertex 19.1682 -13.4217 0
      vertex 19.1682 -13.4217 34
    endloop
  endfacet
  facet normal 0.793326 -0.608797 0
    outer loop
      vertex 19.1682 -13.4217 0
      vertex 17.9254 -15.0412 34
      vertex 17.9254 -15.0412 0
    endloop
  endfacet
  facet normal 0.793326 0.608797 0
    outer loop
      vertex 19.1682 13.4217 34
      vertex 17.9254 15.0412 17.8197
      vertex 17.9254 15.0412 34
    endloop
  endfacet
  facet normal 0.792178 0.61029 0.000237681
    outer loop
      vertex 17.9254 15.0412 17.8197
      vertex 19.1682 13.4217 34
      vertex 17.9426 15.0189 17.7524
    endloop
  endfacet
  facet normal 0.793653 0.608371 -6.22791e-05
    outer loop
      vertex 17.9426 15.0189 17.7524
      vertex 19.1682 13.4217 34
      vertex 17.978 14.9727 17.5694
    endloop
  endfacet
  facet normal 0.793161 0.609013 3.40162e-05
    outer loop
      vertex 17.978 14.9727 17.5694
      vertex 19.1682 13.4217 34
      vertex 18.0035 14.9395 17.382
    endloop
  endfacet
  facet normal 0.792799 0.609483 0.000102253
    outer loop
      vertex 18.0035 14.9395 17.382
      vertex 19.1682 13.4217 34
      vertex 18.0189 14.9195 17.1917
    endloop
  endfacet
  facet normal 0.794016 0.607897 -0.000122218
    outer loop
      vertex 18.0189 14.9195 17.1917
      vertex 19.1682 13.4217 34
      vertex 18.024 14.9128 17
    endloop
  endfacet
  facet normal 0.792178 0.610289 -0.0002376
    outer loop
      vertex 19.1682 13.4217 0
      vertex 17.9254 15.0412 16.1802
      vertex 17.9426 15.0189 16.2476
    endloop
  endfacet
  facet normal 0.793653 0.608371 6.22791e-05
    outer loop
      vertex 19.1682 13.4217 0
      vertex 17.9426 15.0189 16.2476
      vertex 17.978 14.9727 16.4306
    endloop
  endfacet
  facet normal 0.793161 0.609013 -3.40162e-05
    outer loop
      vertex 19.1682 13.4217 0
      vertex 17.978 14.9727 16.4306
      vertex 18.0035 14.9395 16.618
    endloop
  endfacet
  facet normal 0.792799 0.609483 -0.000102253
    outer loop
      vertex 19.1682 13.4217 0
      vertex 18.0035 14.9395 16.618
      vertex 18.0189 14.9195 16.8083
    endloop
  endfacet
  facet normal 0.794016 0.607897 0.000122218
    outer loop
      vertex 19.1682 13.4217 0
      vertex 18.0189 14.9195 16.8083
      vertex 18.024 14.9128 17
    endloop
  endfacet
  facet normal 0.793343 0.608774 -0
    outer loop
      vertex 19.1682 13.4217 0
      vertex 18.024 14.9128 17
      vertex 19.1682 13.4217 34
    endloop
  endfacet
  facet normal 0.793326 0.608797 0
    outer loop
      vertex 17.9254 15.0412 16.1802
      vertex 19.1682 13.4217 0
      vertex 17.9254 15.0412 0
    endloop
  endfacet
  facet normal 0.991442 -0.130548 0
    outer loop
      vertex 23.0445 -4.06337 34
      vertex 23.311 -2.03944 24.7035
      vertex 23.311 -2.03944 34
    endloop
  endfacet
  facet normal 0.991419 -0.130719 -3.79941e-05
    outer loop
      vertex 23.311 -2.03944 24.7035
      vertex 23.0445 -4.06337 34
      vertex 23.2629 -2.40416 24.4042
    endloop
  endfacet
  facet normal 0.991462 -0.130393 1.94116e-05
    outer loop
      vertex 23.2629 -2.40416 24.4042
      vertex 23.0445 -4.06337 34
      vertex 23.2073 -2.827 23.8889
    endloop
  endfacet
  facet normal 0.991432 -0.130622 -9.03822e-06
    outer loop
      vertex 23.2073 -2.827 23.8889
      vertex 23.0445 -4.06337 34
      vertex 23.1659 -3.14119 23.3011
    endloop
  endfacet
  facet normal 0.991448 -0.1305 -1.35517e-06
    outer loop
      vertex 23.1404 -3.33467 22.6633
      vertex 23.0445 -4.06337 34
      vertex 23.1318 -3.4 22
    endloop
  endfacet
  facet normal 0.991431 -0.130634 -1.01143e-05
    outer loop
      vertex 23.1659 -3.14119 23.3011
      vertex 23.0445 -4.06337 34
      vertex 23.1404 -3.33467 22.6633
    endloop
  endfacet
  facet normal 0.991418 -0.130734 1.98648e-05
    outer loop
      vertex 23.0445 -4.06337 0
      vertex 23.311 -2.03944 19.2965
      vertex 23.2629 -2.40416 19.5958
    endloop
  endfacet
  facet normal 0.991464 -0.130382 -1.04321e-05
    outer loop
      vertex 23.0445 -4.06337 0
      vertex 23.2629 -2.40416 19.5958
      vertex 23.2073 -2.827 20.1111
    endloop
  endfacet
  facet normal 0.991431 -0.130629 5.00764e-06
    outer loop
      vertex 23.0445 -4.06337 0
      vertex 23.2073 -2.827 20.1111
      vertex 23.1659 -3.14119 20.6989
    endloop
  endfacet
  facet normal 0.991429 -0.130648 5.85361e-06
    outer loop
      vertex 23.0445 -4.06337 0
      vertex 23.1659 -3.14119 20.6989
      vertex 23.1404 -3.33467 21.3367
    endloop
  endfacet
  facet normal 0.991448 -0.130505 8.83564e-07
    outer loop
      vertex 23.0445 -4.06337 0
      vertex 23.1404 -3.33467 21.3367
      vertex 23.1318 -3.4 22
    endloop
  endfacet
  facet normal 0.991442 -0.130548 0
    outer loop
      vertex 23.311 -2.03944 19.2965
      vertex 23.0445 -4.06337 0
      vertex 23.311 -2.03944 0
    endloop
  endfacet
  facet normal 0.991451 -0.130476 0
    outer loop
      vertex 23.0445 -4.06337 0
      vertex 23.1318 -3.4 22
      vertex 23.0445 -4.06337 34
    endloop
  endfacet
  facet normal -0.216422 -0.9763 0
    outer loop
      vertex -6.05637 -22.6027 0
      vertex -4.06337 -23.0445 34
      vertex -6.05637 -22.6027 34
    endloop
  endfacet
  facet normal -0.216422 -0.9763 -0
    outer loop
      vertex -4.06337 -23.0445 34
      vertex -6.05637 -22.6027 0
      vertex -4.06337 -23.0445 0
    endloop
  endfacet
  facet normal 0.461746 0.887012 -0
    outer loop
      vertex 11.7 20.265 0
      vertex 9.88927 21.2076 34
      vertex 11.7 20.265 34
    endloop
  endfacet
  facet normal 0.461746 0.887012 0
    outer loop
      vertex 9.88927 21.2076 34
      vertex 11.7 20.265 0
      vertex 9.88927 21.2076 0
    endloop
  endfacet
  facet normal -0.887012 0.461746 0
    outer loop
      vertex -21.2076 9.88927 0
      vertex -20.265 11.7 34
      vertex -20.265 11.7 0
    endloop
  endfacet
  facet normal -0.887012 0.461746 0
    outer loop
      vertex -20.265 11.7 34
      vertex -21.2076 9.88927 0
      vertex -21.2076 9.88927 34
    endloop
  endfacet
  facet normal -0.991451 0.130476 0
    outer loop
      vertex -23.0445 4.06337 0
      vertex -23.1318 3.4 22
      vertex -23.0445 4.06337 34
    endloop
  endfacet
  facet normal -0.991448 0.130505 8.83564e-07
    outer loop
      vertex -23.0445 4.06337 0
      vertex -23.1404 3.33467 21.3367
      vertex -23.1318 3.4 22
    endloop
  endfacet
  facet normal -0.991429 0.130648 5.85361e-06
    outer loop
      vertex -23.0445 4.06337 0
      vertex -23.1659 3.14119 20.6989
      vertex -23.1404 3.33467 21.3367
    endloop
  endfacet
  facet normal -0.991431 0.130629 5.00764e-06
    outer loop
      vertex -23.0445 4.06337 0
      vertex -23.2073 2.827 20.1111
      vertex -23.1659 3.14119 20.6989
    endloop
  endfacet
  facet normal -0.991464 0.130382 -1.04321e-05
    outer loop
      vertex -23.0445 4.06337 0
      vertex -23.2629 2.40416 19.5958
      vertex -23.2073 2.827 20.1111
    endloop
  endfacet
  facet normal -0.991442 0.130548 0
    outer loop
      vertex -23.311 2.03944 19.2965
      vertex -23.0445 4.06337 0
      vertex -23.311 2.03944 0
    endloop
  endfacet
  facet normal -0.991418 0.130734 1.98648e-05
    outer loop
      vertex -23.0445 4.06337 0
      vertex -23.311 2.03944 19.2965
      vertex -23.2629 2.40416 19.5958
    endloop
  endfacet
  facet normal -0.991448 0.1305 -1.35517e-06
    outer loop
      vertex -23.1404 3.33467 22.6633
      vertex -23.0445 4.06337 34
      vertex -23.1318 3.4 22
    endloop
  endfacet
  facet normal -0.991431 0.130634 -1.01143e-05
    outer loop
      vertex -23.1659 3.14119 23.3011
      vertex -23.0445 4.06337 34
      vertex -23.1404 3.33467 22.6633
    endloop
  endfacet
  facet normal -0.991432 0.130622 -9.03822e-06
    outer loop
      vertex -23.2073 2.827 23.8889
      vertex -23.0445 4.06337 34
      vertex -23.1659 3.14119 23.3011
    endloop
  endfacet
  facet normal -0.991462 0.130393 1.94116e-05
    outer loop
      vertex -23.2629 2.40416 24.4042
      vertex -23.0445 4.06337 34
      vertex -23.2073 2.827 23.8889
    endloop
  endfacet
  facet normal -0.991419 0.130719 -3.79941e-05
    outer loop
      vertex -23.311 2.03944 24.7035
      vertex -23.0445 4.06337 34
      vertex -23.2629 2.40416 24.4042
    endloop
  endfacet
  facet normal -0.991442 0.130548 0
    outer loop
      vertex -23.0445 4.06337 34
      vertex -23.311 2.03944 24.7035
      vertex -23.311 2.03944 34
    endloop
  endfacet
  facet normal -0.843401 0.537284 0
    outer loop
      vertex -20.265 11.7 0
      vertex -19.1682 13.4217 34
      vertex -19.1682 13.4217 0
    endloop
  endfacet
  facet normal -0.843401 0.537284 0
    outer loop
      vertex -19.1682 13.4217 34
      vertex -20.265 11.7 0
      vertex -20.265 11.7 34
    endloop
  endfacet
  facet normal -0.0431491 -0.999069 0
    outer loop
      vertex -2.03944 -23.311 0
      vertex -1.88894 -23.3175 9.173
      vertex -2.03944 -23.311 9.29652
    endloop
  endfacet
  facet normal -0.0436745 -0.999046 8.63615e-06
    outer loop
      vertex -2.03944 -23.311 0
      vertex -1.30112 -23.3432 8.85881
      vertex -1.88894 -23.3175 9.173
    endloop
  endfacet
  facet normal -0.0435457 -0.999051 -2.12375e-06
    outer loop
      vertex -2.03944 -23.311 0
      vertex -0.663306 -23.371 8.66533
      vertex -1.30112 -23.3432 8.85881
    endloop
  endfacet
  facet normal -0.0435979 -0.999049 6.19167e-06
    outer loop
      vertex 0 -23.4 0
      vertex -0.663306 -23.371 8.66533
      vertex -2.03944 -23.311 0
    endloop
  endfacet
  facet normal -0.0436787 -0.999046 0
    outer loop
      vertex -0.663306 -23.371 8.66533
      vertex 0 -23.4 0
      vertex 0 -23.4 8.6
    endloop
  endfacet
  facet normal -0.0435979 -0.999049 0
    outer loop
      vertex -2.03944 -23.311 34
      vertex 0 -23.4 15.4
      vertex 0 -23.4 34
    endloop
  endfacet
  facet normal -0.0436778 -0.999046 -8.77431e-06
    outer loop
      vertex -2.03944 -23.311 34
      vertex -0.663306 -23.371 15.3347
      vertex 0 -23.4 15.4
    endloop
  endfacet
  facet normal -0.0435453 -0.999051 1.01083e-06
    outer loop
      vertex -2.03944 -23.311 34
      vertex -1.30112 -23.3432 15.1412
      vertex -0.663306 -23.371 15.3347
    endloop
  endfacet
  facet normal -0.0436769 -0.999046 -4.15064e-06
    outer loop
      vertex -2.03944 -23.311 34
      vertex -1.88894 -23.3175 14.827
      vertex -1.30112 -23.3432 15.1412
    endloop
  endfacet
  facet normal -0.0431491 -0.999069 0
    outer loop
      vertex -1.88894 -23.3175 14.827
      vertex -2.03944 -23.311 34
      vertex -2.03944 -23.311 14.7035
    endloop
  endfacet
  facet normal -0.9763 -0.216422 0
    outer loop
      vertex -22.6027 -6.05637 0
      vertex -23.0445 -4.06337 34
      vertex -23.0445 -4.06337 0
    endloop
  endfacet
  facet normal -0.9763 -0.216422 0
    outer loop
      vertex -23.0445 -4.06337 34
      vertex -22.6027 -6.05637 0
      vertex -22.6027 -6.05637 34
    endloop
  endfacet
  facet normal 0.9763 -0.216422 0
    outer loop
      vertex 22.6027 -6.05637 34
      vertex 23.0445 -4.06337 0
      vertex 23.0445 -4.06337 34
    endloop
  endfacet
  facet normal 0.9763 -0.216422 0
    outer loop
      vertex 23.0445 -4.06337 0
      vertex 22.6027 -6.05637 34
      vertex 22.6027 -6.05637 0
    endloop
  endfacet
  facet normal -0.300726 0.953711 0
    outer loop
      vertex -6.05637 22.6027 0
      vertex -8.00327 21.9888 34
      vertex -6.05637 22.6027 34
    endloop
  endfacet
  facet normal -0.300726 0.953711 0
    outer loop
      vertex -8.00327 21.9888 34
      vertex -6.05637 22.6027 0
      vertex -8.00327 21.9888 0
    endloop
  endfacet
  facet normal -0.608797 0.793326 0
    outer loop
      vertex -13.4217 19.1682 0
      vertex -15.0412 17.9254 34
      vertex -13.4217 19.1682 34
    endloop
  endfacet
  facet normal -0.608797 0.793326 0
    outer loop
      vertex -15.0412 17.9254 34
      vertex -13.4217 19.1682 0
      vertex -15.0412 17.9254 0
    endloop
  endfacet
  facet normal -0.216422 0.9763 0
    outer loop
      vertex -4.06337 23.0445 0
      vertex -6.05637 22.6027 34
      vertex -4.06337 23.0445 34
    endloop
  endfacet
  facet normal -0.216422 0.9763 0
    outer loop
      vertex -6.05637 22.6027 34
      vertex -4.06337 23.0445 0
      vertex -6.05637 22.6027 0
    endloop
  endfacet
  facet normal 0.843401 0.537284 0
    outer loop
      vertex 20.265 11.7 34
      vertex 19.1682 13.4217 0
      vertex 19.1682 13.4217 34
    endloop
  endfacet
  facet normal 0.843401 0.537284 0
    outer loop
      vertex 19.1682 13.4217 0
      vertex 20.265 11.7 34
      vertex 20.265 11.7 0
    endloop
  endfacet
  facet normal -0.461746 -0.887012 0
    outer loop
      vertex -11.7 -20.265 0
      vertex -9.88927 -21.2076 34
      vertex -11.7 -20.265 34
    endloop
  endfacet
  facet normal -0.461746 -0.887012 -0
    outer loop
      vertex -9.88927 -21.2076 34
      vertex -11.7 -20.265 0
      vertex -9.88927 -21.2076 0
    endloop
  endfacet
  facet normal 0.999046 -0.0436778 8.77431e-06
    outer loop
      vertex 23.311 -2.03944 0
      vertex 23.4 0 18.6
      vertex 23.371 -0.663306 18.6653
    endloop
  endfacet
  facet normal 0.999051 -0.0435453 -1.01083e-06
    outer loop
      vertex 23.311 -2.03944 0
      vertex 23.371 -0.663306 18.6653
      vertex 23.3432 -1.30112 18.8588
    endloop
  endfacet
  facet normal 0.999046 -0.0436769 4.15064e-06
    outer loop
      vertex 23.311 -2.03944 0
      vertex 23.3432 -1.30112 18.8588
      vertex 23.3175 -1.88894 19.173
    endloop
  endfacet
  facet normal 0.999069 -0.0431491 0
    outer loop
      vertex 23.311 -2.03944 0
      vertex 23.3175 -1.88894 19.173
      vertex 23.311 -2.03944 19.2965
    endloop
  endfacet
  facet normal 0.999049 -0.0435979 0
    outer loop
      vertex 23.4 0 18.6
      vertex 23.311 -2.03944 0
      vertex 23.4 0 0
    endloop
  endfacet
  facet normal 0.999046 -0.0436787 0
    outer loop
      vertex 23.4 0 34
      vertex 23.371 -0.663306 25.3347
      vertex 23.4 0 25.4
    endloop
  endfacet
  facet normal 0.999049 -0.0435979 -6.19169e-06
    outer loop
      vertex 23.311 -2.03944 34
      vertex 23.371 -0.663306 25.3347
      vertex 23.4 0 34
    endloop
  endfacet
  facet normal 0.999051 -0.0435457 2.12374e-06
    outer loop
      vertex 23.371 -0.663306 25.3347
      vertex 23.311 -2.03944 34
      vertex 23.3432 -1.30112 25.1412
    endloop
  endfacet
  facet normal 0.999046 -0.0436745 -8.63615e-06
    outer loop
      vertex 23.3432 -1.30112 25.1412
      vertex 23.311 -2.03944 34
      vertex 23.3175 -1.88894 24.827
    endloop
  endfacet
  facet normal 0.999069 -0.0431491 0
    outer loop
      vertex 23.3175 -1.88894 24.827
      vertex 23.311 -2.03944 34
      vertex 23.311 -2.03944 24.7035
    endloop
  endfacet
  facet normal 0.923881 -0.382681 0
    outer loop
      vertex 21.2076 -9.88927 34
      vertex 21.9888 -8.00327 0
      vertex 21.9888 -8.00327 34
    endloop
  endfacet
  facet normal 0.923881 -0.382681 0
    outer loop
      vertex 21.9888 -8.00327 0
      vertex 21.2076 -9.88927 34
      vertex 21.2076 -9.88927 0
    endloop
  endfacet
  facet normal -0.737294 -0.675572 0
    outer loop
      vertex -16.5463 -16.5463 0
      vertex -17.9254 -15.0412 34
      vertex -17.9254 -15.0412 0
    endloop
  endfacet
  facet normal -0.737294 -0.675572 0
    outer loop
      vertex -17.9254 -15.0412 34
      vertex -16.5463 -16.5463 0
      vertex -16.5463 -16.5463 34
    endloop
  endfacet
  facet normal -0.382681 0.923881 0
    outer loop
      vertex -8.00327 21.9888 0
      vertex -9.88927 21.2076 34
      vertex -8.00327 21.9888 34
    endloop
  endfacet
  facet normal -0.382681 0.923881 0
    outer loop
      vertex -9.88927 21.2076 34
      vertex -8.00327 21.9888 0
      vertex -9.88927 21.2076 0
    endloop
  endfacet
  facet normal -0.737294 0.675572 0
    outer loop
      vertex -17.9254 15.0412 0
      vertex -16.5463 16.5463 34
      vertex -16.5463 16.5463 0
    endloop
  endfacet
  facet normal -0.737294 0.675572 0
    outer loop
      vertex -16.5463 16.5463 34
      vertex -17.9254 15.0412 0
      vertex -17.9254 15.0412 34
    endloop
  endfacet
  facet normal 0.608797 0.793326 -0
    outer loop
      vertex 15.0412 17.9254 17.8197
      vertex 13.4217 19.1682 34
      vertex 15.0412 17.9254 34
    endloop
  endfacet
  facet normal 0.61029 0.792178 0.000237681
    outer loop
      vertex 15.0189 17.9426 17.7524
      vertex 13.4217 19.1682 34
      vertex 15.0412 17.9254 17.8197
    endloop
  endfacet
  facet normal 0.608371 0.793653 -6.22791e-05
    outer loop
      vertex 14.9727 17.978 17.5694
      vertex 13.4217 19.1682 34
      vertex 15.0189 17.9426 17.7524
    endloop
  endfacet
  facet normal 0.609013 0.793161 3.40162e-05
    outer loop
      vertex 14.9395 18.0035 17.382
      vertex 13.4217 19.1682 34
      vertex 14.9727 17.978 17.5694
    endloop
  endfacet
  facet normal 0.609483 0.792799 0.000102253
    outer loop
      vertex 14.9195 18.0189 17.1917
      vertex 13.4217 19.1682 34
      vertex 14.9395 18.0035 17.382
    endloop
  endfacet
  facet normal 0.607897 0.794016 -0.000122218
    outer loop
      vertex 14.9128 18.024 17
      vertex 13.4217 19.1682 34
      vertex 14.9195 18.0189 17.1917
    endloop
  endfacet
  facet normal 0.607897 0.794016 0.000122218
    outer loop
      vertex 13.4217 19.1682 0
      vertex 14.9128 18.024 17
      vertex 14.9195 18.0189 16.8083
    endloop
  endfacet
  facet normal 0.608797 0.793326 0
    outer loop
      vertex 13.4217 19.1682 0
      vertex 15.0412 17.9254 16.1802
      vertex 15.0412 17.9254 0
    endloop
  endfacet
  facet normal 0.610289 0.792178 -0.0002376
    outer loop
      vertex 15.0412 17.9254 16.1802
      vertex 13.4217 19.1682 0
      vertex 15.0189 17.9426 16.2476
    endloop
  endfacet
  facet normal 0.608371 0.793653 6.22791e-05
    outer loop
      vertex 15.0189 17.9426 16.2476
      vertex 13.4217 19.1682 0
      vertex 14.9727 17.978 16.4306
    endloop
  endfacet
  facet normal 0.609013 0.793161 -3.40162e-05
    outer loop
      vertex 14.9727 17.978 16.4306
      vertex 13.4217 19.1682 0
      vertex 14.9395 18.0035 16.618
    endloop
  endfacet
  facet normal 0.609483 0.792799 -0.000102253
    outer loop
      vertex 14.9395 18.0035 16.618
      vertex 13.4217 19.1682 0
      vertex 14.9195 18.0189 16.8083
    endloop
  endfacet
  facet normal 0.608774 0.793343 0
    outer loop
      vertex 14.9128 18.024 17
      vertex 13.4217 19.1682 0
      vertex 13.4217 19.1682 34
    endloop
  endfacet
  facet normal 0.537284 0.843401 -0
    outer loop
      vertex 13.4217 19.1682 0
      vertex 11.7 20.265 34
      vertex 13.4217 19.1682 34
    endloop
  endfacet
  facet normal 0.537284 0.843401 0
    outer loop
      vertex 11.7 20.265 34
      vertex 13.4217 19.1682 0
      vertex 11.7 20.265 0
    endloop
  endfacet
  facet normal 0.0435979 -0.999049 0
    outer loop
      vertex 0 -23.4 15.4
      vertex 2.03944 -23.311 34
      vertex 0 -23.4 34
    endloop
  endfacet
  facet normal 0.0436778 -0.999046 -8.77431e-06
    outer loop
      vertex 0.663306 -23.371 15.3347
      vertex 2.03944 -23.311 34
      vertex 0 -23.4 15.4
    endloop
  endfacet
  facet normal 0.0435453 -0.999051 1.01083e-06
    outer loop
      vertex 1.30112 -23.3432 15.1412
      vertex 2.03944 -23.311 34
      vertex 0.663306 -23.371 15.3347
    endloop
  endfacet
  facet normal 0.0436769 -0.999046 -4.15064e-06
    outer loop
      vertex 1.88894 -23.3175 14.827
      vertex 2.03944 -23.311 34
      vertex 1.30112 -23.3432 15.1412
    endloop
  endfacet
  facet normal 0.0431491 -0.999069 0
    outer loop
      vertex 2.03944 -23.311 34
      vertex 1.88894 -23.3175 14.827
      vertex 2.03944 -23.311 14.7035
    endloop
  endfacet
  facet normal 0.0436787 -0.999046 0
    outer loop
      vertex 0 -23.4 0
      vertex 0.663306 -23.371 8.66533
      vertex 0 -23.4 8.6
    endloop
  endfacet
  facet normal 0.0435979 -0.999049 6.19167e-06
    outer loop
      vertex 2.03944 -23.311 0
      vertex 0.663306 -23.371 8.66533
      vertex 0 -23.4 0
    endloop
  endfacet
  facet normal 0.0435457 -0.999051 -2.12375e-06
    outer loop
      vertex 0.663306 -23.371 8.66533
      vertex 2.03944 -23.311 0
      vertex 1.30112 -23.3432 8.85881
    endloop
  endfacet
  facet normal 0.0436745 -0.999046 8.63615e-06
    outer loop
      vertex 1.30112 -23.3432 8.85881
      vertex 2.03944 -23.311 0
      vertex 1.88894 -23.3175 9.173
    endloop
  endfacet
  facet normal 0.0431491 -0.999069 0
    outer loop
      vertex 1.88894 -23.3175 9.173
      vertex 2.03944 -23.311 0
      vertex 2.03944 -23.311 9.29652
    endloop
  endfacet
  facet normal 0.953711 0.300726 0
    outer loop
      vertex 22.6027 6.05637 34
      vertex 21.9888 8.00327 0
      vertex 21.9888 8.00327 34
    endloop
  endfacet
  facet normal 0.953711 0.300726 0
    outer loop
      vertex 21.9888 8.00327 0
      vertex 22.6027 6.05637 34
      vertex 22.6027 6.05637 0
    endloop
  endfacet
  facet normal 0.675572 -0.737294 0
    outer loop
      vertex 15.0412 -17.9254 0
      vertex 16.5463 -16.5463 34
      vertex 15.0412 -17.9254 34
    endloop
  endfacet
  facet normal 0.675572 -0.737294 0
    outer loop
      vertex 16.5463 -16.5463 34
      vertex 15.0412 -17.9254 0
      vertex 16.5463 -16.5463 0
    endloop
  endfacet
  facet normal 0.953711 -0.300726 0
    outer loop
      vertex 21.9888 -8.00327 34
      vertex 22.6027 -6.05637 0
      vertex 22.6027 -6.05637 34
    endloop
  endfacet
  facet normal 0.953711 -0.300726 0
    outer loop
      vertex 22.6027 -6.05637 0
      vertex 21.9888 -8.00327 34
      vertex 21.9888 -8.00327 0
    endloop
  endfacet
  facet normal 0.130548 0.991442 0
    outer loop
      vertex 4.06337 23.0445 34
      vertex 2.03944 23.311 14.7035
      vertex 2.03944 23.311 34
    endloop
  endfacet
  facet normal 0.130734 0.991418 -1.98648e-05
    outer loop
      vertex 4.06337 23.0445 34
      vertex 2.40416 23.2629 14.4042
      vertex 2.03944 23.311 14.7035
    endloop
  endfacet
  facet normal 0.130382 0.991464 1.04321e-05
    outer loop
      vertex 4.06337 23.0445 34
      vertex 2.827 23.2073 13.8889
      vertex 2.40416 23.2629 14.4042
    endloop
  endfacet
  facet normal 0.130629 0.991431 -5.00764e-06
    outer loop
      vertex 4.06337 23.0445 34
      vertex 3.14119 23.1659 13.3011
      vertex 2.827 23.2073 13.8889
    endloop
  endfacet
  facet normal 0.130648 0.991429 -5.85361e-06
    outer loop
      vertex 4.06337 23.0445 34
      vertex 3.33467 23.1404 12.6633
      vertex 3.14119 23.1659 13.3011
    endloop
  endfacet
  facet normal 0.130505 0.991448 -8.83564e-07
    outer loop
      vertex 4.06337 23.0445 34
      vertex 3.4 23.1318 12
      vertex 3.33467 23.1404 12.6633
    endloop
  endfacet
  facet normal 0.130476 0.991451 -0
    outer loop
      vertex 4.06337 23.0445 0
      vertex 3.4 23.1318 12
      vertex 4.06337 23.0445 34
    endloop
  endfacet
  facet normal 0.1305 0.991448 1.35517e-06
    outer loop
      vertex 4.06337 23.0445 0
      vertex 3.33467 23.1404 11.3367
      vertex 3.4 23.1318 12
    endloop
  endfacet
  facet normal 0.130634 0.991431 1.01143e-05
    outer loop
      vertex 4.06337 23.0445 0
      vertex 3.14119 23.1659 10.6989
      vertex 3.33467 23.1404 11.3367
    endloop
  endfacet
  facet normal 0.130622 0.991432 9.03822e-06
    outer loop
      vertex 4.06337 23.0445 0
      vertex 2.827 23.2073 10.1111
      vertex 3.14119 23.1659 10.6989
    endloop
  endfacet
  facet normal 0.130393 0.991462 -1.94118e-05
    outer loop
      vertex 4.06337 23.0445 0
      vertex 2.40416 23.2629 9.59584
      vertex 2.827 23.2073 10.1111
    endloop
  endfacet
  facet normal 0.130719 0.991419 3.79936e-05
    outer loop
      vertex 4.06337 23.0445 0
      vertex 2.03944 23.311 9.29652
      vertex 2.40416 23.2629 9.59584
    endloop
  endfacet
  facet normal 0.130548 0.991442 0
    outer loop
      vertex 2.03944 23.311 9.29652
      vertex 4.06337 23.0445 0
      vertex 2.03944 23.311 0
    endloop
  endfacet
  facet normal -0.923881 0.382681 0
    outer loop
      vertex -21.9888 8.00327 0
      vertex -21.2076 9.88927 34
      vertex -21.2076 9.88927 0
    endloop
  endfacet
  facet normal -0.923881 0.382681 0
    outer loop
      vertex -21.2076 9.88927 34
      vertex -21.9888 8.00327 0
      vertex -21.9888 8.00327 34
    endloop
  endfacet
  facet normal -0.953711 0.300726 0
    outer loop
      vertex -22.6027 6.05637 0
      vertex -21.9888 8.00327 34
      vertex -21.9888 8.00327 0
    endloop
  endfacet
  facet normal -0.953711 0.300726 0
    outer loop
      vertex -21.9888 8.00327 34
      vertex -22.6027 6.05637 0
      vertex -22.6027 6.05637 34
    endloop
  endfacet
  facet normal 0.923881 0.382681 0
    outer loop
      vertex 21.9888 8.00327 34
      vertex 21.2076 9.88927 0
      vertex 21.2076 9.88927 34
    endloop
  endfacet
  facet normal 0.923881 0.382681 0
    outer loop
      vertex 21.2076 9.88927 0
      vertex 21.9888 8.00327 34
      vertex 21.9888 8.00327 0
    endloop
  endfacet
  facet normal 0.887012 0.461746 0
    outer loop
      vertex 21.2076 9.88927 34
      vertex 20.265 11.7 0
      vertex 20.265 11.7 34
    endloop
  endfacet
  facet normal 0.887012 0.461746 0
    outer loop
      vertex 20.265 11.7 0
      vertex 21.2076 9.88927 34
      vertex 21.2076 9.88927 0
    endloop
  endfacet
  facet normal -0.843401 -0.537284 0
    outer loop
      vertex -19.1682 -13.4217 0
      vertex -20.265 -11.7 34
      vertex -20.265 -11.7 0
    endloop
  endfacet
  facet normal -0.843401 -0.537284 0
    outer loop
      vertex -20.265 -11.7 34
      vertex -19.1682 -13.4217 0
      vertex -19.1682 -13.4217 34
    endloop
  endfacet
  facet normal -0.675572 0.737294 0
    outer loop
      vertex -15.0412 17.9254 0
      vertex -16.5463 16.5463 34
      vertex -15.0412 17.9254 34
    endloop
  endfacet
  facet normal -0.675572 0.737294 0
    outer loop
      vertex -16.5463 16.5463 34
      vertex -15.0412 17.9254 0
      vertex -16.5463 16.5463 0
    endloop
  endfacet
  facet normal 0.843401 -0.537284 0
    outer loop
      vertex 19.1682 -13.4217 34
      vertex 20.265 -11.7 0
      vertex 20.265 -11.7 34
    endloop
  endfacet
  facet normal 0.843401 -0.537284 0
    outer loop
      vertex 20.265 -11.7 0
      vertex 19.1682 -13.4217 34
      vertex 19.1682 -13.4217 0
    endloop
  endfacet
  facet normal 0.216422 -0.9763 0
    outer loop
      vertex 4.06337 -23.0445 0
      vertex 6.05637 -22.6027 34
      vertex 4.06337 -23.0445 34
    endloop
  endfacet
  facet normal 0.216422 -0.9763 0
    outer loop
      vertex 6.05637 -22.6027 34
      vertex 4.06337 -23.0445 0
      vertex 6.05637 -22.6027 0
    endloop
  endfacet
  facet normal -0.0436787 0.999046 0
    outer loop
      vertex 0 23.4 0
      vertex -0.663306 23.371 8.66533
      vertex 0 23.4 8.6
    endloop
  endfacet
  facet normal -0.0435979 0.999049 6.19167e-06
    outer loop
      vertex -2.03944 23.311 0
      vertex -0.663306 23.371 8.66533
      vertex 0 23.4 0
    endloop
  endfacet
  facet normal -0.0435457 0.999051 -2.12375e-06
    outer loop
      vertex -0.663306 23.371 8.66533
      vertex -2.03944 23.311 0
      vertex -1.30112 23.3432 8.85881
    endloop
  endfacet
  facet normal -0.0436745 0.999046 8.63615e-06
    outer loop
      vertex -1.30112 23.3432 8.85881
      vertex -2.03944 23.311 0
      vertex -1.88894 23.3175 9.173
    endloop
  endfacet
  facet normal -0.0431491 0.999069 0
    outer loop
      vertex -1.88894 23.3175 9.173
      vertex -2.03944 23.311 0
      vertex -2.03944 23.311 9.29652
    endloop
  endfacet
  facet normal -0.0435979 0.999049 0
    outer loop
      vertex 0 23.4 15.4
      vertex -2.03944 23.311 34
      vertex 0 23.4 34
    endloop
  endfacet
  facet normal -0.0436778 0.999046 -8.77431e-06
    outer loop
      vertex -0.663306 23.371 15.3347
      vertex -2.03944 23.311 34
      vertex 0 23.4 15.4
    endloop
  endfacet
  facet normal -0.0435453 0.999051 1.01083e-06
    outer loop
      vertex -1.30112 23.3432 15.1412
      vertex -2.03944 23.311 34
      vertex -0.663306 23.371 15.3347
    endloop
  endfacet
  facet normal -0.0436769 0.999046 -4.15064e-06
    outer loop
      vertex -1.88894 23.3175 14.827
      vertex -2.03944 23.311 34
      vertex -1.30112 23.3432 15.1412
    endloop
  endfacet
  facet normal -0.0431491 0.999069 0
    outer loop
      vertex -2.03944 23.311 34
      vertex -1.88894 23.3175 14.827
      vertex -2.03944 23.311 14.7035
    endloop
  endfacet
  facet normal 0.608797 -0.793326 0
    outer loop
      vertex 13.4217 -19.1682 0
      vertex 15.0412 -17.9254 34
      vertex 13.4217 -19.1682 34
    endloop
  endfacet
  facet normal 0.608797 -0.793326 0
    outer loop
      vertex 15.0412 -17.9254 34
      vertex 13.4217 -19.1682 0
      vertex 15.0412 -17.9254 0
    endloop
  endfacet
  facet normal -0.9763 0.216422 0
    outer loop
      vertex -23.0445 4.06337 0
      vertex -22.6027 6.05637 34
      vertex -22.6027 6.05637 0
    endloop
  endfacet
  facet normal -0.9763 0.216422 0
    outer loop
      vertex -22.6027 6.05637 34
      vertex -23.0445 4.06337 0
      vertex -23.0445 4.06337 34
    endloop
  endfacet
  facet normal 0.300726 0.953711 -0
    outer loop
      vertex 8.00327 21.9888 0
      vertex 6.05637 22.6027 34
      vertex 8.00327 21.9888 34
    endloop
  endfacet
  facet normal 0.300726 0.953711 0
    outer loop
      vertex 6.05637 22.6027 34
      vertex 8.00327 21.9888 0
      vertex 6.05637 22.6027 0
    endloop
  endfacet
  facet normal 0.300726 -0.953711 0
    outer loop
      vertex 6.05637 -22.6027 0
      vertex 8.00327 -21.9888 34
      vertex 6.05637 -22.6027 34
    endloop
  endfacet
  facet normal 0.300726 -0.953711 0
    outer loop
      vertex 8.00327 -21.9888 34
      vertex 6.05637 -22.6027 0
      vertex 8.00327 -21.9888 0
    endloop
  endfacet
  facet normal -0.991442 -0.130548 0
    outer loop
      vertex -23.0445 -4.06337 0
      vertex -23.311 -2.03944 19.2965
      vertex -23.311 -2.03944 0
    endloop
  endfacet
  facet normal -0.991418 -0.130734 1.98648e-05
    outer loop
      vertex -23.311 -2.03944 19.2965
      vertex -23.0445 -4.06337 0
      vertex -23.2629 -2.40416 19.5958
    endloop
  endfacet
  facet normal -0.991464 -0.130382 -1.04321e-05
    outer loop
      vertex -23.2629 -2.40416 19.5958
      vertex -23.0445 -4.06337 0
      vertex -23.2073 -2.827 20.1111
    endloop
  endfacet
  facet normal -0.991431 -0.130629 5.00764e-06
    outer loop
      vertex -23.2073 -2.827 20.1111
      vertex -23.0445 -4.06337 0
      vertex -23.1659 -3.14119 20.6989
    endloop
  endfacet
  facet normal -0.991429 -0.130648 5.85361e-06
    outer loop
      vertex -23.1659 -3.14119 20.6989
      vertex -23.0445 -4.06337 0
      vertex -23.1404 -3.33467 21.3367
    endloop
  endfacet
  facet normal -0.991448 -0.130505 8.83564e-07
    outer loop
      vertex -23.1404 -3.33467 21.3367
      vertex -23.0445 -4.06337 0
      vertex -23.1318 -3.4 22
    endloop
  endfacet
  facet normal -0.991419 -0.130719 -3.79941e-05
    outer loop
      vertex -23.0445 -4.06337 34
      vertex -23.311 -2.03944 24.7035
      vertex -23.2629 -2.40416 24.4042
    endloop
  endfacet
  facet normal -0.991462 -0.130393 1.94116e-05
    outer loop
      vertex -23.0445 -4.06337 34
      vertex -23.2629 -2.40416 24.4042
      vertex -23.2073 -2.827 23.8889
    endloop
  endfacet
  facet normal -0.991432 -0.130622 -9.03822e-06
    outer loop
      vertex -23.0445 -4.06337 34
      vertex -23.2073 -2.827 23.8889
      vertex -23.1659 -3.14119 23.3011
    endloop
  endfacet
  facet normal -0.991431 -0.130634 -1.01143e-05
    outer loop
      vertex -23.0445 -4.06337 34
      vertex -23.1659 -3.14119 23.3011
      vertex -23.1404 -3.33467 22.6633
    endloop
  endfacet
  facet normal -0.991442 -0.130548 0
    outer loop
      vertex -23.311 -2.03944 24.7035
      vertex -23.0445 -4.06337 34
      vertex -23.311 -2.03944 34
    endloop
  endfacet
  facet normal -0.991448 -0.1305 -1.35517e-06
    outer loop
      vertex -23.1318 -3.4 22
      vertex -23.0445 -4.06337 34
      vertex -23.1404 -3.33467 22.6633
    endloop
  endfacet
  facet normal -0.991451 -0.130476 -0
    outer loop
      vertex -23.0445 -4.06337 34
      vertex -23.1318 -3.4 22
      vertex -23.0445 -4.06337 0
    endloop
  endfacet
  facet normal -0.793326 -0.608797 0
    outer loop
      vertex -17.9254 -15.0412 0
      vertex -19.1682 -13.4217 34
      vertex -19.1682 -13.4217 0
    endloop
  endfacet
  facet normal -0.793326 -0.608797 0
    outer loop
      vertex -19.1682 -13.4217 34
      vertex -17.9254 -15.0412 0
      vertex -17.9254 -15.0412 34
    endloop
  endfacet
  facet normal 0.382681 -0.923881 0
    outer loop
      vertex 8.00327 -21.9888 0
      vertex 9.88927 -21.2076 34
      vertex 8.00327 -21.9888 34
    endloop
  endfacet
  facet normal 0.382681 -0.923881 0
    outer loop
      vertex 9.88927 -21.2076 34
      vertex 8.00327 -21.9888 0
      vertex 9.88927 -21.2076 0
    endloop
  endfacet
  facet normal -0.461746 0.887012 0
    outer loop
      vertex -9.88927 21.2076 0
      vertex -11.7 20.265 34
      vertex -9.88927 21.2076 34
    endloop
  endfacet
  facet normal -0.461746 0.887012 0
    outer loop
      vertex -11.7 20.265 34
      vertex -9.88927 21.2076 0
      vertex -11.7 20.265 0
    endloop
  endfacet
  facet normal -0.999049 -0.0435979 0
    outer loop
      vertex -23.311 -2.03944 0
      vertex -23.4 0 18.6
      vertex -23.4 0 0
    endloop
  endfacet
  facet normal -0.999046 -0.0436778 8.77431e-06
    outer loop
      vertex -23.4 0 18.6
      vertex -23.311 -2.03944 0
      vertex -23.371 -0.663306 18.6653
    endloop
  endfacet
  facet normal -0.999051 -0.0435453 -1.01083e-06
    outer loop
      vertex -23.371 -0.663306 18.6653
      vertex -23.311 -2.03944 0
      vertex -23.3432 -1.30112 18.8588
    endloop
  endfacet
  facet normal -0.999046 -0.0436769 4.15064e-06
    outer loop
      vertex -23.3432 -1.30112 18.8588
      vertex -23.311 -2.03944 0
      vertex -23.3175 -1.88894 19.173
    endloop
  endfacet
  facet normal -0.999069 -0.0431491 0
    outer loop
      vertex -23.3175 -1.88894 19.173
      vertex -23.311 -2.03944 0
      vertex -23.311 -2.03944 19.2965
    endloop
  endfacet
  facet normal -0.999046 -0.0436787 0
    outer loop
      vertex -23.371 -0.663306 25.3347
      vertex -23.4 0 34
      vertex -23.4 0 25.4
    endloop
  endfacet
  facet normal -0.999051 -0.0435457 2.12374e-06
    outer loop
      vertex -23.311 -2.03944 34
      vertex -23.371 -0.663306 25.3347
      vertex -23.3432 -1.30112 25.1412
    endloop
  endfacet
  facet normal -0.999046 -0.0436745 -8.63615e-06
    outer loop
      vertex -23.311 -2.03944 34
      vertex -23.3432 -1.30112 25.1412
      vertex -23.3175 -1.88894 24.827
    endloop
  endfacet
  facet normal -0.999069 -0.0431491 -0
    outer loop
      vertex -23.311 -2.03944 34
      vertex -23.3175 -1.88894 24.827
      vertex -23.311 -2.03944 24.7035
    endloop
  endfacet
  facet normal -0.999049 -0.0435979 -6.19169e-06
    outer loop
      vertex -23.371 -0.663306 25.3347
      vertex -23.311 -2.03944 34
      vertex -23.4 0 34
    endloop
  endfacet
  facet normal 0.0431491 0.999069 -0
    outer loop
      vertex 2.03944 23.311 0
      vertex 1.88894 23.3175 9.173
      vertex 2.03944 23.311 9.29652
    endloop
  endfacet
  facet normal 0.0436745 0.999046 8.63615e-06
    outer loop
      vertex 2.03944 23.311 0
      vertex 1.30112 23.3432 8.85881
      vertex 1.88894 23.3175 9.173
    endloop
  endfacet
  facet normal 0.0435457 0.999051 -2.12375e-06
    outer loop
      vertex 2.03944 23.311 0
      vertex 0.663306 23.371 8.66533
      vertex 1.30112 23.3432 8.85881
    endloop
  endfacet
  facet normal 0.0435979 0.999049 6.19167e-06
    outer loop
      vertex 0 23.4 0
      vertex 0.663306 23.371 8.66533
      vertex 2.03944 23.311 0
    endloop
  endfacet
  facet normal 0.0436787 0.999046 0
    outer loop
      vertex 0.663306 23.371 8.66533
      vertex 0 23.4 0
      vertex 0 23.4 8.6
    endloop
  endfacet
  facet normal 0.0435979 0.999049 0
    outer loop
      vertex 2.03944 23.311 34
      vertex 0 23.4 15.4
      vertex 0 23.4 34
    endloop
  endfacet
  facet normal 0.0436778 0.999046 -8.77431e-06
    outer loop
      vertex 2.03944 23.311 34
      vertex 0.663306 23.371 15.3347
      vertex 0 23.4 15.4
    endloop
  endfacet
  facet normal 0.0435453 0.999051 1.01083e-06
    outer loop
      vertex 2.03944 23.311 34
      vertex 1.30112 23.3432 15.1412
      vertex 0.663306 23.371 15.3347
    endloop
  endfacet
  facet normal 0.0436769 0.999046 -4.15064e-06
    outer loop
      vertex 2.03944 23.311 34
      vertex 1.88894 23.3175 14.827
      vertex 1.30112 23.3432 15.1412
    endloop
  endfacet
  facet normal 0.0431491 0.999069 0
    outer loop
      vertex 1.88894 23.3175 14.827
      vertex 2.03944 23.311 34
      vertex 2.03944 23.311 14.7035
    endloop
  endfacet
  facet normal -0.537284 0.843401 0
    outer loop
      vertex -11.7 20.265 0
      vertex -13.4217 19.1682 34
      vertex -11.7 20.265 34
    endloop
  endfacet
  facet normal -0.537284 0.843401 0
    outer loop
      vertex -13.4217 19.1682 34
      vertex -11.7 20.265 0
      vertex -13.4217 19.1682 0
    endloop
  endfacet
  facet normal -0.608797 -0.793326 0
    outer loop
      vertex -15.0412 -17.9254 0
      vertex -13.4217 -19.1682 34
      vertex -15.0412 -17.9254 34
    endloop
  endfacet
  facet normal -0.608797 -0.793326 -0
    outer loop
      vertex -13.4217 -19.1682 34
      vertex -15.0412 -17.9254 0
      vertex -13.4217 -19.1682 0
    endloop
  endfacet
  facet normal -0.887012 -0.461746 0
    outer loop
      vertex -20.265 -11.7 0
      vertex -21.2076 -9.88927 34
      vertex -21.2076 -9.88927 0
    endloop
  endfacet
  facet normal -0.887012 -0.461746 0
    outer loop
      vertex -21.2076 -9.88927 34
      vertex -20.265 -11.7 0
      vertex -20.265 -11.7 34
    endloop
  endfacet
  facet normal 0.537284 -0.843401 0
    outer loop
      vertex 11.7 -20.265 0
      vertex 13.4217 -19.1682 34
      vertex 11.7 -20.265 34
    endloop
  endfacet
  facet normal 0.537284 -0.843401 0
    outer loop
      vertex 13.4217 -19.1682 34
      vertex 11.7 -20.265 0
      vertex 13.4217 -19.1682 0
    endloop
  endfacet
  facet normal -0.300726 -0.953711 0
    outer loop
      vertex -8.00327 -21.9888 0
      vertex -6.05637 -22.6027 34
      vertex -8.00327 -21.9888 34
    endloop
  endfacet
  facet normal -0.300726 -0.953711 -0
    outer loop
      vertex -6.05637 -22.6027 34
      vertex -8.00327 -21.9888 0
      vertex -6.05637 -22.6027 0
    endloop
  endfacet
  facet normal 0.737176 0.675701 0
    outer loop
      vertex 16.676 16.4048 14.8084
      vertex 16.5463 16.5463 0
      vertex 16.5463 16.5463 14.8
    endloop
  endfacet
  facet normal 0.737414 0.675441 1.98208e-05
    outer loop
      vertex 17.9254 15.0412 0
      vertex 16.676 16.4048 14.8084
      vertex 16.8046 16.2644 14.8334
    endloop
  endfacet
  facet normal 0.737352 0.675509 9.53981e-06
    outer loop
      vertex 17.9254 15.0412 0
      vertex 16.8046 16.2644 14.8334
      vertex 16.9313 16.1261 14.875
    endloop
  endfacet
  facet normal 0.737268 0.6756 -2.74313e-06
    outer loop
      vertex 17.9254 15.0412 0
      vertex 16.9313 16.1261 14.875
      vertex 17.0551 15.991 14.9327
    endloop
  endfacet
  facet normal 0.737394 0.675463 1.32975e-05
    outer loop
      vertex 17.9254 15.0412 0
      vertex 17.0551 15.991 14.9327
      vertex 17.1358 15.9029 14.9821
    endloop
  endfacet
  facet normal 0.736672 0.67625 -6.9962e-05
    outer loop
      vertex 17.9254 15.0412 0
      vertex 17.1358 15.9029 14.9821
      vertex 17.175 15.8602 15.0061
    endloop
  endfacet
  facet normal 0.736945 0.675953 -4.0109e-05
    outer loop
      vertex 17.9254 15.0412 0
      vertex 17.175 15.8602 15.0061
      vertex 17.2127 15.8191 15.0351
    endloop
  endfacet
  facet normal 0.73737 0.675489 4.01033e-06
    outer loop
      vertex 17.9254 15.0412 0
      vertex 17.2127 15.8191 15.0351
      vertex 17.2902 15.7345 15.0947
    endloop
  endfacet
  facet normal 0.737309 0.675556 -1.62897e-06
    outer loop
      vertex 17.9254 15.0412 0
      vertex 17.2902 15.7345 15.0947
      vertex 17.3996 15.6151 15.1979
    endloop
  endfacet
  facet normal 0.737266 0.675603 -4.89219e-06
    outer loop
      vertex 17.9254 15.0412 0
      vertex 17.3996 15.6151 15.1979
      vertex 17.5026 15.5027 15.3147
    endloop
  endfacet
  facet normal 0.737161 0.675717 -1.12127e-05
    outer loop
      vertex 17.9254 15.0412 0
      vertex 17.5026 15.5027 15.3147
      vertex 17.5983 15.3983 15.4444
    endloop
  endfacet
  facet normal 0.737255 0.675614 -6.84895e-06
    outer loop
      vertex 17.9254 15.0412 0
      vertex 17.5983 15.3983 15.4444
      vertex 17.686 15.3026 15.5859
    endloop
  endfacet
  facet normal 0.737232 0.67564 -7.63192e-06
    outer loop
      vertex 17.9254 15.0412 0
      vertex 17.686 15.3026 15.5859
      vertex 17.765 15.2164 15.7381
    endloop
  endfacet
  facet normal 0.737439 0.675414 -3.00742e-06
    outer loop
      vertex 17.9254 15.0412 0
      vertex 17.765 15.2164 15.7381
      vertex 17.8347 15.1403 15.9
    endloop
  endfacet
  facet normal 0.737439 0.675414 -3.00774e-06
    outer loop
      vertex 17.9254 15.0412 0
      vertex 17.8347 15.1403 15.9
      vertex 17.8946 15.0749 16.0702
    endloop
  endfacet
  facet normal 0.738153 0.674633 -0
    outer loop
      vertex 17.9254 15.0412 0
      vertex 17.8946 15.0749 16.0702
      vertex 17.9254 15.0412 16.1802
    endloop
  endfacet
  facet normal 0.737294 0.675572 -2.27658e-06
    outer loop
      vertex 16.676 16.4048 14.8084
      vertex 17.9254 15.0412 0
      vertex 16.5463 16.5463 0
    endloop
  endfacet
  facet normal 0.737176 0.675701 0
    outer loop
      vertex 16.5463 16.5463 34
      vertex 16.676 16.4048 19.1916
      vertex 16.5463 16.5463 19.2
    endloop
  endfacet
  facet normal 0.737294 0.675572 2.27658e-06
    outer loop
      vertex 17.9254 15.0412 34
      vertex 16.676 16.4048 19.1916
      vertex 16.5463 16.5463 34
    endloop
  endfacet
  facet normal 0.737414 0.675441 -1.98208e-05
    outer loop
      vertex 16.676 16.4048 19.1916
      vertex 17.9254 15.0412 34
      vertex 16.8046 16.2644 19.1666
    endloop
  endfacet
  facet normal 0.737352 0.675509 -9.53981e-06
    outer loop
      vertex 16.8046 16.2644 19.1666
      vertex 17.9254 15.0412 34
      vertex 16.9313 16.1261 19.125
    endloop
  endfacet
  facet normal 0.737268 0.6756 2.74313e-06
    outer loop
      vertex 16.9313 16.1261 19.125
      vertex 17.9254 15.0412 34
      vertex 17.0551 15.991 19.0673
    endloop
  endfacet
  facet normal 0.737394 0.675463 -1.32975e-05
    outer loop
      vertex 17.0551 15.991 19.0673
      vertex 17.9254 15.0412 34
      vertex 17.1358 15.9029 19.0179
    endloop
  endfacet
  facet normal 0.736672 0.67625 6.9962e-05
    outer loop
      vertex 17.1358 15.9029 19.0179
      vertex 17.9254 15.0412 34
      vertex 17.175 15.8602 18.9939
    endloop
  endfacet
  facet normal 0.736945 0.675953 4.0109e-05
    outer loop
      vertex 17.175 15.8602 18.9939
      vertex 17.9254 15.0412 34
      vertex 17.2127 15.8191 18.9649
    endloop
  endfacet
  facet normal 0.73737 0.675489 -4.01033e-06
    outer loop
      vertex 17.2127 15.8191 18.9649
      vertex 17.9254 15.0412 34
      vertex 17.2902 15.7345 18.9053
    endloop
  endfacet
  facet normal 0.737309 0.675556 1.62897e-06
    outer loop
      vertex 17.2902 15.7345 18.9053
      vertex 17.9254 15.0412 34
      vertex 17.3996 15.6151 18.8021
    endloop
  endfacet
  facet normal 0.737266 0.675603 4.89219e-06
    outer loop
      vertex 17.3996 15.6151 18.8021
      vertex 17.9254 15.0412 34
      vertex 17.5026 15.5027 18.6853
    endloop
  endfacet
  facet normal 0.737161 0.675717 1.12127e-05
    outer loop
      vertex 17.5026 15.5027 18.6853
      vertex 17.9254 15.0412 34
      vertex 17.5983 15.3983 18.5556
    endloop
  endfacet
  facet normal 0.737255 0.675614 6.84895e-06
    outer loop
      vertex 17.5983 15.3983 18.5556
      vertex 17.9254 15.0412 34
      vertex 17.686 15.3026 18.4141
    endloop
  endfacet
  facet normal 0.737232 0.67564 7.63192e-06
    outer loop
      vertex 17.686 15.3026 18.4141
      vertex 17.9254 15.0412 34
      vertex 17.765 15.2164 18.2619
    endloop
  endfacet
  facet normal 0.737439 0.675414 3.00742e-06
    outer loop
      vertex 17.765 15.2164 18.2619
      vertex 17.9254 15.0412 34
      vertex 17.8347 15.1403 18.1
    endloop
  endfacet
  facet normal 0.737439 0.675414 3.00774e-06
    outer loop
      vertex 17.8347 15.1403 18.1
      vertex 17.9254 15.0412 34
      vertex 17.8946 15.0749 17.9298
    endloop
  endfacet
  facet normal 0.738153 0.674633 0
    outer loop
      vertex 17.8946 15.0749 17.9298
      vertex 17.9254 15.0412 34
      vertex 17.9254 15.0412 17.8197
    endloop
  endfacet
  facet normal -0.999069 0.0431491 0
    outer loop
      vertex -23.3175 1.88894 24.827
      vertex -23.311 2.03944 34
      vertex -23.311 2.03944 24.7035
    endloop
  endfacet
  facet normal -0.999046 0.0436745 -8.63615e-06
    outer loop
      vertex -23.3432 1.30112 25.1412
      vertex -23.311 2.03944 34
      vertex -23.3175 1.88894 24.827
    endloop
  endfacet
  facet normal -0.999051 0.0435457 2.12374e-06
    outer loop
      vertex -23.371 0.663306 25.3347
      vertex -23.311 2.03944 34
      vertex -23.3432 1.30112 25.1412
    endloop
  endfacet
  facet normal -0.999046 0.0436787 0
    outer loop
      vertex -23.4 0 34
      vertex -23.371 0.663306 25.3347
      vertex -23.4 0 25.4
    endloop
  endfacet
  facet normal -0.999049 0.0435979 -6.19169e-06
    outer loop
      vertex -23.371 0.663306 25.3347
      vertex -23.4 0 34
      vertex -23.311 2.03944 34
    endloop
  endfacet
  facet normal -0.999069 0.0431491 0
    outer loop
      vertex -23.311 2.03944 0
      vertex -23.3175 1.88894 19.173
      vertex -23.311 2.03944 19.2965
    endloop
  endfacet
  facet normal -0.999046 0.0436769 4.15064e-06
    outer loop
      vertex -23.311 2.03944 0
      vertex -23.3432 1.30112 18.8588
      vertex -23.3175 1.88894 19.173
    endloop
  endfacet
  facet normal -0.999051 0.0435453 -1.01083e-06
    outer loop
      vertex -23.311 2.03944 0
      vertex -23.371 0.663306 18.6653
      vertex -23.3432 1.30112 18.8588
    endloop
  endfacet
  facet normal -0.999049 0.0435979 0
    outer loop
      vertex -23.4 0 18.6
      vertex -23.311 2.03944 0
      vertex -23.4 0 0
    endloop
  endfacet
  facet normal -0.999046 0.0436778 8.77431e-06
    outer loop
      vertex -23.311 2.03944 0
      vertex -23.4 0 18.6
      vertex -23.371 0.663306 18.6653
    endloop
  endfacet
  facet normal 0.887012 -0.461746 0
    outer loop
      vertex 20.265 -11.7 34
      vertex 21.2076 -9.88927 0
      vertex 21.2076 -9.88927 34
    endloop
  endfacet
  facet normal 0.887012 -0.461746 0
    outer loop
      vertex 21.2076 -9.88927 0
      vertex 20.265 -11.7 34
      vertex 20.265 -11.7 0
    endloop
  endfacet
  facet normal -0.130548 -0.991442 0
    outer loop
      vertex -4.06337 -23.0445 34
      vertex -2.03944 -23.311 14.7035
      vertex -2.03944 -23.311 34
    endloop
  endfacet
  facet normal -0.130734 -0.991418 -1.98648e-05
    outer loop
      vertex -4.06337 -23.0445 34
      vertex -2.40416 -23.2629 14.4042
      vertex -2.03944 -23.311 14.7035
    endloop
  endfacet
  facet normal -0.130382 -0.991464 1.04321e-05
    outer loop
      vertex -4.06337 -23.0445 34
      vertex -2.827 -23.2073 13.8889
      vertex -2.40416 -23.2629 14.4042
    endloop
  endfacet
  facet normal -0.130629 -0.991431 -5.00764e-06
    outer loop
      vertex -4.06337 -23.0445 34
      vertex -3.14119 -23.1659 13.3011
      vertex -2.827 -23.2073 13.8889
    endloop
  endfacet
  facet normal -0.130648 -0.991429 -5.85361e-06
    outer loop
      vertex -4.06337 -23.0445 34
      vertex -3.33467 -23.1404 12.6633
      vertex -3.14119 -23.1659 13.3011
    endloop
  endfacet
  facet normal -0.130505 -0.991448 -8.83564e-07
    outer loop
      vertex -4.06337 -23.0445 34
      vertex -3.4 -23.1318 12
      vertex -3.33467 -23.1404 12.6633
    endloop
  endfacet
  facet normal -0.130476 -0.991451 0
    outer loop
      vertex -4.06337 -23.0445 0
      vertex -3.4 -23.1318 12
      vertex -4.06337 -23.0445 34
    endloop
  endfacet
  facet normal -0.1305 -0.991448 1.35517e-06
    outer loop
      vertex -4.06337 -23.0445 0
      vertex -3.33467 -23.1404 11.3367
      vertex -3.4 -23.1318 12
    endloop
  endfacet
  facet normal -0.130634 -0.991431 1.01143e-05
    outer loop
      vertex -4.06337 -23.0445 0
      vertex -3.14119 -23.1659 10.6989
      vertex -3.33467 -23.1404 11.3367
    endloop
  endfacet
  facet normal -0.130622 -0.991432 9.03822e-06
    outer loop
      vertex -4.06337 -23.0445 0
      vertex -2.827 -23.2073 10.1111
      vertex -3.14119 -23.1659 10.6989
    endloop
  endfacet
  facet normal -0.130393 -0.991462 -1.94118e-05
    outer loop
      vertex -4.06337 -23.0445 0
      vertex -2.40416 -23.2629 9.59584
      vertex -2.827 -23.2073 10.1111
    endloop
  endfacet
  facet normal -0.130719 -0.991419 3.79936e-05
    outer loop
      vertex -4.06337 -23.0445 0
      vertex -2.03944 -23.311 9.29652
      vertex -2.40416 -23.2629 9.59584
    endloop
  endfacet
  facet normal -0.130548 -0.991442 -0
    outer loop
      vertex -2.03944 -23.311 9.29652
      vertex -4.06337 -23.0445 0
      vertex -2.03944 -23.311 0
    endloop
  endfacet
  facet normal 0.216422 0.9763 -0
    outer loop
      vertex 6.05637 22.6027 0
      vertex 4.06337 23.0445 34
      vertex 6.05637 22.6027 34
    endloop
  endfacet
  facet normal 0.216422 0.9763 0
    outer loop
      vertex 4.06337 23.0445 34
      vertex 6.05637 22.6027 0
      vertex 4.06337 23.0445 0
    endloop
  endfacet
  facet normal 0 0 1
    outer loop
      vertex -16.1508 -2.84783 34
      vertex -19.4025 -1.20104 34
      vertex -15.8412 -4.24463 34
    endloop
  endfacet
  facet normal -0 0 1
    outer loop
      vertex -19.9 -1.3 34
      vertex -15.8412 -4.24463 34
      vertex -19.4025 -1.20104 34
    endloop
  endfacet
  facet normal 0 0 1
    outer loop
      vertex -15.411 -5.60913 34
      vertex -19.1682 -13.4217 34
      vertex -17.9254 -15.0412 34
    endloop
  endfacet
  facet normal 0 0 1
    outer loop
      vertex -22.6027 -6.05637 34
      vertex -15.8412 -4.24463 34
      vertex -19.9 -1.3 34
    endloop
  endfacet
  facet normal 0 0 1
    outer loop
      vertex -15.8412 -4.24463 34
      vertex -22.6027 -6.05637 34
      vertex -15.411 -5.60913 34
    endloop
  endfacet
  facet normal 0 0 1
    outer loop
      vertex -15.411 -5.60913 34
      vertex -20.265 -11.7 34
      vertex -19.1682 -13.4217 34
    endloop
  endfacet
  facet normal 0 0 1
    outer loop
      vertex -23.0445 -4.06337 34
      vertex -19.9 -1.3 34
      vertex -20.3975 -1.20104 34
    endloop
  endfacet
  facet normal 0 0 1
    outer loop
      vertex -23.311 -2.03944 34
      vertex -20.3975 -1.20104 34
      vertex -20.8192 -0.919238 34
    endloop
  endfacet
  facet normal 0 0 1
    outer loop
      vertex -23.311 -2.03944 34
      vertex -20.8192 -0.919238 34
      vertex -21.101 -0.497488 34
    endloop
  endfacet
  facet normal -0 0 1
    outer loop
      vertex -23.4 0 34
      vertex -21.101 -0.497488 34
      vertex -21.2 0 34
    endloop
  endfacet
  facet normal 0 0 1
    outer loop
      vertex -15.411 -5.60913 34
      vertex -21.2076 -9.88927 34
      vertex -20.265 -11.7 34
    endloop
  endfacet
  facet normal -0 0 1
    outer loop
      vertex -23.311 2.03944 34
      vertex -20.3975 1.20104 34
      vertex -23.0445 4.06337 34
    endloop
  endfacet
  facet normal 0 0 1
    outer loop
      vertex -20.3975 1.20104 34
      vertex -23.311 2.03944 34
      vertex -20.8192 0.919238 34
    endloop
  endfacet
  facet normal 0 0 1
    outer loop
      vertex -15.411 -5.60913 34
      vertex -21.9888 -8.00327 34
      vertex -21.2076 -9.88927 34
    endloop
  endfacet
  facet normal 0 0 1
    outer loop
      vertex -20.8192 0.919238 34
      vertex -23.311 2.03944 34
      vertex -21.101 0.497488 34
    endloop
  endfacet
  facet normal 0 0 1
    outer loop
      vertex -15.411 -5.60913 34
      vertex -22.6027 -6.05637 34
      vertex -21.9888 -8.00327 34
    endloop
  endfacet
  facet normal 0 0 1
    outer loop
      vertex -23.4 0 34
      vertex -21.101 0.497488 34
      vertex -23.311 2.03944 34
    endloop
  endfacet
  facet normal 0 0 1
    outer loop
      vertex -19.9 -1.3 34
      vertex -23.0445 -4.06337 34
      vertex -22.6027 -6.05637 34
    endloop
  endfacet
  facet normal 0 0 1
    outer loop
      vertex -21.101 0.497488 34
      vertex -23.4 0 34
      vertex -21.2 0 34
    endloop
  endfacet
  facet normal 0 0 1
    outer loop
      vertex -20.3975 -1.20104 34
      vertex -23.311 -2.03944 34
      vertex -23.0445 -4.06337 34
    endloop
  endfacet
  facet normal 0 0 1
    outer loop
      vertex -21.101 -0.497488 34
      vertex -23.4 0 34
      vertex -23.311 -2.03944 34
    endloop
  endfacet
  facet normal -0 0 1
    outer loop
      vertex 14.8634 -6.93094 34
      vertex 21.2076 -9.88927 34
      vertex 15.411 -5.60913 34
    endloop
  endfacet
  facet normal 0 0 1
    outer loop
      vertex 21.2076 -9.88927 34
      vertex 14.8634 -6.93094 34
      vertex 20.265 -11.7 34
    endloop
  endfacet
  facet normal -0 0 1
    outer loop
      vertex 14.2028 -8.2 34
      vertex 20.265 -11.7 34
      vertex 14.8634 -6.93094 34
    endloop
  endfacet
  facet normal 0 0 1
    outer loop
      vertex 20.265 -11.7 34
      vertex 14.2028 -8.2 34
      vertex 19.1682 -13.4217 34
    endloop
  endfacet
  facet normal -0 0 1
    outer loop
      vertex 13.4341 -9.40665 34
      vertex 19.1682 -13.4217 34
      vertex 14.2028 -8.2 34
    endloop
  endfacet
  facet normal 0 0 1
    outer loop
      vertex 19.1682 -13.4217 34
      vertex 13.4341 -9.40665 34
      vertex 17.9254 -15.0412 34
    endloop
  endfacet
  facet normal -0 0 1
    outer loop
      vertex 12.5631 -10.5417 34
      vertex 17.9254 -15.0412 34
      vertex 13.4341 -9.40665 34
    endloop
  endfacet
  facet normal 0 0 1
    outer loop
      vertex 17.9254 -15.0412 34
      vertex 12.5631 -10.5417 34
      vertex 16.5463 -16.5463 34
    endloop
  endfacet
  facet normal -0 0 1
    outer loop
      vertex 11.5966 -11.5966 34
      vertex 16.5463 -16.5463 34
      vertex 12.5631 -10.5417 34
    endloop
  endfacet
  facet normal 0 0 1
    outer loop
      vertex 16.5463 -16.5463 34
      vertex 11.5966 -11.5966 34
      vertex 15.0412 -17.9254 34
    endloop
  endfacet
  facet normal -0 0 1
    outer loop
      vertex 10.5417 -12.5631 34
      vertex 15.0412 -17.9254 34
      vertex 11.5966 -11.5966 34
    endloop
  endfacet
  facet normal 0 0 1
    outer loop
      vertex 15.0412 -17.9254 34
      vertex 10.5417 -12.5631 34
      vertex 13.4217 -19.1682 34
    endloop
  endfacet
  facet normal -0 0 1
    outer loop
      vertex 9.40665 -13.4341 34
      vertex 13.4217 -19.1682 34
      vertex 10.5417 -12.5631 34
    endloop
  endfacet
  facet normal 0 0 1
    outer loop
      vertex 13.4217 -19.1682 34
      vertex 9.40665 -13.4341 34
      vertex 11.7 -20.265 34
    endloop
  endfacet
  facet normal -0 0 1
    outer loop
      vertex 8.2 -14.2028 34
      vertex 11.7 -20.265 34
      vertex 9.40665 -13.4341 34
    endloop
  endfacet
  facet normal 0 0 1
    outer loop
      vertex 11.7 -20.265 34
      vertex 8.2 -14.2028 34
      vertex 9.88927 -21.2076 34
    endloop
  endfacet
  facet normal -0 0 1
    outer loop
      vertex 6.93094 -14.8634 34
      vertex 9.88927 -21.2076 34
      vertex 8.2 -14.2028 34
    endloop
  endfacet
  facet normal 0 0 1
    outer loop
      vertex 9.88927 -21.2076 34
      vertex 6.93094 -14.8634 34
      vertex 8.00327 -21.9888 34
    endloop
  endfacet
  facet normal -0 0 1
    outer loop
      vertex 5.60913 -15.411 34
      vertex 8.00327 -21.9888 34
      vertex 6.93094 -14.8634 34
    endloop
  endfacet
  facet normal 0 0 1
    outer loop
      vertex 8.00327 -21.9888 34
      vertex 5.60913 -15.411 34
      vertex 6.05637 -22.6027 34
    endloop
  endfacet
  facet normal -0 0 1
    outer loop
      vertex 4.24463 -15.8412 34
      vertex 6.05637 -22.6027 34
      vertex 5.60913 -15.411 34
    endloop
  endfacet
  facet normal 0 0 1
    outer loop
      vertex 4.24463 -15.8412 34
      vertex 4.06337 -23.0445 34
      vertex 6.05637 -22.6027 34
    endloop
  endfacet
  facet normal -0 0 1
    outer loop
      vertex 2.84783 -16.1508 34
      vertex 4.06337 -23.0445 34
      vertex 4.24463 -15.8412 34
    endloop
  endfacet
  facet normal 0 0 1
    outer loop
      vertex 2.84783 -16.1508 34
      vertex 2.03944 -23.311 34
      vertex 4.06337 -23.0445 34
    endloop
  endfacet
  facet normal -0 0 1
    outer loop
      vertex 1.42935 -16.3376 34
      vertex 2.03944 -23.311 34
      vertex 2.84783 -16.1508 34
    endloop
  endfacet
  facet normal -0 0 1
    outer loop
      vertex 0 -16.4 34
      vertex 2.03944 -23.311 34
      vertex 1.42935 -16.3376 34
    endloop
  endfacet
  facet normal 0 0 1
    outer loop
      vertex 0 -16.4 34
      vertex 0 -23.4 34
      vertex 2.03944 -23.311 34
    endloop
  endfacet
  facet normal 0 0 1
    outer loop
      vertex -1.42935 -16.3376 34
      vertex 0 -23.4 34
      vertex 0 -16.4 34
    endloop
  endfacet
  facet normal 0 0 1
    outer loop
      vertex -1.42935 -16.3376 34
      vertex -2.03944 -23.311 34
      vertex 0 -23.4 34
    endloop
  endfacet
  facet normal 0 0 1
    outer loop
      vertex -2.84783 -16.1508 34
      vertex -2.03944 -23.311 34
      vertex -1.42935 -16.3376 34
    endloop
  endfacet
  facet normal 0 0 1
    outer loop
      vertex -2.84783 -16.1508 34
      vertex -4.06337 -23.0445 34
      vertex -2.03944 -23.311 34
    endloop
  endfacet
  facet normal 0 0 1
    outer loop
      vertex -4.24463 -15.8412 34
      vertex -4.06337 -23.0445 34
      vertex -2.84783 -16.1508 34
    endloop
  endfacet
  facet normal 0 0 1
    outer loop
      vertex -6.05637 -22.6027 34
      vertex -4.24463 -15.8412 34
      vertex -5.60913 -15.411 34
    endloop
  endfacet
  facet normal 0 0 1
    outer loop
      vertex -4.24463 -15.8412 34
      vertex -6.05637 -22.6027 34
      vertex -4.06337 -23.0445 34
    endloop
  endfacet
  facet normal 0 0 1
    outer loop
      vertex -8.00327 -21.9888 34
      vertex -5.60913 -15.411 34
      vertex -6.93094 -14.8634 34
    endloop
  endfacet
  facet normal 0 0 1
    outer loop
      vertex -5.60913 -15.411 34
      vertex -8.00327 -21.9888 34
      vertex -6.05637 -22.6027 34
    endloop
  endfacet
  facet normal 0 0 1
    outer loop
      vertex -9.88927 -21.2076 34
      vertex -6.93094 -14.8634 34
      vertex -8.2 -14.2028 34
    endloop
  endfacet
  facet normal 0 0 1
    outer loop
      vertex -11.7 -20.265 34
      vertex -8.2 -14.2028 34
      vertex -9.40665 -13.4341 34
    endloop
  endfacet
  facet normal 0 0 1
    outer loop
      vertex -6.93094 -14.8634 34
      vertex -9.88927 -21.2076 34
      vertex -8.00327 -21.9888 34
    endloop
  endfacet
  facet normal 0 0 1
    outer loop
      vertex -13.4217 -19.1682 34
      vertex -9.40665 -13.4341 34
      vertex -10.5417 -12.5631 34
    endloop
  endfacet
  facet normal 0 0 1
    outer loop
      vertex -15.0412 -17.9254 34
      vertex -10.5417 -12.5631 34
      vertex -11.5966 -11.5966 34
    endloop
  endfacet
  facet normal 0 0 1
    outer loop
      vertex -8.2 -14.2028 34
      vertex -11.7 -20.265 34
      vertex -9.88927 -21.2076 34
    endloop
  endfacet
  facet normal 0 0 1
    outer loop
      vertex -16.5463 -16.5463 34
      vertex -11.5966 -11.5966 34
      vertex -12.5631 -10.5417 34
    endloop
  endfacet
  facet normal 0 0 1
    outer loop
      vertex -9.40665 -13.4341 34
      vertex -13.4217 -19.1682 34
      vertex -11.7 -20.265 34
    endloop
  endfacet
  facet normal 0 0 1
    outer loop
      vertex -17.9254 -15.0412 34
      vertex -12.5631 -10.5417 34
      vertex -13.4341 -9.40665 34
    endloop
  endfacet
  facet normal 0 0 1
    outer loop
      vertex -17.9254 -15.0412 34
      vertex -13.4341 -9.40665 34
      vertex -14.2028 -8.2 34
    endloop
  endfacet
  facet normal 0 0 1
    outer loop
      vertex -17.9254 -15.0412 34
      vertex -14.2028 -8.2 34
      vertex -14.8634 -6.93094 34
    endloop
  endfacet
  facet normal 0 0 1
    outer loop
      vertex -10.5417 -12.5631 34
      vertex -15.0412 -17.9254 34
      vertex -13.4217 -19.1682 34
    endloop
  endfacet
  facet normal 0 0 1
    outer loop
      vertex -17.9254 -15.0412 34
      vertex -14.8634 -6.93094 34
      vertex -15.411 -5.60913 34
    endloop
  endfacet
  facet normal -0 0 1
    outer loop
      vertex -19.4025 -1.20104 34
      vertex -16.1508 -2.84783 34
      vertex -18.9808 -0.919238 34
    endloop
  endfacet
  facet normal -0 0 1
    outer loop
      vertex -18.9808 -0.919238 34
      vertex -16.3376 -1.42935 34
      vertex -18.699 -0.497488 34
    endloop
  endfacet
  facet normal 0 0 1
    outer loop
      vertex -16.4 0 34
      vertex -18.699 -0.497488 34
      vertex -16.3376 -1.42935 34
    endloop
  endfacet
  facet normal 0 0 1
    outer loop
      vertex -11.5966 -11.5966 34
      vertex -16.5463 -16.5463 34
      vertex -15.0412 -17.9254 34
    endloop
  endfacet
  facet normal 0 0 1
    outer loop
      vertex -18.699 -0.497488 34
      vertex -16.4 0 34
      vertex -18.6 0 34
    endloop
  endfacet
  facet normal -0 0 1
    outer loop
      vertex -21.9888 8.00327 34
      vertex -15.411 5.60913 34
      vertex -21.2076 9.88927 34
    endloop
  endfacet
  facet normal 0 0 1
    outer loop
      vertex -15.411 5.60913 34
      vertex -21.9888 8.00327 34
      vertex -15.8412 4.24463 34
    endloop
  endfacet
  facet normal 0 0 1
    outer loop
      vertex -16.3376 -1.42935 34
      vertex -18.9808 -0.919238 34
      vertex -16.1508 -2.84783 34
    endloop
  endfacet
  facet normal 0 0 1
    outer loop
      vertex -12.5631 -10.5417 34
      vertex -17.9254 -15.0412 34
      vertex -16.5463 -16.5463 34
    endloop
  endfacet
  facet normal 0 0 1
    outer loop
      vertex -16.4 0 34
      vertex -18.699 0.497488 34
      vertex -18.6 0 34
    endloop
  endfacet
  facet normal 0 0 1
    outer loop
      vertex -16.3376 1.42935 34
      vertex -18.699 0.497488 34
      vertex -16.4 0 34
    endloop
  endfacet
  facet normal 0 -0 1
    outer loop
      vertex -19.4025 1.20104 34
      vertex -15.8412 4.24463 34
      vertex -19.9 1.3 34
    endloop
  endfacet
  facet normal 0 -0 1
    outer loop
      vertex -18.9808 0.919238 34
      vertex -16.1508 2.84783 34
      vertex -19.4025 1.20104 34
    endloop
  endfacet
  facet normal 0 -0 1
    outer loop
      vertex -18.699 0.497488 34
      vertex -16.3376 1.42935 34
      vertex -18.9808 0.919238 34
    endloop
  endfacet
  facet normal 0 0 1
    outer loop
      vertex -16.1508 2.84783 34
      vertex -18.9808 0.919238 34
      vertex -16.3376 1.42935 34
    endloop
  endfacet
  facet normal 0 0 1
    outer loop
      vertex -15.8412 4.24463 34
      vertex -19.4025 1.20104 34
      vertex -16.1508 2.84783 34
    endloop
  endfacet
  facet normal -0 0 1
    outer loop
      vertex -22.6027 6.05637 34
      vertex -15.8412 4.24463 34
      vertex -21.9888 8.00327 34
    endloop
  endfacet
  facet normal 0 0 1
    outer loop
      vertex -15.8412 4.24463 34
      vertex -22.6027 6.05637 34
      vertex -19.9 1.3 34
    endloop
  endfacet
  facet normal -0 0 1
    outer loop
      vertex -23.0445 4.06337 34
      vertex -19.9 1.3 34
      vertex -22.6027 6.05637 34
    endloop
  endfacet
  facet normal 0 0 1
    outer loop
      vertex -19.9 1.3 34
      vertex -23.0445 4.06337 34
      vertex -20.3975 1.20104 34
    endloop
  endfacet
  facet normal -0 0 1
    outer loop
      vertex 21.101 0.497488 34
      vertex 23.4 0 34
      vertex 23.311 2.03944 34
    endloop
  endfacet
  facet normal 0 0 1
    outer loop
      vertex 20.3975 1.20104 34
      vertex 23.311 2.03944 34
      vertex 23.0445 4.06337 34
    endloop
  endfacet
  facet normal 0 0 1
    outer loop
      vertex 23.4 0 34
      vertex 21.101 0.497488 34
      vertex 21.2 0 34
    endloop
  endfacet
  facet normal 0 0 1
    outer loop
      vertex 19.9 1.3 34
      vertex 23.0445 4.06337 34
      vertex 22.6027 6.05637 34
    endloop
  endfacet
  facet normal 0 0 1
    outer loop
      vertex 23.4 0 34
      vertex 21.101 -0.497488 34
      vertex 23.311 -2.03944 34
    endloop
  endfacet
  facet normal 0 0 1
    outer loop
      vertex 15.8412 4.24463 34
      vertex 22.6027 6.05637 34
      vertex 21.9888 8.00327 34
    endloop
  endfacet
  facet normal -0 0 1
    outer loop
      vertex 20.8192 -0.919238 34
      vertex 23.311 -2.03944 34
      vertex 21.101 -0.497488 34
    endloop
  endfacet
  facet normal 0 0 1
    outer loop
      vertex 15.411 5.60913 34
      vertex 21.9888 8.00327 34
      vertex 21.2076 9.88927 34
    endloop
  endfacet
  facet normal -0 0 1
    outer loop
      vertex 20.3975 -1.20104 34
      vertex 23.311 -2.03944 34
      vertex 20.8192 -0.919238 34
    endloop
  endfacet
  facet normal 0 0 1
    outer loop
      vertex 23.311 -2.03944 34
      vertex 20.3975 -1.20104 34
      vertex 23.0445 -4.06337 34
    endloop
  endfacet
  facet normal 0 0 1
    outer loop
      vertex 21.101 -0.497488 34
      vertex 23.4 0 34
      vertex 21.2 0 34
    endloop
  endfacet
  facet normal 0 0 1
    outer loop
      vertex 23.311 2.03944 34
      vertex 20.8192 0.919238 34
      vertex 21.101 0.497488 34
    endloop
  endfacet
  facet normal 0 0 1
    outer loop
      vertex 23.311 2.03944 34
      vertex 20.3975 1.20104 34
      vertex 20.8192 0.919238 34
    endloop
  endfacet
  facet normal 0 0 1
    outer loop
      vertex 14.8634 6.93094 34
      vertex 21.2076 9.88927 34
      vertex 20.265 11.7 34
    endloop
  endfacet
  facet normal 0 0 1
    outer loop
      vertex 23.0445 4.06337 34
      vertex 19.9 1.3 34
      vertex 20.3975 1.20104 34
    endloop
  endfacet
  facet normal 0 0 1
    outer loop
      vertex 22.6027 6.05637 34
      vertex 15.8412 4.24463 34
      vertex 19.9 1.3 34
    endloop
  endfacet
  facet normal 0 0 1
    outer loop
      vertex 14.2028 8.2 34
      vertex 20.265 11.7 34
      vertex 19.1682 13.4217 34
    endloop
  endfacet
  facet normal 0 0 1
    outer loop
      vertex 21.9888 8.00327 34
      vertex 15.411 5.60913 34
      vertex 15.8412 4.24463 34
    endloop
  endfacet
  facet normal 0 0 1
    outer loop
      vertex 19.9 1.3 34
      vertex 15.8412 4.24463 34
      vertex 19.4025 1.20104 34
    endloop
  endfacet
  facet normal 0 0 1
    outer loop
      vertex 19.4025 1.20104 34
      vertex 16.1508 2.84783 34
      vertex 18.9808 0.919238 34
    endloop
  endfacet
  facet normal 0 0 1
    outer loop
      vertex 13.4341 9.40665 34
      vertex 19.1682 13.4217 34
      vertex 17.9254 15.0412 34
    endloop
  endfacet
  facet normal -0 0 1
    outer loop
      vertex 19.9 -1.3 34
      vertex 23.0445 -4.06337 34
      vertex 20.3975 -1.20104 34
    endloop
  endfacet
  facet normal 0 0 1
    outer loop
      vertex 23.0445 -4.06337 34
      vertex 19.9 -1.3 34
      vertex 22.6027 -6.05637 34
    endloop
  endfacet
  facet normal 0 0 1
    outer loop
      vertex 15.8412 -4.24463 34
      vertex 19.4025 -1.20104 34
      vertex 16.1508 -2.84783 34
    endloop
  endfacet
  facet normal 0 0 1
    outer loop
      vertex 18.9808 -0.919238 34
      vertex 16.1508 -2.84783 34
      vertex 19.4025 -1.20104 34
    endloop
  endfacet
  facet normal 0 0 1
    outer loop
      vertex 19.4025 -1.20104 34
      vertex 15.8412 -4.24463 34
      vertex 19.9 -1.3 34
    endloop
  endfacet
  facet normal 0 0 1
    outer loop
      vertex 16.1508 -2.84783 34
      vertex 18.9808 -0.919238 34
      vertex 16.3376 -1.42935 34
    endloop
  endfacet
  facet normal 0 0 1
    outer loop
      vertex 19.9 -1.3 34
      vertex 15.8412 -4.24463 34
      vertex 22.6027 -6.05637 34
    endloop
  endfacet
  facet normal 0 0 1
    outer loop
      vertex 18.699 -0.497488 34
      vertex 16.3376 -1.42935 34
      vertex 18.9808 -0.919238 34
    endloop
  endfacet
  facet normal 0 0 1
    outer loop
      vertex 16.3376 -1.42935 34
      vertex 18.699 -0.497488 34
      vertex 16.4 0 34
    endloop
  endfacet
  facet normal -0 0 1
    outer loop
      vertex 16.4 0 34
      vertex 18.699 -0.497488 34
      vertex 18.6 0 34
    endloop
  endfacet
  facet normal -0 -0 1
    outer loop
      vertex 16.3376 1.42935 34
      vertex 18.9808 0.919238 34
      vertex 16.1508 2.84783 34
    endloop
  endfacet
  facet normal 0 0 1
    outer loop
      vertex 22.6027 -6.05637 34
      vertex 15.8412 -4.24463 34
      vertex 21.9888 -8.00327 34
    endloop
  endfacet
  facet normal 0 0 1
    outer loop
      vertex 12.5631 10.5417 34
      vertex 17.9254 15.0412 34
      vertex 16.5463 16.5463 34
    endloop
  endfacet
  facet normal -0 0 1
    outer loop
      vertex 15.411 -5.60913 34
      vertex 21.9888 -8.00327 34
      vertex 15.8412 -4.24463 34
    endloop
  endfacet
  facet normal 0 0 1
    outer loop
      vertex 21.9888 -8.00327 34
      vertex 15.411 -5.60913 34
      vertex 21.2076 -9.88927 34
    endloop
  endfacet
  facet normal 0 0 1
    outer loop
      vertex 18.699 0.497488 34
      vertex 16.4 0 34
      vertex 18.6 0 34
    endloop
  endfacet
  facet normal 0 -0 1
    outer loop
      vertex 16.4 0 34
      vertex 18.699 0.497488 34
      vertex 16.3376 1.42935 34
    endloop
  endfacet
  facet normal 0 0 1
    outer loop
      vertex 18.9808 0.919238 34
      vertex 16.3376 1.42935 34
      vertex 18.699 0.497488 34
    endloop
  endfacet
  facet normal -0 -0 1
    outer loop
      vertex 16.1508 2.84783 34
      vertex 19.4025 1.20104 34
      vertex 15.8412 4.24463 34
    endloop
  endfacet
  facet normal 0 0 1
    outer loop
      vertex 11.5966 11.5966 34
      vertex 16.5463 16.5463 34
      vertex 15.0412 17.9254 34
    endloop
  endfacet
  facet normal 0 0 1
    outer loop
      vertex 21.2076 9.88927 34
      vertex 14.8634 6.93094 34
      vertex 15.411 5.60913 34
    endloop
  endfacet
  facet normal 0 0 1
    outer loop
      vertex 20.265 11.7 34
      vertex 14.2028 8.2 34
      vertex 14.8634 6.93094 34
    endloop
  endfacet
  facet normal 0 0 1
    outer loop
      vertex 19.1682 13.4217 34
      vertex 13.4341 9.40665 34
      vertex 14.2028 8.2 34
    endloop
  endfacet
  facet normal 0 0 1
    outer loop
      vertex 10.5417 12.5631 34
      vertex 15.0412 17.9254 34
      vertex 13.4217 19.1682 34
    endloop
  endfacet
  facet normal 0 0 1
    outer loop
      vertex 17.9254 15.0412 34
      vertex 12.5631 10.5417 34
      vertex 13.4341 9.40665 34
    endloop
  endfacet
  facet normal 0 0 1
    outer loop
      vertex 9.40665 13.4341 34
      vertex 13.4217 19.1682 34
      vertex 11.7 20.265 34
    endloop
  endfacet
  facet normal 0 0 1
    outer loop
      vertex 16.5463 16.5463 34
      vertex 11.5966 11.5966 34
      vertex 12.5631 10.5417 34
    endloop
  endfacet
  facet normal 0 0 1
    outer loop
      vertex 15.0412 17.9254 34
      vertex 10.5417 12.5631 34
      vertex 11.5966 11.5966 34
    endloop
  endfacet
  facet normal 0 0 1
    outer loop
      vertex 8.2 14.2028 34
      vertex 11.7 20.265 34
      vertex 9.88927 21.2076 34
    endloop
  endfacet
  facet normal 0 0 1
    outer loop
      vertex 13.4217 19.1682 34
      vertex 9.40665 13.4341 34
      vertex 10.5417 12.5631 34
    endloop
  endfacet
  facet normal 0 0 1
    outer loop
      vertex 11.7 20.265 34
      vertex 8.2 14.2028 34
      vertex 9.40665 13.4341 34
    endloop
  endfacet
  facet normal 0 0 1
    outer loop
      vertex 6.93094 14.8634 34
      vertex 9.88927 21.2076 34
      vertex 8.00327 21.9888 34
    endloop
  endfacet
  facet normal 0 0 1
    outer loop
      vertex 9.88927 21.2076 34
      vertex 6.93094 14.8634 34
      vertex 8.2 14.2028 34
    endloop
  endfacet
  facet normal 0 0 1
    outer loop
      vertex 5.60913 15.411 34
      vertex 8.00327 21.9888 34
      vertex 6.05637 22.6027 34
    endloop
  endfacet
  facet normal 0 0 1
    outer loop
      vertex 8.00327 21.9888 34
      vertex 5.60913 15.411 34
      vertex 6.93094 14.8634 34
    endloop
  endfacet
  facet normal 0 0 1
    outer loop
      vertex 6.05637 22.6027 34
      vertex 4.24463 15.8412 34
      vertex 5.60913 15.411 34
    endloop
  endfacet
  facet normal 0 0 1
    outer loop
      vertex 4.06337 23.0445 34
      vertex 4.24463 15.8412 34
      vertex 6.05637 22.6027 34
    endloop
  endfacet
  facet normal 0 0 1
    outer loop
      vertex 4.06337 23.0445 34
      vertex 2.84783 16.1508 34
      vertex 4.24463 15.8412 34
    endloop
  endfacet
  facet normal 0 0 1
    outer loop
      vertex 2.03944 23.311 34
      vertex 2.84783 16.1508 34
      vertex 4.06337 23.0445 34
    endloop
  endfacet
  facet normal 0 0 1
    outer loop
      vertex 2.03944 23.311 34
      vertex 1.42935 16.3376 34
      vertex 2.84783 16.1508 34
    endloop
  endfacet
  facet normal 0 0 1
    outer loop
      vertex 0 23.4 34
      vertex 1.42935 16.3376 34
      vertex 2.03944 23.311 34
    endloop
  endfacet
  facet normal 0 0 1
    outer loop
      vertex 0 23.4 34
      vertex 0 16.4 34
      vertex 1.42935 16.3376 34
    endloop
  endfacet
  facet normal 0 0 1
    outer loop
      vertex 0 23.4 34
      vertex -1.42935 16.3376 34
      vertex 0 16.4 34
    endloop
  endfacet
  facet normal -0 0 1
    outer loop
      vertex -2.03944 23.311 34
      vertex -1.42935 16.3376 34
      vertex 0 23.4 34
    endloop
  endfacet
  facet normal 0 0 1
    outer loop
      vertex -2.03944 23.311 34
      vertex -2.84783 16.1508 34
      vertex -1.42935 16.3376 34
    endloop
  endfacet
  facet normal -0 0 1
    outer loop
      vertex -4.06337 23.0445 34
      vertex -2.84783 16.1508 34
      vertex -2.03944 23.311 34
    endloop
  endfacet
  facet normal 0 0 1
    outer loop
      vertex -4.06337 23.0445 34
      vertex -4.24463 15.8412 34
      vertex -2.84783 16.1508 34
    endloop
  endfacet
  facet normal -0 0 1
    outer loop
      vertex -6.05637 22.6027 34
      vertex -4.24463 15.8412 34
      vertex -4.06337 23.0445 34
    endloop
  endfacet
  facet normal 0 0 1
    outer loop
      vertex -4.24463 15.8412 34
      vertex -6.05637 22.6027 34
      vertex -5.60913 15.411 34
    endloop
  endfacet
  facet normal -0 0 1
    outer loop
      vertex -8.00327 21.9888 34
      vertex -5.60913 15.411 34
      vertex -6.05637 22.6027 34
    endloop
  endfacet
  facet normal 0 0 1
    outer loop
      vertex -5.60913 15.411 34
      vertex -8.00327 21.9888 34
      vertex -6.93094 14.8634 34
    endloop
  endfacet
  facet normal -0 0 1
    outer loop
      vertex -9.88927 21.2076 34
      vertex -6.93094 14.8634 34
      vertex -8.00327 21.9888 34
    endloop
  endfacet
  facet normal 0 0 1
    outer loop
      vertex -6.93094 14.8634 34
      vertex -9.88927 21.2076 34
      vertex -8.2 14.2028 34
    endloop
  endfacet
  facet normal -0 0 1
    outer loop
      vertex -11.7 20.265 34
      vertex -8.2 14.2028 34
      vertex -9.88927 21.2076 34
    endloop
  endfacet
  facet normal 0 0 1
    outer loop
      vertex -8.2 14.2028 34
      vertex -11.7 20.265 34
      vertex -9.40665 13.4341 34
    endloop
  endfacet
  facet normal -0 0 1
    outer loop
      vertex -13.4217 19.1682 34
      vertex -9.40665 13.4341 34
      vertex -11.7 20.265 34
    endloop
  endfacet
  facet normal 0 0 1
    outer loop
      vertex -9.40665 13.4341 34
      vertex -13.4217 19.1682 34
      vertex -10.5417 12.5631 34
    endloop
  endfacet
  facet normal -0 0 1
    outer loop
      vertex -15.0412 17.9254 34
      vertex -10.5417 12.5631 34
      vertex -13.4217 19.1682 34
    endloop
  endfacet
  facet normal 0 0 1
    outer loop
      vertex -10.5417 12.5631 34
      vertex -15.0412 17.9254 34
      vertex -11.5966 11.5966 34
    endloop
  endfacet
  facet normal -0 0 1
    outer loop
      vertex -16.5463 16.5463 34
      vertex -11.5966 11.5966 34
      vertex -15.0412 17.9254 34
    endloop
  endfacet
  facet normal 0 0 1
    outer loop
      vertex -11.5966 11.5966 34
      vertex -16.5463 16.5463 34
      vertex -12.5631 10.5417 34
    endloop
  endfacet
  facet normal -0 0 1
    outer loop
      vertex -17.9254 15.0412 34
      vertex -12.5631 10.5417 34
      vertex -16.5463 16.5463 34
    endloop
  endfacet
  facet normal 0 0 1
    outer loop
      vertex -12.5631 10.5417 34
      vertex -17.9254 15.0412 34
      vertex -13.4341 9.40665 34
    endloop
  endfacet
  facet normal -0 0 1
    outer loop
      vertex -19.1682 13.4217 34
      vertex -13.4341 9.40665 34
      vertex -17.9254 15.0412 34
    endloop
  endfacet
  facet normal 0 0 1
    outer loop
      vertex -13.4341 9.40665 34
      vertex -19.1682 13.4217 34
      vertex -14.2028 8.2 34
    endloop
  endfacet
  facet normal -0 0 1
    outer loop
      vertex -20.265 11.7 34
      vertex -14.2028 8.2 34
      vertex -19.1682 13.4217 34
    endloop
  endfacet
  facet normal 0 0 1
    outer loop
      vertex -14.2028 8.2 34
      vertex -20.265 11.7 34
      vertex -14.8634 6.93094 34
    endloop
  endfacet
  facet normal 0 0 1
    outer loop
      vertex -14.8634 6.93094 34
      vertex -21.2076 9.88927 34
      vertex -15.411 5.60913 34
    endloop
  endfacet
  facet normal -0 0 1
    outer loop
      vertex -21.2076 9.88927 34
      vertex -14.8634 6.93094 34
      vertex -20.265 11.7 34
    endloop
  endfacet
  facet normal 0.793338 -0.608781 0
    outer loop
      vertex -13.4341 9.40665 34
      vertex -12.5631 10.5417 0
      vertex -12.5631 10.5417 34
    endloop
  endfacet
  facet normal 0.793338 -0.608781 0
    outer loop
      vertex -12.5631 10.5417 0
      vertex -13.4341 9.40665 34
      vertex -13.4341 9.40665 0
    endloop
  endfacet
  facet normal -0.991086 -0.133223 0
    outer loop
      vertex 16.1508 2.84783 0
      vertex 16.1536 2.827 20.1111
      vertex 16.1508 2.84783 20.15
    endloop
  endfacet
  facet normal -0.991435 -0.130603 2.76209e-06
    outer loop
      vertex 16.1508 2.84783 0
      vertex 16.2093 2.40416 19.5958
      vertex 16.1536 2.827 20.1111
    endloop
  endfacet
  facet normal -0.991452 -0.130474 5.74062e-06
    outer loop
      vertex 16.1508 2.84783 0
      vertex 16.2771 1.88894 19.173
      vertex 16.2093 2.40416 19.5958
    endloop
  endfacet
  facet normal -0.99144 -0.130563 -0
    outer loop
      vertex 16.3376 1.42935 18.9273
      vertex 16.1508 2.84783 0
      vertex 16.3376 1.42935 0
    endloop
  endfacet
  facet normal -0.991446 -0.130515 3.65706e-06
    outer loop
      vertex 16.1508 2.84783 0
      vertex 16.3376 1.42935 18.9273
      vertex 16.2771 1.88894 19.173
    endloop
  endfacet
  facet normal -0.991086 -0.133223 0
    outer loop
      vertex 16.1536 2.827 23.8889
      vertex 16.1508 2.84783 34
      vertex 16.1508 2.84783 23.85
    endloop
  endfacet
  facet normal -0.991434 -0.130607 -5.48698e-06
    outer loop
      vertex 16.2093 2.40416 24.4042
      vertex 16.1508 2.84783 34
      vertex 16.1536 2.827 23.8889
    endloop
  endfacet
  facet normal -0.991451 -0.130479 -1.15044e-05
    outer loop
      vertex 16.2771 1.88894 24.827
      vertex 16.1508 2.84783 34
      vertex 16.2093 2.40416 24.4042
    endloop
  endfacet
  facet normal -0.991446 -0.130517 -7.43297e-06
    outer loop
      vertex 16.3376 1.42935 25.0726
      vertex 16.1508 2.84783 34
      vertex 16.2771 1.88894 24.827
    endloop
  endfacet
  facet normal -0.99144 -0.130563 0
    outer loop
      vertex 16.1508 2.84783 34
      vertex 16.3376 1.42935 25.0726
      vertex 16.3376 1.42935 34
    endloop
  endfacet
  facet normal -0.999048 -0.0436299 0
    outer loop
      vertex 16.3376 1.42935 0
      vertex 16.3432 1.30112 18.8588
      vertex 16.3376 1.42935 18.9273
    endloop
  endfacet
  facet normal -0.999051 -0.0435452 5.77256e-07
    outer loop
      vertex 16.3376 1.42935 0
      vertex 16.371 0.663306 18.6653
      vertex 16.3432 1.30112 18.8588
    endloop
  endfacet
  facet normal -0.999048 -0.0436147 -0
    outer loop
      vertex 16.4 0 18.6
      vertex 16.3376 1.42935 0
      vertex 16.4 0 0
    endloop
  endfacet
  facet normal -0.999046 -0.0436782 -4.89087e-06
    outer loop
      vertex 16.3376 1.42935 0
      vertex 16.4 0 18.6
      vertex 16.371 0.663306 18.6653
    endloop
  endfacet
  facet normal -0.999048 -0.0436299 0
    outer loop
      vertex 16.3432 1.30112 25.1412
      vertex 16.3376 1.42935 34
      vertex 16.3376 1.42935 25.0726
    endloop
  endfacet
  facet normal -0.999051 -0.0435454 -1.22603e-06
    outer loop
      vertex 16.371 0.663306 25.3347
      vertex 16.3376 1.42935 34
      vertex 16.3432 1.30112 25.1412
    endloop
  endfacet
  facet normal -0.999046 -0.0436776 1.04864e-05
    outer loop
      vertex 16.4 0 25.4
      vertex 16.3376 1.42935 34
      vertex 16.371 0.663306 25.3347
    endloop
  endfacet
  facet normal -0.999048 -0.0436147 0
    outer loop
      vertex 16.3376 1.42935 34
      vertex 16.4 0 25.4
      vertex 16.4 0 34
    endloop
  endfacet
  facet normal -0.976308 -0.216385 0
    outer loop
      vertex 15.8412 4.24463 0
      vertex 16.0284 3.4 22
      vertex 15.8412 4.24463 34
    endloop
  endfacet
  facet normal -0.976262 -0.216595 -8.48405e-06
    outer loop
      vertex 15.8412 4.24463 0
      vertex 16.0429 3.33467 21.3367
      vertex 16.0284 3.4 22
    endloop
  endfacet
  facet normal -0.976291 -0.216463 -2.56441e-06
    outer loop
      vertex 15.8412 4.24463 0
      vertex 16.0858 3.14119 20.6989
      vertex 16.0429 3.33467 21.3367
    endloop
  endfacet
  facet normal -0.976305 -0.216398 -0
    outer loop
      vertex 16.1508 2.84783 20.15
      vertex 15.8412 4.24463 0
      vertex 16.1508 2.84783 0
    endloop
  endfacet
  facet normal -0.97632 -0.216333 4.71587e-06
    outer loop
      vertex 15.8412 4.24463 0
      vertex 16.1508 2.84783 20.15
      vertex 16.0858 3.14119 20.6989
    endloop
  endfacet
  facet normal -0.97627 -0.216555 1.26075e-05
    outer loop
      vertex 16.0429 3.33467 22.6633
      vertex 15.8412 4.24463 34
      vertex 16.0284 3.4 22
    endloop
  endfacet
  facet normal -0.976292 -0.216457 4.35316e-06
    outer loop
      vertex 16.0858 3.14119 23.3011
      vertex 15.8412 4.24463 34
      vertex 16.0429 3.33467 22.6633
    endloop
  endfacet
  facet normal -0.976318 -0.216339 -8.41067e-06
    outer loop
      vertex 16.1508 2.84783 23.85
      vertex 15.8412 4.24463 34
      vertex 16.0858 3.14119 23.3011
    endloop
  endfacet
  facet normal -0.976305 -0.216398 0
    outer loop
      vertex 15.8412 4.24463 34
      vertex 16.1508 2.84783 23.85
      vertex 16.1508 2.84783 34
    endloop
  endfacet
  facet normal -0.216398 0.976305 0
    outer loop
      vertex 4.24463 -15.8412 34
      vertex 2.84783 -16.1508 13.85
      vertex 2.84783 -16.1508 34
    endloop
  endfacet
  facet normal -0.216333 0.97632 -4.71587e-06
    outer loop
      vertex 4.24463 -15.8412 34
      vertex 3.14119 -16.0858 13.3011
      vertex 2.84783 -16.1508 13.85
    endloop
  endfacet
  facet normal -0.216463 0.976291 2.56441e-06
    outer loop
      vertex 4.24463 -15.8412 34
      vertex 3.33467 -16.0429 12.6633
      vertex 3.14119 -16.0858 13.3011
    endloop
  endfacet
  facet normal -0.216595 0.976262 8.48405e-06
    outer loop
      vertex 4.24463 -15.8412 34
      vertex 3.4 -16.0284 12
      vertex 3.33467 -16.0429 12.6633
    endloop
  endfacet
  facet normal -0.216385 0.976308 0
    outer loop
      vertex 4.24463 -15.8412 0
      vertex 3.4 -16.0284 12
      vertex 4.24463 -15.8412 34
    endloop
  endfacet
  facet normal -0.216555 0.97627 -1.26075e-05
    outer loop
      vertex 4.24463 -15.8412 0
      vertex 3.33467 -16.0429 11.3367
      vertex 3.4 -16.0284 12
    endloop
  endfacet
  facet normal -0.216457 0.976292 -4.35316e-06
    outer loop
      vertex 4.24463 -15.8412 0
      vertex 3.14119 -16.0858 10.6989
      vertex 3.33467 -16.0429 11.3367
    endloop
  endfacet
  facet normal -0.216339 0.976318 8.41067e-06
    outer loop
      vertex 4.24463 -15.8412 0
      vertex 2.84783 -16.1508 10.15
      vertex 3.14119 -16.0858 10.6989
    endloop
  endfacet
  facet normal -0.216398 0.976305 0
    outer loop
      vertex 2.84783 -16.1508 10.15
      vertex 4.24463 -15.8412 0
      vertex 2.84783 -16.1508 0
    endloop
  endfacet
  facet normal 0.976305 0.216398 0
    outer loop
      vertex -15.8412 -4.24463 34
      vertex -16.1508 -2.84783 23.85
      vertex -16.1508 -2.84783 34
    endloop
  endfacet
  facet normal 0.976318 0.216339 -8.41067e-06
    outer loop
      vertex -16.1508 -2.84783 23.85
      vertex -15.8412 -4.24463 34
      vertex -16.0858 -3.14119 23.3011
    endloop
  endfacet
  facet normal 0.976292 0.216457 4.35316e-06
    outer loop
      vertex -16.0858 -3.14119 23.3011
      vertex -15.8412 -4.24463 34
      vertex -16.0429 -3.33467 22.6633
    endloop
  endfacet
  facet normal 0.97627 0.216555 1.26075e-05
    outer loop
      vertex -16.0429 -3.33467 22.6633
      vertex -15.8412 -4.24463 34
      vertex -16.0284 -3.4 22
    endloop
  endfacet
  facet normal 0.97632 0.216333 4.71587e-06
    outer loop
      vertex -15.8412 -4.24463 0
      vertex -16.1508 -2.84783 20.15
      vertex -16.0858 -3.14119 20.6989
    endloop
  endfacet
  facet normal 0.976291 0.216463 -2.56441e-06
    outer loop
      vertex -15.8412 -4.24463 0
      vertex -16.0858 -3.14119 20.6989
      vertex -16.0429 -3.33467 21.3367
    endloop
  endfacet
  facet normal 0.976262 0.216595 -8.48405e-06
    outer loop
      vertex -15.8412 -4.24463 0
      vertex -16.0429 -3.33467 21.3367
      vertex -16.0284 -3.4 22
    endloop
  endfacet
  facet normal 0.976308 0.216385 -0
    outer loop
      vertex -15.8412 -4.24463 0
      vertex -16.0284 -3.4 22
      vertex -15.8412 -4.24463 34
    endloop
  endfacet
  facet normal 0.976305 0.216398 0
    outer loop
      vertex -16.1508 -2.84783 20.15
      vertex -15.8412 -4.24463 0
      vertex -16.1508 -2.84783 0
    endloop
  endfacet
  facet normal 0.216398 -0.976305 0
    outer loop
      vertex -4.24463 15.8412 34
      vertex -2.84783 16.1508 13.85
      vertex -2.84783 16.1508 34
    endloop
  endfacet
  facet normal 0.216333 -0.97632 -4.71587e-06
    outer loop
      vertex -4.24463 15.8412 34
      vertex -3.14119 16.0858 13.3011
      vertex -2.84783 16.1508 13.85
    endloop
  endfacet
  facet normal 0.216463 -0.976291 2.56441e-06
    outer loop
      vertex -4.24463 15.8412 34
      vertex -3.33467 16.0429 12.6633
      vertex -3.14119 16.0858 13.3011
    endloop
  endfacet
  facet normal 0.216595 -0.976262 8.48405e-06
    outer loop
      vertex -4.24463 15.8412 34
      vertex -3.4 16.0284 12
      vertex -3.33467 16.0429 12.6633
    endloop
  endfacet
  facet normal 0.216385 -0.976308 0
    outer loop
      vertex -4.24463 15.8412 0
      vertex -3.4 16.0284 12
      vertex -4.24463 15.8412 34
    endloop
  endfacet
  facet normal 0.216555 -0.97627 -1.26075e-05
    outer loop
      vertex -4.24463 15.8412 0
      vertex -3.33467 16.0429 11.3367
      vertex -3.4 16.0284 12
    endloop
  endfacet
  facet normal 0.216457 -0.976292 -4.35316e-06
    outer loop
      vertex -4.24463 15.8412 0
      vertex -3.14119 16.0858 10.6989
      vertex -3.33467 16.0429 11.3367
    endloop
  endfacet
  facet normal 0.216339 -0.976318 8.41067e-06
    outer loop
      vertex -4.24463 15.8412 0
      vertex -2.84783 16.1508 10.15
      vertex -3.14119 16.0858 10.6989
    endloop
  endfacet
  facet normal 0.216398 -0.976305 0
    outer loop
      vertex -2.84783 16.1508 10.15
      vertex -4.24463 15.8412 0
      vertex -2.84783 16.1508 0
    endloop
  endfacet
  facet normal -0.843398 0.537289 0
    outer loop
      vertex 13.4341 -9.40665 0
      vertex 14.2028 -8.2 34
      vertex 14.2028 -8.2 0
    endloop
  endfacet
  facet normal -0.843398 0.537289 0
    outer loop
      vertex 14.2028 -8.2 34
      vertex 13.4341 -9.40665 0
      vertex 13.4341 -9.40665 34
    endloop
  endfacet
  facet normal 0.88702 0.461732 0
    outer loop
      vertex -14.2028 -8.2 34
      vertex -14.8634 -6.93094 0
      vertex -14.8634 -6.93094 34
    endloop
  endfacet
  facet normal 0.88702 0.461732 0
    outer loop
      vertex -14.8634 -6.93094 0
      vertex -14.2028 -8.2 34
      vertex -14.2028 -8.2 0
    endloop
  endfacet
  facet normal 0.923858 -0.382736 0
    outer loop
      vertex -15.411 5.60913 34
      vertex -14.8634 6.93094 0
      vertex -14.8634 6.93094 34
    endloop
  endfacet
  facet normal 0.923858 -0.382736 0
    outer loop
      vertex -14.8634 6.93094 0
      vertex -15.411 5.60913 34
      vertex -15.411 5.60913 0
    endloop
  endfacet
  facet normal 0.130563 0.99144 0
    outer loop
      vertex -2.84783 -16.1508 0
      vertex -1.42935 -16.3376 8.92735
      vertex -1.42935 -16.3376 0
    endloop
  endfacet
  facet normal 0.130517 0.991446 7.43289e-06
    outer loop
      vertex -1.42935 -16.3376 8.92735
      vertex -2.84783 -16.1508 0
      vertex -1.88894 -16.2771 9.173
    endloop
  endfacet
  facet normal 0.130479 0.991451 1.15043e-05
    outer loop
      vertex -1.88894 -16.2771 9.173
      vertex -2.84783 -16.1508 0
      vertex -2.40416 -16.2093 9.59584
    endloop
  endfacet
  facet normal 0.130607 0.991434 5.48698e-06
    outer loop
      vertex -2.40416 -16.2093 9.59584
      vertex -2.84783 -16.1508 0
      vertex -2.827 -16.1536 10.1111
    endloop
  endfacet
  facet normal 0.133223 0.991086 0
    outer loop
      vertex -2.827 -16.1536 10.1111
      vertex -2.84783 -16.1508 0
      vertex -2.84783 -16.1508 10.15
    endloop
  endfacet
  facet normal 0.130563 0.99144 -0
    outer loop
      vertex -1.42935 -16.3376 15.0726
      vertex -2.84783 -16.1508 34
      vertex -1.42935 -16.3376 34
    endloop
  endfacet
  facet normal 0.130515 0.991446 -3.65709e-06
    outer loop
      vertex -1.88894 -16.2771 14.827
      vertex -2.84783 -16.1508 34
      vertex -1.42935 -16.3376 15.0726
    endloop
  endfacet
  facet normal 0.130474 0.991452 -5.74062e-06
    outer loop
      vertex -2.40416 -16.2093 14.4042
      vertex -2.84783 -16.1508 34
      vertex -1.88894 -16.2771 14.827
    endloop
  endfacet
  facet normal 0.130603 0.991435 -2.76209e-06
    outer loop
      vertex -2.827 -16.1536 13.8889
      vertex -2.84783 -16.1508 34
      vertex -2.40416 -16.2093 14.4042
    endloop
  endfacet
  facet normal 0.133223 0.991086 0
    outer loop
      vertex -2.84783 -16.1508 34
      vertex -2.827 -16.1536 13.8889
      vertex -2.84783 -16.1508 13.85
    endloop
  endfacet
  facet normal -0.216398 -0.976305 0
    outer loop
      vertex 2.84783 16.1508 13.85
      vertex 4.24463 15.8412 34
      vertex 2.84783 16.1508 34
    endloop
  endfacet
  facet normal -0.216333 -0.97632 -4.71587e-06
    outer loop
      vertex 3.14119 16.0858 13.3011
      vertex 4.24463 15.8412 34
      vertex 2.84783 16.1508 13.85
    endloop
  endfacet
  facet normal -0.216463 -0.976291 2.56441e-06
    outer loop
      vertex 3.33467 16.0429 12.6633
      vertex 4.24463 15.8412 34
      vertex 3.14119 16.0858 13.3011
    endloop
  endfacet
  facet normal -0.216595 -0.976262 8.48405e-06
    outer loop
      vertex 3.4 16.0284 12
      vertex 4.24463 15.8412 34
      vertex 3.33467 16.0429 12.6633
    endloop
  endfacet
  facet normal -0.216398 -0.976305 0
    outer loop
      vertex 4.24463 15.8412 0
      vertex 2.84783 16.1508 10.15
      vertex 2.84783 16.1508 0
    endloop
  endfacet
  facet normal -0.216339 -0.976318 8.41067e-06
    outer loop
      vertex 2.84783 16.1508 10.15
      vertex 4.24463 15.8412 0
      vertex 3.14119 16.0858 10.6989
    endloop
  endfacet
  facet normal -0.216457 -0.976292 -4.35316e-06
    outer loop
      vertex 3.14119 16.0858 10.6989
      vertex 4.24463 15.8412 0
      vertex 3.33467 16.0429 11.3367
    endloop
  endfacet
  facet normal -0.216385 -0.976308 0
    outer loop
      vertex 3.4 16.0284 12
      vertex 4.24463 15.8412 0
      vertex 4.24463 15.8412 34
    endloop
  endfacet
  facet normal -0.216555 -0.97627 -1.26075e-05
    outer loop
      vertex 3.33467 16.0429 11.3367
      vertex 4.24463 15.8412 0
      vertex 3.4 16.0284 12
    endloop
  endfacet
  facet normal 0.537289 0.843398 -0
    outer loop
      vertex -8.2 -14.2028 0
      vertex -9.40665 -13.4341 34
      vertex -8.2 -14.2028 34
    endloop
  endfacet
  facet normal 0.537289 0.843398 0
    outer loop
      vertex -9.40665 -13.4341 34
      vertex -8.2 -14.2028 0
      vertex -9.40665 -13.4341 0
    endloop
  endfacet
  facet normal -0.88702 0.461732 0
    outer loop
      vertex 14.2028 -8.2 0
      vertex 14.8634 -6.93094 34
      vertex 14.8634 -6.93094 0
    endloop
  endfacet
  facet normal -0.88702 0.461732 0
    outer loop
      vertex 14.8634 -6.93094 34
      vertex 14.2028 -8.2 0
      vertex 14.2028 -8.2 34
    endloop
  endfacet
  facet normal 0.537289 -0.843398 0
    outer loop
      vertex -9.40665 13.4341 0
      vertex -8.2 14.2028 34
      vertex -9.40665 13.4341 34
    endloop
  endfacet
  facet normal 0.537289 -0.843398 0
    outer loop
      vertex -8.2 14.2028 34
      vertex -9.40665 13.4341 0
      vertex -8.2 14.2028 0
    endloop
  endfacet
  facet normal -0.130563 -0.99144 0
    outer loop
      vertex 2.84783 16.1508 0
      vertex 1.42935 16.3376 8.92735
      vertex 1.42935 16.3376 0
    endloop
  endfacet
  facet normal -0.130517 -0.991446 7.43289e-06
    outer loop
      vertex 1.42935 16.3376 8.92735
      vertex 2.84783 16.1508 0
      vertex 1.88894 16.2771 9.173
    endloop
  endfacet
  facet normal -0.130479 -0.991451 1.15043e-05
    outer loop
      vertex 1.88894 16.2771 9.173
      vertex 2.84783 16.1508 0
      vertex 2.40416 16.2093 9.59584
    endloop
  endfacet
  facet normal -0.130607 -0.991434 5.48698e-06
    outer loop
      vertex 2.40416 16.2093 9.59584
      vertex 2.84783 16.1508 0
      vertex 2.827 16.1536 10.1111
    endloop
  endfacet
  facet normal -0.133223 -0.991086 0
    outer loop
      vertex 2.827 16.1536 10.1111
      vertex 2.84783 16.1508 0
      vertex 2.84783 16.1508 10.15
    endloop
  endfacet
  facet normal -0.130563 -0.99144 0
    outer loop
      vertex 1.42935 16.3376 15.0726
      vertex 2.84783 16.1508 34
      vertex 1.42935 16.3376 34
    endloop
  endfacet
  facet normal -0.130515 -0.991446 -3.65709e-06
    outer loop
      vertex 1.88894 16.2771 14.827
      vertex 2.84783 16.1508 34
      vertex 1.42935 16.3376 15.0726
    endloop
  endfacet
  facet normal -0.130474 -0.991452 -5.74062e-06
    outer loop
      vertex 2.40416 16.2093 14.4042
      vertex 2.84783 16.1508 34
      vertex 1.88894 16.2771 14.827
    endloop
  endfacet
  facet normal -0.130603 -0.991435 -2.76209e-06
    outer loop
      vertex 2.827 16.1536 13.8889
      vertex 2.84783 16.1508 34
      vertex 2.40416 16.2093 14.4042
    endloop
  endfacet
  facet normal -0.133223 -0.991086 -0
    outer loop
      vertex 2.84783 16.1508 34
      vertex 2.827 16.1536 13.8889
      vertex 2.84783 16.1508 13.85
    endloop
  endfacet
  facet normal -0.133223 0.991086 0
    outer loop
      vertex 2.84783 -16.1508 0
      vertex 2.827 -16.1536 10.1111
      vertex 2.84783 -16.1508 10.15
    endloop
  endfacet
  facet normal -0.130607 0.991434 5.48698e-06
    outer loop
      vertex 2.84783 -16.1508 0
      vertex 2.40416 -16.2093 9.59584
      vertex 2.827 -16.1536 10.1111
    endloop
  endfacet
  facet normal -0.130479 0.991451 1.15043e-05
    outer loop
      vertex 2.84783 -16.1508 0
      vertex 1.88894 -16.2771 9.173
      vertex 2.40416 -16.2093 9.59584
    endloop
  endfacet
  facet normal -0.130517 0.991446 7.43289e-06
    outer loop
      vertex 2.84783 -16.1508 0
      vertex 1.42935 -16.3376 8.92735
      vertex 1.88894 -16.2771 9.173
    endloop
  endfacet
  facet normal -0.130563 0.99144 0
    outer loop
      vertex 1.42935 -16.3376 8.92735
      vertex 2.84783 -16.1508 0
      vertex 1.42935 -16.3376 0
    endloop
  endfacet
  facet normal -0.130563 0.99144 0
    outer loop
      vertex 2.84783 -16.1508 34
      vertex 1.42935 -16.3376 15.0726
      vertex 1.42935 -16.3376 34
    endloop
  endfacet
  facet normal -0.130515 0.991446 -3.65709e-06
    outer loop
      vertex 2.84783 -16.1508 34
      vertex 1.88894 -16.2771 14.827
      vertex 1.42935 -16.3376 15.0726
    endloop
  endfacet
  facet normal -0.130474 0.991452 -5.74062e-06
    outer loop
      vertex 2.84783 -16.1508 34
      vertex 2.40416 -16.2093 14.4042
      vertex 1.88894 -16.2771 14.827
    endloop
  endfacet
  facet normal -0.130603 0.991435 -2.76209e-06
    outer loop
      vertex 2.84783 -16.1508 34
      vertex 2.827 -16.1536 13.8889
      vertex 2.40416 -16.2093 14.4042
    endloop
  endfacet
  facet normal -0.133223 0.991086 0
    outer loop
      vertex 2.827 -16.1536 13.8889
      vertex 2.84783 -16.1508 34
      vertex 2.84783 -16.1508 13.85
    endloop
  endfacet
  facet normal -0.1609 0.381562 -0.910232
    outer loop
      vertex 10.9104 12.2253 15.0061
      vertex 11.0413 12.1054 14.9327
      vertex 10.999 12.1441 14.9564
    endloop
  endfacet
  facet normal -0.676914 -0.736062 0
    outer loop
      vertex 10.5417 12.5631 0
      vertex 10.5529 12.5528 15.3147
      vertex 10.5417 12.5631 15.3286
    endloop
  endfacet
  facet normal -0.67525 -0.737589 -2.24358e-06
    outer loop
      vertex 10.5417 12.5631 0
      vertex 10.6653 12.4499 15.1979
      vertex 10.5529 12.5528 15.3147
    endloop
  endfacet
  facet normal -0.675584 -0.737283 2.74127e-06
    outer loop
      vertex 10.5417 12.5631 0
      vertex 10.7848 12.3404 15.0947
      vertex 10.6653 12.4499 15.1979
    endloop
  endfacet
  facet normal -0.675477 -0.737381 -4.0549e-07
    outer loop
      vertex 10.5417 12.5631 0
      vertex 10.8253 12.3033 15.0661
      vertex 10.7848 12.3404 15.0947
    endloop
  endfacet
  facet normal -0.675683 -0.737192 6.70721e-06
    outer loop
      vertex 10.5417 12.5631 0
      vertex 10.9104 12.2253 15.0061
      vertex 10.8253 12.3033 15.0661
    endloop
  endfacet
  facet normal -0.675445 -0.73741 -4.03262e-06
    outer loop
      vertex 10.5417 12.5631 0
      vertex 11.0413 12.1054 14.9327
      vertex 10.9104 12.2253 15.0061
    endloop
  endfacet
  facet normal -0.675868 -0.737023 2.19801e-05
    outer loop
      vertex 10.5417 12.5631 0
      vertex 11.1763 11.9816 14.875
      vertex 11.0413 12.1054 14.9327
    endloop
  endfacet
  facet normal -0.675508 -0.737352 -6.23894e-06
    outer loop
      vertex 10.5417 12.5631 0
      vertex 11.3146 11.8549 14.8334
      vertex 11.1763 11.9816 14.875
    endloop
  endfacet
  facet normal -0.675723 -0.737155 1.43613e-05
    outer loop
      vertex 10.5417 12.5631 0
      vertex 11.455 11.7262 14.8084
      vertex 11.3146 11.8549 14.8334
    endloop
  endfacet
  facet normal -0.67516 -0.737671 -4.95487e-05
    outer loop
      vertex 10.5417 12.5631 0
      vertex 11.5966 11.5966 14.8
      vertex 11.455 11.7262 14.8084
    endloop
  endfacet
  facet normal -0.675538 -0.737325 -0
    outer loop
      vertex 11.5966 11.5966 14.8
      vertex 10.5417 12.5631 0
      vertex 11.5966 11.5966 0
    endloop
  endfacet
  facet normal -0.675538 -0.737325 0
    outer loop
      vertex 10.5417 12.5631 34
      vertex 11.5966 11.5966 19.2
      vertex 11.5966 11.5966 34
    endloop
  endfacet
  facet normal -0.67516 -0.737671 4.95487e-05
    outer loop
      vertex 10.5417 12.5631 34
      vertex 11.455 11.7262 19.1916
      vertex 11.5966 11.5966 19.2
    endloop
  endfacet
  facet normal -0.675723 -0.737155 -1.43613e-05
    outer loop
      vertex 10.5417 12.5631 34
      vertex 11.3146 11.8549 19.1666
      vertex 11.455 11.7262 19.1916
    endloop
  endfacet
  facet normal -0.675508 -0.737352 6.23894e-06
    outer loop
      vertex 10.5417 12.5631 34
      vertex 11.1763 11.9816 19.125
      vertex 11.3146 11.8549 19.1666
    endloop
  endfacet
  facet normal -0.675868 -0.737023 -2.19801e-05
    outer loop
      vertex 10.5417 12.5631 34
      vertex 11.0413 12.1054 19.0673
      vertex 11.1763 11.9816 19.125
    endloop
  endfacet
  facet normal -0.675023 -0.737797 3.00281e-05
    outer loop
      vertex 10.5417 12.5631 34
      vertex 10.999 12.1441 19.0436
      vertex 11.0413 12.1054 19.0673
    endloop
  endfacet
  facet normal -0.675648 -0.737225 -5.11952e-06
    outer loop
      vertex 10.5417 12.5631 34
      vertex 10.9104 12.2253 18.9939
      vertex 10.999 12.1441 19.0436
    endloop
  endfacet
  facet normal -0.675683 -0.737192 -6.70721e-06
    outer loop
      vertex 10.5417 12.5631 34
      vertex 10.8253 12.3033 18.9339
      vertex 10.9104 12.2253 18.9939
    endloop
  endfacet
  facet normal -0.675477 -0.737381 4.0549e-07
    outer loop
      vertex 10.5417 12.5631 34
      vertex 10.7848 12.3404 18.9053
      vertex 10.8253 12.3033 18.9339
    endloop
  endfacet
  facet normal -0.675584 -0.737283 -2.74127e-06
    outer loop
      vertex 10.5417 12.5631 34
      vertex 10.6653 12.4499 18.8021
      vertex 10.7848 12.3404 18.9053
    endloop
  endfacet
  facet normal -0.67525 -0.737589 2.24358e-06
    outer loop
      vertex 10.5417 12.5631 34
      vertex 10.5529 12.5528 18.6853
      vertex 10.6653 12.4499 18.8021
    endloop
  endfacet
  facet normal -0.676914 -0.736062 0
    outer loop
      vertex 10.5529 12.5528 18.6853
      vertex 10.5417 12.5631 34
      vertex 10.5417 12.5631 18.6713
    endloop
  endfacet
  facet normal 0.923858 0.382736 0
    outer loop
      vertex -14.8634 -6.93094 34
      vertex -15.411 -5.60913 0
      vertex -15.411 -5.60913 34
    endloop
  endfacet
  facet normal 0.923858 0.382736 0
    outer loop
      vertex -15.411 -5.60913 0
      vertex -14.8634 -6.93094 34
      vertex -14.8634 -6.93094 0
    endloop
  endfacet
  facet normal -0.737325 0.675538 0
    outer loop
      vertex 11.5966 -11.5966 0
      vertex 12.5631 -10.5417 34
      vertex 12.5631 -10.5417 0
    endloop
  endfacet
  facet normal -0.737325 0.675538 0
    outer loop
      vertex 12.5631 -10.5417 34
      vertex 11.5966 -11.5966 0
      vertex 11.5966 -11.5966 34
    endloop
  endfacet
  facet normal -0.843398 -0.537289 0
    outer loop
      vertex 14.2028 8.2 0
      vertex 13.4341 9.40665 34
      vertex 13.4341 9.40665 0
    endloop
  endfacet
  facet normal -0.843398 -0.537289 0
    outer loop
      vertex 13.4341 9.40665 34
      vertex 14.2028 8.2 0
      vertex 14.2028 8.2 34
    endloop
  endfacet
  facet normal -0.976305 0.216398 0
    outer loop
      vertex 15.8412 -4.24463 0
      vertex 16.1508 -2.84783 20.15
      vertex 16.1508 -2.84783 0
    endloop
  endfacet
  facet normal -0.97632 0.216333 4.71587e-06
    outer loop
      vertex 16.1508 -2.84783 20.15
      vertex 15.8412 -4.24463 0
      vertex 16.0858 -3.14119 20.6989
    endloop
  endfacet
  facet normal -0.976291 0.216463 -2.56441e-06
    outer loop
      vertex 16.0858 -3.14119 20.6989
      vertex 15.8412 -4.24463 0
      vertex 16.0429 -3.33467 21.3367
    endloop
  endfacet
  facet normal -0.976262 0.216595 -8.48405e-06
    outer loop
      vertex 16.0429 -3.33467 21.3367
      vertex 15.8412 -4.24463 0
      vertex 16.0284 -3.4 22
    endloop
  endfacet
  facet normal -0.976318 0.216339 -8.41067e-06
    outer loop
      vertex 15.8412 -4.24463 34
      vertex 16.1508 -2.84783 23.85
      vertex 16.0858 -3.14119 23.3011
    endloop
  endfacet
  facet normal -0.976292 0.216457 4.35316e-06
    outer loop
      vertex 15.8412 -4.24463 34
      vertex 16.0858 -3.14119 23.3011
      vertex 16.0429 -3.33467 22.6633
    endloop
  endfacet
  facet normal -0.97627 0.216555 1.26075e-05
    outer loop
      vertex 15.8412 -4.24463 34
      vertex 16.0429 -3.33467 22.6633
      vertex 16.0284 -3.4 22
    endloop
  endfacet
  facet normal -0.976305 0.216398 0
    outer loop
      vertex 16.1508 -2.84783 23.85
      vertex 15.8412 -4.24463 34
      vertex 16.1508 -2.84783 34
    endloop
  endfacet
  facet normal -0.976308 0.216385 0
    outer loop
      vertex 15.8412 -4.24463 34
      vertex 16.0284 -3.4 22
      vertex 15.8412 -4.24463 0
    endloop
  endfacet
  facet normal 0.793338 0.608781 0
    outer loop
      vertex -12.5631 -10.5417 34
      vertex -13.4341 -9.40665 0
      vertex -13.4341 -9.40665 34
    endloop
  endfacet
  facet normal 0.793338 0.608781 0
    outer loop
      vertex -13.4341 -9.40665 0
      vertex -12.5631 -10.5417 34
      vertex -12.5631 -10.5417 0
    endloop
  endfacet
  facet normal -0.537289 -0.843398 0
    outer loop
      vertex 8.2 14.2028 0
      vertex 9.40665 13.4341 34
      vertex 8.2 14.2028 34
    endloop
  endfacet
  facet normal -0.537289 -0.843398 -0
    outer loop
      vertex 9.40665 13.4341 34
      vertex 8.2 14.2028 0
      vertex 9.40665 13.4341 0
    endloop
  endfacet
  facet normal -0.0436147 -0.999048 0
    outer loop
      vertex 1.42935 16.3376 0
      vertex 0 16.4 8.6
      vertex 0 16.4 0
    endloop
  endfacet
  facet normal -0.0436776 -0.999046 -1.04863e-05
    outer loop
      vertex 0 16.4 8.6
      vertex 1.42935 16.3376 0
      vertex 0.663306 16.371 8.66533
    endloop
  endfacet
  facet normal -0.0435454 -0.999051 1.22603e-06
    outer loop
      vertex 0.663306 16.371 8.66533
      vertex 1.42935 16.3376 0
      vertex 1.30112 16.3432 8.85881
    endloop
  endfacet
  facet normal -0.0436299 -0.999048 0
    outer loop
      vertex 1.30112 16.3432 8.85881
      vertex 1.42935 16.3376 0
      vertex 1.42935 16.3376 8.92735
    endloop
  endfacet
  facet normal -0.0436147 -0.999048 0
    outer loop
      vertex 0 16.4 15.4
      vertex 1.42935 16.3376 34
      vertex 0 16.4 34
    endloop
  endfacet
  facet normal -0.0436782 -0.999046 4.89087e-06
    outer loop
      vertex 0.663306 16.371 15.3347
      vertex 1.42935 16.3376 34
      vertex 0 16.4 15.4
    endloop
  endfacet
  facet normal -0.0435452 -0.999051 -5.77256e-07
    outer loop
      vertex 1.30112 16.3432 15.1412
      vertex 1.42935 16.3376 34
      vertex 0.663306 16.371 15.3347
    endloop
  endfacet
  facet normal -0.0436299 -0.999048 -0
    outer loop
      vertex 1.42935 16.3376 34
      vertex 1.30112 16.3432 15.1412
      vertex 1.42935 16.3376 15.0726
    endloop
  endfacet
  facet normal -0.608781 -0.793338 0
    outer loop
      vertex 9.40665 13.4341 34
      vertex 10.5417 12.5631 18.6713
      vertex 10.5417 12.5631 34
    endloop
  endfacet
  facet normal -0.609218 -0.793003 -5.14087e-05
    outer loop
      vertex 9.40665 13.4341 34
      vertex 10.4407 12.6407 18.5556
      vertex 10.5417 12.5631 18.6713
    endloop
  endfacet
  facet normal -0.608545 -0.793519 2.02026e-05
    outer loop
      vertex 9.40665 13.4341 34
      vertex 10.3369 12.7203 18.4141
      vertex 10.4407 12.6407 18.5556
    endloop
  endfacet
  facet normal -0.608542 -0.793522 2.05345e-05
    outer loop
      vertex 9.40665 13.4341 34
      vertex 10.2434 12.792 18.2619
      vertex 10.3369 12.7203 18.4141
    endloop
  endfacet
  facet normal -0.608739 -0.79337 3.85934e-06
    outer loop
      vertex 9.40665 13.4341 34
      vertex 10.1609 12.8553 18.1
      vertex 10.2434 12.792 18.2619
    endloop
  endfacet
  facet normal -0.609374 -0.792883 -4.40142e-05
    outer loop
      vertex 9.40665 13.4341 34
      vertex 10.09 12.9098 17.9298
      vertex 10.1609 12.8553 18.1
    endloop
  endfacet
  facet normal -0.608615 -0.793465 7.25998e-06
    outer loop
      vertex 9.40665 13.4341 34
      vertex 10.0312 12.9549 17.7524
      vertex 10.09 12.9098 17.9298
    endloop
  endfacet
  facet normal -0.6085 -0.793554 1.43152e-05
    outer loop
      vertex 9.40665 13.4341 34
      vertex 9.98503 12.9903 17.5694
      vertex 10.0312 12.9549 17.7524
    endloop
  endfacet
  facet normal -0.608686 -0.793411 3.90559e-06
    outer loop
      vertex 9.40665 13.4341 34
      vertex 9.95179 13.0158 17.382
      vertex 9.98503 12.9903 17.5694
    endloop
  endfacet
  facet normal -0.609194 -0.793022 -2.25579e-05
    outer loop
      vertex 9.40665 13.4341 34
      vertex 9.93175 13.0312 17.1917
      vertex 9.95179 13.0158 17.382
    endloop
  endfacet
  facet normal -0.60713 -0.794602 7.9804e-05
    outer loop
      vertex 9.40665 13.4341 34
      vertex 9.92505 13.0363 17
      vertex 9.93175 13.0312 17.1917
    endloop
  endfacet
  facet normal -0.608778 -0.79334 0
    outer loop
      vertex 9.40665 13.4341 0
      vertex 9.92505 13.0363 17
      vertex 9.40665 13.4341 34
    endloop
  endfacet
  facet normal -0.60713 -0.794602 -7.9804e-05
    outer loop
      vertex 9.40665 13.4341 0
      vertex 9.93175 13.0312 16.8083
      vertex 9.92505 13.0363 17
    endloop
  endfacet
  facet normal -0.609194 -0.793022 2.25579e-05
    outer loop
      vertex 9.40665 13.4341 0
      vertex 9.95179 13.0158 16.618
      vertex 9.93175 13.0312 16.8083
    endloop
  endfacet
  facet normal -0.608686 -0.793411 -3.90559e-06
    outer loop
      vertex 9.40665 13.4341 0
      vertex 9.98503 12.9903 16.4306
      vertex 9.95179 13.0158 16.618
    endloop
  endfacet
  facet normal -0.6085 -0.793554 -1.43152e-05
    outer loop
      vertex 9.40665 13.4341 0
      vertex 10.0312 12.9549 16.2476
      vertex 9.98503 12.9903 16.4306
    endloop
  endfacet
  facet normal -0.608615 -0.793465 -7.25998e-06
    outer loop
      vertex 9.40665 13.4341 0
      vertex 10.09 12.9098 16.0702
      vertex 10.0312 12.9549 16.2476
    endloop
  endfacet
  facet normal -0.609374 -0.792883 4.40142e-05
    outer loop
      vertex 9.40665 13.4341 0
      vertex 10.1609 12.8553 15.9
      vertex 10.09 12.9098 16.0702
    endloop
  endfacet
  facet normal -0.608739 -0.79337 -3.85934e-06
    outer loop
      vertex 9.40665 13.4341 0
      vertex 10.2434 12.792 15.7381
      vertex 10.1609 12.8553 15.9
    endloop
  endfacet
  facet normal -0.608542 -0.793522 -2.05345e-05
    outer loop
      vertex 9.40665 13.4341 0
      vertex 10.3369 12.7203 15.5859
      vertex 10.2434 12.792 15.7381
    endloop
  endfacet
  facet normal -0.608545 -0.793519 -2.02026e-05
    outer loop
      vertex 9.40665 13.4341 0
      vertex 10.4407 12.6407 15.4444
      vertex 10.3369 12.7203 15.5859
    endloop
  endfacet
  facet normal -0.609218 -0.793003 5.14055e-05
    outer loop
      vertex 9.40665 13.4341 0
      vertex 10.5417 12.5631 15.3286
      vertex 10.4407 12.6407 15.4444
    endloop
  endfacet
  facet normal -0.608781 -0.793338 -0
    outer loop
      vertex 10.5417 12.5631 15.3286
      vertex 9.40665 13.4341 0
      vertex 10.5417 12.5631 0
    endloop
  endfacet
  facet normal 0.608781 -0.793338 0
    outer loop
      vertex -10.5417 12.5631 0
      vertex -9.40665 13.4341 34
      vertex -10.5417 12.5631 34
    endloop
  endfacet
  facet normal 0.608781 -0.793338 0
    outer loop
      vertex -9.40665 13.4341 34
      vertex -10.5417 12.5631 0
      vertex -9.40665 13.4341 0
    endloop
  endfacet
  facet normal -0.953722 -0.30069 0
    outer loop
      vertex 15.8412 4.24463 0
      vertex 15.411 5.60913 34
      vertex 15.411 5.60913 0
    endloop
  endfacet
  facet normal -0.953722 -0.30069 0
    outer loop
      vertex 15.411 5.60913 34
      vertex 15.8412 4.24463 0
      vertex 15.8412 4.24463 34
    endloop
  endfacet
  facet normal -0.923858 0.382736 0
    outer loop
      vertex 14.8634 -6.93094 0
      vertex 15.411 -5.60913 34
      vertex 15.411 -5.60913 0
    endloop
  endfacet
  facet normal -0.923858 0.382736 0
    outer loop
      vertex 15.411 -5.60913 34
      vertex 14.8634 -6.93094 0
      vertex 14.8634 -6.93094 34
    endloop
  endfacet
  facet normal -0.461732 -0.88702 0
    outer loop
      vertex 6.93094 14.8634 0
      vertex 8.2 14.2028 34
      vertex 6.93094 14.8634 34
    endloop
  endfacet
  facet normal -0.461732 -0.88702 -0
    outer loop
      vertex 8.2 14.2028 34
      vertex 6.93094 14.8634 0
      vertex 8.2 14.2028 0
    endloop
  endfacet
  facet normal -0.382736 -0.923858 0
    outer loop
      vertex 5.60913 15.411 0
      vertex 6.93094 14.8634 34
      vertex 5.60913 15.411 34
    endloop
  endfacet
  facet normal -0.382736 -0.923858 -0
    outer loop
      vertex 6.93094 14.8634 34
      vertex 5.60913 15.411 0
      vertex 6.93094 14.8634 0
    endloop
  endfacet
  facet normal 0.991086 -0.133223 0
    outer loop
      vertex -16.1536 2.827 20.1111
      vertex -16.1508 2.84783 0
      vertex -16.1508 2.84783 20.15
    endloop
  endfacet
  facet normal 0.991435 -0.130603 2.76209e-06
    outer loop
      vertex -16.2093 2.40416 19.5958
      vertex -16.1508 2.84783 0
      vertex -16.1536 2.827 20.1111
    endloop
  endfacet
  facet normal 0.991452 -0.130474 5.74062e-06
    outer loop
      vertex -16.2771 1.88894 19.173
      vertex -16.1508 2.84783 0
      vertex -16.2093 2.40416 19.5958
    endloop
  endfacet
  facet normal 0.991446 -0.130515 3.65706e-06
    outer loop
      vertex -16.3376 1.42935 18.9273
      vertex -16.1508 2.84783 0
      vertex -16.2771 1.88894 19.173
    endloop
  endfacet
  facet normal 0.99144 -0.130563 0
    outer loop
      vertex -16.1508 2.84783 0
      vertex -16.3376 1.42935 18.9273
      vertex -16.3376 1.42935 0
    endloop
  endfacet
  facet normal 0.991086 -0.133223 0
    outer loop
      vertex -16.1508 2.84783 34
      vertex -16.1536 2.827 23.8889
      vertex -16.1508 2.84783 23.85
    endloop
  endfacet
  facet normal 0.991434 -0.130607 -5.48698e-06
    outer loop
      vertex -16.1508 2.84783 34
      vertex -16.2093 2.40416 24.4042
      vertex -16.1536 2.827 23.8889
    endloop
  endfacet
  facet normal 0.991451 -0.130479 -1.15044e-05
    outer loop
      vertex -16.1508 2.84783 34
      vertex -16.2771 1.88894 24.827
      vertex -16.2093 2.40416 24.4042
    endloop
  endfacet
  facet normal 0.99144 -0.130563 0
    outer loop
      vertex -16.3376 1.42935 25.0726
      vertex -16.1508 2.84783 34
      vertex -16.3376 1.42935 34
    endloop
  endfacet
  facet normal 0.991446 -0.130517 -7.43297e-06
    outer loop
      vertex -16.1508 2.84783 34
      vertex -16.3376 1.42935 25.0726
      vertex -16.2771 1.88894 24.827
    endloop
  endfacet
  facet normal 0.608781 0.793338 -0
    outer loop
      vertex -9.40665 -13.4341 0
      vertex -10.5417 -12.5631 34
      vertex -9.40665 -13.4341 34
    endloop
  endfacet
  facet normal 0.608781 0.793338 0
    outer loop
      vertex -10.5417 -12.5631 34
      vertex -9.40665 -13.4341 0
      vertex -10.5417 -12.5631 0
    endloop
  endfacet
  facet normal 0.88702 -0.461732 0
    outer loop
      vertex -14.8634 6.93094 34
      vertex -14.2028 8.2 0
      vertex -14.2028 8.2 34
    endloop
  endfacet
  facet normal 0.88702 -0.461732 0
    outer loop
      vertex -14.2028 8.2 0
      vertex -14.8634 6.93094 34
      vertex -14.8634 6.93094 0
    endloop
  endfacet
  facet normal -0.461732 0.88702 0
    outer loop
      vertex 8.2 -14.2028 0
      vertex 6.93094 -14.8634 34
      vertex 8.2 -14.2028 34
    endloop
  endfacet
  facet normal -0.461732 0.88702 0
    outer loop
      vertex 6.93094 -14.8634 34
      vertex 8.2 -14.2028 0
      vertex 6.93094 -14.8634 0
    endloop
  endfacet
  facet normal 0.216398 0.976305 -0
    outer loop
      vertex -2.84783 -16.1508 13.85
      vertex -4.24463 -15.8412 34
      vertex -2.84783 -16.1508 34
    endloop
  endfacet
  facet normal 0.216333 0.97632 -4.71587e-06
    outer loop
      vertex -3.14119 -16.0858 13.3011
      vertex -4.24463 -15.8412 34
      vertex -2.84783 -16.1508 13.85
    endloop
  endfacet
  facet normal 0.216463 0.976291 2.56441e-06
    outer loop
      vertex -3.33467 -16.0429 12.6633
      vertex -4.24463 -15.8412 34
      vertex -3.14119 -16.0858 13.3011
    endloop
  endfacet
  facet normal 0.216595 0.976262 8.48405e-06
    outer loop
      vertex -3.4 -16.0284 12
      vertex -4.24463 -15.8412 34
      vertex -3.33467 -16.0429 12.6633
    endloop
  endfacet
  facet normal 0.216398 0.976305 0
    outer loop
      vertex -4.24463 -15.8412 0
      vertex -2.84783 -16.1508 10.15
      vertex -2.84783 -16.1508 0
    endloop
  endfacet
  facet normal 0.216339 0.976318 8.41067e-06
    outer loop
      vertex -2.84783 -16.1508 10.15
      vertex -4.24463 -15.8412 0
      vertex -3.14119 -16.0858 10.6989
    endloop
  endfacet
  facet normal 0.216457 0.976292 -4.35316e-06
    outer loop
      vertex -3.14119 -16.0858 10.6989
      vertex -4.24463 -15.8412 0
      vertex -3.33467 -16.0429 11.3367
    endloop
  endfacet
  facet normal 0.216385 0.976308 0
    outer loop
      vertex -3.4 -16.0284 12
      vertex -4.24463 -15.8412 0
      vertex -4.24463 -15.8412 34
    endloop
  endfacet
  facet normal 0.216555 0.97627 -1.26075e-05
    outer loop
      vertex -3.33467 -16.0429 11.3367
      vertex -4.24463 -15.8412 0
      vertex -3.4 -16.0284 12
    endloop
  endfacet
  facet normal -0.537289 0.843398 0
    outer loop
      vertex 9.40665 -13.4341 0
      vertex 8.2 -14.2028 34
      vertex 9.40665 -13.4341 34
    endloop
  endfacet
  facet normal -0.537289 0.843398 0
    outer loop
      vertex 8.2 -14.2028 34
      vertex 9.40665 -13.4341 0
      vertex 8.2 -14.2028 0
    endloop
  endfacet
  facet normal -0.0436299 0.999048 0
    outer loop
      vertex 1.42935 -16.3376 0
      vertex 1.30112 -16.3432 8.85881
      vertex 1.42935 -16.3376 8.92735
    endloop
  endfacet
  facet normal -0.0435454 0.999051 1.22603e-06
    outer loop
      vertex 1.42935 -16.3376 0
      vertex 0.663306 -16.371 8.66533
      vertex 1.30112 -16.3432 8.85881
    endloop
  endfacet
  facet normal -0.0436776 0.999046 -1.04863e-05
    outer loop
      vertex 1.42935 -16.3376 0
      vertex 0 -16.4 8.6
      vertex 0.663306 -16.371 8.66533
    endloop
  endfacet
  facet normal -0.0436147 0.999048 0
    outer loop
      vertex 0 -16.4 8.6
      vertex 1.42935 -16.3376 0
      vertex 0 -16.4 0
    endloop
  endfacet
  facet normal -0.0436147 0.999048 0
    outer loop
      vertex 1.42935 -16.3376 34
      vertex 0 -16.4 15.4
      vertex 0 -16.4 34
    endloop
  endfacet
  facet normal -0.0436782 0.999046 4.89087e-06
    outer loop
      vertex 1.42935 -16.3376 34
      vertex 0.663306 -16.371 15.3347
      vertex 0 -16.4 15.4
    endloop
  endfacet
  facet normal -0.0435452 0.999051 -5.77256e-07
    outer loop
      vertex 1.42935 -16.3376 34
      vertex 1.30112 -16.3432 15.1412
      vertex 0.663306 -16.371 15.3347
    endloop
  endfacet
  facet normal -0.0436299 0.999048 0
    outer loop
      vertex 1.30112 -16.3432 15.1412
      vertex 1.42935 -16.3376 34
      vertex 1.42935 -16.3376 15.0726
    endloop
  endfacet
  facet normal -0.953722 0.30069 0
    outer loop
      vertex 15.411 -5.60913 0
      vertex 15.8412 -4.24463 34
      vertex 15.8412 -4.24463 0
    endloop
  endfacet
  facet normal -0.953722 0.30069 0
    outer loop
      vertex 15.8412 -4.24463 34
      vertex 15.411 -5.60913 0
      vertex 15.411 -5.60913 34
    endloop
  endfacet
  facet normal -0.793338 0.608781 0
    outer loop
      vertex 12.5631 -10.5417 0
      vertex 13.4341 -9.40665 34
      vertex 13.4341 -9.40665 0
    endloop
  endfacet
  facet normal -0.793338 0.608781 0
    outer loop
      vertex 13.4341 -9.40665 34
      vertex 12.5631 -10.5417 0
      vertex 12.5631 -10.5417 34
    endloop
  endfacet
  facet normal 0.737325 -0.675538 0
    outer loop
      vertex -12.5631 10.5417 34
      vertex -11.5966 11.5966 0
      vertex -11.5966 11.5966 34
    endloop
  endfacet
  facet normal 0.737325 -0.675538 0
    outer loop
      vertex -11.5966 11.5966 0
      vertex -12.5631 10.5417 34
      vertex -12.5631 10.5417 0
    endloop
  endfacet
  facet normal 0.133223 -0.991086 0
    outer loop
      vertex -2.84783 16.1508 0
      vertex -2.827 16.1536 10.1111
      vertex -2.84783 16.1508 10.15
    endloop
  endfacet
  facet normal 0.130607 -0.991434 5.48698e-06
    outer loop
      vertex -2.84783 16.1508 0
      vertex -2.40416 16.2093 9.59584
      vertex -2.827 16.1536 10.1111
    endloop
  endfacet
  facet normal 0.130479 -0.991451 1.15043e-05
    outer loop
      vertex -2.84783 16.1508 0
      vertex -1.88894 16.2771 9.173
      vertex -2.40416 16.2093 9.59584
    endloop
  endfacet
  facet normal 0.130517 -0.991446 7.43289e-06
    outer loop
      vertex -2.84783 16.1508 0
      vertex -1.42935 16.3376 8.92735
      vertex -1.88894 16.2771 9.173
    endloop
  endfacet
  facet normal 0.130563 -0.99144 0
    outer loop
      vertex -1.42935 16.3376 8.92735
      vertex -2.84783 16.1508 0
      vertex -1.42935 16.3376 0
    endloop
  endfacet
  facet normal 0.130563 -0.99144 0
    outer loop
      vertex -2.84783 16.1508 34
      vertex -1.42935 16.3376 15.0726
      vertex -1.42935 16.3376 34
    endloop
  endfacet
  facet normal 0.130515 -0.991446 -3.65709e-06
    outer loop
      vertex -2.84783 16.1508 34
      vertex -1.88894 16.2771 14.827
      vertex -1.42935 16.3376 15.0726
    endloop
  endfacet
  facet normal 0.130474 -0.991452 -5.74062e-06
    outer loop
      vertex -2.84783 16.1508 34
      vertex -2.40416 16.2093 14.4042
      vertex -1.88894 16.2771 14.827
    endloop
  endfacet
  facet normal 0.130603 -0.991435 -2.76209e-06
    outer loop
      vertex -2.84783 16.1508 34
      vertex -2.827 16.1536 13.8889
      vertex -2.40416 16.2093 14.4042
    endloop
  endfacet
  facet normal 0.133223 -0.991086 0
    outer loop
      vertex -2.827 16.1536 13.8889
      vertex -2.84783 16.1508 34
      vertex -2.84783 16.1508 13.85
    endloop
  endfacet
  facet normal 0.461732 -0.88702 0
    outer loop
      vertex -8.2 14.2028 0
      vertex -6.93094 14.8634 34
      vertex -8.2 14.2028 34
    endloop
  endfacet
  facet normal 0.461732 -0.88702 0
    outer loop
      vertex -6.93094 14.8634 34
      vertex -8.2 14.2028 0
      vertex -6.93094 14.8634 0
    endloop
  endfacet
  facet normal 0.953722 0.30069 0
    outer loop
      vertex -15.411 -5.60913 34
      vertex -15.8412 -4.24463 0
      vertex -15.8412 -4.24463 34
    endloop
  endfacet
  facet normal 0.953722 0.30069 0
    outer loop
      vertex -15.8412 -4.24463 0
      vertex -15.411 -5.60913 34
      vertex -15.411 -5.60913 0
    endloop
  endfacet
  facet normal -0.923858 -0.382736 0
    outer loop
      vertex 15.411 5.60913 0
      vertex 14.8634 6.93094 34
      vertex 14.8634 6.93094 0
    endloop
  endfacet
  facet normal -0.923858 -0.382736 0
    outer loop
      vertex 14.8634 6.93094 34
      vertex 15.411 5.60913 0
      vertex 15.411 5.60913 34
    endloop
  endfacet
  facet normal -0.999048 0.0436147 0
    outer loop
      vertex 16.3376 -1.42935 0
      vertex 16.4 0 18.6
      vertex 16.4 0 0
    endloop
  endfacet
  facet normal -0.999046 0.0436782 -4.89087e-06
    outer loop
      vertex 16.4 0 18.6
      vertex 16.3376 -1.42935 0
      vertex 16.371 -0.663306 18.6653
    endloop
  endfacet
  facet normal -0.999051 0.0435452 5.77256e-07
    outer loop
      vertex 16.371 -0.663306 18.6653
      vertex 16.3376 -1.42935 0
      vertex 16.3432 -1.30112 18.8588
    endloop
  endfacet
  facet normal -0.999048 0.0436299 0
    outer loop
      vertex 16.3432 -1.30112 18.8588
      vertex 16.3376 -1.42935 0
      vertex 16.3376 -1.42935 18.9273
    endloop
  endfacet
  facet normal -0.999046 0.0436776 1.04864e-05
    outer loop
      vertex 16.3376 -1.42935 34
      vertex 16.4 0 25.4
      vertex 16.371 -0.663306 25.3347
    endloop
  endfacet
  facet normal -0.999051 0.0435454 -1.22603e-06
    outer loop
      vertex 16.3376 -1.42935 34
      vertex 16.371 -0.663306 25.3347
      vertex 16.3432 -1.30112 25.1412
    endloop
  endfacet
  facet normal -0.999048 0.0436299 0
    outer loop
      vertex 16.3376 -1.42935 34
      vertex 16.3432 -1.30112 25.1412
      vertex 16.3376 -1.42935 25.0726
    endloop
  endfacet
  facet normal -0.999048 0.0436147 0
    outer loop
      vertex 16.4 0 25.4
      vertex 16.3376 -1.42935 34
      vertex 16.4 0 34
    endloop
  endfacet
  facet normal -0.99144 0.130563 0
    outer loop
      vertex 16.1508 -2.84783 0
      vertex 16.3376 -1.42935 18.9273
      vertex 16.3376 -1.42935 0
    endloop
  endfacet
  facet normal -0.991446 0.130515 3.65706e-06
    outer loop
      vertex 16.3376 -1.42935 18.9273
      vertex 16.1508 -2.84783 0
      vertex 16.2771 -1.88894 19.173
    endloop
  endfacet
  facet normal -0.991452 0.130474 5.74062e-06
    outer loop
      vertex 16.2771 -1.88894 19.173
      vertex 16.1508 -2.84783 0
      vertex 16.2093 -2.40416 19.5958
    endloop
  endfacet
  facet normal -0.991435 0.130603 2.76209e-06
    outer loop
      vertex 16.2093 -2.40416 19.5958
      vertex 16.1508 -2.84783 0
      vertex 16.1536 -2.827 20.1111
    endloop
  endfacet
  facet normal -0.991086 0.133223 0
    outer loop
      vertex 16.1536 -2.827 20.1111
      vertex 16.1508 -2.84783 0
      vertex 16.1508 -2.84783 20.15
    endloop
  endfacet
  facet normal -0.991446 0.130517 -7.43297e-06
    outer loop
      vertex 16.1508 -2.84783 34
      vertex 16.3376 -1.42935 25.0726
      vertex 16.2771 -1.88894 24.827
    endloop
  endfacet
  facet normal -0.991451 0.130479 -1.15044e-05
    outer loop
      vertex 16.1508 -2.84783 34
      vertex 16.2771 -1.88894 24.827
      vertex 16.2093 -2.40416 24.4042
    endloop
  endfacet
  facet normal -0.991434 0.130607 -5.48698e-06
    outer loop
      vertex 16.1508 -2.84783 34
      vertex 16.2093 -2.40416 24.4042
      vertex 16.1536 -2.827 23.8889
    endloop
  endfacet
  facet normal -0.991086 0.133223 0
    outer loop
      vertex 16.1508 -2.84783 34
      vertex 16.1536 -2.827 23.8889
      vertex 16.1508 -2.84783 23.85
    endloop
  endfacet
  facet normal -0.99144 0.130563 0
    outer loop
      vertex 16.3376 -1.42935 25.0726
      vertex 16.1508 -2.84783 34
      vertex 16.3376 -1.42935 34
    endloop
  endfacet
  facet normal 0.976308 -0.216385 0
    outer loop
      vertex -15.8412 4.24463 34
      vertex -16.0284 3.4 22
      vertex -15.8412 4.24463 0
    endloop
  endfacet
  facet normal 0.97627 -0.216555 1.26075e-05
    outer loop
      vertex -15.8412 4.24463 34
      vertex -16.0429 3.33467 22.6633
      vertex -16.0284 3.4 22
    endloop
  endfacet
  facet normal 0.976292 -0.216457 4.35316e-06
    outer loop
      vertex -15.8412 4.24463 34
      vertex -16.0858 3.14119 23.3011
      vertex -16.0429 3.33467 22.6633
    endloop
  endfacet
  facet normal 0.976305 -0.216398 0
    outer loop
      vertex -16.1508 2.84783 23.85
      vertex -15.8412 4.24463 34
      vertex -16.1508 2.84783 34
    endloop
  endfacet
  facet normal 0.976318 -0.216339 -8.41067e-06
    outer loop
      vertex -15.8412 4.24463 34
      vertex -16.1508 2.84783 23.85
      vertex -16.0858 3.14119 23.3011
    endloop
  endfacet
  facet normal 0.976262 -0.216595 -8.48405e-06
    outer loop
      vertex -16.0429 3.33467 21.3367
      vertex -15.8412 4.24463 0
      vertex -16.0284 3.4 22
    endloop
  endfacet
  facet normal 0.976291 -0.216463 -2.56441e-06
    outer loop
      vertex -16.0858 3.14119 20.6989
      vertex -15.8412 4.24463 0
      vertex -16.0429 3.33467 21.3367
    endloop
  endfacet
  facet normal 0.97632 -0.216333 4.71587e-06
    outer loop
      vertex -16.1508 2.84783 20.15
      vertex -15.8412 4.24463 0
      vertex -16.0858 3.14119 20.6989
    endloop
  endfacet
  facet normal 0.976305 -0.216398 0
    outer loop
      vertex -15.8412 4.24463 0
      vertex -16.1508 2.84783 20.15
      vertex -16.1508 2.84783 0
    endloop
  endfacet
  facet normal -0.88702 -0.461732 0
    outer loop
      vertex 14.8634 6.93094 0
      vertex 14.2028 8.2 34
      vertex 14.2028 8.2 0
    endloop
  endfacet
  facet normal -0.88702 -0.461732 0
    outer loop
      vertex 14.2028 8.2 34
      vertex 14.8634 6.93094 0
      vertex 14.8634 6.93094 34
    endloop
  endfacet
  facet normal 0.675538 -0.737325 0
    outer loop
      vertex -11.5966 11.5966 0
      vertex -10.5417 12.5631 34
      vertex -11.5966 11.5966 34
    endloop
  endfacet
  facet normal 0.675538 -0.737325 0
    outer loop
      vertex -10.5417 12.5631 34
      vertex -11.5966 11.5966 0
      vertex -10.5417 12.5631 0
    endloop
  endfacet
  facet normal 0.382736 -0.923858 0
    outer loop
      vertex -6.93094 14.8634 0
      vertex -5.60913 15.411 34
      vertex -6.93094 14.8634 34
    endloop
  endfacet
  facet normal 0.382736 -0.923858 0
    outer loop
      vertex -5.60913 15.411 34
      vertex -6.93094 14.8634 0
      vertex -5.60913 15.411 0
    endloop
  endfacet
  facet normal 0.999046 0.0436782 -4.89087e-06
    outer loop
      vertex -16.3376 -1.42935 0
      vertex -16.4 0 18.6
      vertex -16.371 -0.663306 18.6653
    endloop
  endfacet
  facet normal 0.999051 0.0435452 5.77256e-07
    outer loop
      vertex -16.3376 -1.42935 0
      vertex -16.371 -0.663306 18.6653
      vertex -16.3432 -1.30112 18.8588
    endloop
  endfacet
  facet normal 0.999048 0.0436299 -0
    outer loop
      vertex -16.3376 -1.42935 0
      vertex -16.3432 -1.30112 18.8588
      vertex -16.3376 -1.42935 18.9273
    endloop
  endfacet
  facet normal 0.999048 0.0436147 0
    outer loop
      vertex -16.4 0 18.6
      vertex -16.3376 -1.42935 0
      vertex -16.4 0 0
    endloop
  endfacet
  facet normal 0.999048 0.0436147 0
    outer loop
      vertex -16.3376 -1.42935 34
      vertex -16.4 0 25.4
      vertex -16.4 0 34
    endloop
  endfacet
  facet normal 0.999046 0.0436776 1.04864e-05
    outer loop
      vertex -16.4 0 25.4
      vertex -16.3376 -1.42935 34
      vertex -16.371 -0.663306 25.3347
    endloop
  endfacet
  facet normal 0.999051 0.0435454 -1.22603e-06
    outer loop
      vertex -16.371 -0.663306 25.3347
      vertex -16.3376 -1.42935 34
      vertex -16.3432 -1.30112 25.1412
    endloop
  endfacet
  facet normal 0.999048 0.0436299 0
    outer loop
      vertex -16.3432 -1.30112 25.1412
      vertex -16.3376 -1.42935 34
      vertex -16.3376 -1.42935 25.0726
    endloop
  endfacet
  facet normal -0.608781 0.793338 0
    outer loop
      vertex 10.5417 -12.5631 0
      vertex 9.40665 -13.4341 34
      vertex 10.5417 -12.5631 34
    endloop
  endfacet
  facet normal -0.608781 0.793338 0
    outer loop
      vertex 9.40665 -13.4341 34
      vertex 10.5417 -12.5631 0
      vertex 9.40665 -13.4341 0
    endloop
  endfacet
  facet normal 0.0436299 -0.999048 0
    outer loop
      vertex -1.42935 16.3376 0
      vertex -1.30112 16.3432 8.85881
      vertex -1.42935 16.3376 8.92735
    endloop
  endfacet
  facet normal 0.0435454 -0.999051 1.22603e-06
    outer loop
      vertex -1.42935 16.3376 0
      vertex -0.663306 16.371 8.66533
      vertex -1.30112 16.3432 8.85881
    endloop
  endfacet
  facet normal 0.0436776 -0.999046 -1.04863e-05
    outer loop
      vertex -1.42935 16.3376 0
      vertex 0 16.4 8.6
      vertex -0.663306 16.371 8.66533
    endloop
  endfacet
  facet normal 0.0436147 -0.999048 0
    outer loop
      vertex 0 16.4 8.6
      vertex -1.42935 16.3376 0
      vertex 0 16.4 0
    endloop
  endfacet
  facet normal 0.0436147 -0.999048 0
    outer loop
      vertex -1.42935 16.3376 34
      vertex 0 16.4 15.4
      vertex 0 16.4 34
    endloop
  endfacet
  facet normal 0.0436782 -0.999046 4.89087e-06
    outer loop
      vertex -1.42935 16.3376 34
      vertex -0.663306 16.371 15.3347
      vertex 0 16.4 15.4
    endloop
  endfacet
  facet normal 0.0435452 -0.999051 -5.77256e-07
    outer loop
      vertex -1.42935 16.3376 34
      vertex -1.30112 16.3432 15.1412
      vertex -0.663306 16.371 15.3347
    endloop
  endfacet
  facet normal 0.0436299 -0.999048 0
    outer loop
      vertex -1.30112 16.3432 15.1412
      vertex -1.42935 16.3376 34
      vertex -1.42935 16.3376 15.0726
    endloop
  endfacet
  facet normal 0.461732 0.88702 -0
    outer loop
      vertex -6.93094 -14.8634 0
      vertex -8.2 -14.2028 34
      vertex -6.93094 -14.8634 34
    endloop
  endfacet
  facet normal 0.461732 0.88702 0
    outer loop
      vertex -8.2 -14.2028 34
      vertex -6.93094 -14.8634 0
      vertex -8.2 -14.2028 0
    endloop
  endfacet
  facet normal -0.382736 0.923858 0
    outer loop
      vertex 6.93094 -14.8634 0
      vertex 5.60913 -15.411 34
      vertex 6.93094 -14.8634 34
    endloop
  endfacet
  facet normal -0.382736 0.923858 0
    outer loop
      vertex 5.60913 -15.411 34
      vertex 6.93094 -14.8634 0
      vertex 5.60913 -15.411 0
    endloop
  endfacet
  facet normal 0.953722 -0.30069 0
    outer loop
      vertex -15.8412 4.24463 34
      vertex -15.411 5.60913 0
      vertex -15.411 5.60913 34
    endloop
  endfacet
  facet normal 0.953722 -0.30069 0
    outer loop
      vertex -15.411 5.60913 0
      vertex -15.8412 4.24463 34
      vertex -15.8412 4.24463 0
    endloop
  endfacet
  facet normal 0.737325 0.675538 0
    outer loop
      vertex -11.5966 -11.5966 34
      vertex -12.5631 -10.5417 0
      vertex -12.5631 -10.5417 34
    endloop
  endfacet
  facet normal 0.737325 0.675538 0
    outer loop
      vertex -12.5631 -10.5417 0
      vertex -11.5966 -11.5966 34
      vertex -11.5966 -11.5966 0
    endloop
  endfacet
  facet normal -0.737673 -0.675158 0
    outer loop
      vertex 11.5966 11.5966 0
      vertex 11.7262 11.455 14.8084
      vertex 11.5966 11.5966 14.8
    endloop
  endfacet
  facet normal -0.737325 -0.675538 -6.67216e-06
    outer loop
      vertex 12.5631 10.5417 0
      vertex 11.7262 11.455 14.8084
      vertex 11.5966 11.5966 0
    endloop
  endfacet
  facet normal -0.737155 -0.675723 1.43613e-05
    outer loop
      vertex 11.7262 11.455 14.8084
      vertex 12.5631 10.5417 0
      vertex 11.8549 11.3146 14.8334
    endloop
  endfacet
  facet normal -0.737352 -0.675508 -6.23894e-06
    outer loop
      vertex 11.8549 11.3146 14.8334
      vertex 12.5631 10.5417 0
      vertex 11.9816 11.1763 14.875
    endloop
  endfacet
  facet normal -0.737023 -0.675868 2.19801e-05
    outer loop
      vertex 11.9816 11.1763 14.875
      vertex 12.5631 10.5417 0
      vertex 12.1054 11.0413 14.9327
    endloop
  endfacet
  facet normal -0.737797 -0.675023 -3.00281e-05
    outer loop
      vertex 12.1054 11.0413 14.9327
      vertex 12.5631 10.5417 0
      vertex 12.1441 10.999 14.9564
    endloop
  endfacet
  facet normal -0.737225 -0.675648 5.11952e-06
    outer loop
      vertex 12.1441 10.999 14.9564
      vertex 12.5631 10.5417 0
      vertex 12.2253 10.9104 15.0061
    endloop
  endfacet
  facet normal -0.737192 -0.675683 6.70721e-06
    outer loop
      vertex 12.2253 10.9104 15.0061
      vertex 12.5631 10.5417 0
      vertex 12.3033 10.8253 15.0661
    endloop
  endfacet
  facet normal -0.737381 -0.675477 -4.0549e-07
    outer loop
      vertex 12.3033 10.8253 15.0661
      vertex 12.5631 10.5417 0
      vertex 12.3404 10.7848 15.0947
    endloop
  endfacet
  facet normal -0.737283 -0.675584 2.74127e-06
    outer loop
      vertex 12.3404 10.7848 15.0947
      vertex 12.5631 10.5417 0
      vertex 12.4499 10.6653 15.1979
    endloop
  endfacet
  facet normal -0.737589 -0.67525 -2.24358e-06
    outer loop
      vertex 12.4499 10.6653 15.1979
      vertex 12.5631 10.5417 0
      vertex 12.5528 10.5529 15.3147
    endloop
  endfacet
  facet normal -0.736062 -0.676914 0
    outer loop
      vertex 12.5528 10.5529 15.3147
      vertex 12.5631 10.5417 0
      vertex 12.5631 10.5417 15.3286
    endloop
  endfacet
  facet normal -0.737673 -0.675158 0
    outer loop
      vertex 11.7262 11.455 19.1916
      vertex 11.5966 11.5966 34
      vertex 11.5966 11.5966 19.2
    endloop
  endfacet
  facet normal -0.737155 -0.675723 -1.43613e-05
    outer loop
      vertex 12.5631 10.5417 34
      vertex 11.7262 11.455 19.1916
      vertex 11.8549 11.3146 19.1666
    endloop
  endfacet
  facet normal -0.737352 -0.675508 6.23894e-06
    outer loop
      vertex 12.5631 10.5417 34
      vertex 11.8549 11.3146 19.1666
      vertex 11.9816 11.1763 19.125
    endloop
  endfacet
  facet normal -0.737023 -0.675868 -2.19801e-05
    outer loop
      vertex 12.5631 10.5417 34
      vertex 11.9816 11.1763 19.125
      vertex 12.1054 11.0413 19.0673
    endloop
  endfacet
  facet normal -0.737797 -0.675023 3.00281e-05
    outer loop
      vertex 12.5631 10.5417 34
      vertex 12.1054 11.0413 19.0673
      vertex 12.1441 10.999 19.0436
    endloop
  endfacet
  facet normal -0.737225 -0.675648 -5.11952e-06
    outer loop
      vertex 12.5631 10.5417 34
      vertex 12.1441 10.999 19.0436
      vertex 12.2253 10.9104 18.9939
    endloop
  endfacet
  facet normal -0.737192 -0.675683 -6.70721e-06
    outer loop
      vertex 12.5631 10.5417 34
      vertex 12.2253 10.9104 18.9939
      vertex 12.3033 10.8253 18.9339
    endloop
  endfacet
  facet normal -0.737381 -0.675477 4.0549e-07
    outer loop
      vertex 12.5631 10.5417 34
      vertex 12.3033 10.8253 18.9339
      vertex 12.3404 10.7848 18.9053
    endloop
  endfacet
  facet normal -0.737283 -0.675584 -2.74127e-06
    outer loop
      vertex 12.5631 10.5417 34
      vertex 12.3404 10.7848 18.9053
      vertex 12.4499 10.6653 18.8021
    endloop
  endfacet
  facet normal -0.737589 -0.67525 2.24358e-06
    outer loop
      vertex 12.5631 10.5417 34
      vertex 12.4499 10.6653 18.8021
      vertex 12.5528 10.5529 18.6853
    endloop
  endfacet
  facet normal -0.736062 -0.676914 -0
    outer loop
      vertex 12.5631 10.5417 34
      vertex 12.5528 10.5529 18.6853
      vertex 12.5631 10.5417 18.6713
    endloop
  endfacet
  facet normal -0.737325 -0.675538 6.67216e-06
    outer loop
      vertex 11.7262 11.455 19.1916
      vertex 12.5631 10.5417 34
      vertex 11.5966 11.5966 34
    endloop
  endfacet
  facet normal 0.991446 0.130515 3.65706e-06
    outer loop
      vertex -16.1508 -2.84783 0
      vertex -16.3376 -1.42935 18.9273
      vertex -16.2771 -1.88894 19.173
    endloop
  endfacet
  facet normal 0.991452 0.130474 5.74062e-06
    outer loop
      vertex -16.1508 -2.84783 0
      vertex -16.2771 -1.88894 19.173
      vertex -16.2093 -2.40416 19.5958
    endloop
  endfacet
  facet normal 0.991435 0.130603 2.76209e-06
    outer loop
      vertex -16.1508 -2.84783 0
      vertex -16.2093 -2.40416 19.5958
      vertex -16.1536 -2.827 20.1111
    endloop
  endfacet
  facet normal 0.991086 0.133223 -0
    outer loop
      vertex -16.1508 -2.84783 0
      vertex -16.1536 -2.827 20.1111
      vertex -16.1508 -2.84783 20.15
    endloop
  endfacet
  facet normal 0.99144 0.130563 0
    outer loop
      vertex -16.3376 -1.42935 18.9273
      vertex -16.1508 -2.84783 0
      vertex -16.3376 -1.42935 0
    endloop
  endfacet
  facet normal 0.99144 0.130563 0
    outer loop
      vertex -16.1508 -2.84783 34
      vertex -16.3376 -1.42935 25.0726
      vertex -16.3376 -1.42935 34
    endloop
  endfacet
  facet normal 0.991446 0.130517 -7.43297e-06
    outer loop
      vertex -16.3376 -1.42935 25.0726
      vertex -16.1508 -2.84783 34
      vertex -16.2771 -1.88894 24.827
    endloop
  endfacet
  facet normal 0.991451 0.130479 -1.15044e-05
    outer loop
      vertex -16.2771 -1.88894 24.827
      vertex -16.1508 -2.84783 34
      vertex -16.2093 -2.40416 24.4042
    endloop
  endfacet
  facet normal 0.991434 0.130607 -5.48698e-06
    outer loop
      vertex -16.2093 -2.40416 24.4042
      vertex -16.1508 -2.84783 34
      vertex -16.1536 -2.827 23.8889
    endloop
  endfacet
  facet normal 0.991086 0.133223 0
    outer loop
      vertex -16.1536 -2.827 23.8889
      vertex -16.1508 -2.84783 34
      vertex -16.1508 -2.84783 23.85
    endloop
  endfacet
  facet normal -0.30069 0.953722 0
    outer loop
      vertex 5.60913 -15.411 0
      vertex 4.24463 -15.8412 34
      vertex 5.60913 -15.411 34
    endloop
  endfacet
  facet normal -0.30069 0.953722 0
    outer loop
      vertex 4.24463 -15.8412 34
      vertex 5.60913 -15.411 0
      vertex 4.24463 -15.8412 0
    endloop
  endfacet
  facet normal 0.382736 0.923858 -0
    outer loop
      vertex -5.60913 -15.411 0
      vertex -6.93094 -14.8634 34
      vertex -5.60913 -15.411 34
    endloop
  endfacet
  facet normal 0.382736 0.923858 0
    outer loop
      vertex -6.93094 -14.8634 34
      vertex -5.60913 -15.411 0
      vertex -6.93094 -14.8634 0
    endloop
  endfacet
  facet normal -0.793338 -0.608781 0
    outer loop
      vertex 13.4341 9.40665 0
      vertex 12.5631 10.5417 15.3286
      vertex 12.5631 10.5417 0
    endloop
  endfacet
  facet normal -0.793003 -0.609218 5.14055e-05
    outer loop
      vertex 12.5631 10.5417 15.3286
      vertex 13.4341 9.40665 0
      vertex 12.6407 10.4407 15.4444
    endloop
  endfacet
  facet normal -0.793519 -0.608545 -2.02026e-05
    outer loop
      vertex 12.6407 10.4407 15.4444
      vertex 13.4341 9.40665 0
      vertex 12.7203 10.3369 15.5859
    endloop
  endfacet
  facet normal -0.793522 -0.608542 -2.05345e-05
    outer loop
      vertex 12.7203 10.3369 15.5859
      vertex 13.4341 9.40665 0
      vertex 12.792 10.2434 15.7381
    endloop
  endfacet
  facet normal -0.79337 -0.608739 -3.85934e-06
    outer loop
      vertex 12.792 10.2434 15.7381
      vertex 13.4341 9.40665 0
      vertex 12.8553 10.1609 15.9
    endloop
  endfacet
  facet normal -0.792883 -0.609374 4.40142e-05
    outer loop
      vertex 12.8553 10.1609 15.9
      vertex 13.4341 9.40665 0
      vertex 12.9098 10.09 16.0702
    endloop
  endfacet
  facet normal -0.793465 -0.608615 -7.25998e-06
    outer loop
      vertex 12.9098 10.09 16.0702
      vertex 13.4341 9.40665 0
      vertex 12.9549 10.0312 16.2476
    endloop
  endfacet
  facet normal -0.793554 -0.6085 -1.43152e-05
    outer loop
      vertex 12.9549 10.0312 16.2476
      vertex 13.4341 9.40665 0
      vertex 12.9903 9.98503 16.4306
    endloop
  endfacet
  facet normal -0.793411 -0.608686 -3.90559e-06
    outer loop
      vertex 12.9903 9.98503 16.4306
      vertex 13.4341 9.40665 0
      vertex 13.0158 9.95179 16.618
    endloop
  endfacet
  facet normal -0.794602 -0.60713 -7.9804e-05
    outer loop
      vertex 13.0312 9.93175 16.8083
      vertex 13.4341 9.40665 0
      vertex 13.0363 9.92505 17
    endloop
  endfacet
  facet normal -0.793022 -0.609194 2.25579e-05
    outer loop
      vertex 13.0158 9.95179 16.618
      vertex 13.4341 9.40665 0
      vertex 13.0312 9.93175 16.8083
    endloop
  endfacet
  facet normal -0.793003 -0.609218 -5.14087e-05
    outer loop
      vertex 13.4341 9.40665 34
      vertex 12.5631 10.5417 18.6713
      vertex 12.6407 10.4407 18.5556
    endloop
  endfacet
  facet normal -0.793519 -0.608545 2.02026e-05
    outer loop
      vertex 13.4341 9.40665 34
      vertex 12.6407 10.4407 18.5556
      vertex 12.7203 10.3369 18.4141
    endloop
  endfacet
  facet normal -0.793522 -0.608542 2.05345e-05
    outer loop
      vertex 13.4341 9.40665 34
      vertex 12.7203 10.3369 18.4141
      vertex 12.792 10.2434 18.2619
    endloop
  endfacet
  facet normal -0.79337 -0.608739 3.85934e-06
    outer loop
      vertex 13.4341 9.40665 34
      vertex 12.792 10.2434 18.2619
      vertex 12.8553 10.1609 18.1
    endloop
  endfacet
  facet normal -0.792883 -0.609374 -4.40142e-05
    outer loop
      vertex 13.4341 9.40665 34
      vertex 12.8553 10.1609 18.1
      vertex 12.9098 10.09 17.9298
    endloop
  endfacet
  facet normal -0.793465 -0.608615 7.25998e-06
    outer loop
      vertex 13.4341 9.40665 34
      vertex 12.9098 10.09 17.9298
      vertex 12.9549 10.0312 17.7524
    endloop
  endfacet
  facet normal -0.793554 -0.6085 1.43152e-05
    outer loop
      vertex 13.4341 9.40665 34
      vertex 12.9549 10.0312 17.7524
      vertex 12.9903 9.98503 17.5694
    endloop
  endfacet
  facet normal -0.793411 -0.608686 3.90559e-06
    outer loop
      vertex 13.4341 9.40665 34
      vertex 12.9903 9.98503 17.5694
      vertex 13.0158 9.95179 17.382
    endloop
  endfacet
  facet normal -0.793022 -0.609194 -2.25579e-05
    outer loop
      vertex 13.4341 9.40665 34
      vertex 13.0158 9.95179 17.382
      vertex 13.0312 9.93175 17.1917
    endloop
  endfacet
  facet normal -0.793338 -0.608781 0
    outer loop
      vertex 12.5631 10.5417 18.6713
      vertex 13.4341 9.40665 34
      vertex 12.5631 10.5417 34
    endloop
  endfacet
  facet normal -0.794602 -0.60713 7.9804e-05
    outer loop
      vertex 13.0363 9.92505 17
      vertex 13.4341 9.40665 34
      vertex 13.0312 9.93175 17.1917
    endloop
  endfacet
  facet normal -0.79334 -0.608778 -0
    outer loop
      vertex 13.4341 9.40665 34
      vertex 13.0363 9.92505 17
      vertex 13.4341 9.40665 0
    endloop
  endfacet
  facet normal 0.30069 0.953722 -0
    outer loop
      vertex -4.24463 -15.8412 0
      vertex -5.60913 -15.411 34
      vertex -4.24463 -15.8412 34
    endloop
  endfacet
  facet normal 0.30069 0.953722 0
    outer loop
      vertex -5.60913 -15.411 34
      vertex -4.24463 -15.8412 0
      vertex -5.60913 -15.411 0
    endloop
  endfacet
  facet normal 0.30069 -0.953722 0
    outer loop
      vertex -5.60913 15.411 0
      vertex -4.24463 15.8412 34
      vertex -5.60913 15.411 34
    endloop
  endfacet
  facet normal 0.30069 -0.953722 0
    outer loop
      vertex -4.24463 15.8412 34
      vertex -5.60913 15.411 0
      vertex -4.24463 15.8412 0
    endloop
  endfacet
  facet normal 0.843398 0.537289 0
    outer loop
      vertex -13.4341 -9.40665 34
      vertex -14.2028 -8.2 0
      vertex -14.2028 -8.2 34
    endloop
  endfacet
  facet normal 0.843398 0.537289 0
    outer loop
      vertex -14.2028 -8.2 0
      vertex -13.4341 -9.40665 34
      vertex -13.4341 -9.40665 0
    endloop
  endfacet
  facet normal 0.999048 -0.0436299 0
    outer loop
      vertex -16.3432 1.30112 18.8588
      vertex -16.3376 1.42935 0
      vertex -16.3376 1.42935 18.9273
    endloop
  endfacet
  facet normal 0.999051 -0.0435452 5.77256e-07
    outer loop
      vertex -16.371 0.663306 18.6653
      vertex -16.3376 1.42935 0
      vertex -16.3432 1.30112 18.8588
    endloop
  endfacet
  facet normal 0.999046 -0.0436782 -4.89087e-06
    outer loop
      vertex -16.4 0 18.6
      vertex -16.3376 1.42935 0
      vertex -16.371 0.663306 18.6653
    endloop
  endfacet
  facet normal 0.999048 -0.0436147 0
    outer loop
      vertex -16.3376 1.42935 0
      vertex -16.4 0 18.6
      vertex -16.4 0 0
    endloop
  endfacet
  facet normal 0.999048 -0.0436299 0
    outer loop
      vertex -16.3376 1.42935 34
      vertex -16.3432 1.30112 25.1412
      vertex -16.3376 1.42935 25.0726
    endloop
  endfacet
  facet normal 0.999051 -0.0435454 -1.22603e-06
    outer loop
      vertex -16.3376 1.42935 34
      vertex -16.371 0.663306 25.3347
      vertex -16.3432 1.30112 25.1412
    endloop
  endfacet
  facet normal 0.999048 -0.0436147 0
    outer loop
      vertex -16.4 0 25.4
      vertex -16.3376 1.42935 34
      vertex -16.4 0 34
    endloop
  endfacet
  facet normal 0.999046 -0.0436776 1.04864e-05
    outer loop
      vertex -16.3376 1.42935 34
      vertex -16.4 0 25.4
      vertex -16.371 0.663306 25.3347
    endloop
  endfacet
  facet normal 0.675538 0.737325 -0
    outer loop
      vertex -10.5417 -12.5631 0
      vertex -11.5966 -11.5966 34
      vertex -10.5417 -12.5631 34
    endloop
  endfacet
  facet normal 0.675538 0.737325 0
    outer loop
      vertex -11.5966 -11.5966 34
      vertex -10.5417 -12.5631 0
      vertex -11.5966 -11.5966 0
    endloop
  endfacet
  facet normal 0.0436147 0.999048 0
    outer loop
      vertex -1.42935 -16.3376 0
      vertex 0 -16.4 8.6
      vertex 0 -16.4 0
    endloop
  endfacet
  facet normal 0.0436776 0.999046 -1.04863e-05
    outer loop
      vertex 0 -16.4 8.6
      vertex -1.42935 -16.3376 0
      vertex -0.663306 -16.371 8.66533
    endloop
  endfacet
  facet normal 0.0435454 0.999051 1.22603e-06
    outer loop
      vertex -0.663306 -16.371 8.66533
      vertex -1.42935 -16.3376 0
      vertex -1.30112 -16.3432 8.85881
    endloop
  endfacet
  facet normal 0.0436299 0.999048 0
    outer loop
      vertex -1.30112 -16.3432 8.85881
      vertex -1.42935 -16.3376 0
      vertex -1.42935 -16.3376 8.92735
    endloop
  endfacet
  facet normal 0.0436147 0.999048 -0
    outer loop
      vertex 0 -16.4 15.4
      vertex -1.42935 -16.3376 34
      vertex 0 -16.4 34
    endloop
  endfacet
  facet normal 0.0436782 0.999046 4.89087e-06
    outer loop
      vertex -0.663306 -16.371 15.3347
      vertex -1.42935 -16.3376 34
      vertex 0 -16.4 15.4
    endloop
  endfacet
  facet normal 0.0435452 0.999051 -5.77256e-07
    outer loop
      vertex -1.30112 -16.3432 15.1412
      vertex -1.42935 -16.3376 34
      vertex -0.663306 -16.371 15.3347
    endloop
  endfacet
  facet normal 0.0436299 0.999048 0
    outer loop
      vertex -1.42935 -16.3376 34
      vertex -1.30112 -16.3432 15.1412
      vertex -1.42935 -16.3376 15.0726
    endloop
  endfacet
  facet normal -0.675538 0.737325 0
    outer loop
      vertex 11.5966 -11.5966 0
      vertex 10.5417 -12.5631 34
      vertex 11.5966 -11.5966 34
    endloop
  endfacet
  facet normal -0.675538 0.737325 0
    outer loop
      vertex 10.5417 -12.5631 34
      vertex 11.5966 -11.5966 0
      vertex 10.5417 -12.5631 0
    endloop
  endfacet
  facet normal 0.843398 -0.537289 0
    outer loop
      vertex -14.2028 8.2 34
      vertex -13.4341 9.40665 0
      vertex -13.4341 9.40665 34
    endloop
  endfacet
  facet normal 0.843398 -0.537289 0
    outer loop
      vertex -13.4341 9.40665 0
      vertex -14.2028 8.2 34
      vertex -14.2028 8.2 0
    endloop
  endfacet
  facet normal -0.30069 -0.953722 0
    outer loop
      vertex 4.24463 15.8412 0
      vertex 5.60913 15.411 34
      vertex 4.24463 15.8412 34
    endloop
  endfacet
  facet normal -0.30069 -0.953722 -0
    outer loop
      vertex 5.60913 15.411 34
      vertex 4.24463 15.8412 0
      vertex 5.60913 15.411 0
    endloop
  endfacet
  facet normal 0 -0.471313 -0.881966
    outer loop
      vertex -16.3376 1.42935 25.0726
      vertex -23.3175 1.88894 24.827
      vertex -16.2771 1.88894 24.827
    endloop
  endfacet
  facet normal -3.39751e-05 -0.471715 -0.881751
    outer loop
      vertex -16.3432 1.30112 25.1412
      vertex -23.3175 1.88894 24.827
      vertex -16.3376 1.42935 25.0726
    endloop
  endfacet
  facet normal 0 -0.471401 -0.881919
    outer loop
      vertex -23.3175 1.88894 24.827
      vertex -16.3432 1.30112 25.1412
      vertex -23.3432 1.30112 25.1412
    endloop
  endfacet
  facet normal 0 -0.471401 -0.881919
    outer loop
      vertex 16.3432 1.30112 25.1412
      vertex 23.3175 1.88894 24.827
      vertex 23.3432 1.30112 25.1412
    endloop
  endfacet
  facet normal 3.39751e-05 -0.471715 -0.881751
    outer loop
      vertex 16.3376 1.42935 25.0726
      vertex 23.3175 1.88894 24.827
      vertex 16.3432 1.30112 25.1412
    endloop
  endfacet
  facet normal -0 -0.471313 -0.881966
    outer loop
      vertex 23.3175 1.88894 24.827
      vertex 16.3376 1.42935 25.0726
      vertex 16.2771 1.88894 24.827
    endloop
  endfacet
  facet normal 0 0.995185 0.0980181
    outer loop
      vertex -16.0429 -3.33467 21.3367
      vertex -23.1318 -3.4 22
      vertex -16.0284 -3.4 22
    endloop
  endfacet
  facet normal 0 0.995185 0.0980181
    outer loop
      vertex -23.1318 -3.4 22
      vertex -16.0429 -3.33467 21.3367
      vertex -23.1404 -3.33467 21.3367
    endloop
  endfacet
  facet normal -0 0.995185 0.0980181
    outer loop
      vertex 16.0429 -3.33467 21.3367
      vertex 23.1318 -3.4 22
      vertex 23.1404 -3.33467 21.3367
    endloop
  endfacet
  facet normal 0 0.995185 0.0980181
    outer loop
      vertex 23.1318 -3.4 22
      vertex 16.0429 -3.33467 21.3367
      vertex 16.0284 -3.4 22
    endloop
  endfacet
  facet normal 0 0.956938 0.290292
    outer loop
      vertex -16.0858 -3.14119 20.6989
      vertex -23.1404 -3.33467 21.3367
      vertex -16.0429 -3.33467 21.3367
    endloop
  endfacet
  facet normal 0 0.956938 0.290292
    outer loop
      vertex -23.1404 -3.33467 21.3367
      vertex -16.0858 -3.14119 20.6989
      vertex -23.1659 -3.14119 20.6989
    endloop
  endfacet
  facet normal -0 0.956938 0.290292
    outer loop
      vertex 16.0858 -3.14119 20.6989
      vertex 23.1404 -3.33467 21.3367
      vertex 23.1659 -3.14119 20.6989
    endloop
  endfacet
  facet normal 0 0.956938 0.290292
    outer loop
      vertex 23.1404 -3.33467 21.3367
      vertex 16.0858 -3.14119 20.6989
      vertex 16.0429 -3.33467 21.3367
    endloop
  endfacet
  facet normal 0 0.634366 0.773033
    outer loop
      vertex -16.2771 -1.88894 19.173
      vertex -23.2629 -2.40416 19.5958
      vertex -16.2093 -2.40416 19.5958
    endloop
  endfacet
  facet normal -0 0.634366 0.773033
    outer loop
      vertex -23.3175 -1.88894 19.173
      vertex -23.2629 -2.40416 19.5958
      vertex -16.2771 -1.88894 19.173
    endloop
  endfacet
  facet normal -0.000274706 0.634349 0.773047
    outer loop
      vertex -23.2629 -2.40416 19.5958
      vertex -23.3175 -1.88894 19.173
      vertex -23.311 -2.03944 19.2965
    endloop
  endfacet
  facet normal 0.000274706 0.634349 0.773047
    outer loop
      vertex 23.3175 -1.88894 19.173
      vertex 23.2629 -2.40416 19.5958
      vertex 23.311 -2.03944 19.2965
    endloop
  endfacet
  facet normal -0 0.634366 0.773033
    outer loop
      vertex 16.2771 -1.88894 19.173
      vertex 23.2629 -2.40416 19.5958
      vertex 23.3175 -1.88894 19.173
    endloop
  endfacet
  facet normal 0 0.634366 0.773033
    outer loop
      vertex 23.2629 -2.40416 19.5958
      vertex 16.2771 -1.88894 19.173
      vertex 16.2093 -2.40416 19.5958
    endloop
  endfacet
  facet normal 0 -0.773051 0.634343
    outer loop
      vertex -16.2093 2.40416 19.5958
      vertex -23.2073 2.827 20.1111
      vertex -23.2629 2.40416 19.5958
    endloop
  endfacet
  facet normal 0 -0.773051 0.634343
    outer loop
      vertex -23.2073 2.827 20.1111
      vertex -16.2093 2.40416 19.5958
      vertex -16.1536 2.827 20.1111
    endloop
  endfacet
  facet normal 0 -0.773051 0.634343
    outer loop
      vertex 16.2093 2.40416 19.5958
      vertex 23.2073 2.827 20.1111
      vertex 16.1536 2.827 20.1111
    endloop
  endfacet
  facet normal 0 -0.773051 0.634343
    outer loop
      vertex 23.2073 2.827 20.1111
      vertex 16.2093 2.40416 19.5958
      vertex 23.2629 2.40416 19.5958
    endloop
  endfacet
  facet normal 0 -0.0979727 0.995189
    outer loop
      vertex -23.371 0.663306 18.6653
      vertex -16.4 0 18.6
      vertex -16.371 0.663306 18.6653
    endloop
  endfacet
  facet normal 0 -0.0979727 0.995189
    outer loop
      vertex -16.4 0 18.6
      vertex -23.371 0.663306 18.6653
      vertex -23.4 0 18.6
    endloop
  endfacet
  facet normal 0 -0.0979727 0.995189
    outer loop
      vertex 23.371 0.663306 18.6653
      vertex 16.4 0 18.6
      vertex 23.4 0 18.6
    endloop
  endfacet
  facet normal 0 -0.0979727 0.995189
    outer loop
      vertex 16.4 0 18.6
      vertex 23.371 0.663306 18.6653
      vertex 16.371 0.663306 18.6653
    endloop
  endfacet
  facet normal 0 0.471313 -0.881966
    outer loop
      vertex -23.3175 -1.88894 24.827
      vertex -16.3376 -1.42935 25.0726
      vertex -16.2771 -1.88894 24.827
    endloop
  endfacet
  facet normal -3.39751e-05 0.471715 -0.881751
    outer loop
      vertex -23.3175 -1.88894 24.827
      vertex -16.3432 -1.30112 25.1412
      vertex -16.3376 -1.42935 25.0726
    endloop
  endfacet
  facet normal 0 0.471401 -0.881919
    outer loop
      vertex -16.3432 -1.30112 25.1412
      vertex -23.3175 -1.88894 24.827
      vertex -23.3432 -1.30112 25.1412
    endloop
  endfacet
  facet normal 0 0.471401 -0.881919
    outer loop
      vertex 23.3175 -1.88894 24.827
      vertex 16.3432 -1.30112 25.1412
      vertex 23.3432 -1.30112 25.1412
    endloop
  endfacet
  facet normal 3.39751e-05 0.471715 -0.881751
    outer loop
      vertex 23.3175 -1.88894 24.827
      vertex 16.3376 -1.42935 25.0726
      vertex 16.3432 -1.30112 25.1412
    endloop
  endfacet
  facet normal 0 0.471313 -0.881966
    outer loop
      vertex 16.3376 -1.42935 25.0726
      vertex 23.3175 -1.88894 24.827
      vertex 16.2771 -1.88894 24.827
    endloop
  endfacet
  facet normal 0 -0.995185 0.0980181
    outer loop
      vertex -16.0429 3.33467 21.3367
      vertex -23.1318 3.4 22
      vertex -23.1404 3.33467 21.3367
    endloop
  endfacet
  facet normal 0 -0.995185 0.0980181
    outer loop
      vertex -23.1318 3.4 22
      vertex -16.0429 3.33467 21.3367
      vertex -16.0284 3.4 22
    endloop
  endfacet
  facet normal 0 -0.995185 0.0980181
    outer loop
      vertex 16.0429 3.33467 21.3367
      vertex 23.1318 3.4 22
      vertex 16.0284 3.4 22
    endloop
  endfacet
  facet normal 0 -0.995185 0.0980181
    outer loop
      vertex 23.1318 3.4 22
      vertex 16.0429 3.33467 21.3367
      vertex 23.1404 3.33467 21.3367
    endloop
  endfacet
  facet normal 0 -0.634366 0.773033
    outer loop
      vertex -23.2629 2.40416 19.5958
      vertex -16.2771 1.88894 19.173
      vertex -16.2093 2.40416 19.5958
    endloop
  endfacet
  facet normal -0.000274706 -0.634349 0.773047
    outer loop
      vertex -23.3175 1.88894 19.173
      vertex -23.2629 2.40416 19.5958
      vertex -23.311 2.03944 19.2965
    endloop
  endfacet
  facet normal 0 -0.634366 0.773033
    outer loop
      vertex -23.2629 2.40416 19.5958
      vertex -23.3175 1.88894 19.173
      vertex -16.2771 1.88894 19.173
    endloop
  endfacet
  facet normal 0.000274706 -0.634349 0.773047
    outer loop
      vertex 23.2629 2.40416 19.5958
      vertex 23.3175 1.88894 19.173
      vertex 23.311 2.03944 19.2965
    endloop
  endfacet
  facet normal 0 -0.634366 0.773033
    outer loop
      vertex 23.2629 2.40416 19.5958
      vertex 16.2771 1.88894 19.173
      vertex 23.3175 1.88894 19.173
    endloop
  endfacet
  facet normal 0 -0.634366 0.773033
    outer loop
      vertex 16.2771 1.88894 19.173
      vertex 23.2629 2.40416 19.5958
      vertex 16.2093 2.40416 19.5958
    endloop
  endfacet
  facet normal 0 -0.956938 -0.290292
    outer loop
      vertex -23.1404 3.33467 22.6633
      vertex -16.0858 3.14119 23.3011
      vertex -23.1659 3.14119 23.3011
    endloop
  endfacet
  facet normal 0 -0.956938 -0.290292
    outer loop
      vertex -16.0858 3.14119 23.3011
      vertex -23.1404 3.33467 22.6633
      vertex -16.0429 3.33467 22.6633
    endloop
  endfacet
  facet normal -0 -0.956938 -0.290292
    outer loop
      vertex 23.1404 3.33467 22.6633
      vertex 16.0858 3.14119 23.3011
      vertex 16.0429 3.33467 22.6633
    endloop
  endfacet
  facet normal 0 -0.956938 -0.290292
    outer loop
      vertex 16.0858 3.14119 23.3011
      vertex 23.1404 3.33467 22.6633
      vertex 23.1659 3.14119 23.3011
    endloop
  endfacet
  facet normal 0 0.773051 -0.634343
    outer loop
      vertex -23.2073 -2.827 23.8889
      vertex -16.2093 -2.40416 24.4042
      vertex -16.1536 -2.827 23.8889
    endloop
  endfacet
  facet normal 0 0.773051 -0.634343
    outer loop
      vertex -16.2093 -2.40416 24.4042
      vertex -23.2073 -2.827 23.8889
      vertex -23.2629 -2.40416 24.4042
    endloop
  endfacet
  facet normal 0 0.773051 -0.634343
    outer loop
      vertex 23.2073 -2.827 23.8889
      vertex 16.2093 -2.40416 24.4042
      vertex 23.2629 -2.40416 24.4042
    endloop
  endfacet
  facet normal 0 0.773051 -0.634343
    outer loop
      vertex 16.2093 -2.40416 24.4042
      vertex 23.2073 -2.827 23.8889
      vertex 16.1536 -2.827 23.8889
    endloop
  endfacet
  facet normal 0 -0.290314 0.956931
    outer loop
      vertex -23.3432 1.30112 18.8588
      vertex -16.371 0.663306 18.6653
      vertex -16.3432 1.30112 18.8588
    endloop
  endfacet
  facet normal 0 -0.290314 0.956931
    outer loop
      vertex -16.371 0.663306 18.6653
      vertex -23.3432 1.30112 18.8588
      vertex -23.371 0.663306 18.6653
    endloop
  endfacet
  facet normal 0 -0.290314 0.956931
    outer loop
      vertex 23.3432 1.30112 18.8588
      vertex 16.371 0.663306 18.6653
      vertex 23.371 0.663306 18.6653
    endloop
  endfacet
  facet normal 0 -0.290314 0.956931
    outer loop
      vertex 16.371 0.663306 18.6653
      vertex 23.3432 1.30112 18.8588
      vertex 16.3432 1.30112 18.8588
    endloop
  endfacet
  facet normal 0 -0.097829 -0.995203
    outer loop
      vertex -21.101 0.497488 25.351
      vertex -23.371 0.663306 25.3347
      vertex -20.9902 0.663306 25.3347
    endloop
  endfacet
  facet normal -1.39218e-05 -0.0980178 -0.995185
    outer loop
      vertex -21.2 0 25.4
      vertex -23.371 0.663306 25.3347
      vertex -21.101 0.497488 25.351
    endloop
  endfacet
  facet normal 0 -0.0979727 -0.995189
    outer loop
      vertex -23.371 0.663306 25.3347
      vertex -21.2 0 25.4
      vertex -23.4 0 25.4
    endloop
  endfacet
  facet normal 0 -0.0979727 -0.995189
    outer loop
      vertex -18.6 0 25.4
      vertex -16.371 0.663306 25.3347
      vertex -16.4 0 25.4
    endloop
  endfacet
  facet normal 1.35798e-05 -0.0980178 -0.995185
    outer loop
      vertex -18.699 0.497488 25.351
      vertex -16.371 0.663306 25.3347
      vertex -18.6 0 25.4
    endloop
  endfacet
  facet normal -0 -0.097829 -0.995203
    outer loop
      vertex -16.371 0.663306 25.3347
      vertex -18.699 0.497488 25.351
      vertex -18.8098 0.663306 25.3347
    endloop
  endfacet
  facet normal 0 -0.0979727 -0.995189
    outer loop
      vertex 16.371 0.663306 25.3347
      vertex 18.6 0 25.4
      vertex 16.4 0 25.4
    endloop
  endfacet
  facet normal -1.35798e-05 -0.0980178 -0.995185
    outer loop
      vertex 18.6 0 25.4
      vertex 16.371 0.663306 25.3347
      vertex 18.699 0.497488 25.351
    endloop
  endfacet
  facet normal 0 -0.097829 -0.995203
    outer loop
      vertex 18.699 0.497488 25.351
      vertex 16.371 0.663306 25.3347
      vertex 18.8098 0.663306 25.3347
    endloop
  endfacet
  facet normal 0 -0.0979727 -0.995189
    outer loop
      vertex 21.2 0 25.4
      vertex 23.371 0.663306 25.3347
      vertex 23.4 0 25.4
    endloop
  endfacet
  facet normal 1.39218e-05 -0.0980178 -0.995185
    outer loop
      vertex 21.101 0.497488 25.351
      vertex 23.371 0.663306 25.3347
      vertex 21.2 0 25.4
    endloop
  endfacet
  facet normal -0 -0.097829 -0.995203
    outer loop
      vertex 23.371 0.663306 25.3347
      vertex 21.101 0.497488 25.351
      vertex 20.9902 0.663306 25.3347
    endloop
  endfacet
  facet normal 0 0.471462 0.881886
    outer loop
      vertex -16.3376 -1.42935 18.9273
      vertex -23.3175 -1.88894 19.173
      vertex -16.2771 -1.88894 19.173
    endloop
  endfacet
  facet normal 2.37763e-05 0.471182 0.882036
    outer loop
      vertex -16.3432 -1.30112 18.8588
      vertex -23.3175 -1.88894 19.173
      vertex -16.3376 -1.42935 18.9273
    endloop
  endfacet
  facet normal 0 0.471401 0.881919
    outer loop
      vertex -23.3175 -1.88894 19.173
      vertex -16.3432 -1.30112 18.8588
      vertex -23.3432 -1.30112 18.8588
    endloop
  endfacet
  facet normal -0 0.471401 0.881919
    outer loop
      vertex 16.3432 -1.30112 18.8588
      vertex 23.3175 -1.88894 19.173
      vertex 23.3432 -1.30112 18.8588
    endloop
  endfacet
  facet normal -2.37763e-05 0.471182 0.882036
    outer loop
      vertex 16.3376 -1.42935 18.9273
      vertex 23.3175 -1.88894 19.173
      vertex 16.3432 -1.30112 18.8588
    endloop
  endfacet
  facet normal 0 0.471462 0.881886
    outer loop
      vertex 23.3175 -1.88894 19.173
      vertex 16.3376 -1.42935 18.9273
      vertex 16.2771 -1.88894 19.173
    endloop
  endfacet
  facet normal 0 0.290314 -0.956931
    outer loop
      vertex -16.3432 -1.30112 25.1412
      vertex -18.8098 -0.663306 25.3347
      vertex -16.371 -0.663306 25.3347
    endloop
  endfacet
  facet normal 4.56319e-05 0.290475 -0.956882
    outer loop
      vertex -16.3432 -1.30112 25.1412
      vertex -18.9808 -0.919238 25.257
      vertex -18.8098 -0.663306 25.3347
    endloop
  endfacet
  facet normal 1.93005e-05 0.290309 -0.956933
    outer loop
      vertex -16.3432 -1.30112 25.1412
      vertex -19.4025 -1.20104 25.1715
      vertex -18.9808 -0.919238 25.257
    endloop
  endfacet
  facet normal 1.06196e-05 0.290066 -0.957007
    outer loop
      vertex -16.3432 -1.30112 25.1412
      vertex -19.9 -1.3 25.1415
      vertex -19.4025 -1.20104 25.1715
    endloop
  endfacet
  facet normal 0 0.258736 -0.965948
    outer loop
      vertex -23.3432 -1.30112 25.1412
      vertex -19.9 -1.3 25.1415
      vertex -16.3432 -1.30112 25.1412
    endloop
  endfacet
  facet normal -1.09694e-05 0.290064 -0.957007
    outer loop
      vertex -23.3432 -1.30112 25.1412
      vertex -20.3975 -1.20104 25.1715
      vertex -19.9 -1.3 25.1415
    endloop
  endfacet
  facet normal -2.00089e-05 0.290308 -0.956933
    outer loop
      vertex -23.3432 -1.30112 25.1412
      vertex -20.8192 -0.919238 25.257
      vertex -20.3975 -1.20104 25.1715
    endloop
  endfacet
  facet normal -4.74972e-05 0.290474 -0.956883
    outer loop
      vertex -23.3432 -1.30112 25.1412
      vertex -20.9902 -0.663306 25.3347
      vertex -20.8192 -0.919238 25.257
    endloop
  endfacet
  facet normal 0 0.290314 -0.956931
    outer loop
      vertex -20.9902 -0.663306 25.3347
      vertex -23.3432 -1.30112 25.1412
      vertex -23.371 -0.663306 25.3347
    endloop
  endfacet
  facet normal 0 0.290314 -0.956931
    outer loop
      vertex 23.3432 -1.30112 25.1412
      vertex 20.9902 -0.663306 25.3347
      vertex 23.371 -0.663306 25.3347
    endloop
  endfacet
  facet normal 4.74972e-05 0.290474 -0.956883
    outer loop
      vertex 23.3432 -1.30112 25.1412
      vertex 20.8192 -0.919238 25.257
      vertex 20.9902 -0.663306 25.3347
    endloop
  endfacet
  facet normal 2.00089e-05 0.290308 -0.956933
    outer loop
      vertex 23.3432 -1.30112 25.1412
      vertex 20.3975 -1.20104 25.1715
      vertex 20.8192 -0.919238 25.257
    endloop
  endfacet
  facet normal 1.09694e-05 0.290064 -0.957007
    outer loop
      vertex 23.3432 -1.30112 25.1412
      vertex 19.9 -1.3 25.1415
      vertex 20.3975 -1.20104 25.1715
    endloop
  endfacet
  facet normal -4.56319e-05 0.290475 -0.956882
    outer loop
      vertex 16.3432 -1.30112 25.1412
      vertex 18.8098 -0.663306 25.3347
      vertex 18.9808 -0.919238 25.257
    endloop
  endfacet
  facet normal -1.93005e-05 0.290309 -0.956933
    outer loop
      vertex 16.3432 -1.30112 25.1412
      vertex 18.9808 -0.919238 25.257
      vertex 19.4025 -1.20104 25.1715
    endloop
  endfacet
  facet normal -1.06196e-05 0.290066 -0.957007
    outer loop
      vertex 16.3432 -1.30112 25.1412
      vertex 19.4025 -1.20104 25.1715
      vertex 19.9 -1.3 25.1415
    endloop
  endfacet
  facet normal 0 0.290314 -0.956931
    outer loop
      vertex 18.8098 -0.663306 25.3347
      vertex 16.3432 -1.30112 25.1412
      vertex 16.371 -0.663306 25.3347
    endloop
  endfacet
  facet normal 0 0.258736 -0.965948
    outer loop
      vertex 16.3432 -1.30112 25.1412
      vertex 19.9 -1.3 25.1415
      vertex 23.3432 -1.30112 25.1412
    endloop
  endfacet
  facet normal 7.02977e-05 0.88157 -0.472054
    outer loop
      vertex -23.1659 -3.14119 23.3011
      vertex -16.1536 -2.827 23.8889
      vertex -16.1508 -2.84783 23.85
    endloop
  endfacet
  facet normal 0 0.881943 -0.471355
    outer loop
      vertex -23.1659 -3.14119 23.3011
      vertex -16.1508 -2.84783 23.85
      vertex -16.0858 -3.14119 23.3011
    endloop
  endfacet
  facet normal 0 0.881919 -0.471402
    outer loop
      vertex -16.1536 -2.827 23.8889
      vertex -23.1659 -3.14119 23.3011
      vertex -23.2073 -2.827 23.8889
    endloop
  endfacet
  facet normal 0 0.881919 -0.471402
    outer loop
      vertex 23.1659 -3.14119 23.3011
      vertex 16.1536 -2.827 23.8889
      vertex 23.2073 -2.827 23.8889
    endloop
  endfacet
  facet normal -7.02977e-05 0.88157 -0.472054
    outer loop
      vertex 16.1536 -2.827 23.8889
      vertex 23.1659 -3.14119 23.3011
      vertex 16.1508 -2.84783 23.85
    endloop
  endfacet
  facet normal 0 0.881943 -0.471355
    outer loop
      vertex 16.1508 -2.84783 23.85
      vertex 23.1659 -3.14119 23.3011
      vertex 16.0858 -3.14119 23.3011
    endloop
  endfacet
  facet normal 0 0.881943 0.471355
    outer loop
      vertex -16.1508 -2.84783 20.15
      vertex -23.1659 -3.14119 20.6989
      vertex -16.0858 -3.14119 20.6989
    endloop
  endfacet
  facet normal 7.02977e-05 0.88157 0.472054
    outer loop
      vertex -16.1536 -2.827 20.1111
      vertex -23.1659 -3.14119 20.6989
      vertex -16.1508 -2.84783 20.15
    endloop
  endfacet
  facet normal 0 0.881919 0.471402
    outer loop
      vertex -23.1659 -3.14119 20.6989
      vertex -16.1536 -2.827 20.1111
      vertex -23.2073 -2.827 20.1111
    endloop
  endfacet
  facet normal 0 0.881943 0.471355
    outer loop
      vertex 23.1659 -3.14119 20.6989
      vertex 16.1508 -2.84783 20.15
      vertex 16.0858 -3.14119 20.6989
    endloop
  endfacet
  facet normal -0 0.881919 0.471402
    outer loop
      vertex 16.1536 -2.827 20.1111
      vertex 23.1659 -3.14119 20.6989
      vertex 23.2073 -2.827 20.1111
    endloop
  endfacet
  facet normal -7.02977e-05 0.88157 0.472054
    outer loop
      vertex 23.1659 -3.14119 20.6989
      vertex 16.1536 -2.827 20.1111
      vertex 16.1508 -2.84783 20.15
    endloop
  endfacet
  facet normal 0 -0.881943 0.471355
    outer loop
      vertex -23.1659 3.14119 20.6989
      vertex -16.1508 2.84783 20.15
      vertex -16.0858 3.14119 20.6989
    endloop
  endfacet
  facet normal 0 -0.881919 0.471402
    outer loop
      vertex -16.1536 2.827 20.1111
      vertex -23.1659 3.14119 20.6989
      vertex -23.2073 2.827 20.1111
    endloop
  endfacet
  facet normal 7.02977e-05 -0.88157 0.472054
    outer loop
      vertex -23.1659 3.14119 20.6989
      vertex -16.1536 2.827 20.1111
      vertex -16.1508 2.84783 20.15
    endloop
  endfacet
  facet normal 0 -0.881943 0.471355
    outer loop
      vertex 16.1508 2.84783 20.15
      vertex 23.1659 3.14119 20.6989
      vertex 16.0858 3.14119 20.6989
    endloop
  endfacet
  facet normal -7.02977e-05 -0.88157 0.472054
    outer loop
      vertex 16.1536 2.827 20.1111
      vertex 23.1659 3.14119 20.6989
      vertex 16.1508 2.84783 20.15
    endloop
  endfacet
  facet normal 0 -0.881919 0.471402
    outer loop
      vertex 23.1659 3.14119 20.6989
      vertex 16.1536 2.827 20.1111
      vertex 23.2073 2.827 20.1111
    endloop
  endfacet
  facet normal 0 -0.773051 -0.634343
    outer loop
      vertex -23.2073 2.827 23.8889
      vertex -16.2093 2.40416 24.4042
      vertex -23.2629 2.40416 24.4042
    endloop
  endfacet
  facet normal 0 -0.773051 -0.634343
    outer loop
      vertex -16.2093 2.40416 24.4042
      vertex -23.2073 2.827 23.8889
      vertex -16.1536 2.827 23.8889
    endloop
  endfacet
  facet normal -0 -0.773051 -0.634343
    outer loop
      vertex 23.2073 2.827 23.8889
      vertex 16.2093 2.40416 24.4042
      vertex 16.1536 2.827 23.8889
    endloop
  endfacet
  facet normal 0 -0.773051 -0.634343
    outer loop
      vertex 16.2093 2.40416 24.4042
      vertex 23.2073 2.827 23.8889
      vertex 23.2629 2.40416 24.4042
    endloop
  endfacet
  facet normal 0 -0.881919 -0.471402
    outer loop
      vertex -23.1659 3.14119 23.3011
      vertex -16.1536 2.827 23.8889
      vertex -23.2073 2.827 23.8889
    endloop
  endfacet
  facet normal 7.02977e-05 -0.88157 -0.472054
    outer loop
      vertex -16.1536 2.827 23.8889
      vertex -23.1659 3.14119 23.3011
      vertex -16.1508 2.84783 23.85
    endloop
  endfacet
  facet normal 0 -0.881943 -0.471355
    outer loop
      vertex -16.1508 2.84783 23.85
      vertex -23.1659 3.14119 23.3011
      vertex -16.0858 3.14119 23.3011
    endloop
  endfacet
  facet normal -7.02977e-05 -0.88157 -0.472054
    outer loop
      vertex 23.1659 3.14119 23.3011
      vertex 16.1536 2.827 23.8889
      vertex 16.1508 2.84783 23.85
    endloop
  endfacet
  facet normal -0 -0.881943 -0.471355
    outer loop
      vertex 23.1659 3.14119 23.3011
      vertex 16.1508 2.84783 23.85
      vertex 16.0858 3.14119 23.3011
    endloop
  endfacet
  facet normal 0 -0.881919 -0.471402
    outer loop
      vertex 16.1536 2.827 23.8889
      vertex 23.1659 3.14119 23.3011
      vertex 23.2073 2.827 23.8889
    endloop
  endfacet
  facet normal 0 -0.290314 -0.956931
    outer loop
      vertex -18.8098 0.663306 25.3347
      vertex -16.3432 1.30112 25.1412
      vertex -16.371 0.663306 25.3347
    endloop
  endfacet
  facet normal 4.56319e-05 -0.290475 -0.956882
    outer loop
      vertex -18.9808 0.919238 25.257
      vertex -16.3432 1.30112 25.1412
      vertex -18.8098 0.663306 25.3347
    endloop
  endfacet
  facet normal 1.93005e-05 -0.290309 -0.956933
    outer loop
      vertex -19.4025 1.20104 25.1715
      vertex -16.3432 1.30112 25.1412
      vertex -18.9808 0.919238 25.257
    endloop
  endfacet
  facet normal 1.06196e-05 -0.290066 -0.957007
    outer loop
      vertex -19.9 1.3 25.1415
      vertex -16.3432 1.30112 25.1412
      vertex -19.4025 1.20104 25.1715
    endloop
  endfacet
  facet normal 0 -0.258736 -0.965948
    outer loop
      vertex -19.9 1.3 25.1415
      vertex -23.3432 1.30112 25.1412
      vertex -16.3432 1.30112 25.1412
    endloop
  endfacet
  facet normal -1.09694e-05 -0.290064 -0.957007
    outer loop
      vertex -20.3975 1.20104 25.1715
      vertex -23.3432 1.30112 25.1412
      vertex -19.9 1.3 25.1415
    endloop
  endfacet
  facet normal -2.00089e-05 -0.290308 -0.956933
    outer loop
      vertex -20.8192 0.919238 25.257
      vertex -23.3432 1.30112 25.1412
      vertex -20.3975 1.20104 25.1715
    endloop
  endfacet
  facet normal -4.74972e-05 -0.290474 -0.956883
    outer loop
      vertex -20.9902 0.663306 25.3347
      vertex -23.3432 1.30112 25.1412
      vertex -20.8192 0.919238 25.257
    endloop
  endfacet
  facet normal 0 -0.290314 -0.956931
    outer loop
      vertex -23.3432 1.30112 25.1412
      vertex -20.9902 0.663306 25.3347
      vertex -23.371 0.663306 25.3347
    endloop
  endfacet
  facet normal 0 -0.290314 -0.956931
    outer loop
      vertex 20.9902 0.663306 25.3347
      vertex 23.3432 1.30112 25.1412
      vertex 23.371 0.663306 25.3347
    endloop
  endfacet
  facet normal 4.74972e-05 -0.290474 -0.956883
    outer loop
      vertex 20.8192 0.919238 25.257
      vertex 23.3432 1.30112 25.1412
      vertex 20.9902 0.663306 25.3347
    endloop
  endfacet
  facet normal 2.00089e-05 -0.290308 -0.956933
    outer loop
      vertex 20.3975 1.20104 25.1715
      vertex 23.3432 1.30112 25.1412
      vertex 20.8192 0.919238 25.257
    endloop
  endfacet
  facet normal 1.09694e-05 -0.290064 -0.957007
    outer loop
      vertex 19.9 1.3 25.1415
      vertex 23.3432 1.30112 25.1412
      vertex 20.3975 1.20104 25.1715
    endloop
  endfacet
  facet normal 0 -0.290314 -0.956931
    outer loop
      vertex 16.3432 1.30112 25.1412
      vertex 18.8098 0.663306 25.3347
      vertex 16.371 0.663306 25.3347
    endloop
  endfacet
  facet normal -4.56319e-05 -0.290475 -0.956882
    outer loop
      vertex 18.8098 0.663306 25.3347
      vertex 16.3432 1.30112 25.1412
      vertex 18.9808 0.919238 25.257
    endloop
  endfacet
  facet normal -1.93005e-05 -0.290309 -0.956933
    outer loop
      vertex 18.9808 0.919238 25.257
      vertex 16.3432 1.30112 25.1412
      vertex 19.4025 1.20104 25.1715
    endloop
  endfacet
  facet normal 0 -0.258736 -0.965948
    outer loop
      vertex 19.9 1.3 25.1415
      vertex 16.3432 1.30112 25.1412
      vertex 23.3432 1.30112 25.1412
    endloop
  endfacet
  facet normal -1.06196e-05 -0.290066 -0.957007
    outer loop
      vertex 19.4025 1.20104 25.1715
      vertex 16.3432 1.30112 25.1412
      vertex 19.9 1.3 25.1415
    endloop
  endfacet
  facet normal 0 0.290314 0.956931
    outer loop
      vertex -16.371 -0.663306 18.6653
      vertex -23.3432 -1.30112 18.8588
      vertex -16.3432 -1.30112 18.8588
    endloop
  endfacet
  facet normal 0 0.290314 0.956931
    outer loop
      vertex -23.3432 -1.30112 18.8588
      vertex -16.371 -0.663306 18.6653
      vertex -23.371 -0.663306 18.6653
    endloop
  endfacet
  facet normal -0 0.290314 0.956931
    outer loop
      vertex 16.371 -0.663306 18.6653
      vertex 23.3432 -1.30112 18.8588
      vertex 23.371 -0.663306 18.6653
    endloop
  endfacet
  facet normal 0 0.290314 0.956931
    outer loop
      vertex 23.3432 -1.30112 18.8588
      vertex 16.371 -0.663306 18.6653
      vertex 16.3432 -1.30112 18.8588
    endloop
  endfacet
  facet normal 0 -0.471462 0.881886
    outer loop
      vertex -23.3175 1.88894 19.173
      vertex -16.3376 1.42935 18.9273
      vertex -16.2771 1.88894 19.173
    endloop
  endfacet
  facet normal 2.37763e-05 -0.471182 0.882036
    outer loop
      vertex -23.3175 1.88894 19.173
      vertex -16.3432 1.30112 18.8588
      vertex -16.3376 1.42935 18.9273
    endloop
  endfacet
  facet normal 0 -0.471401 0.881919
    outer loop
      vertex -16.3432 1.30112 18.8588
      vertex -23.3175 1.88894 19.173
      vertex -23.3432 1.30112 18.8588
    endloop
  endfacet
  facet normal 0 -0.471401 0.881919
    outer loop
      vertex 23.3175 1.88894 19.173
      vertex 16.3432 1.30112 18.8588
      vertex 23.3432 1.30112 18.8588
    endloop
  endfacet
  facet normal -2.37763e-05 -0.471182 0.882036
    outer loop
      vertex 23.3175 1.88894 19.173
      vertex 16.3376 1.42935 18.9273
      vertex 16.3432 1.30112 18.8588
    endloop
  endfacet
  facet normal 0 -0.471462 0.881886
    outer loop
      vertex 16.3376 1.42935 18.9273
      vertex 23.3175 1.88894 19.173
      vertex 16.2771 1.88894 19.173
    endloop
  endfacet
  facet normal 0 -0.995185 -0.0980181
    outer loop
      vertex -23.1318 3.4 22
      vertex -16.0429 3.33467 22.6633
      vertex -23.1404 3.33467 22.6633
    endloop
  endfacet
  facet normal 0 -0.995185 -0.0980181
    outer loop
      vertex -16.0429 3.33467 22.6633
      vertex -23.1318 3.4 22
      vertex -16.0284 3.4 22
    endloop
  endfacet
  facet normal -0 -0.995185 -0.0980181
    outer loop
      vertex 23.1318 3.4 22
      vertex 16.0429 3.33467 22.6633
      vertex 16.0284 3.4 22
    endloop
  endfacet
  facet normal 0 -0.995185 -0.0980181
    outer loop
      vertex 16.0429 3.33467 22.6633
      vertex 23.1318 3.4 22
      vertex 23.1404 3.33467 22.6633
    endloop
  endfacet
  facet normal 0 -0.634366 -0.773033
    outer loop
      vertex -16.2771 1.88894 24.827
      vertex -23.2629 2.40416 24.4042
      vertex -16.2093 2.40416 24.4042
    endloop
  endfacet
  facet normal 0 -0.634366 -0.773033
    outer loop
      vertex -23.3175 1.88894 24.827
      vertex -23.2629 2.40416 24.4042
      vertex -16.2771 1.88894 24.827
    endloop
  endfacet
  facet normal -0.000274706 -0.634349 -0.773047
    outer loop
      vertex -23.2629 2.40416 24.4042
      vertex -23.3175 1.88894 24.827
      vertex -23.311 2.03944 24.7035
    endloop
  endfacet
  facet normal 0.000274706 -0.634349 -0.773047
    outer loop
      vertex 23.3175 1.88894 24.827
      vertex 23.2629 2.40416 24.4042
      vertex 23.311 2.03944 24.7035
    endloop
  endfacet
  facet normal 0 -0.634366 -0.773033
    outer loop
      vertex 16.2771 1.88894 24.827
      vertex 23.2629 2.40416 24.4042
      vertex 23.3175 1.88894 24.827
    endloop
  endfacet
  facet normal -0 -0.634366 -0.773033
    outer loop
      vertex 23.2629 2.40416 24.4042
      vertex 16.2771 1.88894 24.827
      vertex 16.2093 2.40416 24.4042
    endloop
  endfacet
  facet normal 0 0.0979727 0.995189
    outer loop
      vertex -16.4 0 18.6
      vertex -23.371 -0.663306 18.6653
      vertex -16.371 -0.663306 18.6653
    endloop
  endfacet
  facet normal 0 0.0979727 0.995189
    outer loop
      vertex -23.371 -0.663306 18.6653
      vertex -16.4 0 18.6
      vertex -23.4 0 18.6
    endloop
  endfacet
  facet normal -0 0.0979727 0.995189
    outer loop
      vertex 16.4 0 18.6
      vertex 23.371 -0.663306 18.6653
      vertex 23.4 0 18.6
    endloop
  endfacet
  facet normal 0 0.0979727 0.995189
    outer loop
      vertex 23.371 -0.663306 18.6653
      vertex 16.4 0 18.6
      vertex 16.371 -0.663306 18.6653
    endloop
  endfacet
  facet normal 0 0.634366 -0.773033
    outer loop
      vertex -23.2629 -2.40416 24.4042
      vertex -16.2771 -1.88894 24.827
      vertex -16.2093 -2.40416 24.4042
    endloop
  endfacet
  facet normal -0.000274706 0.634349 -0.773047
    outer loop
      vertex -23.3175 -1.88894 24.827
      vertex -23.2629 -2.40416 24.4042
      vertex -23.311 -2.03944 24.7035
    endloop
  endfacet
  facet normal 0 0.634366 -0.773033
    outer loop
      vertex -23.2629 -2.40416 24.4042
      vertex -23.3175 -1.88894 24.827
      vertex -16.2771 -1.88894 24.827
    endloop
  endfacet
  facet normal 0.000274706 0.634349 -0.773047
    outer loop
      vertex 23.2629 -2.40416 24.4042
      vertex 23.3175 -1.88894 24.827
      vertex 23.311 -2.03944 24.7035
    endloop
  endfacet
  facet normal 0 0.634366 -0.773033
    outer loop
      vertex 23.2629 -2.40416 24.4042
      vertex 16.2771 -1.88894 24.827
      vertex 23.3175 -1.88894 24.827
    endloop
  endfacet
  facet normal 0 0.634366 -0.773033
    outer loop
      vertex 16.2771 -1.88894 24.827
      vertex 23.2629 -2.40416 24.4042
      vertex 16.2093 -2.40416 24.4042
    endloop
  endfacet
  facet normal 0 0.773051 0.634343
    outer loop
      vertex -16.2093 -2.40416 19.5958
      vertex -23.2073 -2.827 20.1111
      vertex -16.1536 -2.827 20.1111
    endloop
  endfacet
  facet normal 0 0.773051 0.634343
    outer loop
      vertex -23.2073 -2.827 20.1111
      vertex -16.2093 -2.40416 19.5958
      vertex -23.2629 -2.40416 19.5958
    endloop
  endfacet
  facet normal -0 0.773051 0.634343
    outer loop
      vertex 16.2093 -2.40416 19.5958
      vertex 23.2073 -2.827 20.1111
      vertex 23.2629 -2.40416 19.5958
    endloop
  endfacet
  facet normal 0 0.773051 0.634343
    outer loop
      vertex 23.2073 -2.827 20.1111
      vertex 16.2093 -2.40416 19.5958
      vertex 16.1536 -2.827 20.1111
    endloop
  endfacet
  facet normal 0 0.956938 -0.290292
    outer loop
      vertex -23.1404 -3.33467 22.6633
      vertex -16.0858 -3.14119 23.3011
      vertex -16.0429 -3.33467 22.6633
    endloop
  endfacet
  facet normal 0 0.956938 -0.290292
    outer loop
      vertex -16.0858 -3.14119 23.3011
      vertex -23.1404 -3.33467 22.6633
      vertex -23.1659 -3.14119 23.3011
    endloop
  endfacet
  facet normal 0 0.956938 -0.290292
    outer loop
      vertex 23.1404 -3.33467 22.6633
      vertex 16.0858 -3.14119 23.3011
      vertex 23.1659 -3.14119 23.3011
    endloop
  endfacet
  facet normal 0 0.956938 -0.290292
    outer loop
      vertex 16.0858 -3.14119 23.3011
      vertex 23.1404 -3.33467 22.6633
      vertex 16.0429 -3.33467 22.6633
    endloop
  endfacet
  facet normal 0 -0.956938 0.290292
    outer loop
      vertex -16.0858 3.14119 20.6989
      vertex -23.1404 3.33467 21.3367
      vertex -23.1659 3.14119 20.6989
    endloop
  endfacet
  facet normal 0 -0.956938 0.290292
    outer loop
      vertex -23.1404 3.33467 21.3367
      vertex -16.0858 3.14119 20.6989
      vertex -16.0429 3.33467 21.3367
    endloop
  endfacet
  facet normal 0 -0.956938 0.290292
    outer loop
      vertex 16.0858 3.14119 20.6989
      vertex 23.1404 3.33467 21.3367
      vertex 16.0429 3.33467 21.3367
    endloop
  endfacet
  facet normal 0 -0.956938 0.290292
    outer loop
      vertex 23.1404 3.33467 21.3367
      vertex 16.0858 3.14119 20.6989
      vertex 23.1659 3.14119 20.6989
    endloop
  endfacet
  facet normal 0 0.097829 -0.995203
    outer loop
      vertex -23.371 -0.663306 25.3347
      vertex -21.101 -0.497488 25.351
      vertex -20.9902 -0.663306 25.3347
    endloop
  endfacet
  facet normal -1.39218e-05 0.0980178 -0.995185
    outer loop
      vertex -23.371 -0.663306 25.3347
      vertex -21.2 0 25.4
      vertex -21.101 -0.497488 25.351
    endloop
  endfacet
  facet normal 0 0.0979727 -0.995189
    outer loop
      vertex -21.2 0 25.4
      vertex -23.371 -0.663306 25.3347
      vertex -23.4 0 25.4
    endloop
  endfacet
  facet normal 0 0.0979727 -0.995189
    outer loop
      vertex -16.371 -0.663306 25.3347
      vertex -18.6 0 25.4
      vertex -16.4 0 25.4
    endloop
  endfacet
  facet normal 1.35798e-05 0.0980178 -0.995185
    outer loop
      vertex -16.371 -0.663306 25.3347
      vertex -18.699 -0.497488 25.351
      vertex -18.6 0 25.4
    endloop
  endfacet
  facet normal 0 0.097829 -0.995203
    outer loop
      vertex -18.699 -0.497488 25.351
      vertex -16.371 -0.663306 25.3347
      vertex -18.8098 -0.663306 25.3347
    endloop
  endfacet
  facet normal -1.35798e-05 0.0980178 -0.995185
    outer loop
      vertex 16.371 -0.663306 25.3347
      vertex 18.6 0 25.4
      vertex 18.699 -0.497488 25.351
    endloop
  endfacet
  facet normal 0 0.097829 -0.995203
    outer loop
      vertex 16.371 -0.663306 25.3347
      vertex 18.699 -0.497488 25.351
      vertex 18.8098 -0.663306 25.3347
    endloop
  endfacet
  facet normal 0 0.0979727 -0.995189
    outer loop
      vertex 18.6 0 25.4
      vertex 16.371 -0.663306 25.3347
      vertex 16.4 0 25.4
    endloop
  endfacet
  facet normal 0 0.0979727 -0.995189
    outer loop
      vertex 23.371 -0.663306 25.3347
      vertex 21.2 0 25.4
      vertex 23.4 0 25.4
    endloop
  endfacet
  facet normal 1.39218e-05 0.0980178 -0.995185
    outer loop
      vertex 23.371 -0.663306 25.3347
      vertex 21.101 -0.497488 25.351
      vertex 21.2 0 25.4
    endloop
  endfacet
  facet normal 0 0.097829 -0.995203
    outer loop
      vertex 21.101 -0.497488 25.351
      vertex 23.371 -0.663306 25.3347
      vertex 20.9902 -0.663306 25.3347
    endloop
  endfacet
  facet normal 0 0.995185 -0.0980181
    outer loop
      vertex -23.1318 -3.4 22
      vertex -16.0429 -3.33467 22.6633
      vertex -16.0284 -3.4 22
    endloop
  endfacet
  facet normal 0 0.995185 -0.0980181
    outer loop
      vertex -16.0429 -3.33467 22.6633
      vertex -23.1318 -3.4 22
      vertex -23.1404 -3.33467 22.6633
    endloop
  endfacet
  facet normal 0 0.995185 -0.0980181
    outer loop
      vertex 23.1318 -3.4 22
      vertex 16.0429 -3.33467 22.6633
      vertex 23.1404 -3.33467 22.6633
    endloop
  endfacet
  facet normal 0 0.995185 -0.0980181
    outer loop
      vertex 16.0429 -3.33467 22.6633
      vertex 23.1318 -3.4 22
      vertex 16.0284 -3.4 22
    endloop
  endfacet
  facet normal -0.956938 0 -0.290292
    outer loop
      vertex 3.33467 -23.1404 12.6633
      vertex 3.14119 -16.0858 13.3011
      vertex 3.33467 -16.0429 12.6633
    endloop
  endfacet
  facet normal -0.956938 -0 -0.290292
    outer loop
      vertex 3.14119 -16.0858 13.3011
      vertex 3.33467 -23.1404 12.6633
      vertex 3.14119 -23.1659 13.3011
    endloop
  endfacet
  facet normal -0.956938 0 -0.290292
    outer loop
      vertex 3.33467 23.1404 12.6633
      vertex 3.14119 16.0858 13.3011
      vertex 3.14119 23.1659 13.3011
    endloop
  endfacet
  facet normal -0.956938 0 -0.290292
    outer loop
      vertex 3.14119 16.0858 13.3011
      vertex 3.33467 23.1404 12.6633
      vertex 3.33467 16.0429 12.6633
    endloop
  endfacet
  facet normal -0.995185 0 -0.0980181
    outer loop
      vertex 3.4 -23.1318 12
      vertex 3.33467 -16.0429 12.6633
      vertex 3.4 -16.0284 12
    endloop
  endfacet
  facet normal -0.995185 -0 -0.0980181
    outer loop
      vertex 3.33467 -16.0429 12.6633
      vertex 3.4 -23.1318 12
      vertex 3.33467 -23.1404 12.6633
    endloop
  endfacet
  facet normal -0.995185 0 -0.0980181
    outer loop
      vertex 3.4 23.1318 12
      vertex 3.33467 16.0429 12.6633
      vertex 3.33467 23.1404 12.6633
    endloop
  endfacet
  facet normal -0.995185 0 -0.0980181
    outer loop
      vertex 3.33467 16.0429 12.6633
      vertex 3.4 23.1318 12
      vertex 3.4 16.0284 12
    endloop
  endfacet
  facet normal -0.773051 0 -0.634343
    outer loop
      vertex 2.827 -23.2073 13.8889
      vertex 2.40416 -16.2093 14.4042
      vertex 2.827 -16.1536 13.8889
    endloop
  endfacet
  facet normal -0.773051 -0 -0.634343
    outer loop
      vertex 2.40416 -16.2093 14.4042
      vertex 2.827 -23.2073 13.8889
      vertex 2.40416 -23.2629 14.4042
    endloop
  endfacet
  facet normal -0.773051 0 -0.634343
    outer loop
      vertex 2.827 23.2073 13.8889
      vertex 2.40416 16.2093 14.4042
      vertex 2.40416 23.2629 14.4042
    endloop
  endfacet
  facet normal -0.773051 0 -0.634343
    outer loop
      vertex 2.40416 16.2093 14.4042
      vertex 2.827 23.2073 13.8889
      vertex 2.827 16.1536 13.8889
    endloop
  endfacet
  facet normal 0.773027 -0 0.634373
    outer loop
      vertex -2.827 -23.2073 10.1111
      vertex -2.40416 -16.2093 9.59584
      vertex -2.827 -16.1536 10.1111
    endloop
  endfacet
  facet normal 0.773027 0 0.634373
    outer loop
      vertex -2.40416 -16.2093 9.59584
      vertex -2.827 -23.2073 10.1111
      vertex -2.40416 -23.2629 9.59584
    endloop
  endfacet
  facet normal 0.773027 0 0.634373
    outer loop
      vertex -2.827 23.2073 10.1111
      vertex -2.40416 16.2093 9.59584
      vertex -2.40416 23.2629 9.59584
    endloop
  endfacet
  facet normal 0.773027 0 0.634373
    outer loop
      vertex -2.40416 16.2093 9.59584
      vertex -2.827 23.2073 10.1111
      vertex -2.827 16.1536 10.1111
    endloop
  endfacet
  facet normal 0.634366 0 -0.773033
    outer loop
      vertex -2.40416 23.2629 14.4042
      vertex -1.88894 23.3175 14.827
      vertex -1.88894 16.2771 14.827
    endloop
  endfacet
  facet normal 0.634366 0 -0.773033
    outer loop
      vertex -2.40416 23.2629 14.4042
      vertex -1.88894 16.2771 14.827
      vertex -2.40416 16.2093 14.4042
    endloop
  endfacet
  facet normal 0.634349 0.000274706 -0.773047
    outer loop
      vertex -1.88894 23.3175 14.827
      vertex -2.40416 23.2629 14.4042
      vertex -2.03944 23.311 14.7035
    endloop
  endfacet
  facet normal 0.634349 -0.000274706 -0.773047
    outer loop
      vertex -2.40416 -23.2629 14.4042
      vertex -1.88894 -23.3175 14.827
      vertex -2.03944 -23.311 14.7035
    endloop
  endfacet
  facet normal 0.634366 0 -0.773033
    outer loop
      vertex -1.88894 -23.3175 14.827
      vertex -2.40416 -23.2629 14.4042
      vertex -1.88894 -16.2771 14.827
    endloop
  endfacet
  facet normal 0.634366 0 -0.773033
    outer loop
      vertex -1.88894 -16.2771 14.827
      vertex -2.40416 -23.2629 14.4042
      vertex -2.40416 -16.2093 14.4042
    endloop
  endfacet
  facet normal -0.881919 0 -0.471402
    outer loop
      vertex 3.14119 23.1659 13.3011
      vertex 2.827 16.1536 13.8889
      vertex 2.827 23.2073 13.8889
    endloop
  endfacet
  facet normal -0.88157 -7.02977e-05 -0.472054
    outer loop
      vertex 3.14119 23.1659 13.3011
      vertex 2.84783 16.1508 13.85
      vertex 2.827 16.1536 13.8889
    endloop
  endfacet
  facet normal -0.881943 0 -0.471355
    outer loop
      vertex 2.84783 16.1508 13.85
      vertex 3.14119 23.1659 13.3011
      vertex 3.14119 16.0858 13.3011
    endloop
  endfacet
  facet normal -0.881943 0 -0.471355
    outer loop
      vertex 3.14119 -23.1659 13.3011
      vertex 2.84783 -16.1508 13.85
      vertex 3.14119 -16.0858 13.3011
    endloop
  endfacet
  facet normal -0.88157 7.02977e-05 -0.472054
    outer loop
      vertex 3.14119 -23.1659 13.3011
      vertex 2.827 -16.1536 13.8889
      vertex 2.84783 -16.1508 13.85
    endloop
  endfacet
  facet normal -0.881919 -0 -0.471402
    outer loop
      vertex 2.827 -16.1536 13.8889
      vertex 3.14119 -23.1659 13.3011
      vertex 2.827 -23.2073 13.8889
    endloop
  endfacet
  facet normal 0.956938 -0 0.290292
    outer loop
      vertex -3.33467 -23.1404 11.3367
      vertex -3.14119 -16.0858 10.6989
      vertex -3.33467 -16.0429 11.3367
    endloop
  endfacet
  facet normal 0.956938 0 0.290292
    outer loop
      vertex -3.14119 -16.0858 10.6989
      vertex -3.33467 -23.1404 11.3367
      vertex -3.14119 -23.1659 10.6989
    endloop
  endfacet
  facet normal 0.956938 0 0.290292
    outer loop
      vertex -3.33467 23.1404 11.3367
      vertex -3.14119 16.0858 10.6989
      vertex -3.14119 23.1659 10.6989
    endloop
  endfacet
  facet normal 0.956938 0 0.290292
    outer loop
      vertex -3.14119 16.0858 10.6989
      vertex -3.33467 23.1404 11.3367
      vertex -3.33467 16.0429 11.3367
    endloop
  endfacet
  facet normal 0.0979727 0 -0.995189
    outer loop
      vertex -0.663306 23.371 15.3347
      vertex 0 16.4 15.4
      vertex -0.663306 16.371 15.3347
    endloop
  endfacet
  facet normal 0.0979727 0 -0.995189
    outer loop
      vertex 0 16.4 15.4
      vertex -0.663306 23.371 15.3347
      vertex 0 23.4 15.4
    endloop
  endfacet
  facet normal 0.0979727 0 -0.995189
    outer loop
      vertex -0.663306 -23.371 15.3347
      vertex 0 -16.4 15.4
      vertex 0 -23.4 15.4
    endloop
  endfacet
  facet normal 0.0979727 0 -0.995189
    outer loop
      vertex 0 -16.4 15.4
      vertex -0.663306 -23.371 15.3347
      vertex -0.663306 -16.371 15.3347
    endloop
  endfacet
  facet normal -0.471388 0 0.881926
    outer loop
      vertex 1.88894 23.3175 9.173
      vertex 1.42935 16.3376 8.92735
      vertex 1.88894 16.2771 9.173
    endloop
  endfacet
  facet normal -0.471389 0 0.881925
    outer loop
      vertex 1.30112 16.3432 8.85881
      vertex 1.88894 23.3175 9.173
      vertex 1.30112 23.3432 8.85881
    endloop
  endfacet
  facet normal -0.471395 5.88632e-07 0.881922
    outer loop
      vertex 1.88894 23.3175 9.173
      vertex 1.30112 16.3432 8.85881
      vertex 1.42935 16.3376 8.92735
    endloop
  endfacet
  facet normal -0.471388 0 0.881926
    outer loop
      vertex 1.42935 -16.3376 8.92735
      vertex 1.88894 -23.3175 9.173
      vertex 1.88894 -16.2771 9.173
    endloop
  endfacet
  facet normal -0.471395 -5.88632e-07 0.881922
    outer loop
      vertex 1.30112 -16.3432 8.85881
      vertex 1.88894 -23.3175 9.173
      vertex 1.42935 -16.3376 8.92735
    endloop
  endfacet
  facet normal -0.471389 0 0.881925
    outer loop
      vertex 1.88894 -23.3175 9.173
      vertex 1.30112 -16.3432 8.85881
      vertex 1.30112 -23.3432 8.85881
    endloop
  endfacet
  facet normal 0.881919 0 -0.471402
    outer loop
      vertex -2.827 16.1536 13.8889
      vertex -3.14119 23.1659 13.3011
      vertex -2.827 23.2073 13.8889
    endloop
  endfacet
  facet normal 0.88157 -7.02977e-05 -0.472054
    outer loop
      vertex -2.84783 16.1508 13.85
      vertex -3.14119 23.1659 13.3011
      vertex -2.827 16.1536 13.8889
    endloop
  endfacet
  facet normal 0.881943 0 -0.471355
    outer loop
      vertex -3.14119 23.1659 13.3011
      vertex -2.84783 16.1508 13.85
      vertex -3.14119 16.0858 13.3011
    endloop
  endfacet
  facet normal 0.881943 0 -0.471355
    outer loop
      vertex -2.84783 -16.1508 13.85
      vertex -3.14119 -23.1659 13.3011
      vertex -3.14119 -16.0858 13.3011
    endloop
  endfacet
  facet normal 0.88157 7.02977e-05 -0.472054
    outer loop
      vertex -2.827 -16.1536 13.8889
      vertex -3.14119 -23.1659 13.3011
      vertex -2.84783 -16.1508 13.85
    endloop
  endfacet
  facet normal 0.881919 0 -0.471402
    outer loop
      vertex -3.14119 -23.1659 13.3011
      vertex -2.827 -16.1536 13.8889
      vertex -2.827 -23.2073 13.8889
    endloop
  endfacet
  facet normal 0.290286 0 0.95694
    outer loop
      vertex -1.30112 -16.3432 8.85881
      vertex -0.663306 -18.8098 8.66533
      vertex -0.663306 -16.371 8.66533
    endloop
  endfacet
  facet normal 0.290296 2.78622e-06 0.956937
    outer loop
      vertex -0.663306 -18.8098 8.66533
      vertex -1.30112 -16.3432 8.85881
      vertex -0.919238 -18.9808 8.74297
    endloop
  endfacet
  facet normal 0.290274 -7.09326e-07 0.956944
    outer loop
      vertex -0.919238 -18.9808 8.74297
      vertex -1.30112 -16.3432 8.85881
      vertex -1.20104 -19.4025 8.82845
    endloop
  endfacet
  facet normal 0.290292 -6.51462e-08 0.956938
    outer loop
      vertex -1.20104 -19.4025 8.82845
      vertex -1.30112 -16.3432 8.85881
      vertex -1.3 -19.9 8.85847
    endloop
  endfacet
  facet normal 0.290296 -2.90011e-06 0.956937
    outer loop
      vertex -1.30112 -23.3432 8.85881
      vertex -0.663306 -20.9902 8.66533
      vertex -0.919238 -20.8192 8.74297
    endloop
  endfacet
  facet normal 0.290274 7.35358e-07 0.956944
    outer loop
      vertex -1.30112 -23.3432 8.85881
      vertex -0.919238 -20.8192 8.74297
      vertex -1.20104 -20.3975 8.82845
    endloop
  endfacet
  facet normal 0.290292 6.7292e-08 0.956938
    outer loop
      vertex -1.30112 -23.3432 8.85881
      vertex -1.20104 -20.3975 8.82845
      vertex -1.3 -19.9 8.85847
    endloop
  endfacet
  facet normal 0.290286 0 0.95694
    outer loop
      vertex -0.663306 -20.9902 8.66533
      vertex -1.30112 -23.3432 8.85881
      vertex -0.663306 -23.371 8.66533
    endloop
  endfacet
  facet normal 0.290482 -0 0.956881
    outer loop
      vertex -1.30112 -23.3432 8.85881
      vertex -1.3 -19.9 8.85847
      vertex -1.30112 -16.3432 8.85881
    endloop
  endfacet
  facet normal 0.290286 0 0.95694
    outer loop
      vertex -1.30112 23.3432 8.85881
      vertex -0.663306 20.9902 8.66533
      vertex -0.663306 23.371 8.66533
    endloop
  endfacet
  facet normal 0.290296 2.90011e-06 0.956937
    outer loop
      vertex -0.663306 20.9902 8.66533
      vertex -1.30112 23.3432 8.85881
      vertex -0.919238 20.8192 8.74297
    endloop
  endfacet
  facet normal 0.290274 -7.35358e-07 0.956944
    outer loop
      vertex -0.919238 20.8192 8.74297
      vertex -1.30112 23.3432 8.85881
      vertex -1.20104 20.3975 8.82845
    endloop
  endfacet
  facet normal 0.290292 -6.7292e-08 0.956938
    outer loop
      vertex -1.20104 20.3975 8.82845
      vertex -1.30112 23.3432 8.85881
      vertex -1.3 19.9 8.85847
    endloop
  endfacet
  facet normal 0.290296 -2.78622e-06 0.956937
    outer loop
      vertex -1.30112 16.3432 8.85881
      vertex -0.663306 18.8098 8.66533
      vertex -0.919238 18.9808 8.74297
    endloop
  endfacet
  facet normal 0.290274 7.09326e-07 0.956944
    outer loop
      vertex -1.30112 16.3432 8.85881
      vertex -0.919238 18.9808 8.74297
      vertex -1.20104 19.4025 8.82845
    endloop
  endfacet
  facet normal 0.290292 6.51462e-08 0.956938
    outer loop
      vertex -1.30112 16.3432 8.85881
      vertex -1.20104 19.4025 8.82845
      vertex -1.3 19.9 8.85847
    endloop
  endfacet
  facet normal 0.290286 0 0.95694
    outer loop
      vertex -0.663306 18.8098 8.66533
      vertex -1.30112 16.3432 8.85881
      vertex -0.663306 16.371 8.66533
    endloop
  endfacet
  facet normal 0.290482 -0 0.956881
    outer loop
      vertex -1.30112 16.3432 8.85881
      vertex -1.3 19.9 8.85847
      vertex -1.30112 23.3432 8.85881
    endloop
  endfacet
  facet normal -0.471313 0 -0.881966
    outer loop
      vertex 1.42935 16.3376 15.0726
      vertex 1.88894 23.3175 14.827
      vertex 1.88894 16.2771 14.827
    endloop
  endfacet
  facet normal -0.471715 3.39751e-05 -0.881751
    outer loop
      vertex 1.30112 16.3432 15.1412
      vertex 1.88894 23.3175 14.827
      vertex 1.42935 16.3376 15.0726
    endloop
  endfacet
  facet normal -0.471401 0 -0.881919
    outer loop
      vertex 1.88894 23.3175 14.827
      vertex 1.30112 16.3432 15.1412
      vertex 1.30112 23.3432 15.1412
    endloop
  endfacet
  facet normal -0.471313 0 -0.881966
    outer loop
      vertex 1.88894 -23.3175 14.827
      vertex 1.42935 -16.3376 15.0726
      vertex 1.88894 -16.2771 14.827
    endloop
  endfacet
  facet normal -0.471401 -0 -0.881919
    outer loop
      vertex 1.30112 -16.3432 15.1412
      vertex 1.88894 -23.3175 14.827
      vertex 1.30112 -23.3432 15.1412
    endloop
  endfacet
  facet normal -0.471715 -3.39751e-05 -0.881751
    outer loop
      vertex 1.88894 -23.3175 14.827
      vertex 1.30112 -16.3432 15.1412
      vertex 1.42935 -16.3376 15.0726
    endloop
  endfacet
  facet normal -0.995185 0 0.0980181
    outer loop
      vertex 3.33467 -16.0429 11.3367
      vertex 3.4 -23.1318 12
      vertex 3.4 -16.0284 12
    endloop
  endfacet
  facet normal -0.995185 0 0.0980181
    outer loop
      vertex 3.4 -23.1318 12
      vertex 3.33467 -16.0429 11.3367
      vertex 3.33467 -23.1404 11.3367
    endloop
  endfacet
  facet normal -0.995185 0 0.0980181
    outer loop
      vertex 3.33467 16.0429 11.3367
      vertex 3.4 23.1318 12
      vertex 3.33467 23.1404 11.3367
    endloop
  endfacet
  facet normal -0.995185 0 0.0980181
    outer loop
      vertex 3.4 23.1318 12
      vertex 3.33467 16.0429 11.3367
      vertex 3.4 16.0284 12
    endloop
  endfacet
  facet normal 0.995185 -0 0.0980181
    outer loop
      vertex -3.4 -23.1318 12
      vertex -3.33467 -16.0429 11.3367
      vertex -3.4 -16.0284 12
    endloop
  endfacet
  facet normal 0.995185 0 0.0980181
    outer loop
      vertex -3.33467 -16.0429 11.3367
      vertex -3.4 -23.1318 12
      vertex -3.33467 -23.1404 11.3367
    endloop
  endfacet
  facet normal 0.995185 0 0.0980181
    outer loop
      vertex -3.4 23.1318 12
      vertex -3.33467 16.0429 11.3367
      vertex -3.33467 23.1404 11.3367
    endloop
  endfacet
  facet normal 0.995185 0 0.0980181
    outer loop
      vertex -3.33467 16.0429 11.3367
      vertex -3.4 23.1318 12
      vertex -3.4 16.0284 12
    endloop
  endfacet
  facet normal -0.634428 -0.000405578 0.772982
    outer loop
      vertex 1.88894 23.3175 9.173
      vertex 2.40416 23.2629 9.59584
      vertex 2.03944 23.311 9.29652
    endloop
  endfacet
  facet normal -0.634402 0 0.773003
    outer loop
      vertex 2.40416 23.2629 9.59584
      vertex 1.88894 23.3175 9.173
      vertex 1.88894 16.2771 9.173
    endloop
  endfacet
  facet normal -0.634402 0 0.773003
    outer loop
      vertex 2.40416 23.2629 9.59584
      vertex 1.88894 16.2771 9.173
      vertex 2.40416 16.2093 9.59584
    endloop
  endfacet
  facet normal -0.634402 0 0.773003
    outer loop
      vertex 1.88894 -16.2771 9.173
      vertex 2.40416 -23.2629 9.59584
      vertex 2.40416 -16.2093 9.59584
    endloop
  endfacet
  facet normal -0.634402 0 0.773003
    outer loop
      vertex 1.88894 -23.3175 9.173
      vertex 2.40416 -23.2629 9.59584
      vertex 1.88894 -16.2771 9.173
    endloop
  endfacet
  facet normal -0.634428 0.000405578 0.772982
    outer loop
      vertex 2.40416 -23.2629 9.59584
      vertex 1.88894 -23.3175 9.173
      vertex 2.03944 -23.311 9.29652
    endloop
  endfacet
  facet normal 0.634428 -0.000405578 0.772982
    outer loop
      vertex -2.40416 23.2629 9.59584
      vertex -1.88894 23.3175 9.173
      vertex -2.03944 23.311 9.29652
    endloop
  endfacet
  facet normal 0.634402 0 0.773003
    outer loop
      vertex -1.88894 23.3175 9.173
      vertex -2.40416 23.2629 9.59584
      vertex -1.88894 16.2771 9.173
    endloop
  endfacet
  facet normal 0.634402 0 0.773003
    outer loop
      vertex -1.88894 16.2771 9.173
      vertex -2.40416 23.2629 9.59584
      vertex -2.40416 16.2093 9.59584
    endloop
  endfacet
  facet normal 0.634402 0 0.773003
    outer loop
      vertex -2.40416 -23.2629 9.59584
      vertex -1.88894 -23.3175 9.173
      vertex -1.88894 -16.2771 9.173
    endloop
  endfacet
  facet normal 0.634402 -0 0.773003
    outer loop
      vertex -2.40416 -23.2629 9.59584
      vertex -1.88894 -16.2771 9.173
      vertex -2.40416 -16.2093 9.59584
    endloop
  endfacet
  facet normal 0.634428 0.000405578 0.772982
    outer loop
      vertex -1.88894 -23.3175 9.173
      vertex -2.40416 -23.2629 9.59584
      vertex -2.03944 -23.311 9.29652
    endloop
  endfacet
  facet normal -0.956938 0 0.290292
    outer loop
      vertex 3.14119 -16.0858 10.6989
      vertex 3.33467 -23.1404 11.3367
      vertex 3.33467 -16.0429 11.3367
    endloop
  endfacet
  facet normal -0.956938 0 0.290292
    outer loop
      vertex 3.33467 -23.1404 11.3367
      vertex 3.14119 -16.0858 10.6989
      vertex 3.14119 -23.1659 10.6989
    endloop
  endfacet
  facet normal -0.956938 0 0.290292
    outer loop
      vertex 3.14119 16.0858 10.6989
      vertex 3.33467 23.1404 11.3367
      vertex 3.14119 23.1659 10.6989
    endloop
  endfacet
  facet normal -0.956938 0 0.290292
    outer loop
      vertex 3.33467 23.1404 11.3367
      vertex 3.14119 16.0858 10.6989
      vertex 3.33467 16.0429 11.3367
    endloop
  endfacet
  facet normal -0.290314 -0 -0.956931
    outer loop
      vertex 0.663306 -16.371 15.3347
      vertex 1.30112 -23.3432 15.1412
      vertex 0.663306 -23.371 15.3347
    endloop
  endfacet
  facet normal -0.290314 0 -0.956931
    outer loop
      vertex 1.30112 -23.3432 15.1412
      vertex 0.663306 -16.371 15.3347
      vertex 1.30112 -16.3432 15.1412
    endloop
  endfacet
  facet normal -0.290314 0 -0.956931
    outer loop
      vertex 0.663306 16.371 15.3347
      vertex 1.30112 23.3432 15.1412
      vertex 1.30112 16.3432 15.1412
    endloop
  endfacet
  facet normal -0.290314 0 -0.956931
    outer loop
      vertex 1.30112 23.3432 15.1412
      vertex 0.663306 16.371 15.3347
      vertex 0.663306 23.371 15.3347
    endloop
  endfacet
  facet normal 0.471715 3.39751e-05 -0.881751
    outer loop
      vertex -1.88894 23.3175 14.827
      vertex -1.30112 16.3432 15.1412
      vertex -1.42935 16.3376 15.0726
    endloop
  endfacet
  facet normal 0.471313 0 -0.881966
    outer loop
      vertex -1.88894 23.3175 14.827
      vertex -1.42935 16.3376 15.0726
      vertex -1.88894 16.2771 14.827
    endloop
  endfacet
  facet normal 0.471401 0 -0.881919
    outer loop
      vertex -1.30112 16.3432 15.1412
      vertex -1.88894 23.3175 14.827
      vertex -1.30112 23.3432 15.1412
    endloop
  endfacet
  facet normal 0.471401 0 -0.881919
    outer loop
      vertex -1.88894 -23.3175 14.827
      vertex -1.30112 -16.3432 15.1412
      vertex -1.30112 -23.3432 15.1412
    endloop
  endfacet
  facet normal 0.471715 -3.39751e-05 -0.881751
    outer loop
      vertex -1.30112 -16.3432 15.1412
      vertex -1.88894 -23.3175 14.827
      vertex -1.42935 -16.3376 15.0726
    endloop
  endfacet
  facet normal 0.471313 0 -0.881966
    outer loop
      vertex -1.42935 -16.3376 15.0726
      vertex -1.88894 -23.3175 14.827
      vertex -1.88894 -16.2771 14.827
    endloop
  endfacet
  facet normal -0.881919 0 0.471402
    outer loop
      vertex 2.827 16.1536 10.1111
      vertex 3.14119 23.1659 10.6989
      vertex 2.827 23.2073 10.1111
    endloop
  endfacet
  facet normal -0.88157 -7.02977e-05 0.472054
    outer loop
      vertex 2.84783 16.1508 10.15
      vertex 3.14119 23.1659 10.6989
      vertex 2.827 16.1536 10.1111
    endloop
  endfacet
  facet normal -0.881943 0 0.471355
    outer loop
      vertex 3.14119 23.1659 10.6989
      vertex 2.84783 16.1508 10.15
      vertex 3.14119 16.0858 10.6989
    endloop
  endfacet
  facet normal -0.881943 0 0.471355
    outer loop
      vertex 2.84783 -16.1508 10.15
      vertex 3.14119 -23.1659 10.6989
      vertex 3.14119 -16.0858 10.6989
    endloop
  endfacet
  facet normal -0.88157 7.02977e-05 0.472054
    outer loop
      vertex 2.827 -16.1536 10.1111
      vertex 3.14119 -23.1659 10.6989
      vertex 2.84783 -16.1508 10.15
    endloop
  endfacet
  facet normal -0.881919 0 0.471402
    outer loop
      vertex 3.14119 -23.1659 10.6989
      vertex 2.827 -16.1536 10.1111
      vertex 2.827 -23.2073 10.1111
    endloop
  endfacet
  facet normal -0.0979727 0 -0.995189
    outer loop
      vertex 0 16.4 15.4
      vertex 0.663306 23.371 15.3347
      vertex 0.663306 16.371 15.3347
    endloop
  endfacet
  facet normal -0.0979727 0 -0.995189
    outer loop
      vertex 0.663306 23.371 15.3347
      vertex 0 16.4 15.4
      vertex 0 23.4 15.4
    endloop
  endfacet
  facet normal -0.0979727 -0 -0.995189
    outer loop
      vertex 0 -16.4 15.4
      vertex 0.663306 -23.371 15.3347
      vertex 0 -23.4 15.4
    endloop
  endfacet
  facet normal -0.0979727 0 -0.995189
    outer loop
      vertex 0.663306 -23.371 15.3347
      vertex 0 -16.4 15.4
      vertex 0.663306 -16.371 15.3347
    endloop
  endfacet
  facet normal -0.290482 0 0.956881
    outer loop
      vertex 1.30112 -16.3432 8.85881
      vertex 1.3 -19.9 8.85847
      vertex 1.30112 -23.3432 8.85881
    endloop
  endfacet
  facet normal -0.290292 -6.51462e-08 0.956938
    outer loop
      vertex 1.30112 -16.3432 8.85881
      vertex 1.20104 -19.4025 8.82845
      vertex 1.3 -19.9 8.85847
    endloop
  endfacet
  facet normal -0.290274 -7.09326e-07 0.956944
    outer loop
      vertex 1.30112 -16.3432 8.85881
      vertex 0.919238 -18.9808 8.74297
      vertex 1.20104 -19.4025 8.82845
    endloop
  endfacet
  facet normal -0.290286 0 0.95694
    outer loop
      vertex 0.663306 -18.8098 8.66533
      vertex 1.30112 -16.3432 8.85881
      vertex 0.663306 -16.371 8.66533
    endloop
  endfacet
  facet normal -0.290296 2.78622e-06 0.956937
    outer loop
      vertex 1.30112 -16.3432 8.85881
      vertex 0.663306 -18.8098 8.66533
      vertex 0.919238 -18.9808 8.74297
    endloop
  endfacet
  facet normal -0.290292 6.7292e-08 0.956938
    outer loop
      vertex 1.20104 -20.3975 8.82845
      vertex 1.30112 -23.3432 8.85881
      vertex 1.3 -19.9 8.85847
    endloop
  endfacet
  facet normal -0.290274 7.35358e-07 0.956944
    outer loop
      vertex 0.919238 -20.8192 8.74297
      vertex 1.30112 -23.3432 8.85881
      vertex 1.20104 -20.3975 8.82845
    endloop
  endfacet
  facet normal -0.290296 -2.90011e-06 0.956937
    outer loop
      vertex 0.663306 -20.9902 8.66533
      vertex 1.30112 -23.3432 8.85881
      vertex 0.919238 -20.8192 8.74297
    endloop
  endfacet
  facet normal -0.290286 0 0.95694
    outer loop
      vertex 1.30112 -23.3432 8.85881
      vertex 0.663306 -20.9902 8.66533
      vertex 0.663306 -23.371 8.66533
    endloop
  endfacet
  facet normal -0.290482 0 0.956881
    outer loop
      vertex 1.30112 23.3432 8.85881
      vertex 1.3 19.9 8.85847
      vertex 1.30112 16.3432 8.85881
    endloop
  endfacet
  facet normal -0.290292 -6.7292e-08 0.956938
    outer loop
      vertex 1.30112 23.3432 8.85881
      vertex 1.20104 20.3975 8.82845
      vertex 1.3 19.9 8.85847
    endloop
  endfacet
  facet normal -0.290274 -7.35358e-07 0.956944
    outer loop
      vertex 1.30112 23.3432 8.85881
      vertex 0.919238 20.8192 8.74297
      vertex 1.20104 20.3975 8.82845
    endloop
  endfacet
  facet normal -0.290286 0 0.95694
    outer loop
      vertex 0.663306 20.9902 8.66533
      vertex 1.30112 23.3432 8.85881
      vertex 0.663306 23.371 8.66533
    endloop
  endfacet
  facet normal -0.290296 2.90011e-06 0.956937
    outer loop
      vertex 1.30112 23.3432 8.85881
      vertex 0.663306 20.9902 8.66533
      vertex 0.919238 20.8192 8.74297
    endloop
  endfacet
  facet normal -0.290292 6.51462e-08 0.956938
    outer loop
      vertex 1.20104 19.4025 8.82845
      vertex 1.30112 16.3432 8.85881
      vertex 1.3 19.9 8.85847
    endloop
  endfacet
  facet normal -0.290274 7.09326e-07 0.956944
    outer loop
      vertex 0.919238 18.9808 8.74297
      vertex 1.30112 16.3432 8.85881
      vertex 1.20104 19.4025 8.82845
    endloop
  endfacet
  facet normal -0.290296 -2.78622e-06 0.956937
    outer loop
      vertex 0.663306 18.8098 8.66533
      vertex 1.30112 16.3432 8.85881
      vertex 0.919238 18.9808 8.74297
    endloop
  endfacet
  facet normal -0.290286 0 0.95694
    outer loop
      vertex 1.30112 16.3432 8.85881
      vertex 0.663306 18.8098 8.66533
      vertex 0.663306 16.371 8.66533
    endloop
  endfacet
  facet normal -0.634366 0 -0.773033
    outer loop
      vertex 1.88894 16.2771 14.827
      vertex 2.40416 23.2629 14.4042
      vertex 2.40416 16.2093 14.4042
    endloop
  endfacet
  facet normal -0.634366 -0 -0.773033
    outer loop
      vertex 1.88894 23.3175 14.827
      vertex 2.40416 23.2629 14.4042
      vertex 1.88894 16.2771 14.827
    endloop
  endfacet
  facet normal -0.634349 0.000274706 -0.773047
    outer loop
      vertex 2.40416 23.2629 14.4042
      vertex 1.88894 23.3175 14.827
      vertex 2.03944 23.311 14.7035
    endloop
  endfacet
  facet normal -0.634349 -0.000274706 -0.773047
    outer loop
      vertex 1.88894 -23.3175 14.827
      vertex 2.40416 -23.2629 14.4042
      vertex 2.03944 -23.311 14.7035
    endloop
  endfacet
  facet normal -0.634366 0 -0.773033
    outer loop
      vertex 2.40416 -23.2629 14.4042
      vertex 1.88894 -23.3175 14.827
      vertex 1.88894 -16.2771 14.827
    endloop
  endfacet
  facet normal -0.634366 0 -0.773033
    outer loop
      vertex 2.40416 -23.2629 14.4042
      vertex 1.88894 -16.2771 14.827
      vertex 2.40416 -16.2093 14.4042
    endloop
  endfacet
  facet normal 0.290314 0 -0.956931
    outer loop
      vertex -1.30112 -23.3432 15.1412
      vertex -0.663306 -16.371 15.3347
      vertex -0.663306 -23.371 15.3347
    endloop
  endfacet
  facet normal 0.290314 0 -0.956931
    outer loop
      vertex -0.663306 -16.371 15.3347
      vertex -1.30112 -23.3432 15.1412
      vertex -1.30112 -16.3432 15.1412
    endloop
  endfacet
  facet normal 0.290314 0 -0.956931
    outer loop
      vertex -1.30112 23.3432 15.1412
      vertex -0.663306 16.371 15.3347
      vertex -1.30112 16.3432 15.1412
    endloop
  endfacet
  facet normal 0.290314 0 -0.956931
    outer loop
      vertex -0.663306 16.371 15.3347
      vertex -1.30112 23.3432 15.1412
      vertex -0.663306 23.371 15.3347
    endloop
  endfacet
  facet normal -0.0980073 0 0.995186
    outer loop
      vertex 0.663306 23.371 8.66533
      vertex 0.497488 21.101 8.649
      vertex 0.663306 20.9902 8.66533
    endloop
  endfacet
  facet normal -0.0980172 0 0.995185
    outer loop
      vertex 0 21.2 8.6
      vertex 0.663306 23.371 8.66533
      vertex 0 23.4 8.6
    endloop
  endfacet
  facet normal -0.0980203 9.58048e-07 0.995184
    outer loop
      vertex 0.663306 23.371 8.66533
      vertex 0 21.2 8.6
      vertex 0.497488 21.101 8.649
    endloop
  endfacet
  facet normal -0.0980073 0 0.995186
    outer loop
      vertex 0.497488 -21.101 8.649
      vertex 0.663306 -23.371 8.66533
      vertex 0.663306 -20.9902 8.66533
    endloop
  endfacet
  facet normal -0.0980203 -9.58048e-07 0.995184
    outer loop
      vertex 0 -21.2 8.6
      vertex 0.663306 -23.371 8.66533
      vertex 0.497488 -21.101 8.649
    endloop
  endfacet
  facet normal -0.0980172 0 0.995185
    outer loop
      vertex 0.663306 -23.371 8.66533
      vertex 0 -21.2 8.6
      vertex 0 -23.4 8.6
    endloop
  endfacet
  facet normal -0.0980073 0 0.995186
    outer loop
      vertex 0.663306 -16.371 8.66533
      vertex 0.497488 -18.699 8.649
      vertex 0.663306 -18.8098 8.66533
    endloop
  endfacet
  facet normal -0.0980172 0 0.995185
    outer loop
      vertex 0 -18.6 8.6
      vertex 0.663306 -16.371 8.66533
      vertex 0 -16.4 8.6
    endloop
  endfacet
  facet normal -0.0980203 9.34513e-07 0.995184
    outer loop
      vertex 0.663306 -16.371 8.66533
      vertex 0 -18.6 8.6
      vertex 0.497488 -18.699 8.649
    endloop
  endfacet
  facet normal -0.0980073 0 0.995186
    outer loop
      vertex 0.497488 18.699 8.649
      vertex 0.663306 16.371 8.66533
      vertex 0.663306 18.8098 8.66533
    endloop
  endfacet
  facet normal -0.0980203 -9.34513e-07 0.995184
    outer loop
      vertex 0 18.6 8.6
      vertex 0.663306 16.371 8.66533
      vertex 0.497488 18.699 8.649
    endloop
  endfacet
  facet normal -0.0980172 0 0.995185
    outer loop
      vertex 0.663306 16.371 8.66533
      vertex 0 18.6 8.6
      vertex 0 16.4 8.6
    endloop
  endfacet
  facet normal -0.773027 0 0.634373
    outer loop
      vertex 2.40416 -16.2093 9.59584
      vertex 2.827 -23.2073 10.1111
      vertex 2.827 -16.1536 10.1111
    endloop
  endfacet
  facet normal -0.773027 0 0.634373
    outer loop
      vertex 2.827 -23.2073 10.1111
      vertex 2.40416 -16.2093 9.59584
      vertex 2.40416 -23.2629 9.59584
    endloop
  endfacet
  facet normal -0.773027 0 0.634373
    outer loop
      vertex 2.40416 16.2093 9.59584
      vertex 2.827 23.2073 10.1111
      vertex 2.40416 23.2629 9.59584
    endloop
  endfacet
  facet normal -0.773027 0 0.634373
    outer loop
      vertex 2.827 23.2073 10.1111
      vertex 2.40416 16.2093 9.59584
      vertex 2.827 16.1536 10.1111
    endloop
  endfacet
  facet normal 0.773051 0 -0.634343
    outer loop
      vertex -2.40416 -16.2093 14.4042
      vertex -2.827 -23.2073 13.8889
      vertex -2.827 -16.1536 13.8889
    endloop
  endfacet
  facet normal 0.773051 0 -0.634343
    outer loop
      vertex -2.827 -23.2073 13.8889
      vertex -2.40416 -16.2093 14.4042
      vertex -2.40416 -23.2629 14.4042
    endloop
  endfacet
  facet normal 0.773051 0 -0.634343
    outer loop
      vertex -2.40416 16.2093 14.4042
      vertex -2.827 23.2073 13.8889
      vertex -2.40416 23.2629 14.4042
    endloop
  endfacet
  facet normal 0.773051 0 -0.634343
    outer loop
      vertex -2.827 23.2073 13.8889
      vertex -2.40416 16.2093 14.4042
      vertex -2.827 16.1536 13.8889
    endloop
  endfacet
  facet normal 0.0980172 0 0.995185
    outer loop
      vertex -0.663306 23.371 8.66533
      vertex 0 21.2 8.6
      vertex 0 23.4 8.6
    endloop
  endfacet
  facet normal 0.0980203 9.58048e-07 0.995184
    outer loop
      vertex 0 21.2 8.6
      vertex -0.663306 23.371 8.66533
      vertex -0.497488 21.101 8.649
    endloop
  endfacet
  facet normal 0.0980073 0 0.995186
    outer loop
      vertex -0.497488 21.101 8.649
      vertex -0.663306 23.371 8.66533
      vertex -0.663306 20.9902 8.66533
    endloop
  endfacet
  facet normal 0.0980203 -9.58048e-07 0.995184
    outer loop
      vertex -0.663306 -23.371 8.66533
      vertex 0 -21.2 8.6
      vertex -0.497488 -21.101 8.649
    endloop
  endfacet
  facet normal 0.0980073 -0 0.995186
    outer loop
      vertex -0.663306 -23.371 8.66533
      vertex -0.497488 -21.101 8.649
      vertex -0.663306 -20.9902 8.66533
    endloop
  endfacet
  facet normal 0.0980172 0 0.995185
    outer loop
      vertex 0 -21.2 8.6
      vertex -0.663306 -23.371 8.66533
      vertex 0 -23.4 8.6
    endloop
  endfacet
  facet normal 0.0980172 0 0.995185
    outer loop
      vertex -0.663306 -16.371 8.66533
      vertex 0 -18.6 8.6
      vertex 0 -16.4 8.6
    endloop
  endfacet
  facet normal 0.0980203 9.34513e-07 0.995184
    outer loop
      vertex 0 -18.6 8.6
      vertex -0.663306 -16.371 8.66533
      vertex -0.497488 -18.699 8.649
    endloop
  endfacet
  facet normal 0.0980073 0 0.995186
    outer loop
      vertex -0.497488 -18.699 8.649
      vertex -0.663306 -16.371 8.66533
      vertex -0.663306 -18.8098 8.66533
    endloop
  endfacet
  facet normal 0.0980203 -9.34513e-07 0.995184
    outer loop
      vertex -0.663306 16.371 8.66533
      vertex 0 18.6 8.6
      vertex -0.497488 18.699 8.649
    endloop
  endfacet
  facet normal 0.0980073 -0 0.995186
    outer loop
      vertex -0.663306 16.371 8.66533
      vertex -0.497488 18.699 8.649
      vertex -0.663306 18.8098 8.66533
    endloop
  endfacet
  facet normal 0.0980172 0 0.995185
    outer loop
      vertex 0 18.6 8.6
      vertex -0.663306 16.371 8.66533
      vertex 0 16.4 8.6
    endloop
  endfacet
  facet normal 0.881919 0 0.471402
    outer loop
      vertex -3.14119 23.1659 10.6989
      vertex -2.827 16.1536 10.1111
      vertex -2.827 23.2073 10.1111
    endloop
  endfacet
  facet normal 0.88157 -7.02977e-05 0.472054
    outer loop
      vertex -3.14119 23.1659 10.6989
      vertex -2.84783 16.1508 10.15
      vertex -2.827 16.1536 10.1111
    endloop
  endfacet
  facet normal 0.881943 0 0.471355
    outer loop
      vertex -2.84783 16.1508 10.15
      vertex -3.14119 23.1659 10.6989
      vertex -3.14119 16.0858 10.6989
    endloop
  endfacet
  facet normal 0.881943 -0 0.471355
    outer loop
      vertex -3.14119 -23.1659 10.6989
      vertex -2.84783 -16.1508 10.15
      vertex -3.14119 -16.0858 10.6989
    endloop
  endfacet
  facet normal 0.88157 7.02977e-05 0.472054
    outer loop
      vertex -3.14119 -23.1659 10.6989
      vertex -2.827 -16.1536 10.1111
      vertex -2.84783 -16.1508 10.15
    endloop
  endfacet
  facet normal 0.881919 0 0.471402
    outer loop
      vertex -2.827 -16.1536 10.1111
      vertex -3.14119 -23.1659 10.6989
      vertex -2.827 -23.2073 10.1111
    endloop
  endfacet
  facet normal 0.956938 0 -0.290292
    outer loop
      vertex -3.14119 -16.0858 13.3011
      vertex -3.33467 -23.1404 12.6633
      vertex -3.33467 -16.0429 12.6633
    endloop
  endfacet
  facet normal 0.956938 0 -0.290292
    outer loop
      vertex -3.33467 -23.1404 12.6633
      vertex -3.14119 -16.0858 13.3011
      vertex -3.14119 -23.1659 13.3011
    endloop
  endfacet
  facet normal 0.956938 0 -0.290292
    outer loop
      vertex -3.14119 16.0858 13.3011
      vertex -3.33467 23.1404 12.6633
      vertex -3.14119 23.1659 13.3011
    endloop
  endfacet
  facet normal 0.956938 0 -0.290292
    outer loop
      vertex -3.33467 23.1404 12.6633
      vertex -3.14119 16.0858 13.3011
      vertex -3.33467 16.0429 12.6633
    endloop
  endfacet
  facet normal 0.471389 0 0.881925
    outer loop
      vertex -1.88894 23.3175 9.173
      vertex -1.30112 16.3432 8.85881
      vertex -1.30112 23.3432 8.85881
    endloop
  endfacet
  facet normal 0.471395 5.88632e-07 0.881922
    outer loop
      vertex -1.30112 16.3432 8.85881
      vertex -1.88894 23.3175 9.173
      vertex -1.42935 16.3376 8.92735
    endloop
  endfacet
  facet normal 0.471388 0 0.881926
    outer loop
      vertex -1.42935 16.3376 8.92735
      vertex -1.88894 23.3175 9.173
      vertex -1.88894 16.2771 9.173
    endloop
  endfacet
  facet normal 0.471395 -5.88632e-07 0.881922
    outer loop
      vertex -1.88894 -23.3175 9.173
      vertex -1.30112 -16.3432 8.85881
      vertex -1.42935 -16.3376 8.92735
    endloop
  endfacet
  facet normal 0.471388 -0 0.881926
    outer loop
      vertex -1.88894 -23.3175 9.173
      vertex -1.42935 -16.3376 8.92735
      vertex -1.88894 -16.2771 9.173
    endloop
  endfacet
  facet normal 0.471389 0 0.881925
    outer loop
      vertex -1.30112 -16.3432 8.85881
      vertex -1.88894 -23.3175 9.173
      vertex -1.30112 -23.3432 8.85881
    endloop
  endfacet
  facet normal 0.995185 0 -0.0980181
    outer loop
      vertex -3.33467 -16.0429 12.6633
      vertex -3.4 -23.1318 12
      vertex -3.4 -16.0284 12
    endloop
  endfacet
  facet normal 0.995185 0 -0.0980181
    outer loop
      vertex -3.4 -23.1318 12
      vertex -3.33467 -16.0429 12.6633
      vertex -3.33467 -23.1404 12.6633
    endloop
  endfacet
  facet normal 0.995185 0 -0.0980181
    outer loop
      vertex -3.33467 16.0429 12.6633
      vertex -3.4 23.1318 12
      vertex -3.33467 23.1404 12.6633
    endloop
  endfacet
  facet normal 0.995185 0 -0.0980181
    outer loop
      vertex -3.4 23.1318 12
      vertex -3.33467 16.0429 12.6633
      vertex -3.4 16.0284 12
    endloop
  endfacet
  facet normal 0.0921443 -0.0921443 0.991473
    outer loop
      vertex 16.2644 16.8046 14.8334
      vertex 11.455 11.7262 14.8084
      vertex 16.4048 16.676 14.8084
    endloop
  endfacet
  facet normal 0.0921098 -0.0921116 0.991479
    outer loop
      vertex 11.455 11.7262 14.8084
      vertex 16.2644 16.8046 14.8334
      vertex 11.3146 11.8549 14.8334
    endloop
  endfacet
  facet normal 0.0309438 -0.0309438 0.999042
    outer loop
      vertex 16.4048 16.676 14.8084
      vertex 11.5966 11.5966 14.8
      vertex 16.5463 16.5463 14.8
    endloop
  endfacet
  facet normal 0.0309438 -0.0309438 0.999042
    outer loop
      vertex 11.5966 11.5966 14.8
      vertex 16.4048 16.676 14.8084
      vertex 11.455 11.7262 14.8084
    endloop
  endfacet
  facet normal 0.380275 -0.380267 0.843082
    outer loop
      vertex 15.6151 17.3996 15.1979
      vertex 10.7848 12.3404 15.0947
      vertex 15.7345 17.2902 15.0947
    endloop
  endfacet
  facet normal 0.380031 -0.380039 0.843295
    outer loop
      vertex 10.7848 12.3404 15.0947
      vertex 15.6151 17.3996 15.1979
      vertex 10.6653 12.4499 15.1979
    endloop
  endfacet
  facet normal 0.326208 -0.326214 0.887228
    outer loop
      vertex 15.7345 17.2902 15.0947
      vertex 10.8253 12.3033 15.0661
      vertex 15.8191 17.2127 15.0351
    endloop
  endfacet
  facet normal 0.32683 -0.326823 0.886774
    outer loop
      vertex 10.8253 12.3033 15.0661
      vertex 15.7345 17.2902 15.0947
      vertex 10.7848 12.3404 15.0947
    endloop
  endfacet
  facet normal -0.560938 0.560938 0.60885
    outer loop
      vertex 12.7203 10.3369 15.5859
      vertex 17.765 15.2164 15.7381
      vertex 17.686 15.3026 15.5859
    endloop
  endfacet
  facet normal -0.560938 0.560938 0.60885
    outer loop
      vertex 17.765 15.2164 15.7381
      vertex 12.7203 10.3369 15.5859
      vertex 12.792 10.2434 15.7381
    endloop
  endfacet
  facet normal -0.380267 0.380275 0.843082
    outer loop
      vertex 12.3404 10.7848 15.0947
      vertex 17.3996 15.6151 15.1979
      vertex 17.2902 15.7345 15.0947
    endloop
  endfacet
  facet normal -0.380039 0.380031 0.843295
    outer loop
      vertex 17.3996 15.6151 15.1979
      vertex 12.3404 10.7848 15.0947
      vertex 12.4499 10.6653 15.1979
    endloop
  endfacet
  facet normal -0.270409 0.270409 0.92399
    outer loop
      vertex 12.1054 11.0413 14.9327
      vertex 17.1358 15.9029 14.9821
      vertex 17.0551 15.991 14.9327
    endloop
  endfacet
  facet normal -0.270362 0.27036 0.924018
    outer loop
      vertex 17.1358 15.9029 14.9821
      vertex 12.1054 11.0413 14.9327
      vertex 12.1441 10.999 14.9564
    endloop
  endfacet
  facet normal 0.212556 -0.212561 0.953749
    outer loop
      vertex 15.991 17.0551 14.9327
      vertex 11.1763 11.9816 14.875
      vertex 16.1261 16.9313 14.875
    endloop
  endfacet
  facet normal 0.212633 -0.212633 0.953716
    outer loop
      vertex 11.1763 11.9816 14.875
      vertex 15.991 17.0551 14.9327
      vertex 11.0413 12.1054 14.9327
    endloop
  endfacet
  facet normal -0.701071 0.701064 -0.130414
    outer loop
      vertex 13.0312 9.93175 17.1917
      vertex 18.0035 14.9395 17.382
      vertex 18.0189 14.9195 17.1917
    endloop
  endfacet
  facet normal -0.701055 0.701054 -0.130559
    outer loop
      vertex 18.0035 14.9395 17.382
      vertex 13.0312 9.93175 17.1917
      vertex 13.0158 9.95179 17.382
    endloop
  endfacet
  facet normal -0.674379 0.674379 -0.300707
    outer loop
      vertex 17.978 14.9727 17.5694
      vertex 12.9549 10.0312 17.7524
      vertex 17.9426 15.0189 17.7524
    endloop
  endfacet
  facet normal -0.6744 0.674404 -0.300606
    outer loop
      vertex 12.9549 10.0312 17.7524
      vertex 17.978 14.9727 17.5694
      vertex 12.9903 9.98503 17.5694
    endloop
  endfacet
  facet normal -0.477807 0.477807 0.737157
    outer loop
      vertex 12.5528 10.5529 15.3147
      vertex 17.5983 15.3983 15.4444
      vertex 17.5026 15.5027 15.3147
    endloop
  endfacet
  facet normal -0.477888 0.477888 0.737053
    outer loop
      vertex 17.5983 15.3983 15.4444
      vertex 12.5631 10.5417 15.3286
      vertex 12.6407 10.4407 15.4444
    endloop
  endfacet
  facet normal -0.477165 0.477115 0.738021
    outer loop
      vertex 17.5983 15.3983 15.4444
      vertex 12.5528 10.5529 15.3147
      vertex 12.5631 10.5417 15.3286
    endloop
  endfacet
  facet normal 0.477807 -0.477807 0.737157
    outer loop
      vertex 15.3983 17.5983 15.4444
      vertex 10.5529 12.5528 15.3147
      vertex 15.5027 17.5026 15.3147
    endloop
  endfacet
  facet normal 0.477115 -0.477165 0.738021
    outer loop
      vertex 15.3983 17.5983 15.4444
      vertex 10.5417 12.5631 15.3286
      vertex 10.5529 12.5528 15.3147
    endloop
  endfacet
  facet normal 0.477888 -0.477888 0.737053
    outer loop
      vertex 10.5417 12.5631 15.3286
      vertex 15.3983 17.5983 15.4444
      vertex 10.4407 12.6407 15.4444
    endloop
  endfacet
  facet normal 0.430288 -0.430296 0.793535
    outer loop
      vertex 15.5027 17.5026 15.3147
      vertex 10.6653 12.4499 15.1979
      vertex 15.6151 17.3996 15.1979
    endloop
  endfacet
  facet normal 0.430418 -0.430418 0.793398
    outer loop
      vertex 10.6653 12.4499 15.1979
      vertex 15.5027 17.5026 15.3147
      vertex 10.5529 12.5528 15.3147
    endloop
  endfacet
  facet normal 0.627205 -0.627218 -0.461748
    outer loop
      vertex 15.1403 17.8347 18.1
      vertex 10.09 12.9098 17.9298
      vertex 15.0749 17.8946 17.9298
    endloop
  endfacet
  facet normal 0.627105 -0.627105 -0.462038
    outer loop
      vertex 10.09 12.9098 17.9298
      vertex 15.1403 17.8347 18.1
      vertex 10.1609 12.8553 18.1
    endloop
  endfacet
  facet normal -0.706441 0.706434 0.0434844
    outer loop
      vertex 13.0312 9.93175 16.8083
      vertex 18.024 14.9128 17
      vertex 18.0189 14.9195 16.8083
    endloop
  endfacet
  facet normal -0.706441 0.706434 0.0434844
    outer loop
      vertex 18.024 14.9128 17
      vertex 13.0312 9.93175 16.8083
      vertex 13.0363 9.92505 17
    endloop
  endfacet
  facet normal 0.0921443 -0.0921443 -0.991473
    outer loop
      vertex 11.455 11.7262 19.1916
      vertex 16.2644 16.8046 19.1666
      vertex 16.4048 16.676 19.1916
    endloop
  endfacet
  facet normal 0.0921098 -0.0921116 -0.991479
    outer loop
      vertex 16.2644 16.8046 19.1666
      vertex 11.455 11.7262 19.1916
      vertex 11.3146 11.8549 19.1666
    endloop
  endfacet
  facet normal -0.701071 0.701064 0.130414
    outer loop
      vertex 18.0035 14.9395 16.618
      vertex 13.0312 9.93175 16.8083
      vertex 18.0189 14.9195 16.8083
    endloop
  endfacet
  facet normal -0.701055 0.701054 0.130559
    outer loop
      vertex 13.0312 9.93175 16.8083
      vertex 18.0035 14.9395 16.618
      vertex 13.0158 9.95179 16.618
    endloop
  endfacet
  facet normal -0.153252 0.153249 0.976232
    outer loop
      vertex 11.8549 11.3146 14.8334
      vertex 16.9313 16.1261 14.875
      vertex 16.8046 16.2644 14.8334
    endloop
  endfacet
  facet normal -0.153252 0.153249 0.976232
    outer loop
      vertex 16.9313 16.1261 14.875
      vertex 11.8549 11.3146 14.8334
      vertex 11.9816 11.1763 14.875
    endloop
  endfacet
  facet normal -0.380039 0.380031 -0.843295
    outer loop
      vertex 12.3404 10.7848 18.9053
      vertex 17.3996 15.6151 18.8021
      vertex 12.4499 10.6653 18.8021
    endloop
  endfacet
  facet normal -0.380267 0.380275 -0.843082
    outer loop
      vertex 17.3996 15.6151 18.8021
      vertex 12.3404 10.7848 18.9053
      vertex 17.2902 15.7345 18.9053
    endloop
  endfacet
  facet normal -0.270446 0.270441 -0.92397
    outer loop
      vertex 12.1441 10.999 19.0436
      vertex 17.175 15.8602 18.9939
      vertex 12.2253 10.9104 18.9939
    endloop
  endfacet
  facet normal -0.270711 0.270717 -0.923812
    outer loop
      vertex 17.175 15.8602 18.9939
      vertex 12.1441 10.999 19.0436
      vertex 17.1358 15.9029 19.0179
    endloop
  endfacet
  facet normal 0.653269 -0.653279 -0.382708
    outer loop
      vertex 10.0312 12.9549 17.7524
      vertex 15.0412 17.9254 17.8197
      vertex 15.0749 17.8946 17.9298
    endloop
  endfacet
  facet normal 0.653096 -0.653096 -0.383318
    outer loop
      vertex 15.0412 17.9254 17.8197
      vertex 10.0312 12.9549 17.7524
      vertex 15.0189 17.9426 17.7524
    endloop
  endfacet
  facet normal 0.653292 -0.653305 -0.382625
    outer loop
      vertex 10.0312 12.9549 17.7524
      vertex 15.0749 17.8946 17.9298
      vertex 10.09 12.9098 17.9298
    endloop
  endfacet
  facet normal 0.560938 -0.560938 0.60885
    outer loop
      vertex 15.2164 17.765 15.7381
      vertex 10.3369 12.7203 15.5859
      vertex 15.3026 17.686 15.5859
    endloop
  endfacet
  facet normal 0.560938 -0.560938 0.60885
    outer loop
      vertex 10.3369 12.7203 15.5859
      vertex 15.2164 17.765 15.7381
      vertex 10.2434 12.792 15.7381
    endloop
  endfacet
  facet normal 0.560938 -0.560938 -0.60885
    outer loop
      vertex 10.3369 12.7203 18.4141
      vertex 15.2164 17.765 18.2619
      vertex 15.3026 17.686 18.4141
    endloop
  endfacet
  facet normal 0.560938 -0.560938 -0.60885
    outer loop
      vertex 15.2164 17.765 18.2619
      vertex 10.3369 12.7203 18.4141
      vertex 10.2434 12.792 18.2619
    endloop
  endfacet
  facet normal -0.270362 0.27036 -0.924018
    outer loop
      vertex 12.1054 11.0413 19.0673
      vertex 17.1358 15.9029 19.0179
      vertex 12.1441 10.999 19.0436
    endloop
  endfacet
  facet normal -0.270409 0.270409 -0.92399
    outer loop
      vertex 17.1358 15.9029 19.0179
      vertex 12.1054 11.0413 19.0673
      vertex 17.0551 15.991 19.0673
    endloop
  endfacet
  facet normal 0.270409 -0.270409 -0.92399
    outer loop
      vertex 11.0413 12.1054 19.0673
      vertex 15.9029 17.1358 19.0179
      vertex 15.991 17.0551 19.0673
    endloop
  endfacet
  facet normal 0.27036 -0.270362 -0.924018
    outer loop
      vertex 15.9029 17.1358 19.0179
      vertex 11.0413 12.1054 19.0673
      vertex 10.999 12.1441 19.0436
    endloop
  endfacet
  facet normal -0.212561 0.212556 0.953749
    outer loop
      vertex 11.9816 11.1763 14.875
      vertex 17.0551 15.991 14.9327
      vertex 16.9313 16.1261 14.875
    endloop
  endfacet
  facet normal -0.212633 0.212633 0.953716
    outer loop
      vertex 17.0551 15.991 14.9327
      vertex 11.9816 11.1763 14.875
      vertex 12.1054 11.0413 14.9327
    endloop
  endfacet
  facet normal 0.477807 -0.477807 -0.737157
    outer loop
      vertex 10.5529 12.5528 18.6853
      vertex 15.3983 17.5983 18.5556
      vertex 15.5027 17.5026 18.6853
    endloop
  endfacet
  facet normal 0.479043 -0.478955 -0.735608
    outer loop
      vertex 10.5417 12.5631 18.6713
      vertex 15.3983 17.5983 18.5556
      vertex 10.5529 12.5528 18.6853
    endloop
  endfacet
  facet normal 0.477663 -0.477663 -0.737344
    outer loop
      vertex 15.3983 17.5983 18.5556
      vertex 10.5417 12.5631 18.6713
      vertex 10.4407 12.6407 18.5556
    endloop
  endfacet
  facet normal 0.270409 -0.270409 0.92399
    outer loop
      vertex 15.9029 17.1358 14.9821
      vertex 11.0413 12.1054 14.9327
      vertex 15.991 17.0551 14.9327
    endloop
  endfacet
  facet normal 0.27036 -0.270362 0.924018
    outer loop
      vertex 11.0413 12.1054 14.9327
      vertex 15.9029 17.1358 14.9821
      vertex 10.999 12.1441 14.9564
    endloop
  endfacet
  facet normal 0.153249 -0.153252 0.976232
    outer loop
      vertex 16.1261 16.9313 14.875
      vertex 11.3146 11.8549 14.8334
      vertex 16.2644 16.8046 14.8334
    endloop
  endfacet
  facet normal 0.153249 -0.153252 0.976232
    outer loop
      vertex 11.3146 11.8549 14.8334
      vertex 16.1261 16.9313 14.875
      vertex 11.1763 11.9816 14.875
    endloop
  endfacet
  facet normal -0.326823 0.32683 -0.886774
    outer loop
      vertex 12.3033 10.8253 18.9339
      vertex 17.2902 15.7345 18.9053
      vertex 12.3404 10.7848 18.9053
    endloop
  endfacet
  facet normal -0.326214 0.326208 -0.887228
    outer loop
      vertex 17.2902 15.7345 18.9053
      vertex 12.3033 10.8253 18.9339
      vertex 17.2127 15.8191 18.9649
    endloop
  endfacet
  facet normal -0.0309438 0.0309438 0.999042
    outer loop
      vertex 11.5966 11.5966 14.8
      vertex 16.676 16.4048 14.8084
      vertex 16.5463 16.5463 14.8
    endloop
  endfacet
  facet normal -0.0309438 0.0309438 0.999042
    outer loop
      vertex 16.676 16.4048 14.8084
      vertex 11.5966 11.5966 14.8
      vertex 11.7262 11.455 14.8084
    endloop
  endfacet
  facet normal 0.701064 -0.701071 0.130414
    outer loop
      vertex 9.93175 13.0312 16.8083
      vertex 14.9395 18.0035 16.618
      vertex 14.9195 18.0189 16.8083
    endloop
  endfacet
  facet normal 0.701054 -0.701055 0.130559
    outer loop
      vertex 14.9395 18.0035 16.618
      vertex 9.93175 13.0312 16.8083
      vertex 9.95179 13.0158 16.618
    endloop
  endfacet
  facet normal 0.690375 -0.690376 0.216249
    outer loop
      vertex 9.95179 13.0158 16.618
      vertex 14.9727 17.978 16.4306
      vertex 14.9395 18.0035 16.618
    endloop
  endfacet
  facet normal 0.690355 -0.690351 0.216389
    outer loop
      vertex 14.9727 17.978 16.4306
      vertex 9.95179 13.0158 16.618
      vertex 9.98503 12.9903 16.4306
    endloop
  endfacet
  facet normal 0.653238 -0.653238 0.382832
    outer loop
      vertex 10.0312 12.9549 16.2476
      vertex 15.0412 17.9254 16.1802
      vertex 15.0189 17.9426 16.2476
    endloop
  endfacet
  facet normal 0.653189 -0.653186 0.383005
    outer loop
      vertex 15.0412 17.9254 16.1802
      vertex 10.0312 12.9549 16.2476
      vertex 15.0749 17.8946 16.0702
    endloop
  endfacet
  facet normal 0.653292 -0.653305 0.382625
    outer loop
      vertex 15.0749 17.8946 16.0702
      vertex 10.0312 12.9549 16.2476
      vertex 10.09 12.9098 16.0702
    endloop
  endfacet
  facet normal 0.212556 -0.212561 -0.953749
    outer loop
      vertex 11.1763 11.9816 19.125
      vertex 15.991 17.0551 19.0673
      vertex 16.1261 16.9313 19.125
    endloop
  endfacet
  facet normal 0.212633 -0.212633 -0.953716
    outer loop
      vertex 15.991 17.0551 19.0673
      vertex 11.1763 11.9816 19.125
      vertex 11.0413 12.1054 19.0673
    endloop
  endfacet
  facet normal 0.674404 -0.6744 0.300606
    outer loop
      vertex 10.0312 12.9549 16.2476
      vertex 14.9727 17.978 16.4306
      vertex 9.98503 12.9903 16.4306
    endloop
  endfacet
  facet normal 0.674379 -0.674379 0.300707
    outer loop
      vertex 14.9727 17.978 16.4306
      vertex 10.0312 12.9549 16.2476
      vertex 15.0189 17.9426 16.2476
    endloop
  endfacet
  facet normal -0.521292 0.521292 -0.675654
    outer loop
      vertex 12.6407 10.4407 18.5556
      vertex 17.686 15.3026 18.4141
      vertex 12.7203 10.3369 18.4141
    endloop
  endfacet
  facet normal -0.521292 0.521292 -0.675654
    outer loop
      vertex 17.686 15.3026 18.4141
      vertex 12.6407 10.4407 18.5556
      vertex 17.5983 15.3983 18.5556
    endloop
  endfacet
  facet normal -0.430418 0.430418 -0.793398
    outer loop
      vertex 12.4499 10.6653 18.8021
      vertex 17.5026 15.5027 18.6853
      vertex 12.5528 10.5529 18.6853
    endloop
  endfacet
  facet normal -0.430296 0.430288 -0.793535
    outer loop
      vertex 17.5026 15.5027 18.6853
      vertex 12.4499 10.6653 18.8021
      vertex 17.3996 15.6151 18.8021
    endloop
  endfacet
  facet normal -0.326214 0.326208 0.887228
    outer loop
      vertex 12.3033 10.8253 15.0661
      vertex 17.2902 15.7345 15.0947
      vertex 17.2127 15.8191 15.0351
    endloop
  endfacet
  facet normal -0.326823 0.32683 0.886774
    outer loop
      vertex 17.2902 15.7345 15.0947
      vertex 12.3033 10.8253 15.0661
      vertex 12.3404 10.7848 15.0947
    endloop
  endfacet
  facet normal -0.0921443 0.0921443 0.991473
    outer loop
      vertex 11.7262 11.455 14.8084
      vertex 16.8046 16.2644 14.8334
      vertex 16.676 16.4048 14.8084
    endloop
  endfacet
  facet normal -0.0921116 0.0921098 0.991479
    outer loop
      vertex 16.8046 16.2644 14.8334
      vertex 11.7262 11.455 14.8084
      vertex 11.8549 11.3146 14.8334
    endloop
  endfacet
  facet normal 0.521292 -0.521292 0.675654
    outer loop
      vertex 15.3026 17.686 15.5859
      vertex 10.4407 12.6407 15.4444
      vertex 15.3983 17.5983 15.4444
    endloop
  endfacet
  facet normal 0.521292 -0.521292 0.675654
    outer loop
      vertex 10.4407 12.6407 15.4444
      vertex 15.3026 17.686 15.5859
      vertex 10.3369 12.7203 15.5859
    endloop
  endfacet
  facet normal -0.430296 0.430288 0.793535
    outer loop
      vertex 12.4499 10.6653 15.1979
      vertex 17.5026 15.5027 15.3147
      vertex 17.3996 15.6151 15.1979
    endloop
  endfacet
  facet normal -0.430418 0.430418 0.793398
    outer loop
      vertex 17.5026 15.5027 15.3147
      vertex 12.4499 10.6653 15.1979
      vertex 12.5528 10.5529 15.3147
    endloop
  endfacet
  facet normal 0.701064 -0.701071 -0.130414
    outer loop
      vertex 14.9395 18.0035 17.382
      vertex 9.93175 13.0312 17.1917
      vertex 14.9195 18.0189 17.1917
    endloop
  endfacet
  facet normal 0.701054 -0.701055 -0.130559
    outer loop
      vertex 9.93175 13.0312 17.1917
      vertex 14.9395 18.0035 17.382
      vertex 9.95179 13.0158 17.382
    endloop
  endfacet
  facet normal -0.153252 0.153249 -0.976232
    outer loop
      vertex 11.8549 11.3146 19.1666
      vertex 16.9313 16.1261 19.125
      vertex 11.9816 11.1763 19.125
    endloop
  endfacet
  facet normal -0.153252 0.153249 -0.976232
    outer loop
      vertex 16.9313 16.1261 19.125
      vertex 11.8549 11.3146 19.1666
      vertex 16.8046 16.2644 19.1666
    endloop
  endfacet
  facet normal -0.653194 0.653181 0.383005
    outer loop
      vertex 12.9098 10.09 16.0702
      vertex 17.9254 15.0412 16.1802
      vertex 17.8946 15.0749 16.0702
    endloop
  endfacet
  facet normal -0.653242 0.653234 0.382832
    outer loop
      vertex 17.9254 15.0412 16.1802
      vertex 12.9098 10.09 16.0702
      vertex 17.9426 15.0189 16.2476
    endloop
  endfacet
  facet normal -0.653299 0.653299 0.382625
    outer loop
      vertex 17.9426 15.0189 16.2476
      vertex 12.9098 10.09 16.0702
      vertex 12.9549 10.0312 16.2476
    endloop
  endfacet
  facet normal 0.430288 -0.430296 -0.793535
    outer loop
      vertex 10.6653 12.4499 18.8021
      vertex 15.5027 17.5026 18.6853
      vertex 15.6151 17.3996 18.8021
    endloop
  endfacet
  facet normal 0.430418 -0.430418 -0.793398
    outer loop
      vertex 15.5027 17.5026 18.6853
      vertex 10.6653 12.4499 18.8021
      vertex 10.5529 12.5528 18.6853
    endloop
  endfacet
  facet normal 0.270717 -0.270711 0.923812
    outer loop
      vertex 15.8602 17.175 15.0061
      vertex 10.999 12.1441 14.9564
      vertex 15.9029 17.1358 14.9821
    endloop
  endfacet
  facet normal 0.270441 -0.270446 0.92397
    outer loop
      vertex 10.999 12.1441 14.9564
      vertex 15.8602 17.175 15.0061
      vertex 10.9104 12.2253 15.0061
    endloop
  endfacet
  facet normal -0.706441 0.706434 -0.0434844
    outer loop
      vertex 18.024 14.9128 17
      vertex 13.0312 9.93175 17.1917
      vertex 18.0189 14.9195 17.1917
    endloop
  endfacet
  facet normal -0.706441 0.706434 -0.0434844
    outer loop
      vertex 13.0312 9.93175 17.1917
      vertex 18.024 14.9128 17
      vertex 13.0363 9.92505 17
    endloop
  endfacet
  facet normal 0.690375 -0.690376 -0.216249
    outer loop
      vertex 14.9727 17.978 17.5694
      vertex 9.95179 13.0158 17.382
      vertex 14.9395 18.0035 17.382
    endloop
  endfacet
  facet normal 0.690355 -0.690351 -0.216389
    outer loop
      vertex 9.95179 13.0158 17.382
      vertex 14.9727 17.978 17.5694
      vertex 9.98503 12.9903 17.5694
    endloop
  endfacet
  facet normal -0.627218 0.627205 -0.461748
    outer loop
      vertex 12.9098 10.09 17.9298
      vertex 17.8347 15.1403 18.1
      vertex 17.8946 15.0749 17.9298
    endloop
  endfacet
  facet normal -0.627105 0.627105 -0.462038
    outer loop
      vertex 17.8347 15.1403 18.1
      vertex 12.9098 10.09 17.9298
      vertex 12.8553 10.1609 18.1
    endloop
  endfacet
  facet normal -0.477663 0.477663 -0.737344
    outer loop
      vertex 12.5631 10.5417 18.6713
      vertex 17.5983 15.3983 18.5556
      vertex 12.6407 10.4407 18.5556
    endloop
  endfacet
  facet normal -0.478955 0.479043 -0.735608
    outer loop
      vertex 12.5528 10.5529 18.6853
      vertex 17.5983 15.3983 18.5556
      vertex 12.5631 10.5417 18.6713
    endloop
  endfacet
  facet normal -0.477807 0.477807 -0.737157
    outer loop
      vertex 17.5983 15.3983 18.5556
      vertex 12.5528 10.5529 18.6853
      vertex 17.5026 15.5027 18.6853
    endloop
  endfacet
  facet normal 0.706434 -0.706441 0.0434844
    outer loop
      vertex 9.92505 13.0363 17
      vertex 14.9195 18.0189 16.8083
      vertex 14.9128 18.024 17
    endloop
  endfacet
  facet normal 0.706434 -0.706441 0.0434844
    outer loop
      vertex 14.9195 18.0189 16.8083
      vertex 9.92505 13.0363 17
      vertex 9.93175 13.0312 16.8083
    endloop
  endfacet
  facet normal 0.674381 -0.674377 -0.300707
    outer loop
      vertex 15.0189 17.9426 17.7524
      vertex 9.98503 12.9903 17.5694
      vertex 14.9727 17.978 17.5694
    endloop
  endfacet
  facet normal 0.674402 -0.674402 -0.300606
    outer loop
      vertex 9.98503 12.9903 17.5694
      vertex 15.0189 17.9426 17.7524
      vertex 10.0312 12.9549 17.7524
    endloop
  endfacet
  facet normal 0.596444 -0.596444 -0.537131
    outer loop
      vertex 15.2164 17.765 18.2619
      vertex 10.1609 12.8553 18.1
      vertex 15.1403 17.8347 18.1
    endloop
  endfacet
  facet normal 0.596444 -0.596444 -0.537131
    outer loop
      vertex 10.1609 12.8553 18.1
      vertex 15.2164 17.765 18.2619
      vertex 10.2434 12.792 18.2619
    endloop
  endfacet
  facet normal 0.596444 -0.596444 0.537131
    outer loop
      vertex 10.1609 12.8553 15.9
      vertex 15.2164 17.765 15.7381
      vertex 15.1403 17.8347 15.9
    endloop
  endfacet
  facet normal 0.596444 -0.596444 0.537131
    outer loop
      vertex 15.2164 17.765 15.7381
      vertex 10.1609 12.8553 15.9
      vertex 10.2434 12.792 15.7381
    endloop
  endfacet
  facet normal -0.690376 0.690375 0.216249
    outer loop
      vertex 17.978 14.9727 16.4306
      vertex 13.0158 9.95179 16.618
      vertex 18.0035 14.9395 16.618
    endloop
  endfacet
  facet normal -0.690351 0.690355 0.216389
    outer loop
      vertex 13.0158 9.95179 16.618
      vertex 17.978 14.9727 16.4306
      vertex 12.9903 9.98503 16.4306
    endloop
  endfacet
  facet normal 0.326449 -0.326456 0.88705
    outer loop
      vertex 15.8191 17.2127 15.0351
      vertex 10.9104 12.2253 15.0061
      vertex 15.8602 17.175 15.0061
    endloop
  endfacet
  facet normal 0.326345 -0.326354 0.887126
    outer loop
      vertex 10.9104 12.2253 15.0061
      vertex 15.8191 17.2127 15.0351
      vertex 10.8253 12.3033 15.0661
    endloop
  endfacet
  facet normal -0.0921116 0.0921098 -0.991479
    outer loop
      vertex 11.7262 11.455 19.1916
      vertex 16.8046 16.2644 19.1666
      vertex 11.8549 11.3146 19.1666
    endloop
  endfacet
  facet normal -0.0921443 0.0921443 -0.991473
    outer loop
      vertex 16.8046 16.2644 19.1666
      vertex 11.7262 11.455 19.1916
      vertex 16.676 16.4048 19.1916
    endloop
  endfacet
  facet normal 0.521292 -0.521292 -0.675654
    outer loop
      vertex 10.4407 12.6407 18.5556
      vertex 15.3026 17.686 18.4141
      vertex 15.3983 17.5983 18.5556
    endloop
  endfacet
  facet normal 0.521292 -0.521292 -0.675654
    outer loop
      vertex 15.3026 17.686 18.4141
      vertex 10.4407 12.6407 18.5556
      vertex 10.3369 12.7203 18.4141
    endloop
  endfacet
  facet normal -0.0309438 0.0309438 -0.999042
    outer loop
      vertex 11.5966 11.5966 19.2
      vertex 16.676 16.4048 19.1916
      vertex 11.7262 11.455 19.1916
    endloop
  endfacet
  facet normal -0.0309438 0.0309438 -0.999042
    outer loop
      vertex 16.676 16.4048 19.1916
      vertex 11.5966 11.5966 19.2
      vertex 16.5463 16.5463 19.2
    endloop
  endfacet
  facet normal 0.326449 -0.326456 -0.88705
    outer loop
      vertex 10.9104 12.2253 18.9939
      vertex 15.8191 17.2127 18.9649
      vertex 15.8602 17.175 18.9939
    endloop
  endfacet
  facet normal 0.326345 -0.326354 -0.887126
    outer loop
      vertex 15.8191 17.2127 18.9649
      vertex 10.9104 12.2253 18.9939
      vertex 10.8253 12.3033 18.9339
    endloop
  endfacet
  facet normal 0.153249 -0.153252 -0.976232
    outer loop
      vertex 11.3146 11.8549 19.1666
      vertex 16.1261 16.9313 19.125
      vertex 16.2644 16.8046 19.1666
    endloop
  endfacet
  facet normal 0.153249 -0.153252 -0.976232
    outer loop
      vertex 16.1261 16.9313 19.125
      vertex 11.3146 11.8549 19.1666
      vertex 11.1763 11.9816 19.125
    endloop
  endfacet
  facet normal -0.212633 0.212633 -0.953716
    outer loop
      vertex 11.9816 11.1763 19.125
      vertex 17.0551 15.991 19.0673
      vertex 12.1054 11.0413 19.0673
    endloop
  endfacet
  facet normal -0.212561 0.212556 -0.953749
    outer loop
      vertex 17.0551 15.991 19.0673
      vertex 11.9816 11.1763 19.125
      vertex 16.9313 16.1261 19.125
    endloop
  endfacet
  facet normal -0.674379 0.674379 0.300707
    outer loop
      vertex 12.9549 10.0312 16.2476
      vertex 17.978 14.9727 16.4306
      vertex 17.9426 15.0189 16.2476
    endloop
  endfacet
  facet normal -0.6744 0.674404 0.300606
    outer loop
      vertex 17.978 14.9727 16.4306
      vertex 12.9549 10.0312 16.2476
      vertex 12.9903 9.98503 16.4306
    endloop
  endfacet
  facet normal -0.560938 0.560938 -0.60885
    outer loop
      vertex 12.7203 10.3369 18.4141
      vertex 17.765 15.2164 18.2619
      vertex 12.792 10.2434 18.2619
    endloop
  endfacet
  facet normal -0.560938 0.560938 -0.60885
    outer loop
      vertex 17.765 15.2164 18.2619
      vertex 12.7203 10.3369 18.4141
      vertex 17.686 15.3026 18.4141
    endloop
  endfacet
  facet normal -0.596444 0.596444 -0.537131
    outer loop
      vertex 12.8553 10.1609 18.1
      vertex 17.765 15.2164 18.2619
      vertex 17.8347 15.1403 18.1
    endloop
  endfacet
  facet normal -0.596444 0.596444 -0.537131
    outer loop
      vertex 17.765 15.2164 18.2619
      vertex 12.8553 10.1609 18.1
      vertex 12.792 10.2434 18.2619
    endloop
  endfacet
  facet normal -0.627218 0.627205 0.461748
    outer loop
      vertex 17.8347 15.1403 15.9
      vertex 12.9098 10.09 16.0702
      vertex 17.8946 15.0749 16.0702
    endloop
  endfacet
  facet normal -0.627105 0.627105 0.462038
    outer loop
      vertex 12.9098 10.09 16.0702
      vertex 17.8347 15.1403 15.9
      vertex 12.8553 10.1609 15.9
    endloop
  endfacet
  facet normal -0.326456 0.326449 0.88705
    outer loop
      vertex 12.2253 10.9104 15.0061
      vertex 17.2127 15.8191 15.0351
      vertex 17.175 15.8602 15.0061
    endloop
  endfacet
  facet normal -0.326354 0.326345 0.887126
    outer loop
      vertex 17.2127 15.8191 15.0351
      vertex 12.2253 10.9104 15.0061
      vertex 12.3033 10.8253 15.0661
    endloop
  endfacet
  facet normal -0.270711 0.270717 0.923812
    outer loop
      vertex 12.1441 10.999 14.9564
      vertex 17.175 15.8602 15.0061
      vertex 17.1358 15.9029 14.9821
    endloop
  endfacet
  facet normal -0.270446 0.270441 0.92397
    outer loop
      vertex 17.175 15.8602 15.0061
      vertex 12.1441 10.999 14.9564
      vertex 12.2253 10.9104 15.0061
    endloop
  endfacet
  facet normal 0.326208 -0.326214 -0.887228
    outer loop
      vertex 10.8253 12.3033 18.9339
      vertex 15.7345 17.2902 18.9053
      vertex 15.8191 17.2127 18.9649
    endloop
  endfacet
  facet normal 0.32683 -0.326823 -0.886774
    outer loop
      vertex 15.7345 17.2902 18.9053
      vertex 10.8253 12.3033 18.9339
      vertex 10.7848 12.3404 18.9053
    endloop
  endfacet
  facet normal -0.596444 0.596444 0.537131
    outer loop
      vertex 17.765 15.2164 15.7381
      vertex 12.8553 10.1609 15.9
      vertex 17.8347 15.1403 15.9
    endloop
  endfacet
  facet normal -0.596444 0.596444 0.537131
    outer loop
      vertex 12.8553 10.1609 15.9
      vertex 17.765 15.2164 15.7381
      vertex 12.792 10.2434 15.7381
    endloop
  endfacet
  facet normal 0.706434 -0.706441 -0.0434844
    outer loop
      vertex 14.9195 18.0189 17.1917
      vertex 9.92505 13.0363 17
      vertex 14.9128 18.024 17
    endloop
  endfacet
  facet normal 0.706434 -0.706441 -0.0434844
    outer loop
      vertex 9.92505 13.0363 17
      vertex 14.9195 18.0189 17.1917
      vertex 9.93175 13.0312 17.1917
    endloop
  endfacet
  facet normal 0.270717 -0.270711 -0.923812
    outer loop
      vertex 10.999 12.1441 19.0436
      vertex 15.8602 17.175 18.9939
      vertex 15.9029 17.1358 19.0179
    endloop
  endfacet
  facet normal 0.270441 -0.270446 -0.92397
    outer loop
      vertex 15.8602 17.175 18.9939
      vertex 10.999 12.1441 19.0436
      vertex 10.9104 12.2253 18.9939
    endloop
  endfacet
  facet normal -0.65311 0.653081 -0.383317
    outer loop
      vertex 12.9098 10.09 17.9298
      vertex 17.9254 15.0412 17.8197
      vertex 17.9426 15.0189 17.7524
    endloop
  endfacet
  facet normal -0.653281 0.653268 -0.382708
    outer loop
      vertex 17.9254 15.0412 17.8197
      vertex 12.9098 10.09 17.9298
      vertex 17.8946 15.0749 17.9298
    endloop
  endfacet
  facet normal -0.653299 0.653299 -0.382625
    outer loop
      vertex 12.9098 10.09 17.9298
      vertex 17.9426 15.0189 17.7524
      vertex 12.9549 10.0312 17.7524
    endloop
  endfacet
  facet normal 0.627205 -0.627218 0.461748
    outer loop
      vertex 10.09 12.9098 16.0702
      vertex 15.1403 17.8347 15.9
      vertex 15.0749 17.8946 16.0702
    endloop
  endfacet
  facet normal 0.627105 -0.627105 0.462038
    outer loop
      vertex 15.1403 17.8347 15.9
      vertex 10.09 12.9098 16.0702
      vertex 10.1609 12.8553 15.9
    endloop
  endfacet
  facet normal 0.380275 -0.380267 -0.843082
    outer loop
      vertex 10.7848 12.3404 18.9053
      vertex 15.6151 17.3996 18.8021
      vertex 15.7345 17.2902 18.9053
    endloop
  endfacet
  facet normal 0.380031 -0.380039 -0.843295
    outer loop
      vertex 15.6151 17.3996 18.8021
      vertex 10.7848 12.3404 18.9053
      vertex 10.6653 12.4499 18.8021
    endloop
  endfacet
  facet normal -0.326354 0.326345 -0.887126
    outer loop
      vertex 12.2253 10.9104 18.9939
      vertex 17.2127 15.8191 18.9649
      vertex 12.3033 10.8253 18.9339
    endloop
  endfacet
  facet normal -0.326456 0.326449 -0.88705
    outer loop
      vertex 17.2127 15.8191 18.9649
      vertex 12.2253 10.9104 18.9939
      vertex 17.175 15.8602 18.9939
    endloop
  endfacet
  facet normal 0.0309438 -0.0309438 -0.999042
    outer loop
      vertex 11.5966 11.5966 19.2
      vertex 16.4048 16.676 19.1916
      vertex 16.5463 16.5463 19.2
    endloop
  endfacet
  facet normal 0.0309438 -0.0309438 -0.999042
    outer loop
      vertex 16.4048 16.676 19.1916
      vertex 11.5966 11.5966 19.2
      vertex 11.455 11.7262 19.1916
    endloop
  endfacet
  facet normal -0.521292 0.521292 0.675654
    outer loop
      vertex 12.6407 10.4407 15.4444
      vertex 17.686 15.3026 15.5859
      vertex 17.5983 15.3983 15.4444
    endloop
  endfacet
  facet normal -0.521292 0.521292 0.675654
    outer loop
      vertex 17.686 15.3026 15.5859
      vertex 12.6407 10.4407 15.4444
      vertex 12.7203 10.3369 15.5859
    endloop
  endfacet
  facet normal -0.690376 0.690375 -0.216249
    outer loop
      vertex 13.0158 9.95179 17.382
      vertex 17.978 14.9727 17.5694
      vertex 18.0035 14.9395 17.382
    endloop
  endfacet
  facet normal -0.690351 0.690355 -0.216389
    outer loop
      vertex 17.978 14.9727 17.5694
      vertex 13.0158 9.95179 17.382
      vertex 12.9903 9.98503 17.5694
    endloop
  endfacet
endsolid OpenSCAD_Model
