solid OpenSCAD_Model
  facet normal -0.195092 -0.980785 0
    outer loop
      vertex 16.4 1.3 26
      vertex 16.8975 1.20104 17.3317
      vertex 16.8975 1.20104 26
    endloop
  endfacet
  facet normal -0.195096 -0.980784 -2.34011e-07
    outer loop
      vertex 16.4 1.3 26
      vertex 16.5368 1.27279 17.2728
      vertex 16.8975 1.20104 17.3317
    endloop
  endfacet
  facet normal -0.195082 -0.980787 0
    outer loop
      vertex 16.5368 1.27279 17.2728
      vertex 16.4 1.3 26
      vertex 16.4 1.3 17.2396
    endloop
  endfacet
  facet normal -0.555613 0.831441 0
    outer loop
      vertex 17.3192 -0.919238 17.5398
      vertex 16.8975 -1.20104 26
      vertex 17.3192 -0.919238 26
    endloop
  endfacet
  facet normal -0.555614 0.83144 -9.95119e-08
    outer loop
      vertex 17.1983 -1.00003 17.4966
      vertex 16.8975 -1.20104 26
      vertex 17.3192 -0.919238 17.5398
    endloop
  endfacet
  facet normal -0.555612 0.831442 0
    outer loop
      vertex 16.8975 -1.20104 26
      vertex 17.1983 -1.00003 17.4966
      vertex 16.8975 -1.20104 17.3317
    endloop
  endfacet
  facet normal -0.980793 -0.195051 0
    outer loop
      vertex 17.6301 0.351162 17.7654
      vertex 17.601 0.497488 26
      vertex 17.601 0.497488 17.721
    endloop
  endfacet
  facet normal -0.980759 -0.195223 3.17351e-06
    outer loop
      vertex 17.7 0 17.8
      vertex 17.601 0.497488 26
      vertex 17.6301 0.351162 17.7654
    endloop
  endfacet
  facet normal -0.980769 -0.195173 0
    outer loop
      vertex 17.601 0.497488 26
      vertex 17.7 0 17.8
      vertex 17.7 0 26
    endloop
  endfacet
  facet normal 0.831394 -0.555684 0
    outer loop
      vertex 15.4808 0.919238 26
      vertex 15.3268 0.688829 17.663
      vertex 15.4808 0.919238 17.5398
    endloop
  endfacet
  facet normal 0.831474 -0.555564 0
    outer loop
      vertex 15.199 0.497488 17.721
      vertex 15.4808 0.919238 26
      vertex 15.199 0.497488 26
    endloop
  endfacet
  facet normal 0.831568 -0.555422 -1.04652e-05
    outer loop
      vertex 15.4808 0.919238 26
      vertex 15.199 0.497488 17.721
      vertex 15.3268 0.688829 17.663
    endloop
  endfacet
  facet normal 0.980769 0.195173 0
    outer loop
      vertex 15.199 -0.497488 26
      vertex 15.1 0 17.8
      vertex 15.1 0 26
    endloop
  endfacet
  facet normal 0.980759 0.195223 3.17351e-06
    outer loop
      vertex 15.1 0 17.8
      vertex 15.199 -0.497488 26
      vertex 15.1699 -0.351162 17.7654
    endloop
  endfacet
  facet normal 0.980793 0.195051 0
    outer loop
      vertex 15.1699 -0.351162 17.7654
      vertex 15.199 -0.497488 26
      vertex 15.199 -0.497488 17.721
    endloop
  endfacet
  facet normal -0.831394 -0.555684 0
    outer loop
      vertex 17.4732 0.688829 17.663
      vertex 17.3192 0.919238 26
      vertex 17.3192 0.919238 17.5398
    endloop
  endfacet
  facet normal -0.831568 -0.555422 -1.04652e-05
    outer loop
      vertex 17.601 0.497488 17.721
      vertex 17.3192 0.919238 26
      vertex 17.4732 0.688829 17.663
    endloop
  endfacet
  facet normal -0.831474 -0.555564 0
    outer loop
      vertex 17.3192 0.919238 26
      vertex 17.601 0.497488 17.721
      vertex 17.601 0.497488 26
    endloop
  endfacet
  facet normal -0.555613 -0.831441 0
    outer loop
      vertex 16.8975 1.20104 26
      vertex 17.3192 0.919238 17.5398
      vertex 17.3192 0.919238 26
    endloop
  endfacet
  facet normal -0.555614 -0.83144 -9.95119e-08
    outer loop
      vertex 16.8975 1.20104 26
      vertex 17.1983 1.00003 17.4966
      vertex 17.3192 0.919238 17.5398
    endloop
  endfacet
  facet normal -0.555612 -0.831442 0
    outer loop
      vertex 17.1983 1.00003 17.4966
      vertex 16.8975 1.20104 26
      vertex 16.8975 1.20104 17.3317
    endloop
  endfacet
  facet normal 0.555613 -0.831441 0
    outer loop
      vertex 15.4808 0.919238 17.5398
      vertex 15.9025 1.20104 26
      vertex 15.4808 0.919238 26
    endloop
  endfacet
  facet normal 0.555614 -0.83144 -9.95119e-08
    outer loop
      vertex 15.6017 1.00003 17.4966
      vertex 15.9025 1.20104 26
      vertex 15.4808 0.919238 17.5398
    endloop
  endfacet
  facet normal 0.555612 -0.831442 0
    outer loop
      vertex 15.9025 1.20104 26
      vertex 15.6017 1.00003 17.4966
      vertex 15.9025 1.20104 17.3317
    endloop
  endfacet
  facet normal -0.980759 0.195223 3.17351e-06
    outer loop
      vertex 17.601 -0.497488 26
      vertex 17.7 0 17.8
      vertex 17.6301 -0.351162 17.7654
    endloop
  endfacet
  facet normal -0.980793 0.195051 0
    outer loop
      vertex 17.601 -0.497488 26
      vertex 17.6301 -0.351162 17.7654
      vertex 17.601 -0.497488 17.721
    endloop
  endfacet
  facet normal -0.980769 0.195173 0
    outer loop
      vertex 17.7 0 17.8
      vertex 17.601 -0.497488 26
      vertex 17.7 0 26
    endloop
  endfacet
  facet normal 0.555613 0.831441 0
    outer loop
      vertex 15.9025 -1.20104 26
      vertex 15.4808 -0.919238 17.5398
      vertex 15.4808 -0.919238 26
    endloop
  endfacet
  facet normal 0.555614 0.83144 -9.95119e-08
    outer loop
      vertex 15.9025 -1.20104 26
      vertex 15.6017 -1.00003 17.4966
      vertex 15.4808 -0.919238 17.5398
    endloop
  endfacet
  facet normal 0.555612 0.831442 0
    outer loop
      vertex 15.6017 -1.00003 17.4966
      vertex 15.9025 -1.20104 26
      vertex 15.9025 -1.20104 17.3317
    endloop
  endfacet
  facet normal 0.980793 -0.195051 0
    outer loop
      vertex 15.199 0.497488 26
      vertex 15.1699 0.351162 17.7654
      vertex 15.199 0.497488 17.721
    endloop
  endfacet
  facet normal 0.980769 -0.195173 0
    outer loop
      vertex 15.1 0 17.8
      vertex 15.199 0.497488 26
      vertex 15.1 0 26
    endloop
  endfacet
  facet normal 0.980759 -0.195223 3.17351e-06
    outer loop
      vertex 15.199 0.497488 26
      vertex 15.1 0 17.8
      vertex 15.1699 0.351162 17.7654
    endloop
  endfacet
  facet normal -0.195092 0.980785 0
    outer loop
      vertex 16.8975 -1.20104 17.3317
      vertex 16.4 -1.3 26
      vertex 16.8975 -1.20104 26
    endloop
  endfacet
  facet normal -0.195096 0.980784 -2.34011e-07
    outer loop
      vertex 16.5368 -1.27279 17.2728
      vertex 16.4 -1.3 26
      vertex 16.8975 -1.20104 17.3317
    endloop
  endfacet
  facet normal -0.195082 0.980787 0
    outer loop
      vertex 16.4 -1.3 26
      vertex 16.5368 -1.27279 17.2728
      vertex 16.4 -1.3 17.2396
    endloop
  endfacet
  facet normal 0.195092 0.980785 0
    outer loop
      vertex 16.4 -1.3 26
      vertex 15.9025 -1.20104 17.3317
      vertex 15.9025 -1.20104 26
    endloop
  endfacet
  facet normal 0.195096 0.980784 -2.34011e-07
    outer loop
      vertex 16.4 -1.3 26
      vertex 16.2632 -1.27279 17.2728
      vertex 15.9025 -1.20104 17.3317
    endloop
  endfacet
  facet normal 0.195082 0.980787 0
    outer loop
      vertex 16.2632 -1.27279 17.2728
      vertex 16.4 -1.3 26
      vertex 16.4 -1.3 17.2396
    endloop
  endfacet
  facet normal 0.195092 -0.980785 0
    outer loop
      vertex 15.9025 1.20104 17.3317
      vertex 16.4 1.3 26
      vertex 15.9025 1.20104 26
    endloop
  endfacet
  facet normal 0.195096 -0.980784 -2.34011e-07
    outer loop
      vertex 16.2632 1.27279 17.2728
      vertex 16.4 1.3 26
      vertex 15.9025 1.20104 17.3317
    endloop
  endfacet
  facet normal 0.195082 -0.980787 0
    outer loop
      vertex 16.4 1.3 26
      vertex 16.2632 1.27279 17.2728
      vertex 16.4 1.3 17.2396
    endloop
  endfacet
  facet normal 0.831474 0.555564 0
    outer loop
      vertex 15.4808 -0.919238 26
      vertex 15.199 -0.497488 17.721
      vertex 15.199 -0.497488 26
    endloop
  endfacet
  facet normal 0.831568 0.555422 -1.04652e-05
    outer loop
      vertex 15.199 -0.497488 17.721
      vertex 15.4808 -0.919238 26
      vertex 15.3268 -0.688829 17.663
    endloop
  endfacet
  facet normal 0.831394 0.555684 0
    outer loop
      vertex 15.3268 -0.688829 17.663
      vertex 15.4808 -0.919238 26
      vertex 15.4808 -0.919238 17.5398
    endloop
  endfacet
  facet normal -0.831568 0.555422 -1.04652e-05
    outer loop
      vertex 17.3192 -0.919238 26
      vertex 17.601 -0.497488 17.721
      vertex 17.4732 -0.688829 17.663
    endloop
  endfacet
  facet normal -0.831394 0.555684 0
    outer loop
      vertex 17.3192 -0.919238 26
      vertex 17.4732 -0.688829 17.663
      vertex 17.3192 -0.919238 17.5398
    endloop
  endfacet
  facet normal -0.831474 0.555564 0
    outer loop
      vertex 17.601 -0.497488 17.721
      vertex 17.3192 -0.919238 26
      vertex 17.601 -0.497488 26
    endloop
  endfacet
  facet normal -0.195092 0.980785 0
    outer loop
      vertex -15.9025 -1.20104 17.3317
      vertex -16.4 -1.3 26
      vertex -15.9025 -1.20104 26
    endloop
  endfacet
  facet normal -0.195096 0.980784 -2.34011e-07
    outer loop
      vertex -16.2632 -1.27279 17.2728
      vertex -16.4 -1.3 26
      vertex -15.9025 -1.20104 17.3317
    endloop
  endfacet
  facet normal -0.195082 0.980787 0
    outer loop
      vertex -16.4 -1.3 26
      vertex -16.2632 -1.27279 17.2728
      vertex -16.4 -1.3 17.2396
    endloop
  endfacet
  facet normal 0.555613 -0.831441 0
    outer loop
      vertex -17.3192 0.919238 17.5398
      vertex -16.8975 1.20104 26
      vertex -17.3192 0.919238 26
    endloop
  endfacet
  facet normal 0.555614 -0.83144 -9.95119e-08
    outer loop
      vertex -17.1983 1.00003 17.4966
      vertex -16.8975 1.20104 26
      vertex -17.3192 0.919238 17.5398
    endloop
  endfacet
  facet normal 0.555612 -0.831442 0
    outer loop
      vertex -16.8975 1.20104 26
      vertex -17.1983 1.00003 17.4966
      vertex -16.8975 1.20104 17.3317
    endloop
  endfacet
  facet normal 0.555613 0.831441 0
    outer loop
      vertex -16.8975 -1.20104 26
      vertex -17.3192 -0.919238 17.5398
      vertex -17.3192 -0.919238 26
    endloop
  endfacet
  facet normal 0.555614 0.83144 -9.95119e-08
    outer loop
      vertex -16.8975 -1.20104 26
      vertex -17.1983 -1.00003 17.4966
      vertex -17.3192 -0.919238 17.5398
    endloop
  endfacet
  facet normal 0.555612 0.831442 0
    outer loop
      vertex -17.1983 -1.00003 17.4966
      vertex -16.8975 -1.20104 26
      vertex -16.8975 -1.20104 17.3317
    endloop
  endfacet
  facet normal -0.980759 0.195223 3.17351e-06
    outer loop
      vertex -15.199 -0.497488 26
      vertex -15.1 0 17.8
      vertex -15.1699 -0.351162 17.7654
    endloop
  endfacet
  facet normal -0.980793 0.195051 0
    outer loop
      vertex -15.199 -0.497488 26
      vertex -15.1699 -0.351162 17.7654
      vertex -15.199 -0.497488 17.721
    endloop
  endfacet
  facet normal -0.980769 0.195173 0
    outer loop
      vertex -15.1 0 17.8
      vertex -15.199 -0.497488 26
      vertex -15.1 0 26
    endloop
  endfacet
  facet normal 0.195092 0.980785 0
    outer loop
      vertex -16.4 -1.3 26
      vertex -16.8975 -1.20104 17.3317
      vertex -16.8975 -1.20104 26
    endloop
  endfacet
  facet normal 0.195096 0.980784 -2.34011e-07
    outer loop
      vertex -16.4 -1.3 26
      vertex -16.5368 -1.27279 17.2728
      vertex -16.8975 -1.20104 17.3317
    endloop
  endfacet
  facet normal 0.195082 0.980787 0
    outer loop
      vertex -16.5368 -1.27279 17.2728
      vertex -16.4 -1.3 26
      vertex -16.4 -1.3 17.2396
    endloop
  endfacet
  facet normal -0.980793 -0.195051 0
    outer loop
      vertex -15.1699 0.351162 17.7654
      vertex -15.199 0.497488 26
      vertex -15.199 0.497488 17.721
    endloop
  endfacet
  facet normal -0.980759 -0.195223 3.17351e-06
    outer loop
      vertex -15.1 0 17.8
      vertex -15.199 0.497488 26
      vertex -15.1699 0.351162 17.7654
    endloop
  endfacet
  facet normal -0.980769 -0.195173 0
    outer loop
      vertex -15.199 0.497488 26
      vertex -15.1 0 17.8
      vertex -15.1 0 26
    endloop
  endfacet
  facet normal 0.980793 -0.195051 0
    outer loop
      vertex -17.601 0.497488 26
      vertex -17.6301 0.351162 17.7654
      vertex -17.601 0.497488 17.721
    endloop
  endfacet
  facet normal 0.980769 -0.195173 0
    outer loop
      vertex -17.7 0 17.8
      vertex -17.601 0.497488 26
      vertex -17.7 0 26
    endloop
  endfacet
  facet normal 0.980759 -0.195223 3.17351e-06
    outer loop
      vertex -17.601 0.497488 26
      vertex -17.7 0 17.8
      vertex -17.6301 0.351162 17.7654
    endloop
  endfacet
  facet normal 0.980769 0.195173 0
    outer loop
      vertex -17.601 -0.497488 26
      vertex -17.7 0 17.8
      vertex -17.7 0 26
    endloop
  endfacet
  facet normal 0.980759 0.195223 3.17351e-06
    outer loop
      vertex -17.7 0 17.8
      vertex -17.601 -0.497488 26
      vertex -17.6301 -0.351162 17.7654
    endloop
  endfacet
  facet normal 0.980793 0.195051 0
    outer loop
      vertex -17.6301 -0.351162 17.7654
      vertex -17.601 -0.497488 26
      vertex -17.601 -0.497488 17.721
    endloop
  endfacet
  facet normal -0.831394 -0.555684 0
    outer loop
      vertex -15.3268 0.688829 17.663
      vertex -15.4808 0.919238 26
      vertex -15.4808 0.919238 17.5398
    endloop
  endfacet
  facet normal -0.831568 -0.555422 -1.04652e-05
    outer loop
      vertex -15.199 0.497488 17.721
      vertex -15.4808 0.919238 26
      vertex -15.3268 0.688829 17.663
    endloop
  endfacet
  facet normal -0.831474 -0.555564 0
    outer loop
      vertex -15.4808 0.919238 26
      vertex -15.199 0.497488 17.721
      vertex -15.199 0.497488 26
    endloop
  endfacet
  facet normal -0.555613 0.831441 0
    outer loop
      vertex -15.4808 -0.919238 17.5398
      vertex -15.9025 -1.20104 26
      vertex -15.4808 -0.919238 26
    endloop
  endfacet
  facet normal -0.555614 0.83144 -9.95119e-08
    outer loop
      vertex -15.6017 -1.00003 17.4966
      vertex -15.9025 -1.20104 26
      vertex -15.4808 -0.919238 17.5398
    endloop
  endfacet
  facet normal -0.555612 0.831442 0
    outer loop
      vertex -15.9025 -1.20104 26
      vertex -15.6017 -1.00003 17.4966
      vertex -15.9025 -1.20104 17.3317
    endloop
  endfacet
  facet normal -0.831568 0.555422 -1.04652e-05
    outer loop
      vertex -15.4808 -0.919238 26
      vertex -15.199 -0.497488 17.721
      vertex -15.3268 -0.688829 17.663
    endloop
  endfacet
  facet normal -0.831394 0.555684 0
    outer loop
      vertex -15.4808 -0.919238 26
      vertex -15.3268 -0.688829 17.663
      vertex -15.4808 -0.919238 17.5398
    endloop
  endfacet
  facet normal -0.831474 0.555564 0
    outer loop
      vertex -15.199 -0.497488 17.721
      vertex -15.4808 -0.919238 26
      vertex -15.199 -0.497488 26
    endloop
  endfacet
  facet normal 0.195092 -0.980785 0
    outer loop
      vertex -16.8975 1.20104 17.3317
      vertex -16.4 1.3 26
      vertex -16.8975 1.20104 26
    endloop
  endfacet
  facet normal 0.195096 -0.980784 -2.34011e-07
    outer loop
      vertex -16.5368 1.27279 17.2728
      vertex -16.4 1.3 26
      vertex -16.8975 1.20104 17.3317
    endloop
  endfacet
  facet normal 0.195082 -0.980787 0
    outer loop
      vertex -16.4 1.3 26
      vertex -16.5368 1.27279 17.2728
      vertex -16.4 1.3 17.2396
    endloop
  endfacet
  facet normal 0.831474 0.555564 0
    outer loop
      vertex -17.3192 -0.919238 26
      vertex -17.601 -0.497488 17.721
      vertex -17.601 -0.497488 26
    endloop
  endfacet
  facet normal 0.831568 0.555422 -1.04652e-05
    outer loop
      vertex -17.601 -0.497488 17.721
      vertex -17.3192 -0.919238 26
      vertex -17.4732 -0.688829 17.663
    endloop
  endfacet
  facet normal 0.831394 0.555684 0
    outer loop
      vertex -17.4732 -0.688829 17.663
      vertex -17.3192 -0.919238 26
      vertex -17.3192 -0.919238 17.5398
    endloop
  endfacet
  facet normal 0.831394 -0.555684 0
    outer loop
      vertex -17.3192 0.919238 26
      vertex -17.4732 0.688829 17.663
      vertex -17.3192 0.919238 17.5398
    endloop
  endfacet
  facet normal 0.831474 -0.555564 0
    outer loop
      vertex -17.601 0.497488 17.721
      vertex -17.3192 0.919238 26
      vertex -17.601 0.497488 26
    endloop
  endfacet
  facet normal 0.831568 -0.555422 -1.04652e-05
    outer loop
      vertex -17.3192 0.919238 26
      vertex -17.601 0.497488 17.721
      vertex -17.4732 0.688829 17.663
    endloop
  endfacet
  facet normal -0.195092 -0.980785 0
    outer loop
      vertex -16.4 1.3 26
      vertex -15.9025 1.20104 17.3317
      vertex -15.9025 1.20104 26
    endloop
  endfacet
  facet normal -0.195096 -0.980784 -2.34011e-07
    outer loop
      vertex -16.4 1.3 26
      vertex -16.2632 1.27279 17.2728
      vertex -15.9025 1.20104 17.3317
    endloop
  endfacet
  facet normal -0.195082 -0.980787 0
    outer loop
      vertex -16.2632 1.27279 17.2728
      vertex -16.4 1.3 26
      vertex -16.4 1.3 17.2396
    endloop
  endfacet
  facet normal -0.555613 -0.831441 0
    outer loop
      vertex -15.9025 1.20104 26
      vertex -15.4808 0.919238 17.5398
      vertex -15.4808 0.919238 26
    endloop
  endfacet
  facet normal -0.555614 -0.83144 -9.95119e-08
    outer loop
      vertex -15.9025 1.20104 26
      vertex -15.6017 1.00003 17.4966
      vertex -15.4808 0.919238 17.5398
    endloop
  endfacet
  facet normal -0.555612 -0.831442 0
    outer loop
      vertex -15.6017 1.00003 17.4966
      vertex -15.9025 1.20104 26
      vertex -15.9025 1.20104 17.3317
    endloop
  endfacet
  facet normal -0.831441 -0.555613 0
    outer loop
      vertex 1.20104 16.8975 0
      vertex 0.919238 17.3192 8.46017
      vertex 0.919238 17.3192 0
    endloop
  endfacet
  facet normal -0.83144 -0.555614 9.95131e-08
    outer loop
      vertex 0.919238 17.3192 8.46017
      vertex 1.20104 16.8975 0
      vertex 1.00003 17.1983 8.50335
    endloop
  endfacet
  facet normal -0.831442 -0.555612 0
    outer loop
      vertex 1.00003 17.1983 8.50335
      vertex 1.20104 16.8975 0
      vertex 1.20104 16.8975 8.66832
    endloop
  endfacet
  facet normal 0.555684 -0.831394 0
    outer loop
      vertex -0.919238 17.3192 0
      vertex -0.688829 17.4732 8.33702
      vertex -0.919238 17.3192 8.46017
    endloop
  endfacet
  facet normal 0.555422 -0.831568 1.04651e-05
    outer loop
      vertex -0.919238 17.3192 0
      vertex -0.497488 17.601 8.27897
      vertex -0.688829 17.4732 8.33702
    endloop
  endfacet
  facet normal 0.555564 -0.831474 0
    outer loop
      vertex -0.497488 17.601 8.27897
      vertex -0.919238 17.3192 0
      vertex -0.497488 17.601 0
    endloop
  endfacet
  facet normal 0.195051 -0.980793 0
    outer loop
      vertex -0.497488 17.601 0
      vertex -0.351162 17.6301 8.23459
      vertex -0.497488 17.601 8.27897
    endloop
  endfacet
  facet normal 0.195223 -0.980759 -3.17352e-06
    outer loop
      vertex -0.497488 17.601 0
      vertex 0 17.7 8.2
      vertex -0.351162 17.6301 8.23459
    endloop
  endfacet
  facet normal 0.195173 -0.980769 0
    outer loop
      vertex 0 17.7 8.2
      vertex -0.497488 17.601 0
      vertex 0 17.7 0
    endloop
  endfacet
  facet normal 0.83144 -0.555614 9.95131e-08
    outer loop
      vertex -1.20104 16.8975 0
      vertex -0.919238 17.3192 8.46017
      vertex -1.00003 17.1983 8.50335
    endloop
  endfacet
  facet normal 0.831442 -0.555612 0
    outer loop
      vertex -1.20104 16.8975 0
      vertex -1.00003 17.1983 8.50335
      vertex -1.20104 16.8975 8.66832
    endloop
  endfacet
  facet normal 0.831441 -0.555613 0
    outer loop
      vertex -0.919238 17.3192 8.46017
      vertex -1.20104 16.8975 0
      vertex -0.919238 17.3192 0
    endloop
  endfacet
  facet normal 0.195173 0.980769 0
    outer loop
      vertex -0.497488 15.199 0
      vertex 0 15.1 8.2
      vertex 0 15.1 0
    endloop
  endfacet
  facet normal 0.195223 0.980759 -3.17352e-06
    outer loop
      vertex 0 15.1 8.2
      vertex -0.497488 15.199 0
      vertex -0.351162 15.1699 8.23459
    endloop
  endfacet
  facet normal 0.195051 0.980793 0
    outer loop
      vertex -0.351162 15.1699 8.23459
      vertex -0.497488 15.199 0
      vertex -0.497488 15.199 8.27897
    endloop
  endfacet
  facet normal 0.980784 -0.195096 2.34011e-07
    outer loop
      vertex -1.3 16.4 0
      vertex -1.20104 16.8975 8.66832
      vertex -1.27279 16.5368 8.72721
    endloop
  endfacet
  facet normal 0.980787 -0.195082 0
    outer loop
      vertex -1.3 16.4 0
      vertex -1.27279 16.5368 8.72721
      vertex -1.3 16.4 8.76036
    endloop
  endfacet
  facet normal 0.980785 -0.195092 0
    outer loop
      vertex -1.20104 16.8975 8.66832
      vertex -1.3 16.4 0
      vertex -1.20104 16.8975 0
    endloop
  endfacet
  facet normal -0.195051 0.980793 0
    outer loop
      vertex 0.497488 15.199 0
      vertex 0.351162 15.1699 8.23459
      vertex 0.497488 15.199 8.27897
    endloop
  endfacet
  facet normal -0.195223 0.980759 -3.17352e-06
    outer loop
      vertex 0.497488 15.199 0
      vertex 0 15.1 8.2
      vertex 0.351162 15.1699 8.23459
    endloop
  endfacet
  facet normal -0.195173 0.980769 0
    outer loop
      vertex 0 15.1 8.2
      vertex 0.497488 15.199 0
      vertex 0 15.1 0
    endloop
  endfacet
  facet normal -0.195173 -0.980769 0
    outer loop
      vertex 0.497488 17.601 0
      vertex 0 17.7 8.2
      vertex 0 17.7 0
    endloop
  endfacet
  facet normal -0.195223 -0.980759 -3.17352e-06
    outer loop
      vertex 0 17.7 8.2
      vertex 0.497488 17.601 0
      vertex 0.351162 17.6301 8.23459
    endloop
  endfacet
  facet normal -0.195051 -0.980793 0
    outer loop
      vertex 0.351162 17.6301 8.23459
      vertex 0.497488 17.601 0
      vertex 0.497488 17.601 8.27897
    endloop
  endfacet
  facet normal -0.555684 0.831394 0
    outer loop
      vertex 0.919238 15.4808 0
      vertex 0.688829 15.3268 8.33702
      vertex 0.919238 15.4808 8.46017
    endloop
  endfacet
  facet normal -0.555422 0.831568 1.04651e-05
    outer loop
      vertex 0.919238 15.4808 0
      vertex 0.497488 15.199 8.27897
      vertex 0.688829 15.3268 8.33702
    endloop
  endfacet
  facet normal -0.555564 0.831474 0
    outer loop
      vertex 0.497488 15.199 8.27897
      vertex 0.919238 15.4808 0
      vertex 0.497488 15.199 0
    endloop
  endfacet
  facet normal 0.831442 0.555612 0
    outer loop
      vertex -1.00003 15.6017 8.50335
      vertex -1.20104 15.9025 0
      vertex -1.20104 15.9025 8.66832
    endloop
  endfacet
  facet normal 0.83144 0.555614 9.95131e-08
    outer loop
      vertex -0.919238 15.4808 8.46017
      vertex -1.20104 15.9025 0
      vertex -1.00003 15.6017 8.50335
    endloop
  endfacet
  facet normal 0.831441 0.555613 0
    outer loop
      vertex -1.20104 15.9025 0
      vertex -0.919238 15.4808 8.46017
      vertex -0.919238 15.4808 0
    endloop
  endfacet
  facet normal 0.555564 0.831474 0
    outer loop
      vertex -0.919238 15.4808 0
      vertex -0.497488 15.199 8.27897
      vertex -0.497488 15.199 0
    endloop
  endfacet
  facet normal 0.555422 0.831568 1.04651e-05
    outer loop
      vertex -0.497488 15.199 8.27897
      vertex -0.919238 15.4808 0
      vertex -0.688829 15.3268 8.33702
    endloop
  endfacet
  facet normal 0.555684 0.831394 0
    outer loop
      vertex -0.688829 15.3268 8.33702
      vertex -0.919238 15.4808 0
      vertex -0.919238 15.4808 8.46017
    endloop
  endfacet
  facet normal -0.980785 -0.195092 0
    outer loop
      vertex 1.3 16.4 0
      vertex 1.20104 16.8975 8.66832
      vertex 1.20104 16.8975 0
    endloop
  endfacet
  facet normal -0.980784 -0.195096 2.34011e-07
    outer loop
      vertex 1.20104 16.8975 8.66832
      vertex 1.3 16.4 0
      vertex 1.27279 16.5368 8.72721
    endloop
  endfacet
  facet normal -0.980787 -0.195082 0
    outer loop
      vertex 1.27279 16.5368 8.72721
      vertex 1.3 16.4 0
      vertex 1.3 16.4 8.76036
    endloop
  endfacet
  facet normal -0.555564 -0.831474 0
    outer loop
      vertex 0.919238 17.3192 0
      vertex 0.497488 17.601 8.27897
      vertex 0.497488 17.601 0
    endloop
  endfacet
  facet normal -0.555422 -0.831568 1.04651e-05
    outer loop
      vertex 0.497488 17.601 8.27897
      vertex 0.919238 17.3192 0
      vertex 0.688829 17.4732 8.33702
    endloop
  endfacet
  facet normal -0.555684 -0.831394 0
    outer loop
      vertex 0.688829 17.4732 8.33702
      vertex 0.919238 17.3192 0
      vertex 0.919238 17.3192 8.46017
    endloop
  endfacet
  facet normal 0.980787 0.195082 0
    outer loop
      vertex -1.27279 16.2632 8.72721
      vertex -1.3 16.4 0
      vertex -1.3 16.4 8.76036
    endloop
  endfacet
  facet normal 0.980784 0.195096 2.34011e-07
    outer loop
      vertex -1.20104 15.9025 8.66832
      vertex -1.3 16.4 0
      vertex -1.27279 16.2632 8.72721
    endloop
  endfacet
  facet normal 0.980785 0.195092 0
    outer loop
      vertex -1.3 16.4 0
      vertex -1.20104 15.9025 8.66832
      vertex -1.20104 15.9025 0
    endloop
  endfacet
  facet normal -0.980787 0.195082 0
    outer loop
      vertex 1.3 16.4 0
      vertex 1.27279 16.2632 8.72721
      vertex 1.3 16.4 8.76036
    endloop
  endfacet
  facet normal -0.980785 0.195092 0
    outer loop
      vertex 1.20104 15.9025 8.66832
      vertex 1.3 16.4 0
      vertex 1.20104 15.9025 0
    endloop
  endfacet
  facet normal -0.980784 0.195096 2.34011e-07
    outer loop
      vertex 1.3 16.4 0
      vertex 1.20104 15.9025 8.66832
      vertex 1.27279 16.2632 8.72721
    endloop
  endfacet
  facet normal -0.831442 0.555612 0
    outer loop
      vertex 1.20104 15.9025 0
      vertex 1.00003 15.6017 8.50335
      vertex 1.20104 15.9025 8.66832
    endloop
  endfacet
  facet normal -0.831441 0.555613 0
    outer loop
      vertex 0.919238 15.4808 8.46017
      vertex 1.20104 15.9025 0
      vertex 0.919238 15.4808 0
    endloop
  endfacet
  facet normal -0.83144 0.555614 9.95131e-08
    outer loop
      vertex 1.20104 15.9025 0
      vertex 0.919238 15.4808 8.46017
      vertex 1.00003 15.6017 8.50335
    endloop
  endfacet
  facet normal 0.831442 0.555612 0
    outer loop
      vertex -1.00003 -17.1983 8.50335
      vertex -1.20104 -16.8975 0
      vertex -1.20104 -16.8975 8.66832
    endloop
  endfacet
  facet normal 0.83144 0.555614 9.95131e-08
    outer loop
      vertex -0.919238 -17.3192 8.46017
      vertex -1.20104 -16.8975 0
      vertex -1.00003 -17.1983 8.50335
    endloop
  endfacet
  facet normal 0.831441 0.555613 0
    outer loop
      vertex -1.20104 -16.8975 0
      vertex -0.919238 -17.3192 8.46017
      vertex -0.919238 -17.3192 0
    endloop
  endfacet
  facet normal -0.555684 0.831394 0
    outer loop
      vertex 0.919238 -17.3192 0
      vertex 0.688829 -17.4732 8.33702
      vertex 0.919238 -17.3192 8.46017
    endloop
  endfacet
  facet normal -0.555422 0.831568 1.04651e-05
    outer loop
      vertex 0.919238 -17.3192 0
      vertex 0.497488 -17.601 8.27897
      vertex 0.688829 -17.4732 8.33702
    endloop
  endfacet
  facet normal -0.555564 0.831474 0
    outer loop
      vertex 0.497488 -17.601 8.27897
      vertex 0.919238 -17.3192 0
      vertex 0.497488 -17.601 0
    endloop
  endfacet
  facet normal -0.831442 0.555612 0
    outer loop
      vertex 1.20104 -16.8975 0
      vertex 1.00003 -17.1983 8.50335
      vertex 1.20104 -16.8975 8.66832
    endloop
  endfacet
  facet normal -0.831441 0.555613 0
    outer loop
      vertex 0.919238 -17.3192 8.46017
      vertex 1.20104 -16.8975 0
      vertex 0.919238 -17.3192 0
    endloop
  endfacet
  facet normal -0.83144 0.555614 9.95131e-08
    outer loop
      vertex 1.20104 -16.8975 0
      vertex 0.919238 -17.3192 8.46017
      vertex 1.00003 -17.1983 8.50335
    endloop
  endfacet
  facet normal -0.195173 -0.980769 0
    outer loop
      vertex 0.497488 -15.199 0
      vertex 0 -15.1 8.2
      vertex 0 -15.1 0
    endloop
  endfacet
  facet normal -0.195223 -0.980759 -3.17352e-06
    outer loop
      vertex 0 -15.1 8.2
      vertex 0.497488 -15.199 0
      vertex 0.351162 -15.1699 8.23459
    endloop
  endfacet
  facet normal -0.195051 -0.980793 0
    outer loop
      vertex 0.351162 -15.1699 8.23459
      vertex 0.497488 -15.199 0
      vertex 0.497488 -15.199 8.27897
    endloop
  endfacet
  facet normal -0.980787 0.195082 0
    outer loop
      vertex 1.3 -16.4 0
      vertex 1.27279 -16.5368 8.72721
      vertex 1.3 -16.4 8.76036
    endloop
  endfacet
  facet normal -0.980785 0.195092 0
    outer loop
      vertex 1.20104 -16.8975 8.66832
      vertex 1.3 -16.4 0
      vertex 1.20104 -16.8975 0
    endloop
  endfacet
  facet normal -0.980784 0.195096 2.34011e-07
    outer loop
      vertex 1.3 -16.4 0
      vertex 1.20104 -16.8975 8.66832
      vertex 1.27279 -16.5368 8.72721
    endloop
  endfacet
  facet normal 0.195051 -0.980793 0
    outer loop
      vertex -0.497488 -15.199 0
      vertex -0.351162 -15.1699 8.23459
      vertex -0.497488 -15.199 8.27897
    endloop
  endfacet
  facet normal 0.195223 -0.980759 -3.17352e-06
    outer loop
      vertex -0.497488 -15.199 0
      vertex 0 -15.1 8.2
      vertex -0.351162 -15.1699 8.23459
    endloop
  endfacet
  facet normal 0.195173 -0.980769 0
    outer loop
      vertex 0 -15.1 8.2
      vertex -0.497488 -15.199 0
      vertex 0 -15.1 0
    endloop
  endfacet
  facet normal 0.195173 0.980769 0
    outer loop
      vertex -0.497488 -17.601 0
      vertex 0 -17.7 8.2
      vertex 0 -17.7 0
    endloop
  endfacet
  facet normal 0.195223 0.980759 -3.17352e-06
    outer loop
      vertex 0 -17.7 8.2
      vertex -0.497488 -17.601 0
      vertex -0.351162 -17.6301 8.23459
    endloop
  endfacet
  facet normal 0.195051 0.980793 0
    outer loop
      vertex -0.351162 -17.6301 8.23459
      vertex -0.497488 -17.601 0
      vertex -0.497488 -17.601 8.27897
    endloop
  endfacet
  facet normal -0.195051 0.980793 0
    outer loop
      vertex 0.497488 -17.601 0
      vertex 0.351162 -17.6301 8.23459
      vertex 0.497488 -17.601 8.27897
    endloop
  endfacet
  facet normal -0.195223 0.980759 -3.17352e-06
    outer loop
      vertex 0.497488 -17.601 0
      vertex 0 -17.7 8.2
      vertex 0.351162 -17.6301 8.23459
    endloop
  endfacet
  facet normal -0.195173 0.980769 0
    outer loop
      vertex 0 -17.7 8.2
      vertex 0.497488 -17.601 0
      vertex 0 -17.7 0
    endloop
  endfacet
  facet normal 0.555684 -0.831394 0
    outer loop
      vertex -0.919238 -15.4808 0
      vertex -0.688829 -15.3268 8.33702
      vertex -0.919238 -15.4808 8.46017
    endloop
  endfacet
  facet normal 0.555422 -0.831568 1.04651e-05
    outer loop
      vertex -0.919238 -15.4808 0
      vertex -0.497488 -15.199 8.27897
      vertex -0.688829 -15.3268 8.33702
    endloop
  endfacet
  facet normal 0.555564 -0.831474 0
    outer loop
      vertex -0.497488 -15.199 8.27897
      vertex -0.919238 -15.4808 0
      vertex -0.497488 -15.199 0
    endloop
  endfacet
  facet normal -0.831441 -0.555613 0
    outer loop
      vertex 1.20104 -15.9025 0
      vertex 0.919238 -15.4808 8.46017
      vertex 0.919238 -15.4808 0
    endloop
  endfacet
  facet normal -0.83144 -0.555614 9.95131e-08
    outer loop
      vertex 0.919238 -15.4808 8.46017
      vertex 1.20104 -15.9025 0
      vertex 1.00003 -15.6017 8.50335
    endloop
  endfacet
  facet normal -0.831442 -0.555612 0
    outer loop
      vertex 1.00003 -15.6017 8.50335
      vertex 1.20104 -15.9025 0
      vertex 1.20104 -15.9025 8.66832
    endloop
  endfacet
  facet normal 0.555564 0.831474 0
    outer loop
      vertex -0.919238 -17.3192 0
      vertex -0.497488 -17.601 8.27897
      vertex -0.497488 -17.601 0
    endloop
  endfacet
  facet normal 0.555422 0.831568 1.04651e-05
    outer loop
      vertex -0.497488 -17.601 8.27897
      vertex -0.919238 -17.3192 0
      vertex -0.688829 -17.4732 8.33702
    endloop
  endfacet
  facet normal 0.555684 0.831394 0
    outer loop
      vertex -0.688829 -17.4732 8.33702
      vertex -0.919238 -17.3192 0
      vertex -0.919238 -17.3192 8.46017
    endloop
  endfacet
  facet normal 0.980787 0.195082 0
    outer loop
      vertex -1.27279 -16.5368 8.72721
      vertex -1.3 -16.4 0
      vertex -1.3 -16.4 8.76036
    endloop
  endfacet
  facet normal 0.980784 0.195096 2.34011e-07
    outer loop
      vertex -1.20104 -16.8975 8.66832
      vertex -1.3 -16.4 0
      vertex -1.27279 -16.5368 8.72721
    endloop
  endfacet
  facet normal 0.980785 0.195092 0
    outer loop
      vertex -1.3 -16.4 0
      vertex -1.20104 -16.8975 8.66832
      vertex -1.20104 -16.8975 0
    endloop
  endfacet
  facet normal -0.980785 -0.195092 0
    outer loop
      vertex 1.3 -16.4 0
      vertex 1.20104 -15.9025 8.66832
      vertex 1.20104 -15.9025 0
    endloop
  endfacet
  facet normal -0.980784 -0.195096 2.34011e-07
    outer loop
      vertex 1.20104 -15.9025 8.66832
      vertex 1.3 -16.4 0
      vertex 1.27279 -16.2632 8.72721
    endloop
  endfacet
  facet normal -0.980787 -0.195082 0
    outer loop
      vertex 1.27279 -16.2632 8.72721
      vertex 1.3 -16.4 0
      vertex 1.3 -16.4 8.76036
    endloop
  endfacet
  facet normal 0.980784 -0.195096 2.34011e-07
    outer loop
      vertex -1.3 -16.4 0
      vertex -1.20104 -15.9025 8.66832
      vertex -1.27279 -16.2632 8.72721
    endloop
  endfacet
  facet normal 0.980787 -0.195082 0
    outer loop
      vertex -1.3 -16.4 0
      vertex -1.27279 -16.2632 8.72721
      vertex -1.3 -16.4 8.76036
    endloop
  endfacet
  facet normal 0.980785 -0.195092 0
    outer loop
      vertex -1.20104 -15.9025 8.66832
      vertex -1.3 -16.4 0
      vertex -1.20104 -15.9025 0
    endloop
  endfacet
  facet normal -0.555564 -0.831474 0
    outer loop
      vertex 0.919238 -15.4808 0
      vertex 0.497488 -15.199 8.27897
      vertex 0.497488 -15.199 0
    endloop
  endfacet
  facet normal -0.555422 -0.831568 1.04651e-05
    outer loop
      vertex 0.497488 -15.199 8.27897
      vertex 0.919238 -15.4808 0
      vertex 0.688829 -15.3268 8.33702
    endloop
  endfacet
  facet normal -0.555684 -0.831394 0
    outer loop
      vertex 0.688829 -15.3268 8.33702
      vertex 0.919238 -15.4808 0
      vertex 0.919238 -15.4808 8.46017
    endloop
  endfacet
  facet normal 0.83144 -0.555614 9.95131e-08
    outer loop
      vertex -1.20104 -15.9025 0
      vertex -0.919238 -15.4808 8.46017
      vertex -1.00003 -15.6017 8.50335
    endloop
  endfacet
  facet normal 0.831442 -0.555612 0
    outer loop
      vertex -1.20104 -15.9025 0
      vertex -1.00003 -15.6017 8.50335
      vertex -1.20104 -15.9025 8.66832
    endloop
  endfacet
  facet normal 0.831441 -0.555613 0
    outer loop
      vertex -0.919238 -15.4808 8.46017
      vertex -1.20104 -15.9025 0
      vertex -0.919238 -15.4808 0
    endloop
  endfacet
  facet normal 0.675701 0.737176 -0
    outer loop
      vertex 14.0714 14.0714 0
      vertex 13.9299 14.2011 10.8084
      vertex 14.0714 14.0714 10.8
    endloop
  endfacet
  facet normal 0.675618 0.737252 -2.00812e-06
    outer loop
      vertex 12.7915 15.2443 0
      vertex 13.9299 14.2011 10.8084
      vertex 14.0714 14.0714 0
    endloop
  endfacet
  facet normal 0.675722 0.737156 -2.23155e-05
    outer loop
      vertex 13.9299 14.2011 10.8084
      vertex 12.7915 15.2443 0
      vertex 13.7895 14.3298 10.8334
    endloop
  endfacet
  facet normal 0.67551 0.737351 1.37675e-05
    outer loop
      vertex 13.7895 14.3298 10.8334
      vertex 12.7915 15.2443 0
      vertex 13.6512 14.4565 10.875
    endloop
  endfacet
  facet normal 0.675601 0.737267 4.46588e-07
    outer loop
      vertex 13.6512 14.4565 10.875
      vertex 12.7915 15.2443 0
      vertex 13.5161 14.5803 10.9327
    endloop
  endfacet
  facet normal 0.67572 0.737158 -1.40853e-05
    outer loop
      vertex 13.5161 14.5803 10.9327
      vertex 12.7915 15.2443 0
      vertex 13.3853 14.7002 11.0061
    endloop
  endfacet
  facet normal 0.675335 0.737511 2.41321e-05
    outer loop
      vertex 13.3853 14.7002 11.0061
      vertex 12.7915 15.2443 0
      vertex 13.2596 14.8153 11.0947
    endloop
  endfacet
  facet normal 0.67556 0.737305 6.69098e-06
    outer loop
      vertex 13.2596 14.8153 11.0947
      vertex 12.7915 15.2443 0
      vertex 13.1402 14.9247 11.1979
    endloop
  endfacet
  facet normal 0.675608 0.737261 3.93774e-06
    outer loop
      vertex 13.1402 14.9247 11.1979
      vertex 12.7915 15.2443 0
      vertex 13.0278 15.0277 11.3147
    endloop
  endfacet
  facet normal 0.675724 0.737154 -5.29188e-07
    outer loop
      vertex 13.0278 15.0277 11.3147
      vertex 12.7915 15.2443 0
      vertex 12.9234 15.1234 11.4444
    endloop
  endfacet
  facet normal 0.675621 0.737249 1.65467e-06
    outer loop
      vertex 12.9234 15.1234 11.4444
      vertex 12.7915 15.2443 0
      vertex 12.8277 15.2111 11.5859
    endloop
  endfacet
  facet normal 0.675909 0.736985 0
    outer loop
      vertex 12.8277 15.2111 11.5859
      vertex 12.7915 15.2443 0
      vertex 12.7915 15.2443 11.6499
    endloop
  endfacet
  facet normal 0.675701 0.737176 0
    outer loop
      vertex 13.9299 14.2011 15.1916
      vertex 14.0714 14.0714 26
      vertex 14.0714 14.0714 15.2
    endloop
  endfacet
  facet normal 0.675618 0.737252 2.00812e-06
    outer loop
      vertex 14.0714 14.0714 26
      vertex 13.9299 14.2011 15.1916
      vertex 12.7915 15.2443 26
    endloop
  endfacet
  facet normal 0.675722 0.737156 2.23155e-05
    outer loop
      vertex 13.7895 14.3298 15.1666
      vertex 12.7915 15.2443 26
      vertex 13.9299 14.2011 15.1916
    endloop
  endfacet
  facet normal 0.67551 0.737351 -1.37675e-05
    outer loop
      vertex 13.6512 14.4565 15.125
      vertex 12.7915 15.2443 26
      vertex 13.7895 14.3298 15.1666
    endloop
  endfacet
  facet normal 0.675601 0.737267 -4.46588e-07
    outer loop
      vertex 13.5161 14.5803 15.0673
      vertex 12.7915 15.2443 26
      vertex 13.6512 14.4565 15.125
    endloop
  endfacet
  facet normal 0.67572 0.737158 1.40853e-05
    outer loop
      vertex 13.3853 14.7002 14.9939
      vertex 12.7915 15.2443 26
      vertex 13.5161 14.5803 15.0673
    endloop
  endfacet
  facet normal 0.675335 0.737511 -2.41321e-05
    outer loop
      vertex 13.2596 14.8153 14.9053
      vertex 12.7915 15.2443 26
      vertex 13.3853 14.7002 14.9939
    endloop
  endfacet
  facet normal 0.67556 0.737305 -6.69098e-06
    outer loop
      vertex 13.1402 14.9247 14.8021
      vertex 12.7915 15.2443 26
      vertex 13.2596 14.8153 14.9053
    endloop
  endfacet
  facet normal 0.675608 0.737261 -3.93774e-06
    outer loop
      vertex 13.0278 15.0277 14.6853
      vertex 12.7915 15.2443 26
      vertex 13.1402 14.9247 14.8021
    endloop
  endfacet
  facet normal 0.675724 0.737154 5.29188e-07
    outer loop
      vertex 12.9234 15.1234 14.5556
      vertex 12.7915 15.2443 26
      vertex 13.0278 15.0277 14.6853
    endloop
  endfacet
  facet normal 0.675621 0.737249 -1.65467e-06
    outer loop
      vertex 12.8277 15.2111 14.4141
      vertex 12.7915 15.2443 26
      vertex 12.9234 15.1234 14.5556
    endloop
  endfacet
  facet normal 0.675909 0.736985 0
    outer loop
      vertex 12.7915 15.2443 26
      vertex 12.8277 15.2111 14.4141
      vertex 12.7915 15.2443 14.3501
    endloop
  endfacet
  facet normal 0.99145 0.130489 0
    outer loop
      vertex 19.5977 3.4556 26
      vertex 19.8156 1.8 16
      vertex 19.5977 3.4556 0
    endloop
  endfacet
  facet normal 0.991384 0.130987 -8.40266e-05
    outer loop
      vertex 19.5977 3.4556 26
      vertex 19.8202 1.76541 16.3512
      vertex 19.8156 1.8 16
    endloop
  endfacet
  facet normal 0.991445 0.130526 -0
    outer loop
      vertex 19.8243 1.7344 16.4534
      vertex 19.5977 3.4556 26
      vertex 19.8243 1.7344 26
    endloop
  endfacet
  facet normal 0.9914 0.13087 -6.31332e-05
    outer loop
      vertex 19.5977 3.4556 26
      vertex 19.8243 1.7344 16.4534
      vertex 19.8202 1.76541 16.3512
    endloop
  endfacet
  facet normal 0.991364 0.131141 6.8659e-05
    outer loop
      vertex 19.8202 1.76541 15.6488
      vertex 19.5977 3.4556 0
      vertex 19.8156 1.8 16
    endloop
  endfacet
  facet normal 0.991392 0.130928 4.52811e-05
    outer loop
      vertex 19.8243 1.7344 15.5466
      vertex 19.5977 3.4556 0
      vertex 19.8202 1.76541 15.6488
    endloop
  endfacet
  facet normal 0.991445 0.130526 0
    outer loop
      vertex 19.5977 3.4556 0
      vertex 19.8243 1.7344 15.5466
      vertex 19.8243 1.7344 0
    endloop
  endfacet
  facet normal 0.999059 0.0433644 0
    outer loop
      vertex 19.8274 1.66298 15.3112
      vertex 19.8243 1.7344 0
      vertex 19.8243 1.7344 15.5466
    endloop
  endfacet
  facet normal 0.999039 0.0438397 2.22122e-06
    outer loop
      vertex 19.8347 1.49664 15
      vertex 19.8243 1.7344 0
      vertex 19.8274 1.66298 15.3112
    endloop
  endfacet
  facet normal 0.999062 0.0432997 -6.35409e-06
    outer loop
      vertex 19.8444 1.27279 14.7272
      vertex 19.8243 1.7344 0
      vertex 19.8347 1.49664 15
    endloop
  endfacet
  facet normal 0.99905 0.0435845 2.59031e-06
    outer loop
      vertex 19.8563 1.00003 14.5034
      vertex 19.8243 1.7344 0
      vertex 19.8444 1.27279 14.7272
    endloop
  endfacet
  facet normal 0.999047 0.0436567 6.24987e-06
    outer loop
      vertex 19.8699 0.688829 14.337
      vertex 19.8243 1.7344 0
      vertex 19.8563 1.00003 14.5034
    endloop
  endfacet
  facet normal 0.999041 0.0437834 1.55131e-05
    outer loop
      vertex 19.8847 0.351162 14.2346
      vertex 19.8243 1.7344 0
      vertex 19.8699 0.688829 14.337
    endloop
  endfacet
  facet normal 0.999052 0.0435292 -9.23394e-06
    outer loop
      vertex 19.9 0 14.2
      vertex 19.8243 1.7344 0
      vertex 19.8847 0.351162 14.2346
    endloop
  endfacet
  facet normal 0.999049 0.0436047 0
    outer loop
      vertex 19.8243 1.7344 0
      vertex 19.9 0 14.2
      vertex 19.9 0 0
    endloop
  endfacet
  facet normal 0.999059 0.0433644 0
    outer loop
      vertex 19.8243 1.7344 26
      vertex 19.8274 1.66298 16.6888
      vertex 19.8243 1.7344 16.4534
    endloop
  endfacet
  facet normal 0.999039 0.043837 -3.63229e-06
    outer loop
      vertex 19.8243 1.7344 26
      vertex 19.8347 1.49664 17
      vertex 19.8274 1.66298 16.6888
    endloop
  endfacet
  facet normal 0.999062 0.0433047 1.0458e-05
    outer loop
      vertex 19.8243 1.7344 26
      vertex 19.8444 1.27279 17.2728
      vertex 19.8347 1.49664 17
    endloop
  endfacet
  facet normal 0.99905 0.0435831 -4.29709e-06
    outer loop
      vertex 19.8243 1.7344 26
      vertex 19.8563 1.00003 17.4966
      vertex 19.8444 1.27279 17.2728
    endloop
  endfacet
  facet normal 0.999047 0.0436544 -1.04651e-05
    outer loop
      vertex 19.8243 1.7344 26
      vertex 19.8699 0.688829 17.663
      vertex 19.8563 1.00003 17.4966
    endloop
  endfacet
  facet normal 0.999041 0.0437802 -2.62686e-05
    outer loop
      vertex 19.8243 1.7344 26
      vertex 19.8847 0.351162 17.7654
      vertex 19.8699 0.688829 17.663
    endloop
  endfacet
  facet normal 0.999049 0.0436047 3.26276e-06
    outer loop
      vertex 19.9 0 26
      vertex 19.8847 0.351162 17.7654
      vertex 19.8243 1.7344 26
    endloop
  endfacet
  facet normal 0.999052 0.0435283 0
    outer loop
      vertex 19.8847 0.351162 17.7654
      vertex 19.9 0 26
      vertex 19.9 0 17.8
    endloop
  endfacet
  facet normal 0.97629 0.216467 0
    outer loop
      vertex 19.5977 3.4556 26
      vertex 19.2219 5.1505 0
      vertex 19.2219 5.1505 26
    endloop
  endfacet
  facet normal 0.97629 0.216467 0
    outer loop
      vertex 19.2219 5.1505 0
      vertex 19.5977 3.4556 26
      vertex 19.5977 3.4556 0
    endloop
  endfacet
  facet normal -0.675618 -0.737252 0
    outer loop
      vertex -14.0714 -14.0714 0
      vertex -12.7915 -15.2443 26
      vertex -14.0714 -14.0714 26
    endloop
  endfacet
  facet normal -0.675618 -0.737252 -0
    outer loop
      vertex -12.7915 -15.2443 26
      vertex -14.0714 -14.0714 0
      vertex -12.7915 -15.2443 0
    endloop
  endfacet
  facet normal 0.382705 0.923871 -0
    outer loop
      vertex 8.4101 18.0355 0
      vertex 6.8062 18.6999 26
      vertex 8.4101 18.0355 26
    endloop
  endfacet
  facet normal 0.382705 0.923871 0
    outer loop
      vertex 6.8062 18.6999 26
      vertex 8.4101 18.0355 0
      vertex 6.8062 18.6999 0
    endloop
  endfacet
  facet normal -0.999059 0.0433644 0
    outer loop
      vertex -19.8274 1.66298 16.6888
      vertex -19.8243 1.7344 26
      vertex -19.8243 1.7344 16.4534
    endloop
  endfacet
  facet normal -0.999039 0.043837 -3.63229e-06
    outer loop
      vertex -19.8347 1.49664 17
      vertex -19.8243 1.7344 26
      vertex -19.8274 1.66298 16.6888
    endloop
  endfacet
  facet normal -0.999062 0.0433047 1.0458e-05
    outer loop
      vertex -19.8444 1.27279 17.2728
      vertex -19.8243 1.7344 26
      vertex -19.8347 1.49664 17
    endloop
  endfacet
  facet normal -0.99905 0.0435831 -4.29709e-06
    outer loop
      vertex -19.8563 1.00003 17.4966
      vertex -19.8243 1.7344 26
      vertex -19.8444 1.27279 17.2728
    endloop
  endfacet
  facet normal -0.999047 0.0436544 -1.04651e-05
    outer loop
      vertex -19.8699 0.688829 17.663
      vertex -19.8243 1.7344 26
      vertex -19.8563 1.00003 17.4966
    endloop
  endfacet
  facet normal -0.999041 0.0437802 -2.62686e-05
    outer loop
      vertex -19.8847 0.351162 17.7654
      vertex -19.8243 1.7344 26
      vertex -19.8699 0.688829 17.663
    endloop
  endfacet
  facet normal -0.999052 0.0435283 0
    outer loop
      vertex -19.9 0 26
      vertex -19.8847 0.351162 17.7654
      vertex -19.9 0 17.8
    endloop
  endfacet
  facet normal -0.999049 0.0436047 3.26276e-06
    outer loop
      vertex -19.8847 0.351162 17.7654
      vertex -19.9 0 26
      vertex -19.8243 1.7344 26
    endloop
  endfacet
  facet normal -0.999059 0.0433644 0
    outer loop
      vertex -19.8243 1.7344 0
      vertex -19.8274 1.66298 15.3112
      vertex -19.8243 1.7344 15.5466
    endloop
  endfacet
  facet normal -0.999039 0.0438397 2.22122e-06
    outer loop
      vertex -19.8243 1.7344 0
      vertex -19.8347 1.49664 15
      vertex -19.8274 1.66298 15.3112
    endloop
  endfacet
  facet normal -0.999062 0.0432997 -6.35409e-06
    outer loop
      vertex -19.8243 1.7344 0
      vertex -19.8444 1.27279 14.7272
      vertex -19.8347 1.49664 15
    endloop
  endfacet
  facet normal -0.99905 0.0435845 2.59031e-06
    outer loop
      vertex -19.8243 1.7344 0
      vertex -19.8563 1.00003 14.5034
      vertex -19.8444 1.27279 14.7272
    endloop
  endfacet
  facet normal -0.999047 0.0436567 6.24987e-06
    outer loop
      vertex -19.8243 1.7344 0
      vertex -19.8699 0.688829 14.337
      vertex -19.8563 1.00003 14.5034
    endloop
  endfacet
  facet normal -0.999041 0.0437834 1.55131e-05
    outer loop
      vertex -19.8243 1.7344 0
      vertex -19.8847 0.351162 14.2346
      vertex -19.8699 0.688829 14.337
    endloop
  endfacet
  facet normal -0.999049 0.0436047 -1.88748e-06
    outer loop
      vertex -19.9 0 0
      vertex -19.8847 0.351162 14.2346
      vertex -19.8243 1.7344 0
    endloop
  endfacet
  facet normal -0.999052 0.0435283 0
    outer loop
      vertex -19.8847 0.351162 14.2346
      vertex -19.9 0 0
      vertex -19.9 0 14.2
    endloop
  endfacet
  facet normal -0.843391 0.5373 0
    outer loop
      vertex -17.2339 9.95 0
      vertex -16.3011 11.4142 26
      vertex -16.3011 11.4142 0
    endloop
  endfacet
  facet normal -0.843391 0.5373 0
    outer loop
      vertex -16.3011 11.4142 26
      vertex -17.2339 9.95 0
      vertex -17.2339 9.95 26
    endloop
  endfacet
  facet normal 0.737176 0.675701 0
    outer loop
      vertex 14.0714 14.0714 26
      vertex 14.2011 13.9299 15.1916
      vertex 14.0714 14.0714 15.2
    endloop
  endfacet
  facet normal 0.737252 0.675618 2.00812e-06
    outer loop
      vertex 15.2443 12.7915 26
      vertex 14.2011 13.9299 15.1916
      vertex 14.0714 14.0714 26
    endloop
  endfacet
  facet normal 0.737156 0.675722 2.23155e-05
    outer loop
      vertex 14.2011 13.9299 15.1916
      vertex 15.2443 12.7915 26
      vertex 14.3298 13.7895 15.1666
    endloop
  endfacet
  facet normal 0.737351 0.67551 -1.37675e-05
    outer loop
      vertex 14.3298 13.7895 15.1666
      vertex 15.2443 12.7915 26
      vertex 14.4565 13.6512 15.125
    endloop
  endfacet
  facet normal 0.737267 0.675601 -4.46588e-07
    outer loop
      vertex 14.4565 13.6512 15.125
      vertex 15.2443 12.7915 26
      vertex 14.5803 13.5161 15.0673
    endloop
  endfacet
  facet normal 0.737158 0.67572 1.40853e-05
    outer loop
      vertex 14.5803 13.5161 15.0673
      vertex 15.2443 12.7915 26
      vertex 14.7002 13.3853 14.9939
    endloop
  endfacet
  facet normal 0.737511 0.675335 -2.41321e-05
    outer loop
      vertex 14.7002 13.3853 14.9939
      vertex 15.2443 12.7915 26
      vertex 14.8153 13.2596 14.9053
    endloop
  endfacet
  facet normal 0.737305 0.67556 -6.69098e-06
    outer loop
      vertex 14.8153 13.2596 14.9053
      vertex 15.2443 12.7915 26
      vertex 14.9247 13.1402 14.8021
    endloop
  endfacet
  facet normal 0.737261 0.675608 -3.93774e-06
    outer loop
      vertex 14.9247 13.1402 14.8021
      vertex 15.2443 12.7915 26
      vertex 15.0277 13.0278 14.6853
    endloop
  endfacet
  facet normal 0.737154 0.675724 5.29188e-07
    outer loop
      vertex 15.0277 13.0278 14.6853
      vertex 15.2443 12.7915 26
      vertex 15.1234 12.9234 14.5556
    endloop
  endfacet
  facet normal 0.737249 0.675621 -1.65467e-06
    outer loop
      vertex 15.1234 12.9234 14.5556
      vertex 15.2443 12.7915 26
      vertex 15.2111 12.8277 14.4141
    endloop
  endfacet
  facet normal 0.736985 0.675909 0
    outer loop
      vertex 15.2111 12.8277 14.4141
      vertex 15.2443 12.7915 26
      vertex 15.2443 12.7915 14.3501
    endloop
  endfacet
  facet normal 0.737176 0.675701 0
    outer loop
      vertex 14.2011 13.9299 10.8084
      vertex 14.0714 14.0714 0
      vertex 14.0714 14.0714 10.8
    endloop
  endfacet
  facet normal 0.737156 0.675722 -2.23155e-05
    outer loop
      vertex 15.2443 12.7915 0
      vertex 14.2011 13.9299 10.8084
      vertex 14.3298 13.7895 10.8334
    endloop
  endfacet
  facet normal 0.737351 0.67551 1.37675e-05
    outer loop
      vertex 15.2443 12.7915 0
      vertex 14.3298 13.7895 10.8334
      vertex 14.4565 13.6512 10.875
    endloop
  endfacet
  facet normal 0.737267 0.675601 4.46588e-07
    outer loop
      vertex 15.2443 12.7915 0
      vertex 14.4565 13.6512 10.875
      vertex 14.5803 13.5161 10.9327
    endloop
  endfacet
  facet normal 0.737158 0.67572 -1.40853e-05
    outer loop
      vertex 15.2443 12.7915 0
      vertex 14.5803 13.5161 10.9327
      vertex 14.7002 13.3853 11.0061
    endloop
  endfacet
  facet normal 0.737511 0.675335 2.41321e-05
    outer loop
      vertex 15.2443 12.7915 0
      vertex 14.7002 13.3853 11.0061
      vertex 14.8153 13.2596 11.0947
    endloop
  endfacet
  facet normal 0.737305 0.67556 6.69098e-06
    outer loop
      vertex 15.2443 12.7915 0
      vertex 14.8153 13.2596 11.0947
      vertex 14.9247 13.1402 11.1979
    endloop
  endfacet
  facet normal 0.737261 0.675608 3.93774e-06
    outer loop
      vertex 15.2443 12.7915 0
      vertex 14.9247 13.1402 11.1979
      vertex 15.0277 13.0278 11.3147
    endloop
  endfacet
  facet normal 0.737154 0.675724 -5.29188e-07
    outer loop
      vertex 15.2443 12.7915 0
      vertex 15.0277 13.0278 11.3147
      vertex 15.1234 12.9234 11.4444
    endloop
  endfacet
  facet normal 0.737249 0.675621 1.65467e-06
    outer loop
      vertex 15.2443 12.7915 0
      vertex 15.1234 12.9234 11.4444
      vertex 15.2111 12.8277 11.5859
    endloop
  endfacet
  facet normal 0.736985 0.675909 -0
    outer loop
      vertex 15.2443 12.7915 0
      vertex 15.2111 12.8277 11.5859
      vertex 15.2443 12.7915 11.6499
    endloop
  endfacet
  facet normal 0.737252 0.675618 -2.00812e-06
    outer loop
      vertex 14.2011 13.9299 10.8084
      vertex 15.2443 12.7915 0
      vertex 14.0714 14.0714 0
    endloop
  endfacet
  facet normal -0.923871 -0.382705 0
    outer loop
      vertex -18.0355 -8.4101 0
      vertex -18.6999 -6.8062 26
      vertex -18.6999 -6.8062 0
    endloop
  endfacet
  facet normal -0.923871 -0.382705 0
    outer loop
      vertex -18.6999 -6.8062 26
      vertex -18.0355 -8.4101 0
      vertex -18.0355 -8.4101 26
    endloop
  endfacet
  facet normal 0.300685 0.953724 -0
    outer loop
      vertex 6.8062 18.6999 0
      vertex 5.1505 19.2219 26
      vertex 6.8062 18.6999 26
    endloop
  endfacet
  facet normal 0.300685 0.953724 0
    outer loop
      vertex 5.1505 19.2219 26
      vertex 6.8062 18.6999 0
      vertex 5.1505 19.2219 0
    endloop
  endfacet
  facet normal -0.991445 -0.130526 0
    outer loop
      vertex -19.5977 -3.4556 0
      vertex -19.8243 -1.7344 15.5466
      vertex -19.8243 -1.7344 0
    endloop
  endfacet
  facet normal -0.991392 -0.130928 4.52811e-05
    outer loop
      vertex -19.8243 -1.7344 15.5466
      vertex -19.5977 -3.4556 0
      vertex -19.8202 -1.76541 15.6488
    endloop
  endfacet
  facet normal -0.991364 -0.131141 6.8659e-05
    outer loop
      vertex -19.8202 -1.76541 15.6488
      vertex -19.5977 -3.4556 0
      vertex -19.8156 -1.8 16
    endloop
  endfacet
  facet normal -0.9914 -0.13087 -6.31332e-05
    outer loop
      vertex -19.5977 -3.4556 26
      vertex -19.8243 -1.7344 16.4534
      vertex -19.8202 -1.76541 16.3512
    endloop
  endfacet
  facet normal -0.991384 -0.130987 -8.40266e-05
    outer loop
      vertex -19.5977 -3.4556 26
      vertex -19.8202 -1.76541 16.3512
      vertex -19.8156 -1.8 16
    endloop
  endfacet
  facet normal -0.99145 -0.130489 -0
    outer loop
      vertex -19.5977 -3.4556 26
      vertex -19.8156 -1.8 16
      vertex -19.5977 -3.4556 0
    endloop
  endfacet
  facet normal -0.991445 -0.130526 0
    outer loop
      vertex -19.8243 -1.7344 16.4534
      vertex -19.5977 -3.4556 26
      vertex -19.8243 -1.7344 26
    endloop
  endfacet
  facet normal -0.300685 -0.953724 0
    outer loop
      vertex -6.8062 -18.6999 0
      vertex -5.1505 -19.2219 26
      vertex -6.8062 -18.6999 26
    endloop
  endfacet
  facet normal -0.300685 -0.953724 -0
    outer loop
      vertex -5.1505 -19.2219 26
      vertex -6.8062 -18.6999 0
      vertex -5.1505 -19.2219 0
    endloop
  endfacet
  facet normal -0.130526 -0.991445 0
    outer loop
      vertex -3.4556 -19.5977 26
      vertex -1.7344 -19.8243 10.4534
      vertex -1.7344 -19.8243 26
    endloop
  endfacet
  facet normal -0.130928 -0.991392 -4.52811e-05
    outer loop
      vertex -3.4556 -19.5977 26
      vertex -1.76541 -19.8202 10.3512
      vertex -1.7344 -19.8243 10.4534
    endloop
  endfacet
  facet normal -0.131141 -0.991364 -6.8659e-05
    outer loop
      vertex -3.4556 -19.5977 26
      vertex -1.8 -19.8156 10
      vertex -1.76541 -19.8202 10.3512
    endloop
  endfacet
  facet normal -0.130489 -0.99145 0
    outer loop
      vertex -3.4556 -19.5977 0
      vertex -1.8 -19.8156 10
      vertex -3.4556 -19.5977 26
    endloop
  endfacet
  facet normal -0.130987 -0.991384 8.40326e-05
    outer loop
      vertex -1.8 -19.8156 10
      vertex -3.4556 -19.5977 0
      vertex -1.76541 -19.8202 9.64884
    endloop
  endfacet
  facet normal -0.13087 -0.9914 6.3124e-05
    outer loop
      vertex -3.4556 -19.5977 0
      vertex -1.7344 -19.8243 9.5466
      vertex -1.76541 -19.8202 9.64884
    endloop
  endfacet
  facet normal -0.130526 -0.991445 -0
    outer loop
      vertex -1.7344 -19.8243 9.5466
      vertex -3.4556 -19.5977 0
      vertex -1.7344 -19.8243 0
    endloop
  endfacet
  facet normal 0.461739 -0.887016 0
    outer loop
      vertex 8.4101 -18.0355 0
      vertex 9.95 -17.2339 26
      vertex 8.4101 -18.0355 26
    endloop
  endfacet
  facet normal 0.461739 -0.887016 0
    outer loop
      vertex 9.95 -17.2339 26
      vertex 8.4101 -18.0355 0
      vertex 9.95 -17.2339 0
    endloop
  endfacet
  facet normal 0.793364 -0.608747 0
    outer loop
      vertex 15.2443 -12.7915 26
      vertex 16.3011 -11.4142 0
      vertex 16.3011 -11.4142 26
    endloop
  endfacet
  facet normal 0.793364 -0.608747 0
    outer loop
      vertex 16.3011 -11.4142 0
      vertex 15.2443 -12.7915 26
      vertex 15.2443 -12.7915 0
    endloop
  endfacet
  facet normal -0.216467 -0.97629 0
    outer loop
      vertex -5.1505 -19.2219 0
      vertex -3.4556 -19.5977 26
      vertex -5.1505 -19.2219 26
    endloop
  endfacet
  facet normal -0.216467 -0.97629 -0
    outer loop
      vertex -3.4556 -19.5977 26
      vertex -5.1505 -19.2219 0
      vertex -3.4556 -19.5977 0
    endloop
  endfacet
  facet normal 0.991445 -0.130526 0
    outer loop
      vertex 19.5977 -3.4556 26
      vertex 19.8243 -1.7344 16.4534
      vertex 19.8243 -1.7344 26
    endloop
  endfacet
  facet normal 0.9914 -0.13087 -6.31332e-05
    outer loop
      vertex 19.8243 -1.7344 16.4534
      vertex 19.5977 -3.4556 26
      vertex 19.8202 -1.76541 16.3512
    endloop
  endfacet
  facet normal 0.991384 -0.130987 -8.40266e-05
    outer loop
      vertex 19.8202 -1.76541 16.3512
      vertex 19.5977 -3.4556 26
      vertex 19.8156 -1.8 16
    endloop
  endfacet
  facet normal 0.991392 -0.130928 4.52811e-05
    outer loop
      vertex 19.5977 -3.4556 0
      vertex 19.8243 -1.7344 15.5466
      vertex 19.8202 -1.76541 15.6488
    endloop
  endfacet
  facet normal 0.991364 -0.131141 6.8659e-05
    outer loop
      vertex 19.5977 -3.4556 0
      vertex 19.8202 -1.76541 15.6488
      vertex 19.8156 -1.8 16
    endloop
  endfacet
  facet normal 0.99145 -0.130489 0
    outer loop
      vertex 19.5977 -3.4556 0
      vertex 19.8156 -1.8 16
      vertex 19.5977 -3.4556 26
    endloop
  endfacet
  facet normal 0.991445 -0.130526 0
    outer loop
      vertex 19.8243 -1.7344 15.5466
      vertex 19.5977 -3.4556 0
      vertex 19.8243 -1.7344 0
    endloop
  endfacet
  facet normal -0.887016 -0.461739 0
    outer loop
      vertex -17.2339 -9.95 0
      vertex -18.0355 -8.4101 26
      vertex -18.0355 -8.4101 0
    endloop
  endfacet
  facet normal -0.887016 -0.461739 0
    outer loop
      vertex -18.0355 -8.4101 26
      vertex -17.2339 -9.95 0
      vertex -17.2339 -9.95 26
    endloop
  endfacet
  facet normal 0.461739 0.887016 -0
    outer loop
      vertex 9.95 17.2339 0
      vertex 8.4101 18.0355 26
      vertex 9.95 17.2339 26
    endloop
  endfacet
  facet normal 0.461739 0.887016 0
    outer loop
      vertex 8.4101 18.0355 26
      vertex 9.95 17.2339 0
      vertex 8.4101 18.0355 0
    endloop
  endfacet
  facet normal 0.737252 -0.675618 0
    outer loop
      vertex 14.0714 -14.0714 26
      vertex 15.2443 -12.7915 0
      vertex 15.2443 -12.7915 26
    endloop
  endfacet
  facet normal 0.737252 -0.675618 0
    outer loop
      vertex 15.2443 -12.7915 0
      vertex 14.0714 -14.0714 26
      vertex 14.0714 -14.0714 0
    endloop
  endfacet
  facet normal -0.953724 -0.300685 0
    outer loop
      vertex -18.6999 -6.8062 0
      vertex -19.2219 -5.1505 26
      vertex -19.2219 -5.1505 0
    endloop
  endfacet
  facet normal -0.953724 -0.300685 0
    outer loop
      vertex -19.2219 -5.1505 26
      vertex -18.6999 -6.8062 0
      vertex -18.6999 -6.8062 26
    endloop
  endfacet
  facet normal -0.130526 0.991445 0
    outer loop
      vertex -1.7344 19.8243 10.4534
      vertex -3.4556 19.5977 26
      vertex -1.7344 19.8243 26
    endloop
  endfacet
  facet normal -0.130928 0.991392 -4.52811e-05
    outer loop
      vertex -1.76541 19.8202 10.3512
      vertex -3.4556 19.5977 26
      vertex -1.7344 19.8243 10.4534
    endloop
  endfacet
  facet normal -0.131141 0.991364 -6.8659e-05
    outer loop
      vertex -1.8 19.8156 10
      vertex -3.4556 19.5977 26
      vertex -1.76541 19.8202 10.3512
    endloop
  endfacet
  facet normal -0.130987 0.991384 8.40326e-05
    outer loop
      vertex -3.4556 19.5977 0
      vertex -1.8 19.8156 10
      vertex -1.76541 19.8202 9.64884
    endloop
  endfacet
  facet normal -0.130526 0.991445 0
    outer loop
      vertex -3.4556 19.5977 0
      vertex -1.7344 19.8243 9.5466
      vertex -1.7344 19.8243 0
    endloop
  endfacet
  facet normal -0.13087 0.9914 6.3124e-05
    outer loop
      vertex -1.7344 19.8243 9.5466
      vertex -3.4556 19.5977 0
      vertex -1.76541 19.8202 9.64884
    endloop
  endfacet
  facet normal -0.130489 0.99145 0
    outer loop
      vertex -1.8 19.8156 10
      vertex -3.4556 19.5977 0
      vertex -3.4556 19.5977 26
    endloop
  endfacet
  facet normal 0.97629 -0.216467 0
    outer loop
      vertex 19.2219 -5.1505 26
      vertex 19.5977 -3.4556 0
      vertex 19.5977 -3.4556 26
    endloop
  endfacet
  facet normal 0.97629 -0.216467 0
    outer loop
      vertex 19.5977 -3.4556 0
      vertex 19.2219 -5.1505 26
      vertex 19.2219 -5.1505 0
    endloop
  endfacet
  facet normal -0.382705 0.923871 0
    outer loop
      vertex -6.8062 18.6999 0
      vertex -8.4101 18.0355 26
      vertex -6.8062 18.6999 26
    endloop
  endfacet
  facet normal -0.382705 0.923871 0
    outer loop
      vertex -8.4101 18.0355 26
      vertex -6.8062 18.6999 0
      vertex -8.4101 18.0355 0
    endloop
  endfacet
  facet normal -0.608747 0.793364 0
    outer loop
      vertex -11.4142 16.3011 0
      vertex -12.7915 15.2443 26
      vertex -11.4142 16.3011 26
    endloop
  endfacet
  facet normal -0.608747 0.793364 0
    outer loop
      vertex -12.7915 15.2443 26
      vertex -11.4142 16.3011 0
      vertex -12.7915 15.2443 0
    endloop
  endfacet
  facet normal 0.300685 -0.953724 0
    outer loop
      vertex 5.1505 -19.2219 0
      vertex 6.8062 -18.6999 26
      vertex 5.1505 -19.2219 26
    endloop
  endfacet
  facet normal 0.300685 -0.953724 0
    outer loop
      vertex 6.8062 -18.6999 26
      vertex 5.1505 -19.2219 0
      vertex 6.8062 -18.6999 0
    endloop
  endfacet
  facet normal -0.887016 0.461739 0
    outer loop
      vertex -18.0355 8.4101 0
      vertex -17.2339 9.95 26
      vertex -17.2339 9.95 0
    endloop
  endfacet
  facet normal -0.887016 0.461739 0
    outer loop
      vertex -17.2339 9.95 26
      vertex -18.0355 8.4101 0
      vertex -18.0355 8.4101 26
    endloop
  endfacet
  facet normal -0.300685 0.953724 0
    outer loop
      vertex -5.1505 19.2219 0
      vertex -6.8062 18.6999 26
      vertex -5.1505 19.2219 26
    endloop
  endfacet
  facet normal -0.300685 0.953724 0
    outer loop
      vertex -6.8062 18.6999 26
      vertex -5.1505 19.2219 0
      vertex -6.8062 18.6999 0
    endloop
  endfacet
  facet normal 0.793364 0.608747 0
    outer loop
      vertex 16.3011 11.4142 26
      vertex 15.2443 12.7915 14.3501
      vertex 15.2443 12.7915 26
    endloop
  endfacet
  facet normal 0.793291 0.608843 1.80384e-05
    outer loop
      vertex 15.2443 12.7915 14.3501
      vertex 16.3011 11.4142 26
      vertex 15.2859 12.7373 14.2619
    endloop
  endfacet
  facet normal 0.793373 0.608736 -1.18744e-06
    outer loop
      vertex 15.2859 12.7373 14.2619
      vertex 16.3011 11.4142 26
      vertex 15.3492 12.6548 14.1
    endloop
  endfacet
  facet normal 0.793703 0.608306 -7.23468e-05
    outer loop
      vertex 15.3492 12.6548 14.1
      vertex 16.3011 11.4142 26
      vertex 15.4036 12.5838 13.9298
    endloop
  endfacet
  facet normal 0.793058 0.609146 5.68902e-05
    outer loop
      vertex 15.4036 12.5838 13.9298
      vertex 16.3011 11.4142 26
      vertex 15.4487 12.5251 13.7524
    endloop
  endfacet
  facet normal 0.793664 0.608357 -5.67747e-05
    outer loop
      vertex 15.4487 12.5251 13.7524
      vertex 16.3011 11.4142 26
      vertex 15.4841 12.4789 13.5694
    endloop
  endfacet
  facet normal 0.793754 0.608239 -7.27812e-05
    outer loop
      vertex 15.4841 12.4789 13.5694
      vertex 16.3011 11.4142 26
      vertex 15.5096 12.4456 13.382
    endloop
  endfacet
  facet normal 0.792764 0.609528 9.46436e-05
    outer loop
      vertex 15.5096 12.4456 13.382
      vertex 16.3011 11.4142 26
      vertex 15.525 12.4256 13.1917
    endloop
  endfacet
  facet normal 0.792313 0.610115 0.000168292
    outer loop
      vertex 15.525 12.4256 13.1917
      vertex 16.3011 11.4142 26
      vertex 15.5302 12.4189 13
    endloop
  endfacet
  facet normal 0.793291 0.608843 -1.80384e-05
    outer loop
      vertex 16.3011 11.4142 0
      vertex 15.2443 12.7915 11.6499
      vertex 15.2859 12.7373 11.7381
    endloop
  endfacet
  facet normal 0.793373 0.608736 1.18744e-06
    outer loop
      vertex 16.3011 11.4142 0
      vertex 15.2859 12.7373 11.7381
      vertex 15.3492 12.6548 11.9
    endloop
  endfacet
  facet normal 0.793703 0.608306 7.23468e-05
    outer loop
      vertex 16.3011 11.4142 0
      vertex 15.3492 12.6548 11.9
      vertex 15.4036 12.5838 12.0702
    endloop
  endfacet
  facet normal 0.793058 0.609146 -5.68902e-05
    outer loop
      vertex 16.3011 11.4142 0
      vertex 15.4036 12.5838 12.0702
      vertex 15.4487 12.5251 12.2476
    endloop
  endfacet
  facet normal 0.793664 0.608357 5.67747e-05
    outer loop
      vertex 16.3011 11.4142 0
      vertex 15.4487 12.5251 12.2476
      vertex 15.4841 12.4789 12.4306
    endloop
  endfacet
  facet normal 0.793754 0.608239 7.27812e-05
    outer loop
      vertex 16.3011 11.4142 0
      vertex 15.4841 12.4789 12.4306
      vertex 15.5096 12.4456 12.618
    endloop
  endfacet
  facet normal 0.792764 0.609528 -9.46436e-05
    outer loop
      vertex 16.3011 11.4142 0
      vertex 15.5096 12.4456 12.618
      vertex 15.525 12.4256 12.8083
    endloop
  endfacet
  facet normal 0.792313 0.610115 -0.000168292
    outer loop
      vertex 16.3011 11.4142 0
      vertex 15.525 12.4256 12.8083
      vertex 15.5302 12.4189 13
    endloop
  endfacet
  facet normal 0.793366 0.608745 -0
    outer loop
      vertex 16.3011 11.4142 0
      vertex 15.5302 12.4189 13
      vertex 16.3011 11.4142 26
    endloop
  endfacet
  facet normal 0.793364 0.608747 0
    outer loop
      vertex 15.2443 12.7915 11.6499
      vertex 16.3011 11.4142 0
      vertex 15.2443 12.7915 0
    endloop
  endfacet
  facet normal 0.953724 0.300685 0
    outer loop
      vertex 19.2219 5.1505 26
      vertex 18.6999 6.8062 0
      vertex 18.6999 6.8062 26
    endloop
  endfacet
  facet normal 0.953724 0.300685 0
    outer loop
      vertex 18.6999 6.8062 0
      vertex 19.2219 5.1505 26
      vertex 19.2219 5.1505 0
    endloop
  endfacet
  facet normal -0.461739 0.887016 0
    outer loop
      vertex -8.4101 18.0355 0
      vertex -9.95 17.2339 26
      vertex -8.4101 18.0355 26
    endloop
  endfacet
  facet normal -0.461739 0.887016 0
    outer loop
      vertex -9.95 17.2339 26
      vertex -8.4101 18.0355 0
      vertex -9.95 17.2339 0
    endloop
  endfacet
  facet normal -0.5373 0.843391 0
    outer loop
      vertex -9.95 17.2339 0
      vertex -11.4142 16.3011 26
      vertex -9.95 17.2339 26
    endloop
  endfacet
  facet normal -0.5373 0.843391 0
    outer loop
      vertex -11.4142 16.3011 26
      vertex -9.95 17.2339 0
      vertex -11.4142 16.3011 0
    endloop
  endfacet
  facet normal 0.923871 0.382705 0
    outer loop
      vertex 18.6999 6.8062 26
      vertex 18.0355 8.4101 0
      vertex 18.0355 8.4101 26
    endloop
  endfacet
  facet normal 0.923871 0.382705 0
    outer loop
      vertex 18.0355 8.4101 0
      vertex 18.6999 6.8062 26
      vertex 18.6999 6.8062 0
    endloop
  endfacet
  facet normal -0.793364 0.608747 0
    outer loop
      vertex -16.3011 11.4142 0
      vertex -15.2443 12.7915 26
      vertex -15.2443 12.7915 0
    endloop
  endfacet
  facet normal -0.793364 0.608747 0
    outer loop
      vertex -15.2443 12.7915 26
      vertex -16.3011 11.4142 0
      vertex -16.3011 11.4142 26
    endloop
  endfacet
  facet normal 0.999052 -0.0435283 0
    outer loop
      vertex 19.9 0 26
      vertex 19.8847 -0.351162 17.7654
      vertex 19.9 0 17.8
    endloop
  endfacet
  facet normal 0.999049 -0.0436047 3.26276e-06
    outer loop
      vertex 19.8243 -1.7344 26
      vertex 19.8847 -0.351162 17.7654
      vertex 19.9 0 26
    endloop
  endfacet
  facet normal 0.999041 -0.0437802 -2.62686e-05
    outer loop
      vertex 19.8847 -0.351162 17.7654
      vertex 19.8243 -1.7344 26
      vertex 19.8699 -0.688829 17.663
    endloop
  endfacet
  facet normal 0.999047 -0.0436544 -1.04651e-05
    outer loop
      vertex 19.8699 -0.688829 17.663
      vertex 19.8243 -1.7344 26
      vertex 19.8563 -1.00003 17.4966
    endloop
  endfacet
  facet normal 0.99905 -0.0435831 -4.29709e-06
    outer loop
      vertex 19.8563 -1.00003 17.4966
      vertex 19.8243 -1.7344 26
      vertex 19.8444 -1.27279 17.2728
    endloop
  endfacet
  facet normal 0.999062 -0.0433047 1.0458e-05
    outer loop
      vertex 19.8444 -1.27279 17.2728
      vertex 19.8243 -1.7344 26
      vertex 19.8347 -1.49664 17
    endloop
  endfacet
  facet normal 0.999039 -0.043837 -3.63229e-06
    outer loop
      vertex 19.8347 -1.49664 17
      vertex 19.8243 -1.7344 26
      vertex 19.8274 -1.66298 16.6888
    endloop
  endfacet
  facet normal 0.999059 -0.0433644 0
    outer loop
      vertex 19.8274 -1.66298 16.6888
      vertex 19.8243 -1.7344 26
      vertex 19.8243 -1.7344 16.4534
    endloop
  endfacet
  facet normal 0.999052 -0.0435283 0
    outer loop
      vertex 19.8847 -0.351162 14.2346
      vertex 19.9 0 0
      vertex 19.9 0 14.2
    endloop
  endfacet
  facet normal 0.999041 -0.0437834 1.55131e-05
    outer loop
      vertex 19.8243 -1.7344 0
      vertex 19.8847 -0.351162 14.2346
      vertex 19.8699 -0.688829 14.337
    endloop
  endfacet
  facet normal 0.999047 -0.0436567 6.24987e-06
    outer loop
      vertex 19.8243 -1.7344 0
      vertex 19.8699 -0.688829 14.337
      vertex 19.8563 -1.00003 14.5034
    endloop
  endfacet
  facet normal 0.99905 -0.0435845 2.59031e-06
    outer loop
      vertex 19.8243 -1.7344 0
      vertex 19.8563 -1.00003 14.5034
      vertex 19.8444 -1.27279 14.7272
    endloop
  endfacet
  facet normal 0.999062 -0.0432997 -6.35409e-06
    outer loop
      vertex 19.8243 -1.7344 0
      vertex 19.8444 -1.27279 14.7272
      vertex 19.8347 -1.49664 15
    endloop
  endfacet
  facet normal 0.999039 -0.0438397 2.22122e-06
    outer loop
      vertex 19.8243 -1.7344 0
      vertex 19.8347 -1.49664 15
      vertex 19.8274 -1.66298 15.3112
    endloop
  endfacet
  facet normal 0.999059 -0.0433644 0
    outer loop
      vertex 19.8243 -1.7344 0
      vertex 19.8274 -1.66298 15.3112
      vertex 19.8243 -1.7344 15.5466
    endloop
  endfacet
  facet normal 0.999049 -0.0436047 -1.88748e-06
    outer loop
      vertex 19.8847 -0.351162 14.2346
      vertex 19.8243 -1.7344 0
      vertex 19.9 0 0
    endloop
  endfacet
  facet normal 0.887016 -0.461739 0
    outer loop
      vertex 17.2339 -9.95 26
      vertex 18.0355 -8.4101 0
      vertex 18.0355 -8.4101 26
    endloop
  endfacet
  facet normal 0.887016 -0.461739 0
    outer loop
      vertex 18.0355 -8.4101 0
      vertex 17.2339 -9.95 26
      vertex 17.2339 -9.95 0
    endloop
  endfacet
  facet normal 0.608747 0.793364 -0
    outer loop
      vertex 12.7915 15.2443 14.3501
      vertex 11.4142 16.3011 26
      vertex 12.7915 15.2443 26
    endloop
  endfacet
  facet normal 0.608843 0.793291 1.80384e-05
    outer loop
      vertex 12.7373 15.2859 14.2619
      vertex 11.4142 16.3011 26
      vertex 12.7915 15.2443 14.3501
    endloop
  endfacet
  facet normal 0.608736 0.793373 -1.18744e-06
    outer loop
      vertex 12.6548 15.3492 14.1
      vertex 11.4142 16.3011 26
      vertex 12.7373 15.2859 14.2619
    endloop
  endfacet
  facet normal 0.608306 0.793703 -7.23468e-05
    outer loop
      vertex 12.5838 15.4036 13.9298
      vertex 11.4142 16.3011 26
      vertex 12.6548 15.3492 14.1
    endloop
  endfacet
  facet normal 0.609146 0.793058 5.68902e-05
    outer loop
      vertex 12.5251 15.4487 13.7524
      vertex 11.4142 16.3011 26
      vertex 12.5838 15.4036 13.9298
    endloop
  endfacet
  facet normal 0.608357 0.793664 -5.67747e-05
    outer loop
      vertex 12.4789 15.4841 13.5694
      vertex 11.4142 16.3011 26
      vertex 12.5251 15.4487 13.7524
    endloop
  endfacet
  facet normal 0.608239 0.793754 -7.27812e-05
    outer loop
      vertex 12.4456 15.5096 13.382
      vertex 11.4142 16.3011 26
      vertex 12.4789 15.4841 13.5694
    endloop
  endfacet
  facet normal 0.609528 0.792764 9.46436e-05
    outer loop
      vertex 12.4256 15.525 13.1917
      vertex 11.4142 16.3011 26
      vertex 12.4456 15.5096 13.382
    endloop
  endfacet
  facet normal 0.610115 0.792313 0.000168292
    outer loop
      vertex 12.4189 15.5302 13
      vertex 11.4142 16.3011 26
      vertex 12.4256 15.525 13.1917
    endloop
  endfacet
  facet normal 0.610115 0.792313 -0.000168292
    outer loop
      vertex 11.4142 16.3011 0
      vertex 12.4189 15.5302 13
      vertex 12.4256 15.525 12.8083
    endloop
  endfacet
  facet normal 0.608747 0.793364 0
    outer loop
      vertex 11.4142 16.3011 0
      vertex 12.7915 15.2443 11.6499
      vertex 12.7915 15.2443 0
    endloop
  endfacet
  facet normal 0.608843 0.793291 -1.80384e-05
    outer loop
      vertex 12.7915 15.2443 11.6499
      vertex 11.4142 16.3011 0
      vertex 12.7373 15.2859 11.7381
    endloop
  endfacet
  facet normal 0.608736 0.793373 1.18744e-06
    outer loop
      vertex 12.7373 15.2859 11.7381
      vertex 11.4142 16.3011 0
      vertex 12.6548 15.3492 11.9
    endloop
  endfacet
  facet normal 0.608306 0.793703 7.23468e-05
    outer loop
      vertex 12.6548 15.3492 11.9
      vertex 11.4142 16.3011 0
      vertex 12.5838 15.4036 12.0702
    endloop
  endfacet
  facet normal 0.609146 0.793058 -5.68902e-05
    outer loop
      vertex 12.5838 15.4036 12.0702
      vertex 11.4142 16.3011 0
      vertex 12.5251 15.4487 12.2476
    endloop
  endfacet
  facet normal 0.608357 0.793664 5.67747e-05
    outer loop
      vertex 12.5251 15.4487 12.2476
      vertex 11.4142 16.3011 0
      vertex 12.4789 15.4841 12.4306
    endloop
  endfacet
  facet normal 0.608239 0.793754 7.27812e-05
    outer loop
      vertex 12.4789 15.4841 12.4306
      vertex 11.4142 16.3011 0
      vertex 12.4456 15.5096 12.618
    endloop
  endfacet
  facet normal 0.609528 0.792764 -9.46436e-05
    outer loop
      vertex 12.4456 15.5096 12.618
      vertex 11.4142 16.3011 0
      vertex 12.4256 15.525 12.8083
    endloop
  endfacet
  facet normal 0.608745 0.793366 0
    outer loop
      vertex 12.4189 15.5302 13
      vertex 11.4142 16.3011 0
      vertex 11.4142 16.3011 26
    endloop
  endfacet
  facet normal 0.5373 0.843391 -0
    outer loop
      vertex 11.4142 16.3011 0
      vertex 9.95 17.2339 26
      vertex 11.4142 16.3011 26
    endloop
  endfacet
  facet normal 0.5373 0.843391 0
    outer loop
      vertex 9.95 17.2339 26
      vertex 11.4142 16.3011 0
      vertex 9.95 17.2339 0
    endloop
  endfacet
  facet normal 0.0435283 -0.999052 0
    outer loop
      vertex 0 -19.9 0
      vertex 0.351162 -19.8847 8.23459
      vertex 0 -19.9 8.2
    endloop
  endfacet
  facet normal 0.0436047 -0.999049 -3.26276e-06
    outer loop
      vertex 1.7344 -19.8243 0
      vertex 0.351162 -19.8847 8.23459
      vertex 0 -19.9 0
    endloop
  endfacet
  facet normal 0.0437802 -0.999041 2.62682e-05
    outer loop
      vertex 0.351162 -19.8847 8.23459
      vertex 1.7344 -19.8243 0
      vertex 0.688829 -19.8699 8.33702
    endloop
  endfacet
  facet normal 0.0436544 -0.999047 1.04654e-05
    outer loop
      vertex 0.688829 -19.8699 8.33702
      vertex 1.7344 -19.8243 0
      vertex 1.00003 -19.8563 8.50335
    endloop
  endfacet
  facet normal 0.0435831 -0.99905 4.29704e-06
    outer loop
      vertex 1.00003 -19.8563 8.50335
      vertex 1.7344 -19.8243 0
      vertex 1.27279 -19.8444 8.72721
    endloop
  endfacet
  facet normal 0.0433047 -0.999062 -1.04581e-05
    outer loop
      vertex 1.27279 -19.8444 8.72721
      vertex 1.7344 -19.8243 0
      vertex 1.49664 -19.8347 8.99997
    endloop
  endfacet
  facet normal 0.043837 -0.999039 3.6323e-06
    outer loop
      vertex 1.49664 -19.8347 8.99997
      vertex 1.7344 -19.8243 0
      vertex 1.66298 -19.8274 9.31117
    endloop
  endfacet
  facet normal 0.0433644 -0.999059 0
    outer loop
      vertex 1.66298 -19.8274 9.31117
      vertex 1.7344 -19.8243 0
      vertex 1.7344 -19.8243 9.5466
    endloop
  endfacet
  facet normal 0.0436047 -0.999049 0
    outer loop
      vertex 0 -19.9 11.8
      vertex 1.7344 -19.8243 26
      vertex 0 -19.9 26
    endloop
  endfacet
  facet normal 0.0435292 -0.999052 9.23394e-06
    outer loop
      vertex 0.351162 -19.8847 11.7654
      vertex 1.7344 -19.8243 26
      vertex 0 -19.9 11.8
    endloop
  endfacet
  facet normal 0.0437834 -0.999041 -1.55131e-05
    outer loop
      vertex 0.688829 -19.8699 11.663
      vertex 1.7344 -19.8243 26
      vertex 0.351162 -19.8847 11.7654
    endloop
  endfacet
  facet normal 0.0436567 -0.999047 -6.24987e-06
    outer loop
      vertex 1.00003 -19.8563 11.4966
      vertex 1.7344 -19.8243 26
      vertex 0.688829 -19.8699 11.663
    endloop
  endfacet
  facet normal 0.0435845 -0.99905 -2.59031e-06
    outer loop
      vertex 1.27279 -19.8444 11.2728
      vertex 1.7344 -19.8243 26
      vertex 1.00003 -19.8563 11.4966
    endloop
  endfacet
  facet normal 0.0432997 -0.999062 6.35409e-06
    outer loop
      vertex 1.49664 -19.8347 11
      vertex 1.7344 -19.8243 26
      vertex 1.27279 -19.8444 11.2728
    endloop
  endfacet
  facet normal 0.0438397 -0.999039 -2.22122e-06
    outer loop
      vertex 1.66298 -19.8274 10.6888
      vertex 1.7344 -19.8243 26
      vertex 1.49664 -19.8347 11
    endloop
  endfacet
  facet normal 0.0433644 -0.999059 0
    outer loop
      vertex 1.7344 -19.8243 26
      vertex 1.66298 -19.8274 10.6888
      vertex 1.7344 -19.8243 10.4534
    endloop
  endfacet
  facet normal 0.843391 -0.5373 0
    outer loop
      vertex 16.3011 -11.4142 26
      vertex 17.2339 -9.95 0
      vertex 17.2339 -9.95 26
    endloop
  endfacet
  facet normal 0.843391 -0.5373 0
    outer loop
      vertex 17.2339 -9.95 0
      vertex 16.3011 -11.4142 26
      vertex 16.3011 -11.4142 0
    endloop
  endfacet
  facet normal -0.737252 0.675618 0
    outer loop
      vertex -15.2443 12.7915 0
      vertex -14.0714 14.0714 26
      vertex -14.0714 14.0714 0
    endloop
  endfacet
  facet normal -0.737252 0.675618 0
    outer loop
      vertex -14.0714 14.0714 26
      vertex -15.2443 12.7915 0
      vertex -15.2443 12.7915 26
    endloop
  endfacet
  facet normal -0.0436047 0.999049 0
    outer loop
      vertex 0 19.9 11.8
      vertex -1.7344 19.8243 26
      vertex 0 19.9 26
    endloop
  endfacet
  facet normal -0.0435292 0.999052 9.23394e-06
    outer loop
      vertex -0.351162 19.8847 11.7654
      vertex -1.7344 19.8243 26
      vertex 0 19.9 11.8
    endloop
  endfacet
  facet normal -0.0437834 0.999041 -1.55131e-05
    outer loop
      vertex -0.688829 19.8699 11.663
      vertex -1.7344 19.8243 26
      vertex -0.351162 19.8847 11.7654
    endloop
  endfacet
  facet normal -0.0436567 0.999047 -6.24987e-06
    outer loop
      vertex -1.00003 19.8563 11.4966
      vertex -1.7344 19.8243 26
      vertex -0.688829 19.8699 11.663
    endloop
  endfacet
  facet normal -0.0435845 0.99905 -2.59031e-06
    outer loop
      vertex -1.27279 19.8444 11.2728
      vertex -1.7344 19.8243 26
      vertex -1.00003 19.8563 11.4966
    endloop
  endfacet
  facet normal -0.0432997 0.999062 6.35409e-06
    outer loop
      vertex -1.49664 19.8347 11
      vertex -1.7344 19.8243 26
      vertex -1.27279 19.8444 11.2728
    endloop
  endfacet
  facet normal -0.0438397 0.999039 -2.22122e-06
    outer loop
      vertex -1.66298 19.8274 10.6888
      vertex -1.7344 19.8243 26
      vertex -1.49664 19.8347 11
    endloop
  endfacet
  facet normal -0.0433644 0.999059 0
    outer loop
      vertex -1.7344 19.8243 26
      vertex -1.66298 19.8274 10.6888
      vertex -1.7344 19.8243 10.4534
    endloop
  endfacet
  facet normal -0.0435283 0.999052 0
    outer loop
      vertex 0 19.9 0
      vertex -0.351162 19.8847 8.23459
      vertex 0 19.9 8.2
    endloop
  endfacet
  facet normal -0.0436047 0.999049 -3.26276e-06
    outer loop
      vertex -1.7344 19.8243 0
      vertex -0.351162 19.8847 8.23459
      vertex 0 19.9 0
    endloop
  endfacet
  facet normal -0.0437802 0.999041 2.62682e-05
    outer loop
      vertex -0.351162 19.8847 8.23459
      vertex -1.7344 19.8243 0
      vertex -0.688829 19.8699 8.33702
    endloop
  endfacet
  facet normal -0.0436544 0.999047 1.04654e-05
    outer loop
      vertex -0.688829 19.8699 8.33702
      vertex -1.7344 19.8243 0
      vertex -1.00003 19.8563 8.50335
    endloop
  endfacet
  facet normal -0.0435831 0.99905 4.29704e-06
    outer loop
      vertex -1.00003 19.8563 8.50335
      vertex -1.7344 19.8243 0
      vertex -1.27279 19.8444 8.72721
    endloop
  endfacet
  facet normal -0.0433047 0.999062 -1.04581e-05
    outer loop
      vertex -1.27279 19.8444 8.72721
      vertex -1.7344 19.8243 0
      vertex -1.49664 19.8347 8.99997
    endloop
  endfacet
  facet normal -0.043837 0.999039 3.6323e-06
    outer loop
      vertex -1.49664 19.8347 8.99997
      vertex -1.7344 19.8243 0
      vertex -1.66298 19.8274 9.31117
    endloop
  endfacet
  facet normal -0.0433644 0.999059 0
    outer loop
      vertex -1.66298 19.8274 9.31117
      vertex -1.7344 19.8243 0
      vertex -1.7344 19.8243 9.5466
    endloop
  endfacet
  facet normal -0.608747 -0.793364 0
    outer loop
      vertex -12.7915 -15.2443 0
      vertex -11.4142 -16.3011 26
      vertex -12.7915 -15.2443 26
    endloop
  endfacet
  facet normal -0.608747 -0.793364 -0
    outer loop
      vertex -11.4142 -16.3011 26
      vertex -12.7915 -15.2443 0
      vertex -11.4142 -16.3011 0
    endloop
  endfacet
  facet normal 0.887016 0.461739 0
    outer loop
      vertex 18.0355 8.4101 26
      vertex 17.2339 9.95 0
      vertex 17.2339 9.95 26
    endloop
  endfacet
  facet normal 0.887016 0.461739 0
    outer loop
      vertex 17.2339 9.95 0
      vertex 18.0355 8.4101 26
      vertex 18.0355 8.4101 0
    endloop
  endfacet
  facet normal 0.216467 0.97629 -0
    outer loop
      vertex 5.1505 19.2219 0
      vertex 3.4556 19.5977 26
      vertex 5.1505 19.2219 26
    endloop
  endfacet
  facet normal 0.216467 0.97629 0
    outer loop
      vertex 3.4556 19.5977 26
      vertex 5.1505 19.2219 0
      vertex 3.4556 19.5977 0
    endloop
  endfacet
  facet normal 0.953724 -0.300685 0
    outer loop
      vertex 18.6999 -6.8062 26
      vertex 19.2219 -5.1505 0
      vertex 19.2219 -5.1505 26
    endloop
  endfacet
  facet normal 0.953724 -0.300685 0
    outer loop
      vertex 19.2219 -5.1505 0
      vertex 18.6999 -6.8062 26
      vertex 18.6999 -6.8062 0
    endloop
  endfacet
  facet normal 0.843391 0.5373 0
    outer loop
      vertex 17.2339 9.95 26
      vertex 16.3011 11.4142 0
      vertex 16.3011 11.4142 26
    endloop
  endfacet
  facet normal 0.843391 0.5373 0
    outer loop
      vertex 16.3011 11.4142 0
      vertex 17.2339 9.95 26
      vertex 17.2339 9.95 0
    endloop
  endfacet
  facet normal -0.953724 0.300685 0
    outer loop
      vertex -19.2219 5.1505 0
      vertex -18.6999 6.8062 26
      vertex -18.6999 6.8062 0
    endloop
  endfacet
  facet normal -0.953724 0.300685 0
    outer loop
      vertex -18.6999 6.8062 26
      vertex -19.2219 5.1505 0
      vertex -19.2219 5.1505 26
    endloop
  endfacet
  facet normal 0.923871 -0.382705 0
    outer loop
      vertex 18.0355 -8.4101 26
      vertex 18.6999 -6.8062 0
      vertex 18.6999 -6.8062 26
    endloop
  endfacet
  facet normal 0.923871 -0.382705 0
    outer loop
      vertex 18.6999 -6.8062 0
      vertex 18.0355 -8.4101 26
      vertex 18.0355 -8.4101 0
    endloop
  endfacet
  facet normal -0.675618 0.737252 0
    outer loop
      vertex -12.7915 15.2443 0
      vertex -14.0714 14.0714 26
      vertex -12.7915 15.2443 26
    endloop
  endfacet
  facet normal -0.675618 0.737252 0
    outer loop
      vertex -14.0714 14.0714 26
      vertex -12.7915 15.2443 0
      vertex -14.0714 14.0714 0
    endloop
  endfacet
  facet normal 0.130526 -0.991445 0
    outer loop
      vertex 1.7344 -19.8243 10.4534
      vertex 3.4556 -19.5977 26
      vertex 1.7344 -19.8243 26
    endloop
  endfacet
  facet normal 0.130928 -0.991392 -4.52811e-05
    outer loop
      vertex 1.76541 -19.8202 10.3512
      vertex 3.4556 -19.5977 26
      vertex 1.7344 -19.8243 10.4534
    endloop
  endfacet
  facet normal 0.131141 -0.991364 -6.8659e-05
    outer loop
      vertex 1.8 -19.8156 10
      vertex 3.4556 -19.5977 26
      vertex 1.76541 -19.8202 10.3512
    endloop
  endfacet
  facet normal 0.130987 -0.991384 8.40326e-05
    outer loop
      vertex 3.4556 -19.5977 0
      vertex 1.8 -19.8156 10
      vertex 1.76541 -19.8202 9.64884
    endloop
  endfacet
  facet normal 0.130526 -0.991445 0
    outer loop
      vertex 3.4556 -19.5977 0
      vertex 1.7344 -19.8243 9.5466
      vertex 1.7344 -19.8243 0
    endloop
  endfacet
  facet normal 0.13087 -0.9914 6.3124e-05
    outer loop
      vertex 1.7344 -19.8243 9.5466
      vertex 3.4556 -19.5977 0
      vertex 1.76541 -19.8202 9.64884
    endloop
  endfacet
  facet normal 0.130489 -0.99145 0
    outer loop
      vertex 1.8 -19.8156 10
      vertex 3.4556 -19.5977 0
      vertex 3.4556 -19.5977 26
    endloop
  endfacet
  facet normal -0.737252 -0.675618 0
    outer loop
      vertex -14.0714 -14.0714 0
      vertex -15.2443 -12.7915 26
      vertex -15.2443 -12.7915 0
    endloop
  endfacet
  facet normal -0.737252 -0.675618 0
    outer loop
      vertex -15.2443 -12.7915 26
      vertex -14.0714 -14.0714 0
      vertex -14.0714 -14.0714 26
    endloop
  endfacet
  facet normal -0.923871 0.382705 0
    outer loop
      vertex -18.6999 6.8062 0
      vertex -18.0355 8.4101 26
      vertex -18.0355 8.4101 0
    endloop
  endfacet
  facet normal -0.923871 0.382705 0
    outer loop
      vertex -18.0355 8.4101 26
      vertex -18.6999 6.8062 0
      vertex -18.6999 6.8062 26
    endloop
  endfacet
  facet normal -0.382705 -0.923871 0
    outer loop
      vertex -8.4101 -18.0355 0
      vertex -6.8062 -18.6999 26
      vertex -8.4101 -18.0355 26
    endloop
  endfacet
  facet normal -0.382705 -0.923871 -0
    outer loop
      vertex -6.8062 -18.6999 26
      vertex -8.4101 -18.0355 0
      vertex -6.8062 -18.6999 0
    endloop
  endfacet
  facet normal -0.793364 -0.608747 0
    outer loop
      vertex -15.2443 -12.7915 0
      vertex -16.3011 -11.4142 26
      vertex -16.3011 -11.4142 0
    endloop
  endfacet
  facet normal -0.793364 -0.608747 0
    outer loop
      vertex -16.3011 -11.4142 26
      vertex -15.2443 -12.7915 0
      vertex -15.2443 -12.7915 26
    endloop
  endfacet
  facet normal 0.382705 -0.923871 0
    outer loop
      vertex 6.8062 -18.6999 0
      vertex 8.4101 -18.0355 26
      vertex 6.8062 -18.6999 26
    endloop
  endfacet
  facet normal 0.382705 -0.923871 0
    outer loop
      vertex 8.4101 -18.0355 26
      vertex 6.8062 -18.6999 0
      vertex 8.4101 -18.0355 0
    endloop
  endfacet
  facet normal 0.0436047 0.999049 0
    outer loop
      vertex 1.7344 19.8243 26
      vertex 0 19.9 11.8
      vertex 0 19.9 26
    endloop
  endfacet
  facet normal 0.0435292 0.999052 9.23394e-06
    outer loop
      vertex 1.7344 19.8243 26
      vertex 0.351162 19.8847 11.7654
      vertex 0 19.9 11.8
    endloop
  endfacet
  facet normal 0.0437834 0.999041 -1.55131e-05
    outer loop
      vertex 1.7344 19.8243 26
      vertex 0.688829 19.8699 11.663
      vertex 0.351162 19.8847 11.7654
    endloop
  endfacet
  facet normal 0.0436567 0.999047 -6.24987e-06
    outer loop
      vertex 1.7344 19.8243 26
      vertex 1.00003 19.8563 11.4966
      vertex 0.688829 19.8699 11.663
    endloop
  endfacet
  facet normal 0.0435845 0.99905 -2.59031e-06
    outer loop
      vertex 1.7344 19.8243 26
      vertex 1.27279 19.8444 11.2728
      vertex 1.00003 19.8563 11.4966
    endloop
  endfacet
  facet normal 0.0432997 0.999062 6.35409e-06
    outer loop
      vertex 1.7344 19.8243 26
      vertex 1.49664 19.8347 11
      vertex 1.27279 19.8444 11.2728
    endloop
  endfacet
  facet normal 0.0438397 0.999039 -2.22122e-06
    outer loop
      vertex 1.7344 19.8243 26
      vertex 1.66298 19.8274 10.6888
      vertex 1.49664 19.8347 11
    endloop
  endfacet
  facet normal 0.0433644 0.999059 0
    outer loop
      vertex 1.66298 19.8274 10.6888
      vertex 1.7344 19.8243 26
      vertex 1.7344 19.8243 10.4534
    endloop
  endfacet
  facet normal 0.0433644 0.999059 -0
    outer loop
      vertex 1.7344 19.8243 0
      vertex 1.66298 19.8274 9.31117
      vertex 1.7344 19.8243 9.5466
    endloop
  endfacet
  facet normal 0.043837 0.999039 3.6323e-06
    outer loop
      vertex 1.7344 19.8243 0
      vertex 1.49664 19.8347 8.99997
      vertex 1.66298 19.8274 9.31117
    endloop
  endfacet
  facet normal 0.0433047 0.999062 -1.04581e-05
    outer loop
      vertex 1.7344 19.8243 0
      vertex 1.27279 19.8444 8.72721
      vertex 1.49664 19.8347 8.99997
    endloop
  endfacet
  facet normal 0.0435831 0.99905 4.29704e-06
    outer loop
      vertex 1.7344 19.8243 0
      vertex 1.00003 19.8563 8.50335
      vertex 1.27279 19.8444 8.72721
    endloop
  endfacet
  facet normal 0.0436544 0.999047 1.04654e-05
    outer loop
      vertex 1.7344 19.8243 0
      vertex 0.688829 19.8699 8.33702
      vertex 1.00003 19.8563 8.50335
    endloop
  endfacet
  facet normal 0.0437802 0.999041 2.62682e-05
    outer loop
      vertex 1.7344 19.8243 0
      vertex 0.351162 19.8847 8.23459
      vertex 0.688829 19.8699 8.33702
    endloop
  endfacet
  facet normal 0.0436047 0.999049 -3.26276e-06
    outer loop
      vertex 0 19.9 0
      vertex 0.351162 19.8847 8.23459
      vertex 1.7344 19.8243 0
    endloop
  endfacet
  facet normal 0.0435283 0.999052 0
    outer loop
      vertex 0.351162 19.8847 8.23459
      vertex 0 19.9 0
      vertex 0 19.9 8.2
    endloop
  endfacet
  facet normal -0.999052 -0.0435283 0
    outer loop
      vertex -19.9 0 0
      vertex -19.8847 -0.351162 14.2346
      vertex -19.9 0 14.2
    endloop
  endfacet
  facet normal -0.999049 -0.0436047 -1.88748e-06
    outer loop
      vertex -19.8243 -1.7344 0
      vertex -19.8847 -0.351162 14.2346
      vertex -19.9 0 0
    endloop
  endfacet
  facet normal -0.999041 -0.0437834 1.55131e-05
    outer loop
      vertex -19.8847 -0.351162 14.2346
      vertex -19.8243 -1.7344 0
      vertex -19.8699 -0.688829 14.337
    endloop
  endfacet
  facet normal -0.999047 -0.0436567 6.24987e-06
    outer loop
      vertex -19.8699 -0.688829 14.337
      vertex -19.8243 -1.7344 0
      vertex -19.8563 -1.00003 14.5034
    endloop
  endfacet
  facet normal -0.99905 -0.0435845 2.59031e-06
    outer loop
      vertex -19.8563 -1.00003 14.5034
      vertex -19.8243 -1.7344 0
      vertex -19.8444 -1.27279 14.7272
    endloop
  endfacet
  facet normal -0.999062 -0.0432997 -6.35409e-06
    outer loop
      vertex -19.8444 -1.27279 14.7272
      vertex -19.8243 -1.7344 0
      vertex -19.8347 -1.49664 15
    endloop
  endfacet
  facet normal -0.999039 -0.0438397 2.22122e-06
    outer loop
      vertex -19.8347 -1.49664 15
      vertex -19.8243 -1.7344 0
      vertex -19.8274 -1.66298 15.3112
    endloop
  endfacet
  facet normal -0.999059 -0.0433644 0
    outer loop
      vertex -19.8274 -1.66298 15.3112
      vertex -19.8243 -1.7344 0
      vertex -19.8243 -1.7344 15.5466
    endloop
  endfacet
  facet normal -0.999052 -0.0435283 0
    outer loop
      vertex -19.8847 -0.351162 17.7654
      vertex -19.9 0 26
      vertex -19.9 0 17.8
    endloop
  endfacet
  facet normal -0.999041 -0.0437802 -2.62686e-05
    outer loop
      vertex -19.8243 -1.7344 26
      vertex -19.8847 -0.351162 17.7654
      vertex -19.8699 -0.688829 17.663
    endloop
  endfacet
  facet normal -0.999047 -0.0436544 -1.04651e-05
    outer loop
      vertex -19.8243 -1.7344 26
      vertex -19.8699 -0.688829 17.663
      vertex -19.8563 -1.00003 17.4966
    endloop
  endfacet
  facet normal -0.99905 -0.0435831 -4.29709e-06
    outer loop
      vertex -19.8243 -1.7344 26
      vertex -19.8563 -1.00003 17.4966
      vertex -19.8444 -1.27279 17.2728
    endloop
  endfacet
  facet normal -0.999062 -0.0433047 1.0458e-05
    outer loop
      vertex -19.8243 -1.7344 26
      vertex -19.8444 -1.27279 17.2728
      vertex -19.8347 -1.49664 17
    endloop
  endfacet
  facet normal -0.999039 -0.043837 -3.63229e-06
    outer loop
      vertex -19.8243 -1.7344 26
      vertex -19.8347 -1.49664 17
      vertex -19.8274 -1.66298 16.6888
    endloop
  endfacet
  facet normal -0.999059 -0.0433644 -0
    outer loop
      vertex -19.8243 -1.7344 26
      vertex -19.8274 -1.66298 16.6888
      vertex -19.8243 -1.7344 16.4534
    endloop
  endfacet
  facet normal -0.999049 -0.0436047 3.26276e-06
    outer loop
      vertex -19.8847 -0.351162 17.7654
      vertex -19.8243 -1.7344 26
      vertex -19.9 0 26
    endloop
  endfacet
  facet normal -0.97629 0.216467 0
    outer loop
      vertex -19.5977 3.4556 0
      vertex -19.2219 5.1505 26
      vertex -19.2219 5.1505 0
    endloop
  endfacet
  facet normal -0.97629 0.216467 0
    outer loop
      vertex -19.2219 5.1505 26
      vertex -19.5977 3.4556 0
      vertex -19.5977 3.4556 26
    endloop
  endfacet
  facet normal 0.5373 -0.843391 0
    outer loop
      vertex 9.95 -17.2339 0
      vertex 11.4142 -16.3011 26
      vertex 9.95 -17.2339 26
    endloop
  endfacet
  facet normal 0.5373 -0.843391 0
    outer loop
      vertex 11.4142 -16.3011 26
      vertex 9.95 -17.2339 0
      vertex 11.4142 -16.3011 0
    endloop
  endfacet
  facet normal 0.130526 0.991445 0
    outer loop
      vertex 3.4556 19.5977 26
      vertex 1.7344 19.8243 10.4534
      vertex 1.7344 19.8243 26
    endloop
  endfacet
  facet normal 0.130928 0.991392 -4.52811e-05
    outer loop
      vertex 3.4556 19.5977 26
      vertex 1.76541 19.8202 10.3512
      vertex 1.7344 19.8243 10.4534
    endloop
  endfacet
  facet normal 0.131141 0.991364 -6.8659e-05
    outer loop
      vertex 3.4556 19.5977 26
      vertex 1.8 19.8156 10
      vertex 1.76541 19.8202 10.3512
    endloop
  endfacet
  facet normal 0.130489 0.99145 -0
    outer loop
      vertex 3.4556 19.5977 0
      vertex 1.8 19.8156 10
      vertex 3.4556 19.5977 26
    endloop
  endfacet
  facet normal 0.130987 0.991384 8.40326e-05
    outer loop
      vertex 1.8 19.8156 10
      vertex 3.4556 19.5977 0
      vertex 1.76541 19.8202 9.64884
    endloop
  endfacet
  facet normal 0.13087 0.9914 6.3124e-05
    outer loop
      vertex 3.4556 19.5977 0
      vertex 1.7344 19.8243 9.5466
      vertex 1.76541 19.8202 9.64884
    endloop
  endfacet
  facet normal 0.130526 0.991445 0
    outer loop
      vertex 1.7344 19.8243 9.5466
      vertex 3.4556 19.5977 0
      vertex 1.7344 19.8243 0
    endloop
  endfacet
  facet normal 0.216467 -0.97629 0
    outer loop
      vertex 3.4556 -19.5977 0
      vertex 5.1505 -19.2219 26
      vertex 3.4556 -19.5977 26
    endloop
  endfacet
  facet normal 0.216467 -0.97629 0
    outer loop
      vertex 5.1505 -19.2219 26
      vertex 3.4556 -19.5977 0
      vertex 5.1505 -19.2219 0
    endloop
  endfacet
  facet normal 0 0 -1
    outer loop
      vertex 3.4556 -19.5977 0
      vertex 1.20104 -16.8975 0
      vertex 1.3 -16.4 0
    endloop
  endfacet
  facet normal 0 0 -1
    outer loop
      vertex 3.4556 -19.5977 0
      vertex 0.919238 -17.3192 0
      vertex 1.20104 -16.8975 0
    endloop
  endfacet
  facet normal 0 0 -1
    outer loop
      vertex 1.7344 -19.8243 0
      vertex 0.497488 -17.601 0
      vertex 0.919238 -17.3192 0
    endloop
  endfacet
  facet normal 0 0 -1
    outer loop
      vertex 0 -19.9 0
      vertex 0.497488 -17.601 0
      vertex 1.7344 -19.8243 0
    endloop
  endfacet
  facet normal 0 0 -1
    outer loop
      vertex 0 -19.9 0
      vertex 0 -17.7 0
      vertex 0.497488 -17.601 0
    endloop
  endfacet
  facet normal 0 0 -1
    outer loop
      vertex 0 -19.9 0
      vertex -0.497488 -17.601 0
      vertex 0 -17.7 0
    endloop
  endfacet
  facet normal 0 0 -1
    outer loop
      vertex -1.7344 -19.8243 0
      vertex -0.497488 -17.601 0
      vertex 0 -19.9 0
    endloop
  endfacet
  facet normal -0 0 -1
    outer loop
      vertex -0.497488 -17.601 0
      vertex -1.7344 -19.8243 0
      vertex -0.919238 -17.3192 0
    endloop
  endfacet
  facet normal -0 0 -1
    outer loop
      vertex -0.919238 -17.3192 0
      vertex -3.4556 -19.5977 0
      vertex -1.20104 -16.8975 0
    endloop
  endfacet
  facet normal 0 0 -1
    outer loop
      vertex -3.4556 -19.5977 0
      vertex -0.919238 -17.3192 0
      vertex -1.7344 -19.8243 0
    endloop
  endfacet
  facet normal 0 0 -1
    outer loop
      vertex 12.9 0 0
      vertex 19.9 0 0
      vertex 19.8243 -1.7344 0
    endloop
  endfacet
  facet normal 0 0 -1
    outer loop
      vertex 12.8509 -1.12431 0
      vertex 19.8243 -1.7344 0
      vertex 19.5977 -3.4556 0
    endloop
  endfacet
  facet normal 0 0 -1
    outer loop
      vertex 19.9 0 0
      vertex 12.9 0 0
      vertex 19.8243 1.7344 0
    endloop
  endfacet
  facet normal 0 0 -1
    outer loop
      vertex 12.704 -2.24006 0
      vertex 19.5977 -3.4556 0
      vertex 19.2219 -5.1505 0
    endloop
  endfacet
  facet normal 0 0 -1
    outer loop
      vertex 12.8509 1.12431 0
      vertex 19.8243 1.7344 0
      vertex 12.9 0 0
    endloop
  endfacet
  facet normal 0 0 -1
    outer loop
      vertex 12.4604 -3.33877 0
      vertex 19.2219 -5.1505 0
      vertex 18.6999 -6.8062 0
    endloop
  endfacet
  facet normal -0 0 -1
    outer loop
      vertex 19.8243 1.7344 0
      vertex 12.8509 1.12431 0
      vertex 19.5977 3.4556 0
    endloop
  endfacet
  facet normal 0 0 -1
    outer loop
      vertex 12.122 -4.41206 0
      vertex 18.6999 -6.8062 0
      vertex 18.0355 -8.4101 0
    endloop
  endfacet
  facet normal 0 0 -1
    outer loop
      vertex 12.704 2.24006 0
      vertex 19.5977 3.4556 0
      vertex 12.8509 1.12431 0
    endloop
  endfacet
  facet normal 0 0 -1
    outer loop
      vertex 11.6914 -5.45178 0
      vertex 18.0355 -8.4101 0
      vertex 17.2339 -9.95 0
    endloop
  endfacet
  facet normal -0 0 -1
    outer loop
      vertex 19.5977 3.4556 0
      vertex 12.704 2.24006 0
      vertex 19.2219 5.1505 0
    endloop
  endfacet
  facet normal 0 0 -1
    outer loop
      vertex 11.1717 -6.45 0
      vertex 17.2339 -9.95 0
      vertex 16.3011 -11.4142 0
    endloop
  endfacet
  facet normal 0 0 -1
    outer loop
      vertex 12.4604 3.33877 0
      vertex 19.2219 5.1505 0
      vertex 12.704 2.24006 0
    endloop
  endfacet
  facet normal 0 0 -1
    outer loop
      vertex 10.5671 -7.39914 0
      vertex 16.3011 -11.4142 0
      vertex 15.2443 -12.7915 0
    endloop
  endfacet
  facet normal -0 0 -1
    outer loop
      vertex 19.2219 5.1505 0
      vertex 12.4604 3.33877 0
      vertex 18.6999 6.8062 0
    endloop
  endfacet
  facet normal 0 0 -1
    outer loop
      vertex 9.88197 -8.29196 0
      vertex 15.2443 -12.7915 0
      vertex 14.0714 -14.0714 0
    endloop
  endfacet
  facet normal 0 0 -1
    outer loop
      vertex 12.122 4.41206 0
      vertex 18.6999 6.8062 0
      vertex 12.4604 3.33877 0
    endloop
  endfacet
  facet normal -0 0 -1
    outer loop
      vertex 18.6999 6.8062 0
      vertex 12.122 4.41206 0
      vertex 18.0355 8.4101 0
    endloop
  endfacet
  facet normal 0 0 -1
    outer loop
      vertex 19.8243 -1.7344 0
      vertex 12.8509 -1.12431 0
      vertex 12.9 0 0
    endloop
  endfacet
  facet normal 0 0 -1
    outer loop
      vertex 9.12168 -9.12168 0
      vertex 14.0714 -14.0714 0
      vertex 12.7915 -15.2443 0
    endloop
  endfacet
  facet normal 0 0 -1
    outer loop
      vertex 19.5977 -3.4556 0
      vertex 12.704 -2.24006 0
      vertex 12.8509 -1.12431 0
    endloop
  endfacet
  facet normal 0 0 -1
    outer loop
      vertex 19.2219 -5.1505 0
      vertex 12.4604 -3.33877 0
      vertex 12.704 -2.24006 0
    endloop
  endfacet
  facet normal 0 0 -1
    outer loop
      vertex 18.6999 -6.8062 0
      vertex 12.122 -4.41206 0
      vertex 12.4604 -3.33877 0
    endloop
  endfacet
  facet normal 0 0 -1
    outer loop
      vertex 18.0355 -8.4101 0
      vertex 11.6914 -5.45178 0
      vertex 12.122 -4.41206 0
    endloop
  endfacet
  facet normal 0 0 -1
    outer loop
      vertex 8.29196 -9.88197 0
      vertex 12.7915 -15.2443 0
      vertex 11.4142 -16.3011 0
    endloop
  endfacet
  facet normal 0 0 -1
    outer loop
      vertex 17.2339 -9.95 0
      vertex 11.1717 -6.45 0
      vertex 11.6914 -5.45178 0
    endloop
  endfacet
  facet normal 0 0 -1
    outer loop
      vertex 16.3011 -11.4142 0
      vertex 10.5671 -7.39914 0
      vertex 11.1717 -6.45 0
    endloop
  endfacet
  facet normal 0 0 -1
    outer loop
      vertex 7.39914 -10.5671 0
      vertex 11.4142 -16.3011 0
      vertex 9.95 -17.2339 0
    endloop
  endfacet
  facet normal 0 0 -1
    outer loop
      vertex 15.2443 -12.7915 0
      vertex 9.88197 -8.29196 0
      vertex 10.5671 -7.39914 0
    endloop
  endfacet
  facet normal 0 0 -1
    outer loop
      vertex 14.0714 -14.0714 0
      vertex 9.12168 -9.12168 0
      vertex 9.88197 -8.29196 0
    endloop
  endfacet
  facet normal 0 0 -1
    outer loop
      vertex 6.45 -11.1717 0
      vertex 9.95 -17.2339 0
      vertex 8.4101 -18.0355 0
    endloop
  endfacet
  facet normal 0 0 -1
    outer loop
      vertex 12.7915 -15.2443 0
      vertex 8.29196 -9.88197 0
      vertex 9.12168 -9.12168 0
    endloop
  endfacet
  facet normal 0 0 -1
    outer loop
      vertex 11.4142 -16.3011 0
      vertex 7.39914 -10.5671 0
      vertex 8.29196 -9.88197 0
    endloop
  endfacet
  facet normal 0 0 -1
    outer loop
      vertex 5.45178 -11.6914 0
      vertex 8.4101 -18.0355 0
      vertex 6.8062 -18.6999 0
    endloop
  endfacet
  facet normal 0 0 -1
    outer loop
      vertex 9.95 -17.2339 0
      vertex 6.45 -11.1717 0
      vertex 7.39914 -10.5671 0
    endloop
  endfacet
  facet normal 0 0 -1
    outer loop
      vertex 8.4101 -18.0355 0
      vertex 5.45178 -11.6914 0
      vertex 6.45 -11.1717 0
    endloop
  endfacet
  facet normal 0 0 -1
    outer loop
      vertex 4.41206 -12.122 0
      vertex 6.8062 -18.6999 0
      vertex 5.1505 -19.2219 0
    endloop
  endfacet
  facet normal 0 0 -1
    outer loop
      vertex 6.8062 -18.6999 0
      vertex 4.41206 -12.122 0
      vertex 5.45178 -11.6914 0
    endloop
  endfacet
  facet normal 0 0 -1
    outer loop
      vertex 1.3 -16.4 0
      vertex 5.1505 -19.2219 0
      vertex 3.4556 -19.5977 0
    endloop
  endfacet
  facet normal 0 -0 -1
    outer loop
      vertex 3.33877 -12.4604 0
      vertex 5.1505 -19.2219 0
      vertex 1.3 -16.4 0
    endloop
  endfacet
  facet normal 0 0 -1
    outer loop
      vertex 5.1505 -19.2219 0
      vertex 3.33877 -12.4604 0
      vertex 4.41206 -12.122 0
    endloop
  endfacet
  facet normal 0 0 -1
    outer loop
      vertex 0.919238 -17.3192 0
      vertex 3.4556 -19.5977 0
      vertex 1.7344 -19.8243 0
    endloop
  endfacet
  facet normal 0 0 -1
    outer loop
      vertex 1.20104 -15.9025 0
      vertex 3.33877 -12.4604 0
      vertex 1.3 -16.4 0
    endloop
  endfacet
  facet normal 0 0 -1
    outer loop
      vertex 3.33877 -12.4604 0
      vertex 1.20104 -15.9025 0
      vertex 2.24006 -12.704 0
    endloop
  endfacet
  facet normal 0 0 -1
    outer loop
      vertex 0.919238 -15.4808 0
      vertex 2.24006 -12.704 0
      vertex 1.20104 -15.9025 0
    endloop
  endfacet
  facet normal 0 0 -1
    outer loop
      vertex 2.24006 -12.704 0
      vertex 0.919238 -15.4808 0
      vertex 1.12431 -12.8509 0
    endloop
  endfacet
  facet normal 0 0 -1
    outer loop
      vertex 0.497488 -15.199 0
      vertex 1.12431 -12.8509 0
      vertex 0.919238 -15.4808 0
    endloop
  endfacet
  facet normal 0 0 -1
    outer loop
      vertex 0 -12.9 0
      vertex 0.497488 -15.199 0
      vertex 0 -15.1 0
    endloop
  endfacet
  facet normal 0 0 -1
    outer loop
      vertex 0.497488 -15.199 0
      vertex 0 -12.9 0
      vertex 1.12431 -12.8509 0
    endloop
  endfacet
  facet normal 0 0 -1
    outer loop
      vertex -0.497488 -15.199 0
      vertex 0 -12.9 0
      vertex 0 -15.1 0
    endloop
  endfacet
  facet normal 0 0 -1
    outer loop
      vertex -1.12431 -12.8509 0
      vertex -0.497488 -15.199 0
      vertex -0.919238 -15.4808 0
    endloop
  endfacet
  facet normal 0 0 -1
    outer loop
      vertex -0.497488 -15.199 0
      vertex -1.12431 -12.8509 0
      vertex 0 -12.9 0
    endloop
  endfacet
  facet normal 0 0 -1
    outer loop
      vertex -2.24006 -12.704 0
      vertex -0.919238 -15.4808 0
      vertex -1.20104 -15.9025 0
    endloop
  endfacet
  facet normal 0 0 -1
    outer loop
      vertex -3.33877 -12.4604 0
      vertex -1.20104 -15.9025 0
      vertex -1.3 -16.4 0
    endloop
  endfacet
  facet normal -0 0 -1
    outer loop
      vertex -1.20104 -16.8975 0
      vertex -3.4556 -19.5977 0
      vertex -1.3 -16.4 0
    endloop
  endfacet
  facet normal 0 0 -1
    outer loop
      vertex -0.919238 -15.4808 0
      vertex -2.24006 -12.704 0
      vertex -1.12431 -12.8509 0
    endloop
  endfacet
  facet normal 0 0 -1
    outer loop
      vertex -5.1505 -19.2219 0
      vertex -1.3 -16.4 0
      vertex -3.4556 -19.5977 0
    endloop
  endfacet
  facet normal 0 0 -1
    outer loop
      vertex -1.20104 -15.9025 0
      vertex -3.33877 -12.4604 0
      vertex -2.24006 -12.704 0
    endloop
  endfacet
  facet normal -0 0 -1
    outer loop
      vertex -1.3 -16.4 0
      vertex -5.1505 -19.2219 0
      vertex -3.33877 -12.4604 0
    endloop
  endfacet
  facet normal -0 0 -1
    outer loop
      vertex -3.33877 -12.4604 0
      vertex -5.1505 -19.2219 0
      vertex -4.41206 -12.122 0
    endloop
  endfacet
  facet normal 0 0 -1
    outer loop
      vertex -6.8062 -18.6999 0
      vertex -4.41206 -12.122 0
      vertex -5.1505 -19.2219 0
    endloop
  endfacet
  facet normal -0 0 -1
    outer loop
      vertex -4.41206 -12.122 0
      vertex -6.8062 -18.6999 0
      vertex -5.45178 -11.6914 0
    endloop
  endfacet
  facet normal 0 0 -1
    outer loop
      vertex -8.4101 -18.0355 0
      vertex -5.45178 -11.6914 0
      vertex -6.8062 -18.6999 0
    endloop
  endfacet
  facet normal -0 0 -1
    outer loop
      vertex -5.45178 -11.6914 0
      vertex -8.4101 -18.0355 0
      vertex -6.45 -11.1717 0
    endloop
  endfacet
  facet normal 0 0 -1
    outer loop
      vertex -9.95 -17.2339 0
      vertex -6.45 -11.1717 0
      vertex -8.4101 -18.0355 0
    endloop
  endfacet
  facet normal -0 0 -1
    outer loop
      vertex -6.45 -11.1717 0
      vertex -9.95 -17.2339 0
      vertex -7.39914 -10.5671 0
    endloop
  endfacet
  facet normal 0 0 -1
    outer loop
      vertex -11.4142 -16.3011 0
      vertex -7.39914 -10.5671 0
      vertex -9.95 -17.2339 0
    endloop
  endfacet
  facet normal -0 0 -1
    outer loop
      vertex -7.39914 -10.5671 0
      vertex -11.4142 -16.3011 0
      vertex -8.29196 -9.88197 0
    endloop
  endfacet
  facet normal 0 0 -1
    outer loop
      vertex -12.7915 -15.2443 0
      vertex -8.29196 -9.88197 0
      vertex -11.4142 -16.3011 0
    endloop
  endfacet
  facet normal -0 0 -1
    outer loop
      vertex -8.29196 -9.88197 0
      vertex -12.7915 -15.2443 0
      vertex -9.12168 -9.12168 0
    endloop
  endfacet
  facet normal 0 0 -1
    outer loop
      vertex -14.0714 -14.0714 0
      vertex -9.12168 -9.12168 0
      vertex -12.7915 -15.2443 0
    endloop
  endfacet
  facet normal -0 0 -1
    outer loop
      vertex -9.12168 -9.12168 0
      vertex -14.0714 -14.0714 0
      vertex -9.88197 -8.29196 0
    endloop
  endfacet
  facet normal 0 0 -1
    outer loop
      vertex -15.2443 -12.7915 0
      vertex -9.88197 -8.29196 0
      vertex -14.0714 -14.0714 0
    endloop
  endfacet
  facet normal -0 0 -1
    outer loop
      vertex -9.88197 -8.29196 0
      vertex -15.2443 -12.7915 0
      vertex -10.5671 -7.39914 0
    endloop
  endfacet
  facet normal 0 0 -1
    outer loop
      vertex -16.3011 -11.4142 0
      vertex -10.5671 -7.39914 0
      vertex -15.2443 -12.7915 0
    endloop
  endfacet
  facet normal -0 0 -1
    outer loop
      vertex -10.5671 -7.39914 0
      vertex -16.3011 -11.4142 0
      vertex -11.1717 -6.45 0
    endloop
  endfacet
  facet normal 0 0 -1
    outer loop
      vertex -17.2339 -9.95 0
      vertex -11.1717 -6.45 0
      vertex -16.3011 -11.4142 0
    endloop
  endfacet
  facet normal -0 0 -1
    outer loop
      vertex -11.1717 -6.45 0
      vertex -17.2339 -9.95 0
      vertex -11.6914 -5.45178 0
    endloop
  endfacet
  facet normal 0 0 -1
    outer loop
      vertex -18.0355 -8.4101 0
      vertex -11.6914 -5.45178 0
      vertex -17.2339 -9.95 0
    endloop
  endfacet
  facet normal -0 0 -1
    outer loop
      vertex -11.6914 -5.45178 0
      vertex -18.0355 -8.4101 0
      vertex -12.122 -4.41206 0
    endloop
  endfacet
  facet normal 0 0 -1
    outer loop
      vertex 11.6914 5.45178 0
      vertex 18.0355 8.4101 0
      vertex 12.122 4.41206 0
    endloop
  endfacet
  facet normal -0 0 -1
    outer loop
      vertex 18.0355 8.4101 0
      vertex 11.6914 5.45178 0
      vertex 17.2339 9.95 0
    endloop
  endfacet
  facet normal 0 0 -1
    outer loop
      vertex 11.1717 6.45 0
      vertex 17.2339 9.95 0
      vertex 11.6914 5.45178 0
    endloop
  endfacet
  facet normal -0 0 -1
    outer loop
      vertex 17.2339 9.95 0
      vertex 11.1717 6.45 0
      vertex 16.3011 11.4142 0
    endloop
  endfacet
  facet normal 0 0 -1
    outer loop
      vertex 10.5671 7.39914 0
      vertex 16.3011 11.4142 0
      vertex 11.1717 6.45 0
    endloop
  endfacet
  facet normal -0 0 -1
    outer loop
      vertex 16.3011 11.4142 0
      vertex 10.5671 7.39914 0
      vertex 15.2443 12.7915 0
    endloop
  endfacet
  facet normal 0 0 -1
    outer loop
      vertex 9.88197 8.29196 0
      vertex 15.2443 12.7915 0
      vertex 10.5671 7.39914 0
    endloop
  endfacet
  facet normal -0 0 -1
    outer loop
      vertex 15.2443 12.7915 0
      vertex 9.88197 8.29196 0
      vertex 14.0714 14.0714 0
    endloop
  endfacet
  facet normal 0 0 -1
    outer loop
      vertex 9.12168 9.12168 0
      vertex 14.0714 14.0714 0
      vertex 9.88197 8.29196 0
    endloop
  endfacet
  facet normal -0 0 -1
    outer loop
      vertex 14.0714 14.0714 0
      vertex 9.12168 9.12168 0
      vertex 12.7915 15.2443 0
    endloop
  endfacet
  facet normal 0 0 -1
    outer loop
      vertex 8.29196 9.88197 0
      vertex 12.7915 15.2443 0
      vertex 9.12168 9.12168 0
    endloop
  endfacet
  facet normal -0 0 -1
    outer loop
      vertex 12.7915 15.2443 0
      vertex 8.29196 9.88197 0
      vertex 11.4142 16.3011 0
    endloop
  endfacet
  facet normal 0 0 -1
    outer loop
      vertex 7.39914 10.5671 0
      vertex 11.4142 16.3011 0
      vertex 8.29196 9.88197 0
    endloop
  endfacet
  facet normal -0 0 -1
    outer loop
      vertex 11.4142 16.3011 0
      vertex 7.39914 10.5671 0
      vertex 9.95 17.2339 0
    endloop
  endfacet
  facet normal 0 0 -1
    outer loop
      vertex 6.45 11.1717 0
      vertex 9.95 17.2339 0
      vertex 7.39914 10.5671 0
    endloop
  endfacet
  facet normal -0 0 -1
    outer loop
      vertex 9.95 17.2339 0
      vertex 6.45 11.1717 0
      vertex 8.4101 18.0355 0
    endloop
  endfacet
  facet normal 0 0 -1
    outer loop
      vertex 5.45178 11.6914 0
      vertex 8.4101 18.0355 0
      vertex 6.45 11.1717 0
    endloop
  endfacet
  facet normal -0 0 -1
    outer loop
      vertex 8.4101 18.0355 0
      vertex 5.45178 11.6914 0
      vertex 6.8062 18.6999 0
    endloop
  endfacet
  facet normal 0 0 -1
    outer loop
      vertex 4.41206 12.122 0
      vertex 6.8062 18.6999 0
      vertex 5.45178 11.6914 0
    endloop
  endfacet
  facet normal -0 0 -1
    outer loop
      vertex 6.8062 18.6999 0
      vertex 4.41206 12.122 0
      vertex 5.1505 19.2219 0
    endloop
  endfacet
  facet normal 0 0 -1
    outer loop
      vertex 3.33877 12.4604 0
      vertex 5.1505 19.2219 0
      vertex 4.41206 12.122 0
    endloop
  endfacet
  facet normal 0 0 -1
    outer loop
      vertex 5.1505 19.2219 0
      vertex 3.33877 12.4604 0
      vertex 1.3 16.4 0
    endloop
  endfacet
  facet normal 0 0 -1
    outer loop
      vertex 1.20104 15.9025 0
      vertex 3.33877 12.4604 0
      vertex 2.24006 12.704 0
    endloop
  endfacet
  facet normal -0 0 -1
    outer loop
      vertex 5.1505 19.2219 0
      vertex 1.3 16.4 0
      vertex 3.4556 19.5977 0
    endloop
  endfacet
  facet normal 0 0 -1
    outer loop
      vertex 1.20104 16.8975 0
      vertex 3.4556 19.5977 0
      vertex 1.3 16.4 0
    endloop
  endfacet
  facet normal 0 0 -1
    outer loop
      vertex 3.33877 12.4604 0
      vertex 1.20104 15.9025 0
      vertex 1.3 16.4 0
    endloop
  endfacet
  facet normal 0 0 -1
    outer loop
      vertex 0.919238 15.4808 0
      vertex 2.24006 12.704 0
      vertex 1.12431 12.8509 0
    endloop
  endfacet
  facet normal 0 0 -1
    outer loop
      vertex 2.24006 12.704 0
      vertex 0.919238 15.4808 0
      vertex 1.20104 15.9025 0
    endloop
  endfacet
  facet normal 0 0 -1
    outer loop
      vertex 1.12431 12.8509 0
      vertex 0.497488 15.199 0
      vertex 0.919238 15.4808 0
    endloop
  endfacet
  facet normal 0 0 -1
    outer loop
      vertex 0 12.9 0
      vertex 0.497488 15.199 0
      vertex 1.12431 12.8509 0
    endloop
  endfacet
  facet normal 0 0 -1
    outer loop
      vertex 0 12.9 0
      vertex 0 15.1 0
      vertex 0.497488 15.199 0
    endloop
  endfacet
  facet normal 0 0 -1
    outer loop
      vertex 0 12.9 0
      vertex -0.497488 15.199 0
      vertex 0 15.1 0
    endloop
  endfacet
  facet normal 0 0 -1
    outer loop
      vertex -1.12431 12.8509 0
      vertex -0.497488 15.199 0
      vertex 0 12.9 0
    endloop
  endfacet
  facet normal -0 0 -1
    outer loop
      vertex -0.497488 15.199 0
      vertex -1.12431 12.8509 0
      vertex -0.919238 15.4808 0
    endloop
  endfacet
  facet normal 0 0 -1
    outer loop
      vertex -2.24006 12.704 0
      vertex -0.919238 15.4808 0
      vertex -1.12431 12.8509 0
    endloop
  endfacet
  facet normal -0 0 -1
    outer loop
      vertex -0.919238 15.4808 0
      vertex -2.24006 12.704 0
      vertex -1.20104 15.9025 0
    endloop
  endfacet
  facet normal 0 0 -1
    outer loop
      vertex -3.33877 12.4604 0
      vertex -1.20104 15.9025 0
      vertex -2.24006 12.704 0
    endloop
  endfacet
  facet normal -0 0 -1
    outer loop
      vertex -1.20104 15.9025 0
      vertex -3.33877 12.4604 0
      vertex -1.3 16.4 0
    endloop
  endfacet
  facet normal 0 0 -1
    outer loop
      vertex -5.1505 19.2219 0
      vertex -1.3 16.4 0
      vertex -3.33877 12.4604 0
    endloop
  endfacet
  facet normal 0 0 -1
    outer loop
      vertex -1.3 16.4 0
      vertex -3.4556 19.5977 0
      vertex -1.7344 19.8243 0
    endloop
  endfacet
  facet normal 0 0 -1
    outer loop
      vertex -5.1505 19.2219 0
      vertex -3.33877 12.4604 0
      vertex -4.41206 12.122 0
    endloop
  endfacet
  facet normal 0 0 -1
    outer loop
      vertex -1.3 16.4 0
      vertex -5.1505 19.2219 0
      vertex -3.4556 19.5977 0
    endloop
  endfacet
  facet normal 0 0 -1
    outer loop
      vertex -6.8062 18.6999 0
      vertex -4.41206 12.122 0
      vertex -5.45178 11.6914 0
    endloop
  endfacet
  facet normal 0 0 -1
    outer loop
      vertex -8.4101 18.0355 0
      vertex -5.45178 11.6914 0
      vertex -6.45 11.1717 0
    endloop
  endfacet
  facet normal 0 0 -1
    outer loop
      vertex -4.41206 12.122 0
      vertex -6.8062 18.6999 0
      vertex -5.1505 19.2219 0
    endloop
  endfacet
  facet normal 0 0 -1
    outer loop
      vertex -9.95 17.2339 0
      vertex -6.45 11.1717 0
      vertex -7.39914 10.5671 0
    endloop
  endfacet
  facet normal 0 0 -1
    outer loop
      vertex -11.4142 16.3011 0
      vertex -7.39914 10.5671 0
      vertex -8.29196 9.88197 0
    endloop
  endfacet
  facet normal 0 0 -1
    outer loop
      vertex -5.45178 11.6914 0
      vertex -8.4101 18.0355 0
      vertex -6.8062 18.6999 0
    endloop
  endfacet
  facet normal 0 0 -1
    outer loop
      vertex -12.7915 15.2443 0
      vertex -8.29196 9.88197 0
      vertex -9.12168 9.12168 0
    endloop
  endfacet
  facet normal 0 0 -1
    outer loop
      vertex -14.0714 14.0714 0
      vertex -9.12168 9.12168 0
      vertex -9.88197 8.29196 0
    endloop
  endfacet
  facet normal 0 0 -1
    outer loop
      vertex -6.45 11.1717 0
      vertex -9.95 17.2339 0
      vertex -8.4101 18.0355 0
    endloop
  endfacet
  facet normal 0 0 -1
    outer loop
      vertex -15.2443 12.7915 0
      vertex -9.88197 8.29196 0
      vertex -10.5671 7.39914 0
    endloop
  endfacet
  facet normal 0 0 -1
    outer loop
      vertex -16.3011 11.4142 0
      vertex -10.5671 7.39914 0
      vertex -11.1717 6.45 0
    endloop
  endfacet
  facet normal 0 0 -1
    outer loop
      vertex -7.39914 10.5671 0
      vertex -11.4142 16.3011 0
      vertex -9.95 17.2339 0
    endloop
  endfacet
  facet normal 0 0 -1
    outer loop
      vertex -17.2339 9.95 0
      vertex -11.1717 6.45 0
      vertex -11.6914 5.45178 0
    endloop
  endfacet
  facet normal 0 0 -1
    outer loop
      vertex -18.0355 8.4101 0
      vertex -11.6914 5.45178 0
      vertex -12.122 4.41206 0
    endloop
  endfacet
  facet normal 0 0 -1
    outer loop
      vertex -18.6999 6.8062 0
      vertex -12.122 4.41206 0
      vertex -12.4604 3.33877 0
    endloop
  endfacet
  facet normal 0 0 -1
    outer loop
      vertex -19.2219 5.1505 0
      vertex -12.4604 3.33877 0
      vertex -12.704 2.24006 0
    endloop
  endfacet
  facet normal 0 0 -1
    outer loop
      vertex -8.29196 9.88197 0
      vertex -12.7915 15.2443 0
      vertex -11.4142 16.3011 0
    endloop
  endfacet
  facet normal 0 0 -1
    outer loop
      vertex -19.5977 3.4556 0
      vertex -12.704 2.24006 0
      vertex -12.8509 1.12431 0
    endloop
  endfacet
  facet normal 0 0 -1
    outer loop
      vertex -19.8243 1.7344 0
      vertex -12.8509 1.12431 0
      vertex -12.9 0 0
    endloop
  endfacet
  facet normal 0 0 -1
    outer loop
      vertex -18.6999 -6.8062 0
      vertex -12.122 -4.41206 0
      vertex -18.0355 -8.4101 0
    endloop
  endfacet
  facet normal 0 0 -1
    outer loop
      vertex -9.12168 9.12168 0
      vertex -14.0714 14.0714 0
      vertex -12.7915 15.2443 0
    endloop
  endfacet
  facet normal -0 0 -1
    outer loop
      vertex -12.122 -4.41206 0
      vertex -18.6999 -6.8062 0
      vertex -12.4604 -3.33877 0
    endloop
  endfacet
  facet normal 0 0 -1
    outer loop
      vertex -9.88197 8.29196 0
      vertex -15.2443 12.7915 0
      vertex -14.0714 14.0714 0
    endloop
  endfacet
  facet normal 0 0 -1
    outer loop
      vertex -19.2219 -5.1505 0
      vertex -12.4604 -3.33877 0
      vertex -18.6999 -6.8062 0
    endloop
  endfacet
  facet normal 0 0 -1
    outer loop
      vertex -10.5671 7.39914 0
      vertex -16.3011 11.4142 0
      vertex -15.2443 12.7915 0
    endloop
  endfacet
  facet normal -0 0 -1
    outer loop
      vertex -12.4604 -3.33877 0
      vertex -19.2219 -5.1505 0
      vertex -12.704 -2.24006 0
    endloop
  endfacet
  facet normal 0 0 -1
    outer loop
      vertex -11.1717 6.45 0
      vertex -17.2339 9.95 0
      vertex -16.3011 11.4142 0
    endloop
  endfacet
  facet normal 0 0 -1
    outer loop
      vertex -19.5977 -3.4556 0
      vertex -12.704 -2.24006 0
      vertex -19.2219 -5.1505 0
    endloop
  endfacet
  facet normal 0 0 -1
    outer loop
      vertex -11.6914 5.45178 0
      vertex -18.0355 8.4101 0
      vertex -17.2339 9.95 0
    endloop
  endfacet
  facet normal -0 0 -1
    outer loop
      vertex -12.704 -2.24006 0
      vertex -19.5977 -3.4556 0
      vertex -12.8509 -1.12431 0
    endloop
  endfacet
  facet normal 0 0 -1
    outer loop
      vertex -12.122 4.41206 0
      vertex -18.6999 6.8062 0
      vertex -18.0355 8.4101 0
    endloop
  endfacet
  facet normal 0 0 -1
    outer loop
      vertex -19.8243 -1.7344 0
      vertex -12.8509 -1.12431 0
      vertex -19.5977 -3.4556 0
    endloop
  endfacet
  facet normal 0 0 -1
    outer loop
      vertex -12.4604 3.33877 0
      vertex -19.2219 5.1505 0
      vertex -18.6999 6.8062 0
    endloop
  endfacet
  facet normal -0 0 -1
    outer loop
      vertex -12.8509 -1.12431 0
      vertex -19.8243 -1.7344 0
      vertex -12.9 0 0
    endloop
  endfacet
  facet normal 0 0 -1
    outer loop
      vertex -12.704 2.24006 0
      vertex -19.5977 3.4556 0
      vertex -19.2219 5.1505 0
    endloop
  endfacet
  facet normal 0 0 -1
    outer loop
      vertex -19.9 0 0
      vertex -12.9 0 0
      vertex -19.8243 -1.7344 0
    endloop
  endfacet
  facet normal 0 0 -1
    outer loop
      vertex -12.8509 1.12431 0
      vertex -19.8243 1.7344 0
      vertex -19.5977 3.4556 0
    endloop
  endfacet
  facet normal 0 0 -1
    outer loop
      vertex -12.9 0 0
      vertex -19.9 0 0
      vertex -19.8243 1.7344 0
    endloop
  endfacet
  facet normal 0 0 -1
    outer loop
      vertex 0.919238 17.3192 0
      vertex 3.4556 19.5977 0
      vertex 1.20104 16.8975 0
    endloop
  endfacet
  facet normal -0 0 -1
    outer loop
      vertex 3.4556 19.5977 0
      vertex 0.919238 17.3192 0
      vertex 1.7344 19.8243 0
    endloop
  endfacet
  facet normal 0 0 -1
    outer loop
      vertex 0.497488 17.601 0
      vertex 1.7344 19.8243 0
      vertex 0.919238 17.3192 0
    endloop
  endfacet
  facet normal 0 0 -1
    outer loop
      vertex 0 19.9 0
      vertex 0.497488 17.601 0
      vertex 0 17.7 0
    endloop
  endfacet
  facet normal 0 0 -1
    outer loop
      vertex 0.497488 17.601 0
      vertex 0 19.9 0
      vertex 1.7344 19.8243 0
    endloop
  endfacet
  facet normal 0 0 -1
    outer loop
      vertex -0.497488 17.601 0
      vertex 0 19.9 0
      vertex 0 17.7 0
    endloop
  endfacet
  facet normal 0 0 -1
    outer loop
      vertex -1.7344 19.8243 0
      vertex -0.497488 17.601 0
      vertex -0.919238 17.3192 0
    endloop
  endfacet
  facet normal 0 0 -1
    outer loop
      vertex -1.7344 19.8243 0
      vertex -0.919238 17.3192 0
      vertex -1.20104 16.8975 0
    endloop
  endfacet
  facet normal 0 0 -1
    outer loop
      vertex -0.497488 17.601 0
      vertex -1.7344 19.8243 0
      vertex 0 19.9 0
    endloop
  endfacet
  facet normal 0 0 -1
    outer loop
      vertex -1.7344 19.8243 0
      vertex -1.20104 16.8975 0
      vertex -1.3 16.4 0
    endloop
  endfacet
  facet normal -0.216467 0.97629 0
    outer loop
      vertex -3.4556 19.5977 0
      vertex -5.1505 19.2219 26
      vertex -3.4556 19.5977 26
    endloop
  endfacet
  facet normal -0.216467 0.97629 0
    outer loop
      vertex -5.1505 19.2219 26
      vertex -3.4556 19.5977 0
      vertex -5.1505 19.2219 0
    endloop
  endfacet
  facet normal -0.97629 -0.216467 0
    outer loop
      vertex -19.2219 -5.1505 0
      vertex -19.5977 -3.4556 26
      vertex -19.5977 -3.4556 0
    endloop
  endfacet
  facet normal -0.97629 -0.216467 0
    outer loop
      vertex -19.5977 -3.4556 26
      vertex -19.2219 -5.1505 0
      vertex -19.2219 -5.1505 26
    endloop
  endfacet
  facet normal 0 0 1
    outer loop
      vertex -12.704 -2.24006 26
      vertex -15.9025 -1.20104 26
      vertex -12.4604 -3.33877 26
    endloop
  endfacet
  facet normal -0 0 1
    outer loop
      vertex -16.4 -1.3 26
      vertex -12.4604 -3.33877 26
      vertex -15.9025 -1.20104 26
    endloop
  endfacet
  facet normal 0 0 1
    outer loop
      vertex -12.122 -4.41206 26
      vertex -15.2443 -12.7915 26
      vertex -14.0714 -14.0714 26
    endloop
  endfacet
  facet normal 0 0 1
    outer loop
      vertex -19.2219 -5.1505 26
      vertex -12.4604 -3.33877 26
      vertex -16.4 -1.3 26
    endloop
  endfacet
  facet normal 0 0 1
    outer loop
      vertex -12.122 -4.41206 26
      vertex -16.3011 -11.4142 26
      vertex -15.2443 -12.7915 26
    endloop
  endfacet
  facet normal 0 0 1
    outer loop
      vertex -12.4604 -3.33877 26
      vertex -19.2219 -5.1505 26
      vertex -12.122 -4.41206 26
    endloop
  endfacet
  facet normal 0 0 1
    outer loop
      vertex -19.5977 -3.4556 26
      vertex -16.4 -1.3 26
      vertex -16.8975 -1.20104 26
    endloop
  endfacet
  facet normal 0 0 1
    outer loop
      vertex -12.122 -4.41206 26
      vertex -17.2339 -9.95 26
      vertex -16.3011 -11.4142 26
    endloop
  endfacet
  facet normal 0 0 1
    outer loop
      vertex -19.5977 -3.4556 26
      vertex -16.8975 -1.20104 26
      vertex -17.3192 -0.919238 26
    endloop
  endfacet
  facet normal 0 0 1
    outer loop
      vertex -19.8243 -1.7344 26
      vertex -17.3192 -0.919238 26
      vertex -17.601 -0.497488 26
    endloop
  endfacet
  facet normal -0 0 1
    outer loop
      vertex -19.9 0 26
      vertex -17.601 -0.497488 26
      vertex -17.7 0 26
    endloop
  endfacet
  facet normal 0 0 1
    outer loop
      vertex -12.122 -4.41206 26
      vertex -18.0355 -8.4101 26
      vertex -17.2339 -9.95 26
    endloop
  endfacet
  facet normal 0 0 1
    outer loop
      vertex -16.8975 1.20104 26
      vertex -19.5977 3.4556 26
      vertex -17.3192 0.919238 26
    endloop
  endfacet
  facet normal -0 0 1
    outer loop
      vertex -19.8243 1.7344 26
      vertex -17.3192 0.919238 26
      vertex -19.5977 3.4556 26
    endloop
  endfacet
  facet normal 0 0 1
    outer loop
      vertex -12.122 -4.41206 26
      vertex -18.6999 -6.8062 26
      vertex -18.0355 -8.4101 26
    endloop
  endfacet
  facet normal 0 0 1
    outer loop
      vertex -17.3192 0.919238 26
      vertex -19.8243 1.7344 26
      vertex -17.601 0.497488 26
    endloop
  endfacet
  facet normal 0 0 1
    outer loop
      vertex -12.122 -4.41206 26
      vertex -19.2219 -5.1505 26
      vertex -18.6999 -6.8062 26
    endloop
  endfacet
  facet normal 0 0 1
    outer loop
      vertex -19.9 0 26
      vertex -17.601 0.497488 26
      vertex -19.8243 1.7344 26
    endloop
  endfacet
  facet normal 0 0 1
    outer loop
      vertex -16.4 -1.3 26
      vertex -19.5977 -3.4556 26
      vertex -19.2219 -5.1505 26
    endloop
  endfacet
  facet normal 0 0 1
    outer loop
      vertex -17.601 0.497488 26
      vertex -19.9 0 26
      vertex -17.7 0 26
    endloop
  endfacet
  facet normal 0 0 1
    outer loop
      vertex -17.3192 -0.919238 26
      vertex -19.8243 -1.7344 26
      vertex -19.5977 -3.4556 26
    endloop
  endfacet
  facet normal 0 0 1
    outer loop
      vertex -17.601 -0.497488 26
      vertex -19.9 0 26
      vertex -19.8243 -1.7344 26
    endloop
  endfacet
  facet normal -0 0 1
    outer loop
      vertex 11.6914 -5.45178 26
      vertex 18.0355 -8.4101 26
      vertex 12.122 -4.41206 26
    endloop
  endfacet
  facet normal 0 0 1
    outer loop
      vertex 18.0355 -8.4101 26
      vertex 11.6914 -5.45178 26
      vertex 17.2339 -9.95 26
    endloop
  endfacet
  facet normal -0 0 1
    outer loop
      vertex 11.1717 -6.45 26
      vertex 17.2339 -9.95 26
      vertex 11.6914 -5.45178 26
    endloop
  endfacet
  facet normal 0 0 1
    outer loop
      vertex 17.2339 -9.95 26
      vertex 11.1717 -6.45 26
      vertex 16.3011 -11.4142 26
    endloop
  endfacet
  facet normal -0 0 1
    outer loop
      vertex 10.5671 -7.39914 26
      vertex 16.3011 -11.4142 26
      vertex 11.1717 -6.45 26
    endloop
  endfacet
  facet normal 0 0 1
    outer loop
      vertex 16.3011 -11.4142 26
      vertex 10.5671 -7.39914 26
      vertex 15.2443 -12.7915 26
    endloop
  endfacet
  facet normal -0 0 1
    outer loop
      vertex 9.88197 -8.29196 26
      vertex 15.2443 -12.7915 26
      vertex 10.5671 -7.39914 26
    endloop
  endfacet
  facet normal 0 0 1
    outer loop
      vertex 15.2443 -12.7915 26
      vertex 9.88197 -8.29196 26
      vertex 14.0714 -14.0714 26
    endloop
  endfacet
  facet normal -0 0 1
    outer loop
      vertex 9.12168 -9.12168 26
      vertex 14.0714 -14.0714 26
      vertex 9.88197 -8.29196 26
    endloop
  endfacet
  facet normal 0 0 1
    outer loop
      vertex 14.0714 -14.0714 26
      vertex 9.12168 -9.12168 26
      vertex 12.7915 -15.2443 26
    endloop
  endfacet
  facet normal -0 0 1
    outer loop
      vertex 8.29196 -9.88197 26
      vertex 12.7915 -15.2443 26
      vertex 9.12168 -9.12168 26
    endloop
  endfacet
  facet normal 0 0 1
    outer loop
      vertex 12.7915 -15.2443 26
      vertex 8.29196 -9.88197 26
      vertex 11.4142 -16.3011 26
    endloop
  endfacet
  facet normal -0 0 1
    outer loop
      vertex 7.39914 -10.5671 26
      vertex 11.4142 -16.3011 26
      vertex 8.29196 -9.88197 26
    endloop
  endfacet
  facet normal 0 0 1
    outer loop
      vertex 11.4142 -16.3011 26
      vertex 7.39914 -10.5671 26
      vertex 9.95 -17.2339 26
    endloop
  endfacet
  facet normal -0 0 1
    outer loop
      vertex 6.45 -11.1717 26
      vertex 9.95 -17.2339 26
      vertex 7.39914 -10.5671 26
    endloop
  endfacet
  facet normal 0 0 1
    outer loop
      vertex 9.95 -17.2339 26
      vertex 6.45 -11.1717 26
      vertex 8.4101 -18.0355 26
    endloop
  endfacet
  facet normal -0 0 1
    outer loop
      vertex 5.45178 -11.6914 26
      vertex 8.4101 -18.0355 26
      vertex 6.45 -11.1717 26
    endloop
  endfacet
  facet normal 0 0 1
    outer loop
      vertex 8.4101 -18.0355 26
      vertex 5.45178 -11.6914 26
      vertex 6.8062 -18.6999 26
    endloop
  endfacet
  facet normal -0 0 1
    outer loop
      vertex 4.41206 -12.122 26
      vertex 6.8062 -18.6999 26
      vertex 5.45178 -11.6914 26
    endloop
  endfacet
  facet normal 0 0 1
    outer loop
      vertex 6.8062 -18.6999 26
      vertex 4.41206 -12.122 26
      vertex 5.1505 -19.2219 26
    endloop
  endfacet
  facet normal -0 0 1
    outer loop
      vertex 3.33877 -12.4604 26
      vertex 5.1505 -19.2219 26
      vertex 4.41206 -12.122 26
    endloop
  endfacet
  facet normal 0 0 1
    outer loop
      vertex 5.1505 -19.2219 26
      vertex 3.33877 -12.4604 26
      vertex 3.4556 -19.5977 26
    endloop
  endfacet
  facet normal -0 0 1
    outer loop
      vertex 2.24006 -12.704 26
      vertex 3.4556 -19.5977 26
      vertex 3.33877 -12.4604 26
    endloop
  endfacet
  facet normal 0 0 1
    outer loop
      vertex 2.24006 -12.704 26
      vertex 1.7344 -19.8243 26
      vertex 3.4556 -19.5977 26
    endloop
  endfacet
  facet normal -0 0 1
    outer loop
      vertex 1.12431 -12.8509 26
      vertex 1.7344 -19.8243 26
      vertex 2.24006 -12.704 26
    endloop
  endfacet
  facet normal -0 0 1
    outer loop
      vertex 0 -12.9 26
      vertex 1.7344 -19.8243 26
      vertex 1.12431 -12.8509 26
    endloop
  endfacet
  facet normal 0 0 1
    outer loop
      vertex 0 -12.9 26
      vertex 0 -19.9 26
      vertex 1.7344 -19.8243 26
    endloop
  endfacet
  facet normal 0 0 1
    outer loop
      vertex -1.12431 -12.8509 26
      vertex 0 -19.9 26
      vertex 0 -12.9 26
    endloop
  endfacet
  facet normal 0 0 1
    outer loop
      vertex -1.12431 -12.8509 26
      vertex -1.7344 -19.8243 26
      vertex 0 -19.9 26
    endloop
  endfacet
  facet normal 0 0 1
    outer loop
      vertex -2.24006 -12.704 26
      vertex -1.7344 -19.8243 26
      vertex -1.12431 -12.8509 26
    endloop
  endfacet
  facet normal 0 0 1
    outer loop
      vertex -3.4556 -19.5977 26
      vertex -2.24006 -12.704 26
      vertex -3.33877 -12.4604 26
    endloop
  endfacet
  facet normal 0 0 1
    outer loop
      vertex -2.24006 -12.704 26
      vertex -3.4556 -19.5977 26
      vertex -1.7344 -19.8243 26
    endloop
  endfacet
  facet normal 0 0 1
    outer loop
      vertex -5.1505 -19.2219 26
      vertex -3.33877 -12.4604 26
      vertex -4.41206 -12.122 26
    endloop
  endfacet
  facet normal 0 0 1
    outer loop
      vertex -3.33877 -12.4604 26
      vertex -5.1505 -19.2219 26
      vertex -3.4556 -19.5977 26
    endloop
  endfacet
  facet normal 0 0 1
    outer loop
      vertex -6.8062 -18.6999 26
      vertex -4.41206 -12.122 26
      vertex -5.45178 -11.6914 26
    endloop
  endfacet
  facet normal 0 0 1
    outer loop
      vertex -8.4101 -18.0355 26
      vertex -5.45178 -11.6914 26
      vertex -6.45 -11.1717 26
    endloop
  endfacet
  facet normal 0 0 1
    outer loop
      vertex -4.41206 -12.122 26
      vertex -6.8062 -18.6999 26
      vertex -5.1505 -19.2219 26
    endloop
  endfacet
  facet normal 0 0 1
    outer loop
      vertex -9.95 -17.2339 26
      vertex -6.45 -11.1717 26
      vertex -7.39914 -10.5671 26
    endloop
  endfacet
  facet normal 0 0 1
    outer loop
      vertex -11.4142 -16.3011 26
      vertex -7.39914 -10.5671 26
      vertex -8.29196 -9.88197 26
    endloop
  endfacet
  facet normal 0 0 1
    outer loop
      vertex -5.45178 -11.6914 26
      vertex -8.4101 -18.0355 26
      vertex -6.8062 -18.6999 26
    endloop
  endfacet
  facet normal 0 0 1
    outer loop
      vertex -12.7915 -15.2443 26
      vertex -8.29196 -9.88197 26
      vertex -9.12168 -9.12168 26
    endloop
  endfacet
  facet normal 0 0 1
    outer loop
      vertex -14.0714 -14.0714 26
      vertex -9.12168 -9.12168 26
      vertex -9.88197 -8.29196 26
    endloop
  endfacet
  facet normal 0 0 1
    outer loop
      vertex -6.45 -11.1717 26
      vertex -9.95 -17.2339 26
      vertex -8.4101 -18.0355 26
    endloop
  endfacet
  facet normal 0 0 1
    outer loop
      vertex -14.0714 -14.0714 26
      vertex -9.88197 -8.29196 26
      vertex -10.5671 -7.39914 26
    endloop
  endfacet
  facet normal 0 0 1
    outer loop
      vertex -14.0714 -14.0714 26
      vertex -10.5671 -7.39914 26
      vertex -11.1717 -6.45 26
    endloop
  endfacet
  facet normal 0 0 1
    outer loop
      vertex -7.39914 -10.5671 26
      vertex -11.4142 -16.3011 26
      vertex -9.95 -17.2339 26
    endloop
  endfacet
  facet normal 0 0 1
    outer loop
      vertex -14.0714 -14.0714 26
      vertex -11.1717 -6.45 26
      vertex -11.6914 -5.45178 26
    endloop
  endfacet
  facet normal 0 0 1
    outer loop
      vertex -14.0714 -14.0714 26
      vertex -11.6914 -5.45178 26
      vertex -12.122 -4.41206 26
    endloop
  endfacet
  facet normal 0 0 1
    outer loop
      vertex -12.8509 -1.12431 26
      vertex -15.4808 -0.919238 26
      vertex -12.704 -2.24006 26
    endloop
  endfacet
  facet normal -0 0 1
    outer loop
      vertex -15.4808 -0.919238 26
      vertex -12.8509 -1.12431 26
      vertex -15.199 -0.497488 26
    endloop
  endfacet
  facet normal 0 0 1
    outer loop
      vertex -8.29196 -9.88197 26
      vertex -12.7915 -15.2443 26
      vertex -11.4142 -16.3011 26
    endloop
  endfacet
  facet normal 0 0 1
    outer loop
      vertex -12.9 0 26
      vertex -15.199 -0.497488 26
      vertex -12.8509 -1.12431 26
    endloop
  endfacet
  facet normal 0 0 1
    outer loop
      vertex -15.199 -0.497488 26
      vertex -12.9 0 26
      vertex -15.1 0 26
    endloop
  endfacet
  facet normal -0 0 1
    outer loop
      vertex -18.6999 6.8062 26
      vertex -12.122 4.41206 26
      vertex -18.0355 8.4101 26
    endloop
  endfacet
  facet normal -0 0 1
    outer loop
      vertex -15.9025 -1.20104 26
      vertex -12.704 -2.24006 26
      vertex -15.4808 -0.919238 26
    endloop
  endfacet
  facet normal 0 0 1
    outer loop
      vertex -9.12168 -9.12168 26
      vertex -14.0714 -14.0714 26
      vertex -12.7915 -15.2443 26
    endloop
  endfacet
  facet normal 0 0 1
    outer loop
      vertex -12.9 0 26
      vertex -15.199 0.497488 26
      vertex -15.1 0 26
    endloop
  endfacet
  facet normal 0 0 1
    outer loop
      vertex -18.6999 6.8062 26
      vertex -12.4604 3.33877 26
      vertex -12.122 4.41206 26
    endloop
  endfacet
  facet normal 0 0 1
    outer loop
      vertex -12.8509 1.12431 26
      vertex -15.199 0.497488 26
      vertex -12.9 0 26
    endloop
  endfacet
  facet normal 0 -0 1
    outer loop
      vertex -15.9025 1.20104 26
      vertex -12.4604 3.33877 26
      vertex -16.4 1.3 26
    endloop
  endfacet
  facet normal 0 -0 1
    outer loop
      vertex -15.199 0.497488 26
      vertex -12.8509 1.12431 26
      vertex -15.4808 0.919238 26
    endloop
  endfacet
  facet normal 0 -0 1
    outer loop
      vertex -15.4808 0.919238 26
      vertex -12.704 2.24006 26
      vertex -15.9025 1.20104 26
    endloop
  endfacet
  facet normal 0 0 1
    outer loop
      vertex -12.704 2.24006 26
      vertex -15.4808 0.919238 26
      vertex -12.8509 1.12431 26
    endloop
  endfacet
  facet normal 0 0 1
    outer loop
      vertex -12.4604 3.33877 26
      vertex -15.9025 1.20104 26
      vertex -12.704 2.24006 26
    endloop
  endfacet
  facet normal -0 0 1
    outer loop
      vertex -19.2219 5.1505 26
      vertex -12.4604 3.33877 26
      vertex -18.6999 6.8062 26
    endloop
  endfacet
  facet normal 0 0 1
    outer loop
      vertex -12.4604 3.33877 26
      vertex -19.2219 5.1505 26
      vertex -16.4 1.3 26
    endloop
  endfacet
  facet normal -0 0 1
    outer loop
      vertex -19.5977 3.4556 26
      vertex -16.4 1.3 26
      vertex -19.2219 5.1505 26
    endloop
  endfacet
  facet normal 0 0 1
    outer loop
      vertex -16.4 1.3 26
      vertex -19.5977 3.4556 26
      vertex -16.8975 1.20104 26
    endloop
  endfacet
  facet normal -0 0 1
    outer loop
      vertex 17.601 0.497488 26
      vertex 19.9 0 26
      vertex 19.8243 1.7344 26
    endloop
  endfacet
  facet normal 0 0 1
    outer loop
      vertex 17.3192 0.919238 26
      vertex 19.8243 1.7344 26
      vertex 19.5977 3.4556 26
    endloop
  endfacet
  facet normal 0 0 1
    outer loop
      vertex 19.9 0 26
      vertex 17.601 0.497488 26
      vertex 17.7 0 26
    endloop
  endfacet
  facet normal 0 0 1
    outer loop
      vertex 16.4 1.3 26
      vertex 19.5977 3.4556 26
      vertex 19.2219 5.1505 26
    endloop
  endfacet
  facet normal 0 0 1
    outer loop
      vertex 19.9 0 26
      vertex 17.601 -0.497488 26
      vertex 19.8243 -1.7344 26
    endloop
  endfacet
  facet normal 0 0 1
    outer loop
      vertex 12.4604 3.33877 26
      vertex 19.2219 5.1505 26
      vertex 18.6999 6.8062 26
    endloop
  endfacet
  facet normal -0 0 1
    outer loop
      vertex 17.3192 -0.919238 26
      vertex 19.8243 -1.7344 26
      vertex 17.601 -0.497488 26
    endloop
  endfacet
  facet normal 0 0 1
    outer loop
      vertex 12.122 4.41206 26
      vertex 18.6999 6.8062 26
      vertex 18.0355 8.4101 26
    endloop
  endfacet
  facet normal 0 0 1
    outer loop
      vertex 19.8243 -1.7344 26
      vertex 17.3192 -0.919238 26
      vertex 19.5977 -3.4556 26
    endloop
  endfacet
  facet normal -0 0 1
    outer loop
      vertex 16.8975 -1.20104 26
      vertex 19.5977 -3.4556 26
      vertex 17.3192 -0.919238 26
    endloop
  endfacet
  facet normal 0 0 1
    outer loop
      vertex 17.601 -0.497488 26
      vertex 19.9 0 26
      vertex 17.7 0 26
    endloop
  endfacet
  facet normal 0 0 1
    outer loop
      vertex 19.8243 1.7344 26
      vertex 17.3192 0.919238 26
      vertex 17.601 0.497488 26
    endloop
  endfacet
  facet normal 0 0 1
    outer loop
      vertex 11.6914 5.45178 26
      vertex 18.0355 8.4101 26
      vertex 17.2339 9.95 26
    endloop
  endfacet
  facet normal 0 0 1
    outer loop
      vertex 19.5977 3.4556 26
      vertex 16.8975 1.20104 26
      vertex 17.3192 0.919238 26
    endloop
  endfacet
  facet normal 0 0 1
    outer loop
      vertex 19.5977 3.4556 26
      vertex 16.4 1.3 26
      vertex 16.8975 1.20104 26
    endloop
  endfacet
  facet normal 0 0 1
    outer loop
      vertex 11.1717 6.45 26
      vertex 17.2339 9.95 26
      vertex 16.3011 11.4142 26
    endloop
  endfacet
  facet normal 0 -0 1
    outer loop
      vertex 12.4604 3.33877 26
      vertex 18.6999 6.8062 26
      vertex 12.122 4.41206 26
    endloop
  endfacet
  facet normal 0 0 1
    outer loop
      vertex 19.2219 5.1505 26
      vertex 12.4604 3.33877 26
      vertex 16.4 1.3 26
    endloop
  endfacet
  facet normal 0 0 1
    outer loop
      vertex 10.5671 7.39914 26
      vertex 16.3011 11.4142 26
      vertex 15.2443 12.7915 26
    endloop
  endfacet
  facet normal 0 0 1
    outer loop
      vertex 16.4 1.3 26
      vertex 12.4604 3.33877 26
      vertex 15.9025 1.20104 26
    endloop
  endfacet
  facet normal -0 -0 1
    outer loop
      vertex 12.704 2.24006 26
      vertex 15.9025 1.20104 26
      vertex 12.4604 3.33877 26
    endloop
  endfacet
  facet normal 0 0 1
    outer loop
      vertex 9.88197 8.29196 26
      vertex 15.2443 12.7915 26
      vertex 14.0714 14.0714 26
    endloop
  endfacet
  facet normal -0 0 1
    outer loop
      vertex 16.4 -1.3 26
      vertex 19.5977 -3.4556 26
      vertex 16.8975 -1.20104 26
    endloop
  endfacet
  facet normal 0 0 1
    outer loop
      vertex 19.5977 -3.4556 26
      vertex 16.4 -1.3 26
      vertex 19.2219 -5.1505 26
    endloop
  endfacet
  facet normal -0 0 1
    outer loop
      vertex 12.4604 -3.33877 26
      vertex 19.2219 -5.1505 26
      vertex 16.4 -1.3 26
    endloop
  endfacet
  facet normal 0 0 1
    outer loop
      vertex 12.4604 -3.33877 26
      vertex 16.4 -1.3 26
      vertex 15.9025 -1.20104 26
    endloop
  endfacet
  facet normal 0 0 1
    outer loop
      vertex 15.4808 -0.919238 26
      vertex 12.704 -2.24006 26
      vertex 15.9025 -1.20104 26
    endloop
  endfacet
  facet normal 0 0 1
    outer loop
      vertex 12.704 -2.24006 26
      vertex 15.4808 -0.919238 26
      vertex 12.8509 -1.12431 26
    endloop
  endfacet
  facet normal 0 0 1
    outer loop
      vertex 12.4604 -3.33877 26
      vertex 15.9025 -1.20104 26
      vertex 12.704 -2.24006 26
    endloop
  endfacet
  facet normal 0 0 1
    outer loop
      vertex 15.199 -0.497488 26
      vertex 12.8509 -1.12431 26
      vertex 15.4808 -0.919238 26
    endloop
  endfacet
  facet normal 0 0 1
    outer loop
      vertex 19.2219 -5.1505 26
      vertex 12.4604 -3.33877 26
      vertex 18.6999 -6.8062 26
    endloop
  endfacet
  facet normal 0 0 1
    outer loop
      vertex 12.8509 -1.12431 26
      vertex 15.199 -0.497488 26
      vertex 12.9 0 26
    endloop
  endfacet
  facet normal -0 0 1
    outer loop
      vertex 12.9 0 26
      vertex 15.199 -0.497488 26
      vertex 15.1 0 26
    endloop
  endfacet
  facet normal 0 0 1
    outer loop
      vertex 15.9025 1.20104 26
      vertex 12.704 2.24006 26
      vertex 15.4808 0.919238 26
    endloop
  endfacet
  facet normal -0 0 1
    outer loop
      vertex 12.122 -4.41206 26
      vertex 18.6999 -6.8062 26
      vertex 12.4604 -3.33877 26
    endloop
  endfacet
  facet normal 0 0 1
    outer loop
      vertex 18.6999 -6.8062 26
      vertex 12.122 -4.41206 26
      vertex 18.0355 -8.4101 26
    endloop
  endfacet
  facet normal 0 0 1
    outer loop
      vertex 15.199 0.497488 26
      vertex 12.9 0 26
      vertex 15.1 0 26
    endloop
  endfacet
  facet normal 0 0 1
    outer loop
      vertex 9.12168 9.12168 26
      vertex 14.0714 14.0714 26
      vertex 12.7915 15.2443 26
    endloop
  endfacet
  facet normal 0 -0 1
    outer loop
      vertex 12.9 0 26
      vertex 15.199 0.497488 26
      vertex 12.8509 1.12431 26
    endloop
  endfacet
  facet normal 0 0 1
    outer loop
      vertex 15.4808 0.919238 26
      vertex 12.8509 1.12431 26
      vertex 15.199 0.497488 26
    endloop
  endfacet
  facet normal -0 -0 1
    outer loop
      vertex 12.8509 1.12431 26
      vertex 15.4808 0.919238 26
      vertex 12.704 2.24006 26
    endloop
  endfacet
  facet normal 0 0 1
    outer loop
      vertex 18.0355 8.4101 26
      vertex 11.6914 5.45178 26
      vertex 12.122 4.41206 26
    endloop
  endfacet
  facet normal 0 0 1
    outer loop
      vertex 8.29196 9.88197 26
      vertex 12.7915 15.2443 26
      vertex 11.4142 16.3011 26
    endloop
  endfacet
  facet normal 0 0 1
    outer loop
      vertex 17.2339 9.95 26
      vertex 11.1717 6.45 26
      vertex 11.6914 5.45178 26
    endloop
  endfacet
  facet normal 0 0 1
    outer loop
      vertex 16.3011 11.4142 26
      vertex 10.5671 7.39914 26
      vertex 11.1717 6.45 26
    endloop
  endfacet
  facet normal 0 0 1
    outer loop
      vertex 7.39914 10.5671 26
      vertex 11.4142 16.3011 26
      vertex 9.95 17.2339 26
    endloop
  endfacet
  facet normal 0 0 1
    outer loop
      vertex 15.2443 12.7915 26
      vertex 9.88197 8.29196 26
      vertex 10.5671 7.39914 26
    endloop
  endfacet
  facet normal 0 0 1
    outer loop
      vertex 14.0714 14.0714 26
      vertex 9.12168 9.12168 26
      vertex 9.88197 8.29196 26
    endloop
  endfacet
  facet normal 0 0 1
    outer loop
      vertex 6.45 11.1717 26
      vertex 9.95 17.2339 26
      vertex 8.4101 18.0355 26
    endloop
  endfacet
  facet normal 0 0 1
    outer loop
      vertex 12.7915 15.2443 26
      vertex 8.29196 9.88197 26
      vertex 9.12168 9.12168 26
    endloop
  endfacet
  facet normal 0 0 1
    outer loop
      vertex 11.4142 16.3011 26
      vertex 7.39914 10.5671 26
      vertex 8.29196 9.88197 26
    endloop
  endfacet
  facet normal 0 0 1
    outer loop
      vertex 5.45178 11.6914 26
      vertex 8.4101 18.0355 26
      vertex 6.8062 18.6999 26
    endloop
  endfacet
  facet normal 0 0 1
    outer loop
      vertex 9.95 17.2339 26
      vertex 6.45 11.1717 26
      vertex 7.39914 10.5671 26
    endloop
  endfacet
  facet normal 0 0 1
    outer loop
      vertex 8.4101 18.0355 26
      vertex 5.45178 11.6914 26
      vertex 6.45 11.1717 26
    endloop
  endfacet
  facet normal 0 0 1
    outer loop
      vertex 4.41206 12.122 26
      vertex 6.8062 18.6999 26
      vertex 5.1505 19.2219 26
    endloop
  endfacet
  facet normal 0 0 1
    outer loop
      vertex 6.8062 18.6999 26
      vertex 4.41206 12.122 26
      vertex 5.45178 11.6914 26
    endloop
  endfacet
  facet normal 0 0 1
    outer loop
      vertex 3.33877 12.4604 26
      vertex 5.1505 19.2219 26
      vertex 3.4556 19.5977 26
    endloop
  endfacet
  facet normal 0 0 1
    outer loop
      vertex 5.1505 19.2219 26
      vertex 3.33877 12.4604 26
      vertex 4.41206 12.122 26
    endloop
  endfacet
  facet normal 0 0 1
    outer loop
      vertex 3.4556 19.5977 26
      vertex 2.24006 12.704 26
      vertex 3.33877 12.4604 26
    endloop
  endfacet
  facet normal 0 0 1
    outer loop
      vertex 1.7344 19.8243 26
      vertex 2.24006 12.704 26
      vertex 3.4556 19.5977 26
    endloop
  endfacet
  facet normal 0 0 1
    outer loop
      vertex 1.7344 19.8243 26
      vertex 1.12431 12.8509 26
      vertex 2.24006 12.704 26
    endloop
  endfacet
  facet normal 0 0 1
    outer loop
      vertex 0 19.9 26
      vertex 1.12431 12.8509 26
      vertex 1.7344 19.8243 26
    endloop
  endfacet
  facet normal 0 0 1
    outer loop
      vertex 0 19.9 26
      vertex 0 12.9 26
      vertex 1.12431 12.8509 26
    endloop
  endfacet
  facet normal 0 0 1
    outer loop
      vertex 0 19.9 26
      vertex -1.12431 12.8509 26
      vertex 0 12.9 26
    endloop
  endfacet
  facet normal -0 0 1
    outer loop
      vertex -1.7344 19.8243 26
      vertex -1.12431 12.8509 26
      vertex 0 19.9 26
    endloop
  endfacet
  facet normal 0 0 1
    outer loop
      vertex -1.7344 19.8243 26
      vertex -2.24006 12.704 26
      vertex -1.12431 12.8509 26
    endloop
  endfacet
  facet normal -0 0 1
    outer loop
      vertex -3.4556 19.5977 26
      vertex -2.24006 12.704 26
      vertex -1.7344 19.8243 26
    endloop
  endfacet
  facet normal 0 0 1
    outer loop
      vertex -2.24006 12.704 26
      vertex -3.4556 19.5977 26
      vertex -3.33877 12.4604 26
    endloop
  endfacet
  facet normal -0 0 1
    outer loop
      vertex -5.1505 19.2219 26
      vertex -3.33877 12.4604 26
      vertex -3.4556 19.5977 26
    endloop
  endfacet
  facet normal 0 0 1
    outer loop
      vertex -3.33877 12.4604 26
      vertex -5.1505 19.2219 26
      vertex -4.41206 12.122 26
    endloop
  endfacet
  facet normal -0 0 1
    outer loop
      vertex -6.8062 18.6999 26
      vertex -4.41206 12.122 26
      vertex -5.1505 19.2219 26
    endloop
  endfacet
  facet normal 0 0 1
    outer loop
      vertex -4.41206 12.122 26
      vertex -6.8062 18.6999 26
      vertex -5.45178 11.6914 26
    endloop
  endfacet
  facet normal -0 0 1
    outer loop
      vertex -8.4101 18.0355 26
      vertex -5.45178 11.6914 26
      vertex -6.8062 18.6999 26
    endloop
  endfacet
  facet normal 0 0 1
    outer loop
      vertex -5.45178 11.6914 26
      vertex -8.4101 18.0355 26
      vertex -6.45 11.1717 26
    endloop
  endfacet
  facet normal -0 0 1
    outer loop
      vertex -9.95 17.2339 26
      vertex -6.45 11.1717 26
      vertex -8.4101 18.0355 26
    endloop
  endfacet
  facet normal 0 0 1
    outer loop
      vertex -6.45 11.1717 26
      vertex -9.95 17.2339 26
      vertex -7.39914 10.5671 26
    endloop
  endfacet
  facet normal -0 0 1
    outer loop
      vertex -11.4142 16.3011 26
      vertex -7.39914 10.5671 26
      vertex -9.95 17.2339 26
    endloop
  endfacet
  facet normal 0 0 1
    outer loop
      vertex -7.39914 10.5671 26
      vertex -11.4142 16.3011 26
      vertex -8.29196 9.88197 26
    endloop
  endfacet
  facet normal -0 0 1
    outer loop
      vertex -12.7915 15.2443 26
      vertex -8.29196 9.88197 26
      vertex -11.4142 16.3011 26
    endloop
  endfacet
  facet normal 0 0 1
    outer loop
      vertex -8.29196 9.88197 26
      vertex -12.7915 15.2443 26
      vertex -9.12168 9.12168 26
    endloop
  endfacet
  facet normal -0 0 1
    outer loop
      vertex -14.0714 14.0714 26
      vertex -9.12168 9.12168 26
      vertex -12.7915 15.2443 26
    endloop
  endfacet
  facet normal 0 0 1
    outer loop
      vertex -9.12168 9.12168 26
      vertex -14.0714 14.0714 26
      vertex -9.88197 8.29196 26
    endloop
  endfacet
  facet normal -0 0 1
    outer loop
      vertex -15.2443 12.7915 26
      vertex -9.88197 8.29196 26
      vertex -14.0714 14.0714 26
    endloop
  endfacet
  facet normal 0 0 1
    outer loop
      vertex -9.88197 8.29196 26
      vertex -15.2443 12.7915 26
      vertex -10.5671 7.39914 26
    endloop
  endfacet
  facet normal -0 0 1
    outer loop
      vertex -16.3011 11.4142 26
      vertex -10.5671 7.39914 26
      vertex -15.2443 12.7915 26
    endloop
  endfacet
  facet normal 0 0 1
    outer loop
      vertex -10.5671 7.39914 26
      vertex -16.3011 11.4142 26
      vertex -11.1717 6.45 26
    endloop
  endfacet
  facet normal -0 0 1
    outer loop
      vertex -17.2339 9.95 26
      vertex -11.1717 6.45 26
      vertex -16.3011 11.4142 26
    endloop
  endfacet
  facet normal 0 0 1
    outer loop
      vertex -11.1717 6.45 26
      vertex -17.2339 9.95 26
      vertex -11.6914 5.45178 26
    endloop
  endfacet
  facet normal -0 0 1
    outer loop
      vertex -18.0355 8.4101 26
      vertex -11.6914 5.45178 26
      vertex -17.2339 9.95 26
    endloop
  endfacet
  facet normal 0 0 1
    outer loop
      vertex -11.6914 5.45178 26
      vertex -18.0355 8.4101 26
      vertex -12.122 4.41206 26
    endloop
  endfacet
  facet normal -0.0436047 -0.999049 0
    outer loop
      vertex -1.7344 -19.8243 26
      vertex 0 -19.9 11.8
      vertex 0 -19.9 26
    endloop
  endfacet
  facet normal -0.0435292 -0.999052 9.23394e-06
    outer loop
      vertex -1.7344 -19.8243 26
      vertex -0.351162 -19.8847 11.7654
      vertex 0 -19.9 11.8
    endloop
  endfacet
  facet normal -0.0437834 -0.999041 -1.55131e-05
    outer loop
      vertex -1.7344 -19.8243 26
      vertex -0.688829 -19.8699 11.663
      vertex -0.351162 -19.8847 11.7654
    endloop
  endfacet
  facet normal -0.0436567 -0.999047 -6.24987e-06
    outer loop
      vertex -1.7344 -19.8243 26
      vertex -1.00003 -19.8563 11.4966
      vertex -0.688829 -19.8699 11.663
    endloop
  endfacet
  facet normal -0.0435845 -0.99905 -2.59031e-06
    outer loop
      vertex -1.7344 -19.8243 26
      vertex -1.27279 -19.8444 11.2728
      vertex -1.00003 -19.8563 11.4966
    endloop
  endfacet
  facet normal -0.0432997 -0.999062 6.35409e-06
    outer loop
      vertex -1.7344 -19.8243 26
      vertex -1.49664 -19.8347 11
      vertex -1.27279 -19.8444 11.2728
    endloop
  endfacet
  facet normal -0.0438397 -0.999039 -2.22122e-06
    outer loop
      vertex -1.7344 -19.8243 26
      vertex -1.66298 -19.8274 10.6888
      vertex -1.49664 -19.8347 11
    endloop
  endfacet
  facet normal -0.0433644 -0.999059 0
    outer loop
      vertex -1.66298 -19.8274 10.6888
      vertex -1.7344 -19.8243 26
      vertex -1.7344 -19.8243 10.4534
    endloop
  endfacet
  facet normal -0.0433644 -0.999059 0
    outer loop
      vertex -1.7344 -19.8243 0
      vertex -1.66298 -19.8274 9.31117
      vertex -1.7344 -19.8243 9.5466
    endloop
  endfacet
  facet normal -0.043837 -0.999039 3.6323e-06
    outer loop
      vertex -1.7344 -19.8243 0
      vertex -1.49664 -19.8347 8.99997
      vertex -1.66298 -19.8274 9.31117
    endloop
  endfacet
  facet normal -0.0433047 -0.999062 -1.04581e-05
    outer loop
      vertex -1.7344 -19.8243 0
      vertex -1.27279 -19.8444 8.72721
      vertex -1.49664 -19.8347 8.99997
    endloop
  endfacet
  facet normal -0.0435831 -0.99905 4.29704e-06
    outer loop
      vertex -1.7344 -19.8243 0
      vertex -1.00003 -19.8563 8.50335
      vertex -1.27279 -19.8444 8.72721
    endloop
  endfacet
  facet normal -0.0436544 -0.999047 1.04654e-05
    outer loop
      vertex -1.7344 -19.8243 0
      vertex -0.688829 -19.8699 8.33702
      vertex -1.00003 -19.8563 8.50335
    endloop
  endfacet
  facet normal -0.0437802 -0.999041 2.62682e-05
    outer loop
      vertex -1.7344 -19.8243 0
      vertex -0.351162 -19.8847 8.23459
      vertex -0.688829 -19.8699 8.33702
    endloop
  endfacet
  facet normal -0.0436047 -0.999049 -3.26276e-06
    outer loop
      vertex 0 -19.9 0
      vertex -0.351162 -19.8847 8.23459
      vertex -1.7344 -19.8243 0
    endloop
  endfacet
  facet normal -0.0435283 -0.999052 0
    outer loop
      vertex -0.351162 -19.8847 8.23459
      vertex 0 -19.9 0
      vertex 0 -19.9 8.2
    endloop
  endfacet
  facet normal -0.843391 -0.5373 0
    outer loop
      vertex -16.3011 -11.4142 0
      vertex -17.2339 -9.95 26
      vertex -17.2339 -9.95 0
    endloop
  endfacet
  facet normal -0.843391 -0.5373 0
    outer loop
      vertex -17.2339 -9.95 26
      vertex -16.3011 -11.4142 0
      vertex -16.3011 -11.4142 26
    endloop
  endfacet
  facet normal 0.675618 -0.737252 0
    outer loop
      vertex 12.7915 -15.2443 0
      vertex 14.0714 -14.0714 26
      vertex 12.7915 -15.2443 26
    endloop
  endfacet
  facet normal 0.675618 -0.737252 0
    outer loop
      vertex 14.0714 -14.0714 26
      vertex 12.7915 -15.2443 0
      vertex 14.0714 -14.0714 0
    endloop
  endfacet
  facet normal 0.608747 -0.793364 0
    outer loop
      vertex 11.4142 -16.3011 0
      vertex 12.7915 -15.2443 26
      vertex 11.4142 -16.3011 26
    endloop
  endfacet
  facet normal 0.608747 -0.793364 0
    outer loop
      vertex 12.7915 -15.2443 26
      vertex 11.4142 -16.3011 0
      vertex 12.7915 -15.2443 0
    endloop
  endfacet
  facet normal -0.99145 0.130489 0
    outer loop
      vertex -19.5977 3.4556 0
      vertex -19.8156 1.8 16
      vertex -19.5977 3.4556 26
    endloop
  endfacet
  facet normal -0.991364 0.131141 6.8659e-05
    outer loop
      vertex -19.5977 3.4556 0
      vertex -19.8202 1.76541 15.6488
      vertex -19.8156 1.8 16
    endloop
  endfacet
  facet normal -0.991445 0.130526 0
    outer loop
      vertex -19.8243 1.7344 15.5466
      vertex -19.5977 3.4556 0
      vertex -19.8243 1.7344 0
    endloop
  endfacet
  facet normal -0.991392 0.130928 4.52811e-05
    outer loop
      vertex -19.5977 3.4556 0
      vertex -19.8243 1.7344 15.5466
      vertex -19.8202 1.76541 15.6488
    endloop
  endfacet
  facet normal -0.991384 0.130987 -8.40266e-05
    outer loop
      vertex -19.8202 1.76541 16.3512
      vertex -19.5977 3.4556 26
      vertex -19.8156 1.8 16
    endloop
  endfacet
  facet normal -0.9914 0.13087 -6.31332e-05
    outer loop
      vertex -19.8243 1.7344 16.4534
      vertex -19.5977 3.4556 26
      vertex -19.8202 1.76541 16.3512
    endloop
  endfacet
  facet normal -0.991445 0.130526 0
    outer loop
      vertex -19.5977 3.4556 26
      vertex -19.8243 1.7344 16.4534
      vertex -19.8243 1.7344 26
    endloop
  endfacet
  facet normal -0.5373 -0.843391 0
    outer loop
      vertex -11.4142 -16.3011 0
      vertex -9.95 -17.2339 26
      vertex -11.4142 -16.3011 26
    endloop
  endfacet
  facet normal -0.5373 -0.843391 -0
    outer loop
      vertex -9.95 -17.2339 26
      vertex -11.4142 -16.3011 0
      vertex -9.95 -17.2339 0
    endloop
  endfacet
  facet normal -0.461739 -0.887016 0
    outer loop
      vertex -9.95 -17.2339 0
      vertex -8.4101 -18.0355 26
      vertex -9.95 -17.2339 26
    endloop
  endfacet
  facet normal -0.461739 -0.887016 -0
    outer loop
      vertex -8.4101 -18.0355 26
      vertex -9.95 -17.2339 0
      vertex -8.4101 -18.0355 0
    endloop
  endfacet
  facet normal -0.991426 -0.13067 0
    outer loop
      vertex 12.704 2.24006 0
      vertex 12.762 1.8 16
      vertex 12.704 2.24006 26
    endloop
  endfacet
  facet normal -0.991596 -0.129371 3.63451e-05
    outer loop
      vertex 12.704 2.24006 0
      vertex 12.7665 1.76541 15.6488
      vertex 12.762 1.8 16
    endloop
  endfacet
  facet normal -0.991428 -0.130657 -3.3176e-06
    outer loop
      vertex 12.704 2.24006 0
      vertex 12.78 1.66298 15.3112
      vertex 12.7665 1.76541 15.6488
    endloop
  endfacet
  facet normal -0.991444 -0.130534 1.37746e-06
    outer loop
      vertex 12.704 2.24006 0
      vertex 12.8019 1.49664 15
      vertex 12.78 1.66298 15.3112
    endloop
  endfacet
  facet normal -0.991429 -0.13065 -4.4482e-06
    outer loop
      vertex 12.704 2.24006 0
      vertex 12.8314 1.27279 14.7272
      vertex 12.8019 1.49664 15
    endloop
  endfacet
  facet normal -0.991444 -0.130534 -0
    outer loop
      vertex 12.8509 1.12431 14.6054
      vertex 12.704 2.24006 0
      vertex 12.8509 1.12431 0
    endloop
  endfacet
  facet normal -0.991484 -0.130232 2.34853e-05
    outer loop
      vertex 12.704 2.24006 0
      vertex 12.8509 1.12431 14.6054
      vertex 12.8314 1.27279 14.7272
    endloop
  endfacet
  facet normal -0.991577 -0.129522 -5.14166e-05
    outer loop
      vertex 12.7665 1.76541 16.3512
      vertex 12.704 2.24006 26
      vertex 12.762 1.8 16
    endloop
  endfacet
  facet normal -0.991428 -0.130651 5.0928e-06
    outer loop
      vertex 12.78 1.66298 16.6888
      vertex 12.704 2.24006 26
      vertex 12.7665 1.76541 16.3512
    endloop
  endfacet
  facet normal -0.991444 -0.130536 -2.17285e-06
    outer loop
      vertex 12.8019 1.49664 17
      vertex 12.704 2.24006 26
      vertex 12.78 1.66298 16.6888
    endloop
  endfacet
  facet normal -0.991429 -0.130646 7.14246e-06
    outer loop
      vertex 12.8314 1.27279 17.2728
      vertex 12.704 2.24006 26
      vertex 12.8019 1.49664 17
    endloop
  endfacet
  facet normal -0.991482 -0.130244 -3.82859e-05
    outer loop
      vertex 12.8509 1.12431 17.3946
      vertex 12.704 2.24006 26
      vertex 12.8314 1.27279 17.2728
    endloop
  endfacet
  facet normal -0.991444 -0.130534 0
    outer loop
      vertex 12.704 2.24006 26
      vertex 12.8509 1.12431 17.3946
      vertex 12.8509 1.12431 26
    endloop
  endfacet
  facet normal -0.999057 -0.0434093 0
    outer loop
      vertex 12.8563 1.00003 17.4966
      vertex 12.8509 1.12431 26
      vertex 12.8509 1.12431 17.3946
    endloop
  endfacet
  facet normal -0.999047 -0.043658 3.64212e-06
    outer loop
      vertex 12.8699 0.688829 17.663
      vertex 12.8509 1.12431 26
      vertex 12.8563 1.00003 17.4966
    endloop
  endfacet
  facet normal -0.999041 -0.043785 1.02869e-05
    outer loop
      vertex 12.8847 0.351162 17.7654
      vertex 12.8509 1.12431 26
      vertex 12.8699 0.688829 17.663
    endloop
  endfacet
  facet normal -0.999052 -0.0435297 -1.37311e-05
    outer loop
      vertex 12.9 0 17.8
      vertex 12.8509 1.12431 26
      vertex 12.8847 0.351162 17.7654
    endloop
  endfacet
  facet normal -0.999048 -0.0436296 0
    outer loop
      vertex 12.8509 1.12431 26
      vertex 12.9 0 17.8
      vertex 12.9 0 26
    endloop
  endfacet
  facet normal -0.999057 -0.0434093 0
    outer loop
      vertex 12.8509 1.12431 0
      vertex 12.8563 1.00003 14.5034
      vertex 12.8509 1.12431 14.6054
    endloop
  endfacet
  facet normal -0.999046 -0.0436588 -2.14226e-06
    outer loop
      vertex 12.8509 1.12431 0
      vertex 12.8699 0.688829 14.337
      vertex 12.8563 1.00003 14.5034
    endloop
  endfacet
  facet normal -0.999041 -0.0437863 -6.02112e-06
    outer loop
      vertex 12.8509 1.12431 0
      vertex 12.8847 0.351162 14.2346
      vertex 12.8699 0.688829 14.337
    endloop
  endfacet
  facet normal -0.999048 -0.0436296 -0
    outer loop
      vertex 12.9 0 14.2
      vertex 12.8509 1.12431 0
      vertex 12.9 0 0
    endloop
  endfacet
  facet normal -0.999052 -0.0435291 7.97413e-06
    outer loop
      vertex 12.8509 1.12431 0
      vertex 12.9 0 14.2
      vertex 12.8847 0.351162 14.2346
    endloop
  endfacet
  facet normal -0.976292 -0.216458 0
    outer loop
      vertex 12.704 2.24006 0
      vertex 12.4604 3.33877 26
      vertex 12.4604 3.33877 0
    endloop
  endfacet
  facet normal -0.976292 -0.216458 0
    outer loop
      vertex 12.4604 3.33877 26
      vertex 12.704 2.24006 0
      vertex 12.704 2.24006 26
    endloop
  endfacet
  facet normal 0.843419 0.537256 0
    outer loop
      vertex -10.5671 -7.39914 26
      vertex -11.1717 -6.45 0
      vertex -11.1717 -6.45 26
    endloop
  endfacet
  facet normal 0.843419 0.537256 0
    outer loop
      vertex -11.1717 -6.45 0
      vertex -10.5671 -7.39914 26
      vertex -10.5671 -7.39914 0
    endloop
  endfacet
  facet normal 0.675586 0.737281 -0
    outer loop
      vertex -8.29196 -9.88197 0
      vertex -9.12168 -9.12168 26
      vertex -8.29196 -9.88197 26
    endloop
  endfacet
  facet normal 0.675586 0.737281 0
    outer loop
      vertex -9.12168 -9.12168 26
      vertex -8.29196 -9.88197 0
      vertex -9.12168 -9.12168 0
    endloop
  endfacet
  facet normal 0.216458 -0.976292 0
    outer loop
      vertex -3.33877 12.4604 0
      vertex -2.24006 12.704 26
      vertex -3.33877 12.4604 26
    endloop
  endfacet
  facet normal 0.216458 -0.976292 0
    outer loop
      vertex -2.24006 12.704 26
      vertex -3.33877 12.4604 0
      vertex -2.24006 12.704 0
    endloop
  endfacet
  facet normal -0.382633 0.9239 0
    outer loop
      vertex 5.45178 -11.6914 0
      vertex 4.41206 -12.122 26
      vertex 5.45178 -11.6914 26
    endloop
  endfacet
  facet normal -0.382633 0.9239 0
    outer loop
      vertex 4.41206 -12.122 26
      vertex 5.45178 -11.6914 0
      vertex 4.41206 -12.122 0
    endloop
  endfacet
  facet normal -0.130534 0.991444 0
    outer loop
      vertex 2.24006 -12.704 26
      vertex 1.12431 -12.8509 11.3946
      vertex 1.12431 -12.8509 26
    endloop
  endfacet
  facet normal -0.130232 0.991484 -2.34853e-05
    outer loop
      vertex 2.24006 -12.704 26
      vertex 1.27279 -12.8314 11.2728
      vertex 1.12431 -12.8509 11.3946
    endloop
  endfacet
  facet normal -0.13065 0.991429 4.4482e-06
    outer loop
      vertex 2.24006 -12.704 26
      vertex 1.49664 -12.8019 11
      vertex 1.27279 -12.8314 11.2728
    endloop
  endfacet
  facet normal -0.130534 0.991444 -1.37746e-06
    outer loop
      vertex 2.24006 -12.704 26
      vertex 1.66298 -12.78 10.6888
      vertex 1.49664 -12.8019 11
    endloop
  endfacet
  facet normal -0.130657 0.991428 3.3176e-06
    outer loop
      vertex 2.24006 -12.704 26
      vertex 1.76541 -12.7665 10.3512
      vertex 1.66298 -12.78 10.6888
    endloop
  endfacet
  facet normal -0.129371 0.991596 -3.63451e-05
    outer loop
      vertex 2.24006 -12.704 26
      vertex 1.8 -12.762 10
      vertex 1.76541 -12.7665 10.3512
    endloop
  endfacet
  facet normal -0.13067 0.991426 0
    outer loop
      vertex 2.24006 -12.704 0
      vertex 1.8 -12.762 10
      vertex 2.24006 -12.704 26
    endloop
  endfacet
  facet normal -0.129522 0.991577 5.14185e-05
    outer loop
      vertex 2.24006 -12.704 0
      vertex 1.76541 -12.7665 9.64884
      vertex 1.8 -12.762 10
    endloop
  endfacet
  facet normal -0.130651 0.991428 -5.09263e-06
    outer loop
      vertex 2.24006 -12.704 0
      vertex 1.66298 -12.78 9.31117
      vertex 1.76541 -12.7665 9.64884
    endloop
  endfacet
  facet normal -0.130536 0.991444 2.17286e-06
    outer loop
      vertex 2.24006 -12.704 0
      vertex 1.49664 -12.8019 8.99997
      vertex 1.66298 -12.78 9.31117
    endloop
  endfacet
  facet normal -0.130646 0.991429 -7.14258e-06
    outer loop
      vertex 2.24006 -12.704 0
      vertex 1.27279 -12.8314 8.72721
      vertex 1.49664 -12.8019 8.99997
    endloop
  endfacet
  facet normal -0.130244 0.991482 3.82843e-05
    outer loop
      vertex 2.24006 -12.704 0
      vertex 1.12431 -12.8509 8.60535
      vertex 1.27279 -12.8314 8.72721
    endloop
  endfacet
  facet normal -0.130534 0.991444 0
    outer loop
      vertex 1.12431 -12.8509 8.60535
      vertex 2.24006 -12.704 0
      vertex 1.12431 -12.8509 0
    endloop
  endfacet
  facet normal 0.9239 0.382633 0
    outer loop
      vertex -11.6914 -5.45178 26
      vertex -12.122 -4.41206 0
      vertex -12.122 -4.41206 26
    endloop
  endfacet
  facet normal 0.9239 0.382633 0
    outer loop
      vertex -12.122 -4.41206 0
      vertex -11.6914 -5.45178 26
      vertex -11.6914 -5.45178 0
    endloop
  endfacet
  facet normal -0.675586 -0.737281 0
    outer loop
      vertex 8.29196 9.88197 26
      vertex 9.12168 9.12168 15.2
      vertex 9.12168 9.12168 26
    endloop
  endfacet
  facet normal -0.675588 -0.73728 -2.21015e-07
    outer loop
      vertex 8.29196 9.88197 26
      vertex 8.98018 9.25134 15.1916
      vertex 9.12168 9.12168 15.2
    endloop
  endfacet
  facet normal -0.675589 -0.737278 -3.74012e-07
    outer loop
      vertex 8.29196 9.88197 26
      vertex 8.83975 9.38002 15.1666
      vertex 8.98018 9.25134 15.1916
    endloop
  endfacet
  facet normal -0.675589 -0.737278 -3.999e-07
    outer loop
      vertex 8.29196 9.88197 26
      vertex 8.70147 9.50673 15.125
      vertex 8.83975 9.38002 15.1666
    endloop
  endfacet
  facet normal -0.675596 -0.737272 -8.53831e-07
    outer loop
      vertex 8.29196 9.88197 26
      vertex 8.56639 9.63051 15.0673
      vertex 8.70147 9.50673 15.125
    endloop
  endfacet
  facet normal -0.675557 -0.737308 9.64886e-07
    outer loop
      vertex 8.29196 9.88197 26
      vertex 8.43553 9.75041 14.9939
      vertex 8.56639 9.63051 15.0673
    endloop
  endfacet
  facet normal -0.675594 -0.737273 5.51601e-08
    outer loop
      vertex 8.29196 9.88197 26
      vertex 8.3099 9.86553 14.9053
      vertex 8.43553 9.75041 14.9939
    endloop
  endfacet
  facet normal -0.675613 -0.737256 0
    outer loop
      vertex 8.3099 9.86553 14.9053
      vertex 8.29196 9.88197 26
      vertex 8.29196 9.88197 14.8898
    endloop
  endfacet
  facet normal -0.675613 -0.737256 0
    outer loop
      vertex 8.29196 9.88197 0
      vertex 8.3099 9.86553 11.0947
      vertex 8.29196 9.88197 11.1102
    endloop
  endfacet
  facet normal -0.675594 -0.737273 -5.51601e-08
    outer loop
      vertex 8.29196 9.88197 0
      vertex 8.43553 9.75041 11.0061
      vertex 8.3099 9.86553 11.0947
    endloop
  endfacet
  facet normal -0.675557 -0.737308 -9.64886e-07
    outer loop
      vertex 8.29196 9.88197 0
      vertex 8.56639 9.63051 10.9327
      vertex 8.43553 9.75041 11.0061
    endloop
  endfacet
  facet normal -0.675596 -0.737272 8.53831e-07
    outer loop
      vertex 8.29196 9.88197 0
      vertex 8.70147 9.50673 10.875
      vertex 8.56639 9.63051 10.9327
    endloop
  endfacet
  facet normal -0.675589 -0.737278 3.999e-07
    outer loop
      vertex 8.29196 9.88197 0
      vertex 8.83975 9.38002 10.8334
      vertex 8.70147 9.50673 10.875
    endloop
  endfacet
  facet normal -0.675589 -0.737278 3.74012e-07
    outer loop
      vertex 8.29196 9.88197 0
      vertex 8.98018 9.25134 10.8084
      vertex 8.83975 9.38002 10.8334
    endloop
  endfacet
  facet normal -0.675588 -0.73728 2.21015e-07
    outer loop
      vertex 8.29196 9.88197 0
      vertex 9.12168 9.12168 10.8
      vertex 8.98018 9.25134 10.8084
    endloop
  endfacet
  facet normal -0.675586 -0.737281 -0
    outer loop
      vertex 9.12168 9.12168 10.8
      vertex 8.29196 9.88197 0
      vertex 9.12168 9.12168 0
    endloop
  endfacet
  facet normal -0.737281 0.675586 0
    outer loop
      vertex 9.12168 -9.12168 0
      vertex 9.88197 -8.29196 26
      vertex 9.88197 -8.29196 0
    endloop
  endfacet
  facet normal -0.737281 0.675586 0
    outer loop
      vertex 9.88197 -8.29196 26
      vertex 9.12168 -9.12168 0
      vertex 9.12168 -9.12168 26
    endloop
  endfacet
  facet normal -0.843419 -0.537256 0
    outer loop
      vertex 11.1717 6.45 0
      vertex 10.5671 7.39914 26
      vertex 10.5671 7.39914 0
    endloop
  endfacet
  facet normal -0.843419 -0.537256 0
    outer loop
      vertex 10.5671 7.39914 26
      vertex 11.1717 6.45 0
      vertex 11.1717 6.45 26
    endloop
  endfacet
  facet normal -0.886989 -0.46179 0
    outer loop
      vertex 11.6914 5.45178 0
      vertex 11.1717 6.45 26
      vertex 11.1717 6.45 0
    endloop
  endfacet
  facet normal -0.886989 -0.46179 0
    outer loop
      vertex 11.1717 6.45 26
      vertex 11.6914 5.45178 0
      vertex 11.6914 5.45178 26
    endloop
  endfacet
  facet normal 0.382633 -0.9239 0
    outer loop
      vertex -5.45178 11.6914 0
      vertex -4.41206 12.122 26
      vertex -5.45178 11.6914 26
    endloop
  endfacet
  facet normal 0.382633 -0.9239 0
    outer loop
      vertex -4.41206 12.122 26
      vertex -5.45178 11.6914 0
      vertex -4.41206 12.122 0
    endloop
  endfacet
  facet normal -0.976292 0.216458 0
    outer loop
      vertex 12.4604 -3.33877 0
      vertex 12.704 -2.24006 26
      vertex 12.704 -2.24006 0
    endloop
  endfacet
  facet normal -0.976292 0.216458 0
    outer loop
      vertex 12.704 -2.24006 26
      vertex 12.4604 -3.33877 0
      vertex 12.4604 -3.33877 26
    endloop
  endfacet
  facet normal 0.976292 -0.216458 0
    outer loop
      vertex -12.704 2.24006 26
      vertex -12.4604 3.33877 0
      vertex -12.4604 3.33877 26
    endloop
  endfacet
  facet normal 0.976292 -0.216458 0
    outer loop
      vertex -12.4604 3.33877 0
      vertex -12.704 2.24006 26
      vertex -12.704 2.24006 0
    endloop
  endfacet
  facet normal 0.793334 0.608787 0
    outer loop
      vertex -9.88197 -8.29196 26
      vertex -10.5671 -7.39914 0
      vertex -10.5671 -7.39914 26
    endloop
  endfacet
  facet normal 0.793334 0.608787 0
    outer loop
      vertex -10.5671 -7.39914 0
      vertex -9.88197 -8.29196 26
      vertex -9.88197 -8.29196 0
    endloop
  endfacet
  facet normal -0.537256 -0.843419 0
    outer loop
      vertex 6.45 11.1717 0
      vertex 7.39914 10.5671 26
      vertex 6.45 11.1717 26
    endloop
  endfacet
  facet normal -0.537256 -0.843419 -0
    outer loop
      vertex 7.39914 10.5671 26
      vertex 6.45 11.1717 0
      vertex 7.39914 10.5671 0
    endloop
  endfacet
  facet normal -0.608787 -0.793334 0
    outer loop
      vertex 7.39914 10.5671 26
      vertex 8.29196 9.88197 14.8898
      vertex 8.29196 9.88197 26
    endloop
  endfacet
  facet normal -0.608807 -0.793318 -2.58889e-06
    outer loop
      vertex 7.39914 10.5671 26
      vertex 8.18189 9.96644 14.8021
      vertex 8.29196 9.88197 14.8898
    endloop
  endfacet
  facet normal -0.608614 -0.793467 1.88604e-05
    outer loop
      vertex 7.39914 10.5671 26
      vertex 8.06004 10.0599 14.6853
      vertex 8.18189 9.96644 14.8021
    endloop
  endfacet
  facet normal -0.608829 -0.793301 -1.13405e-06
    outer loop
      vertex 7.39914 10.5671 26
      vertex 7.94681 10.1468 14.5556
      vertex 8.06004 10.0599 14.6853
    endloop
  endfacet
  facet normal -0.608719 -0.793386 7.27178e-06
    outer loop
      vertex 7.39914 10.5671 26
      vertex 7.84306 10.2264 14.4141
      vertex 7.94681 10.1468 14.5556
    endloop
  endfacet
  facet normal -0.609042 -0.793138 -1.24093e-05
    outer loop
      vertex 7.39914 10.5671 26
      vertex 7.74956 10.2982 14.2619
      vertex 7.84306 10.2264 14.4141
    endloop
  endfacet
  facet normal -0.608693 -0.793406 4.14253e-06
    outer loop
      vertex 7.39914 10.5671 26
      vertex 7.66705 10.3615 14.1
      vertex 7.74956 10.2982 14.2619
    endloop
  endfacet
  facet normal -0.608638 -0.793448 6.10821e-06
    outer loop
      vertex 7.39914 10.5671 26
      vertex 7.59613 10.4159 13.9298
      vertex 7.66705 10.3615 14.1
    endloop
  endfacet
  facet normal -0.608801 -0.793323 1.89188e-06
    outer loop
      vertex 7.39914 10.5671 26
      vertex 7.53736 10.461 13.7524
      vertex 7.59613 10.4159 13.9298
    endloop
  endfacet
  facet normal -0.608404 -0.793628 9.01226e-06
    outer loop
      vertex 7.39914 10.5671 26
      vertex 7.49118 10.4964 13.5694
      vertex 7.53736 10.461 13.7524
    endloop
  endfacet
  facet normal -0.608692 -0.793407 5.61819e-06
    outer loop
      vertex 7.39914 10.5671 26
      vertex 7.45794 10.5219 13.382
      vertex 7.49118 10.4964 13.5694
    endloop
  endfacet
  facet normal -0.60915 -0.793055 2.22144e-06
    outer loop
      vertex 7.39914 10.5671 26
      vertex 7.43789 10.5373 13.1917
      vertex 7.45794 10.5219 13.382
    endloop
  endfacet
  facet normal -0.612846 -0.790203 -1.55932e-05
    outer loop
      vertex 7.39914 10.5671 26
      vertex 7.43119 10.5425 13
      vertex 7.43789 10.5373 13.1917
    endloop
  endfacet
  facet normal -0.608873 -0.793268 0
    outer loop
      vertex 7.39914 10.5671 0
      vertex 7.43119 10.5425 13
      vertex 7.39914 10.5671 26
    endloop
  endfacet
  facet normal -0.612846 -0.790203 1.55932e-05
    outer loop
      vertex 7.39914 10.5671 0
      vertex 7.43789 10.5373 12.8083
      vertex 7.43119 10.5425 13
    endloop
  endfacet
  facet normal -0.60915 -0.793055 -2.22144e-06
    outer loop
      vertex 7.39914 10.5671 0
      vertex 7.45794 10.5219 12.618
      vertex 7.43789 10.5373 12.8083
    endloop
  endfacet
  facet normal -0.608692 -0.793407 -5.61819e-06
    outer loop
      vertex 7.39914 10.5671 0
      vertex 7.49118 10.4964 12.4306
      vertex 7.45794 10.5219 12.618
    endloop
  endfacet
  facet normal -0.608404 -0.793628 -9.01226e-06
    outer loop
      vertex 7.39914 10.5671 0
      vertex 7.53736 10.461 12.2476
      vertex 7.49118 10.4964 12.4306
    endloop
  endfacet
  facet normal -0.608801 -0.793323 -1.89188e-06
    outer loop
      vertex 7.39914 10.5671 0
      vertex 7.59613 10.4159 12.0702
      vertex 7.53736 10.461 12.2476
    endloop
  endfacet
  facet normal -0.608638 -0.793448 -6.10821e-06
    outer loop
      vertex 7.39914 10.5671 0
      vertex 7.66705 10.3615 11.9
      vertex 7.59613 10.4159 12.0702
    endloop
  endfacet
  facet normal -0.608693 -0.793406 -4.14253e-06
    outer loop
      vertex 7.39914 10.5671 0
      vertex 7.74956 10.2982 11.7381
      vertex 7.66705 10.3615 11.9
    endloop
  endfacet
  facet normal -0.609042 -0.793138 1.24093e-05
    outer loop
      vertex 7.39914 10.5671 0
      vertex 7.84306 10.2264 11.5859
      vertex 7.74956 10.2982 11.7381
    endloop
  endfacet
  facet normal -0.608719 -0.793386 -7.27178e-06
    outer loop
      vertex 7.39914 10.5671 0
      vertex 7.94681 10.1468 11.4444
      vertex 7.84306 10.2264 11.5859
    endloop
  endfacet
  facet normal -0.608829 -0.793301 1.13405e-06
    outer loop
      vertex 7.39914 10.5671 0
      vertex 8.06004 10.0599 11.3147
      vertex 7.94681 10.1468 11.4444
    endloop
  endfacet
  facet normal -0.608614 -0.793467 -1.88604e-05
    outer loop
      vertex 7.39914 10.5671 0
      vertex 8.18189 9.96644 11.1979
      vertex 8.06004 10.0599 11.3147
    endloop
  endfacet
  facet normal -0.608807 -0.793318 2.58889e-06
    outer loop
      vertex 7.39914 10.5671 0
      vertex 8.29196 9.88197 11.1102
      vertex 8.18189 9.96644 11.1979
    endloop
  endfacet
  facet normal -0.608787 -0.793334 -0
    outer loop
      vertex 8.29196 9.88197 11.1102
      vertex 7.39914 10.5671 0
      vertex 8.29196 9.88197 0
    endloop
  endfacet
  facet normal 0.0436296 0.999048 -0
    outer loop
      vertex 0 -12.9 11.8
      vertex -1.12431 -12.8509 26
      vertex 0 -12.9 26
    endloop
  endfacet
  facet normal 0.0435291 0.999052 -7.97413e-06
    outer loop
      vertex -0.351162 -12.8847 11.7654
      vertex -1.12431 -12.8509 26
      vertex 0 -12.9 11.8
    endloop
  endfacet
  facet normal 0.0437863 0.999041 6.02112e-06
    outer loop
      vertex -0.688829 -12.8699 11.663
      vertex -1.12431 -12.8509 26
      vertex -0.351162 -12.8847 11.7654
    endloop
  endfacet
  facet normal 0.0436588 0.999046 2.14226e-06
    outer loop
      vertex -1.00003 -12.8563 11.4966
      vertex -1.12431 -12.8509 26
      vertex -0.688829 -12.8699 11.663
    endloop
  endfacet
  facet normal 0.0434093 0.999057 0
    outer loop
      vertex -1.12431 -12.8509 26
      vertex -1.00003 -12.8563 11.4966
      vertex -1.12431 -12.8509 11.3946
    endloop
  endfacet
  facet normal 0.0435283 0.999052 -0
    outer loop
      vertex 0 -12.9 0
      vertex -0.351162 -12.8847 8.23459
      vertex 0 -12.9 8.2
    endloop
  endfacet
  facet normal 0.0436296 0.999048 4.32836e-06
    outer loop
      vertex -1.12431 -12.8509 0
      vertex -0.351162 -12.8847 8.23459
      vertex 0 -12.9 0
    endloop
  endfacet
  facet normal 0.043785 0.999041 -1.02868e-05
    outer loop
      vertex -0.351162 -12.8847 8.23459
      vertex -1.12431 -12.8509 0
      vertex -0.688829 -12.8699 8.33702
    endloop
  endfacet
  facet normal 0.043658 0.999047 -3.64215e-06
    outer loop
      vertex -0.688829 -12.8699 8.33702
      vertex -1.12431 -12.8509 0
      vertex -1.00003 -12.8563 8.50335
    endloop
  endfacet
  facet normal 0.0434093 0.999057 0
    outer loop
      vertex -1.00003 -12.8563 8.50335
      vertex -1.12431 -12.8509 0
      vertex -1.12431 -12.8509 8.60535
    endloop
  endfacet
  facet normal 0.608787 -0.793334 0
    outer loop
      vertex -8.29196 9.88197 0
      vertex -7.39914 10.5671 26
      vertex -8.29196 9.88197 26
    endloop
  endfacet
  facet normal 0.608787 -0.793334 0
    outer loop
      vertex -7.39914 10.5671 26
      vertex -8.29196 9.88197 0
      vertex -7.39914 10.5671 0
    endloop
  endfacet
  facet normal -0.953719 -0.3007 0
    outer loop
      vertex 12.4604 3.33877 0
      vertex 12.122 4.41206 26
      vertex 12.122 4.41206 0
    endloop
  endfacet
  facet normal -0.953719 -0.3007 0
    outer loop
      vertex 12.122 4.41206 26
      vertex 12.4604 3.33877 0
      vertex 12.4604 3.33877 26
    endloop
  endfacet
  facet normal -0.9239 0.382633 0
    outer loop
      vertex 11.6914 -5.45178 0
      vertex 12.122 -4.41206 26
      vertex 12.122 -4.41206 0
    endloop
  endfacet
  facet normal -0.9239 0.382633 0
    outer loop
      vertex 12.122 -4.41206 26
      vertex 11.6914 -5.45178 0
      vertex 11.6914 -5.45178 26
    endloop
  endfacet
  facet normal 0.537256 0.843419 -0
    outer loop
      vertex -6.45 -11.1717 0
      vertex -7.39914 -10.5671 26
      vertex -6.45 -11.1717 26
    endloop
  endfacet
  facet normal 0.537256 0.843419 0
    outer loop
      vertex -7.39914 -10.5671 26
      vertex -6.45 -11.1717 0
      vertex -7.39914 -10.5671 0
    endloop
  endfacet
  facet normal -0.46179 -0.886989 0
    outer loop
      vertex 5.45178 11.6914 0
      vertex 6.45 11.1717 26
      vertex 5.45178 11.6914 26
    endloop
  endfacet
  facet normal -0.46179 -0.886989 -0
    outer loop
      vertex 6.45 11.1717 26
      vertex 5.45178 11.6914 0
      vertex 6.45 11.1717 0
    endloop
  endfacet
  facet normal 0.46179 0.886989 -0
    outer loop
      vertex -5.45178 -11.6914 0
      vertex -6.45 -11.1717 26
      vertex -5.45178 -11.6914 26
    endloop
  endfacet
  facet normal 0.46179 0.886989 0
    outer loop
      vertex -6.45 -11.1717 26
      vertex -5.45178 -11.6914 0
      vertex -6.45 -11.1717 0
    endloop
  endfacet
  facet normal -0.0436296 -0.999048 0
    outer loop
      vertex 0 12.9 11.8
      vertex 1.12431 12.8509 26
      vertex 0 12.9 26
    endloop
  endfacet
  facet normal -0.0435291 -0.999052 -7.97413e-06
    outer loop
      vertex 0.351162 12.8847 11.7654
      vertex 1.12431 12.8509 26
      vertex 0 12.9 11.8
    endloop
  endfacet
  facet normal -0.0437863 -0.999041 6.02112e-06
    outer loop
      vertex 0.688829 12.8699 11.663
      vertex 1.12431 12.8509 26
      vertex 0.351162 12.8847 11.7654
    endloop
  endfacet
  facet normal -0.0436588 -0.999046 2.14226e-06
    outer loop
      vertex 1.00003 12.8563 11.4966
      vertex 1.12431 12.8509 26
      vertex 0.688829 12.8699 11.663
    endloop
  endfacet
  facet normal -0.0434093 -0.999057 -0
    outer loop
      vertex 1.12431 12.8509 26
      vertex 1.00003 12.8563 11.4966
      vertex 1.12431 12.8509 11.3946
    endloop
  endfacet
  facet normal -0.0435283 -0.999052 0
    outer loop
      vertex 0 12.9 0
      vertex 0.351162 12.8847 8.23459
      vertex 0 12.9 8.2
    endloop
  endfacet
  facet normal -0.0436296 -0.999048 4.32836e-06
    outer loop
      vertex 1.12431 12.8509 0
      vertex 0.351162 12.8847 8.23459
      vertex 0 12.9 0
    endloop
  endfacet
  facet normal -0.043785 -0.999041 -1.02868e-05
    outer loop
      vertex 0.351162 12.8847 8.23459
      vertex 1.12431 12.8509 0
      vertex 0.688829 12.8699 8.33702
    endloop
  endfacet
  facet normal -0.043658 -0.999047 -3.64215e-06
    outer loop
      vertex 0.688829 12.8699 8.33702
      vertex 1.12431 12.8509 0
      vertex 1.00003 12.8563 8.50335
    endloop
  endfacet
  facet normal -0.0434093 -0.999057 0
    outer loop
      vertex 1.00003 12.8563 8.50335
      vertex 1.12431 12.8509 0
      vertex 1.12431 12.8509 8.60535
    endloop
  endfacet
  facet normal 0.3007 0.953719 -0
    outer loop
      vertex -3.33877 -12.4604 0
      vertex -4.41206 -12.122 26
      vertex -3.33877 -12.4604 26
    endloop
  endfacet
  facet normal 0.3007 0.953719 0
    outer loop
      vertex -4.41206 -12.122 26
      vertex -3.33877 -12.4604 0
      vertex -4.41206 -12.122 0
    endloop
  endfacet
  facet normal -0.537256 0.843419 0
    outer loop
      vertex 7.39914 -10.5671 0
      vertex 6.45 -11.1717 26
      vertex 7.39914 -10.5671 26
    endloop
  endfacet
  facet normal -0.537256 0.843419 0
    outer loop
      vertex 6.45 -11.1717 26
      vertex 7.39914 -10.5671 0
      vertex 6.45 -11.1717 0
    endloop
  endfacet
  facet normal 0.216458 0.976292 -0
    outer loop
      vertex -2.24006 -12.704 0
      vertex -3.33877 -12.4604 26
      vertex -2.24006 -12.704 26
    endloop
  endfacet
  facet normal 0.216458 0.976292 0
    outer loop
      vertex -3.33877 -12.4604 26
      vertex -2.24006 -12.704 0
      vertex -3.33877 -12.4604 0
    endloop
  endfacet
  facet normal 0.793334 -0.608787 0
    outer loop
      vertex -10.5671 7.39914 26
      vertex -9.88197 8.29196 0
      vertex -9.88197 8.29196 26
    endloop
  endfacet
  facet normal 0.793334 -0.608787 0
    outer loop
      vertex -9.88197 8.29196 0
      vertex -10.5671 7.39914 26
      vertex -10.5671 7.39914 0
    endloop
  endfacet
  facet normal 0.953719 -0.3007 0
    outer loop
      vertex -12.4604 3.33877 26
      vertex -12.122 4.41206 0
      vertex -12.122 4.41206 26
    endloop
  endfacet
  facet normal 0.953719 -0.3007 0
    outer loop
      vertex -12.122 4.41206 0
      vertex -12.4604 3.33877 26
      vertex -12.4604 3.33877 0
    endloop
  endfacet
  facet normal -0.991444 0.130534 0
    outer loop
      vertex 12.704 -2.24006 0
      vertex 12.8509 -1.12431 14.6054
      vertex 12.8509 -1.12431 0
    endloop
  endfacet
  facet normal -0.991484 0.130232 2.34853e-05
    outer loop
      vertex 12.8509 -1.12431 14.6054
      vertex 12.704 -2.24006 0
      vertex 12.8314 -1.27279 14.7272
    endloop
  endfacet
  facet normal -0.991429 0.13065 -4.4482e-06
    outer loop
      vertex 12.8314 -1.27279 14.7272
      vertex 12.704 -2.24006 0
      vertex 12.8019 -1.49664 15
    endloop
  endfacet
  facet normal -0.991444 0.130534 1.37746e-06
    outer loop
      vertex 12.8019 -1.49664 15
      vertex 12.704 -2.24006 0
      vertex 12.78 -1.66298 15.3112
    endloop
  endfacet
  facet normal -0.991428 0.130657 -3.3176e-06
    outer loop
      vertex 12.78 -1.66298 15.3112
      vertex 12.704 -2.24006 0
      vertex 12.7665 -1.76541 15.6488
    endloop
  endfacet
  facet normal -0.991596 0.129371 3.63451e-05
    outer loop
      vertex 12.7665 -1.76541 15.6488
      vertex 12.704 -2.24006 0
      vertex 12.762 -1.8 16
    endloop
  endfacet
  facet normal -0.991482 0.130244 -3.82859e-05
    outer loop
      vertex 12.704 -2.24006 26
      vertex 12.8509 -1.12431 17.3946
      vertex 12.8314 -1.27279 17.2728
    endloop
  endfacet
  facet normal -0.991429 0.130646 7.14246e-06
    outer loop
      vertex 12.704 -2.24006 26
      vertex 12.8314 -1.27279 17.2728
      vertex 12.8019 -1.49664 17
    endloop
  endfacet
  facet normal -0.991444 0.130536 -2.17285e-06
    outer loop
      vertex 12.704 -2.24006 26
      vertex 12.8019 -1.49664 17
      vertex 12.78 -1.66298 16.6888
    endloop
  endfacet
  facet normal -0.991428 0.130651 5.0928e-06
    outer loop
      vertex 12.704 -2.24006 26
      vertex 12.78 -1.66298 16.6888
      vertex 12.7665 -1.76541 16.3512
    endloop
  endfacet
  facet normal -0.991577 0.129522 -5.14166e-05
    outer loop
      vertex 12.704 -2.24006 26
      vertex 12.7665 -1.76541 16.3512
      vertex 12.762 -1.8 16
    endloop
  endfacet
  facet normal -0.991444 0.130534 0
    outer loop
      vertex 12.8509 -1.12431 17.3946
      vertex 12.704 -2.24006 26
      vertex 12.8509 -1.12431 26
    endloop
  endfacet
  facet normal -0.991426 0.13067 0
    outer loop
      vertex 12.704 -2.24006 26
      vertex 12.762 -1.8 16
      vertex 12.704 -2.24006 0
    endloop
  endfacet
  facet normal -0.0436296 0.999048 0
    outer loop
      vertex 1.12431 -12.8509 26
      vertex 0 -12.9 11.8
      vertex 0 -12.9 26
    endloop
  endfacet
  facet normal -0.0435291 0.999052 -7.97413e-06
    outer loop
      vertex 1.12431 -12.8509 26
      vertex 0.351162 -12.8847 11.7654
      vertex 0 -12.9 11.8
    endloop
  endfacet
  facet normal -0.0437863 0.999041 6.02112e-06
    outer loop
      vertex 1.12431 -12.8509 26
      vertex 0.688829 -12.8699 11.663
      vertex 0.351162 -12.8847 11.7654
    endloop
  endfacet
  facet normal -0.0436588 0.999046 2.14226e-06
    outer loop
      vertex 1.12431 -12.8509 26
      vertex 1.00003 -12.8563 11.4966
      vertex 0.688829 -12.8699 11.663
    endloop
  endfacet
  facet normal -0.0434093 0.999057 0
    outer loop
      vertex 1.00003 -12.8563 11.4966
      vertex 1.12431 -12.8509 26
      vertex 1.12431 -12.8509 11.3946
    endloop
  endfacet
  facet normal -0.0434093 0.999057 0
    outer loop
      vertex 1.12431 -12.8509 0
      vertex 1.00003 -12.8563 8.50335
      vertex 1.12431 -12.8509 8.60535
    endloop
  endfacet
  facet normal -0.043658 0.999047 -3.64215e-06
    outer loop
      vertex 1.12431 -12.8509 0
      vertex 0.688829 -12.8699 8.33702
      vertex 1.00003 -12.8563 8.50335
    endloop
  endfacet
  facet normal -0.043785 0.999041 -1.02868e-05
    outer loop
      vertex 1.12431 -12.8509 0
      vertex 0.351162 -12.8847 8.23459
      vertex 0.688829 -12.8699 8.33702
    endloop
  endfacet
  facet normal -0.0435297 0.999052 1.37311e-05
    outer loop
      vertex 1.12431 -12.8509 0
      vertex 0 -12.9 8.2
      vertex 0.351162 -12.8847 8.23459
    endloop
  endfacet
  facet normal -0.0436296 0.999048 0
    outer loop
      vertex 0 -12.9 8.2
      vertex 1.12431 -12.8509 0
      vertex 0 -12.9 0
    endloop
  endfacet
  facet normal -0.953719 0.3007 0
    outer loop
      vertex 12.122 -4.41206 0
      vertex 12.4604 -3.33877 26
      vertex 12.4604 -3.33877 0
    endloop
  endfacet
  facet normal -0.953719 0.3007 0
    outer loop
      vertex 12.4604 -3.33877 26
      vertex 12.122 -4.41206 0
      vertex 12.122 -4.41206 26
    endloop
  endfacet
  facet normal 0.991426 -0.13067 0
    outer loop
      vertex -12.704 2.24006 26
      vertex -12.762 1.8 16
      vertex -12.704 2.24006 0
    endloop
  endfacet
  facet normal 0.991577 -0.129522 -5.14166e-05
    outer loop
      vertex -12.704 2.24006 26
      vertex -12.7665 1.76541 16.3512
      vertex -12.762 1.8 16
    endloop
  endfacet
  facet normal 0.991428 -0.130651 5.0928e-06
    outer loop
      vertex -12.704 2.24006 26
      vertex -12.78 1.66298 16.6888
      vertex -12.7665 1.76541 16.3512
    endloop
  endfacet
  facet normal 0.991444 -0.130536 -2.17285e-06
    outer loop
      vertex -12.704 2.24006 26
      vertex -12.8019 1.49664 17
      vertex -12.78 1.66298 16.6888
    endloop
  endfacet
  facet normal 0.991429 -0.130646 7.14246e-06
    outer loop
      vertex -12.704 2.24006 26
      vertex -12.8314 1.27279 17.2728
      vertex -12.8019 1.49664 17
    endloop
  endfacet
  facet normal 0.991444 -0.130534 0
    outer loop
      vertex -12.8509 1.12431 17.3946
      vertex -12.704 2.24006 26
      vertex -12.8509 1.12431 26
    endloop
  endfacet
  facet normal 0.991482 -0.130244 -3.82859e-05
    outer loop
      vertex -12.704 2.24006 26
      vertex -12.8509 1.12431 17.3946
      vertex -12.8314 1.27279 17.2728
    endloop
  endfacet
  facet normal 0.991596 -0.129371 3.63451e-05
    outer loop
      vertex -12.7665 1.76541 15.6488
      vertex -12.704 2.24006 0
      vertex -12.762 1.8 16
    endloop
  endfacet
  facet normal 0.991428 -0.130657 -3.3176e-06
    outer loop
      vertex -12.78 1.66298 15.3112
      vertex -12.704 2.24006 0
      vertex -12.7665 1.76541 15.6488
    endloop
  endfacet
  facet normal 0.991444 -0.130534 1.37746e-06
    outer loop
      vertex -12.8019 1.49664 15
      vertex -12.704 2.24006 0
      vertex -12.78 1.66298 15.3112
    endloop
  endfacet
  facet normal 0.991429 -0.13065 -4.4482e-06
    outer loop
      vertex -12.8314 1.27279 14.7272
      vertex -12.704 2.24006 0
      vertex -12.8019 1.49664 15
    endloop
  endfacet
  facet normal 0.991484 -0.130232 2.34853e-05
    outer loop
      vertex -12.8509 1.12431 14.6054
      vertex -12.704 2.24006 0
      vertex -12.8314 1.27279 14.7272
    endloop
  endfacet
  facet normal 0.991444 -0.130534 0
    outer loop
      vertex -12.704 2.24006 0
      vertex -12.8509 1.12431 14.6054
      vertex -12.8509 1.12431 0
    endloop
  endfacet
  facet normal 0.130534 -0.991444 0
    outer loop
      vertex -2.24006 12.704 26
      vertex -1.12431 12.8509 11.3946
      vertex -1.12431 12.8509 26
    endloop
  endfacet
  facet normal 0.130232 -0.991484 -2.34853e-05
    outer loop
      vertex -2.24006 12.704 26
      vertex -1.27279 12.8314 11.2728
      vertex -1.12431 12.8509 11.3946
    endloop
  endfacet
  facet normal 0.13065 -0.991429 4.4482e-06
    outer loop
      vertex -2.24006 12.704 26
      vertex -1.49664 12.8019 11
      vertex -1.27279 12.8314 11.2728
    endloop
  endfacet
  facet normal 0.130534 -0.991444 -1.37746e-06
    outer loop
      vertex -2.24006 12.704 26
      vertex -1.66298 12.78 10.6888
      vertex -1.49664 12.8019 11
    endloop
  endfacet
  facet normal 0.130657 -0.991428 3.3176e-06
    outer loop
      vertex -2.24006 12.704 26
      vertex -1.76541 12.7665 10.3512
      vertex -1.66298 12.78 10.6888
    endloop
  endfacet
  facet normal 0.129371 -0.991596 -3.63451e-05
    outer loop
      vertex -2.24006 12.704 26
      vertex -1.8 12.762 10
      vertex -1.76541 12.7665 10.3512
    endloop
  endfacet
  facet normal 0.13067 -0.991426 0
    outer loop
      vertex -2.24006 12.704 0
      vertex -1.8 12.762 10
      vertex -2.24006 12.704 26
    endloop
  endfacet
  facet normal 0.129522 -0.991577 5.14185e-05
    outer loop
      vertex -2.24006 12.704 0
      vertex -1.76541 12.7665 9.64884
      vertex -1.8 12.762 10
    endloop
  endfacet
  facet normal 0.130651 -0.991428 -5.09263e-06
    outer loop
      vertex -2.24006 12.704 0
      vertex -1.66298 12.78 9.31117
      vertex -1.76541 12.7665 9.64884
    endloop
  endfacet
  facet normal 0.130536 -0.991444 2.17286e-06
    outer loop
      vertex -2.24006 12.704 0
      vertex -1.49664 12.8019 8.99997
      vertex -1.66298 12.78 9.31117
    endloop
  endfacet
  facet normal 0.130646 -0.991429 -7.14258e-06
    outer loop
      vertex -2.24006 12.704 0
      vertex -1.27279 12.8314 8.72721
      vertex -1.49664 12.8019 8.99997
    endloop
  endfacet
  facet normal 0.130244 -0.991482 3.82843e-05
    outer loop
      vertex -2.24006 12.704 0
      vertex -1.12431 12.8509 8.60535
      vertex -1.27279 12.8314 8.72721
    endloop
  endfacet
  facet normal 0.130534 -0.991444 0
    outer loop
      vertex -1.12431 12.8509 8.60535
      vertex -2.24006 12.704 0
      vertex -1.12431 12.8509 0
    endloop
  endfacet
  facet normal -0.999052 0.0435283 0
    outer loop
      vertex 12.8847 -0.351162 17.7654
      vertex 12.9 0 26
      vertex 12.9 0 17.8
    endloop
  endfacet
  facet normal -0.999041 0.043785 1.02869e-05
    outer loop
      vertex 12.8509 -1.12431 26
      vertex 12.8847 -0.351162 17.7654
      vertex 12.8699 -0.688829 17.663
    endloop
  endfacet
  facet normal -0.999047 0.043658 3.64212e-06
    outer loop
      vertex 12.8509 -1.12431 26
      vertex 12.8699 -0.688829 17.663
      vertex 12.8563 -1.00003 17.4966
    endloop
  endfacet
  facet normal -0.999057 0.0434093 0
    outer loop
      vertex 12.8509 -1.12431 26
      vertex 12.8563 -1.00003 17.4966
      vertex 12.8509 -1.12431 17.3946
    endloop
  endfacet
  facet normal -0.999048 0.0436296 -4.32836e-06
    outer loop
      vertex 12.8847 -0.351162 17.7654
      vertex 12.8509 -1.12431 26
      vertex 12.9 0 26
    endloop
  endfacet
  facet normal -0.999048 0.0436296 0
    outer loop
      vertex 12.8509 -1.12431 0
      vertex 12.9 0 14.2
      vertex 12.9 0 0
    endloop
  endfacet
  facet normal -0.999052 0.0435291 7.97413e-06
    outer loop
      vertex 12.9 0 14.2
      vertex 12.8509 -1.12431 0
      vertex 12.8847 -0.351162 14.2346
    endloop
  endfacet
  facet normal -0.999041 0.0437863 -6.02112e-06
    outer loop
      vertex 12.8847 -0.351162 14.2346
      vertex 12.8509 -1.12431 0
      vertex 12.8699 -0.688829 14.337
    endloop
  endfacet
  facet normal -0.999046 0.0436588 -2.14226e-06
    outer loop
      vertex 12.8699 -0.688829 14.337
      vertex 12.8509 -1.12431 0
      vertex 12.8563 -1.00003 14.5034
    endloop
  endfacet
  facet normal -0.999057 0.0434093 0
    outer loop
      vertex 12.8563 -1.00003 14.5034
      vertex 12.8509 -1.12431 0
      vertex 12.8509 -1.12431 14.6054
    endloop
  endfacet
  facet normal 0.46179 -0.886989 0
    outer loop
      vertex -6.45 11.1717 0
      vertex -5.45178 11.6914 26
      vertex -6.45 11.1717 26
    endloop
  endfacet
  facet normal 0.46179 -0.886989 0
    outer loop
      vertex -5.45178 11.6914 26
      vertex -6.45 11.1717 0
      vertex -5.45178 11.6914 0
    endloop
  endfacet
  facet normal -0.608787 0.793334 0
    outer loop
      vertex 8.29196 -9.88197 0
      vertex 7.39914 -10.5671 26
      vertex 8.29196 -9.88197 26
    endloop
  endfacet
  facet normal -0.608787 0.793334 0
    outer loop
      vertex 7.39914 -10.5671 26
      vertex 8.29196 -9.88197 0
      vertex 7.39914 -10.5671 0
    endloop
  endfacet
  facet normal 0.537256 -0.843419 0
    outer loop
      vertex -7.39914 10.5671 0
      vertex -6.45 11.1717 26
      vertex -7.39914 10.5671 26
    endloop
  endfacet
  facet normal 0.537256 -0.843419 0
    outer loop
      vertex -6.45 11.1717 26
      vertex -7.39914 10.5671 0
      vertex -6.45 11.1717 0
    endloop
  endfacet
  facet normal 0.976292 0.216458 0
    outer loop
      vertex -12.4604 -3.33877 26
      vertex -12.704 -2.24006 0
      vertex -12.704 -2.24006 26
    endloop
  endfacet
  facet normal 0.976292 0.216458 0
    outer loop
      vertex -12.704 -2.24006 0
      vertex -12.4604 -3.33877 26
      vertex -12.4604 -3.33877 0
    endloop
  endfacet
  facet normal -0.9239 -0.382633 0
    outer loop
      vertex 12.122 4.41206 0
      vertex 11.6914 5.45178 26
      vertex 11.6914 5.45178 0
    endloop
  endfacet
  facet normal -0.9239 -0.382633 0
    outer loop
      vertex 11.6914 5.45178 26
      vertex 12.122 4.41206 0
      vertex 12.122 4.41206 26
    endloop
  endfacet
  facet normal -0.73728 -0.675588 0
    outer loop
      vertex 9.25134 8.98018 15.1916
      vertex 9.12168 9.12168 26
      vertex 9.12168 9.12168 15.2
    endloop
  endfacet
  facet normal -0.737278 -0.675589 -3.74012e-07
    outer loop
      vertex 9.88197 8.29196 26
      vertex 9.25134 8.98018 15.1916
      vertex 9.38002 8.83975 15.1666
    endloop
  endfacet
  facet normal -0.737278 -0.675589 -3.999e-07
    outer loop
      vertex 9.88197 8.29196 26
      vertex 9.38002 8.83975 15.1666
      vertex 9.50673 8.70147 15.125
    endloop
  endfacet
  facet normal -0.737272 -0.675596 -8.53831e-07
    outer loop
      vertex 9.88197 8.29196 26
      vertex 9.50673 8.70147 15.125
      vertex 9.63051 8.56639 15.0673
    endloop
  endfacet
  facet normal -0.737308 -0.675557 9.64886e-07
    outer loop
      vertex 9.88197 8.29196 26
      vertex 9.63051 8.56639 15.0673
      vertex 9.75041 8.43553 14.9939
    endloop
  endfacet
  facet normal -0.737273 -0.675594 5.51601e-08
    outer loop
      vertex 9.88197 8.29196 26
      vertex 9.75041 8.43553 14.9939
      vertex 9.86553 8.3099 14.9053
    endloop
  endfacet
  facet normal -0.737256 -0.675613 -0
    outer loop
      vertex 9.88197 8.29196 26
      vertex 9.86553 8.3099 14.9053
      vertex 9.88197 8.29196 14.8898
    endloop
  endfacet
  facet normal -0.737281 -0.675586 -3.78344e-08
    outer loop
      vertex 9.25134 8.98018 15.1916
      vertex 9.88197 8.29196 26
      vertex 9.12168 9.12168 26
    endloop
  endfacet
  facet normal -0.73728 -0.675588 0
    outer loop
      vertex 9.12168 9.12168 0
      vertex 9.25134 8.98018 10.8084
      vertex 9.12168 9.12168 10.8
    endloop
  endfacet
  facet normal -0.737281 -0.675586 3.78344e-08
    outer loop
      vertex 9.88197 8.29196 0
      vertex 9.25134 8.98018 10.8084
      vertex 9.12168 9.12168 0
    endloop
  endfacet
  facet normal -0.737278 -0.675589 3.74012e-07
    outer loop
      vertex 9.25134 8.98018 10.8084
      vertex 9.88197 8.29196 0
      vertex 9.38002 8.83975 10.8334
    endloop
  endfacet
  facet normal -0.737278 -0.675589 3.999e-07
    outer loop
      vertex 9.38002 8.83975 10.8334
      vertex 9.88197 8.29196 0
      vertex 9.50673 8.70147 10.875
    endloop
  endfacet
  facet normal -0.737272 -0.675596 8.53831e-07
    outer loop
      vertex 9.50673 8.70147 10.875
      vertex 9.88197 8.29196 0
      vertex 9.63051 8.56639 10.9327
    endloop
  endfacet
  facet normal -0.737308 -0.675557 -9.64886e-07
    outer loop
      vertex 9.63051 8.56639 10.9327
      vertex 9.88197 8.29196 0
      vertex 9.75041 8.43553 11.0061
    endloop
  endfacet
  facet normal -0.737273 -0.675594 -5.51601e-08
    outer loop
      vertex 9.75041 8.43553 11.0061
      vertex 9.88197 8.29196 0
      vertex 9.86553 8.3099 11.0947
    endloop
  endfacet
  facet normal -0.737256 -0.675613 0
    outer loop
      vertex 9.86553 8.3099 11.0947
      vertex 9.88197 8.29196 0
      vertex 9.88197 8.29196 11.1102
    endloop
  endfacet
  facet normal -0.3007 -0.953719 0
    outer loop
      vertex 3.33877 12.4604 0
      vertex 4.41206 12.122 26
      vertex 3.33877 12.4604 26
    endloop
  endfacet
  facet normal -0.3007 -0.953719 -0
    outer loop
      vertex 4.41206 12.122 26
      vertex 3.33877 12.4604 0
      vertex 4.41206 12.122 0
    endloop
  endfacet
  facet normal 0.675586 -0.737281 0
    outer loop
      vertex -9.12168 9.12168 0
      vertex -8.29196 9.88197 26
      vertex -9.12168 9.12168 26
    endloop
  endfacet
  facet normal 0.675586 -0.737281 0
    outer loop
      vertex -8.29196 9.88197 26
      vertex -9.12168 9.12168 0
      vertex -8.29196 9.88197 0
    endloop
  endfacet
  facet normal -0.46179 0.886989 0
    outer loop
      vertex 6.45 -11.1717 0
      vertex 5.45178 -11.6914 26
      vertex 6.45 -11.1717 26
    endloop
  endfacet
  facet normal -0.46179 0.886989 0
    outer loop
      vertex 5.45178 -11.6914 26
      vertex 6.45 -11.1717 0
      vertex 5.45178 -11.6914 0
    endloop
  endfacet
  facet normal 0.3007 -0.953719 0
    outer loop
      vertex -4.41206 12.122 0
      vertex -3.33877 12.4604 26
      vertex -4.41206 12.122 26
    endloop
  endfacet
  facet normal 0.3007 -0.953719 0
    outer loop
      vertex -3.33877 12.4604 26
      vertex -4.41206 12.122 0
      vertex -3.33877 12.4604 0
    endloop
  endfacet
  facet normal 0.999052 0.0435283 0
    outer loop
      vertex -12.9 0 26
      vertex -12.8847 -0.351162 17.7654
      vertex -12.9 0 17.8
    endloop
  endfacet
  facet normal 0.999048 0.0436296 -4.32836e-06
    outer loop
      vertex -12.8509 -1.12431 26
      vertex -12.8847 -0.351162 17.7654
      vertex -12.9 0 26
    endloop
  endfacet
  facet normal 0.999041 0.043785 1.02869e-05
    outer loop
      vertex -12.8847 -0.351162 17.7654
      vertex -12.8509 -1.12431 26
      vertex -12.8699 -0.688829 17.663
    endloop
  endfacet
  facet normal 0.999047 0.043658 3.64212e-06
    outer loop
      vertex -12.8699 -0.688829 17.663
      vertex -12.8509 -1.12431 26
      vertex -12.8563 -1.00003 17.4966
    endloop
  endfacet
  facet normal 0.999057 0.0434093 0
    outer loop
      vertex -12.8563 -1.00003 17.4966
      vertex -12.8509 -1.12431 26
      vertex -12.8509 -1.12431 17.3946
    endloop
  endfacet
  facet normal 0.999052 0.0435291 7.97413e-06
    outer loop
      vertex -12.8509 -1.12431 0
      vertex -12.9 0 14.2
      vertex -12.8847 -0.351162 14.2346
    endloop
  endfacet
  facet normal 0.999041 0.0437863 -6.02112e-06
    outer loop
      vertex -12.8509 -1.12431 0
      vertex -12.8847 -0.351162 14.2346
      vertex -12.8699 -0.688829 14.337
    endloop
  endfacet
  facet normal 0.999046 0.0436588 -2.14226e-06
    outer loop
      vertex -12.8509 -1.12431 0
      vertex -12.8699 -0.688829 14.337
      vertex -12.8563 -1.00003 14.5034
    endloop
  endfacet
  facet normal 0.999057 0.0434093 -0
    outer loop
      vertex -12.8509 -1.12431 0
      vertex -12.8563 -1.00003 14.5034
      vertex -12.8509 -1.12431 14.6054
    endloop
  endfacet
  facet normal 0.999048 0.0436296 0
    outer loop
      vertex -12.9 0 14.2
      vertex -12.8509 -1.12431 0
      vertex -12.9 0 0
    endloop
  endfacet
  facet normal 0.0436296 -0.999048 0
    outer loop
      vertex -1.12431 12.8509 26
      vertex 0 12.9 11.8
      vertex 0 12.9 26
    endloop
  endfacet
  facet normal 0.0435291 -0.999052 -7.97413e-06
    outer loop
      vertex -1.12431 12.8509 26
      vertex -0.351162 12.8847 11.7654
      vertex 0 12.9 11.8
    endloop
  endfacet
  facet normal 0.0437863 -0.999041 6.02112e-06
    outer loop
      vertex -1.12431 12.8509 26
      vertex -0.688829 12.8699 11.663
      vertex -0.351162 12.8847 11.7654
    endloop
  endfacet
  facet normal 0.0436588 -0.999046 2.14226e-06
    outer loop
      vertex -1.12431 12.8509 26
      vertex -1.00003 12.8563 11.4966
      vertex -0.688829 12.8699 11.663
    endloop
  endfacet
  facet normal 0.0434093 -0.999057 0
    outer loop
      vertex -1.00003 12.8563 11.4966
      vertex -1.12431 12.8509 26
      vertex -1.12431 12.8509 11.3946
    endloop
  endfacet
  facet normal 0.0434093 -0.999057 0
    outer loop
      vertex -1.12431 12.8509 0
      vertex -1.00003 12.8563 8.50335
      vertex -1.12431 12.8509 8.60535
    endloop
  endfacet
  facet normal 0.043658 -0.999047 -3.64215e-06
    outer loop
      vertex -1.12431 12.8509 0
      vertex -0.688829 12.8699 8.33702
      vertex -1.00003 12.8563 8.50335
    endloop
  endfacet
  facet normal 0.043785 -0.999041 -1.02868e-05
    outer loop
      vertex -1.12431 12.8509 0
      vertex -0.351162 12.8847 8.23459
      vertex -0.688829 12.8699 8.33702
    endloop
  endfacet
  facet normal 0.0435297 -0.999052 1.37311e-05
    outer loop
      vertex -1.12431 12.8509 0
      vertex 0 12.9 8.2
      vertex -0.351162 12.8847 8.23459
    endloop
  endfacet
  facet normal 0.0436296 -0.999048 0
    outer loop
      vertex 0 12.9 8.2
      vertex -1.12431 12.8509 0
      vertex 0 12.9 0
    endloop
  endfacet
  facet normal 0.886989 -0.46179 0
    outer loop
      vertex -11.6914 5.45178 26
      vertex -11.1717 6.45 0
      vertex -11.1717 6.45 26
    endloop
  endfacet
  facet normal 0.886989 -0.46179 0
    outer loop
      vertex -11.1717 6.45 0
      vertex -11.6914 5.45178 26
      vertex -11.6914 5.45178 0
    endloop
  endfacet
  facet normal -0.793334 0.608787 0
    outer loop
      vertex 9.88197 -8.29196 0
      vertex 10.5671 -7.39914 26
      vertex 10.5671 -7.39914 0
    endloop
  endfacet
  facet normal -0.793334 0.608787 0
    outer loop
      vertex 10.5671 -7.39914 26
      vertex 9.88197 -8.29196 0
      vertex 9.88197 -8.29196 26
    endloop
  endfacet
  facet normal -0.216458 0.976292 0
    outer loop
      vertex 3.33877 -12.4604 0
      vertex 2.24006 -12.704 26
      vertex 3.33877 -12.4604 26
    endloop
  endfacet
  facet normal -0.216458 0.976292 0
    outer loop
      vertex 2.24006 -12.704 26
      vertex 3.33877 -12.4604 0
      vertex 2.24006 -12.704 0
    endloop
  endfacet
  facet normal 0.737281 0.675586 0
    outer loop
      vertex -9.12168 -9.12168 26
      vertex -9.88197 -8.29196 0
      vertex -9.88197 -8.29196 26
    endloop
  endfacet
  facet normal 0.737281 0.675586 0
    outer loop
      vertex -9.88197 -8.29196 0
      vertex -9.12168 -9.12168 26
      vertex -9.12168 -9.12168 0
    endloop
  endfacet
  facet normal 0.991444 0.130534 0
    outer loop
      vertex -12.704 -2.24006 26
      vertex -12.8509 -1.12431 17.3946
      vertex -12.8509 -1.12431 26
    endloop
  endfacet
  facet normal 0.991482 0.130244 -3.82859e-05
    outer loop
      vertex -12.8509 -1.12431 17.3946
      vertex -12.704 -2.24006 26
      vertex -12.8314 -1.27279 17.2728
    endloop
  endfacet
  facet normal 0.991429 0.130646 7.14246e-06
    outer loop
      vertex -12.8314 -1.27279 17.2728
      vertex -12.704 -2.24006 26
      vertex -12.8019 -1.49664 17
    endloop
  endfacet
  facet normal 0.991444 0.130536 -2.17285e-06
    outer loop
      vertex -12.8019 -1.49664 17
      vertex -12.704 -2.24006 26
      vertex -12.78 -1.66298 16.6888
    endloop
  endfacet
  facet normal 0.991428 0.130651 5.0928e-06
    outer loop
      vertex -12.78 -1.66298 16.6888
      vertex -12.704 -2.24006 26
      vertex -12.7665 -1.76541 16.3512
    endloop
  endfacet
  facet normal 0.991577 0.129522 -5.14166e-05
    outer loop
      vertex -12.7665 -1.76541 16.3512
      vertex -12.704 -2.24006 26
      vertex -12.762 -1.8 16
    endloop
  endfacet
  facet normal 0.991484 0.130232 2.34853e-05
    outer loop
      vertex -12.704 -2.24006 0
      vertex -12.8509 -1.12431 14.6054
      vertex -12.8314 -1.27279 14.7272
    endloop
  endfacet
  facet normal 0.991429 0.13065 -4.4482e-06
    outer loop
      vertex -12.704 -2.24006 0
      vertex -12.8314 -1.27279 14.7272
      vertex -12.8019 -1.49664 15
    endloop
  endfacet
  facet normal 0.991444 0.130534 1.37746e-06
    outer loop
      vertex -12.704 -2.24006 0
      vertex -12.8019 -1.49664 15
      vertex -12.78 -1.66298 15.3112
    endloop
  endfacet
  facet normal 0.991428 0.130657 -3.3176e-06
    outer loop
      vertex -12.704 -2.24006 0
      vertex -12.78 -1.66298 15.3112
      vertex -12.7665 -1.76541 15.6488
    endloop
  endfacet
  facet normal 0.991596 0.129371 3.63451e-05
    outer loop
      vertex -12.704 -2.24006 0
      vertex -12.7665 -1.76541 15.6488
      vertex -12.762 -1.8 16
    endloop
  endfacet
  facet normal 0.991426 0.13067 -0
    outer loop
      vertex -12.704 -2.24006 0
      vertex -12.762 -1.8 16
      vertex -12.704 -2.24006 26
    endloop
  endfacet
  facet normal 0.991444 0.130534 0
    outer loop
      vertex -12.8509 -1.12431 14.6054
      vertex -12.704 -2.24006 0
      vertex -12.8509 -1.12431 0
    endloop
  endfacet
  facet normal 0.886989 0.46179 0
    outer loop
      vertex -11.1717 -6.45 26
      vertex -11.6914 -5.45178 0
      vertex -11.6914 -5.45178 26
    endloop
  endfacet
  facet normal 0.886989 0.46179 0
    outer loop
      vertex -11.6914 -5.45178 0
      vertex -11.1717 -6.45 26
      vertex -11.1717 -6.45 0
    endloop
  endfacet
  facet normal -0.130534 -0.991444 0
    outer loop
      vertex 1.12431 12.8509 11.3946
      vertex 2.24006 12.704 26
      vertex 1.12431 12.8509 26
    endloop
  endfacet
  facet normal -0.130232 -0.991484 -2.34853e-05
    outer loop
      vertex 1.27279 12.8314 11.2728
      vertex 2.24006 12.704 26
      vertex 1.12431 12.8509 11.3946
    endloop
  endfacet
  facet normal -0.13065 -0.991429 4.4482e-06
    outer loop
      vertex 1.49664 12.8019 11
      vertex 2.24006 12.704 26
      vertex 1.27279 12.8314 11.2728
    endloop
  endfacet
  facet normal -0.130534 -0.991444 -1.37746e-06
    outer loop
      vertex 1.66298 12.78 10.6888
      vertex 2.24006 12.704 26
      vertex 1.49664 12.8019 11
    endloop
  endfacet
  facet normal -0.130657 -0.991428 3.3176e-06
    outer loop
      vertex 1.76541 12.7665 10.3512
      vertex 2.24006 12.704 26
      vertex 1.66298 12.78 10.6888
    endloop
  endfacet
  facet normal -0.129371 -0.991596 -3.63451e-05
    outer loop
      vertex 1.8 12.762 10
      vertex 2.24006 12.704 26
      vertex 1.76541 12.7665 10.3512
    endloop
  endfacet
  facet normal -0.130534 -0.991444 0
    outer loop
      vertex 2.24006 12.704 0
      vertex 1.12431 12.8509 8.60535
      vertex 1.12431 12.8509 0
    endloop
  endfacet
  facet normal -0.130244 -0.991482 3.82843e-05
    outer loop
      vertex 1.12431 12.8509 8.60535
      vertex 2.24006 12.704 0
      vertex 1.27279 12.8314 8.72721
    endloop
  endfacet
  facet normal -0.130646 -0.991429 -7.14258e-06
    outer loop
      vertex 1.27279 12.8314 8.72721
      vertex 2.24006 12.704 0
      vertex 1.49664 12.8019 8.99997
    endloop
  endfacet
  facet normal -0.130536 -0.991444 2.17286e-06
    outer loop
      vertex 1.49664 12.8019 8.99997
      vertex 2.24006 12.704 0
      vertex 1.66298 12.78 9.31117
    endloop
  endfacet
  facet normal -0.130651 -0.991428 -5.09263e-06
    outer loop
      vertex 1.66298 12.78 9.31117
      vertex 2.24006 12.704 0
      vertex 1.76541 12.7665 9.64884
    endloop
  endfacet
  facet normal -0.13067 -0.991426 0
    outer loop
      vertex 1.8 12.762 10
      vertex 2.24006 12.704 0
      vertex 2.24006 12.704 26
    endloop
  endfacet
  facet normal -0.129522 -0.991577 5.14185e-05
    outer loop
      vertex 1.76541 12.7665 9.64884
      vertex 2.24006 12.704 0
      vertex 1.8 12.762 10
    endloop
  endfacet
  facet normal -0.216458 -0.976292 0
    outer loop
      vertex 2.24006 12.704 0
      vertex 3.33877 12.4604 26
      vertex 2.24006 12.704 26
    endloop
  endfacet
  facet normal -0.216458 -0.976292 -0
    outer loop
      vertex 3.33877 12.4604 26
      vertex 2.24006 12.704 0
      vertex 3.33877 12.4604 0
    endloop
  endfacet
  facet normal -0.886989 0.46179 0
    outer loop
      vertex 11.1717 -6.45 0
      vertex 11.6914 -5.45178 26
      vertex 11.6914 -5.45178 0
    endloop
  endfacet
  facet normal -0.886989 0.46179 0
    outer loop
      vertex 11.6914 -5.45178 26
      vertex 11.1717 -6.45 0
      vertex 11.1717 -6.45 26
    endloop
  endfacet
  facet normal 0.953719 0.3007 0
    outer loop
      vertex -12.122 -4.41206 26
      vertex -12.4604 -3.33877 0
      vertex -12.4604 -3.33877 26
    endloop
  endfacet
  facet normal 0.953719 0.3007 0
    outer loop
      vertex -12.4604 -3.33877 0
      vertex -12.122 -4.41206 26
      vertex -12.122 -4.41206 0
    endloop
  endfacet
  facet normal -0.793334 -0.608787 0
    outer loop
      vertex 10.5671 7.39914 0
      vertex 9.88197 8.29196 11.1102
      vertex 9.88197 8.29196 0
    endloop
  endfacet
  facet normal -0.793318 -0.608807 2.58889e-06
    outer loop
      vertex 9.88197 8.29196 11.1102
      vertex 10.5671 7.39914 0
      vertex 9.96644 8.18189 11.1979
    endloop
  endfacet
  facet normal -0.793467 -0.608614 -1.88604e-05
    outer loop
      vertex 9.96644 8.18189 11.1979
      vertex 10.5671 7.39914 0
      vertex 10.0599 8.06004 11.3147
    endloop
  endfacet
  facet normal -0.793301 -0.608829 1.13405e-06
    outer loop
      vertex 10.0599 8.06004 11.3147
      vertex 10.5671 7.39914 0
      vertex 10.1468 7.94681 11.4444
    endloop
  endfacet
  facet normal -0.793386 -0.608719 -7.27178e-06
    outer loop
      vertex 10.1468 7.94681 11.4444
      vertex 10.5671 7.39914 0
      vertex 10.2264 7.84306 11.5859
    endloop
  endfacet
  facet normal -0.793138 -0.609042 1.24093e-05
    outer loop
      vertex 10.2264 7.84306 11.5859
      vertex 10.5671 7.39914 0
      vertex 10.2982 7.74956 11.7381
    endloop
  endfacet
  facet normal -0.793406 -0.608693 -4.14253e-06
    outer loop
      vertex 10.2982 7.74956 11.7381
      vertex 10.5671 7.39914 0
      vertex 10.3615 7.66705 11.9
    endloop
  endfacet
  facet normal -0.793448 -0.608638 -6.10821e-06
    outer loop
      vertex 10.3615 7.66705 11.9
      vertex 10.5671 7.39914 0
      vertex 10.4159 7.59613 12.0702
    endloop
  endfacet
  facet normal -0.793323 -0.608801 -1.89188e-06
    outer loop
      vertex 10.4159 7.59613 12.0702
      vertex 10.5671 7.39914 0
      vertex 10.461 7.53736 12.2476
    endloop
  endfacet
  facet normal -0.793628 -0.608404 -9.01226e-06
    outer loop
      vertex 10.461 7.53736 12.2476
      vertex 10.5671 7.39914 0
      vertex 10.4964 7.49118 12.4306
    endloop
  endfacet
  facet normal -0.793407 -0.608692 -5.61819e-06
    outer loop
      vertex 10.4964 7.49118 12.4306
      vertex 10.5671 7.39914 0
      vertex 10.5219 7.45794 12.618
    endloop
  endfacet
  facet normal -0.790203 -0.612846 1.55932e-05
    outer loop
      vertex 10.5373 7.43789 12.8083
      vertex 10.5671 7.39914 0
      vertex 10.5425 7.43119 13
    endloop
  endfacet
  facet normal -0.793055 -0.60915 -2.22144e-06
    outer loop
      vertex 10.5219 7.45794 12.618
      vertex 10.5671 7.39914 0
      vertex 10.5373 7.43789 12.8083
    endloop
  endfacet
  facet normal -0.793318 -0.608807 -2.58889e-06
    outer loop
      vertex 10.5671 7.39914 26
      vertex 9.88197 8.29196 14.8898
      vertex 9.96644 8.18189 14.8021
    endloop
  endfacet
  facet normal -0.793467 -0.608614 1.88604e-05
    outer loop
      vertex 10.5671 7.39914 26
      vertex 9.96644 8.18189 14.8021
      vertex 10.0599 8.06004 14.6853
    endloop
  endfacet
  facet normal -0.793301 -0.608829 -1.13405e-06
    outer loop
      vertex 10.5671 7.39914 26
      vertex 10.0599 8.06004 14.6853
      vertex 10.1468 7.94681 14.5556
    endloop
  endfacet
  facet normal -0.793386 -0.608719 7.27178e-06
    outer loop
      vertex 10.5671 7.39914 26
      vertex 10.1468 7.94681 14.5556
      vertex 10.2264 7.84306 14.4141
    endloop
  endfacet
  facet normal -0.793138 -0.609042 -1.24093e-05
    outer loop
      vertex 10.5671 7.39914 26
      vertex 10.2264 7.84306 14.4141
      vertex 10.2982 7.74956 14.2619
    endloop
  endfacet
  facet normal -0.793406 -0.608693 4.14253e-06
    outer loop
      vertex 10.5671 7.39914 26
      vertex 10.2982 7.74956 14.2619
      vertex 10.3615 7.66705 14.1
    endloop
  endfacet
  facet normal -0.793448 -0.608638 6.10821e-06
    outer loop
      vertex 10.5671 7.39914 26
      vertex 10.3615 7.66705 14.1
      vertex 10.4159 7.59613 13.9298
    endloop
  endfacet
  facet normal -0.793323 -0.608801 1.89188e-06
    outer loop
      vertex 10.5671 7.39914 26
      vertex 10.4159 7.59613 13.9298
      vertex 10.461 7.53736 13.7524
    endloop
  endfacet
  facet normal -0.793628 -0.608404 9.01226e-06
    outer loop
      vertex 10.5671 7.39914 26
      vertex 10.461 7.53736 13.7524
      vertex 10.4964 7.49118 13.5694
    endloop
  endfacet
  facet normal -0.793407 -0.608692 5.61819e-06
    outer loop
      vertex 10.5671 7.39914 26
      vertex 10.4964 7.49118 13.5694
      vertex 10.5219 7.45794 13.382
    endloop
  endfacet
  facet normal -0.793055 -0.60915 2.22144e-06
    outer loop
      vertex 10.5671 7.39914 26
      vertex 10.5219 7.45794 13.382
      vertex 10.5373 7.43789 13.1917
    endloop
  endfacet
  facet normal -0.793334 -0.608787 0
    outer loop
      vertex 9.88197 8.29196 14.8898
      vertex 10.5671 7.39914 26
      vertex 9.88197 8.29196 26
    endloop
  endfacet
  facet normal -0.790203 -0.612846 -1.55932e-05
    outer loop
      vertex 10.5425 7.43119 13
      vertex 10.5671 7.39914 26
      vertex 10.5373 7.43789 13.1917
    endloop
  endfacet
  facet normal -0.793268 -0.608873 -0
    outer loop
      vertex 10.5671 7.39914 26
      vertex 10.5425 7.43119 13
      vertex 10.5671 7.39914 0
    endloop
  endfacet
  facet normal 0.737281 -0.675586 0
    outer loop
      vertex -9.88197 8.29196 26
      vertex -9.12168 9.12168 0
      vertex -9.12168 9.12168 26
    endloop
  endfacet
  facet normal 0.737281 -0.675586 0
    outer loop
      vertex -9.12168 9.12168 0
      vertex -9.88197 8.29196 26
      vertex -9.88197 8.29196 0
    endloop
  endfacet
  facet normal 0.382633 0.9239 -0
    outer loop
      vertex -4.41206 -12.122 0
      vertex -5.45178 -11.6914 26
      vertex -4.41206 -12.122 26
    endloop
  endfacet
  facet normal 0.382633 0.9239 0
    outer loop
      vertex -5.45178 -11.6914 26
      vertex -4.41206 -12.122 0
      vertex -5.45178 -11.6914 0
    endloop
  endfacet
  facet normal 0.130534 0.991444 -0
    outer loop
      vertex -1.12431 -12.8509 11.3946
      vertex -2.24006 -12.704 26
      vertex -1.12431 -12.8509 26
    endloop
  endfacet
  facet normal 0.130232 0.991484 -2.34853e-05
    outer loop
      vertex -1.27279 -12.8314 11.2728
      vertex -2.24006 -12.704 26
      vertex -1.12431 -12.8509 11.3946
    endloop
  endfacet
  facet normal 0.13065 0.991429 4.4482e-06
    outer loop
      vertex -1.49664 -12.8019 11
      vertex -2.24006 -12.704 26
      vertex -1.27279 -12.8314 11.2728
    endloop
  endfacet
  facet normal 0.130534 0.991444 -1.37746e-06
    outer loop
      vertex -1.66298 -12.78 10.6888
      vertex -2.24006 -12.704 26
      vertex -1.49664 -12.8019 11
    endloop
  endfacet
  facet normal 0.130657 0.991428 3.3176e-06
    outer loop
      vertex -1.76541 -12.7665 10.3512
      vertex -2.24006 -12.704 26
      vertex -1.66298 -12.78 10.6888
    endloop
  endfacet
  facet normal 0.129371 0.991596 -3.63451e-05
    outer loop
      vertex -1.8 -12.762 10
      vertex -2.24006 -12.704 26
      vertex -1.76541 -12.7665 10.3512
    endloop
  endfacet
  facet normal 0.130534 0.991444 0
    outer loop
      vertex -2.24006 -12.704 0
      vertex -1.12431 -12.8509 8.60535
      vertex -1.12431 -12.8509 0
    endloop
  endfacet
  facet normal 0.130244 0.991482 3.82843e-05
    outer loop
      vertex -1.12431 -12.8509 8.60535
      vertex -2.24006 -12.704 0
      vertex -1.27279 -12.8314 8.72721
    endloop
  endfacet
  facet normal 0.130646 0.991429 -7.14258e-06
    outer loop
      vertex -1.27279 -12.8314 8.72721
      vertex -2.24006 -12.704 0
      vertex -1.49664 -12.8019 8.99997
    endloop
  endfacet
  facet normal 0.130536 0.991444 2.17286e-06
    outer loop
      vertex -1.49664 -12.8019 8.99997
      vertex -2.24006 -12.704 0
      vertex -1.66298 -12.78 9.31117
    endloop
  endfacet
  facet normal 0.130651 0.991428 -5.09263e-06
    outer loop
      vertex -1.66298 -12.78 9.31117
      vertex -2.24006 -12.704 0
      vertex -1.76541 -12.7665 9.64884
    endloop
  endfacet
  facet normal 0.13067 0.991426 0
    outer loop
      vertex -1.8 -12.762 10
      vertex -2.24006 -12.704 0
      vertex -2.24006 -12.704 26
    endloop
  endfacet
  facet normal 0.129522 0.991577 5.14185e-05
    outer loop
      vertex -1.76541 -12.7665 9.64884
      vertex -2.24006 -12.704 0
      vertex -1.8 -12.762 10
    endloop
  endfacet
  facet normal 0.843419 -0.537256 0
    outer loop
      vertex -11.1717 6.45 26
      vertex -10.5671 7.39914 0
      vertex -10.5671 7.39914 26
    endloop
  endfacet
  facet normal 0.843419 -0.537256 0
    outer loop
      vertex -10.5671 7.39914 0
      vertex -11.1717 6.45 26
      vertex -11.1717 6.45 0
    endloop
  endfacet
  facet normal 0.999057 -0.0434093 0
    outer loop
      vertex -12.8509 1.12431 26
      vertex -12.8563 1.00003 17.4966
      vertex -12.8509 1.12431 17.3946
    endloop
  endfacet
  facet normal 0.999047 -0.043658 3.64212e-06
    outer loop
      vertex -12.8509 1.12431 26
      vertex -12.8699 0.688829 17.663
      vertex -12.8563 1.00003 17.4966
    endloop
  endfacet
  facet normal 0.999041 -0.043785 1.02869e-05
    outer loop
      vertex -12.8509 1.12431 26
      vertex -12.8847 0.351162 17.7654
      vertex -12.8699 0.688829 17.663
    endloop
  endfacet
  facet normal 0.999048 -0.0436296 -4.32836e-06
    outer loop
      vertex -12.9 0 26
      vertex -12.8847 0.351162 17.7654
      vertex -12.8509 1.12431 26
    endloop
  endfacet
  facet normal 0.999052 -0.0435283 0
    outer loop
      vertex -12.8847 0.351162 17.7654
      vertex -12.9 0 26
      vertex -12.9 0 17.8
    endloop
  endfacet
  facet normal 0.999057 -0.0434093 0
    outer loop
      vertex -12.8563 1.00003 14.5034
      vertex -12.8509 1.12431 0
      vertex -12.8509 1.12431 14.6054
    endloop
  endfacet
  facet normal 0.999046 -0.0436588 -2.14226e-06
    outer loop
      vertex -12.8699 0.688829 14.337
      vertex -12.8509 1.12431 0
      vertex -12.8563 1.00003 14.5034
    endloop
  endfacet
  facet normal 0.999041 -0.0437863 -6.02112e-06
    outer loop
      vertex -12.8847 0.351162 14.2346
      vertex -12.8509 1.12431 0
      vertex -12.8699 0.688829 14.337
    endloop
  endfacet
  facet normal 0.999052 -0.0435291 7.97413e-06
    outer loop
      vertex -12.9 0 14.2
      vertex -12.8509 1.12431 0
      vertex -12.8847 0.351162 14.2346
    endloop
  endfacet
  facet normal 0.999048 -0.0436296 0
    outer loop
      vertex -12.8509 1.12431 0
      vertex -12.9 0 14.2
      vertex -12.9 0 0
    endloop
  endfacet
  facet normal -0.3007 0.953719 0
    outer loop
      vertex 4.41206 -12.122 0
      vertex 3.33877 -12.4604 26
      vertex 4.41206 -12.122 26
    endloop
  endfacet
  facet normal -0.3007 0.953719 0
    outer loop
      vertex 3.33877 -12.4604 26
      vertex 4.41206 -12.122 0
      vertex 3.33877 -12.4604 0
    endloop
  endfacet
  facet normal 0.9239 -0.382633 0
    outer loop
      vertex -12.122 4.41206 26
      vertex -11.6914 5.45178 0
      vertex -11.6914 5.45178 26
    endloop
  endfacet
  facet normal 0.9239 -0.382633 0
    outer loop
      vertex -11.6914 5.45178 0
      vertex -12.122 4.41206 26
      vertex -12.122 4.41206 0
    endloop
  endfacet
  facet normal 0.608787 0.793334 -0
    outer loop
      vertex -7.39914 -10.5671 0
      vertex -8.29196 -9.88197 26
      vertex -7.39914 -10.5671 26
    endloop
  endfacet
  facet normal 0.608787 0.793334 0
    outer loop
      vertex -8.29196 -9.88197 26
      vertex -7.39914 -10.5671 0
      vertex -8.29196 -9.88197 0
    endloop
  endfacet
  facet normal -0.843419 0.537256 0
    outer loop
      vertex 10.5671 -7.39914 0
      vertex 11.1717 -6.45 26
      vertex 11.1717 -6.45 0
    endloop
  endfacet
  facet normal -0.843419 0.537256 0
    outer loop
      vertex 11.1717 -6.45 26
      vertex 10.5671 -7.39914 0
      vertex 10.5671 -7.39914 26
    endloop
  endfacet
  facet normal -0.675586 0.737281 0
    outer loop
      vertex 9.12168 -9.12168 0
      vertex 8.29196 -9.88197 26
      vertex 9.12168 -9.12168 26
    endloop
  endfacet
  facet normal -0.675586 0.737281 0
    outer loop
      vertex 8.29196 -9.88197 26
      vertex 9.12168 -9.12168 0
      vertex 8.29196 -9.88197 0
    endloop
  endfacet
  facet normal -0.382633 -0.9239 0
    outer loop
      vertex 4.41206 12.122 0
      vertex 5.45178 11.6914 26
      vertex 4.41206 12.122 26
    endloop
  endfacet
  facet normal -0.382633 -0.9239 -0
    outer loop
      vertex 5.45178 11.6914 26
      vertex 4.41206 12.122 0
      vertex 5.45178 11.6914 0
    endloop
  endfacet
  facet normal 0 -0.471528 0.881851
    outer loop
      vertex -19.8563 1.00003 14.5034
      vertex -12.8699 0.688829 14.337
      vertex -12.8563 1.00003 14.5034
    endloop
  endfacet
  facet normal 0 -0.471528 0.881851
    outer loop
      vertex -12.8699 0.688829 14.337
      vertex -19.8563 1.00003 14.5034
      vertex -19.8699 0.688829 14.337
    endloop
  endfacet
  facet normal 0 -0.471528 0.881851
    outer loop
      vertex 19.8563 1.00003 14.5034
      vertex 12.8699 0.688829 14.337
      vertex 19.8699 0.688829 14.337
    endloop
  endfacet
  facet normal 0 -0.471528 0.881851
    outer loop
      vertex 12.8699 0.688829 14.337
      vertex 19.8563 1.00003 14.5034
      vertex 12.8563 1.00003 14.5034
    endloop
  endfacet
  facet normal 0 0.0980552 0.995181
    outer loop
      vertex -12.9 0 14.2
      vertex -19.8847 -0.351162 14.2346
      vertex -12.8847 -0.351162 14.2346
    endloop
  endfacet
  facet normal 0 0.0980552 0.995181
    outer loop
      vertex -19.8847 -0.351162 14.2346
      vertex -12.9 0 14.2
      vertex -19.9 0 14.2
    endloop
  endfacet
  facet normal -0 0.0980552 0.995181
    outer loop
      vertex 12.9 0 14.2
      vertex 19.8847 -0.351162 14.2346
      vertex 19.9 0 14.2
    endloop
  endfacet
  facet normal 0 0.0980552 0.995181
    outer loop
      vertex 19.8847 -0.351162 14.2346
      vertex 12.9 0 14.2
      vertex 12.8847 -0.351162 14.2346
    endloop
  endfacet
  facet normal 8.36268e-07 -0.95692 0.290353
    outer loop
      vertex -12.78 1.66298 15.3112
      vertex -19.8202 1.76541 15.6488
      vertex -19.8243 1.7344 15.5466
    endloop
  endfacet
  facet normal 0 -0.956927 0.29033
    outer loop
      vertex -12.78 1.66298 15.3112
      vertex -19.8243 1.7344 15.5466
      vertex -19.8274 1.66298 15.3112
    endloop
  endfacet
  facet normal 0 -0.956924 0.290337
    outer loop
      vertex -19.8202 1.76541 15.6488
      vertex -12.78 1.66298 15.3112
      vertex -12.7665 1.76541 15.6488
    endloop
  endfacet
  facet normal 0 -0.956924 0.290337
    outer loop
      vertex 12.78 1.66298 15.3112
      vertex 19.8202 1.76541 15.6488
      vertex 12.7665 1.76541 15.6488
    endloop
  endfacet
  facet normal -8.36268e-07 -0.95692 0.290353
    outer loop
      vertex 19.8202 1.76541 15.6488
      vertex 12.78 1.66298 15.3112
      vertex 19.8243 1.7344 15.5466
    endloop
  endfacet
  facet normal 0 -0.956927 0.29033
    outer loop
      vertex 19.8243 1.7344 15.5466
      vertex 12.78 1.66298 15.3112
      vertex 19.8274 1.66298 15.3112
    endloop
  endfacet
  facet normal 0 -0.0980552 0.995181
    outer loop
      vertex -19.8847 0.351162 14.2346
      vertex -12.9 0 14.2
      vertex -12.8847 0.351162 14.2346
    endloop
  endfacet
  facet normal 0 -0.0980552 0.995181
    outer loop
      vertex -12.9 0 14.2
      vertex -19.8847 0.351162 14.2346
      vertex -19.9 0 14.2
    endloop
  endfacet
  facet normal 0 -0.0980552 0.995181
    outer loop
      vertex 19.8847 0.351162 14.2346
      vertex 12.9 0 14.2
      vertex 19.9 0 14.2
    endloop
  endfacet
  facet normal 0 -0.0980552 0.995181
    outer loop
      vertex 12.9 0 14.2
      vertex 19.8847 0.351162 14.2346
      vertex 12.8847 0.351162 14.2346
    endloop
  endfacet
  facet normal 0 0.773054 0.63434
    outer loop
      vertex -12.8314 -1.27279 14.7272
      vertex -19.8347 -1.49664 15
      vertex -12.8019 -1.49664 15
    endloop
  endfacet
  facet normal 0 0.773054 0.63434
    outer loop
      vertex -19.8347 -1.49664 15
      vertex -12.8314 -1.27279 14.7272
      vertex -19.8444 -1.27279 14.7272
    endloop
  endfacet
  facet normal -0 0.773054 0.63434
    outer loop
      vertex 12.8314 -1.27279 14.7272
      vertex 19.8347 -1.49664 15
      vertex 19.8444 -1.27279 14.7272
    endloop
  endfacet
  facet normal 0 0.773054 0.63434
    outer loop
      vertex 19.8347 -1.49664 15
      vertex 12.8314 -1.27279 14.7272
      vertex 12.8019 -1.49664 15
    endloop
  endfacet
  facet normal 0 -0.634224 0.773149
    outer loop
      vertex -19.8444 1.27279 14.7272
      vertex -12.8509 1.12431 14.6054
      vertex -12.8314 1.27279 14.7272
    endloop
  endfacet
  facet normal -6.80269e-06 -0.634416 0.772992
    outer loop
      vertex -19.8444 1.27279 14.7272
      vertex -12.8563 1.00003 14.5034
      vertex -12.8509 1.12431 14.6054
    endloop
  endfacet
  facet normal 0 -0.634311 0.773078
    outer loop
      vertex -12.8563 1.00003 14.5034
      vertex -19.8444 1.27279 14.7272
      vertex -19.8563 1.00003 14.5034
    endloop
  endfacet
  facet normal 0 -0.634311 0.773078
    outer loop
      vertex 19.8444 1.27279 14.7272
      vertex 12.8563 1.00003 14.5034
      vertex 19.8563 1.00003 14.5034
    endloop
  endfacet
  facet normal 6.80269e-06 -0.634416 0.772992
    outer loop
      vertex 19.8444 1.27279 14.7272
      vertex 12.8509 1.12431 14.6054
      vertex 12.8563 1.00003 14.5034
    endloop
  endfacet
  facet normal 0 -0.634224 0.773149
    outer loop
      vertex 12.8509 1.12431 14.6054
      vertex 19.8444 1.27279 14.7272
      vertex 12.8314 1.27279 14.7272
    endloop
  endfacet
  facet normal 0 0.881921 -0.471397
    outer loop
      vertex -19.8274 -1.66298 16.6888
      vertex -12.8019 -1.49664 17
      vertex -12.78 -1.66298 16.6888
    endloop
  endfacet
  facet normal 0 0.881921 -0.471397
    outer loop
      vertex -12.8019 -1.49664 17
      vertex -19.8274 -1.66298 16.6888
      vertex -19.8347 -1.49664 17
    endloop
  endfacet
  facet normal 0 0.881921 -0.471397
    outer loop
      vertex 19.8274 -1.66298 16.6888
      vertex 12.8019 -1.49664 17
      vertex 19.8347 -1.49664 17
    endloop
  endfacet
  facet normal 0 0.881921 -0.471397
    outer loop
      vertex 12.8019 -1.49664 17
      vertex 19.8274 -1.66298 16.6888
      vertex 12.78 -1.66298 16.6888
    endloop
  endfacet
  facet normal 0 0.290206 0.956964
    outer loop
      vertex -12.8847 -0.351162 14.2346
      vertex -19.8699 -0.688829 14.337
      vertex -12.8699 -0.688829 14.337
    endloop
  endfacet
  facet normal 0 0.290206 0.956964
    outer loop
      vertex -19.8699 -0.688829 14.337
      vertex -12.8847 -0.351162 14.2346
      vertex -19.8847 -0.351162 14.2346
    endloop
  endfacet
  facet normal -0 0.290206 0.956964
    outer loop
      vertex 12.8847 -0.351162 14.2346
      vertex 19.8699 -0.688829 14.337
      vertex 19.8847 -0.351162 14.2346
    endloop
  endfacet
  facet normal 0 0.290206 0.956964
    outer loop
      vertex 19.8699 -0.688829 14.337
      vertex 12.8847 -0.351162 14.2346
      vertex 12.8699 -0.688829 14.337
    endloop
  endfacet
  facet normal 0 0.634416 -0.772992
    outer loop
      vertex -12.8509 -1.12431 17.3946
      vertex -15.6017 -1.00003 17.4966
      vertex -12.8563 -1.00003 17.4966
    endloop
  endfacet
  facet normal -1.45789e-05 0.634223 -0.77315
    outer loop
      vertex -12.8314 -1.27279 17.2728
      vertex -15.6017 -1.00003 17.4966
      vertex -12.8509 -1.12431 17.3946
    endloop
  endfacet
  facet normal -9.57657e-06 0.634253 -0.773125
    outer loop
      vertex -12.8314 -1.27279 17.2728
      vertex -15.9025 -1.20104 17.3317
      vertex -15.6017 -1.00003 17.4966
    endloop
  endfacet
  facet normal 0 0.634498 -0.772924
    outer loop
      vertex -15.9025 -1.20104 17.3317
      vertex -12.8314 -1.27279 17.2728
      vertex -16.2632 -1.27279 17.2728
    endloop
  endfacet
  facet normal 9.57657e-06 0.634253 -0.773125
    outer loop
      vertex 12.8314 -1.27279 17.2728
      vertex 15.6017 -1.00003 17.4966
      vertex 15.9025 -1.20104 17.3317
    endloop
  endfacet
  facet normal 0 0.634498 -0.772924
    outer loop
      vertex 12.8314 -1.27279 17.2728
      vertex 15.9025 -1.20104 17.3317
      vertex 16.2632 -1.27279 17.2728
    endloop
  endfacet
  facet normal 0 0.634416 -0.772992
    outer loop
      vertex 15.6017 -1.00003 17.4966
      vertex 12.8509 -1.12431 17.3946
      vertex 12.8563 -1.00003 17.4966
    endloop
  endfacet
  facet normal 1.45789e-05 0.634223 -0.77315
    outer loop
      vertex 15.6017 -1.00003 17.4966
      vertex 12.8314 -1.27279 17.2728
      vertex 12.8509 -1.12431 17.3946
    endloop
  endfacet
  facet normal 0 0.634498 -0.772924
    outer loop
      vertex -19.8444 -1.27279 17.2728
      vertex -16.8975 -1.20104 17.3317
      vertex -16.5368 -1.27279 17.2728
    endloop
  endfacet
  facet normal 9.966e-06 0.634254 -0.773125
    outer loop
      vertex -19.8444 -1.27279 17.2728
      vertex -17.1983 -1.00003 17.4966
      vertex -16.8975 -1.20104 17.3317
    endloop
  endfacet
  facet normal 0 0.634311 -0.773078
    outer loop
      vertex -17.1983 -1.00003 17.4966
      vertex -19.8444 -1.27279 17.2728
      vertex -19.8563 -1.00003 17.4966
    endloop
  endfacet
  facet normal 0 0.634311 -0.773078
    outer loop
      vertex 19.8444 -1.27279 17.2728
      vertex 17.1983 -1.00003 17.4966
      vertex 19.8563 -1.00003 17.4966
    endloop
  endfacet
  facet normal -9.966e-06 0.634254 -0.773125
    outer loop
      vertex 19.8444 -1.27279 17.2728
      vertex 16.8975 -1.20104 17.3317
      vertex 17.1983 -1.00003 17.4966
    endloop
  endfacet
  facet normal 0 0.634498 -0.772924
    outer loop
      vertex 16.8975 -1.20104 17.3317
      vertex 19.8444 -1.27279 17.2728
      vertex 16.5368 -1.27279 17.2728
    endloop
  endfacet
  facet normal 0 -0.773054 -0.63434
    outer loop
      vertex -19.8347 1.49664 17
      vertex -16.5368 1.27279 17.2728
      vertex -19.8444 1.27279 17.2728
    endloop
  endfacet
  facet normal -4.70502e-05 -0.773333 -0.634001
    outer loop
      vertex -16.5368 1.27279 17.2728
      vertex -19.8347 1.49664 17
      vertex -16.4 1.3 17.2396
    endloop
  endfacet
  facet normal 4.53738e-05 -0.773336 -0.633996
    outer loop
      vertex -12.8019 1.49664 17
      vertex -16.2632 1.27279 17.2728
      vertex -16.4 1.3 17.2396
    endloop
  endfacet
  facet normal -0 -0.773002 -0.634404
    outer loop
      vertex -12.8019 1.49664 17
      vertex -16.4 1.3 17.2396
      vertex -19.8347 1.49664 17
    endloop
  endfacet
  facet normal 0 -0.773054 -0.63434
    outer loop
      vertex -16.2632 1.27279 17.2728
      vertex -12.8019 1.49664 17
      vertex -12.8314 1.27279 17.2728
    endloop
  endfacet
  facet normal 0 -0.773054 -0.63434
    outer loop
      vertex 12.8019 1.49664 17
      vertex 16.2632 1.27279 17.2728
      vertex 12.8314 1.27279 17.2728
    endloop
  endfacet
  facet normal -4.53738e-05 -0.773336 -0.633996
    outer loop
      vertex 16.2632 1.27279 17.2728
      vertex 12.8019 1.49664 17
      vertex 16.4 1.3 17.2396
    endloop
  endfacet
  facet normal 4.70502e-05 -0.773333 -0.634001
    outer loop
      vertex 19.8347 1.49664 17
      vertex 16.5368 1.27279 17.2728
      vertex 16.4 1.3 17.2396
    endloop
  endfacet
  facet normal -0 -0.773002 -0.634404
    outer loop
      vertex 19.8347 1.49664 17
      vertex 16.4 1.3 17.2396
      vertex 12.8019 1.49664 17
    endloop
  endfacet
  facet normal 0 -0.773054 -0.63434
    outer loop
      vertex 16.5368 1.27279 17.2728
      vertex 19.8347 1.49664 17
      vertex 19.8444 1.27279 17.2728
    endloop
  endfacet
  facet normal 0 -0.881921 -0.471397
    outer loop
      vertex -19.8274 1.66298 16.6888
      vertex -12.8019 1.49664 17
      vertex -19.8347 1.49664 17
    endloop
  endfacet
  facet normal 0 -0.881921 -0.471397
    outer loop
      vertex -12.8019 1.49664 17
      vertex -19.8274 1.66298 16.6888
      vertex -12.78 1.66298 16.6888
    endloop
  endfacet
  facet normal -0 -0.881921 -0.471397
    outer loop
      vertex 19.8274 1.66298 16.6888
      vertex 12.8019 1.49664 17
      vertex 12.78 1.66298 16.6888
    endloop
  endfacet
  facet normal 0 -0.881921 -0.471397
    outer loop
      vertex 12.8019 1.49664 17
      vertex 19.8274 1.66298 16.6888
      vertex 19.8347 1.49664 17
    endloop
  endfacet
  facet normal 0 0.881921 0.471397
    outer loop
      vertex -12.8019 -1.49664 15
      vertex -19.8274 -1.66298 15.3112
      vertex -12.78 -1.66298 15.3112
    endloop
  endfacet
  facet normal 0 0.881921 0.471397
    outer loop
      vertex -19.8274 -1.66298 15.3112
      vertex -12.8019 -1.49664 15
      vertex -19.8347 -1.49664 15
    endloop
  endfacet
  facet normal -0 0.881921 0.471397
    outer loop
      vertex 12.8019 -1.49664 15
      vertex 19.8274 -1.66298 15.3112
      vertex 19.8347 -1.49664 15
    endloop
  endfacet
  facet normal 0 0.881921 0.471397
    outer loop
      vertex 19.8274 -1.66298 15.3112
      vertex 12.8019 -1.49664 15
      vertex 12.78 -1.66298 15.3112
    endloop
  endfacet
  facet normal 0 -0.995185 0.0980166
    outer loop
      vertex -12.7665 1.76541 15.6488
      vertex -19.8156 1.8 16
      vertex -19.8202 1.76541 15.6488
    endloop
  endfacet
  facet normal 0 -0.995185 0.0980166
    outer loop
      vertex -19.8156 1.8 16
      vertex -12.7665 1.76541 15.6488
      vertex -12.762 1.8 16
    endloop
  endfacet
  facet normal 0 -0.995185 0.0980166
    outer loop
      vertex 12.7665 1.76541 15.6488
      vertex 19.8156 1.8 16
      vertex 12.762 1.8 16
    endloop
  endfacet
  facet normal 0 -0.995185 0.0980166
    outer loop
      vertex 19.8156 1.8 16
      vertex 12.7665 1.76541 15.6488
      vertex 19.8202 1.76541 15.6488
    endloop
  endfacet
  facet normal 0 -0.634416 -0.772992
    outer loop
      vertex -15.6017 1.00003 17.4966
      vertex -12.8509 1.12431 17.3946
      vertex -12.8563 1.00003 17.4966
    endloop
  endfacet
  facet normal -1.45789e-05 -0.634223 -0.77315
    outer loop
      vertex -15.6017 1.00003 17.4966
      vertex -12.8314 1.27279 17.2728
      vertex -12.8509 1.12431 17.3946
    endloop
  endfacet
  facet normal -9.57657e-06 -0.634253 -0.773125
    outer loop
      vertex -15.9025 1.20104 17.3317
      vertex -12.8314 1.27279 17.2728
      vertex -15.6017 1.00003 17.4966
    endloop
  endfacet
  facet normal -0 -0.634498 -0.772924
    outer loop
      vertex -12.8314 1.27279 17.2728
      vertex -15.9025 1.20104 17.3317
      vertex -16.2632 1.27279 17.2728
    endloop
  endfacet
  facet normal 0 -0.634416 -0.772992
    outer loop
      vertex 12.8509 1.12431 17.3946
      vertex 15.6017 1.00003 17.4966
      vertex 12.8563 1.00003 17.4966
    endloop
  endfacet
  facet normal 1.45789e-05 -0.634223 -0.77315
    outer loop
      vertex 12.8314 1.27279 17.2728
      vertex 15.6017 1.00003 17.4966
      vertex 12.8509 1.12431 17.3946
    endloop
  endfacet
  facet normal 9.57657e-06 -0.634253 -0.773125
    outer loop
      vertex 15.6017 1.00003 17.4966
      vertex 12.8314 1.27279 17.2728
      vertex 15.9025 1.20104 17.3317
    endloop
  endfacet
  facet normal 0 -0.634498 -0.772924
    outer loop
      vertex 15.9025 1.20104 17.3317
      vertex 12.8314 1.27279 17.2728
      vertex 16.2632 1.27279 17.2728
    endloop
  endfacet
  facet normal 0 -0.634498 -0.772924
    outer loop
      vertex -16.8975 1.20104 17.3317
      vertex -19.8444 1.27279 17.2728
      vertex -16.5368 1.27279 17.2728
    endloop
  endfacet
  facet normal 9.966e-06 -0.634254 -0.773125
    outer loop
      vertex -17.1983 1.00003 17.4966
      vertex -19.8444 1.27279 17.2728
      vertex -16.8975 1.20104 17.3317
    endloop
  endfacet
  facet normal 0 -0.634311 -0.773078
    outer loop
      vertex -19.8444 1.27279 17.2728
      vertex -17.1983 1.00003 17.4966
      vertex -19.8563 1.00003 17.4966
    endloop
  endfacet
  facet normal 0 -0.634311 -0.773078
    outer loop
      vertex 17.1983 1.00003 17.4966
      vertex 19.8444 1.27279 17.2728
      vertex 19.8563 1.00003 17.4966
    endloop
  endfacet
  facet normal -9.966e-06 -0.634254 -0.773125
    outer loop
      vertex 16.8975 1.20104 17.3317
      vertex 19.8444 1.27279 17.2728
      vertex 17.1983 1.00003 17.4966
    endloop
  endfacet
  facet normal -0 -0.634498 -0.772924
    outer loop
      vertex 19.8444 1.27279 17.2728
      vertex 16.8975 1.20104 17.3317
      vertex 16.5368 1.27279 17.2728
    endloop
  endfacet
  facet normal 0 -0.956927 -0.29033
    outer loop
      vertex -19.8243 1.7344 16.4534
      vertex -12.78 1.66298 16.6888
      vertex -19.8274 1.66298 16.6888
    endloop
  endfacet
  facet normal 8.36268e-07 -0.95692 -0.290353
    outer loop
      vertex -19.8202 1.76541 16.3512
      vertex -12.78 1.66298 16.6888
      vertex -19.8243 1.7344 16.4534
    endloop
  endfacet
  facet normal 0 -0.956924 -0.290337
    outer loop
      vertex -12.78 1.66298 16.6888
      vertex -19.8202 1.76541 16.3512
      vertex -12.7665 1.76541 16.3512
    endloop
  endfacet
  facet normal 0 -0.956927 -0.29033
    outer loop
      vertex 12.78 1.66298 16.6888
      vertex 19.8243 1.7344 16.4534
      vertex 19.8274 1.66298 16.6888
    endloop
  endfacet
  facet normal -0 -0.956924 -0.290337
    outer loop
      vertex 19.8202 1.76541 16.3512
      vertex 12.78 1.66298 16.6888
      vertex 12.7665 1.76541 16.3512
    endloop
  endfacet
  facet normal -8.36268e-07 -0.95692 -0.290353
    outer loop
      vertex 12.78 1.66298 16.6888
      vertex 19.8202 1.76541 16.3512
      vertex 19.8243 1.7344 16.4534
    endloop
  endfacet
  facet normal 0 0.471531 -0.88185
    outer loop
      vertex -19.8563 -1.00003 17.4966
      vertex -17.3192 -0.919238 17.5398
      vertex -17.1983 -1.00003 17.4966
    endloop
  endfacet
  facet normal 1.39439e-07 0.471527 -0.881851
    outer loop
      vertex -19.8563 -1.00003 17.4966
      vertex -17.4732 -0.688829 17.663
      vertex -17.3192 -0.919238 17.5398
    endloop
  endfacet
  facet normal 0 0.471528 -0.881851
    outer loop
      vertex -17.4732 -0.688829 17.663
      vertex -19.8563 -1.00003 17.4966
      vertex -19.8699 -0.688829 17.663
    endloop
  endfacet
  facet normal 0 0.471528 -0.881851
    outer loop
      vertex -12.8563 -1.00003 17.4966
      vertex -15.3268 -0.688829 17.663
      vertex -12.8699 -0.688829 17.663
    endloop
  endfacet
  facet normal -1.34889e-07 0.471527 -0.881851
    outer loop
      vertex -12.8563 -1.00003 17.4966
      vertex -15.4808 -0.919238 17.5398
      vertex -15.3268 -0.688829 17.663
    endloop
  endfacet
  facet normal 0 0.471531 -0.88185
    outer loop
      vertex -15.4808 -0.919238 17.5398
      vertex -12.8563 -1.00003 17.4966
      vertex -15.6017 -1.00003 17.4966
    endloop
  endfacet
  facet normal 1.34889e-07 0.471527 -0.881851
    outer loop
      vertex 12.8563 -1.00003 17.4966
      vertex 15.3268 -0.688829 17.663
      vertex 15.4808 -0.919238 17.5398
    endloop
  endfacet
  facet normal 0 0.471531 -0.88185
    outer loop
      vertex 12.8563 -1.00003 17.4966
      vertex 15.4808 -0.919238 17.5398
      vertex 15.6017 -1.00003 17.4966
    endloop
  endfacet
  facet normal 0 0.471528 -0.881851
    outer loop
      vertex 15.3268 -0.688829 17.663
      vertex 12.8563 -1.00003 17.4966
      vertex 12.8699 -0.688829 17.663
    endloop
  endfacet
  facet normal 0 0.471528 -0.881851
    outer loop
      vertex 19.8563 -1.00003 17.4966
      vertex 17.4732 -0.688829 17.663
      vertex 19.8699 -0.688829 17.663
    endloop
  endfacet
  facet normal -1.39439e-07 0.471527 -0.881851
    outer loop
      vertex 19.8563 -1.00003 17.4966
      vertex 17.3192 -0.919238 17.5398
      vertex 17.4732 -0.688829 17.663
    endloop
  endfacet
  facet normal 0 0.471531 -0.88185
    outer loop
      vertex 17.3192 -0.919238 17.5398
      vertex 19.8563 -1.00003 17.4966
      vertex 17.1983 -1.00003 17.4966
    endloop
  endfacet
  facet normal 0 -0.290206 0.956964
    outer loop
      vertex -19.8699 0.688829 14.337
      vertex -12.8847 0.351162 14.2346
      vertex -12.8699 0.688829 14.337
    endloop
  endfacet
  facet normal 0 -0.290206 0.956964
    outer loop
      vertex -12.8847 0.351162 14.2346
      vertex -19.8699 0.688829 14.337
      vertex -19.8847 0.351162 14.2346
    endloop
  endfacet
  facet normal 0 -0.290206 0.956964
    outer loop
      vertex 19.8699 0.688829 14.337
      vertex 12.8847 0.351162 14.2346
      vertex 19.8847 0.351162 14.2346
    endloop
  endfacet
  facet normal 0 -0.290206 0.956964
    outer loop
      vertex 12.8847 0.351162 14.2346
      vertex 19.8699 0.688829 14.337
      vertex 12.8699 0.688829 14.337
    endloop
  endfacet
  facet normal 0 0.773054 -0.63434
    outer loop
      vertex -12.8019 -1.49664 17
      vertex -16.2632 -1.27279 17.2728
      vertex -12.8314 -1.27279 17.2728
    endloop
  endfacet
  facet normal 4.53738e-05 0.773336 -0.633996
    outer loop
      vertex -16.2632 -1.27279 17.2728
      vertex -12.8019 -1.49664 17
      vertex -16.4 -1.3 17.2396
    endloop
  endfacet
  facet normal -4.70502e-05 0.773333 -0.634001
    outer loop
      vertex -19.8347 -1.49664 17
      vertex -16.5368 -1.27279 17.2728
      vertex -16.4 -1.3 17.2396
    endloop
  endfacet
  facet normal 0 0.773002 -0.634404
    outer loop
      vertex -19.8347 -1.49664 17
      vertex -16.4 -1.3 17.2396
      vertex -12.8019 -1.49664 17
    endloop
  endfacet
  facet normal 0 0.773054 -0.63434
    outer loop
      vertex -16.5368 -1.27279 17.2728
      vertex -19.8347 -1.49664 17
      vertex -19.8444 -1.27279 17.2728
    endloop
  endfacet
  facet normal 0 0.773054 -0.63434
    outer loop
      vertex 19.8347 -1.49664 17
      vertex 16.5368 -1.27279 17.2728
      vertex 19.8444 -1.27279 17.2728
    endloop
  endfacet
  facet normal 4.70502e-05 0.773333 -0.634001
    outer loop
      vertex 16.5368 -1.27279 17.2728
      vertex 19.8347 -1.49664 17
      vertex 16.4 -1.3 17.2396
    endloop
  endfacet
  facet normal -4.53738e-05 0.773336 -0.633996
    outer loop
      vertex 12.8019 -1.49664 17
      vertex 16.2632 -1.27279 17.2728
      vertex 16.4 -1.3 17.2396
    endloop
  endfacet
  facet normal 0 0.773002 -0.634404
    outer loop
      vertex 12.8019 -1.49664 17
      vertex 16.4 -1.3 17.2396
      vertex 19.8347 -1.49664 17
    endloop
  endfacet
  facet normal 0 0.773054 -0.63434
    outer loop
      vertex 16.2632 -1.27279 17.2728
      vertex 12.8019 -1.49664 17
      vertex 12.8314 -1.27279 17.2728
    endloop
  endfacet
  facet normal 0 0.471528 0.881851
    outer loop
      vertex -12.8699 -0.688829 14.337
      vertex -19.8563 -1.00003 14.5034
      vertex -12.8563 -1.00003 14.5034
    endloop
  endfacet
  facet normal 0 0.471528 0.881851
    outer loop
      vertex -19.8563 -1.00003 14.5034
      vertex -12.8699 -0.688829 14.337
      vertex -19.8699 -0.688829 14.337
    endloop
  endfacet
  facet normal -0 0.471528 0.881851
    outer loop
      vertex 12.8699 -0.688829 14.337
      vertex 19.8563 -1.00003 14.5034
      vertex 19.8699 -0.688829 14.337
    endloop
  endfacet
  facet normal 0 0.471528 0.881851
    outer loop
      vertex 19.8563 -1.00003 14.5034
      vertex 12.8699 -0.688829 14.337
      vertex 12.8563 -1.00003 14.5034
    endloop
  endfacet
  facet normal 0 0.634224 0.773149
    outer loop
      vertex -12.8509 -1.12431 14.6054
      vertex -19.8444 -1.27279 14.7272
      vertex -12.8314 -1.27279 14.7272
    endloop
  endfacet
  facet normal -6.80269e-06 0.634416 0.772992
    outer loop
      vertex -12.8563 -1.00003 14.5034
      vertex -19.8444 -1.27279 14.7272
      vertex -12.8509 -1.12431 14.6054
    endloop
  endfacet
  facet normal 0 0.634311 0.773078
    outer loop
      vertex -19.8444 -1.27279 14.7272
      vertex -12.8563 -1.00003 14.5034
      vertex -19.8563 -1.00003 14.5034
    endloop
  endfacet
  facet normal -0 0.634311 0.773078
    outer loop
      vertex 12.8563 -1.00003 14.5034
      vertex 19.8444 -1.27279 14.7272
      vertex 19.8563 -1.00003 14.5034
    endloop
  endfacet
  facet normal 6.80269e-06 0.634416 0.772992
    outer loop
      vertex 12.8509 -1.12431 14.6054
      vertex 19.8444 -1.27279 14.7272
      vertex 12.8563 -1.00003 14.5034
    endloop
  endfacet
  facet normal 0 0.634224 0.773149
    outer loop
      vertex 19.8444 -1.27279 14.7272
      vertex 12.8509 -1.12431 14.6054
      vertex 12.8314 -1.27279 14.7272
    endloop
  endfacet
  facet normal 0 0.956924 0.290337
    outer loop
      vertex -12.78 -1.66298 15.3112
      vertex -19.8202 -1.76541 15.6488
      vertex -12.7665 -1.76541 15.6488
    endloop
  endfacet
  facet normal 8.36268e-07 0.95692 0.290353
    outer loop
      vertex -19.8202 -1.76541 15.6488
      vertex -12.78 -1.66298 15.3112
      vertex -19.8243 -1.7344 15.5466
    endloop
  endfacet
  facet normal 0 0.956927 0.29033
    outer loop
      vertex -19.8243 -1.7344 15.5466
      vertex -12.78 -1.66298 15.3112
      vertex -19.8274 -1.66298 15.3112
    endloop
  endfacet
  facet normal -8.36268e-07 0.95692 0.290353
    outer loop
      vertex 12.78 -1.66298 15.3112
      vertex 19.8202 -1.76541 15.6488
      vertex 19.8243 -1.7344 15.5466
    endloop
  endfacet
  facet normal -0 0.956927 0.29033
    outer loop
      vertex 12.78 -1.66298 15.3112
      vertex 19.8243 -1.7344 15.5466
      vertex 19.8274 -1.66298 15.3112
    endloop
  endfacet
  facet normal 0 0.956924 0.290337
    outer loop
      vertex 19.8202 -1.76541 15.6488
      vertex 12.78 -1.66298 15.3112
      vertex 12.7665 -1.76541 15.6488
    endloop
  endfacet
  facet normal 0 -0.773054 0.63434
    outer loop
      vertex -12.8314 1.27279 14.7272
      vertex -19.8347 1.49664 15
      vertex -19.8444 1.27279 14.7272
    endloop
  endfacet
  facet normal 0 -0.773054 0.63434
    outer loop
      vertex -19.8347 1.49664 15
      vertex -12.8314 1.27279 14.7272
      vertex -12.8019 1.49664 15
    endloop
  endfacet
  facet normal 0 -0.773054 0.63434
    outer loop
      vertex 12.8314 1.27279 14.7272
      vertex 19.8347 1.49664 15
      vertex 12.8019 1.49664 15
    endloop
  endfacet
  facet normal 0 -0.773054 0.63434
    outer loop
      vertex 19.8347 1.49664 15
      vertex 12.8314 1.27279 14.7272
      vertex 19.8444 1.27279 14.7272
    endloop
  endfacet
  facet normal 0 -0.881921 0.471397
    outer loop
      vertex -12.8019 1.49664 15
      vertex -19.8274 1.66298 15.3112
      vertex -19.8347 1.49664 15
    endloop
  endfacet
  facet normal 0 -0.881921 0.471397
    outer loop
      vertex -19.8274 1.66298 15.3112
      vertex -12.8019 1.49664 15
      vertex -12.78 1.66298 15.3112
    endloop
  endfacet
  facet normal 0 -0.881921 0.471397
    outer loop
      vertex 12.8019 1.49664 15
      vertex 19.8274 1.66298 15.3112
      vertex 12.78 1.66298 15.3112
    endloop
  endfacet
  facet normal 0 -0.881921 0.471397
    outer loop
      vertex 19.8274 1.66298 15.3112
      vertex 12.8019 1.49664 15
      vertex 19.8347 1.49664 15
    endloop
  endfacet
  facet normal 0 0.290089 -0.957
    outer loop
      vertex -19.8699 -0.688829 17.663
      vertex -17.601 -0.497488 17.721
      vertex -17.4732 -0.688829 17.663
    endloop
  endfacet
  facet normal -2.44707e-05 0.290355 -0.956919
    outer loop
      vertex -19.8699 -0.688829 17.663
      vertex -17.6301 -0.351162 17.7654
      vertex -17.601 -0.497488 17.721
    endloop
  endfacet
  facet normal 0 0.290206 -0.956964
    outer loop
      vertex -17.6301 -0.351162 17.7654
      vertex -19.8699 -0.688829 17.663
      vertex -19.8847 -0.351162 17.7654
    endloop
  endfacet
  facet normal 0 0.290206 -0.956964
    outer loop
      vertex -12.8699 -0.688829 17.663
      vertex -15.1699 -0.351162 17.7654
      vertex -12.8847 -0.351162 17.7654
    endloop
  endfacet
  facet normal 2.38484e-05 0.290355 -0.956919
    outer loop
      vertex -12.8699 -0.688829 17.663
      vertex -15.199 -0.497488 17.721
      vertex -15.1699 -0.351162 17.7654
    endloop
  endfacet
  facet normal 0 0.290089 -0.957
    outer loop
      vertex -15.199 -0.497488 17.721
      vertex -12.8699 -0.688829 17.663
      vertex -15.3268 -0.688829 17.663
    endloop
  endfacet
  facet normal -2.38484e-05 0.290355 -0.956919
    outer loop
      vertex 12.8699 -0.688829 17.663
      vertex 15.1699 -0.351162 17.7654
      vertex 15.199 -0.497488 17.721
    endloop
  endfacet
  facet normal 0 0.290089 -0.957
    outer loop
      vertex 12.8699 -0.688829 17.663
      vertex 15.199 -0.497488 17.721
      vertex 15.3268 -0.688829 17.663
    endloop
  endfacet
  facet normal 0 0.290206 -0.956964
    outer loop
      vertex 15.1699 -0.351162 17.7654
      vertex 12.8699 -0.688829 17.663
      vertex 12.8847 -0.351162 17.7654
    endloop
  endfacet
  facet normal 0 0.290206 -0.956964
    outer loop
      vertex 19.8699 -0.688829 17.663
      vertex 17.6301 -0.351162 17.7654
      vertex 19.8847 -0.351162 17.7654
    endloop
  endfacet
  facet normal 2.44707e-05 0.290355 -0.956919
    outer loop
      vertex 19.8699 -0.688829 17.663
      vertex 17.601 -0.497488 17.721
      vertex 17.6301 -0.351162 17.7654
    endloop
  endfacet
  facet normal 0 0.290089 -0.957
    outer loop
      vertex 17.601 -0.497488 17.721
      vertex 19.8699 -0.688829 17.663
      vertex 17.4732 -0.688829 17.663
    endloop
  endfacet
  facet normal 0 0.995185 0.0980166
    outer loop
      vertex -12.7665 -1.76541 15.6488
      vertex -19.8156 -1.8 16
      vertex -12.762 -1.8 16
    endloop
  endfacet
  facet normal 0 0.995185 0.0980166
    outer loop
      vertex -19.8156 -1.8 16
      vertex -12.7665 -1.76541 15.6488
      vertex -19.8202 -1.76541 15.6488
    endloop
  endfacet
  facet normal -0 0.995185 0.0980166
    outer loop
      vertex 12.7665 -1.76541 15.6488
      vertex 19.8156 -1.8 16
      vertex 19.8202 -1.76541 15.6488
    endloop
  endfacet
  facet normal 0 0.995185 0.0980166
    outer loop
      vertex 19.8156 -1.8 16
      vertex 12.7665 -1.76541 15.6488
      vertex 12.762 -1.8 16
    endloop
  endfacet
  facet normal 0 -0.0980552 -0.995181
    outer loop
      vertex -17.7 0 17.8
      vertex -19.8847 0.351162 17.7654
      vertex -17.6301 0.351162 17.7654
    endloop
  endfacet
  facet normal 0 -0.0980552 -0.995181
    outer loop
      vertex -19.8847 0.351162 17.7654
      vertex -17.7 0 17.8
      vertex -19.9 0 17.8
    endloop
  endfacet
  facet normal 0 -0.0980552 -0.995181
    outer loop
      vertex -15.1 0 17.8
      vertex -12.8847 0.351162 17.7654
      vertex -12.9 0 17.8
    endloop
  endfacet
  facet normal -0 -0.0980552 -0.995181
    outer loop
      vertex -12.8847 0.351162 17.7654
      vertex -15.1 0 17.8
      vertex -15.1699 0.351162 17.7654
    endloop
  endfacet
  facet normal 0 -0.0980552 -0.995181
    outer loop
      vertex 12.8847 0.351162 17.7654
      vertex 15.1 0 17.8
      vertex 12.9 0 17.8
    endloop
  endfacet
  facet normal 0 -0.0980552 -0.995181
    outer loop
      vertex 15.1 0 17.8
      vertex 12.8847 0.351162 17.7654
      vertex 15.1699 0.351162 17.7654
    endloop
  endfacet
  facet normal 0 -0.0980552 -0.995181
    outer loop
      vertex 17.7 0 17.8
      vertex 19.8847 0.351162 17.7654
      vertex 19.9 0 17.8
    endloop
  endfacet
  facet normal -0 -0.0980552 -0.995181
    outer loop
      vertex 19.8847 0.351162 17.7654
      vertex 17.7 0 17.8
      vertex 17.6301 0.351162 17.7654
    endloop
  endfacet
  facet normal 0 -0.290089 -0.957
    outer loop
      vertex -17.601 0.497488 17.721
      vertex -19.8699 0.688829 17.663
      vertex -17.4732 0.688829 17.663
    endloop
  endfacet
  facet normal -2.44707e-05 -0.290355 -0.956919
    outer loop
      vertex -17.6301 0.351162 17.7654
      vertex -19.8699 0.688829 17.663
      vertex -17.601 0.497488 17.721
    endloop
  endfacet
  facet normal 0 -0.290206 -0.956964
    outer loop
      vertex -19.8699 0.688829 17.663
      vertex -17.6301 0.351162 17.7654
      vertex -19.8847 0.351162 17.7654
    endloop
  endfacet
  facet normal 0 -0.290206 -0.956964
    outer loop
      vertex -15.1699 0.351162 17.7654
      vertex -12.8699 0.688829 17.663
      vertex -12.8847 0.351162 17.7654
    endloop
  endfacet
  facet normal 2.38484e-05 -0.290355 -0.956919
    outer loop
      vertex -15.199 0.497488 17.721
      vertex -12.8699 0.688829 17.663
      vertex -15.1699 0.351162 17.7654
    endloop
  endfacet
  facet normal -0 -0.290089 -0.957
    outer loop
      vertex -12.8699 0.688829 17.663
      vertex -15.199 0.497488 17.721
      vertex -15.3268 0.688829 17.663
    endloop
  endfacet
  facet normal 0 -0.290206 -0.956964
    outer loop
      vertex 12.8699 0.688829 17.663
      vertex 15.1699 0.351162 17.7654
      vertex 12.8847 0.351162 17.7654
    endloop
  endfacet
  facet normal -2.38484e-05 -0.290355 -0.956919
    outer loop
      vertex 15.1699 0.351162 17.7654
      vertex 12.8699 0.688829 17.663
      vertex 15.199 0.497488 17.721
    endloop
  endfacet
  facet normal 0 -0.290089 -0.957
    outer loop
      vertex 15.199 0.497488 17.721
      vertex 12.8699 0.688829 17.663
      vertex 15.3268 0.688829 17.663
    endloop
  endfacet
  facet normal 0 -0.290206 -0.956964
    outer loop
      vertex 17.6301 0.351162 17.7654
      vertex 19.8699 0.688829 17.663
      vertex 19.8847 0.351162 17.7654
    endloop
  endfacet
  facet normal 2.44707e-05 -0.290355 -0.956919
    outer loop
      vertex 17.601 0.497488 17.721
      vertex 19.8699 0.688829 17.663
      vertex 17.6301 0.351162 17.7654
    endloop
  endfacet
  facet normal -0 -0.290089 -0.957
    outer loop
      vertex 19.8699 0.688829 17.663
      vertex 17.601 0.497488 17.721
      vertex 17.4732 0.688829 17.663
    endloop
  endfacet
  facet normal 0 -0.995185 -0.0980166
    outer loop
      vertex -19.8156 1.8 16
      vertex -12.7665 1.76541 16.3512
      vertex -19.8202 1.76541 16.3512
    endloop
  endfacet
  facet normal 0 -0.995185 -0.0980166
    outer loop
      vertex -12.7665 1.76541 16.3512
      vertex -19.8156 1.8 16
      vertex -12.762 1.8 16
    endloop
  endfacet
  facet normal -0 -0.995185 -0.0980166
    outer loop
      vertex 19.8156 1.8 16
      vertex 12.7665 1.76541 16.3512
      vertex 12.762 1.8 16
    endloop
  endfacet
  facet normal 0 -0.995185 -0.0980166
    outer loop
      vertex 12.7665 1.76541 16.3512
      vertex 19.8156 1.8 16
      vertex 19.8202 1.76541 16.3512
    endloop
  endfacet
  facet normal 0 0.995185 -0.0980166
    outer loop
      vertex -19.8156 -1.8 16
      vertex -12.7665 -1.76541 16.3512
      vertex -12.762 -1.8 16
    endloop
  endfacet
  facet normal 0 0.995185 -0.0980166
    outer loop
      vertex -12.7665 -1.76541 16.3512
      vertex -19.8156 -1.8 16
      vertex -19.8202 -1.76541 16.3512
    endloop
  endfacet
  facet normal 0 0.995185 -0.0980166
    outer loop
      vertex 19.8156 -1.8 16
      vertex 12.7665 -1.76541 16.3512
      vertex 19.8202 -1.76541 16.3512
    endloop
  endfacet
  facet normal 0 0.995185 -0.0980166
    outer loop
      vertex 12.7665 -1.76541 16.3512
      vertex 19.8156 -1.8 16
      vertex 12.762 -1.8 16
    endloop
  endfacet
  facet normal 0 0.0980552 -0.995181
    outer loop
      vertex -19.8847 -0.351162 17.7654
      vertex -17.7 0 17.8
      vertex -17.6301 -0.351162 17.7654
    endloop
  endfacet
  facet normal 0 0.0980552 -0.995181
    outer loop
      vertex -17.7 0 17.8
      vertex -19.8847 -0.351162 17.7654
      vertex -19.9 0 17.8
    endloop
  endfacet
  facet normal 0 0.0980552 -0.995181
    outer loop
      vertex -12.8847 -0.351162 17.7654
      vertex -15.1 0 17.8
      vertex -12.9 0 17.8
    endloop
  endfacet
  facet normal 0 0.0980552 -0.995181
    outer loop
      vertex -15.1 0 17.8
      vertex -12.8847 -0.351162 17.7654
      vertex -15.1699 -0.351162 17.7654
    endloop
  endfacet
  facet normal 0 0.0980552 -0.995181
    outer loop
      vertex 12.8847 -0.351162 17.7654
      vertex 15.1 0 17.8
      vertex 15.1699 -0.351162 17.7654
    endloop
  endfacet
  facet normal 0 0.0980552 -0.995181
    outer loop
      vertex 15.1 0 17.8
      vertex 12.8847 -0.351162 17.7654
      vertex 12.9 0 17.8
    endloop
  endfacet
  facet normal 0 0.0980552 -0.995181
    outer loop
      vertex 19.8847 -0.351162 17.7654
      vertex 17.7 0 17.8
      vertex 19.9 0 17.8
    endloop
  endfacet
  facet normal 0 0.0980552 -0.995181
    outer loop
      vertex 17.7 0 17.8
      vertex 19.8847 -0.351162 17.7654
      vertex 17.6301 -0.351162 17.7654
    endloop
  endfacet
  facet normal 0 -0.471531 -0.88185
    outer loop
      vertex -17.3192 0.919238 17.5398
      vertex -19.8563 1.00003 17.4966
      vertex -17.1983 1.00003 17.4966
    endloop
  endfacet
  facet normal 1.39439e-07 -0.471527 -0.881851
    outer loop
      vertex -17.4732 0.688829 17.663
      vertex -19.8563 1.00003 17.4966
      vertex -17.3192 0.919238 17.5398
    endloop
  endfacet
  facet normal 0 -0.471528 -0.881851
    outer loop
      vertex -19.8563 1.00003 17.4966
      vertex -17.4732 0.688829 17.663
      vertex -19.8699 0.688829 17.663
    endloop
  endfacet
  facet normal 0 -0.471528 -0.881851
    outer loop
      vertex -15.3268 0.688829 17.663
      vertex -12.8563 1.00003 17.4966
      vertex -12.8699 0.688829 17.663
    endloop
  endfacet
  facet normal -1.34889e-07 -0.471527 -0.881851
    outer loop
      vertex -15.4808 0.919238 17.5398
      vertex -12.8563 1.00003 17.4966
      vertex -15.3268 0.688829 17.663
    endloop
  endfacet
  facet normal -0 -0.471531 -0.88185
    outer loop
      vertex -12.8563 1.00003 17.4966
      vertex -15.4808 0.919238 17.5398
      vertex -15.6017 1.00003 17.4966
    endloop
  endfacet
  facet normal 0 -0.471528 -0.881851
    outer loop
      vertex 12.8563 1.00003 17.4966
      vertex 15.3268 0.688829 17.663
      vertex 12.8699 0.688829 17.663
    endloop
  endfacet
  facet normal 1.34889e-07 -0.471527 -0.881851
    outer loop
      vertex 15.3268 0.688829 17.663
      vertex 12.8563 1.00003 17.4966
      vertex 15.4808 0.919238 17.5398
    endloop
  endfacet
  facet normal 0 -0.471531 -0.88185
    outer loop
      vertex 15.4808 0.919238 17.5398
      vertex 12.8563 1.00003 17.4966
      vertex 15.6017 1.00003 17.4966
    endloop
  endfacet
  facet normal 0 -0.471528 -0.881851
    outer loop
      vertex 17.4732 0.688829 17.663
      vertex 19.8563 1.00003 17.4966
      vertex 19.8699 0.688829 17.663
    endloop
  endfacet
  facet normal -1.39439e-07 -0.471527 -0.881851
    outer loop
      vertex 17.3192 0.919238 17.5398
      vertex 19.8563 1.00003 17.4966
      vertex 17.4732 0.688829 17.663
    endloop
  endfacet
  facet normal -0 -0.471531 -0.88185
    outer loop
      vertex 19.8563 1.00003 17.4966
      vertex 17.3192 0.919238 17.5398
      vertex 17.1983 1.00003 17.4966
    endloop
  endfacet
  facet normal 0 0.956927 -0.29033
    outer loop
      vertex -12.78 -1.66298 16.6888
      vertex -19.8243 -1.7344 16.4534
      vertex -19.8274 -1.66298 16.6888
    endloop
  endfacet
  facet normal 0 0.956924 -0.290337
    outer loop
      vertex -19.8202 -1.76541 16.3512
      vertex -12.78 -1.66298 16.6888
      vertex -12.7665 -1.76541 16.3512
    endloop
  endfacet
  facet normal 8.36268e-07 0.95692 -0.290353
    outer loop
      vertex -12.78 -1.66298 16.6888
      vertex -19.8202 -1.76541 16.3512
      vertex -19.8243 -1.7344 16.4534
    endloop
  endfacet
  facet normal 0 0.956927 -0.29033
    outer loop
      vertex 19.8243 -1.7344 16.4534
      vertex 12.78 -1.66298 16.6888
      vertex 19.8274 -1.66298 16.6888
    endloop
  endfacet
  facet normal -8.36268e-07 0.95692 -0.290353
    outer loop
      vertex 19.8202 -1.76541 16.3512
      vertex 12.78 -1.66298 16.6888
      vertex 19.8243 -1.7344 16.4534
    endloop
  endfacet
  facet normal 0 0.956924 -0.290337
    outer loop
      vertex 12.78 -1.66298 16.6888
      vertex 19.8202 -1.76541 16.3512
      vertex 12.7665 -1.76541 16.3512
    endloop
  endfacet
  facet normal -0.290318 0 0.95693
    outer loop
      vertex 0.497488 -17.601 8.27897
      vertex 0.688829 -19.8699 8.33702
      vertex 0.688829 -17.4732 8.33702
    endloop
  endfacet
  facet normal -0.290241 7.11753e-06 0.956954
    outer loop
      vertex 0.351162 -17.6301 8.23459
      vertex 0.688829 -19.8699 8.33702
      vertex 0.497488 -17.601 8.27897
    endloop
  endfacet
  facet normal -0.290284 0 0.95694
    outer loop
      vertex 0.688829 -19.8699 8.33702
      vertex 0.351162 -17.6301 8.23459
      vertex 0.351162 -19.8847 8.23459
    endloop
  endfacet
  facet normal -0.290318 0 0.95693
    outer loop
      vertex 0.688829 19.8699 8.33702
      vertex 0.497488 17.601 8.27897
      vertex 0.688829 17.4732 8.33702
    endloop
  endfacet
  facet normal -0.290284 0 0.95694
    outer loop
      vertex 0.351162 17.6301 8.23459
      vertex 0.688829 19.8699 8.33702
      vertex 0.351162 19.8847 8.23459
    endloop
  endfacet
  facet normal -0.290241 -7.11753e-06 0.956954
    outer loop
      vertex 0.688829 19.8699 8.33702
      vertex 0.351162 17.6301 8.23459
      vertex 0.497488 17.601 8.27897
    endloop
  endfacet
  facet normal -0.290318 0 0.95693
    outer loop
      vertex 0.497488 15.199 8.27897
      vertex 0.688829 12.8699 8.33702
      vertex 0.688829 15.3268 8.33702
    endloop
  endfacet
  facet normal -0.290241 6.93652e-06 0.956954
    outer loop
      vertex 0.351162 15.1699 8.23459
      vertex 0.688829 12.8699 8.33702
      vertex 0.497488 15.199 8.27897
    endloop
  endfacet
  facet normal -0.290284 0 0.95694
    outer loop
      vertex 0.688829 12.8699 8.33702
      vertex 0.351162 15.1699 8.23459
      vertex 0.351162 12.8847 8.23459
    endloop
  endfacet
  facet normal -0.290318 0 0.95693
    outer loop
      vertex 0.688829 -12.8699 8.33702
      vertex 0.497488 -15.199 8.27897
      vertex 0.688829 -15.3268 8.33702
    endloop
  endfacet
  facet normal -0.290284 0 0.95694
    outer loop
      vertex 0.351162 -15.1699 8.23459
      vertex 0.688829 -12.8699 8.33702
      vertex 0.351162 -12.8847 8.23459
    endloop
  endfacet
  facet normal -0.290241 -6.93652e-06 0.956954
    outer loop
      vertex 0.688829 -12.8699 8.33702
      vertex 0.351162 -15.1699 8.23459
      vertex 0.497488 -15.199 8.27897
    endloop
  endfacet
  facet normal -0.95692 -8.36268e-07 -0.290353
    outer loop
      vertex 1.66298 12.78 10.6888
      vertex 1.7344 19.8243 10.4534
      vertex 1.76541 19.8202 10.3512
    endloop
  endfacet
  facet normal -0.956927 0 -0.29033
    outer loop
      vertex 1.7344 19.8243 10.4534
      vertex 1.66298 12.78 10.6888
      vertex 1.66298 19.8274 10.6888
    endloop
  endfacet
  facet normal -0.956924 0 -0.290337
    outer loop
      vertex 1.66298 12.78 10.6888
      vertex 1.76541 19.8202 10.3512
      vertex 1.76541 12.7665 10.3512
    endloop
  endfacet
  facet normal -0.956924 0 -0.290337
    outer loop
      vertex 1.76541 -19.8202 10.3512
      vertex 1.66298 -12.78 10.6888
      vertex 1.76541 -12.7665 10.3512
    endloop
  endfacet
  facet normal -0.95692 8.36268e-07 -0.290353
    outer loop
      vertex 1.7344 -19.8243 10.4534
      vertex 1.66298 -12.78 10.6888
      vertex 1.76541 -19.8202 10.3512
    endloop
  endfacet
  facet normal -0.956927 -0 -0.29033
    outer loop
      vertex 1.66298 -12.78 10.6888
      vertex 1.7344 -19.8243 10.4534
      vertex 1.66298 -19.8274 10.6888
    endloop
  endfacet
  facet normal -0.995185 0 -0.0980166
    outer loop
      vertex 1.8 -19.8156 10
      vertex 1.76541 -12.7665 10.3512
      vertex 1.8 -12.762 10
    endloop
  endfacet
  facet normal -0.995185 -0 -0.0980166
    outer loop
      vertex 1.76541 -12.7665 10.3512
      vertex 1.8 -19.8156 10
      vertex 1.76541 -19.8202 10.3512
    endloop
  endfacet
  facet normal -0.995185 0 -0.0980166
    outer loop
      vertex 1.8 19.8156 10
      vertex 1.76541 12.7665 10.3512
      vertex 1.76541 19.8202 10.3512
    endloop
  endfacet
  facet normal -0.995185 0 -0.0980166
    outer loop
      vertex 1.76541 12.7665 10.3512
      vertex 1.8 19.8156 10
      vertex 1.8 12.762 10
    endloop
  endfacet
  facet normal -0.471528 -0 -0.881851
    outer loop
      vertex 0.688829 -12.8699 11.663
      vertex 1.00003 -19.8563 11.4966
      vertex 0.688829 -19.8699 11.663
    endloop
  endfacet
  facet normal -0.471528 0 -0.881851
    outer loop
      vertex 1.00003 -19.8563 11.4966
      vertex 0.688829 -12.8699 11.663
      vertex 1.00003 -12.8563 11.4966
    endloop
  endfacet
  facet normal -0.471528 0 -0.881851
    outer loop
      vertex 0.688829 12.8699 11.663
      vertex 1.00003 19.8563 11.4966
      vertex 1.00003 12.8563 11.4966
    endloop
  endfacet
  facet normal -0.471528 0 -0.881851
    outer loop
      vertex 1.00003 19.8563 11.4966
      vertex 0.688829 12.8699 11.663
      vertex 0.688829 19.8699 11.663
    endloop
  endfacet
  facet normal -0.956941 0 0.290282
    outer loop
      vertex 1.66298 -12.78 9.31117
      vertex 1.76541 -19.8202 9.64884
      vertex 1.76541 -12.7665 9.64884
    endloop
  endfacet
  facet normal -0.956951 -1.72037e-06 0.290249
    outer loop
      vertex 1.66298 -12.78 9.31117
      vertex 1.7344 -19.8243 9.5466
      vertex 1.76541 -19.8202 9.64884
    endloop
  endfacet
  facet normal -0.956937 0 0.290296
    outer loop
      vertex 1.7344 -19.8243 9.5466
      vertex 1.66298 -12.78 9.31117
      vertex 1.66298 -19.8274 9.31117
    endloop
  endfacet
  facet normal -0.956937 0 0.290296
    outer loop
      vertex 1.66298 12.78 9.31117
      vertex 1.7344 19.8243 9.5466
      vertex 1.66298 19.8274 9.31117
    endloop
  endfacet
  facet normal -0.956951 1.72037e-06 0.290249
    outer loop
      vertex 1.7344 19.8243 9.5466
      vertex 1.66298 12.78 9.31117
      vertex 1.76541 19.8202 9.64884
    endloop
  endfacet
  facet normal -0.956941 0 0.290282
    outer loop
      vertex 1.76541 19.8202 9.64884
      vertex 1.66298 12.78 9.31117
      vertex 1.76541 12.7665 9.64884
    endloop
  endfacet
  facet normal -0.634224 0 -0.773149
    outer loop
      vertex 1.12431 12.8509 11.3946
      vertex 1.27279 19.8444 11.2728
      vertex 1.27279 12.8314 11.2728
    endloop
  endfacet
  facet normal -0.634416 6.80269e-06 -0.772992
    outer loop
      vertex 1.00003 12.8563 11.4966
      vertex 1.27279 19.8444 11.2728
      vertex 1.12431 12.8509 11.3946
    endloop
  endfacet
  facet normal -0.634311 0 -0.773078
    outer loop
      vertex 1.27279 19.8444 11.2728
      vertex 1.00003 12.8563 11.4966
      vertex 1.00003 19.8563 11.4966
    endloop
  endfacet
  facet normal -0.634224 0 -0.773149
    outer loop
      vertex 1.27279 -19.8444 11.2728
      vertex 1.12431 -12.8509 11.3946
      vertex 1.27279 -12.8314 11.2728
    endloop
  endfacet
  facet normal -0.634311 -0 -0.773078
    outer loop
      vertex 1.00003 -12.8563 11.4966
      vertex 1.27279 -19.8444 11.2728
      vertex 1.00003 -19.8563 11.4966
    endloop
  endfacet
  facet normal -0.634416 -6.80269e-06 -0.772992
    outer loop
      vertex 1.27279 -19.8444 11.2728
      vertex 1.00003 -12.8563 11.4966
      vertex 1.12431 -12.8509 11.3946
    endloop
  endfacet
  facet normal 0.881921 -0 0.471397
    outer loop
      vertex -1.66298 -19.8274 9.31117
      vertex -1.49664 -12.8019 8.99997
      vertex -1.66298 -12.78 9.31117
    endloop
  endfacet
  facet normal 0.881921 0 0.471397
    outer loop
      vertex -1.49664 -12.8019 8.99997
      vertex -1.66298 -19.8274 9.31117
      vertex -1.49664 -19.8347 8.99997
    endloop
  endfacet
  facet normal 0.881921 0 0.471397
    outer loop
      vertex -1.66298 19.8274 9.31117
      vertex -1.49664 12.8019 8.99997
      vertex -1.49664 19.8347 8.99997
    endloop
  endfacet
  facet normal 0.881921 0 0.471397
    outer loop
      vertex -1.49664 12.8019 8.99997
      vertex -1.66298 19.8274 9.31117
      vertex -1.66298 12.78 9.31117
    endloop
  endfacet
  facet normal -0.0980271 0 0.995184
    outer loop
      vertex 0 -17.7 8.2
      vertex 0.351162 -19.8847 8.23459
      vertex 0.351162 -17.6301 8.23459
    endloop
  endfacet
  facet normal -0.0980271 0 0.995184
    outer loop
      vertex 0.351162 -19.8847 8.23459
      vertex 0 -17.7 8.2
      vertex 0 -19.9 8.2
    endloop
  endfacet
  facet normal -0.0980271 0 0.995184
    outer loop
      vertex 0 17.7 8.2
      vertex 0.351162 19.8847 8.23459
      vertex 0 19.9 8.2
    endloop
  endfacet
  facet normal -0.0980271 0 0.995184
    outer loop
      vertex 0.351162 19.8847 8.23459
      vertex 0 17.7 8.2
      vertex 0.351162 17.6301 8.23459
    endloop
  endfacet
  facet normal -0.0980271 0 0.995184
    outer loop
      vertex 0 -15.1 8.2
      vertex 0.351162 -12.8847 8.23459
      vertex 0 -12.9 8.2
    endloop
  endfacet
  facet normal -0.0980271 0 0.995184
    outer loop
      vertex 0.351162 -12.8847 8.23459
      vertex 0 -15.1 8.2
      vertex 0.351162 -15.1699 8.23459
    endloop
  endfacet
  facet normal -0.0980271 0 0.995184
    outer loop
      vertex 0 15.1 8.2
      vertex 0.351162 12.8847 8.23459
      vertex 0.351162 15.1699 8.23459
    endloop
  endfacet
  facet normal -0.0980271 0 0.995184
    outer loop
      vertex 0.351162 12.8847 8.23459
      vertex 0 15.1 8.2
      vertex 0 12.9 8.2
    endloop
  endfacet
  facet normal 0.0980552 0 -0.995181
    outer loop
      vertex -0.351162 -19.8847 11.7654
      vertex 0 -12.9 11.8
      vertex 0 -19.9 11.8
    endloop
  endfacet
  facet normal 0.0980552 0 -0.995181
    outer loop
      vertex 0 -12.9 11.8
      vertex -0.351162 -19.8847 11.7654
      vertex -0.351162 -12.8847 11.7654
    endloop
  endfacet
  facet normal 0.0980552 0 -0.995181
    outer loop
      vertex -0.351162 19.8847 11.7654
      vertex 0 12.9 11.8
      vertex -0.351162 12.8847 11.7654
    endloop
  endfacet
  facet normal 0.0980552 0 -0.995181
    outer loop
      vertex 0 12.9 11.8
      vertex -0.351162 19.8847 11.7654
      vertex 0 19.9 11.8
    endloop
  endfacet
  facet normal -0.881921 0 -0.471397
    outer loop
      vertex 1.66298 -19.8274 10.6888
      vertex 1.49664 -12.8019 11
      vertex 1.66298 -12.78 10.6888
    endloop
  endfacet
  facet normal -0.881921 -0 -0.471397
    outer loop
      vertex 1.49664 -12.8019 11
      vertex 1.66298 -19.8274 10.6888
      vertex 1.49664 -19.8347 11
    endloop
  endfacet
  facet normal -0.881921 0 -0.471397
    outer loop
      vertex 1.66298 19.8274 10.6888
      vertex 1.49664 12.8019 11
      vertex 1.49664 19.8347 11
    endloop
  endfacet
  facet normal -0.881921 0 -0.471397
    outer loop
      vertex 1.49664 12.8019 11
      vertex 1.66298 19.8274 10.6888
      vertex 1.66298 12.78 10.6888
    endloop
  endfacet
  facet normal -0.773008 0 0.634396
    outer loop
      vertex 1.27279 -16.2632 8.72721
      vertex 1.49664 -12.8019 8.99997
      vertex 1.27279 -12.8314 8.72721
    endloop
  endfacet
  facet normal -0.772971 -5.95834e-06 0.634441
    outer loop
      vertex 1.3 -16.4 8.76036
      vertex 1.49664 -12.8019 8.99997
      vertex 1.27279 -16.2632 8.72721
    endloop
  endfacet
  facet normal -0.773015 0 0.634388
    outer loop
      vertex 1.3 -16.4 8.76036
      vertex 1.49664 -19.8347 8.99997
      vertex 1.49664 -12.8019 8.99997
    endloop
  endfacet
  facet normal -0.772972 6.17844e-06 0.634441
    outer loop
      vertex 1.27279 -16.5368 8.72721
      vertex 1.49664 -19.8347 8.99997
      vertex 1.3 -16.4 8.76036
    endloop
  endfacet
  facet normal -0.773008 0 0.634396
    outer loop
      vertex 1.49664 -19.8347 8.99997
      vertex 1.27279 -16.5368 8.72721
      vertex 1.27279 -19.8444 8.72721
    endloop
  endfacet
  facet normal -0.773008 0 0.634396
    outer loop
      vertex 1.27279 16.5368 8.72721
      vertex 1.49664 19.8347 8.99997
      vertex 1.27279 19.8444 8.72721
    endloop
  endfacet
  facet normal -0.772972 -6.17844e-06 0.634441
    outer loop
      vertex 1.3 16.4 8.76036
      vertex 1.49664 19.8347 8.99997
      vertex 1.27279 16.5368 8.72721
    endloop
  endfacet
  facet normal -0.773008 0 0.634396
    outer loop
      vertex 1.49664 12.8019 8.99997
      vertex 1.27279 16.2632 8.72721
      vertex 1.27279 12.8314 8.72721
    endloop
  endfacet
  facet normal -0.772971 5.95834e-06 0.634441
    outer loop
      vertex 1.27279 16.2632 8.72721
      vertex 1.49664 12.8019 8.99997
      vertex 1.3 16.4 8.76036
    endloop
  endfacet
  facet normal -0.773015 0 0.634388
    outer loop
      vertex 1.3 16.4 8.76036
      vertex 1.49664 12.8019 8.99997
      vertex 1.49664 19.8347 8.99997
    endloop
  endfacet
  facet normal -0.471361 0 0.88194
    outer loop
      vertex 0.919238 -17.3192 8.46017
      vertex 1.00003 -19.8563 8.50335
      vertex 1.00003 -17.1983 8.50335
    endloop
  endfacet
  facet normal -0.471378 -7.00478e-07 0.881931
    outer loop
      vertex 0.688829 -17.4732 8.33702
      vertex 1.00003 -19.8563 8.50335
      vertex 0.919238 -17.3192 8.46017
    endloop
  endfacet
  facet normal -0.471374 0 0.881934
    outer loop
      vertex 1.00003 -19.8563 8.50335
      vertex 0.688829 -17.4732 8.33702
      vertex 0.688829 -19.8699 8.33702
    endloop
  endfacet
  facet normal -0.471361 0 0.88194
    outer loop
      vertex 1.00003 -12.8563 8.50335
      vertex 0.919238 -15.4808 8.46017
      vertex 1.00003 -15.6017 8.50335
    endloop
  endfacet
  facet normal -0.471374 0 0.881934
    outer loop
      vertex 0.688829 -15.3268 8.33702
      vertex 1.00003 -12.8563 8.50335
      vertex 0.688829 -12.8699 8.33702
    endloop
  endfacet
  facet normal -0.471378 6.77621e-07 0.881931
    outer loop
      vertex 1.00003 -12.8563 8.50335
      vertex 0.688829 -15.3268 8.33702
      vertex 0.919238 -15.4808 8.46017
    endloop
  endfacet
  facet normal -0.471361 0 0.88194
    outer loop
      vertex 0.919238 15.4808 8.46017
      vertex 1.00003 12.8563 8.50335
      vertex 1.00003 15.6017 8.50335
    endloop
  endfacet
  facet normal -0.471378 -6.77621e-07 0.881931
    outer loop
      vertex 0.688829 15.3268 8.33702
      vertex 1.00003 12.8563 8.50335
      vertex 0.919238 15.4808 8.46017
    endloop
  endfacet
  facet normal -0.471374 0 0.881934
    outer loop
      vertex 1.00003 12.8563 8.50335
      vertex 0.688829 15.3268 8.33702
      vertex 0.688829 12.8699 8.33702
    endloop
  endfacet
  facet normal -0.471361 0 0.88194
    outer loop
      vertex 1.00003 19.8563 8.50335
      vertex 0.919238 17.3192 8.46017
      vertex 1.00003 17.1983 8.50335
    endloop
  endfacet
  facet normal -0.471374 0 0.881934
    outer loop
      vertex 0.688829 17.4732 8.33702
      vertex 1.00003 19.8563 8.50335
      vertex 0.688829 19.8699 8.33702
    endloop
  endfacet
  facet normal -0.471378 7.00478e-07 0.881931
    outer loop
      vertex 1.00003 19.8563 8.50335
      vertex 0.688829 17.4732 8.33702
      vertex 0.919238 17.3192 8.46017
    endloop
  endfacet
  facet normal 0.0980271 -0 0.995184
    outer loop
      vertex -0.351162 -19.8847 8.23459
      vertex 0 -17.7 8.2
      vertex -0.351162 -17.6301 8.23459
    endloop
  endfacet
  facet normal 0.0980271 0 0.995184
    outer loop
      vertex 0 -17.7 8.2
      vertex -0.351162 -19.8847 8.23459
      vertex 0 -19.9 8.2
    endloop
  endfacet
  facet normal 0.0980271 0 0.995184
    outer loop
      vertex -0.351162 19.8847 8.23459
      vertex 0 17.7 8.2
      vertex 0 19.9 8.2
    endloop
  endfacet
  facet normal 0.0980271 0 0.995184
    outer loop
      vertex 0 17.7 8.2
      vertex -0.351162 19.8847 8.23459
      vertex -0.351162 17.6301 8.23459
    endloop
  endfacet
  facet normal 0.0980271 0 0.995184
    outer loop
      vertex -0.351162 -12.8847 8.23459
      vertex 0 -15.1 8.2
      vertex 0 -12.9 8.2
    endloop
  endfacet
  facet normal 0.0980271 0 0.995184
    outer loop
      vertex 0 -15.1 8.2
      vertex -0.351162 -12.8847 8.23459
      vertex -0.351162 -15.1699 8.23459
    endloop
  endfacet
  facet normal 0.0980271 -0 0.995184
    outer loop
      vertex -0.351162 12.8847 8.23459
      vertex 0 15.1 8.2
      vertex -0.351162 15.1699 8.23459
    endloop
  endfacet
  facet normal 0.0980271 0 0.995184
    outer loop
      vertex 0 15.1 8.2
      vertex -0.351162 12.8847 8.23459
      vertex 0 12.9 8.2
    endloop
  endfacet
  facet normal -0.881921 0 0.471397
    outer loop
      vertex 1.49664 -12.8019 8.99997
      vertex 1.66298 -19.8274 9.31117
      vertex 1.66298 -12.78 9.31117
    endloop
  endfacet
  facet normal -0.881921 0 0.471397
    outer loop
      vertex 1.66298 -19.8274 9.31117
      vertex 1.49664 -12.8019 8.99997
      vertex 1.49664 -19.8347 8.99997
    endloop
  endfacet
  facet normal -0.881921 0 0.471397
    outer loop
      vertex 1.49664 12.8019 8.99997
      vertex 1.66298 19.8274 9.31117
      vertex 1.49664 19.8347 8.99997
    endloop
  endfacet
  facet normal -0.881921 0 0.471397
    outer loop
      vertex 1.66298 19.8274 9.31117
      vertex 1.49664 12.8019 8.99997
      vertex 1.66298 12.78 9.31117
    endloop
  endfacet
  facet normal 0.773054 0 -0.63434
    outer loop
      vertex -1.27279 -12.8314 11.2728
      vertex -1.49664 -19.8347 11
      vertex -1.49664 -12.8019 11
    endloop
  endfacet
  facet normal 0.773054 0 -0.63434
    outer loop
      vertex -1.49664 -19.8347 11
      vertex -1.27279 -12.8314 11.2728
      vertex -1.27279 -19.8444 11.2728
    endloop
  endfacet
  facet normal 0.773054 0 -0.63434
    outer loop
      vertex -1.27279 12.8314 11.2728
      vertex -1.49664 19.8347 11
      vertex -1.27279 19.8444 11.2728
    endloop
  endfacet
  facet normal 0.773054 0 -0.63434
    outer loop
      vertex -1.49664 19.8347 11
      vertex -1.27279 12.8314 11.2728
      vertex -1.49664 12.8019 11
    endloop
  endfacet
  facet normal 0.471528 0 -0.881851
    outer loop
      vertex -1.00003 19.8563 11.4966
      vertex -0.688829 12.8699 11.663
      vertex -1.00003 12.8563 11.4966
    endloop
  endfacet
  facet normal 0.471528 0 -0.881851
    outer loop
      vertex -0.688829 12.8699 11.663
      vertex -1.00003 19.8563 11.4966
      vertex -0.688829 19.8699 11.663
    endloop
  endfacet
  facet normal 0.471528 0 -0.881851
    outer loop
      vertex -1.00003 -19.8563 11.4966
      vertex -0.688829 -12.8699 11.663
      vertex -0.688829 -19.8699 11.663
    endloop
  endfacet
  facet normal 0.471528 0 -0.881851
    outer loop
      vertex -0.688829 -12.8699 11.663
      vertex -1.00003 -19.8563 11.4966
      vertex -1.00003 -12.8563 11.4966
    endloop
  endfacet
  facet normal 0.290206 0 -0.956964
    outer loop
      vertex -0.688829 19.8699 11.663
      vertex -0.351162 12.8847 11.7654
      vertex -0.688829 12.8699 11.663
    endloop
  endfacet
  facet normal 0.290206 0 -0.956964
    outer loop
      vertex -0.351162 12.8847 11.7654
      vertex -0.688829 19.8699 11.663
      vertex -0.351162 19.8847 11.7654
    endloop
  endfacet
  facet normal 0.290206 0 -0.956964
    outer loop
      vertex -0.688829 -19.8699 11.663
      vertex -0.351162 -12.8847 11.7654
      vertex -0.351162 -19.8847 11.7654
    endloop
  endfacet
  facet normal 0.290206 0 -0.956964
    outer loop
      vertex -0.351162 -12.8847 11.7654
      vertex -0.688829 -19.8699 11.663
      vertex -0.688829 -12.8699 11.663
    endloop
  endfacet
  facet normal -0.995184 0 0.0980277
    outer loop
      vertex 1.76541 -12.7665 9.64884
      vertex 1.8 -19.8156 10
      vertex 1.8 -12.762 10
    endloop
  endfacet
  facet normal -0.995184 0 0.0980277
    outer loop
      vertex 1.8 -19.8156 10
      vertex 1.76541 -12.7665 9.64884
      vertex 1.76541 -19.8202 9.64884
    endloop
  endfacet
  facet normal -0.995184 0 0.0980277
    outer loop
      vertex 1.76541 12.7665 9.64884
      vertex 1.8 19.8156 10
      vertex 1.76541 19.8202 9.64884
    endloop
  endfacet
  facet normal -0.995184 0 0.0980277
    outer loop
      vertex 1.8 19.8156 10
      vertex 1.76541 12.7665 9.64884
      vertex 1.8 12.762 10
    endloop
  endfacet
  facet normal 0.290284 0 0.95694
    outer loop
      vertex -0.688829 19.8699 8.33702
      vertex -0.351162 17.6301 8.23459
      vertex -0.351162 19.8847 8.23459
    endloop
  endfacet
  facet normal 0.290241 -7.11753e-06 0.956954
    outer loop
      vertex -0.351162 17.6301 8.23459
      vertex -0.688829 19.8699 8.33702
      vertex -0.497488 17.601 8.27897
    endloop
  endfacet
  facet normal 0.290318 0 0.95693
    outer loop
      vertex -0.497488 17.601 8.27897
      vertex -0.688829 19.8699 8.33702
      vertex -0.688829 17.4732 8.33702
    endloop
  endfacet
  facet normal 0.290241 7.11753e-06 0.956954
    outer loop
      vertex -0.688829 -19.8699 8.33702
      vertex -0.351162 -17.6301 8.23459
      vertex -0.497488 -17.601 8.27897
    endloop
  endfacet
  facet normal 0.290318 -0 0.95693
    outer loop
      vertex -0.688829 -19.8699 8.33702
      vertex -0.497488 -17.601 8.27897
      vertex -0.688829 -17.4732 8.33702
    endloop
  endfacet
  facet normal 0.290284 0 0.95694
    outer loop
      vertex -0.351162 -17.6301 8.23459
      vertex -0.688829 -19.8699 8.33702
      vertex -0.351162 -19.8847 8.23459
    endloop
  endfacet
  facet normal 0.290284 0 0.95694
    outer loop
      vertex -0.688829 -12.8699 8.33702
      vertex -0.351162 -15.1699 8.23459
      vertex -0.351162 -12.8847 8.23459
    endloop
  endfacet
  facet normal 0.290241 -6.93652e-06 0.956954
    outer loop
      vertex -0.351162 -15.1699 8.23459
      vertex -0.688829 -12.8699 8.33702
      vertex -0.497488 -15.199 8.27897
    endloop
  endfacet
  facet normal 0.290318 0 0.95693
    outer loop
      vertex -0.497488 -15.199 8.27897
      vertex -0.688829 -12.8699 8.33702
      vertex -0.688829 -15.3268 8.33702
    endloop
  endfacet
  facet normal 0.290241 6.93652e-06 0.956954
    outer loop
      vertex -0.688829 12.8699 8.33702
      vertex -0.351162 15.1699 8.23459
      vertex -0.497488 15.199 8.27897
    endloop
  endfacet
  facet normal 0.290318 -0 0.95693
    outer loop
      vertex -0.688829 12.8699 8.33702
      vertex -0.497488 15.199 8.27897
      vertex -0.688829 15.3268 8.33702
    endloop
  endfacet
  facet normal 0.290284 0 0.95694
    outer loop
      vertex -0.351162 15.1699 8.23459
      vertex -0.688829 12.8699 8.33702
      vertex -0.351162 12.8847 8.23459
    endloop
  endfacet
  facet normal 0.634311 0 -0.773078
    outer loop
      vertex -1.27279 -19.8444 11.2728
      vertex -1.00003 -12.8563 11.4966
      vertex -1.00003 -19.8563 11.4966
    endloop
  endfacet
  facet normal 0.634416 -6.80269e-06 -0.772992
    outer loop
      vertex -1.00003 -12.8563 11.4966
      vertex -1.27279 -19.8444 11.2728
      vertex -1.12431 -12.8509 11.3946
    endloop
  endfacet
  facet normal 0.634224 0 -0.773149
    outer loop
      vertex -1.12431 -12.8509 11.3946
      vertex -1.27279 -19.8444 11.2728
      vertex -1.27279 -12.8314 11.2728
    endloop
  endfacet
  facet normal 0.634416 6.80269e-06 -0.772992
    outer loop
      vertex -1.27279 19.8444 11.2728
      vertex -1.00003 12.8563 11.4966
      vertex -1.12431 12.8509 11.3946
    endloop
  endfacet
  facet normal 0.634224 0 -0.773149
    outer loop
      vertex -1.27279 19.8444 11.2728
      vertex -1.12431 12.8509 11.3946
      vertex -1.27279 12.8314 11.2728
    endloop
  endfacet
  facet normal 0.634311 0 -0.773078
    outer loop
      vertex -1.00003 12.8563 11.4966
      vertex -1.27279 19.8444 11.2728
      vertex -1.00003 19.8563 11.4966
    endloop
  endfacet
  facet normal 0.956941 -0 0.290282
    outer loop
      vertex -1.76541 -19.8202 9.64884
      vertex -1.66298 -12.78 9.31117
      vertex -1.76541 -12.7665 9.64884
    endloop
  endfacet
  facet normal 0.956951 -1.72037e-06 0.290249
    outer loop
      vertex -1.7344 -19.8243 9.5466
      vertex -1.66298 -12.78 9.31117
      vertex -1.76541 -19.8202 9.64884
    endloop
  endfacet
  facet normal 0.956937 0 0.290296
    outer loop
      vertex -1.66298 -12.78 9.31117
      vertex -1.7344 -19.8243 9.5466
      vertex -1.66298 -19.8274 9.31117
    endloop
  endfacet
  facet normal 0.956951 1.72037e-06 0.290249
    outer loop
      vertex -1.66298 12.78 9.31117
      vertex -1.7344 19.8243 9.5466
      vertex -1.76541 19.8202 9.64884
    endloop
  endfacet
  facet normal 0.956937 0 0.290296
    outer loop
      vertex -1.7344 19.8243 9.5466
      vertex -1.66298 12.78 9.31117
      vertex -1.66298 19.8274 9.31117
    endloop
  endfacet
  facet normal 0.956941 0 0.290282
    outer loop
      vertex -1.66298 12.78 9.31117
      vertex -1.76541 19.8202 9.64884
      vertex -1.76541 12.7665 9.64884
    endloop
  endfacet
  facet normal -0.290206 -0 -0.956964
    outer loop
      vertex 0.351162 -12.8847 11.7654
      vertex 0.688829 -19.8699 11.663
      vertex 0.351162 -19.8847 11.7654
    endloop
  endfacet
  facet normal -0.290206 0 -0.956964
    outer loop
      vertex 0.688829 -19.8699 11.663
      vertex 0.351162 -12.8847 11.7654
      vertex 0.688829 -12.8699 11.663
    endloop
  endfacet
  facet normal -0.290206 0 -0.956964
    outer loop
      vertex 0.351162 12.8847 11.7654
      vertex 0.688829 19.8699 11.663
      vertex 0.688829 12.8699 11.663
    endloop
  endfacet
  facet normal -0.290206 0 -0.956964
    outer loop
      vertex 0.688829 19.8699 11.663
      vertex 0.351162 12.8847 11.7654
      vertex 0.351162 19.8847 11.7654
    endloop
  endfacet
  facet normal -0.773054 0 -0.63434
    outer loop
      vertex 1.49664 -19.8347 11
      vertex 1.27279 -12.8314 11.2728
      vertex 1.49664 -12.8019 11
    endloop
  endfacet
  facet normal -0.773054 -0 -0.63434
    outer loop
      vertex 1.27279 -12.8314 11.2728
      vertex 1.49664 -19.8347 11
      vertex 1.27279 -19.8444 11.2728
    endloop
  endfacet
  facet normal -0.773054 0 -0.63434
    outer loop
      vertex 1.49664 19.8347 11
      vertex 1.27279 12.8314 11.2728
      vertex 1.27279 19.8444 11.2728
    endloop
  endfacet
  facet normal -0.773054 0 -0.63434
    outer loop
      vertex 1.27279 12.8314 11.2728
      vertex 1.49664 19.8347 11
      vertex 1.49664 12.8019 11
    endloop
  endfacet
  facet normal 0.881921 0 -0.471397
    outer loop
      vertex -1.49664 -12.8019 11
      vertex -1.66298 -19.8274 10.6888
      vertex -1.66298 -12.78 10.6888
    endloop
  endfacet
  facet normal 0.881921 0 -0.471397
    outer loop
      vertex -1.66298 -19.8274 10.6888
      vertex -1.49664 -12.8019 11
      vertex -1.49664 -19.8347 11
    endloop
  endfacet
  facet normal 0.881921 0 -0.471397
    outer loop
      vertex -1.49664 12.8019 11
      vertex -1.66298 19.8274 10.6888
      vertex -1.49664 19.8347 11
    endloop
  endfacet
  facet normal 0.881921 0 -0.471397
    outer loop
      vertex -1.66298 19.8274 10.6888
      vertex -1.49664 12.8019 11
      vertex -1.66298 12.78 10.6888
    endloop
  endfacet
  facet normal 0.995185 0 -0.0980166
    outer loop
      vertex -1.76541 -12.7665 10.3512
      vertex -1.8 -19.8156 10
      vertex -1.8 -12.762 10
    endloop
  endfacet
  facet normal 0.995185 0 -0.0980166
    outer loop
      vertex -1.8 -19.8156 10
      vertex -1.76541 -12.7665 10.3512
      vertex -1.76541 -19.8202 10.3512
    endloop
  endfacet
  facet normal 0.995185 0 -0.0980166
    outer loop
      vertex -1.76541 12.7665 10.3512
      vertex -1.8 19.8156 10
      vertex -1.76541 19.8202 10.3512
    endloop
  endfacet
  facet normal 0.995185 0 -0.0980166
    outer loop
      vertex -1.8 19.8156 10
      vertex -1.76541 12.7665 10.3512
      vertex -1.8 12.762 10
    endloop
  endfacet
  facet normal -0.0980552 -0 -0.995181
    outer loop
      vertex 0 -12.9 11.8
      vertex 0.351162 -19.8847 11.7654
      vertex 0 -19.9 11.8
    endloop
  endfacet
  facet normal -0.0980552 0 -0.995181
    outer loop
      vertex 0.351162 -19.8847 11.7654
      vertex 0 -12.9 11.8
      vertex 0.351162 -12.8847 11.7654
    endloop
  endfacet
  facet normal -0.0980552 0 -0.995181
    outer loop
      vertex 0 12.9 11.8
      vertex 0.351162 19.8847 11.7654
      vertex 0.351162 12.8847 11.7654
    endloop
  endfacet
  facet normal -0.0980552 0 -0.995181
    outer loop
      vertex 0.351162 19.8847 11.7654
      vertex 0 12.9 11.8
      vertex 0 19.9 11.8
    endloop
  endfacet
  facet normal -0.634434 0 0.772977
    outer loop
      vertex 1.27279 -12.8314 8.72721
      vertex 1.20104 -15.9025 8.66832
      vertex 1.27279 -16.2632 8.72721
    endloop
  endfacet
  facet normal -0.634411 -3.79249e-07 0.772996
    outer loop
      vertex 1.00003 -15.6017 8.50335
      vertex 1.27279 -12.8314 8.72721
      vertex 1.12431 -12.8509 8.60535
    endloop
  endfacet
  facet normal -0.634416 0 0.772992
    outer loop
      vertex 1.00003 -15.6017 8.50335
      vertex 1.12431 -12.8509 8.60535
      vertex 1.00003 -12.8563 8.50335
    endloop
  endfacet
  facet normal -0.634407 -1.06639e-06 0.773
    outer loop
      vertex 1.27279 -12.8314 8.72721
      vertex 1.00003 -15.6017 8.50335
      vertex 1.20104 -15.9025 8.66832
    endloop
  endfacet
  facet normal -0.634434 0 0.772977
    outer loop
      vertex 1.20104 15.9025 8.66832
      vertex 1.27279 12.8314 8.72721
      vertex 1.27279 16.2632 8.72721
    endloop
  endfacet
  facet normal -0.634407 1.06639e-06 0.773
    outer loop
      vertex 1.00003 15.6017 8.50335
      vertex 1.27279 12.8314 8.72721
      vertex 1.20104 15.9025 8.66832
    endloop
  endfacet
  facet normal -0.634411 3.79249e-07 0.772996
    outer loop
      vertex 1.27279 12.8314 8.72721
      vertex 1.00003 15.6017 8.50335
      vertex 1.12431 12.8509 8.60535
    endloop
  endfacet
  facet normal -0.634416 0 0.772992
    outer loop
      vertex 1.12431 12.8509 8.60535
      vertex 1.00003 15.6017 8.50335
      vertex 1.00003 12.8563 8.50335
    endloop
  endfacet
  facet normal -0.634434 0 0.772977
    outer loop
      vertex 1.20104 -16.8975 8.66832
      vertex 1.27279 -19.8444 8.72721
      vertex 1.27279 -16.5368 8.72721
    endloop
  endfacet
  facet normal -0.634407 1.10976e-06 0.773
    outer loop
      vertex 1.00003 -17.1983 8.50335
      vertex 1.27279 -19.8444 8.72721
      vertex 1.20104 -16.8975 8.66832
    endloop
  endfacet
  facet normal -0.634413 0 0.772994
    outer loop
      vertex 1.27279 -19.8444 8.72721
      vertex 1.00003 -17.1983 8.50335
      vertex 1.00003 -19.8563 8.50335
    endloop
  endfacet
  facet normal -0.634434 0 0.772977
    outer loop
      vertex 1.27279 19.8444 8.72721
      vertex 1.20104 16.8975 8.66832
      vertex 1.27279 16.5368 8.72721
    endloop
  endfacet
  facet normal -0.634413 0 0.772994
    outer loop
      vertex 1.00003 17.1983 8.50335
      vertex 1.27279 19.8444 8.72721
      vertex 1.00003 19.8563 8.50335
    endloop
  endfacet
  facet normal -0.634407 -1.10976e-06 0.773
    outer loop
      vertex 1.27279 19.8444 8.72721
      vertex 1.00003 17.1983 8.50335
      vertex 1.20104 16.8975 8.66832
    endloop
  endfacet
  facet normal 0.773008 0 0.634396
    outer loop
      vertex -1.49664 -12.8019 8.99997
      vertex -1.27279 -16.2632 8.72721
      vertex -1.27279 -12.8314 8.72721
    endloop
  endfacet
  facet normal 0.772971 -5.95834e-06 0.634441
    outer loop
      vertex -1.49664 -12.8019 8.99997
      vertex -1.3 -16.4 8.76036
      vertex -1.27279 -16.2632 8.72721
    endloop
  endfacet
  facet normal 0.773015 -0 0.634388
    outer loop
      vertex -1.49664 -19.8347 8.99997
      vertex -1.3 -16.4 8.76036
      vertex -1.49664 -12.8019 8.99997
    endloop
  endfacet
  facet normal 0.772972 6.17844e-06 0.634441
    outer loop
      vertex -1.49664 -19.8347 8.99997
      vertex -1.27279 -16.5368 8.72721
      vertex -1.3 -16.4 8.76036
    endloop
  endfacet
  facet normal 0.773008 0 0.634396
    outer loop
      vertex -1.27279 -16.5368 8.72721
      vertex -1.49664 -19.8347 8.99997
      vertex -1.27279 -19.8444 8.72721
    endloop
  endfacet
  facet normal 0.773008 0 0.634396
    outer loop
      vertex -1.49664 19.8347 8.99997
      vertex -1.27279 16.5368 8.72721
      vertex -1.27279 19.8444 8.72721
    endloop
  endfacet
  facet normal 0.772972 -6.17844e-06 0.634441
    outer loop
      vertex -1.49664 19.8347 8.99997
      vertex -1.3 16.4 8.76036
      vertex -1.27279 16.5368 8.72721
    endloop
  endfacet
  facet normal 0.772971 5.95834e-06 0.634441
    outer loop
      vertex -1.49664 12.8019 8.99997
      vertex -1.27279 16.2632 8.72721
      vertex -1.3 16.4 8.76036
    endloop
  endfacet
  facet normal 0.773015 -0 0.634388
    outer loop
      vertex -1.49664 12.8019 8.99997
      vertex -1.3 16.4 8.76036
      vertex -1.49664 19.8347 8.99997
    endloop
  endfacet
  facet normal 0.773008 0 0.634396
    outer loop
      vertex -1.27279 16.2632 8.72721
      vertex -1.49664 12.8019 8.99997
      vertex -1.27279 12.8314 8.72721
    endloop
  endfacet
  facet normal 0.634416 0 0.772992
    outer loop
      vertex -1.12431 -12.8509 8.60535
      vertex -1.00003 -15.6017 8.50335
      vertex -1.00003 -12.8563 8.50335
    endloop
  endfacet
  facet normal 0.634411 -3.79249e-07 0.772996
    outer loop
      vertex -1.27279 -12.8314 8.72721
      vertex -1.00003 -15.6017 8.50335
      vertex -1.12431 -12.8509 8.60535
    endloop
  endfacet
  facet normal 0.634407 -1.06639e-06 0.773
    outer loop
      vertex -1.00003 -15.6017 8.50335
      vertex -1.27279 -12.8314 8.72721
      vertex -1.20104 -15.9025 8.66832
    endloop
  endfacet
  facet normal 0.634434 0 0.772977
    outer loop
      vertex -1.20104 -15.9025 8.66832
      vertex -1.27279 -12.8314 8.72721
      vertex -1.27279 -16.2632 8.72721
    endloop
  endfacet
  facet normal 0.634416 0 0.772992
    outer loop
      vertex -1.00003 15.6017 8.50335
      vertex -1.12431 12.8509 8.60535
      vertex -1.00003 12.8563 8.50335
    endloop
  endfacet
  facet normal 0.634407 1.06639e-06 0.773
    outer loop
      vertex -1.27279 12.8314 8.72721
      vertex -1.00003 15.6017 8.50335
      vertex -1.20104 15.9025 8.66832
    endloop
  endfacet
  facet normal 0.634434 -0 0.772977
    outer loop
      vertex -1.27279 12.8314 8.72721
      vertex -1.20104 15.9025 8.66832
      vertex -1.27279 16.2632 8.72721
    endloop
  endfacet
  facet normal 0.634411 3.79249e-07 0.772996
    outer loop
      vertex -1.00003 15.6017 8.50335
      vertex -1.27279 12.8314 8.72721
      vertex -1.12431 12.8509 8.60535
    endloop
  endfacet
  facet normal 0.634407 1.10976e-06 0.773
    outer loop
      vertex -1.27279 -19.8444 8.72721
      vertex -1.00003 -17.1983 8.50335
      vertex -1.20104 -16.8975 8.66832
    endloop
  endfacet
  facet normal 0.634434 -0 0.772977
    outer loop
      vertex -1.27279 -19.8444 8.72721
      vertex -1.20104 -16.8975 8.66832
      vertex -1.27279 -16.5368 8.72721
    endloop
  endfacet
  facet normal 0.634413 0 0.772994
    outer loop
      vertex -1.00003 -17.1983 8.50335
      vertex -1.27279 -19.8444 8.72721
      vertex -1.00003 -19.8563 8.50335
    endloop
  endfacet
  facet normal 0.634413 0 0.772994
    outer loop
      vertex -1.27279 19.8444 8.72721
      vertex -1.00003 17.1983 8.50335
      vertex -1.00003 19.8563 8.50335
    endloop
  endfacet
  facet normal 0.634407 -1.10976e-06 0.773
    outer loop
      vertex -1.00003 17.1983 8.50335
      vertex -1.27279 19.8444 8.72721
      vertex -1.20104 16.8975 8.66832
    endloop
  endfacet
  facet normal 0.634434 0 0.772977
    outer loop
      vertex -1.20104 16.8975 8.66832
      vertex -1.27279 19.8444 8.72721
      vertex -1.27279 16.5368 8.72721
    endloop
  endfacet
  facet normal 0.956924 0 -0.290337
    outer loop
      vertex -1.66298 -12.78 10.6888
      vertex -1.76541 -19.8202 10.3512
      vertex -1.76541 -12.7665 10.3512
    endloop
  endfacet
  facet normal 0.95692 8.36268e-07 -0.290353
    outer loop
      vertex -1.66298 -12.78 10.6888
      vertex -1.7344 -19.8243 10.4534
      vertex -1.76541 -19.8202 10.3512
    endloop
  endfacet
  facet normal 0.956927 0 -0.29033
    outer loop
      vertex -1.7344 -19.8243 10.4534
      vertex -1.66298 -12.78 10.6888
      vertex -1.66298 -19.8274 10.6888
    endloop
  endfacet
  facet normal 0.956927 0 -0.29033
    outer loop
      vertex -1.66298 12.78 10.6888
      vertex -1.7344 19.8243 10.4534
      vertex -1.66298 19.8274 10.6888
    endloop
  endfacet
  facet normal 0.95692 -8.36268e-07 -0.290353
    outer loop
      vertex -1.7344 19.8243 10.4534
      vertex -1.66298 12.78 10.6888
      vertex -1.76541 19.8202 10.3512
    endloop
  endfacet
  facet normal 0.956924 0 -0.290337
    outer loop
      vertex -1.76541 19.8202 10.3512
      vertex -1.66298 12.78 10.6888
      vertex -1.76541 12.7665 10.3512
    endloop
  endfacet
  facet normal 0.471378 -7.00478e-07 0.881931
    outer loop
      vertex -1.00003 -19.8563 8.50335
      vertex -0.688829 -17.4732 8.33702
      vertex -0.919238 -17.3192 8.46017
    endloop
  endfacet
  facet normal 0.471361 -0 0.88194
    outer loop
      vertex -1.00003 -19.8563 8.50335
      vertex -0.919238 -17.3192 8.46017
      vertex -1.00003 -17.1983 8.50335
    endloop
  endfacet
  facet normal 0.471374 0 0.881934
    outer loop
      vertex -0.688829 -17.4732 8.33702
      vertex -1.00003 -19.8563 8.50335
      vertex -0.688829 -19.8699 8.33702
    endloop
  endfacet
  facet normal 0.471374 0 0.881934
    outer loop
      vertex -1.00003 -12.8563 8.50335
      vertex -0.688829 -15.3268 8.33702
      vertex -0.688829 -12.8699 8.33702
    endloop
  endfacet
  facet normal 0.471378 6.77621e-07 0.881931
    outer loop
      vertex -0.688829 -15.3268 8.33702
      vertex -1.00003 -12.8563 8.50335
      vertex -0.919238 -15.4808 8.46017
    endloop
  endfacet
  facet normal 0.471361 0 0.88194
    outer loop
      vertex -0.919238 -15.4808 8.46017
      vertex -1.00003 -12.8563 8.50335
      vertex -1.00003 -15.6017 8.50335
    endloop
  endfacet
  facet normal 0.471378 -6.77621e-07 0.881931
    outer loop
      vertex -1.00003 12.8563 8.50335
      vertex -0.688829 15.3268 8.33702
      vertex -0.919238 15.4808 8.46017
    endloop
  endfacet
  facet normal 0.471361 -0 0.88194
    outer loop
      vertex -1.00003 12.8563 8.50335
      vertex -0.919238 15.4808 8.46017
      vertex -1.00003 15.6017 8.50335
    endloop
  endfacet
  facet normal 0.471374 0 0.881934
    outer loop
      vertex -0.688829 15.3268 8.33702
      vertex -1.00003 12.8563 8.50335
      vertex -0.688829 12.8699 8.33702
    endloop
  endfacet
  facet normal 0.471374 0 0.881934
    outer loop
      vertex -1.00003 19.8563 8.50335
      vertex -0.688829 17.4732 8.33702
      vertex -0.688829 19.8699 8.33702
    endloop
  endfacet
  facet normal 0.471378 7.00478e-07 0.881931
    outer loop
      vertex -0.688829 17.4732 8.33702
      vertex -1.00003 19.8563 8.50335
      vertex -0.919238 17.3192 8.46017
    endloop
  endfacet
  facet normal 0.471361 0 0.88194
    outer loop
      vertex -0.919238 17.3192 8.46017
      vertex -1.00003 19.8563 8.50335
      vertex -1.00003 17.1983 8.50335
    endloop
  endfacet
  facet normal 0.995184 -0 0.0980277
    outer loop
      vertex -1.8 -19.8156 10
      vertex -1.76541 -12.7665 9.64884
      vertex -1.8 -12.762 10
    endloop
  endfacet
  facet normal 0.995184 0 0.0980277
    outer loop
      vertex -1.76541 -12.7665 9.64884
      vertex -1.8 -19.8156 10
      vertex -1.76541 -19.8202 9.64884
    endloop
  endfacet
  facet normal 0.995184 0 0.0980277
    outer loop
      vertex -1.8 19.8156 10
      vertex -1.76541 12.7665 9.64884
      vertex -1.76541 19.8202 9.64884
    endloop
  endfacet
  facet normal 0.995184 0 0.0980277
    outer loop
      vertex -1.76541 12.7665 9.64884
      vertex -1.8 19.8156 10
      vertex -1.8 12.762 10
    endloop
  endfacet
  facet normal 0.0309438 -0.0309438 0.999042
    outer loop
      vertex 13.9299 14.2011 10.8084
      vertex 9.12168 9.12168 10.8
      vertex 14.0714 14.0714 10.8
    endloop
  endfacet
  facet normal 0.0309485 -0.0309482 0.999042
    outer loop
      vertex 9.12168 9.12168 10.8
      vertex 13.9299 14.2011 10.8084
      vertex 8.98018 9.25134 10.8084
    endloop
  endfacet
  facet normal 0.270511 -0.270507 0.923932
    outer loop
      vertex 13.3853 14.7002 11.0061
      vertex 8.56639 9.63051 10.9327
      vertex 13.5161 14.5803 10.9327
    endloop
  endfacet
  facet normal 0.270454 -0.270453 0.923964
    outer loop
      vertex 8.56639 9.63051 10.9327
      vertex 13.3853 14.7002 11.0061
      vertex 8.43553 9.75041 11.0061
    endloop
  endfacet
  facet normal 0.653324 -0.653329 0.382531
    outer loop
      vertex 7.59613 10.4159 12.0702
      vertex 12.5251 15.4487 12.2476
      vertex 7.53736 10.461 12.2476
    endloop
  endfacet
  facet normal 0.653392 -0.653389 0.382311
    outer loop
      vertex 12.5251 15.4487 12.2476
      vertex 7.59613 10.4159 12.0702
      vertex 12.5838 15.4036 12.0702
    endloop
  endfacet
  facet normal -0.380128 0.380125 -0.843213
    outer loop
      vertex 9.88197 8.29196 14.8898
      vertex 14.9247 13.1402 14.8021
      vertex 9.96644 8.18189 14.8021
    endloop
  endfacet
  facet normal -0.38015 0.380147 -0.843193
    outer loop
      vertex 9.86553 8.3099 14.9053
      vertex 14.9247 13.1402 14.8021
      vertex 9.88197 8.29196 14.8898
    endloop
  endfacet
  facet normal -0.380269 0.380274 -0.843082
    outer loop
      vertex 14.9247 13.1402 14.8021
      vertex 9.86553 8.3099 14.9053
      vertex 14.8153 13.2596 14.9053
    endloop
  endfacet
  facet normal -0.596446 0.596441 0.537131
    outer loop
      vertex 10.2982 7.74956 11.7381
      vertex 15.3492 12.6548 11.9
      vertex 15.2859 12.7373 11.7381
    endloop
  endfacet
  facet normal -0.596435 0.596429 0.537157
    outer loop
      vertex 15.3492 12.6548 11.9
      vertex 10.2982 7.74956 11.7381
      vertex 10.3615 7.66705 11.9
    endloop
  endfacet
  facet normal 0.092111 -0.0921103 0.991479
    outer loop
      vertex 13.7895 14.3298 10.8334
      vertex 8.98018 9.25134 10.8084
      vertex 13.9299 14.2011 10.8084
    endloop
  endfacet
  facet normal 0.0921076 -0.092107 0.99148
    outer loop
      vertex 8.98018 9.25134 10.8084
      vertex 13.7895 14.3298 10.8334
      vertex 8.83975 9.38002 10.8334
    endloop
  endfacet
  facet normal 0.521293 -0.521292 0.675654
    outer loop
      vertex 12.8277 15.2111 11.5859
      vertex 7.94681 10.1468 11.4444
      vertex 12.9234 15.1234 11.4444
    endloop
  endfacet
  facet normal 0.52136 -0.521354 0.675554
    outer loop
      vertex 7.94681 10.1468 11.4444
      vertex 12.8277 15.2111 11.5859
      vertex 7.84306 10.2264 11.5859
    endloop
  endfacet
  facet normal -0.706427 0.706426 -0.0438522
    outer loop
      vertex 15.5302 12.4189 13
      vertex 10.5373 7.43789 13.1917
      vertex 15.525 12.4256 13.1917
    endloop
  endfacet
  facet normal -0.706427 0.706426 -0.0438522
    outer loop
      vertex 10.5373 7.43789 13.1917
      vertex 15.5302 12.4189 13
      vertex 10.5425 7.43119 13
    endloop
  endfacet
  facet normal -0.430294 0.43029 0.793535
    outer loop
      vertex 9.96644 8.18189 11.1979
      vertex 15.0277 13.0278 11.3147
      vertex 14.9247 13.1402 11.1979
    endloop
  endfacet
  facet normal -0.430403 0.430407 0.793412
    outer loop
      vertex 15.0277 13.0278 11.3147
      vertex 9.96644 8.18189 11.1979
      vertex 10.0599 8.06004 11.3147
    endloop
  endfacet
  facet normal -0.521292 0.521293 0.675654
    outer loop
      vertex 10.1468 7.94681 11.4444
      vertex 15.2111 12.8277 11.5859
      vertex 15.1234 12.9234 11.4444
    endloop
  endfacet
  facet normal -0.521354 0.52136 0.675554
    outer loop
      vertex 15.2111 12.8277 11.5859
      vertex 10.1468 7.94681 11.4444
      vertex 10.2264 7.84306 11.5859
    endloop
  endfacet
  facet normal -0.690318 0.690323 -0.2166
    outer loop
      vertex 10.5219 7.45794 13.382
      vertex 15.4841 12.4789 13.5694
      vertex 15.5096 12.4456 13.382
    endloop
  endfacet
  facet normal -0.690355 0.690352 -0.216389
    outer loop
      vertex 15.4841 12.4789 13.5694
      vertex 10.5219 7.45794 13.382
      vertex 10.4964 7.49118 13.5694
    endloop
  endfacet
  facet normal -0.674382 0.674377 0.300707
    outer loop
      vertex 10.461 7.53736 12.2476
      vertex 15.4841 12.4789 12.4306
      vertex 15.4487 12.5251 12.2476
    endloop
  endfacet
  facet normal -0.674396 0.674393 0.30064
    outer loop
      vertex 15.4841 12.4789 12.4306
      vertex 10.461 7.53736 12.2476
      vertex 10.4964 7.49118 12.4306
    endloop
  endfacet
  facet normal -0.477768 0.477769 -0.737207
    outer loop
      vertex 10.0599 8.06004 14.6853
      vertex 15.1234 12.9234 14.5556
      vertex 10.1468 7.94681 14.5556
    endloop
  endfacet
  facet normal -0.477805 0.477809 -0.737157
    outer loop
      vertex 15.1234 12.9234 14.5556
      vertex 10.0599 8.06004 14.6853
      vertex 15.0277 13.0278 14.6853
    endloop
  endfacet
  facet normal 0.477809 -0.477805 -0.737157
    outer loop
      vertex 8.06004 10.0599 14.6853
      vertex 12.9234 15.1234 14.5556
      vertex 13.0278 15.0277 14.6853
    endloop
  endfacet
  facet normal 0.477769 -0.477768 -0.737207
    outer loop
      vertex 12.9234 15.1234 14.5556
      vertex 8.06004 10.0599 14.6853
      vertex 7.94681 10.1468 14.5556
    endloop
  endfacet
  facet normal 0.212559 -0.212557 0.953749
    outer loop
      vertex 13.5161 14.5803 10.9327
      vertex 8.70147 9.50673 10.875
      vertex 13.6512 14.4565 10.875
    endloop
  endfacet
  facet normal 0.21259 -0.212586 0.953736
    outer loop
      vertex 8.70147 9.50673 10.875
      vertex 13.5161 14.5803 10.9327
      vertex 8.56639 9.63051 10.9327
    endloop
  endfacet
  facet normal -0.0921103 0.092111 0.991479
    outer loop
      vertex 9.25134 8.98018 10.8084
      vertex 14.3298 13.7895 10.8334
      vertex 14.2011 13.9299 10.8084
    endloop
  endfacet
  facet normal -0.092107 0.0921076 0.99148
    outer loop
      vertex 14.3298 13.7895 10.8334
      vertex 9.25134 8.98018 10.8084
      vertex 9.38002 8.83975 10.8334
    endloop
  endfacet
  facet normal 0.627107 -0.627103 0.462038
    outer loop
      vertex 7.59613 10.4159 12.0702
      vertex 12.6548 15.3492 11.9
      vertex 12.5838 15.4036 12.0702
    endloop
  endfacet
  facet normal 0.627187 -0.627193 0.461806
    outer loop
      vertex 12.6548 15.3492 11.9
      vertex 7.59613 10.4159 12.0702
      vertex 7.66705 10.3615 11.9
    endloop
  endfacet
  facet normal -0.0309482 0.0309485 -0.999042
    outer loop
      vertex 9.12168 9.12168 15.2
      vertex 14.2011 13.9299 15.1916
      vertex 9.25134 8.98018 15.1916
    endloop
  endfacet
  facet normal -0.0309438 0.0309438 -0.999042
    outer loop
      vertex 14.2011 13.9299 15.1916
      vertex 9.12168 9.12168 15.2
      vertex 14.0714 14.0714 15.2
    endloop
  endfacet
  facet normal 0.521293 -0.521292 -0.675654
    outer loop
      vertex 7.94681 10.1468 14.5556
      vertex 12.8277 15.2111 14.4141
      vertex 12.9234 15.1234 14.5556
    endloop
  endfacet
  facet normal 0.52136 -0.521354 -0.675554
    outer loop
      vertex 12.8277 15.2111 14.4141
      vertex 7.94681 10.1468 14.5556
      vertex 7.84306 10.2264 14.4141
    endloop
  endfacet
  facet normal -0.690318 0.690323 0.2166
    outer loop
      vertex 15.4841 12.4789 12.4306
      vertex 10.5219 7.45794 12.618
      vertex 15.5096 12.4456 12.618
    endloop
  endfacet
  facet normal -0.690355 0.690352 0.216389
    outer loop
      vertex 10.5219 7.45794 12.618
      vertex 15.4841 12.4789 12.4306
      vertex 10.4964 7.49118 12.4306
    endloop
  endfacet
  facet normal 0.380274 -0.380269 0.843082
    outer loop
      vertex 13.1402 14.9247 11.1979
      vertex 8.3099 9.86553 11.0947
      vertex 13.2596 14.8153 11.0947
    endloop
  endfacet
  facet normal 0.380147 -0.38015 0.843193
    outer loop
      vertex 13.1402 14.9247 11.1979
      vertex 8.29196 9.88197 11.1102
      vertex 8.3099 9.86553 11.0947
    endloop
  endfacet
  facet normal 0.380125 -0.380128 0.843213
    outer loop
      vertex 8.29196 9.88197 11.1102
      vertex 13.1402 14.9247 11.1979
      vertex 8.18189 9.96644 11.1979
    endloop
  endfacet
  facet normal -0.706427 0.706426 0.0438522
    outer loop
      vertex 10.5373 7.43789 12.8083
      vertex 15.5302 12.4189 13
      vertex 15.525 12.4256 12.8083
    endloop
  endfacet
  facet normal -0.706427 0.706426 0.0438522
    outer loop
      vertex 15.5302 12.4189 13
      vertex 10.5373 7.43789 12.8083
      vertex 10.5425 7.43119 13
    endloop
  endfacet
  facet normal -0.270453 0.270454 -0.923964
    outer loop
      vertex 9.63051 8.56639 15.0673
      vertex 14.7002 13.3853 14.9939
      vertex 9.75041 8.43553 14.9939
    endloop
  endfacet
  facet normal -0.270507 0.270511 -0.923932
    outer loop
      vertex 14.7002 13.3853 14.9939
      vertex 9.63051 8.56639 15.0673
      vertex 14.5803 13.5161 15.0673
    endloop
  endfacet
  facet normal -0.326447 0.326452 -0.887052
    outer loop
      vertex 9.75041 8.43553 14.9939
      vertex 14.8153 13.2596 14.9053
      vertex 9.86553 8.3099 14.9053
    endloop
  endfacet
  facet normal -0.326396 0.326397 -0.887091
    outer loop
      vertex 14.8153 13.2596 14.9053
      vertex 9.75041 8.43553 14.9939
      vertex 14.7002 13.3853 14.9939
    endloop
  endfacet
  facet normal 0.477809 -0.477805 0.737157
    outer loop
      vertex 12.9234 15.1234 11.4444
      vertex 8.06004 10.0599 11.3147
      vertex 13.0278 15.0277 11.3147
    endloop
  endfacet
  facet normal 0.477769 -0.477768 0.737207
    outer loop
      vertex 8.06004 10.0599 11.3147
      vertex 12.9234 15.1234 11.4444
      vertex 7.94681 10.1468 11.4444
    endloop
  endfacet
  facet normal 0.092111 -0.0921103 -0.991479
    outer loop
      vertex 8.98018 9.25134 15.1916
      vertex 13.7895 14.3298 15.1666
      vertex 13.9299 14.2011 15.1916
    endloop
  endfacet
  facet normal 0.0921076 -0.092107 -0.99148
    outer loop
      vertex 13.7895 14.3298 15.1666
      vertex 8.98018 9.25134 15.1916
      vertex 8.83975 9.38002 15.1666
    endloop
  endfacet
  facet normal 0.15325 -0.15325 0.976232
    outer loop
      vertex 13.6512 14.4565 10.875
      vertex 8.83975 9.38002 10.8334
      vertex 13.7895 14.3298 10.8334
    endloop
  endfacet
  facet normal 0.153256 -0.153255 0.97623
    outer loop
      vertex 8.83975 9.38002 10.8334
      vertex 13.6512 14.4565 10.875
      vertex 8.70147 9.50673 10.875
    endloop
  endfacet
  facet normal 0.55076 -0.571726 -0.608106
    outer loop
      vertex 12.8277 15.2111 14.4141
      vertex 12.7373 15.2859 14.2619
      vertex 12.7915 15.2443 14.3501
    endloop
  endfacet
  facet normal 0.560941 -0.560934 -0.60885
    outer loop
      vertex 7.84306 10.2264 14.4141
      vertex 12.7373 15.2859 14.2619
      vertex 12.8277 15.2111 14.4141
    endloop
  endfacet
  facet normal 0.56081 -0.560814 -0.609081
    outer loop
      vertex 12.7373 15.2859 14.2619
      vertex 7.84306 10.2264 14.4141
      vertex 7.74956 10.2982 14.2619
    endloop
  endfacet
  facet normal -0.0309438 0.0309438 0.999042
    outer loop
      vertex 9.12168 9.12168 10.8
      vertex 14.2011 13.9299 10.8084
      vertex 14.0714 14.0714 10.8
    endloop
  endfacet
  facet normal -0.0309482 0.0309485 0.999042
    outer loop
      vertex 14.2011 13.9299 10.8084
      vertex 9.12168 9.12168 10.8
      vertex 9.25134 8.98018 10.8084
    endloop
  endfacet
  facet normal -0.092107 0.0921076 -0.99148
    outer loop
      vertex 9.25134 8.98018 15.1916
      vertex 14.3298 13.7895 15.1666
      vertex 9.38002 8.83975 15.1666
    endloop
  endfacet
  facet normal -0.0921103 0.092111 -0.991479
    outer loop
      vertex 14.3298 13.7895 15.1666
      vertex 9.25134 8.98018 15.1916
      vertex 14.2011 13.9299 15.1916
    endloop
  endfacet
  facet normal -0.701065 0.701071 0.130414
    outer loop
      vertex 10.5219 7.45794 12.618
      vertex 15.525 12.4256 12.8083
      vertex 15.5096 12.4456 12.618
    endloop
  endfacet
  facet normal -0.701052 0.70105 0.130595
    outer loop
      vertex 15.525 12.4256 12.8083
      vertex 10.5219 7.45794 12.618
      vertex 10.5373 7.43789 12.8083
    endloop
  endfacet
  facet normal 0.55076 -0.571726 0.608106
    outer loop
      vertex 12.7373 15.2859 11.7381
      vertex 12.8277 15.2111 11.5859
      vertex 12.7915 15.2443 11.6499
    endloop
  endfacet
  facet normal 0.560941 -0.560934 0.60885
    outer loop
      vertex 12.7373 15.2859 11.7381
      vertex 7.84306 10.2264 11.5859
      vertex 12.8277 15.2111 11.5859
    endloop
  endfacet
  facet normal 0.56081 -0.560814 0.609081
    outer loop
      vertex 7.84306 10.2264 11.5859
      vertex 12.7373 15.2859 11.7381
      vertex 7.74956 10.2982 11.7381
    endloop
  endfacet
  facet normal -0.153255 0.153256 -0.97623
    outer loop
      vertex 9.38002 8.83975 15.1666
      vertex 14.4565 13.6512 15.125
      vertex 9.50673 8.70147 15.125
    endloop
  endfacet
  facet normal -0.15325 0.15325 -0.976232
    outer loop
      vertex 14.4565 13.6512 15.125
      vertex 9.38002 8.83975 15.1666
      vertex 14.3298 13.7895 15.1666
    endloop
  endfacet
  facet normal 0.701067 -0.701069 -0.130414
    outer loop
      vertex 12.4456 15.5096 13.382
      vertex 7.43789 10.5373 13.1917
      vertex 12.4256 15.525 13.1917
    endloop
  endfacet
  facet normal 0.701054 -0.701048 -0.130595
    outer loop
      vertex 7.43789 10.5373 13.1917
      vertex 12.4456 15.5096 13.382
      vertex 7.45794 10.5219 13.382
    endloop
  endfacet
  facet normal 0.0309438 -0.0309438 -0.999042
    outer loop
      vertex 9.12168 9.12168 15.2
      vertex 13.9299 14.2011 15.1916
      vertex 14.0714 14.0714 15.2
    endloop
  endfacet
  facet normal 0.0309485 -0.0309482 -0.999042
    outer loop
      vertex 13.9299 14.2011 15.1916
      vertex 9.12168 9.12168 15.2
      vertex 8.98018 9.25134 15.1916
    endloop
  endfacet
  facet normal -0.326396 0.326397 0.887091
    outer loop
      vertex 9.75041 8.43553 11.0061
      vertex 14.8153 13.2596 11.0947
      vertex 14.7002 13.3853 11.0061
    endloop
  endfacet
  facet normal -0.326447 0.326452 0.887052
    outer loop
      vertex 14.8153 13.2596 11.0947
      vertex 9.75041 8.43553 11.0061
      vertex 9.86553 8.3099 11.0947
    endloop
  endfacet
  facet normal -0.477805 0.477809 0.737157
    outer loop
      vertex 10.0599 8.06004 11.3147
      vertex 15.1234 12.9234 11.4444
      vertex 15.0277 13.0278 11.3147
    endloop
  endfacet
  facet normal -0.477768 0.477769 0.737207
    outer loop
      vertex 15.1234 12.9234 11.4444
      vertex 10.0599 8.06004 11.3147
      vertex 10.1468 7.94681 11.4444
    endloop
  endfacet
  facet normal 0.326397 -0.326396 0.887091
    outer loop
      vertex 13.2596 14.8153 11.0947
      vertex 8.43553 9.75041 11.0061
      vertex 13.3853 14.7002 11.0061
    endloop
  endfacet
  facet normal 0.326452 -0.326447 0.887052
    outer loop
      vertex 8.43553 9.75041 11.0061
      vertex 13.2596 14.8153 11.0947
      vertex 8.3099 9.86553 11.0947
    endloop
  endfacet
  facet normal -0.571726 0.55076 0.608106
    outer loop
      vertex 15.2111 12.8277 11.5859
      vertex 15.2859 12.7373 11.7381
      vertex 15.2443 12.7915 11.6499
    endloop
  endfacet
  facet normal -0.560934 0.560941 0.60885
    outer loop
      vertex 10.2264 7.84306 11.5859
      vertex 15.2859 12.7373 11.7381
      vertex 15.2111 12.8277 11.5859
    endloop
  endfacet
  facet normal -0.560814 0.56081 0.609081
    outer loop
      vertex 15.2859 12.7373 11.7381
      vertex 10.2264 7.84306 11.5859
      vertex 10.2982 7.74956 11.7381
    endloop
  endfacet
  facet normal 0.270511 -0.270507 -0.923932
    outer loop
      vertex 8.56639 9.63051 15.0673
      vertex 13.3853 14.7002 14.9939
      vertex 13.5161 14.5803 15.0673
    endloop
  endfacet
  facet normal 0.270454 -0.270453 -0.923964
    outer loop
      vertex 13.3853 14.7002 14.9939
      vertex 8.56639 9.63051 15.0673
      vertex 8.43553 9.75041 14.9939
    endloop
  endfacet
  facet normal 0.701067 -0.701069 0.130414
    outer loop
      vertex 7.43789 10.5373 12.8083
      vertex 12.4456 15.5096 12.618
      vertex 12.4256 15.525 12.8083
    endloop
  endfacet
  facet normal 0.701054 -0.701048 0.130595
    outer loop
      vertex 12.4456 15.5096 12.618
      vertex 7.43789 10.5373 12.8083
      vertex 7.45794 10.5219 12.618
    endloop
  endfacet
  facet normal -0.653389 0.653392 0.382311
    outer loop
      vertex 10.4159 7.59613 12.0702
      vertex 15.4487 12.5251 12.2476
      vertex 15.4036 12.5838 12.0702
    endloop
  endfacet
  facet normal -0.653329 0.653324 0.382531
    outer loop
      vertex 15.4487 12.5251 12.2476
      vertex 10.4159 7.59613 12.0702
      vertex 10.461 7.53736 12.2476
    endloop
  endfacet
  facet normal -0.627108 0.627102 0.462038
    outer loop
      vertex 10.3615 7.66705 11.9
      vertex 15.4036 12.5838 12.0702
      vertex 15.3492 12.6548 11.9
    endloop
  endfacet
  facet normal -0.627188 0.627192 0.461807
    outer loop
      vertex 15.4036 12.5838 12.0702
      vertex 10.3615 7.66705 11.9
      vertex 10.4159 7.59613 12.0702
    endloop
  endfacet
  facet normal 0.596441 -0.596447 0.537131
    outer loop
      vertex 7.66705 10.3615 11.9
      vertex 12.7373 15.2859 11.7381
      vertex 12.6548 15.3492 11.9
    endloop
  endfacet
  facet normal 0.59643 -0.596434 0.537157
    outer loop
      vertex 12.7373 15.2859 11.7381
      vertex 7.66705 10.3615 11.9
      vertex 7.74956 10.2982 11.7381
    endloop
  endfacet
  facet normal 0.706426 -0.706427 0.0438522
    outer loop
      vertex 7.43119 10.5425 13
      vertex 12.4256 15.525 12.8083
      vertex 12.4189 15.5302 13
    endloop
  endfacet
  facet normal 0.706426 -0.706427 0.0438522
    outer loop
      vertex 12.4256 15.525 12.8083
      vertex 7.43119 10.5425 13
      vertex 7.43789 10.5373 12.8083
    endloop
  endfacet
  facet normal 0.326397 -0.326396 -0.887091
    outer loop
      vertex 8.43553 9.75041 14.9939
      vertex 13.2596 14.8153 14.9053
      vertex 13.3853 14.7002 14.9939
    endloop
  endfacet
  facet normal 0.326452 -0.326447 -0.887052
    outer loop
      vertex 13.2596 14.8153 14.9053
      vertex 8.43553 9.75041 14.9939
      vertex 8.3099 9.86553 14.9053
    endloop
  endfacet
  facet normal -0.701065 0.701071 -0.130414
    outer loop
      vertex 15.525 12.4256 13.1917
      vertex 10.5219 7.45794 13.382
      vertex 15.5096 12.4456 13.382
    endloop
  endfacet
  facet normal -0.701052 0.70105 -0.130595
    outer loop
      vertex 10.5219 7.45794 13.382
      vertex 15.525 12.4256 13.1917
      vertex 10.5373 7.43789 13.1917
    endloop
  endfacet
  facet normal -0.521354 0.52136 -0.675554
    outer loop
      vertex 10.1468 7.94681 14.5556
      vertex 15.2111 12.8277 14.4141
      vertex 10.2264 7.84306 14.4141
    endloop
  endfacet
  facet normal -0.521292 0.521293 -0.675654
    outer loop
      vertex 15.2111 12.8277 14.4141
      vertex 10.1468 7.94681 14.5556
      vertex 15.1234 12.9234 14.5556
    endloop
  endfacet
  facet normal -0.674382 0.674377 -0.300707
    outer loop
      vertex 15.4841 12.4789 13.5694
      vertex 10.461 7.53736 13.7524
      vertex 15.4487 12.5251 13.7524
    endloop
  endfacet
  facet normal -0.674396 0.674393 -0.30064
    outer loop
      vertex 10.461 7.53736 13.7524
      vertex 15.4841 12.4789 13.5694
      vertex 10.4964 7.49118 13.5694
    endloop
  endfacet
  facet normal -0.212557 0.212559 0.953749
    outer loop
      vertex 9.50673 8.70147 10.875
      vertex 14.5803 13.5161 10.9327
      vertex 14.4565 13.6512 10.875
    endloop
  endfacet
  facet normal -0.212586 0.21259 0.953736
    outer loop
      vertex 14.5803 13.5161 10.9327
      vertex 9.50673 8.70147 10.875
      vertex 9.63051 8.56639 10.9327
    endloop
  endfacet
  facet normal -0.15325 0.15325 0.976232
    outer loop
      vertex 9.38002 8.83975 10.8334
      vertex 14.4565 13.6512 10.875
      vertex 14.3298 13.7895 10.8334
    endloop
  endfacet
  facet normal -0.153255 0.153256 0.97623
    outer loop
      vertex 14.4565 13.6512 10.875
      vertex 9.38002 8.83975 10.8334
      vertex 9.50673 8.70147 10.875
    endloop
  endfacet
  facet normal 0.43029 -0.430294 0.793535
    outer loop
      vertex 13.0278 15.0277 11.3147
      vertex 8.18189 9.96644 11.1979
      vertex 13.1402 14.9247 11.1979
    endloop
  endfacet
  facet normal 0.430407 -0.430403 0.793412
    outer loop
      vertex 8.18189 9.96644 11.1979
      vertex 13.0278 15.0277 11.3147
      vertex 8.06004 10.0599 11.3147
    endloop
  endfacet
  facet normal 0.596441 -0.596447 -0.537131
    outer loop
      vertex 12.7373 15.2859 14.2619
      vertex 7.66705 10.3615 14.1
      vertex 12.6548 15.3492 14.1
    endloop
  endfacet
  facet normal 0.59643 -0.596434 -0.537157
    outer loop
      vertex 7.66705 10.3615 14.1
      vertex 12.7373 15.2859 14.2619
      vertex 7.74956 10.2982 14.2619
    endloop
  endfacet
  facet normal -0.380269 0.380274 0.843082
    outer loop
      vertex 9.86553 8.3099 11.0947
      vertex 14.9247 13.1402 11.1979
      vertex 14.8153 13.2596 11.0947
    endloop
  endfacet
  facet normal -0.380128 0.380125 0.843213
    outer loop
      vertex 14.9247 13.1402 11.1979
      vertex 9.88197 8.29196 11.1102
      vertex 9.96644 8.18189 11.1979
    endloop
  endfacet
  facet normal -0.38015 0.380147 0.843193
    outer loop
      vertex 14.9247 13.1402 11.1979
      vertex 9.86553 8.3099 11.0947
      vertex 9.88197 8.29196 11.1102
    endloop
  endfacet
  facet normal -0.270507 0.270511 0.923932
    outer loop
      vertex 9.63051 8.56639 10.9327
      vertex 14.7002 13.3853 11.0061
      vertex 14.5803 13.5161 10.9327
    endloop
  endfacet
  facet normal -0.270453 0.270454 0.923964
    outer loop
      vertex 14.7002 13.3853 11.0061
      vertex 9.63051 8.56639 10.9327
      vertex 9.75041 8.43553 11.0061
    endloop
  endfacet
  facet normal -0.212586 0.21259 -0.953736
    outer loop
      vertex 9.50673 8.70147 15.125
      vertex 14.5803 13.5161 15.0673
      vertex 9.63051 8.56639 15.0673
    endloop
  endfacet
  facet normal -0.212557 0.212559 -0.953749
    outer loop
      vertex 14.5803 13.5161 15.0673
      vertex 9.50673 8.70147 15.125
      vertex 14.4565 13.6512 15.125
    endloop
  endfacet
  facet normal -0.653389 0.653392 -0.382311
    outer loop
      vertex 15.4487 12.5251 13.7524
      vertex 10.4159 7.59613 13.9298
      vertex 15.4036 12.5838 13.9298
    endloop
  endfacet
  facet normal -0.653329 0.653324 -0.382531
    outer loop
      vertex 10.4159 7.59613 13.9298
      vertex 15.4487 12.5251 13.7524
      vertex 10.461 7.53736 13.7524
    endloop
  endfacet
  facet normal -0.627108 0.627102 -0.462038
    outer loop
      vertex 15.4036 12.5838 13.9298
      vertex 10.3615 7.66705 14.1
      vertex 15.3492 12.6548 14.1
    endloop
  endfacet
  facet normal -0.627188 0.627192 -0.461807
    outer loop
      vertex 10.3615 7.66705 14.1
      vertex 15.4036 12.5838 13.9298
      vertex 10.4159 7.59613 13.9298
    endloop
  endfacet
  facet normal 0.15325 -0.15325 -0.976232
    outer loop
      vertex 8.83975 9.38002 15.1666
      vertex 13.6512 14.4565 15.125
      vertex 13.7895 14.3298 15.1666
    endloop
  endfacet
  facet normal 0.153256 -0.153255 -0.97623
    outer loop
      vertex 13.6512 14.4565 15.125
      vertex 8.83975 9.38002 15.1666
      vertex 8.70147 9.50673 15.125
    endloop
  endfacet
  facet normal 0.212559 -0.212557 -0.953749
    outer loop
      vertex 8.70147 9.50673 15.125
      vertex 13.5161 14.5803 15.0673
      vertex 13.6512 14.4565 15.125
    endloop
  endfacet
  facet normal 0.21259 -0.212586 -0.953736
    outer loop
      vertex 13.5161 14.5803 15.0673
      vertex 8.70147 9.50673 15.125
      vertex 8.56639 9.63051 15.0673
    endloop
  endfacet
  facet normal 0.674393 -0.674396 0.30064
    outer loop
      vertex 7.53736 10.461 12.2476
      vertex 12.4789 15.4841 12.4306
      vertex 7.49118 10.4964 12.4306
    endloop
  endfacet
  facet normal 0.674377 -0.674382 0.300707
    outer loop
      vertex 12.4789 15.4841 12.4306
      vertex 7.53736 10.461 12.2476
      vertex 12.5251 15.4487 12.2476
    endloop
  endfacet
  facet normal 0.690323 -0.690318 0.2166
    outer loop
      vertex 7.45794 10.5219 12.618
      vertex 12.4789 15.4841 12.4306
      vertex 12.4456 15.5096 12.618
    endloop
  endfacet
  facet normal 0.690352 -0.690355 0.216389
    outer loop
      vertex 12.4789 15.4841 12.4306
      vertex 7.45794 10.5219 12.618
      vertex 7.49118 10.4964 12.4306
    endloop
  endfacet
  facet normal 0.653324 -0.653329 -0.382531
    outer loop
      vertex 12.5251 15.4487 13.7524
      vertex 7.59613 10.4159 13.9298
      vertex 7.53736 10.461 13.7524
    endloop
  endfacet
  facet normal 0.653392 -0.653389 -0.382311
    outer loop
      vertex 7.59613 10.4159 13.9298
      vertex 12.5251 15.4487 13.7524
      vertex 12.5838 15.4036 13.9298
    endloop
  endfacet
  facet normal 0.627107 -0.627103 -0.462038
    outer loop
      vertex 12.6548 15.3492 14.1
      vertex 7.59613 10.4159 13.9298
      vertex 12.5838 15.4036 13.9298
    endloop
  endfacet
  facet normal 0.627187 -0.627193 -0.461806
    outer loop
      vertex 7.59613 10.4159 13.9298
      vertex 12.6548 15.3492 14.1
      vertex 7.66705 10.3615 14.1
    endloop
  endfacet
  facet normal -0.430403 0.430407 -0.793412
    outer loop
      vertex 9.96644 8.18189 14.8021
      vertex 15.0277 13.0278 14.6853
      vertex 10.0599 8.06004 14.6853
    endloop
  endfacet
  facet normal -0.430294 0.43029 -0.793535
    outer loop
      vertex 15.0277 13.0278 14.6853
      vertex 9.96644 8.18189 14.8021
      vertex 14.9247 13.1402 14.8021
    endloop
  endfacet
  facet normal 0.43029 -0.430294 -0.793535
    outer loop
      vertex 8.18189 9.96644 14.8021
      vertex 13.0278 15.0277 14.6853
      vertex 13.1402 14.9247 14.8021
    endloop
  endfacet
  facet normal 0.430407 -0.430403 -0.793412
    outer loop
      vertex 13.0278 15.0277 14.6853
      vertex 8.18189 9.96644 14.8021
      vertex 8.06004 10.0599 14.6853
    endloop
  endfacet
  facet normal 0.690323 -0.690318 -0.2166
    outer loop
      vertex 12.4789 15.4841 13.5694
      vertex 7.45794 10.5219 13.382
      vertex 12.4456 15.5096 13.382
    endloop
  endfacet
  facet normal 0.690352 -0.690355 -0.216389
    outer loop
      vertex 7.45794 10.5219 13.382
      vertex 12.4789 15.4841 13.5694
      vertex 7.49118 10.4964 13.5694
    endloop
  endfacet
  facet normal 0.674393 -0.674396 -0.30064
    outer loop
      vertex 12.4789 15.4841 13.5694
      vertex 7.53736 10.461 13.7524
      vertex 7.49118 10.4964 13.5694
    endloop
  endfacet
  facet normal 0.674377 -0.674382 -0.300707
    outer loop
      vertex 7.53736 10.461 13.7524
      vertex 12.4789 15.4841 13.5694
      vertex 12.5251 15.4487 13.7524
    endloop
  endfacet
  facet normal -0.571726 0.55076 -0.608106
    outer loop
      vertex 15.2859 12.7373 14.2619
      vertex 15.2111 12.8277 14.4141
      vertex 15.2443 12.7915 14.3501
    endloop
  endfacet
  facet normal -0.560814 0.56081 -0.609081
    outer loop
      vertex 10.2264 7.84306 14.4141
      vertex 15.2859 12.7373 14.2619
      vertex 10.2982 7.74956 14.2619
    endloop
  endfacet
  facet normal -0.560934 0.560941 -0.60885
    outer loop
      vertex 15.2859 12.7373 14.2619
      vertex 10.2264 7.84306 14.4141
      vertex 15.2111 12.8277 14.4141
    endloop
  endfacet
  facet normal 0.380274 -0.380269 -0.843082
    outer loop
      vertex 8.3099 9.86553 14.9053
      vertex 13.1402 14.9247 14.8021
      vertex 13.2596 14.8153 14.9053
    endloop
  endfacet
  facet normal 0.380147 -0.38015 -0.843193
    outer loop
      vertex 8.29196 9.88197 14.8898
      vertex 13.1402 14.9247 14.8021
      vertex 8.3099 9.86553 14.9053
    endloop
  endfacet
  facet normal 0.380125 -0.380128 -0.843213
    outer loop
      vertex 13.1402 14.9247 14.8021
      vertex 8.29196 9.88197 14.8898
      vertex 8.18189 9.96644 14.8021
    endloop
  endfacet
  facet normal 0.706426 -0.706427 -0.0438522
    outer loop
      vertex 12.4256 15.525 13.1917
      vertex 7.43119 10.5425 13
      vertex 12.4189 15.5302 13
    endloop
  endfacet
  facet normal 0.706426 -0.706427 -0.0438522
    outer loop
      vertex 7.43119 10.5425 13
      vertex 12.4256 15.525 13.1917
      vertex 7.43789 10.5373 13.1917
    endloop
  endfacet
  facet normal -0.596446 0.596441 -0.537131
    outer loop
      vertex 15.3492 12.6548 14.1
      vertex 10.2982 7.74956 14.2619
      vertex 15.2859 12.7373 14.2619
    endloop
  endfacet
  facet normal -0.596435 0.596429 -0.537157
    outer loop
      vertex 10.2982 7.74956 14.2619
      vertex 15.3492 12.6548 14.1
      vertex 10.3615 7.66705 14.1
    endloop
  endfacet
endsolid OpenSCAD_Model
