solid OpenSCAD_Model
  facet normal -0.555613 0.831441 0
    outer loop
      vertex 17.3192 -0.919238 25.257
      vertex 16.8975 -1.20104 34
      vertex 17.3192 -0.919238 34
    endloop
  endfacet
  facet normal -0.555613 0.831441 0
    outer loop
      vertex 16.8975 -1.20104 34
      vertex 17.3192 -0.919238 25.257
      vertex 16.8975 -1.20104 25.1715
    endloop
  endfacet
  facet normal -0.831482 -0.555552 0
    outer loop
      vertex 17.4902 0.663306 25.3347
      vertex 17.3192 0.919238 34
      vertex 17.3192 0.919238 25.257
    endloop
  endfacet
  facet normal -0.831461 -0.555584 1.37762e-06
    outer loop
      vertex 17.601 0.497488 25.351
      vertex 17.3192 0.919238 34
      vertex 17.4902 0.663306 25.3347
    endloop
  endfacet
  facet normal -0.831474 -0.555564 0
    outer loop
      vertex 17.3192 0.919238 34
      vertex 17.601 0.497488 25.351
      vertex 17.601 0.497488 34
    endloop
  endfacet
  facet normal -0.980769 -0.195173 0
    outer loop
      vertex 17.7 0 25.4
      vertex 17.601 0.497488 34
      vertex 17.601 0.497488 25.351
    endloop
  endfacet
  facet normal -0.980769 -0.195173 0
    outer loop
      vertex 17.601 0.497488 34
      vertex 17.7 0 25.4
      vertex 17.7 0 34
    endloop
  endfacet
  facet normal -0.555613 -0.831441 0
    outer loop
      vertex 16.8975 1.20104 34
      vertex 17.3192 0.919238 25.257
      vertex 17.3192 0.919238 34
    endloop
  endfacet
  facet normal -0.555613 -0.831441 0
    outer loop
      vertex 17.3192 0.919238 25.257
      vertex 16.8975 1.20104 34
      vertex 16.8975 1.20104 25.1715
    endloop
  endfacet
  facet normal 0.980769 -0.195173 0
    outer loop
      vertex 15.1 0 25.4
      vertex 15.199 0.497488 34
      vertex 15.1 0 34
    endloop
  endfacet
  facet normal 0.980769 -0.195173 0
    outer loop
      vertex 15.199 0.497488 34
      vertex 15.1 0 25.4
      vertex 15.199 0.497488 25.351
    endloop
  endfacet
  facet normal -0.195092 -0.980785 0
    outer loop
      vertex 16.4 1.3 34
      vertex 16.8975 1.20104 25.1715
      vertex 16.8975 1.20104 34
    endloop
  endfacet
  facet normal -0.195092 -0.980785 0
    outer loop
      vertex 16.8975 1.20104 25.1715
      vertex 16.4 1.3 34
      vertex 16.4 1.3 25.1415
    endloop
  endfacet
  facet normal 0.980769 0.195173 0
    outer loop
      vertex 15.199 -0.497488 34
      vertex 15.1 0 25.4
      vertex 15.1 0 34
    endloop
  endfacet
  facet normal 0.980769 0.195173 0
    outer loop
      vertex 15.1 0 25.4
      vertex 15.199 -0.497488 34
      vertex 15.199 -0.497488 25.351
    endloop
  endfacet
  facet normal -0.980769 0.195173 0
    outer loop
      vertex 17.601 -0.497488 34
      vertex 17.7 0 25.4
      vertex 17.601 -0.497488 25.351
    endloop
  endfacet
  facet normal -0.980769 0.195173 0
    outer loop
      vertex 17.7 0 25.4
      vertex 17.601 -0.497488 34
      vertex 17.7 0 34
    endloop
  endfacet
  facet normal 0.831474 0.555564 0
    outer loop
      vertex 15.4808 -0.919238 34
      vertex 15.199 -0.497488 25.351
      vertex 15.199 -0.497488 34
    endloop
  endfacet
  facet normal 0.831461 0.555584 1.37762e-06
    outer loop
      vertex 15.199 -0.497488 25.351
      vertex 15.4808 -0.919238 34
      vertex 15.3098 -0.663306 25.3347
    endloop
  endfacet
  facet normal 0.831482 0.555552 0
    outer loop
      vertex 15.3098 -0.663306 25.3347
      vertex 15.4808 -0.919238 34
      vertex 15.4808 -0.919238 25.257
    endloop
  endfacet
  facet normal 0.555613 -0.831441 0
    outer loop
      vertex 15.4808 0.919238 25.257
      vertex 15.9025 1.20104 34
      vertex 15.4808 0.919238 34
    endloop
  endfacet
  facet normal 0.555613 -0.831441 0
    outer loop
      vertex 15.9025 1.20104 34
      vertex 15.4808 0.919238 25.257
      vertex 15.9025 1.20104 25.1715
    endloop
  endfacet
  facet normal -0.831461 0.555584 1.37762e-06
    outer loop
      vertex 17.3192 -0.919238 34
      vertex 17.601 -0.497488 25.351
      vertex 17.4902 -0.663306 25.3347
    endloop
  endfacet
  facet normal -0.831482 0.555552 0
    outer loop
      vertex 17.3192 -0.919238 34
      vertex 17.4902 -0.663306 25.3347
      vertex 17.3192 -0.919238 25.257
    endloop
  endfacet
  facet normal -0.831474 0.555564 0
    outer loop
      vertex 17.601 -0.497488 25.351
      vertex 17.3192 -0.919238 34
      vertex 17.601 -0.497488 34
    endloop
  endfacet
  facet normal -0.195092 0.980785 0
    outer loop
      vertex 16.8975 -1.20104 25.1715
      vertex 16.4 -1.3 34
      vertex 16.8975 -1.20104 34
    endloop
  endfacet
  facet normal -0.195092 0.980785 0
    outer loop
      vertex 16.4 -1.3 34
      vertex 16.8975 -1.20104 25.1715
      vertex 16.4 -1.3 25.1415
    endloop
  endfacet
  facet normal 0.195092 -0.980785 0
    outer loop
      vertex 15.9025 1.20104 25.1715
      vertex 16.4 1.3 34
      vertex 15.9025 1.20104 34
    endloop
  endfacet
  facet normal 0.195092 -0.980785 0
    outer loop
      vertex 16.4 1.3 34
      vertex 15.9025 1.20104 25.1715
      vertex 16.4 1.3 25.1415
    endloop
  endfacet
  facet normal 0.195092 0.980785 0
    outer loop
      vertex 16.4 -1.3 34
      vertex 15.9025 -1.20104 25.1715
      vertex 15.9025 -1.20104 34
    endloop
  endfacet
  facet normal 0.195092 0.980785 0
    outer loop
      vertex 15.9025 -1.20104 25.1715
      vertex 16.4 -1.3 34
      vertex 16.4 -1.3 25.1415
    endloop
  endfacet
  facet normal 0.831482 -0.555552 0
    outer loop
      vertex 15.4808 0.919238 34
      vertex 15.3098 0.663306 25.3347
      vertex 15.4808 0.919238 25.257
    endloop
  endfacet
  facet normal 0.831474 -0.555564 0
    outer loop
      vertex 15.199 0.497488 25.351
      vertex 15.4808 0.919238 34
      vertex 15.199 0.497488 34
    endloop
  endfacet
  facet normal 0.831461 -0.555584 1.37762e-06
    outer loop
      vertex 15.4808 0.919238 34
      vertex 15.199 0.497488 25.351
      vertex 15.3098 0.663306 25.3347
    endloop
  endfacet
  facet normal 0.555613 0.831441 0
    outer loop
      vertex 15.9025 -1.20104 34
      vertex 15.4808 -0.919238 25.257
      vertex 15.4808 -0.919238 34
    endloop
  endfacet
  facet normal 0.555613 0.831441 0
    outer loop
      vertex 15.4808 -0.919238 25.257
      vertex 15.9025 -1.20104 34
      vertex 15.9025 -1.20104 25.1715
    endloop
  endfacet
  facet normal -0.195092 0.980785 0
    outer loop
      vertex -15.9025 -1.20104 25.1715
      vertex -16.4 -1.3 34
      vertex -15.9025 -1.20104 34
    endloop
  endfacet
  facet normal -0.195092 0.980785 0
    outer loop
      vertex -16.4 -1.3 34
      vertex -15.9025 -1.20104 25.1715
      vertex -16.4 -1.3 25.1415
    endloop
  endfacet
  facet normal 0.555613 -0.831441 0
    outer loop
      vertex -17.3192 0.919238 25.257
      vertex -16.8975 1.20104 34
      vertex -17.3192 0.919238 34
    endloop
  endfacet
  facet normal 0.555613 -0.831441 0
    outer loop
      vertex -16.8975 1.20104 34
      vertex -17.3192 0.919238 25.257
      vertex -16.8975 1.20104 25.1715
    endloop
  endfacet
  facet normal 0.831474 0.555564 0
    outer loop
      vertex -17.3192 -0.919238 34
      vertex -17.601 -0.497488 25.351
      vertex -17.601 -0.497488 34
    endloop
  endfacet
  facet normal 0.831461 0.555584 1.37762e-06
    outer loop
      vertex -17.601 -0.497488 25.351
      vertex -17.3192 -0.919238 34
      vertex -17.4902 -0.663306 25.3347
    endloop
  endfacet
  facet normal 0.831482 0.555552 0
    outer loop
      vertex -17.4902 -0.663306 25.3347
      vertex -17.3192 -0.919238 34
      vertex -17.3192 -0.919238 25.257
    endloop
  endfacet
  facet normal 0.555613 0.831441 0
    outer loop
      vertex -16.8975 -1.20104 34
      vertex -17.3192 -0.919238 25.257
      vertex -17.3192 -0.919238 34
    endloop
  endfacet
  facet normal 0.555613 0.831441 0
    outer loop
      vertex -17.3192 -0.919238 25.257
      vertex -16.8975 -1.20104 34
      vertex -16.8975 -1.20104 25.1715
    endloop
  endfacet
  facet normal -0.980769 0.195173 0
    outer loop
      vertex -15.199 -0.497488 34
      vertex -15.1 0 25.4
      vertex -15.199 -0.497488 25.351
    endloop
  endfacet
  facet normal -0.980769 0.195173 0
    outer loop
      vertex -15.1 0 25.4
      vertex -15.199 -0.497488 34
      vertex -15.1 0 34
    endloop
  endfacet
  facet normal 0.195092 0.980785 0
    outer loop
      vertex -16.4 -1.3 34
      vertex -16.8975 -1.20104 25.1715
      vertex -16.8975 -1.20104 34
    endloop
  endfacet
  facet normal 0.195092 0.980785 0
    outer loop
      vertex -16.8975 -1.20104 25.1715
      vertex -16.4 -1.3 34
      vertex -16.4 -1.3 25.1415
    endloop
  endfacet
  facet normal -0.980769 -0.195173 0
    outer loop
      vertex -15.1 0 25.4
      vertex -15.199 0.497488 34
      vertex -15.199 0.497488 25.351
    endloop
  endfacet
  facet normal -0.980769 -0.195173 0
    outer loop
      vertex -15.199 0.497488 34
      vertex -15.1 0 25.4
      vertex -15.1 0 34
    endloop
  endfacet
  facet normal 0.980769 -0.195173 0
    outer loop
      vertex -17.7 0 25.4
      vertex -17.601 0.497488 34
      vertex -17.7 0 34
    endloop
  endfacet
  facet normal 0.980769 -0.195173 0
    outer loop
      vertex -17.601 0.497488 34
      vertex -17.7 0 25.4
      vertex -17.601 0.497488 25.351
    endloop
  endfacet
  facet normal 0.980769 0.195173 0
    outer loop
      vertex -17.601 -0.497488 34
      vertex -17.7 0 25.4
      vertex -17.7 0 34
    endloop
  endfacet
  facet normal 0.980769 0.195173 0
    outer loop
      vertex -17.7 0 25.4
      vertex -17.601 -0.497488 34
      vertex -17.601 -0.497488 25.351
    endloop
  endfacet
  facet normal -0.831482 -0.555552 0
    outer loop
      vertex -15.3098 0.663306 25.3347
      vertex -15.4808 0.919238 34
      vertex -15.4808 0.919238 25.257
    endloop
  endfacet
  facet normal -0.831461 -0.555584 1.37762e-06
    outer loop
      vertex -15.199 0.497488 25.351
      vertex -15.4808 0.919238 34
      vertex -15.3098 0.663306 25.3347
    endloop
  endfacet
  facet normal -0.831474 -0.555564 0
    outer loop
      vertex -15.4808 0.919238 34
      vertex -15.199 0.497488 25.351
      vertex -15.199 0.497488 34
    endloop
  endfacet
  facet normal -0.555613 0.831441 0
    outer loop
      vertex -15.4808 -0.919238 25.257
      vertex -15.9025 -1.20104 34
      vertex -15.4808 -0.919238 34
    endloop
  endfacet
  facet normal -0.555613 0.831441 0
    outer loop
      vertex -15.9025 -1.20104 34
      vertex -15.4808 -0.919238 25.257
      vertex -15.9025 -1.20104 25.1715
    endloop
  endfacet
  facet normal -0.831461 0.555584 1.37762e-06
    outer loop
      vertex -15.4808 -0.919238 34
      vertex -15.199 -0.497488 25.351
      vertex -15.3098 -0.663306 25.3347
    endloop
  endfacet
  facet normal -0.831482 0.555552 0
    outer loop
      vertex -15.4808 -0.919238 34
      vertex -15.3098 -0.663306 25.3347
      vertex -15.4808 -0.919238 25.257
    endloop
  endfacet
  facet normal -0.831474 0.555564 0
    outer loop
      vertex -15.199 -0.497488 25.351
      vertex -15.4808 -0.919238 34
      vertex -15.199 -0.497488 34
    endloop
  endfacet
  facet normal 0.195092 -0.980785 0
    outer loop
      vertex -16.8975 1.20104 25.1715
      vertex -16.4 1.3 34
      vertex -16.8975 1.20104 34
    endloop
  endfacet
  facet normal 0.195092 -0.980785 0
    outer loop
      vertex -16.4 1.3 34
      vertex -16.8975 1.20104 25.1715
      vertex -16.4 1.3 25.1415
    endloop
  endfacet
  facet normal 0.831482 -0.555552 0
    outer loop
      vertex -17.3192 0.919238 34
      vertex -17.4902 0.663306 25.3347
      vertex -17.3192 0.919238 25.257
    endloop
  endfacet
  facet normal 0.831474 -0.555564 0
    outer loop
      vertex -17.601 0.497488 25.351
      vertex -17.3192 0.919238 34
      vertex -17.601 0.497488 34
    endloop
  endfacet
  facet normal 0.831461 -0.555584 1.37762e-06
    outer loop
      vertex -17.3192 0.919238 34
      vertex -17.601 0.497488 25.351
      vertex -17.4902 0.663306 25.3347
    endloop
  endfacet
  facet normal -0.195092 -0.980785 0
    outer loop
      vertex -16.4 1.3 34
      vertex -15.9025 1.20104 25.1715
      vertex -15.9025 1.20104 34
    endloop
  endfacet
  facet normal -0.195092 -0.980785 0
    outer loop
      vertex -15.9025 1.20104 25.1715
      vertex -16.4 1.3 34
      vertex -16.4 1.3 25.1415
    endloop
  endfacet
  facet normal -0.555613 -0.831441 0
    outer loop
      vertex -15.9025 1.20104 34
      vertex -15.4808 0.919238 25.257
      vertex -15.4808 0.919238 34
    endloop
  endfacet
  facet normal -0.555613 -0.831441 0
    outer loop
      vertex -15.4808 0.919238 25.257
      vertex -15.9025 1.20104 34
      vertex -15.9025 1.20104 25.1715
    endloop
  endfacet
  facet normal 0.980785 0.195092 0
    outer loop
      vertex -1.20104 15.9025 8.82845
      vertex -1.3 16.4 0
      vertex -1.3 16.4 8.85847
    endloop
  endfacet
  facet normal 0.980785 0.195092 0
    outer loop
      vertex -1.3 16.4 0
      vertex -1.20104 15.9025 8.82845
      vertex -1.20104 15.9025 0
    endloop
  endfacet
  facet normal -0.831441 -0.555613 0
    outer loop
      vertex 1.20104 16.8975 0
      vertex 0.919238 17.3192 8.74297
      vertex 0.919238 17.3192 0
    endloop
  endfacet
  facet normal -0.831441 -0.555613 0
    outer loop
      vertex 0.919238 17.3192 8.74297
      vertex 1.20104 16.8975 0
      vertex 1.20104 16.8975 8.82845
    endloop
  endfacet
  facet normal 0.555552 -0.831482 0
    outer loop
      vertex -0.919238 17.3192 0
      vertex -0.663306 17.4902 8.66533
      vertex -0.919238 17.3192 8.74297
    endloop
  endfacet
  facet normal 0.555584 -0.831461 -1.37761e-06
    outer loop
      vertex -0.919238 17.3192 0
      vertex -0.497488 17.601 8.649
      vertex -0.663306 17.4902 8.66533
    endloop
  endfacet
  facet normal 0.555564 -0.831474 0
    outer loop
      vertex -0.497488 17.601 8.649
      vertex -0.919238 17.3192 0
      vertex -0.497488 17.601 0
    endloop
  endfacet
  facet normal 0.195173 -0.980769 0
    outer loop
      vertex -0.497488 17.601 0
      vertex 0 17.7 8.6
      vertex -0.497488 17.601 8.649
    endloop
  endfacet
  facet normal 0.195173 -0.980769 0
    outer loop
      vertex 0 17.7 8.6
      vertex -0.497488 17.601 0
      vertex 0 17.7 0
    endloop
  endfacet
  facet normal 0.831441 -0.555613 0
    outer loop
      vertex -1.20104 16.8975 0
      vertex -0.919238 17.3192 8.74297
      vertex -1.20104 16.8975 8.82845
    endloop
  endfacet
  facet normal 0.831441 -0.555613 0
    outer loop
      vertex -0.919238 17.3192 8.74297
      vertex -1.20104 16.8975 0
      vertex -0.919238 17.3192 0
    endloop
  endfacet
  facet normal 0.195173 0.980769 0
    outer loop
      vertex -0.497488 15.199 0
      vertex 0 15.1 8.6
      vertex 0 15.1 0
    endloop
  endfacet
  facet normal 0.195173 0.980769 0
    outer loop
      vertex 0 15.1 8.6
      vertex -0.497488 15.199 0
      vertex -0.497488 15.199 8.649
    endloop
  endfacet
  facet normal 0.980785 -0.195092 0
    outer loop
      vertex -1.3 16.4 0
      vertex -1.20104 16.8975 8.82845
      vertex -1.3 16.4 8.85847
    endloop
  endfacet
  facet normal 0.980785 -0.195092 0
    outer loop
      vertex -1.20104 16.8975 8.82845
      vertex -1.3 16.4 0
      vertex -1.20104 16.8975 0
    endloop
  endfacet
  facet normal -0.195173 0.980769 0
    outer loop
      vertex 0.497488 15.199 0
      vertex 0 15.1 8.6
      vertex 0.497488 15.199 8.649
    endloop
  endfacet
  facet normal -0.195173 0.980769 0
    outer loop
      vertex 0 15.1 8.6
      vertex 0.497488 15.199 0
      vertex 0 15.1 0
    endloop
  endfacet
  facet normal -0.195173 -0.980769 0
    outer loop
      vertex 0.497488 17.601 0
      vertex 0 17.7 8.6
      vertex 0 17.7 0
    endloop
  endfacet
  facet normal -0.195173 -0.980769 0
    outer loop
      vertex 0 17.7 8.6
      vertex 0.497488 17.601 0
      vertex 0.497488 17.601 8.649
    endloop
  endfacet
  facet normal -0.555552 0.831482 0
    outer loop
      vertex 0.919238 15.4808 0
      vertex 0.663306 15.3098 8.66533
      vertex 0.919238 15.4808 8.74297
    endloop
  endfacet
  facet normal -0.555584 0.831461 -1.37761e-06
    outer loop
      vertex 0.919238 15.4808 0
      vertex 0.497488 15.199 8.649
      vertex 0.663306 15.3098 8.66533
    endloop
  endfacet
  facet normal -0.555564 0.831474 0
    outer loop
      vertex 0.497488 15.199 8.649
      vertex 0.919238 15.4808 0
      vertex 0.497488 15.199 0
    endloop
  endfacet
  facet normal 0.831441 0.555613 0
    outer loop
      vertex -0.919238 15.4808 8.74297
      vertex -1.20104 15.9025 0
      vertex -1.20104 15.9025 8.82845
    endloop
  endfacet
  facet normal 0.831441 0.555613 0
    outer loop
      vertex -1.20104 15.9025 0
      vertex -0.919238 15.4808 8.74297
      vertex -0.919238 15.4808 0
    endloop
  endfacet
  facet normal 0.555564 0.831474 0
    outer loop
      vertex -0.919238 15.4808 0
      vertex -0.497488 15.199 8.649
      vertex -0.497488 15.199 0
    endloop
  endfacet
  facet normal 0.555584 0.831461 -1.37761e-06
    outer loop
      vertex -0.497488 15.199 8.649
      vertex -0.919238 15.4808 0
      vertex -0.663306 15.3098 8.66533
    endloop
  endfacet
  facet normal 0.555552 0.831482 0
    outer loop
      vertex -0.663306 15.3098 8.66533
      vertex -0.919238 15.4808 0
      vertex -0.919238 15.4808 8.74297
    endloop
  endfacet
  facet normal -0.980785 -0.195092 0
    outer loop
      vertex 1.3 16.4 0
      vertex 1.20104 16.8975 8.82845
      vertex 1.20104 16.8975 0
    endloop
  endfacet
  facet normal -0.980785 -0.195092 0
    outer loop
      vertex 1.20104 16.8975 8.82845
      vertex 1.3 16.4 0
      vertex 1.3 16.4 8.85847
    endloop
  endfacet
  facet normal -0.555564 -0.831474 0
    outer loop
      vertex 0.919238 17.3192 0
      vertex 0.497488 17.601 8.649
      vertex 0.497488 17.601 0
    endloop
  endfacet
  facet normal -0.555584 -0.831461 -1.37761e-06
    outer loop
      vertex 0.497488 17.601 8.649
      vertex 0.919238 17.3192 0
      vertex 0.663306 17.4902 8.66533
    endloop
  endfacet
  facet normal -0.555552 -0.831482 0
    outer loop
      vertex 0.663306 17.4902 8.66533
      vertex 0.919238 17.3192 0
      vertex 0.919238 17.3192 8.74297
    endloop
  endfacet
  facet normal -0.980785 0.195092 0
    outer loop
      vertex 1.20104 15.9025 8.82845
      vertex 1.3 16.4 0
      vertex 1.20104 15.9025 0
    endloop
  endfacet
  facet normal -0.980785 0.195092 0
    outer loop
      vertex 1.3 16.4 0
      vertex 1.20104 15.9025 8.82845
      vertex 1.3 16.4 8.85847
    endloop
  endfacet
  facet normal -0.831441 0.555613 0
    outer loop
      vertex 0.919238 15.4808 8.74297
      vertex 1.20104 15.9025 0
      vertex 0.919238 15.4808 0
    endloop
  endfacet
  facet normal -0.831441 0.555613 0
    outer loop
      vertex 1.20104 15.9025 0
      vertex 0.919238 15.4808 8.74297
      vertex 1.20104 15.9025 8.82845
    endloop
  endfacet
  facet normal 0.831441 0.555613 0
    outer loop
      vertex -0.919238 -17.3192 8.74297
      vertex -1.20104 -16.8975 0
      vertex -1.20104 -16.8975 8.82845
    endloop
  endfacet
  facet normal 0.831441 0.555613 0
    outer loop
      vertex -1.20104 -16.8975 0
      vertex -0.919238 -17.3192 8.74297
      vertex -0.919238 -17.3192 0
    endloop
  endfacet
  facet normal -0.831441 0.555613 0
    outer loop
      vertex 0.919238 -17.3192 8.74297
      vertex 1.20104 -16.8975 0
      vertex 0.919238 -17.3192 0
    endloop
  endfacet
  facet normal -0.831441 0.555613 0
    outer loop
      vertex 1.20104 -16.8975 0
      vertex 0.919238 -17.3192 8.74297
      vertex 1.20104 -16.8975 8.82845
    endloop
  endfacet
  facet normal -0.195173 -0.980769 0
    outer loop
      vertex 0.497488 -15.199 0
      vertex 0 -15.1 8.6
      vertex 0 -15.1 0
    endloop
  endfacet
  facet normal -0.195173 -0.980769 0
    outer loop
      vertex 0 -15.1 8.6
      vertex 0.497488 -15.199 0
      vertex 0.497488 -15.199 8.649
    endloop
  endfacet
  facet normal -0.980785 0.195092 0
    outer loop
      vertex 1.20104 -16.8975 8.82845
      vertex 1.3 -16.4 0
      vertex 1.20104 -16.8975 0
    endloop
  endfacet
  facet normal -0.980785 0.195092 0
    outer loop
      vertex 1.3 -16.4 0
      vertex 1.20104 -16.8975 8.82845
      vertex 1.3 -16.4 8.85847
    endloop
  endfacet
  facet normal 0.195173 -0.980769 0
    outer loop
      vertex -0.497488 -15.199 0
      vertex 0 -15.1 8.6
      vertex -0.497488 -15.199 8.649
    endloop
  endfacet
  facet normal 0.195173 -0.980769 0
    outer loop
      vertex 0 -15.1 8.6
      vertex -0.497488 -15.199 0
      vertex 0 -15.1 0
    endloop
  endfacet
  facet normal 0.195173 0.980769 0
    outer loop
      vertex -0.497488 -17.601 0
      vertex 0 -17.7 8.6
      vertex 0 -17.7 0
    endloop
  endfacet
  facet normal 0.195173 0.980769 0
    outer loop
      vertex 0 -17.7 8.6
      vertex -0.497488 -17.601 0
      vertex -0.497488 -17.601 8.649
    endloop
  endfacet
  facet normal -0.195173 0.980769 0
    outer loop
      vertex 0.497488 -17.601 0
      vertex 0 -17.7 8.6
      vertex 0.497488 -17.601 8.649
    endloop
  endfacet
  facet normal -0.195173 0.980769 0
    outer loop
      vertex 0 -17.7 8.6
      vertex 0.497488 -17.601 0
      vertex 0 -17.7 0
    endloop
  endfacet
  facet normal 0.555552 -0.831482 0
    outer loop
      vertex -0.919238 -15.4808 0
      vertex -0.663306 -15.3098 8.66533
      vertex -0.919238 -15.4808 8.74297
    endloop
  endfacet
  facet normal 0.555584 -0.831461 -1.37761e-06
    outer loop
      vertex -0.919238 -15.4808 0
      vertex -0.497488 -15.199 8.649
      vertex -0.663306 -15.3098 8.66533
    endloop
  endfacet
  facet normal 0.555564 -0.831474 0
    outer loop
      vertex -0.497488 -15.199 8.649
      vertex -0.919238 -15.4808 0
      vertex -0.497488 -15.199 0
    endloop
  endfacet
  facet normal -0.831441 -0.555613 0
    outer loop
      vertex 1.20104 -15.9025 0
      vertex 0.919238 -15.4808 8.74297
      vertex 0.919238 -15.4808 0
    endloop
  endfacet
  facet normal -0.831441 -0.555613 0
    outer loop
      vertex 0.919238 -15.4808 8.74297
      vertex 1.20104 -15.9025 0
      vertex 1.20104 -15.9025 8.82845
    endloop
  endfacet
  facet normal 0.555564 0.831474 0
    outer loop
      vertex -0.919238 -17.3192 0
      vertex -0.497488 -17.601 8.649
      vertex -0.497488 -17.601 0
    endloop
  endfacet
  facet normal 0.555584 0.831461 -1.37761e-06
    outer loop
      vertex -0.497488 -17.601 8.649
      vertex -0.919238 -17.3192 0
      vertex -0.663306 -17.4902 8.66533
    endloop
  endfacet
  facet normal 0.555552 0.831482 0
    outer loop
      vertex -0.663306 -17.4902 8.66533
      vertex -0.919238 -17.3192 0
      vertex -0.919238 -17.3192 8.74297
    endloop
  endfacet
  facet normal 0.980785 0.195092 0
    outer loop
      vertex -1.20104 -16.8975 8.82845
      vertex -1.3 -16.4 0
      vertex -1.3 -16.4 8.85847
    endloop
  endfacet
  facet normal 0.980785 0.195092 0
    outer loop
      vertex -1.3 -16.4 0
      vertex -1.20104 -16.8975 8.82845
      vertex -1.20104 -16.8975 0
    endloop
  endfacet
  facet normal -0.555552 0.831482 0
    outer loop
      vertex 0.919238 -17.3192 0
      vertex 0.663306 -17.4902 8.66533
      vertex 0.919238 -17.3192 8.74297
    endloop
  endfacet
  facet normal -0.555584 0.831461 -1.37761e-06
    outer loop
      vertex 0.919238 -17.3192 0
      vertex 0.497488 -17.601 8.649
      vertex 0.663306 -17.4902 8.66533
    endloop
  endfacet
  facet normal -0.555564 0.831474 0
    outer loop
      vertex 0.497488 -17.601 8.649
      vertex 0.919238 -17.3192 0
      vertex 0.497488 -17.601 0
    endloop
  endfacet
  facet normal -0.980785 -0.195092 0
    outer loop
      vertex 1.3 -16.4 0
      vertex 1.20104 -15.9025 8.82845
      vertex 1.20104 -15.9025 0
    endloop
  endfacet
  facet normal -0.980785 -0.195092 0
    outer loop
      vertex 1.20104 -15.9025 8.82845
      vertex 1.3 -16.4 0
      vertex 1.3 -16.4 8.85847
    endloop
  endfacet
  facet normal 0.980785 -0.195092 0
    outer loop
      vertex -1.3 -16.4 0
      vertex -1.20104 -15.9025 8.82845
      vertex -1.3 -16.4 8.85847
    endloop
  endfacet
  facet normal 0.980785 -0.195092 0
    outer loop
      vertex -1.20104 -15.9025 8.82845
      vertex -1.3 -16.4 0
      vertex -1.20104 -15.9025 0
    endloop
  endfacet
  facet normal -0.555564 -0.831474 0
    outer loop
      vertex 0.919238 -15.4808 0
      vertex 0.497488 -15.199 8.649
      vertex 0.497488 -15.199 0
    endloop
  endfacet
  facet normal -0.555584 -0.831461 -1.37761e-06
    outer loop
      vertex 0.497488 -15.199 8.649
      vertex 0.919238 -15.4808 0
      vertex 0.663306 -15.3098 8.66533
    endloop
  endfacet
  facet normal -0.555552 -0.831482 0
    outer loop
      vertex 0.663306 -15.3098 8.66533
      vertex 0.919238 -15.4808 0
      vertex 0.919238 -15.4808 8.74297
    endloop
  endfacet
  facet normal 0.831441 -0.555613 0
    outer loop
      vertex -1.20104 -15.9025 0
      vertex -0.919238 -15.4808 8.74297
      vertex -1.20104 -15.9025 8.82845
    endloop
  endfacet
  facet normal 0.831441 -0.555613 0
    outer loop
      vertex -0.919238 -15.4808 8.74297
      vertex -1.20104 -15.9025 0
      vertex -0.919238 -15.4808 0
    endloop
  endfacet
  facet normal 0.675701 0.737176 0
    outer loop
      vertex 13.9299 14.2011 19.1916
      vertex 14.0714 14.0714 34
      vertex 14.0714 14.0714 19.2
    endloop
  endfacet
  facet normal 0.675618 0.737252 1.46569e-06
    outer loop
      vertex 14.0714 14.0714 34
      vertex 13.9299 14.2011 19.1916
      vertex 12.7915 15.2443 34
    endloop
  endfacet
  facet normal 0.675723 0.737156 1.63691e-05
    outer loop
      vertex 13.7895 14.3298 19.1666
      vertex 12.7915 15.2443 34
      vertex 13.9299 14.2011 19.1916
    endloop
  endfacet
  facet normal 0.675509 0.737352 -1.01286e-05
    outer loop
      vertex 13.6512 14.4565 19.125
      vertex 12.7915 15.2443 34
      vertex 13.7895 14.3298 19.1666
    endloop
  endfacet
  facet normal 0.675601 0.737267 -3.2939e-07
    outer loop
      vertex 13.5161 14.5803 19.0673
      vertex 12.7915 15.2443 34
      vertex 13.6512 14.4565 19.125
    endloop
  endfacet
  facet normal 0.675721 0.737157 1.04123e-05
    outer loop
      vertex 13.3853 14.7002 18.9939
      vertex 12.7915 15.2443 34
      vertex 13.5161 14.5803 19.0673
    endloop
  endfacet
  facet normal 0.675333 0.737513 -1.78741e-05
    outer loop
      vertex 13.2596 14.8153 18.9053
      vertex 12.7915 15.2443 34
      vertex 13.3853 14.7002 18.9939
    endloop
  endfacet
  facet normal 0.675559 0.737306 -4.9642e-06
    outer loop
      vertex 13.1402 14.9247 18.8021
      vertex 12.7915 15.2443 34
      vertex 13.2596 14.8153 18.9053
    endloop
  endfacet
  facet normal 0.675607 0.737262 -2.92549e-06
    outer loop
      vertex 13.0278 15.0277 18.6853
      vertex 12.7915 15.2443 34
      vertex 13.1402 14.9247 18.8021
    endloop
  endfacet
  facet normal 0.675724 0.737154 3.93571e-07
    outer loop
      vertex 12.9234 15.1234 18.5556
      vertex 12.7915 15.2443 34
      vertex 13.0278 15.0277 18.6853
    endloop
  endfacet
  facet normal 0.675621 0.737249 -1.23146e-06
    outer loop
      vertex 12.8277 15.2111 18.4141
      vertex 12.7915 15.2443 34
      vertex 12.9234 15.1234 18.5556
    endloop
  endfacet
  facet normal 0.675909 0.736985 0
    outer loop
      vertex 12.7915 15.2443 34
      vertex 12.8277 15.2111 18.4141
      vertex 12.7915 15.2443 18.3501
    endloop
  endfacet
  facet normal 0.675701 0.737176 -0
    outer loop
      vertex 14.0714 14.0714 0
      vertex 13.9299 14.2011 14.8084
      vertex 14.0714 14.0714 14.8
    endloop
  endfacet
  facet normal 0.675618 0.737252 -1.46569e-06
    outer loop
      vertex 12.7915 15.2443 0
      vertex 13.9299 14.2011 14.8084
      vertex 14.0714 14.0714 0
    endloop
  endfacet
  facet normal 0.675723 0.737156 -1.63691e-05
    outer loop
      vertex 13.9299 14.2011 14.8084
      vertex 12.7915 15.2443 0
      vertex 13.7895 14.3298 14.8334
    endloop
  endfacet
  facet normal 0.675509 0.737352 1.01286e-05
    outer loop
      vertex 13.7895 14.3298 14.8334
      vertex 12.7915 15.2443 0
      vertex 13.6512 14.4565 14.875
    endloop
  endfacet
  facet normal 0.675601 0.737267 3.2939e-07
    outer loop
      vertex 13.6512 14.4565 14.875
      vertex 12.7915 15.2443 0
      vertex 13.5161 14.5803 14.9327
    endloop
  endfacet
  facet normal 0.675721 0.737157 -1.04123e-05
    outer loop
      vertex 13.5161 14.5803 14.9327
      vertex 12.7915 15.2443 0
      vertex 13.3853 14.7002 15.0061
    endloop
  endfacet
  facet normal 0.675333 0.737513 1.78741e-05
    outer loop
      vertex 13.3853 14.7002 15.0061
      vertex 12.7915 15.2443 0
      vertex 13.2596 14.8153 15.0947
    endloop
  endfacet
  facet normal 0.675559 0.737306 4.9642e-06
    outer loop
      vertex 13.2596 14.8153 15.0947
      vertex 12.7915 15.2443 0
      vertex 13.1402 14.9247 15.1979
    endloop
  endfacet
  facet normal 0.675607 0.737262 2.92549e-06
    outer loop
      vertex 13.1402 14.9247 15.1979
      vertex 12.7915 15.2443 0
      vertex 13.0278 15.0277 15.3147
    endloop
  endfacet
  facet normal 0.675724 0.737154 -3.93571e-07
    outer loop
      vertex 13.0278 15.0277 15.3147
      vertex 12.7915 15.2443 0
      vertex 12.9234 15.1234 15.4444
    endloop
  endfacet
  facet normal 0.675621 0.737249 1.23146e-06
    outer loop
      vertex 12.9234 15.1234 15.4444
      vertex 12.7915 15.2443 0
      vertex 12.8277 15.2111 15.5859
    endloop
  endfacet
  facet normal 0.675909 0.736985 0
    outer loop
      vertex 12.8277 15.2111 15.5859
      vertex 12.7915 15.2443 0
      vertex 12.7915 15.2443 15.6499
    endloop
  endfacet
  facet normal 0.991491 0.130178 0
    outer loop
      vertex 19.5977 3.4556 34
      vertex 19.605 3.4 22
      vertex 19.5977 3.4556 0
    endloop
  endfacet
  facet normal 0.991449 0.130498 -1.51102e-06
    outer loop
      vertex 19.5977 3.4556 34
      vertex 19.6136 3.33467 22.6633
      vertex 19.605 3.4 22
    endloop
  endfacet
  facet normal 0.991428 0.130656 -3.22376e-06
    outer loop
      vertex 19.5977 3.4556 34
      vertex 19.6391 3.14119 23.3011
      vertex 19.6136 3.33467 22.6633
    endloop
  endfacet
  facet normal 0.991469 0.130339 6.24383e-06
    outer loop
      vertex 19.5977 3.4556 34
      vertex 19.6804 2.827 23.8889
      vertex 19.6391 3.14119 23.3011
    endloop
  endfacet
  facet normal 0.991437 0.130589 -9.51753e-06
    outer loop
      vertex 19.5977 3.4556 34
      vertex 19.7361 2.40416 24.4042
      vertex 19.6804 2.827 23.8889
    endloop
  endfacet
  facet normal 0.991452 0.130472 3.46203e-06
    outer loop
      vertex 19.5977 3.4556 34
      vertex 19.8039 1.88894 24.827
      vertex 19.7361 2.40416 24.4042
    endloop
  endfacet
  facet normal 0.991445 0.130526 -0
    outer loop
      vertex 19.8243 1.7344 24.9096
      vertex 19.5977 3.4556 34
      vertex 19.8243 1.7344 34
    endloop
  endfacet
  facet normal 0.991404 0.130838 -6.00584e-05
    outer loop
      vertex 19.5977 3.4556 34
      vertex 19.8243 1.7344 24.9096
      vertex 19.8039 1.88894 24.827
    endloop
  endfacet
  facet normal 0.991448 0.130505 8.41373e-07
    outer loop
      vertex 19.6136 3.33467 21.3367
      vertex 19.5977 3.4556 0
      vertex 19.605 3.4 22
    endloop
  endfacet
  facet normal 0.991427 0.130661 1.74057e-06
    outer loop
      vertex 19.6391 3.14119 20.6989
      vertex 19.5977 3.4556 0
      vertex 19.6136 3.33467 21.3367
    endloop
  endfacet
  facet normal 0.99147 0.130334 -3.31068e-06
    outer loop
      vertex 19.6804 2.827 20.1111
      vertex 19.5977 3.4556 0
      vertex 19.6391 3.14119 20.6989
    endloop
  endfacet
  facet normal 0.991436 0.130594 4.9587e-06
    outer loop
      vertex 19.7361 2.40416 19.5958
      vertex 19.5977 3.4556 0
      vertex 19.6804 2.827 20.1111
    endloop
  endfacet
  facet normal 0.991452 0.130471 -1.76982e-06
    outer loop
      vertex 19.8039 1.88894 19.173
      vertex 19.5977 3.4556 0
      vertex 19.7361 2.40416 19.5958
    endloop
  endfacet
  facet normal 0.991402 0.130854 3.00447e-05
    outer loop
      vertex 19.8243 1.7344 19.0904
      vertex 19.5977 3.4556 0
      vertex 19.8039 1.88894 19.173
    endloop
  endfacet
  facet normal 0.991445 0.130526 0
    outer loop
      vertex 19.5977 3.4556 0
      vertex 19.8243 1.7344 19.0904
      vertex 19.8243 1.7344 0
    endloop
  endfacet
  facet normal 0.99905 0.0435793 0
    outer loop
      vertex 19.8432 1.30112 18.8588
      vertex 19.8243 1.7344 0
      vertex 19.8243 1.7344 19.0904
    endloop
  endfacet
  facet normal 0.999051 0.0435453 -7.83636e-07
    outer loop
      vertex 19.871 0.663306 18.6653
      vertex 19.8243 1.7344 0
      vertex 19.8432 1.30112 18.8588
    endloop
  endfacet
  facet normal 0.999046 0.043678 6.84733e-06
    outer loop
      vertex 19.9 0 18.6
      vertex 19.8243 1.7344 0
      vertex 19.871 0.663306 18.6653
    endloop
  endfacet
  facet normal 0.999049 0.0436047 0
    outer loop
      vertex 19.8243 1.7344 0
      vertex 19.9 0 18.6
      vertex 19.9 0 0
    endloop
  endfacet
  facet normal 0.99905 0.0435793 0
    outer loop
      vertex 19.8243 1.7344 34
      vertex 19.8432 1.30112 25.1412
      vertex 19.8243 1.7344 24.9096
    endloop
  endfacet
  facet normal 0.999051 0.0435455 1.65529e-06
    outer loop
      vertex 19.8243 1.7344 34
      vertex 19.871 0.663306 25.3347
      vertex 19.8432 1.30112 25.1412
    endloop
  endfacet
  facet normal 0.999049 0.0436047 -5.67264e-06
    outer loop
      vertex 19.9 0 34
      vertex 19.871 0.663306 25.3347
      vertex 19.8243 1.7344 34
    endloop
  endfacet
  facet normal 0.999046 0.0436787 0
    outer loop
      vertex 19.871 0.663306 25.3347
      vertex 19.9 0 34
      vertex 19.9 0 25.4
    endloop
  endfacet
  facet normal 0.97629 0.216467 0
    outer loop
      vertex 19.5977 3.4556 34
      vertex 19.2219 5.1505 0
      vertex 19.2219 5.1505 34
    endloop
  endfacet
  facet normal 0.97629 0.216467 0
    outer loop
      vertex 19.2219 5.1505 0
      vertex 19.5977 3.4556 34
      vertex 19.5977 3.4556 0
    endloop
  endfacet
  facet normal -0.675618 -0.737252 0
    outer loop
      vertex -14.0714 -14.0714 0
      vertex -12.7915 -15.2443 34
      vertex -14.0714 -14.0714 34
    endloop
  endfacet
  facet normal -0.675618 -0.737252 -0
    outer loop
      vertex -12.7915 -15.2443 34
      vertex -14.0714 -14.0714 0
      vertex -12.7915 -15.2443 0
    endloop
  endfacet
  facet normal 0.382705 0.923871 -0
    outer loop
      vertex 8.4101 18.0355 0
      vertex 6.8062 18.6999 34
      vertex 8.4101 18.0355 34
    endloop
  endfacet
  facet normal 0.382705 0.923871 0
    outer loop
      vertex 6.8062 18.6999 34
      vertex 8.4101 18.0355 0
      vertex 6.8062 18.6999 0
    endloop
  endfacet
  facet normal -0.99905 0.0435793 0
    outer loop
      vertex -19.8432 1.30112 25.1412
      vertex -19.8243 1.7344 34
      vertex -19.8243 1.7344 24.9096
    endloop
  endfacet
  facet normal -0.999051 0.0435455 1.65529e-06
    outer loop
      vertex -19.871 0.663306 25.3347
      vertex -19.8243 1.7344 34
      vertex -19.8432 1.30112 25.1412
    endloop
  endfacet
  facet normal -0.999046 0.0436787 0
    outer loop
      vertex -19.9 0 34
      vertex -19.871 0.663306 25.3347
      vertex -19.9 0 25.4
    endloop
  endfacet
  facet normal -0.999049 0.0436047 -5.67264e-06
    outer loop
      vertex -19.871 0.663306 25.3347
      vertex -19.9 0 34
      vertex -19.8243 1.7344 34
    endloop
  endfacet
  facet normal -0.99905 0.0435793 0
    outer loop
      vertex -19.8243 1.7344 0
      vertex -19.8432 1.30112 18.8588
      vertex -19.8243 1.7344 19.0904
    endloop
  endfacet
  facet normal -0.999051 0.0435453 -7.83636e-07
    outer loop
      vertex -19.8243 1.7344 0
      vertex -19.871 0.663306 18.6653
      vertex -19.8432 1.30112 18.8588
    endloop
  endfacet
  facet normal -0.999049 0.0436047 0
    outer loop
      vertex -19.9 0 18.6
      vertex -19.8243 1.7344 0
      vertex -19.9 0 0
    endloop
  endfacet
  facet normal -0.999046 0.043678 6.84733e-06
    outer loop
      vertex -19.8243 1.7344 0
      vertex -19.9 0 18.6
      vertex -19.871 0.663306 18.6653
    endloop
  endfacet
  facet normal -0.843391 0.5373 0
    outer loop
      vertex -17.2339 9.95 0
      vertex -16.3011 11.4142 34
      vertex -16.3011 11.4142 0
    endloop
  endfacet
  facet normal -0.843391 0.5373 0
    outer loop
      vertex -16.3011 11.4142 34
      vertex -17.2339 9.95 0
      vertex -17.2339 9.95 34
    endloop
  endfacet
  facet normal 0.737176 0.675701 0
    outer loop
      vertex 14.0714 14.0714 34
      vertex 14.2011 13.9299 19.1916
      vertex 14.0714 14.0714 19.2
    endloop
  endfacet
  facet normal 0.737252 0.675618 1.46569e-06
    outer loop
      vertex 15.2443 12.7915 34
      vertex 14.2011 13.9299 19.1916
      vertex 14.0714 14.0714 34
    endloop
  endfacet
  facet normal 0.737156 0.675723 1.63691e-05
    outer loop
      vertex 14.2011 13.9299 19.1916
      vertex 15.2443 12.7915 34
      vertex 14.3298 13.7895 19.1666
    endloop
  endfacet
  facet normal 0.737352 0.675509 -1.01286e-05
    outer loop
      vertex 14.3298 13.7895 19.1666
      vertex 15.2443 12.7915 34
      vertex 14.4565 13.6512 19.125
    endloop
  endfacet
  facet normal 0.737267 0.675601 -3.2939e-07
    outer loop
      vertex 14.4565 13.6512 19.125
      vertex 15.2443 12.7915 34
      vertex 14.5803 13.5161 19.0673
    endloop
  endfacet
  facet normal 0.737157 0.675721 1.04123e-05
    outer loop
      vertex 14.5803 13.5161 19.0673
      vertex 15.2443 12.7915 34
      vertex 14.7002 13.3853 18.9939
    endloop
  endfacet
  facet normal 0.737513 0.675333 -1.78741e-05
    outer loop
      vertex 14.7002 13.3853 18.9939
      vertex 15.2443 12.7915 34
      vertex 14.8153 13.2596 18.9053
    endloop
  endfacet
  facet normal 0.737306 0.675559 -4.9642e-06
    outer loop
      vertex 14.8153 13.2596 18.9053
      vertex 15.2443 12.7915 34
      vertex 14.9247 13.1402 18.8021
    endloop
  endfacet
  facet normal 0.737262 0.675607 -2.92549e-06
    outer loop
      vertex 14.9247 13.1402 18.8021
      vertex 15.2443 12.7915 34
      vertex 15.0277 13.0278 18.6853
    endloop
  endfacet
  facet normal 0.737154 0.675724 3.93571e-07
    outer loop
      vertex 15.0277 13.0278 18.6853
      vertex 15.2443 12.7915 34
      vertex 15.1234 12.9234 18.5556
    endloop
  endfacet
  facet normal 0.737249 0.675621 -1.23146e-06
    outer loop
      vertex 15.1234 12.9234 18.5556
      vertex 15.2443 12.7915 34
      vertex 15.2111 12.8277 18.4141
    endloop
  endfacet
  facet normal 0.736985 0.675909 0
    outer loop
      vertex 15.2111 12.8277 18.4141
      vertex 15.2443 12.7915 34
      vertex 15.2443 12.7915 18.3501
    endloop
  endfacet
  facet normal 0.737176 0.675701 0
    outer loop
      vertex 14.2011 13.9299 14.8084
      vertex 14.0714 14.0714 0
      vertex 14.0714 14.0714 14.8
    endloop
  endfacet
  facet normal 0.737156 0.675723 -1.63691e-05
    outer loop
      vertex 15.2443 12.7915 0
      vertex 14.2011 13.9299 14.8084
      vertex 14.3298 13.7895 14.8334
    endloop
  endfacet
  facet normal 0.737352 0.675509 1.01286e-05
    outer loop
      vertex 15.2443 12.7915 0
      vertex 14.3298 13.7895 14.8334
      vertex 14.4565 13.6512 14.875
    endloop
  endfacet
  facet normal 0.737267 0.675601 3.2939e-07
    outer loop
      vertex 15.2443 12.7915 0
      vertex 14.4565 13.6512 14.875
      vertex 14.5803 13.5161 14.9327
    endloop
  endfacet
  facet normal 0.737157 0.675721 -1.04123e-05
    outer loop
      vertex 15.2443 12.7915 0
      vertex 14.5803 13.5161 14.9327
      vertex 14.7002 13.3853 15.0061
    endloop
  endfacet
  facet normal 0.737513 0.675333 1.78741e-05
    outer loop
      vertex 15.2443 12.7915 0
      vertex 14.7002 13.3853 15.0061
      vertex 14.8153 13.2596 15.0947
    endloop
  endfacet
  facet normal 0.737306 0.675559 4.9642e-06
    outer loop
      vertex 15.2443 12.7915 0
      vertex 14.8153 13.2596 15.0947
      vertex 14.9247 13.1402 15.1979
    endloop
  endfacet
  facet normal 0.737262 0.675607 2.92549e-06
    outer loop
      vertex 15.2443 12.7915 0
      vertex 14.9247 13.1402 15.1979
      vertex 15.0277 13.0278 15.3147
    endloop
  endfacet
  facet normal 0.737154 0.675724 -3.93571e-07
    outer loop
      vertex 15.2443 12.7915 0
      vertex 15.0277 13.0278 15.3147
      vertex 15.1234 12.9234 15.4444
    endloop
  endfacet
  facet normal 0.737249 0.675621 1.23146e-06
    outer loop
      vertex 15.2443 12.7915 0
      vertex 15.1234 12.9234 15.4444
      vertex 15.2111 12.8277 15.5859
    endloop
  endfacet
  facet normal 0.736985 0.675909 -0
    outer loop
      vertex 15.2443 12.7915 0
      vertex 15.2111 12.8277 15.5859
      vertex 15.2443 12.7915 15.6499
    endloop
  endfacet
  facet normal 0.737252 0.675618 -1.46569e-06
    outer loop
      vertex 14.2011 13.9299 14.8084
      vertex 15.2443 12.7915 0
      vertex 14.0714 14.0714 0
    endloop
  endfacet
  facet normal -0.923871 -0.382705 0
    outer loop
      vertex -18.0355 -8.4101 0
      vertex -18.6999 -6.8062 34
      vertex -18.6999 -6.8062 0
    endloop
  endfacet
  facet normal -0.923871 -0.382705 0
    outer loop
      vertex -18.6999 -6.8062 34
      vertex -18.0355 -8.4101 0
      vertex -18.0355 -8.4101 34
    endloop
  endfacet
  facet normal 0.300685 0.953724 -0
    outer loop
      vertex 6.8062 18.6999 0
      vertex 5.1505 19.2219 34
      vertex 6.8062 18.6999 34
    endloop
  endfacet
  facet normal 0.300685 0.953724 0
    outer loop
      vertex 5.1505 19.2219 34
      vertex 6.8062 18.6999 0
      vertex 5.1505 19.2219 0
    endloop
  endfacet
  facet normal -0.991445 -0.130526 0
    outer loop
      vertex -19.5977 -3.4556 0
      vertex -19.8243 -1.7344 19.0904
      vertex -19.8243 -1.7344 0
    endloop
  endfacet
  facet normal -0.991402 -0.130854 3.00447e-05
    outer loop
      vertex -19.8243 -1.7344 19.0904
      vertex -19.5977 -3.4556 0
      vertex -19.8039 -1.88894 19.173
    endloop
  endfacet
  facet normal -0.991452 -0.130471 -1.76982e-06
    outer loop
      vertex -19.8039 -1.88894 19.173
      vertex -19.5977 -3.4556 0
      vertex -19.7361 -2.40416 19.5958
    endloop
  endfacet
  facet normal -0.991436 -0.130594 4.9587e-06
    outer loop
      vertex -19.7361 -2.40416 19.5958
      vertex -19.5977 -3.4556 0
      vertex -19.6804 -2.827 20.1111
    endloop
  endfacet
  facet normal -0.99147 -0.130334 -3.31068e-06
    outer loop
      vertex -19.6804 -2.827 20.1111
      vertex -19.5977 -3.4556 0
      vertex -19.6391 -3.14119 20.6989
    endloop
  endfacet
  facet normal -0.991427 -0.130661 1.74057e-06
    outer loop
      vertex -19.6391 -3.14119 20.6989
      vertex -19.5977 -3.4556 0
      vertex -19.6136 -3.33467 21.3367
    endloop
  endfacet
  facet normal -0.991448 -0.130505 8.41373e-07
    outer loop
      vertex -19.6136 -3.33467 21.3367
      vertex -19.5977 -3.4556 0
      vertex -19.605 -3.4 22
    endloop
  endfacet
  facet normal -0.991404 -0.130838 -6.00584e-05
    outer loop
      vertex -19.5977 -3.4556 34
      vertex -19.8243 -1.7344 24.9096
      vertex -19.8039 -1.88894 24.827
    endloop
  endfacet
  facet normal -0.991452 -0.130472 3.46203e-06
    outer loop
      vertex -19.5977 -3.4556 34
      vertex -19.8039 -1.88894 24.827
      vertex -19.7361 -2.40416 24.4042
    endloop
  endfacet
  facet normal -0.991437 -0.130589 -9.51753e-06
    outer loop
      vertex -19.5977 -3.4556 34
      vertex -19.7361 -2.40416 24.4042
      vertex -19.6804 -2.827 23.8889
    endloop
  endfacet
  facet normal -0.991469 -0.130339 6.24383e-06
    outer loop
      vertex -19.5977 -3.4556 34
      vertex -19.6804 -2.827 23.8889
      vertex -19.6391 -3.14119 23.3011
    endloop
  endfacet
  facet normal -0.991428 -0.130656 -3.22376e-06
    outer loop
      vertex -19.5977 -3.4556 34
      vertex -19.6391 -3.14119 23.3011
      vertex -19.6136 -3.33467 22.6633
    endloop
  endfacet
  facet normal -0.991445 -0.130526 0
    outer loop
      vertex -19.8243 -1.7344 24.9096
      vertex -19.5977 -3.4556 34
      vertex -19.8243 -1.7344 34
    endloop
  endfacet
  facet normal -0.991449 -0.130498 -1.51102e-06
    outer loop
      vertex -19.605 -3.4 22
      vertex -19.5977 -3.4556 34
      vertex -19.6136 -3.33467 22.6633
    endloop
  endfacet
  facet normal -0.991491 -0.130178 -0
    outer loop
      vertex -19.5977 -3.4556 34
      vertex -19.605 -3.4 22
      vertex -19.5977 -3.4556 0
    endloop
  endfacet
  facet normal -0.300685 -0.953724 0
    outer loop
      vertex -6.8062 -18.6999 0
      vertex -5.1505 -19.2219 34
      vertex -6.8062 -18.6999 34
    endloop
  endfacet
  facet normal -0.300685 -0.953724 -0
    outer loop
      vertex -5.1505 -19.2219 34
      vertex -6.8062 -18.6999 0
      vertex -5.1505 -19.2219 0
    endloop
  endfacet
  facet normal -0.130526 -0.991445 0
    outer loop
      vertex -3.4556 -19.5977 34
      vertex -1.7344 -19.8243 14.9096
      vertex -1.7344 -19.8243 34
    endloop
  endfacet
  facet normal -0.130854 -0.991402 -3.00447e-05
    outer loop
      vertex -3.4556 -19.5977 34
      vertex -1.88894 -19.8039 14.827
      vertex -1.7344 -19.8243 14.9096
    endloop
  endfacet
  facet normal -0.130471 -0.991452 1.76982e-06
    outer loop
      vertex -3.4556 -19.5977 34
      vertex -2.40416 -19.7361 14.4042
      vertex -1.88894 -19.8039 14.827
    endloop
  endfacet
  facet normal -0.130594 -0.991436 -4.9587e-06
    outer loop
      vertex -3.4556 -19.5977 34
      vertex -2.827 -19.6804 13.8889
      vertex -2.40416 -19.7361 14.4042
    endloop
  endfacet
  facet normal -0.130334 -0.99147 3.31068e-06
    outer loop
      vertex -3.4556 -19.5977 34
      vertex -3.14119 -19.6391 13.3011
      vertex -2.827 -19.6804 13.8889
    endloop
  endfacet
  facet normal -0.130661 -0.991427 -1.74057e-06
    outer loop
      vertex -3.4556 -19.5977 34
      vertex -3.33467 -19.6136 12.6633
      vertex -3.14119 -19.6391 13.3011
    endloop
  endfacet
  facet normal -0.130505 -0.991448 -8.41373e-07
    outer loop
      vertex -3.4556 -19.5977 34
      vertex -3.4 -19.605 12
      vertex -3.33467 -19.6136 12.6633
    endloop
  endfacet
  facet normal -0.130178 -0.991491 0
    outer loop
      vertex -3.4556 -19.5977 0
      vertex -3.4 -19.605 12
      vertex -3.4556 -19.5977 34
    endloop
  endfacet
  facet normal -0.130498 -0.991449 1.51102e-06
    outer loop
      vertex -3.4556 -19.5977 0
      vertex -3.33467 -19.6136 11.3367
      vertex -3.4 -19.605 12
    endloop
  endfacet
  facet normal -0.130656 -0.991428 3.22376e-06
    outer loop
      vertex -3.4556 -19.5977 0
      vertex -3.14119 -19.6391 10.6989
      vertex -3.33467 -19.6136 11.3367
    endloop
  endfacet
  facet normal -0.130339 -0.991469 -6.24383e-06
    outer loop
      vertex -3.4556 -19.5977 0
      vertex -2.827 -19.6804 10.1111
      vertex -3.14119 -19.6391 10.6989
    endloop
  endfacet
  facet normal -0.130589 -0.991437 9.51758e-06
    outer loop
      vertex -3.4556 -19.5977 0
      vertex -2.40416 -19.7361 9.59584
      vertex -2.827 -19.6804 10.1111
    endloop
  endfacet
  facet normal -0.130472 -0.991452 -3.46199e-06
    outer loop
      vertex -3.4556 -19.5977 0
      vertex -1.88894 -19.8039 9.173
      vertex -2.40416 -19.7361 9.59584
    endloop
  endfacet
  facet normal -0.130838 -0.991404 6.00584e-05
    outer loop
      vertex -3.4556 -19.5977 0
      vertex -1.7344 -19.8243 9.0904
      vertex -1.88894 -19.8039 9.173
    endloop
  endfacet
  facet normal -0.130526 -0.991445 -0
    outer loop
      vertex -1.7344 -19.8243 9.0904
      vertex -3.4556 -19.5977 0
      vertex -1.7344 -19.8243 0
    endloop
  endfacet
  facet normal 0.461739 -0.887016 0
    outer loop
      vertex 8.4101 -18.0355 0
      vertex 9.95 -17.2339 34
      vertex 8.4101 -18.0355 34
    endloop
  endfacet
  facet normal 0.461739 -0.887016 0
    outer loop
      vertex 9.95 -17.2339 34
      vertex 8.4101 -18.0355 0
      vertex 9.95 -17.2339 0
    endloop
  endfacet
  facet normal 0.793364 -0.608747 0
    outer loop
      vertex 15.2443 -12.7915 34
      vertex 16.3011 -11.4142 0
      vertex 16.3011 -11.4142 34
    endloop
  endfacet
  facet normal 0.793364 -0.608747 0
    outer loop
      vertex 16.3011 -11.4142 0
      vertex 15.2443 -12.7915 34
      vertex 15.2443 -12.7915 0
    endloop
  endfacet
  facet normal -0.216467 -0.97629 0
    outer loop
      vertex -5.1505 -19.2219 0
      vertex -3.4556 -19.5977 34
      vertex -5.1505 -19.2219 34
    endloop
  endfacet
  facet normal -0.216467 -0.97629 -0
    outer loop
      vertex -3.4556 -19.5977 34
      vertex -5.1505 -19.2219 0
      vertex -3.4556 -19.5977 0
    endloop
  endfacet
  facet normal 0.382705 -0.923871 0
    outer loop
      vertex 6.8062 -18.6999 0
      vertex 8.4101 -18.0355 34
      vertex 6.8062 -18.6999 34
    endloop
  endfacet
  facet normal 0.382705 -0.923871 0
    outer loop
      vertex 8.4101 -18.0355 34
      vertex 6.8062 -18.6999 0
      vertex 8.4101 -18.0355 0
    endloop
  endfacet
  facet normal 0.991445 -0.130526 0
    outer loop
      vertex 19.5977 -3.4556 34
      vertex 19.8243 -1.7344 24.9096
      vertex 19.8243 -1.7344 34
    endloop
  endfacet
  facet normal 0.991404 -0.130838 -6.00584e-05
    outer loop
      vertex 19.8243 -1.7344 24.9096
      vertex 19.5977 -3.4556 34
      vertex 19.8039 -1.88894 24.827
    endloop
  endfacet
  facet normal 0.991452 -0.130472 3.46203e-06
    outer loop
      vertex 19.8039 -1.88894 24.827
      vertex 19.5977 -3.4556 34
      vertex 19.7361 -2.40416 24.4042
    endloop
  endfacet
  facet normal 0.991437 -0.130589 -9.51753e-06
    outer loop
      vertex 19.7361 -2.40416 24.4042
      vertex 19.5977 -3.4556 34
      vertex 19.6804 -2.827 23.8889
    endloop
  endfacet
  facet normal 0.991469 -0.130339 6.24383e-06
    outer loop
      vertex 19.6804 -2.827 23.8889
      vertex 19.5977 -3.4556 34
      vertex 19.6391 -3.14119 23.3011
    endloop
  endfacet
  facet normal 0.991449 -0.130498 -1.51102e-06
    outer loop
      vertex 19.6136 -3.33467 22.6633
      vertex 19.5977 -3.4556 34
      vertex 19.605 -3.4 22
    endloop
  endfacet
  facet normal 0.991428 -0.130656 -3.22376e-06
    outer loop
      vertex 19.6391 -3.14119 23.3011
      vertex 19.5977 -3.4556 34
      vertex 19.6136 -3.33467 22.6633
    endloop
  endfacet
  facet normal 0.991402 -0.130854 3.00447e-05
    outer loop
      vertex 19.5977 -3.4556 0
      vertex 19.8243 -1.7344 19.0904
      vertex 19.8039 -1.88894 19.173
    endloop
  endfacet
  facet normal 0.991452 -0.130471 -1.76982e-06
    outer loop
      vertex 19.5977 -3.4556 0
      vertex 19.8039 -1.88894 19.173
      vertex 19.7361 -2.40416 19.5958
    endloop
  endfacet
  facet normal 0.991436 -0.130594 4.9587e-06
    outer loop
      vertex 19.5977 -3.4556 0
      vertex 19.7361 -2.40416 19.5958
      vertex 19.6804 -2.827 20.1111
    endloop
  endfacet
  facet normal 0.99147 -0.130334 -3.31068e-06
    outer loop
      vertex 19.5977 -3.4556 0
      vertex 19.6804 -2.827 20.1111
      vertex 19.6391 -3.14119 20.6989
    endloop
  endfacet
  facet normal 0.991427 -0.130661 1.74057e-06
    outer loop
      vertex 19.5977 -3.4556 0
      vertex 19.6391 -3.14119 20.6989
      vertex 19.6136 -3.33467 21.3367
    endloop
  endfacet
  facet normal 0.991448 -0.130505 8.41373e-07
    outer loop
      vertex 19.5977 -3.4556 0
      vertex 19.6136 -3.33467 21.3367
      vertex 19.605 -3.4 22
    endloop
  endfacet
  facet normal 0.991445 -0.130526 0
    outer loop
      vertex 19.8243 -1.7344 19.0904
      vertex 19.5977 -3.4556 0
      vertex 19.8243 -1.7344 0
    endloop
  endfacet
  facet normal 0.991491 -0.130178 0
    outer loop
      vertex 19.5977 -3.4556 0
      vertex 19.605 -3.4 22
      vertex 19.5977 -3.4556 34
    endloop
  endfacet
  facet normal -0.887016 -0.461739 0
    outer loop
      vertex -17.2339 -9.95 0
      vertex -18.0355 -8.4101 34
      vertex -18.0355 -8.4101 0
    endloop
  endfacet
  facet normal -0.887016 -0.461739 0
    outer loop
      vertex -18.0355 -8.4101 34
      vertex -17.2339 -9.95 0
      vertex -17.2339 -9.95 34
    endloop
  endfacet
  facet normal 0.461739 0.887016 -0
    outer loop
      vertex 9.95 17.2339 0
      vertex 8.4101 18.0355 34
      vertex 9.95 17.2339 34
    endloop
  endfacet
  facet normal 0.461739 0.887016 0
    outer loop
      vertex 8.4101 18.0355 34
      vertex 9.95 17.2339 0
      vertex 8.4101 18.0355 0
    endloop
  endfacet
  facet normal 0.737252 -0.675618 0
    outer loop
      vertex 14.0714 -14.0714 34
      vertex 15.2443 -12.7915 0
      vertex 15.2443 -12.7915 34
    endloop
  endfacet
  facet normal 0.737252 -0.675618 0
    outer loop
      vertex 15.2443 -12.7915 0
      vertex 14.0714 -14.0714 34
      vertex 14.0714 -14.0714 0
    endloop
  endfacet
  facet normal -0.953724 -0.300685 0
    outer loop
      vertex -18.6999 -6.8062 0
      vertex -19.2219 -5.1505 34
      vertex -19.2219 -5.1505 0
    endloop
  endfacet
  facet normal -0.953724 -0.300685 0
    outer loop
      vertex -19.2219 -5.1505 34
      vertex -18.6999 -6.8062 0
      vertex -18.6999 -6.8062 34
    endloop
  endfacet
  facet normal -0.130526 0.991445 0
    outer loop
      vertex -1.7344 19.8243 14.9096
      vertex -3.4556 19.5977 34
      vertex -1.7344 19.8243 34
    endloop
  endfacet
  facet normal -0.130854 0.991402 -3.00447e-05
    outer loop
      vertex -1.88894 19.8039 14.827
      vertex -3.4556 19.5977 34
      vertex -1.7344 19.8243 14.9096
    endloop
  endfacet
  facet normal -0.130471 0.991452 1.76982e-06
    outer loop
      vertex -2.40416 19.7361 14.4042
      vertex -3.4556 19.5977 34
      vertex -1.88894 19.8039 14.827
    endloop
  endfacet
  facet normal -0.130594 0.991436 -4.9587e-06
    outer loop
      vertex -2.827 19.6804 13.8889
      vertex -3.4556 19.5977 34
      vertex -2.40416 19.7361 14.4042
    endloop
  endfacet
  facet normal -0.130334 0.99147 3.31068e-06
    outer loop
      vertex -3.14119 19.6391 13.3011
      vertex -3.4556 19.5977 34
      vertex -2.827 19.6804 13.8889
    endloop
  endfacet
  facet normal -0.130661 0.991427 -1.74057e-06
    outer loop
      vertex -3.33467 19.6136 12.6633
      vertex -3.4556 19.5977 34
      vertex -3.14119 19.6391 13.3011
    endloop
  endfacet
  facet normal -0.130505 0.991448 -8.41373e-07
    outer loop
      vertex -3.4 19.605 12
      vertex -3.4556 19.5977 34
      vertex -3.33467 19.6136 12.6633
    endloop
  endfacet
  facet normal -0.130526 0.991445 0
    outer loop
      vertex -3.4556 19.5977 0
      vertex -1.7344 19.8243 9.0904
      vertex -1.7344 19.8243 0
    endloop
  endfacet
  facet normal -0.130838 0.991404 6.00584e-05
    outer loop
      vertex -1.7344 19.8243 9.0904
      vertex -3.4556 19.5977 0
      vertex -1.88894 19.8039 9.173
    endloop
  endfacet
  facet normal -0.130472 0.991452 -3.46199e-06
    outer loop
      vertex -1.88894 19.8039 9.173
      vertex -3.4556 19.5977 0
      vertex -2.40416 19.7361 9.59584
    endloop
  endfacet
  facet normal -0.130589 0.991437 9.51758e-06
    outer loop
      vertex -2.40416 19.7361 9.59584
      vertex -3.4556 19.5977 0
      vertex -2.827 19.6804 10.1111
    endloop
  endfacet
  facet normal -0.130339 0.991469 -6.24383e-06
    outer loop
      vertex -2.827 19.6804 10.1111
      vertex -3.4556 19.5977 0
      vertex -3.14119 19.6391 10.6989
    endloop
  endfacet
  facet normal -0.130178 0.991491 0
    outer loop
      vertex -3.4 19.605 12
      vertex -3.4556 19.5977 0
      vertex -3.4556 19.5977 34
    endloop
  endfacet
  facet normal -0.130498 0.991449 1.51102e-06
    outer loop
      vertex -3.33467 19.6136 11.3367
      vertex -3.4556 19.5977 0
      vertex -3.4 19.605 12
    endloop
  endfacet
  facet normal -0.130656 0.991428 3.22376e-06
    outer loop
      vertex -3.14119 19.6391 10.6989
      vertex -3.4556 19.5977 0
      vertex -3.33467 19.6136 11.3367
    endloop
  endfacet
  facet normal 0.97629 -0.216467 0
    outer loop
      vertex 19.2219 -5.1505 34
      vertex 19.5977 -3.4556 0
      vertex 19.5977 -3.4556 34
    endloop
  endfacet
  facet normal 0.97629 -0.216467 0
    outer loop
      vertex 19.5977 -3.4556 0
      vertex 19.2219 -5.1505 34
      vertex 19.2219 -5.1505 0
    endloop
  endfacet
  facet normal -0.382705 0.923871 0
    outer loop
      vertex -6.8062 18.6999 0
      vertex -8.4101 18.0355 34
      vertex -6.8062 18.6999 34
    endloop
  endfacet
  facet normal -0.382705 0.923871 0
    outer loop
      vertex -8.4101 18.0355 34
      vertex -6.8062 18.6999 0
      vertex -8.4101 18.0355 0
    endloop
  endfacet
  facet normal -0.608747 0.793364 0
    outer loop
      vertex -11.4142 16.3011 0
      vertex -12.7915 15.2443 34
      vertex -11.4142 16.3011 34
    endloop
  endfacet
  facet normal -0.608747 0.793364 0
    outer loop
      vertex -12.7915 15.2443 34
      vertex -11.4142 16.3011 0
      vertex -12.7915 15.2443 0
    endloop
  endfacet
  facet normal 0.300685 -0.953724 0
    outer loop
      vertex 5.1505 -19.2219 0
      vertex 6.8062 -18.6999 34
      vertex 5.1505 -19.2219 34
    endloop
  endfacet
  facet normal 0.300685 -0.953724 0
    outer loop
      vertex 6.8062 -18.6999 34
      vertex 5.1505 -19.2219 0
      vertex 6.8062 -18.6999 0
    endloop
  endfacet
  facet normal -0.887016 0.461739 0
    outer loop
      vertex -18.0355 8.4101 0
      vertex -17.2339 9.95 34
      vertex -17.2339 9.95 0
    endloop
  endfacet
  facet normal -0.887016 0.461739 0
    outer loop
      vertex -17.2339 9.95 34
      vertex -18.0355 8.4101 0
      vertex -18.0355 8.4101 34
    endloop
  endfacet
  facet normal -0.300685 0.953724 0
    outer loop
      vertex -5.1505 19.2219 0
      vertex -6.8062 18.6999 34
      vertex -5.1505 19.2219 34
    endloop
  endfacet
  facet normal -0.300685 0.953724 0
    outer loop
      vertex -6.8062 18.6999 34
      vertex -5.1505 19.2219 0
      vertex -6.8062 18.6999 0
    endloop
  endfacet
  facet normal 0.793364 0.608747 0
    outer loop
      vertex 16.3011 11.4142 34
      vertex 15.2443 12.7915 18.3501
      vertex 15.2443 12.7915 34
    endloop
  endfacet
  facet normal 0.793287 0.608847 1.40054e-05
    outer loop
      vertex 15.2443 12.7915 18.3501
      vertex 16.3011 11.4142 34
      vertex 15.2859 12.7373 18.2619
    endloop
  endfacet
  facet normal 0.793373 0.608735 -9.2838e-07
    outer loop
      vertex 15.2859 12.7373 18.2619
      vertex 16.3011 11.4142 34
      vertex 15.3492 12.6548 18.1
    endloop
  endfacet
  facet normal 0.79372 0.608283 -5.70154e-05
    outer loop
      vertex 15.3492 12.6548 18.1
      vertex 16.3011 11.4142 34
      vertex 15.4036 12.5838 17.9298
    endloop
  endfacet
  facet normal 0.793042 0.609168 4.52819e-05
    outer loop
      vertex 15.4036 12.5838 17.9298
      vertex 16.3011 11.4142 34
      vertex 15.4487 12.5251 17.7524
    endloop
  endfacet
  facet normal 0.793685 0.608329 -4.57773e-05
    outer loop
      vertex 15.4487 12.5251 17.7524
      vertex 16.3011 11.4142 34
      vertex 15.4841 12.4789 17.5694
    endloop
  endfacet
  facet normal 0.793789 0.608193 -5.98002e-05
    outer loop
      vertex 15.4841 12.4789 17.5694
      vertex 16.3011 11.4142 34
      vertex 15.5096 12.4456 17.382
    endloop
  endfacet
  facet normal 0.792699 0.609614 8.03142e-05
    outer loop
      vertex 15.5096 12.4456 17.382
      vertex 16.3011 11.4142 34
      vertex 15.525 12.4256 17.1917
    endloop
  endfacet
  facet normal 0.79211 0.610379 0.000153537
    outer loop
      vertex 15.525 12.4256 17.1917
      vertex 16.3011 11.4142 34
      vertex 15.5302 12.4189 17
    endloop
  endfacet
  facet normal 0.793287 0.608847 -1.40054e-05
    outer loop
      vertex 16.3011 11.4142 0
      vertex 15.2443 12.7915 15.6499
      vertex 15.2859 12.7373 15.7381
    endloop
  endfacet
  facet normal 0.793373 0.608735 9.2838e-07
    outer loop
      vertex 16.3011 11.4142 0
      vertex 15.2859 12.7373 15.7381
      vertex 15.3492 12.6548 15.9
    endloop
  endfacet
  facet normal 0.79372 0.608283 5.70154e-05
    outer loop
      vertex 16.3011 11.4142 0
      vertex 15.3492 12.6548 15.9
      vertex 15.4036 12.5838 16.0702
    endloop
  endfacet
  facet normal 0.793042 0.609168 -4.52819e-05
    outer loop
      vertex 16.3011 11.4142 0
      vertex 15.4036 12.5838 16.0702
      vertex 15.4487 12.5251 16.2476
    endloop
  endfacet
  facet normal 0.793685 0.608329 4.57773e-05
    outer loop
      vertex 16.3011 11.4142 0
      vertex 15.4487 12.5251 16.2476
      vertex 15.4841 12.4789 16.4306
    endloop
  endfacet
  facet normal 0.793789 0.608193 5.98002e-05
    outer loop
      vertex 16.3011 11.4142 0
      vertex 15.4841 12.4789 16.4306
      vertex 15.5096 12.4456 16.618
    endloop
  endfacet
  facet normal 0.792699 0.609614 -8.03142e-05
    outer loop
      vertex 16.3011 11.4142 0
      vertex 15.5096 12.4456 16.618
      vertex 15.525 12.4256 16.8083
    endloop
  endfacet
  facet normal 0.79211 0.610379 -0.000153537
    outer loop
      vertex 16.3011 11.4142 0
      vertex 15.525 12.4256 16.8083
      vertex 15.5302 12.4189 17
    endloop
  endfacet
  facet normal 0.793366 0.608745 -0
    outer loop
      vertex 16.3011 11.4142 0
      vertex 15.5302 12.4189 17
      vertex 16.3011 11.4142 34
    endloop
  endfacet
  facet normal 0.793364 0.608747 0
    outer loop
      vertex 15.2443 12.7915 15.6499
      vertex 16.3011 11.4142 0
      vertex 15.2443 12.7915 0
    endloop
  endfacet
  facet normal 0.953724 0.300685 0
    outer loop
      vertex 19.2219 5.1505 34
      vertex 18.6999 6.8062 0
      vertex 18.6999 6.8062 34
    endloop
  endfacet
  facet normal 0.953724 0.300685 0
    outer loop
      vertex 18.6999 6.8062 0
      vertex 19.2219 5.1505 34
      vertex 19.2219 5.1505 0
    endloop
  endfacet
  facet normal -0.461739 0.887016 0
    outer loop
      vertex -8.4101 18.0355 0
      vertex -9.95 17.2339 34
      vertex -8.4101 18.0355 34
    endloop
  endfacet
  facet normal -0.461739 0.887016 0
    outer loop
      vertex -9.95 17.2339 34
      vertex -8.4101 18.0355 0
      vertex -9.95 17.2339 0
    endloop
  endfacet
  facet normal -0.5373 0.843391 0
    outer loop
      vertex -9.95 17.2339 0
      vertex -11.4142 16.3011 34
      vertex -9.95 17.2339 34
    endloop
  endfacet
  facet normal -0.5373 0.843391 0
    outer loop
      vertex -11.4142 16.3011 34
      vertex -9.95 17.2339 0
      vertex -11.4142 16.3011 0
    endloop
  endfacet
  facet normal 0.923871 0.382705 0
    outer loop
      vertex 18.6999 6.8062 34
      vertex 18.0355 8.4101 0
      vertex 18.0355 8.4101 34
    endloop
  endfacet
  facet normal 0.923871 0.382705 0
    outer loop
      vertex 18.0355 8.4101 0
      vertex 18.6999 6.8062 34
      vertex 18.6999 6.8062 0
    endloop
  endfacet
  facet normal -0.793364 0.608747 0
    outer loop
      vertex -16.3011 11.4142 0
      vertex -15.2443 12.7915 34
      vertex -15.2443 12.7915 0
    endloop
  endfacet
  facet normal -0.793364 0.608747 0
    outer loop
      vertex -15.2443 12.7915 34
      vertex -16.3011 11.4142 0
      vertex -16.3011 11.4142 34
    endloop
  endfacet
  facet normal 0.999046 -0.043678 6.84733e-06
    outer loop
      vertex 19.8243 -1.7344 0
      vertex 19.9 0 18.6
      vertex 19.871 -0.663306 18.6653
    endloop
  endfacet
  facet normal 0.999051 -0.0435453 -7.83636e-07
    outer loop
      vertex 19.8243 -1.7344 0
      vertex 19.871 -0.663306 18.6653
      vertex 19.8432 -1.30112 18.8588
    endloop
  endfacet
  facet normal 0.99905 -0.0435793 0
    outer loop
      vertex 19.8243 -1.7344 0
      vertex 19.8432 -1.30112 18.8588
      vertex 19.8243 -1.7344 19.0904
    endloop
  endfacet
  facet normal 0.999049 -0.0436047 0
    outer loop
      vertex 19.9 0 18.6
      vertex 19.8243 -1.7344 0
      vertex 19.9 0 0
    endloop
  endfacet
  facet normal 0.999046 -0.0436787 0
    outer loop
      vertex 19.9 0 34
      vertex 19.871 -0.663306 25.3347
      vertex 19.9 0 25.4
    endloop
  endfacet
  facet normal 0.999049 -0.0436047 -5.67264e-06
    outer loop
      vertex 19.8243 -1.7344 34
      vertex 19.871 -0.663306 25.3347
      vertex 19.9 0 34
    endloop
  endfacet
  facet normal 0.999051 -0.0435455 1.65529e-06
    outer loop
      vertex 19.871 -0.663306 25.3347
      vertex 19.8243 -1.7344 34
      vertex 19.8432 -1.30112 25.1412
    endloop
  endfacet
  facet normal 0.99905 -0.0435793 0
    outer loop
      vertex 19.8432 -1.30112 25.1412
      vertex 19.8243 -1.7344 34
      vertex 19.8243 -1.7344 24.9096
    endloop
  endfacet
  facet normal 0.887016 -0.461739 0
    outer loop
      vertex 17.2339 -9.95 34
      vertex 18.0355 -8.4101 0
      vertex 18.0355 -8.4101 34
    endloop
  endfacet
  facet normal 0.887016 -0.461739 0
    outer loop
      vertex 18.0355 -8.4101 0
      vertex 17.2339 -9.95 34
      vertex 17.2339 -9.95 0
    endloop
  endfacet
  facet normal 0.608747 0.793364 -0
    outer loop
      vertex 12.7915 15.2443 18.3501
      vertex 11.4142 16.3011 34
      vertex 12.7915 15.2443 34
    endloop
  endfacet
  facet normal 0.608847 0.793287 1.40054e-05
    outer loop
      vertex 12.7373 15.2859 18.2619
      vertex 11.4142 16.3011 34
      vertex 12.7915 15.2443 18.3501
    endloop
  endfacet
  facet normal 0.608735 0.793373 -9.2838e-07
    outer loop
      vertex 12.6548 15.3492 18.1
      vertex 11.4142 16.3011 34
      vertex 12.7373 15.2859 18.2619
    endloop
  endfacet
  facet normal 0.608283 0.79372 -5.70154e-05
    outer loop
      vertex 12.5838 15.4036 17.9298
      vertex 11.4142 16.3011 34
      vertex 12.6548 15.3492 18.1
    endloop
  endfacet
  facet normal 0.609168 0.793042 4.52819e-05
    outer loop
      vertex 12.5251 15.4487 17.7524
      vertex 11.4142 16.3011 34
      vertex 12.5838 15.4036 17.9298
    endloop
  endfacet
  facet normal 0.608329 0.793685 -4.57773e-05
    outer loop
      vertex 12.4789 15.4841 17.5694
      vertex 11.4142 16.3011 34
      vertex 12.5251 15.4487 17.7524
    endloop
  endfacet
  facet normal 0.608193 0.793789 -5.98002e-05
    outer loop
      vertex 12.4456 15.5096 17.382
      vertex 11.4142 16.3011 34
      vertex 12.4789 15.4841 17.5694
    endloop
  endfacet
  facet normal 0.609614 0.792699 8.03142e-05
    outer loop
      vertex 12.4256 15.525 17.1917
      vertex 11.4142 16.3011 34
      vertex 12.4456 15.5096 17.382
    endloop
  endfacet
  facet normal 0.610379 0.79211 0.000153537
    outer loop
      vertex 12.4189 15.5302 17
      vertex 11.4142 16.3011 34
      vertex 12.4256 15.525 17.1917
    endloop
  endfacet
  facet normal 0.610379 0.79211 -0.000153537
    outer loop
      vertex 11.4142 16.3011 0
      vertex 12.4189 15.5302 17
      vertex 12.4256 15.525 16.8083
    endloop
  endfacet
  facet normal 0.608747 0.793364 0
    outer loop
      vertex 11.4142 16.3011 0
      vertex 12.7915 15.2443 15.6499
      vertex 12.7915 15.2443 0
    endloop
  endfacet
  facet normal 0.608847 0.793287 -1.40054e-05
    outer loop
      vertex 12.7915 15.2443 15.6499
      vertex 11.4142 16.3011 0
      vertex 12.7373 15.2859 15.7381
    endloop
  endfacet
  facet normal 0.608735 0.793373 9.2838e-07
    outer loop
      vertex 12.7373 15.2859 15.7381
      vertex 11.4142 16.3011 0
      vertex 12.6548 15.3492 15.9
    endloop
  endfacet
  facet normal 0.608283 0.79372 5.70154e-05
    outer loop
      vertex 12.6548 15.3492 15.9
      vertex 11.4142 16.3011 0
      vertex 12.5838 15.4036 16.0702
    endloop
  endfacet
  facet normal 0.609168 0.793042 -4.52819e-05
    outer loop
      vertex 12.5838 15.4036 16.0702
      vertex 11.4142 16.3011 0
      vertex 12.5251 15.4487 16.2476
    endloop
  endfacet
  facet normal 0.608329 0.793685 4.57773e-05
    outer loop
      vertex 12.5251 15.4487 16.2476
      vertex 11.4142 16.3011 0
      vertex 12.4789 15.4841 16.4306
    endloop
  endfacet
  facet normal 0.608193 0.793789 5.98002e-05
    outer loop
      vertex 12.4789 15.4841 16.4306
      vertex 11.4142 16.3011 0
      vertex 12.4456 15.5096 16.618
    endloop
  endfacet
  facet normal 0.609614 0.792699 -8.03142e-05
    outer loop
      vertex 12.4456 15.5096 16.618
      vertex 11.4142 16.3011 0
      vertex 12.4256 15.525 16.8083
    endloop
  endfacet
  facet normal 0.608745 0.793366 0
    outer loop
      vertex 12.4189 15.5302 17
      vertex 11.4142 16.3011 0
      vertex 11.4142 16.3011 34
    endloop
  endfacet
  facet normal 0.5373 0.843391 -0
    outer loop
      vertex 11.4142 16.3011 0
      vertex 9.95 17.2339 34
      vertex 11.4142 16.3011 34
    endloop
  endfacet
  facet normal 0.5373 0.843391 0
    outer loop
      vertex 9.95 17.2339 34
      vertex 11.4142 16.3011 0
      vertex 9.95 17.2339 0
    endloop
  endfacet
  facet normal 0.0436787 -0.999046 0
    outer loop
      vertex 0 -19.9 0
      vertex 0.663306 -19.871 8.66533
      vertex 0 -19.9 8.6
    endloop
  endfacet
  facet normal 0.0436047 -0.999049 5.67262e-06
    outer loop
      vertex 1.7344 -19.8243 0
      vertex 0.663306 -19.871 8.66533
      vertex 0 -19.9 0
    endloop
  endfacet
  facet normal 0.0435455 -0.999051 -1.65529e-06
    outer loop
      vertex 0.663306 -19.871 8.66533
      vertex 1.7344 -19.8243 0
      vertex 1.30112 -19.8432 8.85881
    endloop
  endfacet
  facet normal 0.0435793 -0.99905 0
    outer loop
      vertex 1.30112 -19.8432 8.85881
      vertex 1.7344 -19.8243 0
      vertex 1.7344 -19.8243 9.0904
    endloop
  endfacet
  facet normal 0.0436047 -0.999049 0
    outer loop
      vertex 0 -19.9 15.4
      vertex 1.7344 -19.8243 34
      vertex 0 -19.9 34
    endloop
  endfacet
  facet normal 0.043678 -0.999046 -6.84733e-06
    outer loop
      vertex 0.663306 -19.871 15.3347
      vertex 1.7344 -19.8243 34
      vertex 0 -19.9 15.4
    endloop
  endfacet
  facet normal 0.0435453 -0.999051 7.83636e-07
    outer loop
      vertex 1.30112 -19.8432 15.1412
      vertex 1.7344 -19.8243 34
      vertex 0.663306 -19.871 15.3347
    endloop
  endfacet
  facet normal 0.0435793 -0.99905 0
    outer loop
      vertex 1.7344 -19.8243 34
      vertex 1.30112 -19.8432 15.1412
      vertex 1.7344 -19.8243 14.9096
    endloop
  endfacet
  facet normal 0.843391 -0.5373 0
    outer loop
      vertex 16.3011 -11.4142 34
      vertex 17.2339 -9.95 0
      vertex 17.2339 -9.95 34
    endloop
  endfacet
  facet normal 0.843391 -0.5373 0
    outer loop
      vertex 17.2339 -9.95 0
      vertex 16.3011 -11.4142 34
      vertex 16.3011 -11.4142 0
    endloop
  endfacet
  facet normal -0.737252 0.675618 0
    outer loop
      vertex -15.2443 12.7915 0
      vertex -14.0714 14.0714 34
      vertex -14.0714 14.0714 0
    endloop
  endfacet
  facet normal -0.737252 0.675618 0
    outer loop
      vertex -14.0714 14.0714 34
      vertex -15.2443 12.7915 0
      vertex -15.2443 12.7915 34
    endloop
  endfacet
  facet normal -0.0436047 0.999049 0
    outer loop
      vertex 0 19.9 15.4
      vertex -1.7344 19.8243 34
      vertex 0 19.9 34
    endloop
  endfacet
  facet normal -0.043678 0.999046 -6.84733e-06
    outer loop
      vertex -0.663306 19.871 15.3347
      vertex -1.7344 19.8243 34
      vertex 0 19.9 15.4
    endloop
  endfacet
  facet normal -0.0435453 0.999051 7.83636e-07
    outer loop
      vertex -1.30112 19.8432 15.1412
      vertex -1.7344 19.8243 34
      vertex -0.663306 19.871 15.3347
    endloop
  endfacet
  facet normal -0.0435793 0.99905 0
    outer loop
      vertex -1.7344 19.8243 34
      vertex -1.30112 19.8432 15.1412
      vertex -1.7344 19.8243 14.9096
    endloop
  endfacet
  facet normal -0.0436787 0.999046 0
    outer loop
      vertex 0 19.9 0
      vertex -0.663306 19.871 8.66533
      vertex 0 19.9 8.6
    endloop
  endfacet
  facet normal -0.0436047 0.999049 5.67262e-06
    outer loop
      vertex -1.7344 19.8243 0
      vertex -0.663306 19.871 8.66533
      vertex 0 19.9 0
    endloop
  endfacet
  facet normal -0.0435455 0.999051 -1.65529e-06
    outer loop
      vertex -0.663306 19.871 8.66533
      vertex -1.7344 19.8243 0
      vertex -1.30112 19.8432 8.85881
    endloop
  endfacet
  facet normal -0.0435793 0.99905 0
    outer loop
      vertex -1.30112 19.8432 8.85881
      vertex -1.7344 19.8243 0
      vertex -1.7344 19.8243 9.0904
    endloop
  endfacet
  facet normal -0.608747 -0.793364 0
    outer loop
      vertex -12.7915 -15.2443 0
      vertex -11.4142 -16.3011 34
      vertex -12.7915 -15.2443 34
    endloop
  endfacet
  facet normal -0.608747 -0.793364 -0
    outer loop
      vertex -11.4142 -16.3011 34
      vertex -12.7915 -15.2443 0
      vertex -11.4142 -16.3011 0
    endloop
  endfacet
  facet normal 0.887016 0.461739 0
    outer loop
      vertex 18.0355 8.4101 34
      vertex 17.2339 9.95 0
      vertex 17.2339 9.95 34
    endloop
  endfacet
  facet normal 0.887016 0.461739 0
    outer loop
      vertex 17.2339 9.95 0
      vertex 18.0355 8.4101 34
      vertex 18.0355 8.4101 0
    endloop
  endfacet
  facet normal 0.216467 0.97629 -0
    outer loop
      vertex 5.1505 19.2219 0
      vertex 3.4556 19.5977 34
      vertex 5.1505 19.2219 34
    endloop
  endfacet
  facet normal 0.216467 0.97629 0
    outer loop
      vertex 3.4556 19.5977 34
      vertex 5.1505 19.2219 0
      vertex 3.4556 19.5977 0
    endloop
  endfacet
  facet normal 0.953724 -0.300685 0
    outer loop
      vertex 18.6999 -6.8062 34
      vertex 19.2219 -5.1505 0
      vertex 19.2219 -5.1505 34
    endloop
  endfacet
  facet normal 0.953724 -0.300685 0
    outer loop
      vertex 19.2219 -5.1505 0
      vertex 18.6999 -6.8062 34
      vertex 18.6999 -6.8062 0
    endloop
  endfacet
  facet normal 0.843391 0.5373 0
    outer loop
      vertex 17.2339 9.95 34
      vertex 16.3011 11.4142 0
      vertex 16.3011 11.4142 34
    endloop
  endfacet
  facet normal 0.843391 0.5373 0
    outer loop
      vertex 16.3011 11.4142 0
      vertex 17.2339 9.95 34
      vertex 17.2339 9.95 0
    endloop
  endfacet
  facet normal -0.953724 0.300685 0
    outer loop
      vertex -19.2219 5.1505 0
      vertex -18.6999 6.8062 34
      vertex -18.6999 6.8062 0
    endloop
  endfacet
  facet normal -0.953724 0.300685 0
    outer loop
      vertex -18.6999 6.8062 34
      vertex -19.2219 5.1505 0
      vertex -19.2219 5.1505 34
    endloop
  endfacet
  facet normal 0.923871 -0.382705 0
    outer loop
      vertex 18.0355 -8.4101 34
      vertex 18.6999 -6.8062 0
      vertex 18.6999 -6.8062 34
    endloop
  endfacet
  facet normal 0.923871 -0.382705 0
    outer loop
      vertex 18.6999 -6.8062 0
      vertex 18.0355 -8.4101 34
      vertex 18.0355 -8.4101 0
    endloop
  endfacet
  facet normal -0.675618 0.737252 0
    outer loop
      vertex -12.7915 15.2443 0
      vertex -14.0714 14.0714 34
      vertex -12.7915 15.2443 34
    endloop
  endfacet
  facet normal -0.675618 0.737252 0
    outer loop
      vertex -14.0714 14.0714 34
      vertex -12.7915 15.2443 0
      vertex -14.0714 14.0714 0
    endloop
  endfacet
  facet normal 0.130526 -0.991445 0
    outer loop
      vertex 1.7344 -19.8243 14.9096
      vertex 3.4556 -19.5977 34
      vertex 1.7344 -19.8243 34
    endloop
  endfacet
  facet normal 0.130854 -0.991402 -3.00447e-05
    outer loop
      vertex 1.88894 -19.8039 14.827
      vertex 3.4556 -19.5977 34
      vertex 1.7344 -19.8243 14.9096
    endloop
  endfacet
  facet normal 0.130471 -0.991452 1.76982e-06
    outer loop
      vertex 2.40416 -19.7361 14.4042
      vertex 3.4556 -19.5977 34
      vertex 1.88894 -19.8039 14.827
    endloop
  endfacet
  facet normal 0.130594 -0.991436 -4.9587e-06
    outer loop
      vertex 2.827 -19.6804 13.8889
      vertex 3.4556 -19.5977 34
      vertex 2.40416 -19.7361 14.4042
    endloop
  endfacet
  facet normal 0.130334 -0.99147 3.31068e-06
    outer loop
      vertex 3.14119 -19.6391 13.3011
      vertex 3.4556 -19.5977 34
      vertex 2.827 -19.6804 13.8889
    endloop
  endfacet
  facet normal 0.130661 -0.991427 -1.74057e-06
    outer loop
      vertex 3.33467 -19.6136 12.6633
      vertex 3.4556 -19.5977 34
      vertex 3.14119 -19.6391 13.3011
    endloop
  endfacet
  facet normal 0.130505 -0.991448 -8.41373e-07
    outer loop
      vertex 3.4 -19.605 12
      vertex 3.4556 -19.5977 34
      vertex 3.33467 -19.6136 12.6633
    endloop
  endfacet
  facet normal 0.130526 -0.991445 0
    outer loop
      vertex 3.4556 -19.5977 0
      vertex 1.7344 -19.8243 9.0904
      vertex 1.7344 -19.8243 0
    endloop
  endfacet
  facet normal 0.130838 -0.991404 6.00584e-05
    outer loop
      vertex 1.7344 -19.8243 9.0904
      vertex 3.4556 -19.5977 0
      vertex 1.88894 -19.8039 9.173
    endloop
  endfacet
  facet normal 0.130472 -0.991452 -3.46199e-06
    outer loop
      vertex 1.88894 -19.8039 9.173
      vertex 3.4556 -19.5977 0
      vertex 2.40416 -19.7361 9.59584
    endloop
  endfacet
  facet normal 0.130589 -0.991437 9.51758e-06
    outer loop
      vertex 2.40416 -19.7361 9.59584
      vertex 3.4556 -19.5977 0
      vertex 2.827 -19.6804 10.1111
    endloop
  endfacet
  facet normal 0.130339 -0.991469 -6.24383e-06
    outer loop
      vertex 2.827 -19.6804 10.1111
      vertex 3.4556 -19.5977 0
      vertex 3.14119 -19.6391 10.6989
    endloop
  endfacet
  facet normal 0.130178 -0.991491 0
    outer loop
      vertex 3.4 -19.605 12
      vertex 3.4556 -19.5977 0
      vertex 3.4556 -19.5977 34
    endloop
  endfacet
  facet normal 0.130498 -0.991449 1.51102e-06
    outer loop
      vertex 3.33467 -19.6136 11.3367
      vertex 3.4556 -19.5977 0
      vertex 3.4 -19.605 12
    endloop
  endfacet
  facet normal 0.130656 -0.991428 3.22376e-06
    outer loop
      vertex 3.14119 -19.6391 10.6989
      vertex 3.4556 -19.5977 0
      vertex 3.33467 -19.6136 11.3367
    endloop
  endfacet
  facet normal -0.737252 -0.675618 0
    outer loop
      vertex -14.0714 -14.0714 0
      vertex -15.2443 -12.7915 34
      vertex -15.2443 -12.7915 0
    endloop
  endfacet
  facet normal -0.737252 -0.675618 0
    outer loop
      vertex -15.2443 -12.7915 34
      vertex -14.0714 -14.0714 0
      vertex -14.0714 -14.0714 34
    endloop
  endfacet
  facet normal -0.923871 0.382705 0
    outer loop
      vertex -18.6999 6.8062 0
      vertex -18.0355 8.4101 34
      vertex -18.0355 8.4101 0
    endloop
  endfacet
  facet normal -0.923871 0.382705 0
    outer loop
      vertex -18.0355 8.4101 34
      vertex -18.6999 6.8062 0
      vertex -18.6999 6.8062 34
    endloop
  endfacet
  facet normal -0.382705 -0.923871 0
    outer loop
      vertex -8.4101 -18.0355 0
      vertex -6.8062 -18.6999 34
      vertex -8.4101 -18.0355 34
    endloop
  endfacet
  facet normal -0.382705 -0.923871 -0
    outer loop
      vertex -6.8062 -18.6999 34
      vertex -8.4101 -18.0355 0
      vertex -6.8062 -18.6999 0
    endloop
  endfacet
  facet normal -0.793364 -0.608747 0
    outer loop
      vertex -15.2443 -12.7915 0
      vertex -16.3011 -11.4142 34
      vertex -16.3011 -11.4142 0
    endloop
  endfacet
  facet normal -0.793364 -0.608747 0
    outer loop
      vertex -16.3011 -11.4142 34
      vertex -15.2443 -12.7915 0
      vertex -15.2443 -12.7915 34
    endloop
  endfacet
  facet normal 0.0436047 0.999049 0
    outer loop
      vertex 1.7344 19.8243 34
      vertex 0 19.9 15.4
      vertex 0 19.9 34
    endloop
  endfacet
  facet normal 0.043678 0.999046 -6.84733e-06
    outer loop
      vertex 1.7344 19.8243 34
      vertex 0.663306 19.871 15.3347
      vertex 0 19.9 15.4
    endloop
  endfacet
  facet normal 0.0435453 0.999051 7.83636e-07
    outer loop
      vertex 1.7344 19.8243 34
      vertex 1.30112 19.8432 15.1412
      vertex 0.663306 19.871 15.3347
    endloop
  endfacet
  facet normal 0.0435793 0.99905 0
    outer loop
      vertex 1.30112 19.8432 15.1412
      vertex 1.7344 19.8243 34
      vertex 1.7344 19.8243 14.9096
    endloop
  endfacet
  facet normal 0.0435793 0.99905 -0
    outer loop
      vertex 1.7344 19.8243 0
      vertex 1.30112 19.8432 8.85881
      vertex 1.7344 19.8243 9.0904
    endloop
  endfacet
  facet normal 0.0435455 0.999051 -1.65529e-06
    outer loop
      vertex 1.7344 19.8243 0
      vertex 0.663306 19.871 8.66533
      vertex 1.30112 19.8432 8.85881
    endloop
  endfacet
  facet normal 0.0436047 0.999049 5.67262e-06
    outer loop
      vertex 0 19.9 0
      vertex 0.663306 19.871 8.66533
      vertex 1.7344 19.8243 0
    endloop
  endfacet
  facet normal 0.0436787 0.999046 0
    outer loop
      vertex 0.663306 19.871 8.66533
      vertex 0 19.9 0
      vertex 0 19.9 8.6
    endloop
  endfacet
  facet normal -0.999049 -0.0436047 0
    outer loop
      vertex -19.8243 -1.7344 0
      vertex -19.9 0 18.6
      vertex -19.9 0 0
    endloop
  endfacet
  facet normal -0.999046 -0.043678 6.84733e-06
    outer loop
      vertex -19.9 0 18.6
      vertex -19.8243 -1.7344 0
      vertex -19.871 -0.663306 18.6653
    endloop
  endfacet
  facet normal -0.999051 -0.0435453 -7.83636e-07
    outer loop
      vertex -19.871 -0.663306 18.6653
      vertex -19.8243 -1.7344 0
      vertex -19.8432 -1.30112 18.8588
    endloop
  endfacet
  facet normal -0.99905 -0.0435793 0
    outer loop
      vertex -19.8432 -1.30112 18.8588
      vertex -19.8243 -1.7344 0
      vertex -19.8243 -1.7344 19.0904
    endloop
  endfacet
  facet normal -0.999046 -0.0436787 0
    outer loop
      vertex -19.871 -0.663306 25.3347
      vertex -19.9 0 34
      vertex -19.9 0 25.4
    endloop
  endfacet
  facet normal -0.999051 -0.0435455 1.65529e-06
    outer loop
      vertex -19.8243 -1.7344 34
      vertex -19.871 -0.663306 25.3347
      vertex -19.8432 -1.30112 25.1412
    endloop
  endfacet
  facet normal -0.99905 -0.0435793 -0
    outer loop
      vertex -19.8243 -1.7344 34
      vertex -19.8432 -1.30112 25.1412
      vertex -19.8243 -1.7344 24.9096
    endloop
  endfacet
  facet normal -0.999049 -0.0436047 -5.67264e-06
    outer loop
      vertex -19.871 -0.663306 25.3347
      vertex -19.8243 -1.7344 34
      vertex -19.9 0 34
    endloop
  endfacet
  facet normal -0.97629 0.216467 0
    outer loop
      vertex -19.5977 3.4556 0
      vertex -19.2219 5.1505 34
      vertex -19.2219 5.1505 0
    endloop
  endfacet
  facet normal -0.97629 0.216467 0
    outer loop
      vertex -19.2219 5.1505 34
      vertex -19.5977 3.4556 0
      vertex -19.5977 3.4556 34
    endloop
  endfacet
  facet normal 0.5373 -0.843391 0
    outer loop
      vertex 9.95 -17.2339 0
      vertex 11.4142 -16.3011 34
      vertex 9.95 -17.2339 34
    endloop
  endfacet
  facet normal 0.5373 -0.843391 0
    outer loop
      vertex 11.4142 -16.3011 34
      vertex 9.95 -17.2339 0
      vertex 11.4142 -16.3011 0
    endloop
  endfacet
  facet normal 0.130526 0.991445 0
    outer loop
      vertex 3.4556 19.5977 34
      vertex 1.7344 19.8243 14.9096
      vertex 1.7344 19.8243 34
    endloop
  endfacet
  facet normal 0.130854 0.991402 -3.00447e-05
    outer loop
      vertex 3.4556 19.5977 34
      vertex 1.88894 19.8039 14.827
      vertex 1.7344 19.8243 14.9096
    endloop
  endfacet
  facet normal 0.130471 0.991452 1.76982e-06
    outer loop
      vertex 3.4556 19.5977 34
      vertex 2.40416 19.7361 14.4042
      vertex 1.88894 19.8039 14.827
    endloop
  endfacet
  facet normal 0.130594 0.991436 -4.9587e-06
    outer loop
      vertex 3.4556 19.5977 34
      vertex 2.827 19.6804 13.8889
      vertex 2.40416 19.7361 14.4042
    endloop
  endfacet
  facet normal 0.130334 0.99147 3.31068e-06
    outer loop
      vertex 3.4556 19.5977 34
      vertex 3.14119 19.6391 13.3011
      vertex 2.827 19.6804 13.8889
    endloop
  endfacet
  facet normal 0.130661 0.991427 -1.74057e-06
    outer loop
      vertex 3.4556 19.5977 34
      vertex 3.33467 19.6136 12.6633
      vertex 3.14119 19.6391 13.3011
    endloop
  endfacet
  facet normal 0.130505 0.991448 -8.41373e-07
    outer loop
      vertex 3.4556 19.5977 34
      vertex 3.4 19.605 12
      vertex 3.33467 19.6136 12.6633
    endloop
  endfacet
  facet normal 0.130178 0.991491 -0
    outer loop
      vertex 3.4556 19.5977 0
      vertex 3.4 19.605 12
      vertex 3.4556 19.5977 34
    endloop
  endfacet
  facet normal 0.130498 0.991449 1.51102e-06
    outer loop
      vertex 3.4556 19.5977 0
      vertex 3.33467 19.6136 11.3367
      vertex 3.4 19.605 12
    endloop
  endfacet
  facet normal 0.130656 0.991428 3.22376e-06
    outer loop
      vertex 3.4556 19.5977 0
      vertex 3.14119 19.6391 10.6989
      vertex 3.33467 19.6136 11.3367
    endloop
  endfacet
  facet normal 0.130339 0.991469 -6.24383e-06
    outer loop
      vertex 3.4556 19.5977 0
      vertex 2.827 19.6804 10.1111
      vertex 3.14119 19.6391 10.6989
    endloop
  endfacet
  facet normal 0.130589 0.991437 9.51758e-06
    outer loop
      vertex 3.4556 19.5977 0
      vertex 2.40416 19.7361 9.59584
      vertex 2.827 19.6804 10.1111
    endloop
  endfacet
  facet normal 0.130472 0.991452 -3.46199e-06
    outer loop
      vertex 3.4556 19.5977 0
      vertex 1.88894 19.8039 9.173
      vertex 2.40416 19.7361 9.59584
    endloop
  endfacet
  facet normal 0.130838 0.991404 6.00584e-05
    outer loop
      vertex 3.4556 19.5977 0
      vertex 1.7344 19.8243 9.0904
      vertex 1.88894 19.8039 9.173
    endloop
  endfacet
  facet normal 0.130526 0.991445 0
    outer loop
      vertex 1.7344 19.8243 9.0904
      vertex 3.4556 19.5977 0
      vertex 1.7344 19.8243 0
    endloop
  endfacet
  facet normal 0.216467 -0.97629 0
    outer loop
      vertex 3.4556 -19.5977 0
      vertex 5.1505 -19.2219 34
      vertex 3.4556 -19.5977 34
    endloop
  endfacet
  facet normal 0.216467 -0.97629 0
    outer loop
      vertex 5.1505 -19.2219 34
      vertex 3.4556 -19.5977 0
      vertex 5.1505 -19.2219 0
    endloop
  endfacet
  facet normal 0 0 -1
    outer loop
      vertex 3.4556 -19.5977 0
      vertex 1.20104 -16.8975 0
      vertex 1.3 -16.4 0
    endloop
  endfacet
  facet normal 0 0 -1
    outer loop
      vertex 3.4556 -19.5977 0
      vertex 0.919238 -17.3192 0
      vertex 1.20104 -16.8975 0
    endloop
  endfacet
  facet normal 0 0 -1
    outer loop
      vertex 1.7344 -19.8243 0
      vertex 0.497488 -17.601 0
      vertex 0.919238 -17.3192 0
    endloop
  endfacet
  facet normal 0 0 -1
    outer loop
      vertex 0 -19.9 0
      vertex 0.497488 -17.601 0
      vertex 1.7344 -19.8243 0
    endloop
  endfacet
  facet normal 0 0 -1
    outer loop
      vertex 0 -19.9 0
      vertex 0 -17.7 0
      vertex 0.497488 -17.601 0
    endloop
  endfacet
  facet normal 0 0 -1
    outer loop
      vertex 0 -19.9 0
      vertex -0.497488 -17.601 0
      vertex 0 -17.7 0
    endloop
  endfacet
  facet normal 0 0 -1
    outer loop
      vertex -1.7344 -19.8243 0
      vertex -0.497488 -17.601 0
      vertex 0 -19.9 0
    endloop
  endfacet
  facet normal -0 0 -1
    outer loop
      vertex -0.497488 -17.601 0
      vertex -1.7344 -19.8243 0
      vertex -0.919238 -17.3192 0
    endloop
  endfacet
  facet normal -0 0 -1
    outer loop
      vertex -0.919238 -17.3192 0
      vertex -3.4556 -19.5977 0
      vertex -1.20104 -16.8975 0
    endloop
  endfacet
  facet normal 0 0 -1
    outer loop
      vertex -3.4556 -19.5977 0
      vertex -0.919238 -17.3192 0
      vertex -1.7344 -19.8243 0
    endloop
  endfacet
  facet normal 0 0 -1
    outer loop
      vertex 12.9 0 0
      vertex 19.9 0 0
      vertex 19.8243 -1.7344 0
    endloop
  endfacet
  facet normal 0 0 -1
    outer loop
      vertex 12.8509 -1.12431 0
      vertex 19.8243 -1.7344 0
      vertex 19.5977 -3.4556 0
    endloop
  endfacet
  facet normal 0 0 -1
    outer loop
      vertex 19.9 0 0
      vertex 12.9 0 0
      vertex 19.8243 1.7344 0
    endloop
  endfacet
  facet normal 0 0 -1
    outer loop
      vertex 12.704 -2.24006 0
      vertex 19.5977 -3.4556 0
      vertex 19.2219 -5.1505 0
    endloop
  endfacet
  facet normal 0 0 -1
    outer loop
      vertex 12.8509 1.12431 0
      vertex 19.8243 1.7344 0
      vertex 12.9 0 0
    endloop
  endfacet
  facet normal 0 0 -1
    outer loop
      vertex 12.4604 -3.33877 0
      vertex 19.2219 -5.1505 0
      vertex 18.6999 -6.8062 0
    endloop
  endfacet
  facet normal -0 0 -1
    outer loop
      vertex 19.8243 1.7344 0
      vertex 12.8509 1.12431 0
      vertex 19.5977 3.4556 0
    endloop
  endfacet
  facet normal 0 0 -1
    outer loop
      vertex 12.122 -4.41206 0
      vertex 18.6999 -6.8062 0
      vertex 18.0355 -8.4101 0
    endloop
  endfacet
  facet normal 0 0 -1
    outer loop
      vertex 12.704 2.24006 0
      vertex 19.5977 3.4556 0
      vertex 12.8509 1.12431 0
    endloop
  endfacet
  facet normal 0 0 -1
    outer loop
      vertex 11.6914 -5.45178 0
      vertex 18.0355 -8.4101 0
      vertex 17.2339 -9.95 0
    endloop
  endfacet
  facet normal -0 0 -1
    outer loop
      vertex 19.5977 3.4556 0
      vertex 12.704 2.24006 0
      vertex 19.2219 5.1505 0
    endloop
  endfacet
  facet normal 0 0 -1
    outer loop
      vertex 11.1717 -6.45 0
      vertex 17.2339 -9.95 0
      vertex 16.3011 -11.4142 0
    endloop
  endfacet
  facet normal 0 0 -1
    outer loop
      vertex 12.4604 3.33877 0
      vertex 19.2219 5.1505 0
      vertex 12.704 2.24006 0
    endloop
  endfacet
  facet normal 0 0 -1
    outer loop
      vertex 10.5671 -7.39914 0
      vertex 16.3011 -11.4142 0
      vertex 15.2443 -12.7915 0
    endloop
  endfacet
  facet normal -0 0 -1
    outer loop
      vertex 19.2219 5.1505 0
      vertex 12.4604 3.33877 0
      vertex 18.6999 6.8062 0
    endloop
  endfacet
  facet normal 0 0 -1
    outer loop
      vertex 9.88197 -8.29196 0
      vertex 15.2443 -12.7915 0
      vertex 14.0714 -14.0714 0
    endloop
  endfacet
  facet normal 0 0 -1
    outer loop
      vertex 12.122 4.41206 0
      vertex 18.6999 6.8062 0
      vertex 12.4604 3.33877 0
    endloop
  endfacet
  facet normal -0 0 -1
    outer loop
      vertex 18.6999 6.8062 0
      vertex 12.122 4.41206 0
      vertex 18.0355 8.4101 0
    endloop
  endfacet
  facet normal 0 0 -1
    outer loop
      vertex 19.8243 -1.7344 0
      vertex 12.8509 -1.12431 0
      vertex 12.9 0 0
    endloop
  endfacet
  facet normal 0 0 -1
    outer loop
      vertex 9.12168 -9.12168 0
      vertex 14.0714 -14.0714 0
      vertex 12.7915 -15.2443 0
    endloop
  endfacet
  facet normal 0 0 -1
    outer loop
      vertex 19.5977 -3.4556 0
      vertex 12.704 -2.24006 0
      vertex 12.8509 -1.12431 0
    endloop
  endfacet
  facet normal 0 0 -1
    outer loop
      vertex 19.2219 -5.1505 0
      vertex 12.4604 -3.33877 0
      vertex 12.704 -2.24006 0
    endloop
  endfacet
  facet normal 0 0 -1
    outer loop
      vertex 18.6999 -6.8062 0
      vertex 12.122 -4.41206 0
      vertex 12.4604 -3.33877 0
    endloop
  endfacet
  facet normal 0 0 -1
    outer loop
      vertex 18.0355 -8.4101 0
      vertex 11.6914 -5.45178 0
      vertex 12.122 -4.41206 0
    endloop
  endfacet
  facet normal 0 0 -1
    outer loop
      vertex 8.29196 -9.88197 0
      vertex 12.7915 -15.2443 0
      vertex 11.4142 -16.3011 0
    endloop
  endfacet
  facet normal 0 0 -1
    outer loop
      vertex 17.2339 -9.95 0
      vertex 11.1717 -6.45 0
      vertex 11.6914 -5.45178 0
    endloop
  endfacet
  facet normal 0 0 -1
    outer loop
      vertex 16.3011 -11.4142 0
      vertex 10.5671 -7.39914 0
      vertex 11.1717 -6.45 0
    endloop
  endfacet
  facet normal 0 0 -1
    outer loop
      vertex 7.39914 -10.5671 0
      vertex 11.4142 -16.3011 0
      vertex 9.95 -17.2339 0
    endloop
  endfacet
  facet normal 0 0 -1
    outer loop
      vertex 15.2443 -12.7915 0
      vertex 9.88197 -8.29196 0
      vertex 10.5671 -7.39914 0
    endloop
  endfacet
  facet normal 0 0 -1
    outer loop
      vertex 14.0714 -14.0714 0
      vertex 9.12168 -9.12168 0
      vertex 9.88197 -8.29196 0
    endloop
  endfacet
  facet normal 0 0 -1
    outer loop
      vertex 6.45 -11.1717 0
      vertex 9.95 -17.2339 0
      vertex 8.4101 -18.0355 0
    endloop
  endfacet
  facet normal 0 0 -1
    outer loop
      vertex 12.7915 -15.2443 0
      vertex 8.29196 -9.88197 0
      vertex 9.12168 -9.12168 0
    endloop
  endfacet
  facet normal 0 0 -1
    outer loop
      vertex 11.4142 -16.3011 0
      vertex 7.39914 -10.5671 0
      vertex 8.29196 -9.88197 0
    endloop
  endfacet
  facet normal 0 0 -1
    outer loop
      vertex 5.45178 -11.6914 0
      vertex 8.4101 -18.0355 0
      vertex 6.8062 -18.6999 0
    endloop
  endfacet
  facet normal 0 0 -1
    outer loop
      vertex 9.95 -17.2339 0
      vertex 6.45 -11.1717 0
      vertex 7.39914 -10.5671 0
    endloop
  endfacet
  facet normal 0 0 -1
    outer loop
      vertex 8.4101 -18.0355 0
      vertex 5.45178 -11.6914 0
      vertex 6.45 -11.1717 0
    endloop
  endfacet
  facet normal 0 0 -1
    outer loop
      vertex 4.41206 -12.122 0
      vertex 6.8062 -18.6999 0
      vertex 5.1505 -19.2219 0
    endloop
  endfacet
  facet normal 0 0 -1
    outer loop
      vertex 6.8062 -18.6999 0
      vertex 4.41206 -12.122 0
      vertex 5.45178 -11.6914 0
    endloop
  endfacet
  facet normal 0 0 -1
    outer loop
      vertex 1.3 -16.4 0
      vertex 5.1505 -19.2219 0
      vertex 3.4556 -19.5977 0
    endloop
  endfacet
  facet normal 0 -0 -1
    outer loop
      vertex 3.33877 -12.4604 0
      vertex 5.1505 -19.2219 0
      vertex 1.3 -16.4 0
    endloop
  endfacet
  facet normal 0 0 -1
    outer loop
      vertex 5.1505 -19.2219 0
      vertex 3.33877 -12.4604 0
      vertex 4.41206 -12.122 0
    endloop
  endfacet
  facet normal 0 0 -1
    outer loop
      vertex 0.919238 -17.3192 0
      vertex 3.4556 -19.5977 0
      vertex 1.7344 -19.8243 0
    endloop
  endfacet
  facet normal 0 0 -1
    outer loop
      vertex 1.20104 -15.9025 0
      vertex 3.33877 -12.4604 0
      vertex 1.3 -16.4 0
    endloop
  endfacet
  facet normal 0 0 -1
    outer loop
      vertex 3.33877 -12.4604 0
      vertex 1.20104 -15.9025 0
      vertex 2.24006 -12.704 0
    endloop
  endfacet
  facet normal 0 0 -1
    outer loop
      vertex 0.919238 -15.4808 0
      vertex 2.24006 -12.704 0
      vertex 1.20104 -15.9025 0
    endloop
  endfacet
  facet normal 0 0 -1
    outer loop
      vertex 2.24006 -12.704 0
      vertex 0.919238 -15.4808 0
      vertex 1.12431 -12.8509 0
    endloop
  endfacet
  facet normal 0 0 -1
    outer loop
      vertex 0.497488 -15.199 0
      vertex 1.12431 -12.8509 0
      vertex 0.919238 -15.4808 0
    endloop
  endfacet
  facet normal 0 0 -1
    outer loop
      vertex 0 -12.9 0
      vertex 0.497488 -15.199 0
      vertex 0 -15.1 0
    endloop
  endfacet
  facet normal 0 0 -1
    outer loop
      vertex 0.497488 -15.199 0
      vertex 0 -12.9 0
      vertex 1.12431 -12.8509 0
    endloop
  endfacet
  facet normal 0 0 -1
    outer loop
      vertex -0.497488 -15.199 0
      vertex 0 -12.9 0
      vertex 0 -15.1 0
    endloop
  endfacet
  facet normal 0 0 -1
    outer loop
      vertex -1.12431 -12.8509 0
      vertex -0.497488 -15.199 0
      vertex -0.919238 -15.4808 0
    endloop
  endfacet
  facet normal 0 0 -1
    outer loop
      vertex -0.497488 -15.199 0
      vertex -1.12431 -12.8509 0
      vertex 0 -12.9 0
    endloop
  endfacet
  facet normal 0 0 -1
    outer loop
      vertex -2.24006 -12.704 0
      vertex -0.919238 -15.4808 0
      vertex -1.20104 -15.9025 0
    endloop
  endfacet
  facet normal 0 0 -1
    outer loop
      vertex -3.33877 -12.4604 0
      vertex -1.20104 -15.9025 0
      vertex -1.3 -16.4 0
    endloop
  endfacet
  facet normal -0 0 -1
    outer loop
      vertex -1.20104 -16.8975 0
      vertex -3.4556 -19.5977 0
      vertex -1.3 -16.4 0
    endloop
  endfacet
  facet normal 0 0 -1
    outer loop
      vertex -0.919238 -15.4808 0
      vertex -2.24006 -12.704 0
      vertex -1.12431 -12.8509 0
    endloop
  endfacet
  facet normal 0 0 -1
    outer loop
      vertex -5.1505 -19.2219 0
      vertex -1.3 -16.4 0
      vertex -3.4556 -19.5977 0
    endloop
  endfacet
  facet normal 0 0 -1
    outer loop
      vertex -1.20104 -15.9025 0
      vertex -3.33877 -12.4604 0
      vertex -2.24006 -12.704 0
    endloop
  endfacet
  facet normal -0 0 -1
    outer loop
      vertex -1.3 -16.4 0
      vertex -5.1505 -19.2219 0
      vertex -3.33877 -12.4604 0
    endloop
  endfacet
  facet normal -0 0 -1
    outer loop
      vertex -3.33877 -12.4604 0
      vertex -5.1505 -19.2219 0
      vertex -4.41206 -12.122 0
    endloop
  endfacet
  facet normal 0 0 -1
    outer loop
      vertex -6.8062 -18.6999 0
      vertex -4.41206 -12.122 0
      vertex -5.1505 -19.2219 0
    endloop
  endfacet
  facet normal -0 0 -1
    outer loop
      vertex -4.41206 -12.122 0
      vertex -6.8062 -18.6999 0
      vertex -5.45178 -11.6914 0
    endloop
  endfacet
  facet normal 0 0 -1
    outer loop
      vertex -8.4101 -18.0355 0
      vertex -5.45178 -11.6914 0
      vertex -6.8062 -18.6999 0
    endloop
  endfacet
  facet normal -0 0 -1
    outer loop
      vertex -5.45178 -11.6914 0
      vertex -8.4101 -18.0355 0
      vertex -6.45 -11.1717 0
    endloop
  endfacet
  facet normal 0 0 -1
    outer loop
      vertex -9.95 -17.2339 0
      vertex -6.45 -11.1717 0
      vertex -8.4101 -18.0355 0
    endloop
  endfacet
  facet normal -0 0 -1
    outer loop
      vertex -6.45 -11.1717 0
      vertex -9.95 -17.2339 0
      vertex -7.39914 -10.5671 0
    endloop
  endfacet
  facet normal 0 0 -1
    outer loop
      vertex -11.4142 -16.3011 0
      vertex -7.39914 -10.5671 0
      vertex -9.95 -17.2339 0
    endloop
  endfacet
  facet normal -0 0 -1
    outer loop
      vertex -7.39914 -10.5671 0
      vertex -11.4142 -16.3011 0
      vertex -8.29196 -9.88197 0
    endloop
  endfacet
  facet normal 0 0 -1
    outer loop
      vertex -12.7915 -15.2443 0
      vertex -8.29196 -9.88197 0
      vertex -11.4142 -16.3011 0
    endloop
  endfacet
  facet normal -0 0 -1
    outer loop
      vertex -8.29196 -9.88197 0
      vertex -12.7915 -15.2443 0
      vertex -9.12168 -9.12168 0
    endloop
  endfacet
  facet normal 0 0 -1
    outer loop
      vertex -14.0714 -14.0714 0
      vertex -9.12168 -9.12168 0
      vertex -12.7915 -15.2443 0
    endloop
  endfacet
  facet normal -0 0 -1
    outer loop
      vertex -9.12168 -9.12168 0
      vertex -14.0714 -14.0714 0
      vertex -9.88197 -8.29196 0
    endloop
  endfacet
  facet normal 0 0 -1
    outer loop
      vertex -15.2443 -12.7915 0
      vertex -9.88197 -8.29196 0
      vertex -14.0714 -14.0714 0
    endloop
  endfacet
  facet normal -0 0 -1
    outer loop
      vertex -9.88197 -8.29196 0
      vertex -15.2443 -12.7915 0
      vertex -10.5671 -7.39914 0
    endloop
  endfacet
  facet normal 0 0 -1
    outer loop
      vertex -16.3011 -11.4142 0
      vertex -10.5671 -7.39914 0
      vertex -15.2443 -12.7915 0
    endloop
  endfacet
  facet normal -0 0 -1
    outer loop
      vertex -10.5671 -7.39914 0
      vertex -16.3011 -11.4142 0
      vertex -11.1717 -6.45 0
    endloop
  endfacet
  facet normal 0 0 -1
    outer loop
      vertex -17.2339 -9.95 0
      vertex -11.1717 -6.45 0
      vertex -16.3011 -11.4142 0
    endloop
  endfacet
  facet normal -0 0 -1
    outer loop
      vertex -11.1717 -6.45 0
      vertex -17.2339 -9.95 0
      vertex -11.6914 -5.45178 0
    endloop
  endfacet
  facet normal 0 0 -1
    outer loop
      vertex -18.0355 -8.4101 0
      vertex -11.6914 -5.45178 0
      vertex -17.2339 -9.95 0
    endloop
  endfacet
  facet normal -0 0 -1
    outer loop
      vertex -11.6914 -5.45178 0
      vertex -18.0355 -8.4101 0
      vertex -12.122 -4.41206 0
    endloop
  endfacet
  facet normal 0 0 -1
    outer loop
      vertex 11.6914 5.45178 0
      vertex 18.0355 8.4101 0
      vertex 12.122 4.41206 0
    endloop
  endfacet
  facet normal -0 0 -1
    outer loop
      vertex 18.0355 8.4101 0
      vertex 11.6914 5.45178 0
      vertex 17.2339 9.95 0
    endloop
  endfacet
  facet normal 0 0 -1
    outer loop
      vertex 11.1717 6.45 0
      vertex 17.2339 9.95 0
      vertex 11.6914 5.45178 0
    endloop
  endfacet
  facet normal -0 0 -1
    outer loop
      vertex 17.2339 9.95 0
      vertex 11.1717 6.45 0
      vertex 16.3011 11.4142 0
    endloop
  endfacet
  facet normal 0 0 -1
    outer loop
      vertex 10.5671 7.39914 0
      vertex 16.3011 11.4142 0
      vertex 11.1717 6.45 0
    endloop
  endfacet
  facet normal -0 0 -1
    outer loop
      vertex 16.3011 11.4142 0
      vertex 10.5671 7.39914 0
      vertex 15.2443 12.7915 0
    endloop
  endfacet
  facet normal 0 0 -1
    outer loop
      vertex 9.88197 8.29196 0
      vertex 15.2443 12.7915 0
      vertex 10.5671 7.39914 0
    endloop
  endfacet
  facet normal -0 0 -1
    outer loop
      vertex 15.2443 12.7915 0
      vertex 9.88197 8.29196 0
      vertex 14.0714 14.0714 0
    endloop
  endfacet
  facet normal 0 0 -1
    outer loop
      vertex 9.12168 9.12168 0
      vertex 14.0714 14.0714 0
      vertex 9.88197 8.29196 0
    endloop
  endfacet
  facet normal -0 0 -1
    outer loop
      vertex 14.0714 14.0714 0
      vertex 9.12168 9.12168 0
      vertex 12.7915 15.2443 0
    endloop
  endfacet
  facet normal 0 0 -1
    outer loop
      vertex 8.29196 9.88197 0
      vertex 12.7915 15.2443 0
      vertex 9.12168 9.12168 0
    endloop
  endfacet
  facet normal -0 0 -1
    outer loop
      vertex 12.7915 15.2443 0
      vertex 8.29196 9.88197 0
      vertex 11.4142 16.3011 0
    endloop
  endfacet
  facet normal 0 0 -1
    outer loop
      vertex 7.39914 10.5671 0
      vertex 11.4142 16.3011 0
      vertex 8.29196 9.88197 0
    endloop
  endfacet
  facet normal -0 0 -1
    outer loop
      vertex 11.4142 16.3011 0
      vertex 7.39914 10.5671 0
      vertex 9.95 17.2339 0
    endloop
  endfacet
  facet normal 0 0 -1
    outer loop
      vertex 6.45 11.1717 0
      vertex 9.95 17.2339 0
      vertex 7.39914 10.5671 0
    endloop
  endfacet
  facet normal -0 0 -1
    outer loop
      vertex 9.95 17.2339 0
      vertex 6.45 11.1717 0
      vertex 8.4101 18.0355 0
    endloop
  endfacet
  facet normal 0 0 -1
    outer loop
      vertex 5.45178 11.6914 0
      vertex 8.4101 18.0355 0
      vertex 6.45 11.1717 0
    endloop
  endfacet
  facet normal -0 0 -1
    outer loop
      vertex 8.4101 18.0355 0
      vertex 5.45178 11.6914 0
      vertex 6.8062 18.6999 0
    endloop
  endfacet
  facet normal 0 0 -1
    outer loop
      vertex 4.41206 12.122 0
      vertex 6.8062 18.6999 0
      vertex 5.45178 11.6914 0
    endloop
  endfacet
  facet normal -0 0 -1
    outer loop
      vertex 6.8062 18.6999 0
      vertex 4.41206 12.122 0
      vertex 5.1505 19.2219 0
    endloop
  endfacet
  facet normal 0 0 -1
    outer loop
      vertex 3.33877 12.4604 0
      vertex 5.1505 19.2219 0
      vertex 4.41206 12.122 0
    endloop
  endfacet
  facet normal 0 0 -1
    outer loop
      vertex 5.1505 19.2219 0
      vertex 3.33877 12.4604 0
      vertex 1.3 16.4 0
    endloop
  endfacet
  facet normal 0 0 -1
    outer loop
      vertex 1.20104 15.9025 0
      vertex 3.33877 12.4604 0
      vertex 2.24006 12.704 0
    endloop
  endfacet
  facet normal -0 0 -1
    outer loop
      vertex 5.1505 19.2219 0
      vertex 1.3 16.4 0
      vertex 3.4556 19.5977 0
    endloop
  endfacet
  facet normal 0 0 -1
    outer loop
      vertex 1.20104 16.8975 0
      vertex 3.4556 19.5977 0
      vertex 1.3 16.4 0
    endloop
  endfacet
  facet normal 0 0 -1
    outer loop
      vertex 3.33877 12.4604 0
      vertex 1.20104 15.9025 0
      vertex 1.3 16.4 0
    endloop
  endfacet
  facet normal 0 0 -1
    outer loop
      vertex 0.919238 15.4808 0
      vertex 2.24006 12.704 0
      vertex 1.12431 12.8509 0
    endloop
  endfacet
  facet normal 0 0 -1
    outer loop
      vertex 2.24006 12.704 0
      vertex 0.919238 15.4808 0
      vertex 1.20104 15.9025 0
    endloop
  endfacet
  facet normal 0 0 -1
    outer loop
      vertex 1.12431 12.8509 0
      vertex 0.497488 15.199 0
      vertex 0.919238 15.4808 0
    endloop
  endfacet
  facet normal 0 0 -1
    outer loop
      vertex 0 12.9 0
      vertex 0.497488 15.199 0
      vertex 1.12431 12.8509 0
    endloop
  endfacet
  facet normal 0 0 -1
    outer loop
      vertex 0 12.9 0
      vertex 0 15.1 0
      vertex 0.497488 15.199 0
    endloop
  endfacet
  facet normal 0 0 -1
    outer loop
      vertex 0 12.9 0
      vertex -0.497488 15.199 0
      vertex 0 15.1 0
    endloop
  endfacet
  facet normal 0 0 -1
    outer loop
      vertex -1.12431 12.8509 0
      vertex -0.497488 15.199 0
      vertex 0 12.9 0
    endloop
  endfacet
  facet normal -0 0 -1
    outer loop
      vertex -0.497488 15.199 0
      vertex -1.12431 12.8509 0
      vertex -0.919238 15.4808 0
    endloop
  endfacet
  facet normal 0 0 -1
    outer loop
      vertex -2.24006 12.704 0
      vertex -0.919238 15.4808 0
      vertex -1.12431 12.8509 0
    endloop
  endfacet
  facet normal -0 0 -1
    outer loop
      vertex -0.919238 15.4808 0
      vertex -2.24006 12.704 0
      vertex -1.20104 15.9025 0
    endloop
  endfacet
  facet normal 0 0 -1
    outer loop
      vertex -3.33877 12.4604 0
      vertex -1.20104 15.9025 0
      vertex -2.24006 12.704 0
    endloop
  endfacet
  facet normal -0 0 -1
    outer loop
      vertex -1.20104 15.9025 0
      vertex -3.33877 12.4604 0
      vertex -1.3 16.4 0
    endloop
  endfacet
  facet normal 0 0 -1
    outer loop
      vertex -5.1505 19.2219 0
      vertex -1.3 16.4 0
      vertex -3.33877 12.4604 0
    endloop
  endfacet
  facet normal 0 0 -1
    outer loop
      vertex -1.3 16.4 0
      vertex -3.4556 19.5977 0
      vertex -1.7344 19.8243 0
    endloop
  endfacet
  facet normal 0 0 -1
    outer loop
      vertex -5.1505 19.2219 0
      vertex -3.33877 12.4604 0
      vertex -4.41206 12.122 0
    endloop
  endfacet
  facet normal 0 0 -1
    outer loop
      vertex -1.3 16.4 0
      vertex -5.1505 19.2219 0
      vertex -3.4556 19.5977 0
    endloop
  endfacet
  facet normal 0 0 -1
    outer loop
      vertex -6.8062 18.6999 0
      vertex -4.41206 12.122 0
      vertex -5.45178 11.6914 0
    endloop
  endfacet
  facet normal 0 0 -1
    outer loop
      vertex -8.4101 18.0355 0
      vertex -5.45178 11.6914 0
      vertex -6.45 11.1717 0
    endloop
  endfacet
  facet normal 0 0 -1
    outer loop
      vertex -4.41206 12.122 0
      vertex -6.8062 18.6999 0
      vertex -5.1505 19.2219 0
    endloop
  endfacet
  facet normal 0 0 -1
    outer loop
      vertex -9.95 17.2339 0
      vertex -6.45 11.1717 0
      vertex -7.39914 10.5671 0
    endloop
  endfacet
  facet normal 0 0 -1
    outer loop
      vertex -11.4142 16.3011 0
      vertex -7.39914 10.5671 0
      vertex -8.29196 9.88197 0
    endloop
  endfacet
  facet normal 0 0 -1
    outer loop
      vertex -5.45178 11.6914 0
      vertex -8.4101 18.0355 0
      vertex -6.8062 18.6999 0
    endloop
  endfacet
  facet normal 0 0 -1
    outer loop
      vertex -12.7915 15.2443 0
      vertex -8.29196 9.88197 0
      vertex -9.12168 9.12168 0
    endloop
  endfacet
  facet normal 0 0 -1
    outer loop
      vertex -14.0714 14.0714 0
      vertex -9.12168 9.12168 0
      vertex -9.88197 8.29196 0
    endloop
  endfacet
  facet normal 0 0 -1
    outer loop
      vertex -6.45 11.1717 0
      vertex -9.95 17.2339 0
      vertex -8.4101 18.0355 0
    endloop
  endfacet
  facet normal 0 0 -1
    outer loop
      vertex -15.2443 12.7915 0
      vertex -9.88197 8.29196 0
      vertex -10.5671 7.39914 0
    endloop
  endfacet
  facet normal 0 0 -1
    outer loop
      vertex -16.3011 11.4142 0
      vertex -10.5671 7.39914 0
      vertex -11.1717 6.45 0
    endloop
  endfacet
  facet normal 0 0 -1
    outer loop
      vertex -7.39914 10.5671 0
      vertex -11.4142 16.3011 0
      vertex -9.95 17.2339 0
    endloop
  endfacet
  facet normal 0 0 -1
    outer loop
      vertex -17.2339 9.95 0
      vertex -11.1717 6.45 0
      vertex -11.6914 5.45178 0
    endloop
  endfacet
  facet normal 0 0 -1
    outer loop
      vertex -18.0355 8.4101 0
      vertex -11.6914 5.45178 0
      vertex -12.122 4.41206 0
    endloop
  endfacet
  facet normal 0 0 -1
    outer loop
      vertex -18.6999 6.8062 0
      vertex -12.122 4.41206 0
      vertex -12.4604 3.33877 0
    endloop
  endfacet
  facet normal 0 0 -1
    outer loop
      vertex -19.2219 5.1505 0
      vertex -12.4604 3.33877 0
      vertex -12.704 2.24006 0
    endloop
  endfacet
  facet normal 0 0 -1
    outer loop
      vertex -8.29196 9.88197 0
      vertex -12.7915 15.2443 0
      vertex -11.4142 16.3011 0
    endloop
  endfacet
  facet normal 0 0 -1
    outer loop
      vertex -19.5977 3.4556 0
      vertex -12.704 2.24006 0
      vertex -12.8509 1.12431 0
    endloop
  endfacet
  facet normal 0 0 -1
    outer loop
      vertex -19.8243 1.7344 0
      vertex -12.8509 1.12431 0
      vertex -12.9 0 0
    endloop
  endfacet
  facet normal 0 0 -1
    outer loop
      vertex -18.6999 -6.8062 0
      vertex -12.122 -4.41206 0
      vertex -18.0355 -8.4101 0
    endloop
  endfacet
  facet normal 0 0 -1
    outer loop
      vertex -9.12168 9.12168 0
      vertex -14.0714 14.0714 0
      vertex -12.7915 15.2443 0
    endloop
  endfacet
  facet normal -0 0 -1
    outer loop
      vertex -12.122 -4.41206 0
      vertex -18.6999 -6.8062 0
      vertex -12.4604 -3.33877 0
    endloop
  endfacet
  facet normal 0 0 -1
    outer loop
      vertex -9.88197 8.29196 0
      vertex -15.2443 12.7915 0
      vertex -14.0714 14.0714 0
    endloop
  endfacet
  facet normal 0 0 -1
    outer loop
      vertex -19.2219 -5.1505 0
      vertex -12.4604 -3.33877 0
      vertex -18.6999 -6.8062 0
    endloop
  endfacet
  facet normal 0 0 -1
    outer loop
      vertex -10.5671 7.39914 0
      vertex -16.3011 11.4142 0
      vertex -15.2443 12.7915 0
    endloop
  endfacet
  facet normal -0 0 -1
    outer loop
      vertex -12.4604 -3.33877 0
      vertex -19.2219 -5.1505 0
      vertex -12.704 -2.24006 0
    endloop
  endfacet
  facet normal 0 0 -1
    outer loop
      vertex -11.1717 6.45 0
      vertex -17.2339 9.95 0
      vertex -16.3011 11.4142 0
    endloop
  endfacet
  facet normal 0 0 -1
    outer loop
      vertex -19.5977 -3.4556 0
      vertex -12.704 -2.24006 0
      vertex -19.2219 -5.1505 0
    endloop
  endfacet
  facet normal 0 0 -1
    outer loop
      vertex -11.6914 5.45178 0
      vertex -18.0355 8.4101 0
      vertex -17.2339 9.95 0
    endloop
  endfacet
  facet normal -0 0 -1
    outer loop
      vertex -12.704 -2.24006 0
      vertex -19.5977 -3.4556 0
      vertex -12.8509 -1.12431 0
    endloop
  endfacet
  facet normal 0 0 -1
    outer loop
      vertex -12.122 4.41206 0
      vertex -18.6999 6.8062 0
      vertex -18.0355 8.4101 0
    endloop
  endfacet
  facet normal 0 0 -1
    outer loop
      vertex -19.8243 -1.7344 0
      vertex -12.8509 -1.12431 0
      vertex -19.5977 -3.4556 0
    endloop
  endfacet
  facet normal 0 0 -1
    outer loop
      vertex -12.4604 3.33877 0
      vertex -19.2219 5.1505 0
      vertex -18.6999 6.8062 0
    endloop
  endfacet
  facet normal -0 0 -1
    outer loop
      vertex -12.8509 -1.12431 0
      vertex -19.8243 -1.7344 0
      vertex -12.9 0 0
    endloop
  endfacet
  facet normal 0 0 -1
    outer loop
      vertex -12.704 2.24006 0
      vertex -19.5977 3.4556 0
      vertex -19.2219 5.1505 0
    endloop
  endfacet
  facet normal 0 0 -1
    outer loop
      vertex -19.9 0 0
      vertex -12.9 0 0
      vertex -19.8243 -1.7344 0
    endloop
  endfacet
  facet normal 0 0 -1
    outer loop
      vertex -12.8509 1.12431 0
      vertex -19.8243 1.7344 0
      vertex -19.5977 3.4556 0
    endloop
  endfacet
  facet normal 0 0 -1
    outer loop
      vertex -12.9 0 0
      vertex -19.9 0 0
      vertex -19.8243 1.7344 0
    endloop
  endfacet
  facet normal 0 0 -1
    outer loop
      vertex 0.919238 17.3192 0
      vertex 3.4556 19.5977 0
      vertex 1.20104 16.8975 0
    endloop
  endfacet
  facet normal -0 0 -1
    outer loop
      vertex 3.4556 19.5977 0
      vertex 0.919238 17.3192 0
      vertex 1.7344 19.8243 0
    endloop
  endfacet
  facet normal 0 0 -1
    outer loop
      vertex 0.497488 17.601 0
      vertex 1.7344 19.8243 0
      vertex 0.919238 17.3192 0
    endloop
  endfacet
  facet normal 0 0 -1
    outer loop
      vertex 0 19.9 0
      vertex 0.497488 17.601 0
      vertex 0 17.7 0
    endloop
  endfacet
  facet normal 0 0 -1
    outer loop
      vertex 0.497488 17.601 0
      vertex 0 19.9 0
      vertex 1.7344 19.8243 0
    endloop
  endfacet
  facet normal 0 0 -1
    outer loop
      vertex -0.497488 17.601 0
      vertex 0 19.9 0
      vertex 0 17.7 0
    endloop
  endfacet
  facet normal 0 0 -1
    outer loop
      vertex -1.7344 19.8243 0
      vertex -0.497488 17.601 0
      vertex -0.919238 17.3192 0
    endloop
  endfacet
  facet normal 0 0 -1
    outer loop
      vertex -1.7344 19.8243 0
      vertex -0.919238 17.3192 0
      vertex -1.20104 16.8975 0
    endloop
  endfacet
  facet normal 0 0 -1
    outer loop
      vertex -0.497488 17.601 0
      vertex -1.7344 19.8243 0
      vertex 0 19.9 0
    endloop
  endfacet
  facet normal 0 0 -1
    outer loop
      vertex -1.7344 19.8243 0
      vertex -1.20104 16.8975 0
      vertex -1.3 16.4 0
    endloop
  endfacet
  facet normal -0.216467 0.97629 0
    outer loop
      vertex -3.4556 19.5977 0
      vertex -5.1505 19.2219 34
      vertex -3.4556 19.5977 34
    endloop
  endfacet
  facet normal -0.216467 0.97629 0
    outer loop
      vertex -5.1505 19.2219 34
      vertex -3.4556 19.5977 0
      vertex -5.1505 19.2219 0
    endloop
  endfacet
  facet normal -0.97629 -0.216467 0
    outer loop
      vertex -19.2219 -5.1505 0
      vertex -19.5977 -3.4556 34
      vertex -19.5977 -3.4556 0
    endloop
  endfacet
  facet normal -0.97629 -0.216467 0
    outer loop
      vertex -19.5977 -3.4556 34
      vertex -19.2219 -5.1505 0
      vertex -19.2219 -5.1505 34
    endloop
  endfacet
  facet normal 0 0 1
    outer loop
      vertex -12.704 -2.24006 34
      vertex -15.9025 -1.20104 34
      vertex -12.4604 -3.33877 34
    endloop
  endfacet
  facet normal -0 0 1
    outer loop
      vertex -16.4 -1.3 34
      vertex -12.4604 -3.33877 34
      vertex -15.9025 -1.20104 34
    endloop
  endfacet
  facet normal 0 0 1
    outer loop
      vertex -12.122 -4.41206 34
      vertex -15.2443 -12.7915 34
      vertex -14.0714 -14.0714 34
    endloop
  endfacet
  facet normal 0 0 1
    outer loop
      vertex -19.2219 -5.1505 34
      vertex -12.4604 -3.33877 34
      vertex -16.4 -1.3 34
    endloop
  endfacet
  facet normal 0 0 1
    outer loop
      vertex -12.122 -4.41206 34
      vertex -16.3011 -11.4142 34
      vertex -15.2443 -12.7915 34
    endloop
  endfacet
  facet normal 0 0 1
    outer loop
      vertex -12.4604 -3.33877 34
      vertex -19.2219 -5.1505 34
      vertex -12.122 -4.41206 34
    endloop
  endfacet
  facet normal 0 0 1
    outer loop
      vertex -19.5977 -3.4556 34
      vertex -16.4 -1.3 34
      vertex -16.8975 -1.20104 34
    endloop
  endfacet
  facet normal 0 0 1
    outer loop
      vertex -12.122 -4.41206 34
      vertex -17.2339 -9.95 34
      vertex -16.3011 -11.4142 34
    endloop
  endfacet
  facet normal 0 0 1
    outer loop
      vertex -19.5977 -3.4556 34
      vertex -16.8975 -1.20104 34
      vertex -17.3192 -0.919238 34
    endloop
  endfacet
  facet normal 0 0 1
    outer loop
      vertex -19.8243 -1.7344 34
      vertex -17.3192 -0.919238 34
      vertex -17.601 -0.497488 34
    endloop
  endfacet
  facet normal -0 0 1
    outer loop
      vertex -19.9 0 34
      vertex -17.601 -0.497488 34
      vertex -17.7 0 34
    endloop
  endfacet
  facet normal 0 0 1
    outer loop
      vertex -12.122 -4.41206 34
      vertex -18.0355 -8.4101 34
      vertex -17.2339 -9.95 34
    endloop
  endfacet
  facet normal 0 0 1
    outer loop
      vertex -16.8975 1.20104 34
      vertex -19.5977 3.4556 34
      vertex -17.3192 0.919238 34
    endloop
  endfacet
  facet normal -0 0 1
    outer loop
      vertex -19.8243 1.7344 34
      vertex -17.3192 0.919238 34
      vertex -19.5977 3.4556 34
    endloop
  endfacet
  facet normal 0 0 1
    outer loop
      vertex -12.122 -4.41206 34
      vertex -18.6999 -6.8062 34
      vertex -18.0355 -8.4101 34
    endloop
  endfacet
  facet normal 0 0 1
    outer loop
      vertex -17.3192 0.919238 34
      vertex -19.8243 1.7344 34
      vertex -17.601 0.497488 34
    endloop
  endfacet
  facet normal 0 0 1
    outer loop
      vertex -12.122 -4.41206 34
      vertex -19.2219 -5.1505 34
      vertex -18.6999 -6.8062 34
    endloop
  endfacet
  facet normal 0 0 1
    outer loop
      vertex -19.9 0 34
      vertex -17.601 0.497488 34
      vertex -19.8243 1.7344 34
    endloop
  endfacet
  facet normal 0 0 1
    outer loop
      vertex -16.4 -1.3 34
      vertex -19.5977 -3.4556 34
      vertex -19.2219 -5.1505 34
    endloop
  endfacet
  facet normal 0 0 1
    outer loop
      vertex -17.601 0.497488 34
      vertex -19.9 0 34
      vertex -17.7 0 34
    endloop
  endfacet
  facet normal 0 0 1
    outer loop
      vertex -17.3192 -0.919238 34
      vertex -19.8243 -1.7344 34
      vertex -19.5977 -3.4556 34
    endloop
  endfacet
  facet normal 0 0 1
    outer loop
      vertex -17.601 -0.497488 34
      vertex -19.9 0 34
      vertex -19.8243 -1.7344 34
    endloop
  endfacet
  facet normal -0 0 1
    outer loop
      vertex 11.6914 -5.45178 34
      vertex 18.0355 -8.4101 34
      vertex 12.122 -4.41206 34
    endloop
  endfacet
  facet normal 0 0 1
    outer loop
      vertex 18.0355 -8.4101 34
      vertex 11.6914 -5.45178 34
      vertex 17.2339 -9.95 34
    endloop
  endfacet
  facet normal -0 0 1
    outer loop
      vertex 11.1717 -6.45 34
      vertex 17.2339 -9.95 34
      vertex 11.6914 -5.45178 34
    endloop
  endfacet
  facet normal 0 0 1
    outer loop
      vertex 17.2339 -9.95 34
      vertex 11.1717 -6.45 34
      vertex 16.3011 -11.4142 34
    endloop
  endfacet
  facet normal -0 0 1
    outer loop
      vertex 10.5671 -7.39914 34
      vertex 16.3011 -11.4142 34
      vertex 11.1717 -6.45 34
    endloop
  endfacet
  facet normal 0 0 1
    outer loop
      vertex 16.3011 -11.4142 34
      vertex 10.5671 -7.39914 34
      vertex 15.2443 -12.7915 34
    endloop
  endfacet
  facet normal -0 0 1
    outer loop
      vertex 9.88197 -8.29196 34
      vertex 15.2443 -12.7915 34
      vertex 10.5671 -7.39914 34
    endloop
  endfacet
  facet normal 0 0 1
    outer loop
      vertex 15.2443 -12.7915 34
      vertex 9.88197 -8.29196 34
      vertex 14.0714 -14.0714 34
    endloop
  endfacet
  facet normal -0 0 1
    outer loop
      vertex 9.12168 -9.12168 34
      vertex 14.0714 -14.0714 34
      vertex 9.88197 -8.29196 34
    endloop
  endfacet
  facet normal 0 0 1
    outer loop
      vertex 14.0714 -14.0714 34
      vertex 9.12168 -9.12168 34
      vertex 12.7915 -15.2443 34
    endloop
  endfacet
  facet normal -0 0 1
    outer loop
      vertex 8.29196 -9.88197 34
      vertex 12.7915 -15.2443 34
      vertex 9.12168 -9.12168 34
    endloop
  endfacet
  facet normal 0 0 1
    outer loop
      vertex 12.7915 -15.2443 34
      vertex 8.29196 -9.88197 34
      vertex 11.4142 -16.3011 34
    endloop
  endfacet
  facet normal -0 0 1
    outer loop
      vertex 7.39914 -10.5671 34
      vertex 11.4142 -16.3011 34
      vertex 8.29196 -9.88197 34
    endloop
  endfacet
  facet normal 0 0 1
    outer loop
      vertex 11.4142 -16.3011 34
      vertex 7.39914 -10.5671 34
      vertex 9.95 -17.2339 34
    endloop
  endfacet
  facet normal -0 0 1
    outer loop
      vertex 6.45 -11.1717 34
      vertex 9.95 -17.2339 34
      vertex 7.39914 -10.5671 34
    endloop
  endfacet
  facet normal 0 0 1
    outer loop
      vertex 9.95 -17.2339 34
      vertex 6.45 -11.1717 34
      vertex 8.4101 -18.0355 34
    endloop
  endfacet
  facet normal -0 0 1
    outer loop
      vertex 5.45178 -11.6914 34
      vertex 8.4101 -18.0355 34
      vertex 6.45 -11.1717 34
    endloop
  endfacet
  facet normal 0 0 1
    outer loop
      vertex 8.4101 -18.0355 34
      vertex 5.45178 -11.6914 34
      vertex 6.8062 -18.6999 34
    endloop
  endfacet
  facet normal -0 0 1
    outer loop
      vertex 4.41206 -12.122 34
      vertex 6.8062 -18.6999 34
      vertex 5.45178 -11.6914 34
    endloop
  endfacet
  facet normal 0 0 1
    outer loop
      vertex 6.8062 -18.6999 34
      vertex 4.41206 -12.122 34
      vertex 5.1505 -19.2219 34
    endloop
  endfacet
  facet normal -0 0 1
    outer loop
      vertex 3.33877 -12.4604 34
      vertex 5.1505 -19.2219 34
      vertex 4.41206 -12.122 34
    endloop
  endfacet
  facet normal 0 0 1
    outer loop
      vertex 5.1505 -19.2219 34
      vertex 3.33877 -12.4604 34
      vertex 3.4556 -19.5977 34
    endloop
  endfacet
  facet normal -0 0 1
    outer loop
      vertex 2.24006 -12.704 34
      vertex 3.4556 -19.5977 34
      vertex 3.33877 -12.4604 34
    endloop
  endfacet
  facet normal 0 0 1
    outer loop
      vertex 2.24006 -12.704 34
      vertex 1.7344 -19.8243 34
      vertex 3.4556 -19.5977 34
    endloop
  endfacet
  facet normal -0 0 1
    outer loop
      vertex 1.12431 -12.8509 34
      vertex 1.7344 -19.8243 34
      vertex 2.24006 -12.704 34
    endloop
  endfacet
  facet normal -0 0 1
    outer loop
      vertex 0 -12.9 34
      vertex 1.7344 -19.8243 34
      vertex 1.12431 -12.8509 34
    endloop
  endfacet
  facet normal 0 0 1
    outer loop
      vertex 0 -12.9 34
      vertex 0 -19.9 34
      vertex 1.7344 -19.8243 34
    endloop
  endfacet
  facet normal 0 0 1
    outer loop
      vertex -1.12431 -12.8509 34
      vertex 0 -19.9 34
      vertex 0 -12.9 34
    endloop
  endfacet
  facet normal 0 0 1
    outer loop
      vertex -1.12431 -12.8509 34
      vertex -1.7344 -19.8243 34
      vertex 0 -19.9 34
    endloop
  endfacet
  facet normal 0 0 1
    outer loop
      vertex -2.24006 -12.704 34
      vertex -1.7344 -19.8243 34
      vertex -1.12431 -12.8509 34
    endloop
  endfacet
  facet normal 0 0 1
    outer loop
      vertex -3.4556 -19.5977 34
      vertex -2.24006 -12.704 34
      vertex -3.33877 -12.4604 34
    endloop
  endfacet
  facet normal 0 0 1
    outer loop
      vertex -2.24006 -12.704 34
      vertex -3.4556 -19.5977 34
      vertex -1.7344 -19.8243 34
    endloop
  endfacet
  facet normal 0 0 1
    outer loop
      vertex -5.1505 -19.2219 34
      vertex -3.33877 -12.4604 34
      vertex -4.41206 -12.122 34
    endloop
  endfacet
  facet normal 0 0 1
    outer loop
      vertex -3.33877 -12.4604 34
      vertex -5.1505 -19.2219 34
      vertex -3.4556 -19.5977 34
    endloop
  endfacet
  facet normal 0 0 1
    outer loop
      vertex -6.8062 -18.6999 34
      vertex -4.41206 -12.122 34
      vertex -5.45178 -11.6914 34
    endloop
  endfacet
  facet normal 0 0 1
    outer loop
      vertex -8.4101 -18.0355 34
      vertex -5.45178 -11.6914 34
      vertex -6.45 -11.1717 34
    endloop
  endfacet
  facet normal 0 0 1
    outer loop
      vertex -4.41206 -12.122 34
      vertex -6.8062 -18.6999 34
      vertex -5.1505 -19.2219 34
    endloop
  endfacet
  facet normal 0 0 1
    outer loop
      vertex -9.95 -17.2339 34
      vertex -6.45 -11.1717 34
      vertex -7.39914 -10.5671 34
    endloop
  endfacet
  facet normal 0 0 1
    outer loop
      vertex -11.4142 -16.3011 34
      vertex -7.39914 -10.5671 34
      vertex -8.29196 -9.88197 34
    endloop
  endfacet
  facet normal 0 0 1
    outer loop
      vertex -5.45178 -11.6914 34
      vertex -8.4101 -18.0355 34
      vertex -6.8062 -18.6999 34
    endloop
  endfacet
  facet normal 0 0 1
    outer loop
      vertex -12.7915 -15.2443 34
      vertex -8.29196 -9.88197 34
      vertex -9.12168 -9.12168 34
    endloop
  endfacet
  facet normal 0 0 1
    outer loop
      vertex -14.0714 -14.0714 34
      vertex -9.12168 -9.12168 34
      vertex -9.88197 -8.29196 34
    endloop
  endfacet
  facet normal 0 0 1
    outer loop
      vertex -6.45 -11.1717 34
      vertex -9.95 -17.2339 34
      vertex -8.4101 -18.0355 34
    endloop
  endfacet
  facet normal 0 0 1
    outer loop
      vertex -14.0714 -14.0714 34
      vertex -9.88197 -8.29196 34
      vertex -10.5671 -7.39914 34
    endloop
  endfacet
  facet normal 0 0 1
    outer loop
      vertex -14.0714 -14.0714 34
      vertex -10.5671 -7.39914 34
      vertex -11.1717 -6.45 34
    endloop
  endfacet
  facet normal 0 0 1
    outer loop
      vertex -7.39914 -10.5671 34
      vertex -11.4142 -16.3011 34
      vertex -9.95 -17.2339 34
    endloop
  endfacet
  facet normal 0 0 1
    outer loop
      vertex -14.0714 -14.0714 34
      vertex -11.1717 -6.45 34
      vertex -11.6914 -5.45178 34
    endloop
  endfacet
  facet normal 0 0 1
    outer loop
      vertex -14.0714 -14.0714 34
      vertex -11.6914 -5.45178 34
      vertex -12.122 -4.41206 34
    endloop
  endfacet
  facet normal 0 0 1
    outer loop
      vertex -12.8509 -1.12431 34
      vertex -15.4808 -0.919238 34
      vertex -12.704 -2.24006 34
    endloop
  endfacet
  facet normal -0 0 1
    outer loop
      vertex -15.4808 -0.919238 34
      vertex -12.8509 -1.12431 34
      vertex -15.199 -0.497488 34
    endloop
  endfacet
  facet normal 0 0 1
    outer loop
      vertex -8.29196 -9.88197 34
      vertex -12.7915 -15.2443 34
      vertex -11.4142 -16.3011 34
    endloop
  endfacet
  facet normal 0 0 1
    outer loop
      vertex -12.9 0 34
      vertex -15.199 -0.497488 34
      vertex -12.8509 -1.12431 34
    endloop
  endfacet
  facet normal 0 0 1
    outer loop
      vertex -15.199 -0.497488 34
      vertex -12.9 0 34
      vertex -15.1 0 34
    endloop
  endfacet
  facet normal -0 0 1
    outer loop
      vertex -18.6999 6.8062 34
      vertex -12.122 4.41206 34
      vertex -18.0355 8.4101 34
    endloop
  endfacet
  facet normal -0 0 1
    outer loop
      vertex -15.9025 -1.20104 34
      vertex -12.704 -2.24006 34
      vertex -15.4808 -0.919238 34
    endloop
  endfacet
  facet normal 0 0 1
    outer loop
      vertex -9.12168 -9.12168 34
      vertex -14.0714 -14.0714 34
      vertex -12.7915 -15.2443 34
    endloop
  endfacet
  facet normal 0 0 1
    outer loop
      vertex -12.9 0 34
      vertex -15.199 0.497488 34
      vertex -15.1 0 34
    endloop
  endfacet
  facet normal 0 0 1
    outer loop
      vertex -18.6999 6.8062 34
      vertex -12.4604 3.33877 34
      vertex -12.122 4.41206 34
    endloop
  endfacet
  facet normal 0 0 1
    outer loop
      vertex -12.8509 1.12431 34
      vertex -15.199 0.497488 34
      vertex -12.9 0 34
    endloop
  endfacet
  facet normal 0 -0 1
    outer loop
      vertex -15.9025 1.20104 34
      vertex -12.4604 3.33877 34
      vertex -16.4 1.3 34
    endloop
  endfacet
  facet normal 0 -0 1
    outer loop
      vertex -15.199 0.497488 34
      vertex -12.8509 1.12431 34
      vertex -15.4808 0.919238 34
    endloop
  endfacet
  facet normal 0 -0 1
    outer loop
      vertex -15.4808 0.919238 34
      vertex -12.704 2.24006 34
      vertex -15.9025 1.20104 34
    endloop
  endfacet
  facet normal 0 0 1
    outer loop
      vertex -12.704 2.24006 34
      vertex -15.4808 0.919238 34
      vertex -12.8509 1.12431 34
    endloop
  endfacet
  facet normal 0 0 1
    outer loop
      vertex -12.4604 3.33877 34
      vertex -15.9025 1.20104 34
      vertex -12.704 2.24006 34
    endloop
  endfacet
  facet normal -0 0 1
    outer loop
      vertex -19.2219 5.1505 34
      vertex -12.4604 3.33877 34
      vertex -18.6999 6.8062 34
    endloop
  endfacet
  facet normal 0 0 1
    outer loop
      vertex -12.4604 3.33877 34
      vertex -19.2219 5.1505 34
      vertex -16.4 1.3 34
    endloop
  endfacet
  facet normal -0 0 1
    outer loop
      vertex -19.5977 3.4556 34
      vertex -16.4 1.3 34
      vertex -19.2219 5.1505 34
    endloop
  endfacet
  facet normal 0 0 1
    outer loop
      vertex -16.4 1.3 34
      vertex -19.5977 3.4556 34
      vertex -16.8975 1.20104 34
    endloop
  endfacet
  facet normal -0 0 1
    outer loop
      vertex 17.601 0.497488 34
      vertex 19.9 0 34
      vertex 19.8243 1.7344 34
    endloop
  endfacet
  facet normal 0 0 1
    outer loop
      vertex 17.3192 0.919238 34
      vertex 19.8243 1.7344 34
      vertex 19.5977 3.4556 34
    endloop
  endfacet
  facet normal 0 0 1
    outer loop
      vertex 19.9 0 34
      vertex 17.601 0.497488 34
      vertex 17.7 0 34
    endloop
  endfacet
  facet normal 0 0 1
    outer loop
      vertex 16.4 1.3 34
      vertex 19.5977 3.4556 34
      vertex 19.2219 5.1505 34
    endloop
  endfacet
  facet normal 0 0 1
    outer loop
      vertex 19.9 0 34
      vertex 17.601 -0.497488 34
      vertex 19.8243 -1.7344 34
    endloop
  endfacet
  facet normal 0 0 1
    outer loop
      vertex 12.4604 3.33877 34
      vertex 19.2219 5.1505 34
      vertex 18.6999 6.8062 34
    endloop
  endfacet
  facet normal -0 0 1
    outer loop
      vertex 17.3192 -0.919238 34
      vertex 19.8243 -1.7344 34
      vertex 17.601 -0.497488 34
    endloop
  endfacet
  facet normal 0 0 1
    outer loop
      vertex 12.122 4.41206 34
      vertex 18.6999 6.8062 34
      vertex 18.0355 8.4101 34
    endloop
  endfacet
  facet normal 0 0 1
    outer loop
      vertex 19.8243 -1.7344 34
      vertex 17.3192 -0.919238 34
      vertex 19.5977 -3.4556 34
    endloop
  endfacet
  facet normal -0 0 1
    outer loop
      vertex 16.8975 -1.20104 34
      vertex 19.5977 -3.4556 34
      vertex 17.3192 -0.919238 34
    endloop
  endfacet
  facet normal 0 0 1
    outer loop
      vertex 17.601 -0.497488 34
      vertex 19.9 0 34
      vertex 17.7 0 34
    endloop
  endfacet
  facet normal 0 0 1
    outer loop
      vertex 19.8243 1.7344 34
      vertex 17.3192 0.919238 34
      vertex 17.601 0.497488 34
    endloop
  endfacet
  facet normal 0 0 1
    outer loop
      vertex 11.6914 5.45178 34
      vertex 18.0355 8.4101 34
      vertex 17.2339 9.95 34
    endloop
  endfacet
  facet normal 0 0 1
    outer loop
      vertex 19.5977 3.4556 34
      vertex 16.8975 1.20104 34
      vertex 17.3192 0.919238 34
    endloop
  endfacet
  facet normal 0 0 1
    outer loop
      vertex 19.5977 3.4556 34
      vertex 16.4 1.3 34
      vertex 16.8975 1.20104 34
    endloop
  endfacet
  facet normal 0 0 1
    outer loop
      vertex 11.1717 6.45 34
      vertex 17.2339 9.95 34
      vertex 16.3011 11.4142 34
    endloop
  endfacet
  facet normal 0 -0 1
    outer loop
      vertex 12.4604 3.33877 34
      vertex 18.6999 6.8062 34
      vertex 12.122 4.41206 34
    endloop
  endfacet
  facet normal 0 0 1
    outer loop
      vertex 19.2219 5.1505 34
      vertex 12.4604 3.33877 34
      vertex 16.4 1.3 34
    endloop
  endfacet
  facet normal 0 0 1
    outer loop
      vertex 10.5671 7.39914 34
      vertex 16.3011 11.4142 34
      vertex 15.2443 12.7915 34
    endloop
  endfacet
  facet normal 0 0 1
    outer loop
      vertex 16.4 1.3 34
      vertex 12.4604 3.33877 34
      vertex 15.9025 1.20104 34
    endloop
  endfacet
  facet normal -0 -0 1
    outer loop
      vertex 12.704 2.24006 34
      vertex 15.9025 1.20104 34
      vertex 12.4604 3.33877 34
    endloop
  endfacet
  facet normal 0 0 1
    outer loop
      vertex 9.88197 8.29196 34
      vertex 15.2443 12.7915 34
      vertex 14.0714 14.0714 34
    endloop
  endfacet
  facet normal -0 0 1
    outer loop
      vertex 16.4 -1.3 34
      vertex 19.5977 -3.4556 34
      vertex 16.8975 -1.20104 34
    endloop
  endfacet
  facet normal 0 0 1
    outer loop
      vertex 19.5977 -3.4556 34
      vertex 16.4 -1.3 34
      vertex 19.2219 -5.1505 34
    endloop
  endfacet
  facet normal -0 0 1
    outer loop
      vertex 12.4604 -3.33877 34
      vertex 19.2219 -5.1505 34
      vertex 16.4 -1.3 34
    endloop
  endfacet
  facet normal 0 0 1
    outer loop
      vertex 12.4604 -3.33877 34
      vertex 16.4 -1.3 34
      vertex 15.9025 -1.20104 34
    endloop
  endfacet
  facet normal 0 0 1
    outer loop
      vertex 15.4808 -0.919238 34
      vertex 12.704 -2.24006 34
      vertex 15.9025 -1.20104 34
    endloop
  endfacet
  facet normal 0 0 1
    outer loop
      vertex 12.704 -2.24006 34
      vertex 15.4808 -0.919238 34
      vertex 12.8509 -1.12431 34
    endloop
  endfacet
  facet normal 0 0 1
    outer loop
      vertex 12.4604 -3.33877 34
      vertex 15.9025 -1.20104 34
      vertex 12.704 -2.24006 34
    endloop
  endfacet
  facet normal 0 0 1
    outer loop
      vertex 15.199 -0.497488 34
      vertex 12.8509 -1.12431 34
      vertex 15.4808 -0.919238 34
    endloop
  endfacet
  facet normal 0 0 1
    outer loop
      vertex 19.2219 -5.1505 34
      vertex 12.4604 -3.33877 34
      vertex 18.6999 -6.8062 34
    endloop
  endfacet
  facet normal 0 0 1
    outer loop
      vertex 12.8509 -1.12431 34
      vertex 15.199 -0.497488 34
      vertex 12.9 0 34
    endloop
  endfacet
  facet normal -0 0 1
    outer loop
      vertex 12.9 0 34
      vertex 15.199 -0.497488 34
      vertex 15.1 0 34
    endloop
  endfacet
  facet normal 0 0 1
    outer loop
      vertex 15.9025 1.20104 34
      vertex 12.704 2.24006 34
      vertex 15.4808 0.919238 34
    endloop
  endfacet
  facet normal -0 0 1
    outer loop
      vertex 12.122 -4.41206 34
      vertex 18.6999 -6.8062 34
      vertex 12.4604 -3.33877 34
    endloop
  endfacet
  facet normal 0 0 1
    outer loop
      vertex 18.6999 -6.8062 34
      vertex 12.122 -4.41206 34
      vertex 18.0355 -8.4101 34
    endloop
  endfacet
  facet normal 0 0 1
    outer loop
      vertex 15.199 0.497488 34
      vertex 12.9 0 34
      vertex 15.1 0 34
    endloop
  endfacet
  facet normal 0 0 1
    outer loop
      vertex 9.12168 9.12168 34
      vertex 14.0714 14.0714 34
      vertex 12.7915 15.2443 34
    endloop
  endfacet
  facet normal 0 -0 1
    outer loop
      vertex 12.9 0 34
      vertex 15.199 0.497488 34
      vertex 12.8509 1.12431 34
    endloop
  endfacet
  facet normal 0 0 1
    outer loop
      vertex 15.4808 0.919238 34
      vertex 12.8509 1.12431 34
      vertex 15.199 0.497488 34
    endloop
  endfacet
  facet normal -0 -0 1
    outer loop
      vertex 12.8509 1.12431 34
      vertex 15.4808 0.919238 34
      vertex 12.704 2.24006 34
    endloop
  endfacet
  facet normal 0 0 1
    outer loop
      vertex 18.0355 8.4101 34
      vertex 11.6914 5.45178 34
      vertex 12.122 4.41206 34
    endloop
  endfacet
  facet normal 0 0 1
    outer loop
      vertex 8.29196 9.88197 34
      vertex 12.7915 15.2443 34
      vertex 11.4142 16.3011 34
    endloop
  endfacet
  facet normal 0 0 1
    outer loop
      vertex 17.2339 9.95 34
      vertex 11.1717 6.45 34
      vertex 11.6914 5.45178 34
    endloop
  endfacet
  facet normal 0 0 1
    outer loop
      vertex 16.3011 11.4142 34
      vertex 10.5671 7.39914 34
      vertex 11.1717 6.45 34
    endloop
  endfacet
  facet normal 0 0 1
    outer loop
      vertex 7.39914 10.5671 34
      vertex 11.4142 16.3011 34
      vertex 9.95 17.2339 34
    endloop
  endfacet
  facet normal 0 0 1
    outer loop
      vertex 15.2443 12.7915 34
      vertex 9.88197 8.29196 34
      vertex 10.5671 7.39914 34
    endloop
  endfacet
  facet normal 0 0 1
    outer loop
      vertex 14.0714 14.0714 34
      vertex 9.12168 9.12168 34
      vertex 9.88197 8.29196 34
    endloop
  endfacet
  facet normal 0 0 1
    outer loop
      vertex 6.45 11.1717 34
      vertex 9.95 17.2339 34
      vertex 8.4101 18.0355 34
    endloop
  endfacet
  facet normal 0 0 1
    outer loop
      vertex 12.7915 15.2443 34
      vertex 8.29196 9.88197 34
      vertex 9.12168 9.12168 34
    endloop
  endfacet
  facet normal 0 0 1
    outer loop
      vertex 11.4142 16.3011 34
      vertex 7.39914 10.5671 34
      vertex 8.29196 9.88197 34
    endloop
  endfacet
  facet normal 0 0 1
    outer loop
      vertex 5.45178 11.6914 34
      vertex 8.4101 18.0355 34
      vertex 6.8062 18.6999 34
    endloop
  endfacet
  facet normal 0 0 1
    outer loop
      vertex 9.95 17.2339 34
      vertex 6.45 11.1717 34
      vertex 7.39914 10.5671 34
    endloop
  endfacet
  facet normal 0 0 1
    outer loop
      vertex 8.4101 18.0355 34
      vertex 5.45178 11.6914 34
      vertex 6.45 11.1717 34
    endloop
  endfacet
  facet normal 0 0 1
    outer loop
      vertex 4.41206 12.122 34
      vertex 6.8062 18.6999 34
      vertex 5.1505 19.2219 34
    endloop
  endfacet
  facet normal 0 0 1
    outer loop
      vertex 6.8062 18.6999 34
      vertex 4.41206 12.122 34
      vertex 5.45178 11.6914 34
    endloop
  endfacet
  facet normal 0 0 1
    outer loop
      vertex 3.33877 12.4604 34
      vertex 5.1505 19.2219 34
      vertex 3.4556 19.5977 34
    endloop
  endfacet
  facet normal 0 0 1
    outer loop
      vertex 5.1505 19.2219 34
      vertex 3.33877 12.4604 34
      vertex 4.41206 12.122 34
    endloop
  endfacet
  facet normal 0 0 1
    outer loop
      vertex 3.4556 19.5977 34
      vertex 2.24006 12.704 34
      vertex 3.33877 12.4604 34
    endloop
  endfacet
  facet normal 0 0 1
    outer loop
      vertex 1.7344 19.8243 34
      vertex 2.24006 12.704 34
      vertex 3.4556 19.5977 34
    endloop
  endfacet
  facet normal 0 0 1
    outer loop
      vertex 1.7344 19.8243 34
      vertex 1.12431 12.8509 34
      vertex 2.24006 12.704 34
    endloop
  endfacet
  facet normal 0 0 1
    outer loop
      vertex 0 19.9 34
      vertex 1.12431 12.8509 34
      vertex 1.7344 19.8243 34
    endloop
  endfacet
  facet normal 0 0 1
    outer loop
      vertex 0 19.9 34
      vertex 0 12.9 34
      vertex 1.12431 12.8509 34
    endloop
  endfacet
  facet normal 0 0 1
    outer loop
      vertex 0 19.9 34
      vertex -1.12431 12.8509 34
      vertex 0 12.9 34
    endloop
  endfacet
  facet normal -0 0 1
    outer loop
      vertex -1.7344 19.8243 34
      vertex -1.12431 12.8509 34
      vertex 0 19.9 34
    endloop
  endfacet
  facet normal 0 0 1
    outer loop
      vertex -1.7344 19.8243 34
      vertex -2.24006 12.704 34
      vertex -1.12431 12.8509 34
    endloop
  endfacet
  facet normal -0 0 1
    outer loop
      vertex -3.4556 19.5977 34
      vertex -2.24006 12.704 34
      vertex -1.7344 19.8243 34
    endloop
  endfacet
  facet normal 0 0 1
    outer loop
      vertex -2.24006 12.704 34
      vertex -3.4556 19.5977 34
      vertex -3.33877 12.4604 34
    endloop
  endfacet
  facet normal -0 0 1
    outer loop
      vertex -5.1505 19.2219 34
      vertex -3.33877 12.4604 34
      vertex -3.4556 19.5977 34
    endloop
  endfacet
  facet normal 0 0 1
    outer loop
      vertex -3.33877 12.4604 34
      vertex -5.1505 19.2219 34
      vertex -4.41206 12.122 34
    endloop
  endfacet
  facet normal -0 0 1
    outer loop
      vertex -6.8062 18.6999 34
      vertex -4.41206 12.122 34
      vertex -5.1505 19.2219 34
    endloop
  endfacet
  facet normal 0 0 1
    outer loop
      vertex -4.41206 12.122 34
      vertex -6.8062 18.6999 34
      vertex -5.45178 11.6914 34
    endloop
  endfacet
  facet normal -0 0 1
    outer loop
      vertex -8.4101 18.0355 34
      vertex -5.45178 11.6914 34
      vertex -6.8062 18.6999 34
    endloop
  endfacet
  facet normal 0 0 1
    outer loop
      vertex -5.45178 11.6914 34
      vertex -8.4101 18.0355 34
      vertex -6.45 11.1717 34
    endloop
  endfacet
  facet normal -0 0 1
    outer loop
      vertex -9.95 17.2339 34
      vertex -6.45 11.1717 34
      vertex -8.4101 18.0355 34
    endloop
  endfacet
  facet normal 0 0 1
    outer loop
      vertex -6.45 11.1717 34
      vertex -9.95 17.2339 34
      vertex -7.39914 10.5671 34
    endloop
  endfacet
  facet normal -0 0 1
    outer loop
      vertex -11.4142 16.3011 34
      vertex -7.39914 10.5671 34
      vertex -9.95 17.2339 34
    endloop
  endfacet
  facet normal 0 0 1
    outer loop
      vertex -7.39914 10.5671 34
      vertex -11.4142 16.3011 34
      vertex -8.29196 9.88197 34
    endloop
  endfacet
  facet normal -0 0 1
    outer loop
      vertex -12.7915 15.2443 34
      vertex -8.29196 9.88197 34
      vertex -11.4142 16.3011 34
    endloop
  endfacet
  facet normal 0 0 1
    outer loop
      vertex -8.29196 9.88197 34
      vertex -12.7915 15.2443 34
      vertex -9.12168 9.12168 34
    endloop
  endfacet
  facet normal -0 0 1
    outer loop
      vertex -14.0714 14.0714 34
      vertex -9.12168 9.12168 34
      vertex -12.7915 15.2443 34
    endloop
  endfacet
  facet normal 0 0 1
    outer loop
      vertex -9.12168 9.12168 34
      vertex -14.0714 14.0714 34
      vertex -9.88197 8.29196 34
    endloop
  endfacet
  facet normal -0 0 1
    outer loop
      vertex -15.2443 12.7915 34
      vertex -9.88197 8.29196 34
      vertex -14.0714 14.0714 34
    endloop
  endfacet
  facet normal 0 0 1
    outer loop
      vertex -9.88197 8.29196 34
      vertex -15.2443 12.7915 34
      vertex -10.5671 7.39914 34
    endloop
  endfacet
  facet normal -0 0 1
    outer loop
      vertex -16.3011 11.4142 34
      vertex -10.5671 7.39914 34
      vertex -15.2443 12.7915 34
    endloop
  endfacet
  facet normal 0 0 1
    outer loop
      vertex -10.5671 7.39914 34
      vertex -16.3011 11.4142 34
      vertex -11.1717 6.45 34
    endloop
  endfacet
  facet normal -0 0 1
    outer loop
      vertex -17.2339 9.95 34
      vertex -11.1717 6.45 34
      vertex -16.3011 11.4142 34
    endloop
  endfacet
  facet normal 0 0 1
    outer loop
      vertex -11.1717 6.45 34
      vertex -17.2339 9.95 34
      vertex -11.6914 5.45178 34
    endloop
  endfacet
  facet normal -0 0 1
    outer loop
      vertex -18.0355 8.4101 34
      vertex -11.6914 5.45178 34
      vertex -17.2339 9.95 34
    endloop
  endfacet
  facet normal 0 0 1
    outer loop
      vertex -11.6914 5.45178 34
      vertex -18.0355 8.4101 34
      vertex -12.122 4.41206 34
    endloop
  endfacet
  facet normal -0.0436047 -0.999049 0
    outer loop
      vertex -1.7344 -19.8243 34
      vertex 0 -19.9 15.4
      vertex 0 -19.9 34
    endloop
  endfacet
  facet normal -0.043678 -0.999046 -6.84733e-06
    outer loop
      vertex -1.7344 -19.8243 34
      vertex -0.663306 -19.871 15.3347
      vertex 0 -19.9 15.4
    endloop
  endfacet
  facet normal -0.0435453 -0.999051 7.83636e-07
    outer loop
      vertex -1.7344 -19.8243 34
      vertex -1.30112 -19.8432 15.1412
      vertex -0.663306 -19.871 15.3347
    endloop
  endfacet
  facet normal -0.0435793 -0.99905 0
    outer loop
      vertex -1.30112 -19.8432 15.1412
      vertex -1.7344 -19.8243 34
      vertex -1.7344 -19.8243 14.9096
    endloop
  endfacet
  facet normal -0.0435793 -0.99905 0
    outer loop
      vertex -1.7344 -19.8243 0
      vertex -1.30112 -19.8432 8.85881
      vertex -1.7344 -19.8243 9.0904
    endloop
  endfacet
  facet normal -0.0435455 -0.999051 -1.65529e-06
    outer loop
      vertex -1.7344 -19.8243 0
      vertex -0.663306 -19.871 8.66533
      vertex -1.30112 -19.8432 8.85881
    endloop
  endfacet
  facet normal -0.0436047 -0.999049 5.67262e-06
    outer loop
      vertex 0 -19.9 0
      vertex -0.663306 -19.871 8.66533
      vertex -1.7344 -19.8243 0
    endloop
  endfacet
  facet normal -0.0436787 -0.999046 0
    outer loop
      vertex -0.663306 -19.871 8.66533
      vertex 0 -19.9 0
      vertex 0 -19.9 8.6
    endloop
  endfacet
  facet normal -0.843391 -0.5373 0
    outer loop
      vertex -16.3011 -11.4142 0
      vertex -17.2339 -9.95 34
      vertex -17.2339 -9.95 0
    endloop
  endfacet
  facet normal -0.843391 -0.5373 0
    outer loop
      vertex -17.2339 -9.95 34
      vertex -16.3011 -11.4142 0
      vertex -16.3011 -11.4142 34
    endloop
  endfacet
  facet normal 0.675618 -0.737252 0
    outer loop
      vertex 12.7915 -15.2443 0
      vertex 14.0714 -14.0714 34
      vertex 12.7915 -15.2443 34
    endloop
  endfacet
  facet normal 0.675618 -0.737252 0
    outer loop
      vertex 14.0714 -14.0714 34
      vertex 12.7915 -15.2443 0
      vertex 14.0714 -14.0714 0
    endloop
  endfacet
  facet normal 0.608747 -0.793364 0
    outer loop
      vertex 11.4142 -16.3011 0
      vertex 12.7915 -15.2443 34
      vertex 11.4142 -16.3011 34
    endloop
  endfacet
  facet normal 0.608747 -0.793364 0
    outer loop
      vertex 12.7915 -15.2443 34
      vertex 11.4142 -16.3011 0
      vertex 12.7915 -15.2443 0
    endloop
  endfacet
  facet normal -0.991491 0.130178 0
    outer loop
      vertex -19.5977 3.4556 0
      vertex -19.605 3.4 22
      vertex -19.5977 3.4556 34
    endloop
  endfacet
  facet normal -0.991448 0.130505 8.41373e-07
    outer loop
      vertex -19.5977 3.4556 0
      vertex -19.6136 3.33467 21.3367
      vertex -19.605 3.4 22
    endloop
  endfacet
  facet normal -0.991427 0.130661 1.74057e-06
    outer loop
      vertex -19.5977 3.4556 0
      vertex -19.6391 3.14119 20.6989
      vertex -19.6136 3.33467 21.3367
    endloop
  endfacet
  facet normal -0.99147 0.130334 -3.31068e-06
    outer loop
      vertex -19.5977 3.4556 0
      vertex -19.6804 2.827 20.1111
      vertex -19.6391 3.14119 20.6989
    endloop
  endfacet
  facet normal -0.991436 0.130594 4.9587e-06
    outer loop
      vertex -19.5977 3.4556 0
      vertex -19.7361 2.40416 19.5958
      vertex -19.6804 2.827 20.1111
    endloop
  endfacet
  facet normal -0.991452 0.130471 -1.76982e-06
    outer loop
      vertex -19.5977 3.4556 0
      vertex -19.8039 1.88894 19.173
      vertex -19.7361 2.40416 19.5958
    endloop
  endfacet
  facet normal -0.991445 0.130526 0
    outer loop
      vertex -19.8243 1.7344 19.0904
      vertex -19.5977 3.4556 0
      vertex -19.8243 1.7344 0
    endloop
  endfacet
  facet normal -0.991402 0.130854 3.00447e-05
    outer loop
      vertex -19.5977 3.4556 0
      vertex -19.8243 1.7344 19.0904
      vertex -19.8039 1.88894 19.173
    endloop
  endfacet
  facet normal -0.991449 0.130498 -1.51102e-06
    outer loop
      vertex -19.6136 3.33467 22.6633
      vertex -19.5977 3.4556 34
      vertex -19.605 3.4 22
    endloop
  endfacet
  facet normal -0.991428 0.130656 -3.22376e-06
    outer loop
      vertex -19.6391 3.14119 23.3011
      vertex -19.5977 3.4556 34
      vertex -19.6136 3.33467 22.6633
    endloop
  endfacet
  facet normal -0.991469 0.130339 6.24383e-06
    outer loop
      vertex -19.6804 2.827 23.8889
      vertex -19.5977 3.4556 34
      vertex -19.6391 3.14119 23.3011
    endloop
  endfacet
  facet normal -0.991437 0.130589 -9.51753e-06
    outer loop
      vertex -19.7361 2.40416 24.4042
      vertex -19.5977 3.4556 34
      vertex -19.6804 2.827 23.8889
    endloop
  endfacet
  facet normal -0.991452 0.130472 3.46203e-06
    outer loop
      vertex -19.8039 1.88894 24.827
      vertex -19.5977 3.4556 34
      vertex -19.7361 2.40416 24.4042
    endloop
  endfacet
  facet normal -0.991404 0.130838 -6.00584e-05
    outer loop
      vertex -19.8243 1.7344 24.9096
      vertex -19.5977 3.4556 34
      vertex -19.8039 1.88894 24.827
    endloop
  endfacet
  facet normal -0.991445 0.130526 0
    outer loop
      vertex -19.5977 3.4556 34
      vertex -19.8243 1.7344 24.9096
      vertex -19.8243 1.7344 34
    endloop
  endfacet
  facet normal -0.5373 -0.843391 0
    outer loop
      vertex -11.4142 -16.3011 0
      vertex -9.95 -17.2339 34
      vertex -11.4142 -16.3011 34
    endloop
  endfacet
  facet normal -0.5373 -0.843391 -0
    outer loop
      vertex -9.95 -17.2339 34
      vertex -11.4142 -16.3011 0
      vertex -9.95 -17.2339 0
    endloop
  endfacet
  facet normal -0.461739 -0.887016 0
    outer loop
      vertex -9.95 -17.2339 0
      vertex -8.4101 -18.0355 34
      vertex -9.95 -17.2339 34
    endloop
  endfacet
  facet normal -0.461739 -0.887016 -0
    outer loop
      vertex -8.4101 -18.0355 34
      vertex -9.95 -17.2339 0
      vertex -8.4101 -18.0355 0
    endloop
  endfacet
  facet normal -0.991454 -0.130455 0
    outer loop
      vertex 12.7502 1.88894 24.827
      vertex 12.704 2.24006 34
      vertex 12.704 2.24006 24.5388
    endloop
  endfacet
  facet normal -0.991442 -0.130544 3.49629e-06
    outer loop
      vertex 12.8276 1.30112 25.1412
      vertex 12.704 2.24006 34
      vertex 12.7502 1.88894 24.827
    endloop
  endfacet
  facet normal -0.991429 -0.130646 1.44644e-05
    outer loop
      vertex 12.8509 1.12431 25.1948
      vertex 12.704 2.24006 34
      vertex 12.8276 1.30112 25.1412
    endloop
  endfacet
  facet normal -0.991444 -0.130534 0
    outer loop
      vertex 12.704 2.24006 34
      vertex 12.8509 1.12431 25.1948
      vertex 12.8509 1.12431 34
    endloop
  endfacet
  facet normal -0.991454 -0.130455 0
    outer loop
      vertex 12.704 2.24006 0
      vertex 12.7502 1.88894 19.173
      vertex 12.704 2.24006 19.4612
    endloop
  endfacet
  facet normal -0.991442 -0.130545 -1.69042e-06
    outer loop
      vertex 12.704 2.24006 0
      vertex 12.8276 1.30112 18.8588
      vertex 12.7502 1.88894 19.173
    endloop
  endfacet
  facet normal -0.991444 -0.130534 -0
    outer loop
      vertex 12.8509 1.12431 18.8052
      vertex 12.704 2.24006 0
      vertex 12.8509 1.12431 0
    endloop
  endfacet
  facet normal -0.991429 -0.130648 -6.90858e-06
    outer loop
      vertex 12.704 2.24006 0
      vertex 12.8509 1.12431 18.8052
      vertex 12.8276 1.30112 18.8588
    endloop
  endfacet
  facet normal -0.999051 -0.0435591 0
    outer loop
      vertex 12.871 0.663306 25.3347
      vertex 12.8509 1.12431 34
      vertex 12.8509 1.12431 25.1948
    endloop
  endfacet
  facet normal -0.999046 -0.043678 6.3398e-06
    outer loop
      vertex 12.9 0 25.4
      vertex 12.8509 1.12431 34
      vertex 12.871 0.663306 25.3347
    endloop
  endfacet
  facet normal -0.999048 -0.0436296 0
    outer loop
      vertex 12.8509 1.12431 34
      vertex 12.9 0 25.4
      vertex 12.9 0 34
    endloop
  endfacet
  facet normal -0.999051 -0.0435591 0
    outer loop
      vertex 12.8509 1.12431 0
      vertex 12.871 0.663306 18.6653
      vertex 12.8509 1.12431 18.8052
    endloop
  endfacet
  facet normal -0.999048 -0.0436296 -0
    outer loop
      vertex 12.9 0 18.6
      vertex 12.8509 1.12431 0
      vertex 12.9 0 0
    endloop
  endfacet
  facet normal -0.999046 -0.0436784 -2.95147e-06
    outer loop
      vertex 12.8509 1.12431 0
      vertex 12.9 0 18.6
      vertex 12.871 0.663306 18.6653
    endloop
  endfacet
  facet normal -0.97152 -0.236956 0
    outer loop
      vertex 12.4614 3.33467 22.6633
      vertex 12.4604 3.33877 34
      vertex 12.4604 3.33877 22.6217
    endloop
  endfacet
  facet normal -0.97639 -0.216015 -8.00305e-06
    outer loop
      vertex 12.5042 3.14119 23.3011
      vertex 12.4604 3.33877 34
      vertex 12.4614 3.33467 22.6633
    endloop
  endfacet
  facet normal -0.976267 -0.21657 2.75226e-06
    outer loop
      vertex 12.5739 2.827 23.8889
      vertex 12.4604 3.33877 34
      vertex 12.5042 3.14119 23.3011
    endloop
  endfacet
  facet normal -0.976314 -0.216358 -8.49412e-06
    outer loop
      vertex 12.6676 2.40416 24.4042
      vertex 12.4604 3.33877 34
      vertex 12.5739 2.827 23.8889
    endloop
  endfacet
  facet normal -0.976273 -0.216544 1.04972e-05
    outer loop
      vertex 12.704 2.24006 24.5388
      vertex 12.4604 3.33877 34
      vertex 12.6676 2.40416 24.4042
    endloop
  endfacet
  facet normal -0.976292 -0.216458 0
    outer loop
      vertex 12.4604 3.33877 34
      vertex 12.704 2.24006 24.5388
      vertex 12.704 2.24006 34
    endloop
  endfacet
  facet normal -0.97152 -0.236956 0
    outer loop
      vertex 12.4604 3.33877 0
      vertex 12.4614 3.33467 21.3367
      vertex 12.4604 3.33877 21.3783
    endloop
  endfacet
  facet normal -0.976393 -0.216003 4.2546e-06
    outer loop
      vertex 12.4604 3.33877 0
      vertex 12.5042 3.14119 20.6989
      vertex 12.4614 3.33467 21.3367
    endloop
  endfacet
  facet normal -0.976267 -0.216573 -1.44592e-06
    outer loop
      vertex 12.4604 3.33877 0
      vertex 12.5739 2.827 20.1111
      vertex 12.5042 3.14119 20.6989
    endloop
  endfacet
  facet normal -0.976315 -0.216354 4.39757e-06
    outer loop
      vertex 12.4604 3.33877 0
      vertex 12.6676 2.40416 19.5958
      vertex 12.5739 2.827 20.1111
    endloop
  endfacet
  facet normal -0.976292 -0.216458 -0
    outer loop
      vertex 12.704 2.24006 19.4612
      vertex 12.4604 3.33877 0
      vertex 12.704 2.24006 0
    endloop
  endfacet
  facet normal -0.976272 -0.216548 -5.34201e-06
    outer loop
      vertex 12.4604 3.33877 0
      vertex 12.704 2.24006 19.4612
      vertex 12.6676 2.40416 19.5958
    endloop
  endfacet
  facet normal 0.843419 0.537256 0
    outer loop
      vertex -10.5671 -7.39914 34
      vertex -11.1717 -6.45 0
      vertex -11.1717 -6.45 34
    endloop
  endfacet
  facet normal 0.843419 0.537256 0
    outer loop
      vertex -11.1717 -6.45 0
      vertex -10.5671 -7.39914 34
      vertex -10.5671 -7.39914 0
    endloop
  endfacet
  facet normal 0.675586 0.737281 -0
    outer loop
      vertex -8.29196 -9.88197 0
      vertex -9.12168 -9.12168 34
      vertex -8.29196 -9.88197 34
    endloop
  endfacet
  facet normal 0.675586 0.737281 0
    outer loop
      vertex -9.12168 -9.12168 34
      vertex -8.29196 -9.88197 0
      vertex -9.12168 -9.12168 0
    endloop
  endfacet
  facet normal 0.216458 -0.976292 0
    outer loop
      vertex -3.33877 12.4604 34
      vertex -2.24006 12.704 14.5388
      vertex -2.24006 12.704 34
    endloop
  endfacet
  facet normal 0.216548 -0.976272 5.34201e-06
    outer loop
      vertex -3.33877 12.4604 34
      vertex -2.40416 12.6676 14.4042
      vertex -2.24006 12.704 14.5388
    endloop
  endfacet
  facet normal 0.216354 -0.976315 -4.39757e-06
    outer loop
      vertex -3.33877 12.4604 34
      vertex -2.827 12.5739 13.8889
      vertex -2.40416 12.6676 14.4042
    endloop
  endfacet
  facet normal 0.216573 -0.976267 1.44592e-06
    outer loop
      vertex -3.33877 12.4604 34
      vertex -3.14119 12.5042 13.3011
      vertex -2.827 12.5739 13.8889
    endloop
  endfacet
  facet normal 0.216003 -0.976393 -4.2546e-06
    outer loop
      vertex -3.33877 12.4604 34
      vertex -3.33467 12.4614 12.6633
      vertex -3.14119 12.5042 13.3011
    endloop
  endfacet
  facet normal 0.236956 -0.97152 0
    outer loop
      vertex -3.33467 12.4614 12.6633
      vertex -3.33877 12.4604 34
      vertex -3.33877 12.4604 12.6217
    endloop
  endfacet
  facet normal 0.236956 -0.97152 0
    outer loop
      vertex -3.33877 12.4604 0
      vertex -3.33467 12.4614 11.3367
      vertex -3.33877 12.4604 11.3783
    endloop
  endfacet
  facet normal 0.216015 -0.97639 8.00305e-06
    outer loop
      vertex -3.33877 12.4604 0
      vertex -3.14119 12.5042 10.6989
      vertex -3.33467 12.4614 11.3367
    endloop
  endfacet
  facet normal 0.21657 -0.976267 -2.75226e-06
    outer loop
      vertex -3.33877 12.4604 0
      vertex -2.827 12.5739 10.1111
      vertex -3.14119 12.5042 10.6989
    endloop
  endfacet
  facet normal 0.216358 -0.976314 8.49416e-06
    outer loop
      vertex -3.33877 12.4604 0
      vertex -2.40416 12.6676 9.59584
      vertex -2.827 12.5739 10.1111
    endloop
  endfacet
  facet normal 0.216544 -0.976273 -1.04967e-05
    outer loop
      vertex -3.33877 12.4604 0
      vertex -2.24006 12.704 9.46116
      vertex -2.40416 12.6676 9.59584
    endloop
  endfacet
  facet normal 0.216458 -0.976292 0
    outer loop
      vertex -2.24006 12.704 9.46116
      vertex -3.33877 12.4604 0
      vertex -2.24006 12.704 0
    endloop
  endfacet
  facet normal -0.382633 0.9239 0
    outer loop
      vertex 5.45178 -11.6914 0
      vertex 4.41206 -12.122 34
      vertex 5.45178 -11.6914 34
    endloop
  endfacet
  facet normal -0.382633 0.9239 0
    outer loop
      vertex 4.41206 -12.122 34
      vertex 5.45178 -11.6914 0
      vertex 4.41206 -12.122 0
    endloop
  endfacet
  facet normal -0.130534 0.991444 0
    outer loop
      vertex 2.24006 -12.704 34
      vertex 1.12431 -12.8509 15.1948
      vertex 1.12431 -12.8509 34
    endloop
  endfacet
  facet normal -0.130648 0.991429 6.90858e-06
    outer loop
      vertex 2.24006 -12.704 34
      vertex 1.30112 -12.8276 15.1412
      vertex 1.12431 -12.8509 15.1948
    endloop
  endfacet
  facet normal -0.130545 0.991442 1.69042e-06
    outer loop
      vertex 2.24006 -12.704 34
      vertex 1.88894 -12.7502 14.827
      vertex 1.30112 -12.8276 15.1412
    endloop
  endfacet
  facet normal -0.130455 0.991454 0
    outer loop
      vertex 1.88894 -12.7502 14.827
      vertex 2.24006 -12.704 34
      vertex 2.24006 -12.704 14.5388
    endloop
  endfacet
  facet normal -0.130455 0.991454 0
    outer loop
      vertex 2.24006 -12.704 0
      vertex 1.88894 -12.7502 9.173
      vertex 2.24006 -12.704 9.46116
    endloop
  endfacet
  facet normal -0.130544 0.991442 -3.49629e-06
    outer loop
      vertex 2.24006 -12.704 0
      vertex 1.30112 -12.8276 8.85881
      vertex 1.88894 -12.7502 9.173
    endloop
  endfacet
  facet normal -0.130646 0.991429 -1.4464e-05
    outer loop
      vertex 2.24006 -12.704 0
      vertex 1.12431 -12.8509 8.80517
      vertex 1.30112 -12.8276 8.85881
    endloop
  endfacet
  facet normal -0.130534 0.991444 0
    outer loop
      vertex 1.12431 -12.8509 8.80517
      vertex 2.24006 -12.704 0
      vertex 1.12431 -12.8509 0
    endloop
  endfacet
  facet normal 0.9239 0.382633 0
    outer loop
      vertex -11.6914 -5.45178 34
      vertex -12.122 -4.41206 0
      vertex -12.122 -4.41206 34
    endloop
  endfacet
  facet normal 0.9239 0.382633 0
    outer loop
      vertex -12.122 -4.41206 0
      vertex -11.6914 -5.45178 34
      vertex -11.6914 -5.45178 0
    endloop
  endfacet
  facet normal -0.675586 -0.737281 0
    outer loop
      vertex 8.29196 9.88197 34
      vertex 9.12168 9.12168 19.2
      vertex 9.12168 9.12168 34
    endloop
  endfacet
  facet normal -0.675588 -0.73728 -1.6148e-07
    outer loop
      vertex 8.29196 9.88197 34
      vertex 8.98018 9.25134 19.1916
      vertex 9.12168 9.12168 19.2
    endloop
  endfacet
  facet normal -0.675589 -0.737278 -2.73814e-07
    outer loop
      vertex 8.29196 9.88197 34
      vertex 8.83975 9.38002 19.1666
      vertex 8.98018 9.25134 19.1916
    endloop
  endfacet
  facet normal -0.675589 -0.737278 -2.93247e-07
    outer loop
      vertex 8.29196 9.88197 34
      vertex 8.70147 9.50673 19.125
      vertex 8.83975 9.38002 19.1666
    endloop
  endfacet
  facet normal -0.675596 -0.737272 -6.26898e-07
    outer loop
      vertex 8.29196 9.88197 34
      vertex 8.56639 9.63051 19.0673
      vertex 8.70147 9.50673 19.125
    endloop
  endfacet
  facet normal -0.675556 -0.737308 7.09061e-07
    outer loop
      vertex 8.29196 9.88197 34
      vertex 8.43553 9.75041 18.9939
      vertex 8.56639 9.63051 19.0673
    endloop
  endfacet
  facet normal -0.675594 -0.737273 4.05553e-08
    outer loop
      vertex 8.29196 9.88197 34
      vertex 8.3099 9.86553 18.9053
      vertex 8.43553 9.75041 18.9939
    endloop
  endfacet
  facet normal -0.675613 -0.737256 0
    outer loop
      vertex 8.3099 9.86553 18.9053
      vertex 8.29196 9.88197 34
      vertex 8.29196 9.88197 18.8898
    endloop
  endfacet
  facet normal -0.675613 -0.737256 0
    outer loop
      vertex 8.29196 9.88197 0
      vertex 8.3099 9.86553 15.0947
      vertex 8.29196 9.88197 15.1102
    endloop
  endfacet
  facet normal -0.675594 -0.737273 -4.05553e-08
    outer loop
      vertex 8.29196 9.88197 0
      vertex 8.43553 9.75041 15.0061
      vertex 8.3099 9.86553 15.0947
    endloop
  endfacet
  facet normal -0.675556 -0.737308 -7.09061e-07
    outer loop
      vertex 8.29196 9.88197 0
      vertex 8.56639 9.63051 14.9327
      vertex 8.43553 9.75041 15.0061
    endloop
  endfacet
  facet normal -0.675596 -0.737272 6.26898e-07
    outer loop
      vertex 8.29196 9.88197 0
      vertex 8.70147 9.50673 14.875
      vertex 8.56639 9.63051 14.9327
    endloop
  endfacet
  facet normal -0.675589 -0.737278 2.93247e-07
    outer loop
      vertex 8.29196 9.88197 0
      vertex 8.83975 9.38002 14.8334
      vertex 8.70147 9.50673 14.875
    endloop
  endfacet
  facet normal -0.675589 -0.737278 2.73814e-07
    outer loop
      vertex 8.29196 9.88197 0
      vertex 8.98018 9.25134 14.8084
      vertex 8.83975 9.38002 14.8334
    endloop
  endfacet
  facet normal -0.675588 -0.73728 1.6148e-07
    outer loop
      vertex 8.29196 9.88197 0
      vertex 9.12168 9.12168 14.8
      vertex 8.98018 9.25134 14.8084
    endloop
  endfacet
  facet normal -0.675586 -0.737281 -0
    outer loop
      vertex 9.12168 9.12168 14.8
      vertex 8.29196 9.88197 0
      vertex 9.12168 9.12168 0
    endloop
  endfacet
  facet normal -0.737281 0.675586 0
    outer loop
      vertex 9.12168 -9.12168 0
      vertex 9.88197 -8.29196 34
      vertex 9.88197 -8.29196 0
    endloop
  endfacet
  facet normal -0.737281 0.675586 0
    outer loop
      vertex 9.88197 -8.29196 34
      vertex 9.12168 -9.12168 0
      vertex 9.12168 -9.12168 34
    endloop
  endfacet
  facet normal -0.843419 -0.537256 0
    outer loop
      vertex 11.1717 6.45 0
      vertex 10.5671 7.39914 34
      vertex 10.5671 7.39914 0
    endloop
  endfacet
  facet normal -0.843419 -0.537256 0
    outer loop
      vertex 10.5671 7.39914 34
      vertex 11.1717 6.45 0
      vertex 11.1717 6.45 34
    endloop
  endfacet
  facet normal -0.886989 -0.46179 0
    outer loop
      vertex 11.6914 5.45178 0
      vertex 11.1717 6.45 34
      vertex 11.1717 6.45 0
    endloop
  endfacet
  facet normal -0.886989 -0.46179 0
    outer loop
      vertex 11.1717 6.45 34
      vertex 11.6914 5.45178 0
      vertex 11.6914 5.45178 34
    endloop
  endfacet
  facet normal 0.382633 -0.9239 0
    outer loop
      vertex -5.45178 11.6914 0
      vertex -4.41206 12.122 34
      vertex -5.45178 11.6914 34
    endloop
  endfacet
  facet normal 0.382633 -0.9239 0
    outer loop
      vertex -4.41206 12.122 34
      vertex -5.45178 11.6914 0
      vertex -4.41206 12.122 0
    endloop
  endfacet
  facet normal -0.976273 0.216544 1.04972e-05
    outer loop
      vertex 12.4604 -3.33877 34
      vertex 12.704 -2.24006 24.5388
      vertex 12.6676 -2.40416 24.4042
    endloop
  endfacet
  facet normal -0.976314 0.216358 -8.49412e-06
    outer loop
      vertex 12.4604 -3.33877 34
      vertex 12.6676 -2.40416 24.4042
      vertex 12.5739 -2.827 23.8889
    endloop
  endfacet
  facet normal -0.976267 0.21657 2.75226e-06
    outer loop
      vertex 12.4604 -3.33877 34
      vertex 12.5739 -2.827 23.8889
      vertex 12.5042 -3.14119 23.3011
    endloop
  endfacet
  facet normal -0.97639 0.216015 -8.00305e-06
    outer loop
      vertex 12.4604 -3.33877 34
      vertex 12.5042 -3.14119 23.3011
      vertex 12.4614 -3.33467 22.6633
    endloop
  endfacet
  facet normal -0.97152 0.236956 0
    outer loop
      vertex 12.4604 -3.33877 34
      vertex 12.4614 -3.33467 22.6633
      vertex 12.4604 -3.33877 22.6217
    endloop
  endfacet
  facet normal -0.976292 0.216458 0
    outer loop
      vertex 12.704 -2.24006 24.5388
      vertex 12.4604 -3.33877 34
      vertex 12.704 -2.24006 34
    endloop
  endfacet
  facet normal -0.976292 0.216458 0
    outer loop
      vertex 12.4604 -3.33877 0
      vertex 12.704 -2.24006 19.4612
      vertex 12.704 -2.24006 0
    endloop
  endfacet
  facet normal -0.976272 0.216548 -5.34201e-06
    outer loop
      vertex 12.704 -2.24006 19.4612
      vertex 12.4604 -3.33877 0
      vertex 12.6676 -2.40416 19.5958
    endloop
  endfacet
  facet normal -0.976315 0.216354 4.39757e-06
    outer loop
      vertex 12.6676 -2.40416 19.5958
      vertex 12.4604 -3.33877 0
      vertex 12.5739 -2.827 20.1111
    endloop
  endfacet
  facet normal -0.976267 0.216573 -1.44592e-06
    outer loop
      vertex 12.5739 -2.827 20.1111
      vertex 12.4604 -3.33877 0
      vertex 12.5042 -3.14119 20.6989
    endloop
  endfacet
  facet normal -0.976393 0.216003 4.2546e-06
    outer loop
      vertex 12.5042 -3.14119 20.6989
      vertex 12.4604 -3.33877 0
      vertex 12.4614 -3.33467 21.3367
    endloop
  endfacet
  facet normal -0.97152 0.236956 0
    outer loop
      vertex 12.4614 -3.33467 21.3367
      vertex 12.4604 -3.33877 0
      vertex 12.4604 -3.33877 21.3783
    endloop
  endfacet
  facet normal 0.97152 -0.236956 0
    outer loop
      vertex -12.4604 3.33877 34
      vertex -12.4614 3.33467 22.6633
      vertex -12.4604 3.33877 22.6217
    endloop
  endfacet
  facet normal 0.97639 -0.216015 -8.00305e-06
    outer loop
      vertex -12.4604 3.33877 34
      vertex -12.5042 3.14119 23.3011
      vertex -12.4614 3.33467 22.6633
    endloop
  endfacet
  facet normal 0.976267 -0.21657 2.75226e-06
    outer loop
      vertex -12.4604 3.33877 34
      vertex -12.5739 2.827 23.8889
      vertex -12.5042 3.14119 23.3011
    endloop
  endfacet
  facet normal 0.976314 -0.216358 -8.49412e-06
    outer loop
      vertex -12.4604 3.33877 34
      vertex -12.6676 2.40416 24.4042
      vertex -12.5739 2.827 23.8889
    endloop
  endfacet
  facet normal 0.976292 -0.216458 0
    outer loop
      vertex -12.704 2.24006 24.5388
      vertex -12.4604 3.33877 34
      vertex -12.704 2.24006 34
    endloop
  endfacet
  facet normal 0.976273 -0.216544 1.04972e-05
    outer loop
      vertex -12.4604 3.33877 34
      vertex -12.704 2.24006 24.5388
      vertex -12.6676 2.40416 24.4042
    endloop
  endfacet
  facet normal 0.97152 -0.236956 0
    outer loop
      vertex -12.4614 3.33467 21.3367
      vertex -12.4604 3.33877 0
      vertex -12.4604 3.33877 21.3783
    endloop
  endfacet
  facet normal 0.976393 -0.216003 4.2546e-06
    outer loop
      vertex -12.5042 3.14119 20.6989
      vertex -12.4604 3.33877 0
      vertex -12.4614 3.33467 21.3367
    endloop
  endfacet
  facet normal 0.976267 -0.216573 -1.44592e-06
    outer loop
      vertex -12.5739 2.827 20.1111
      vertex -12.4604 3.33877 0
      vertex -12.5042 3.14119 20.6989
    endloop
  endfacet
  facet normal 0.976315 -0.216354 4.39757e-06
    outer loop
      vertex -12.6676 2.40416 19.5958
      vertex -12.4604 3.33877 0
      vertex -12.5739 2.827 20.1111
    endloop
  endfacet
  facet normal 0.976272 -0.216548 -5.34201e-06
    outer loop
      vertex -12.704 2.24006 19.4612
      vertex -12.4604 3.33877 0
      vertex -12.6676 2.40416 19.5958
    endloop
  endfacet
  facet normal 0.976292 -0.216458 0
    outer loop
      vertex -12.4604 3.33877 0
      vertex -12.704 2.24006 19.4612
      vertex -12.704 2.24006 0
    endloop
  endfacet
  facet normal 0.793334 0.608787 0
    outer loop
      vertex -9.88197 -8.29196 34
      vertex -10.5671 -7.39914 0
      vertex -10.5671 -7.39914 34
    endloop
  endfacet
  facet normal 0.793334 0.608787 0
    outer loop
      vertex -10.5671 -7.39914 0
      vertex -9.88197 -8.29196 34
      vertex -9.88197 -8.29196 0
    endloop
  endfacet
  facet normal -0.537256 -0.843419 0
    outer loop
      vertex 6.45 11.1717 0
      vertex 7.39914 10.5671 34
      vertex 6.45 11.1717 34
    endloop
  endfacet
  facet normal -0.537256 -0.843419 -0
    outer loop
      vertex 7.39914 10.5671 34
      vertex 6.45 11.1717 0
      vertex 7.39914 10.5671 0
    endloop
  endfacet
  facet normal -0.608787 -0.793334 0
    outer loop
      vertex 7.39914 10.5671 34
      vertex 8.29196 9.88197 18.8898
      vertex 8.29196 9.88197 34
    endloop
  endfacet
  facet normal -0.608807 -0.793318 -1.93437e-06
    outer loop
      vertex 7.39914 10.5671 34
      vertex 8.18189 9.96644 18.8021
      vertex 8.29196 9.88197 18.8898
    endloop
  endfacet
  facet normal -0.608611 -0.793469 1.41301e-05
    outer loop
      vertex 7.39914 10.5671 34
      vertex 8.06004 10.0599 18.6853
      vertex 8.18189 9.96644 18.8021
    endloop
  endfacet
  facet normal -0.608829 -0.793301 -8.51802e-07
    outer loop
      vertex 7.39914 10.5671 34
      vertex 7.94681 10.1468 18.5556
      vertex 8.06004 10.0599 18.6853
    endloop
  endfacet
  facet normal -0.608717 -0.793387 5.47533e-06
    outer loop
      vertex 7.39914 10.5671 34
      vertex 7.84306 10.2264 18.4141
      vertex 7.94681 10.1468 18.5556
    endloop
  endfacet
  facet normal -0.609045 -0.793136 -9.36567e-06
    outer loop
      vertex 7.39914 10.5671 34
      vertex 7.74956 10.2982 18.2619
      vertex 7.84306 10.2264 18.4141
    endloop
  endfacet
  facet normal -0.608692 -0.793407 3.13374e-06
    outer loop
      vertex 7.39914 10.5671 34
      vertex 7.66705 10.3615 18.1
      vertex 7.74956 10.2982 18.2619
    endloop
  endfacet
  facet normal -0.608636 -0.79345 4.63128e-06
    outer loop
      vertex 7.39914 10.5671 34
      vertex 7.59613 10.4159 17.9298
      vertex 7.66705 10.3615 18.1
    endloop
  endfacet
  facet normal -0.6088 -0.793324 1.43778e-06
    outer loop
      vertex 7.39914 10.5671 34
      vertex 7.53736 10.461 17.7524
      vertex 7.59613 10.4159 17.9298
    endloop
  endfacet
  facet normal -0.608398 -0.793632 6.86593e-06
    outer loop
      vertex 7.39914 10.5671 34
      vertex 7.49118 10.4964 17.5694
      vertex 7.53736 10.461 17.7524
    endloop
  endfacet
  facet normal -0.608687 -0.79341 4.29235e-06
    outer loop
      vertex 7.39914 10.5671 34
      vertex 7.45794 10.5219 17.382
      vertex 7.49118 10.4964 17.5694
    endloop
  endfacet
  facet normal -0.609147 -0.793057 1.70411e-06
    outer loop
      vertex 7.39914 10.5671 34
      vertex 7.43789 10.5373 17.1917
      vertex 7.45794 10.5219 17.382
    endloop
  endfacet
  facet normal -0.612908 -0.790155 -1.21113e-05
    outer loop
      vertex 7.39914 10.5671 34
      vertex 7.43119 10.5425 17
      vertex 7.43789 10.5373 17.1917
    endloop
  endfacet
  facet normal -0.608873 -0.793268 0
    outer loop
      vertex 7.39914 10.5671 0
      vertex 7.43119 10.5425 17
      vertex 7.39914 10.5671 34
    endloop
  endfacet
  facet normal -0.612908 -0.790155 1.21113e-05
    outer loop
      vertex 7.39914 10.5671 0
      vertex 7.43789 10.5373 16.8083
      vertex 7.43119 10.5425 17
    endloop
  endfacet
  facet normal -0.609147 -0.793057 -1.70411e-06
    outer loop
      vertex 7.39914 10.5671 0
      vertex 7.45794 10.5219 16.618
      vertex 7.43789 10.5373 16.8083
    endloop
  endfacet
  facet normal -0.608687 -0.79341 -4.29235e-06
    outer loop
      vertex 7.39914 10.5671 0
      vertex 7.49118 10.4964 16.4306
      vertex 7.45794 10.5219 16.618
    endloop
  endfacet
  facet normal -0.608398 -0.793632 -6.86593e-06
    outer loop
      vertex 7.39914 10.5671 0
      vertex 7.53736 10.461 16.2476
      vertex 7.49118 10.4964 16.4306
    endloop
  endfacet
  facet normal -0.6088 -0.793324 -1.43778e-06
    outer loop
      vertex 7.39914 10.5671 0
      vertex 7.59613 10.4159 16.0702
      vertex 7.53736 10.461 16.2476
    endloop
  endfacet
  facet normal -0.608636 -0.79345 -4.63128e-06
    outer loop
      vertex 7.39914 10.5671 0
      vertex 7.66705 10.3615 15.9
      vertex 7.59613 10.4159 16.0702
    endloop
  endfacet
  facet normal -0.608692 -0.793407 -3.13374e-06
    outer loop
      vertex 7.39914 10.5671 0
      vertex 7.74956 10.2982 15.7381
      vertex 7.66705 10.3615 15.9
    endloop
  endfacet
  facet normal -0.609045 -0.793136 9.36567e-06
    outer loop
      vertex 7.39914 10.5671 0
      vertex 7.84306 10.2264 15.5859
      vertex 7.74956 10.2982 15.7381
    endloop
  endfacet
  facet normal -0.608717 -0.793387 -5.47533e-06
    outer loop
      vertex 7.39914 10.5671 0
      vertex 7.94681 10.1468 15.4444
      vertex 7.84306 10.2264 15.5859
    endloop
  endfacet
  facet normal -0.608829 -0.793301 8.51802e-07
    outer loop
      vertex 7.39914 10.5671 0
      vertex 8.06004 10.0599 15.3147
      vertex 7.94681 10.1468 15.4444
    endloop
  endfacet
  facet normal -0.608611 -0.793469 -1.41301e-05
    outer loop
      vertex 7.39914 10.5671 0
      vertex 8.18189 9.96644 15.1979
      vertex 8.06004 10.0599 15.3147
    endloop
  endfacet
  facet normal -0.608807 -0.793318 1.93437e-06
    outer loop
      vertex 7.39914 10.5671 0
      vertex 8.29196 9.88197 15.1102
      vertex 8.18189 9.96644 15.1979
    endloop
  endfacet
  facet normal -0.608787 -0.793334 -0
    outer loop
      vertex 8.29196 9.88197 15.1102
      vertex 7.39914 10.5671 0
      vertex 8.29196 9.88197 0
    endloop
  endfacet
  facet normal 0.0436296 0.999048 -0
    outer loop
      vertex 0 -12.9 15.4
      vertex -1.12431 -12.8509 34
      vertex 0 -12.9 34
    endloop
  endfacet
  facet normal 0.0436784 0.999046 2.95147e-06
    outer loop
      vertex -0.663306 -12.871 15.3347
      vertex -1.12431 -12.8509 34
      vertex 0 -12.9 15.4
    endloop
  endfacet
  facet normal 0.0435591 0.999051 0
    outer loop
      vertex -1.12431 -12.8509 34
      vertex -0.663306 -12.871 15.3347
      vertex -1.12431 -12.8509 15.1948
    endloop
  endfacet
  facet normal 0.0436296 0.999048 0
    outer loop
      vertex -1.12431 -12.8509 0
      vertex 0 -12.9 8.6
      vertex 0 -12.9 0
    endloop
  endfacet
  facet normal 0.043678 0.999046 -6.33976e-06
    outer loop
      vertex 0 -12.9 8.6
      vertex -1.12431 -12.8509 0
      vertex -0.663306 -12.871 8.66533
    endloop
  endfacet
  facet normal 0.0435591 0.999051 0
    outer loop
      vertex -0.663306 -12.871 8.66533
      vertex -1.12431 -12.8509 0
      vertex -1.12431 -12.8509 8.80517
    endloop
  endfacet
  facet normal 0.608787 -0.793334 0
    outer loop
      vertex -8.29196 9.88197 0
      vertex -7.39914 10.5671 34
      vertex -8.29196 9.88197 34
    endloop
  endfacet
  facet normal 0.608787 -0.793334 0
    outer loop
      vertex -7.39914 10.5671 34
      vertex -8.29196 9.88197 0
      vertex -7.39914 10.5671 0
    endloop
  endfacet
  facet normal -0.953717 -0.300705 0
    outer loop
      vertex 12.122 4.41206 0
      vertex 12.4411 3.4 22
      vertex 12.122 4.41206 34
    endloop
  endfacet
  facet normal -0.953719 -0.3007 -0
    outer loop
      vertex 12.4604 3.33877 21.3783
      vertex 12.122 4.41206 0
      vertex 12.4604 3.33877 0
    endloop
  endfacet
  facet normal -0.953735 -0.30065 2.76769e-06
    outer loop
      vertex 12.122 4.41206 0
      vertex 12.4604 3.33877 21.3783
      vertex 12.4411 3.4 22
    endloop
  endfacet
  facet normal -0.953731 -0.300661 -4.01013e-06
    outer loop
      vertex 12.4604 3.33877 22.6217
      vertex 12.122 4.41206 34
      vertex 12.4411 3.4 22
    endloop
  endfacet
  facet normal -0.953719 -0.3007 0
    outer loop
      vertex 12.122 4.41206 34
      vertex 12.4604 3.33877 22.6217
      vertex 12.4604 3.33877 34
    endloop
  endfacet
  facet normal -0.9239 0.382633 0
    outer loop
      vertex 11.6914 -5.45178 0
      vertex 12.122 -4.41206 34
      vertex 12.122 -4.41206 0
    endloop
  endfacet
  facet normal -0.9239 0.382633 0
    outer loop
      vertex 12.122 -4.41206 34
      vertex 11.6914 -5.45178 0
      vertex 11.6914 -5.45178 34
    endloop
  endfacet
  facet normal 0.537256 0.843419 -0
    outer loop
      vertex -6.45 -11.1717 0
      vertex -7.39914 -10.5671 34
      vertex -6.45 -11.1717 34
    endloop
  endfacet
  facet normal 0.537256 0.843419 0
    outer loop
      vertex -7.39914 -10.5671 34
      vertex -6.45 -11.1717 0
      vertex -7.39914 -10.5671 0
    endloop
  endfacet
  facet normal -0.46179 -0.886989 0
    outer loop
      vertex 5.45178 11.6914 0
      vertex 6.45 11.1717 34
      vertex 5.45178 11.6914 34
    endloop
  endfacet
  facet normal -0.46179 -0.886989 -0
    outer loop
      vertex 6.45 11.1717 34
      vertex 5.45178 11.6914 0
      vertex 6.45 11.1717 0
    endloop
  endfacet
  facet normal 0.46179 0.886989 -0
    outer loop
      vertex -5.45178 -11.6914 0
      vertex -6.45 -11.1717 34
      vertex -5.45178 -11.6914 34
    endloop
  endfacet
  facet normal 0.46179 0.886989 0
    outer loop
      vertex -6.45 -11.1717 34
      vertex -5.45178 -11.6914 0
      vertex -6.45 -11.1717 0
    endloop
  endfacet
  facet normal -0.0436296 -0.999048 0
    outer loop
      vertex 0 12.9 15.4
      vertex 1.12431 12.8509 34
      vertex 0 12.9 34
    endloop
  endfacet
  facet normal -0.0436784 -0.999046 2.95147e-06
    outer loop
      vertex 0.663306 12.871 15.3347
      vertex 1.12431 12.8509 34
      vertex 0 12.9 15.4
    endloop
  endfacet
  facet normal -0.0435591 -0.999051 -0
    outer loop
      vertex 1.12431 12.8509 34
      vertex 0.663306 12.871 15.3347
      vertex 1.12431 12.8509 15.1948
    endloop
  endfacet
  facet normal -0.0436296 -0.999048 0
    outer loop
      vertex 1.12431 12.8509 0
      vertex 0 12.9 8.6
      vertex 0 12.9 0
    endloop
  endfacet
  facet normal -0.043678 -0.999046 -6.33976e-06
    outer loop
      vertex 0 12.9 8.6
      vertex 1.12431 12.8509 0
      vertex 0.663306 12.871 8.66533
    endloop
  endfacet
  facet normal -0.0435591 -0.999051 0
    outer loop
      vertex 0.663306 12.871 8.66533
      vertex 1.12431 12.8509 0
      vertex 1.12431 12.8509 8.80517
    endloop
  endfacet
  facet normal 0.3007 0.953719 -0
    outer loop
      vertex -3.33877 -12.4604 12.6217
      vertex -4.41206 -12.122 34
      vertex -3.33877 -12.4604 34
    endloop
  endfacet
  facet normal 0.30065 0.953735 -2.76769e-06
    outer loop
      vertex -3.4 -12.4411 12
      vertex -4.41206 -12.122 34
      vertex -3.33877 -12.4604 12.6217
    endloop
  endfacet
  facet normal 0.3007 0.953719 0
    outer loop
      vertex -4.41206 -12.122 0
      vertex -3.33877 -12.4604 11.3783
      vertex -3.33877 -12.4604 0
    endloop
  endfacet
  facet normal 0.300661 0.953731 4.01013e-06
    outer loop
      vertex -3.33877 -12.4604 11.3783
      vertex -4.41206 -12.122 0
      vertex -3.4 -12.4411 12
    endloop
  endfacet
  facet normal 0.300705 0.953717 0
    outer loop
      vertex -3.4 -12.4411 12
      vertex -4.41206 -12.122 0
      vertex -4.41206 -12.122 34
    endloop
  endfacet
  facet normal -0.537256 0.843419 0
    outer loop
      vertex 7.39914 -10.5671 0
      vertex 6.45 -11.1717 34
      vertex 7.39914 -10.5671 34
    endloop
  endfacet
  facet normal -0.537256 0.843419 0
    outer loop
      vertex 6.45 -11.1717 34
      vertex 7.39914 -10.5671 0
      vertex 6.45 -11.1717 0
    endloop
  endfacet
  facet normal 0.216458 0.976292 -0
    outer loop
      vertex -2.24006 -12.704 14.5388
      vertex -3.33877 -12.4604 34
      vertex -2.24006 -12.704 34
    endloop
  endfacet
  facet normal 0.216548 0.976272 5.34201e-06
    outer loop
      vertex -2.40416 -12.6676 14.4042
      vertex -3.33877 -12.4604 34
      vertex -2.24006 -12.704 14.5388
    endloop
  endfacet
  facet normal 0.216354 0.976315 -4.39757e-06
    outer loop
      vertex -2.827 -12.5739 13.8889
      vertex -3.33877 -12.4604 34
      vertex -2.40416 -12.6676 14.4042
    endloop
  endfacet
  facet normal 0.216573 0.976267 1.44592e-06
    outer loop
      vertex -3.14119 -12.5042 13.3011
      vertex -3.33877 -12.4604 34
      vertex -2.827 -12.5739 13.8889
    endloop
  endfacet
  facet normal 0.216003 0.976393 -4.2546e-06
    outer loop
      vertex -3.33467 -12.4614 12.6633
      vertex -3.33877 -12.4604 34
      vertex -3.14119 -12.5042 13.3011
    endloop
  endfacet
  facet normal 0.236956 0.97152 0
    outer loop
      vertex -3.33877 -12.4604 34
      vertex -3.33467 -12.4614 12.6633
      vertex -3.33877 -12.4604 12.6217
    endloop
  endfacet
  facet normal 0.216458 0.976292 0
    outer loop
      vertex -3.33877 -12.4604 0
      vertex -2.24006 -12.704 9.46116
      vertex -2.24006 -12.704 0
    endloop
  endfacet
  facet normal 0.216544 0.976273 -1.04967e-05
    outer loop
      vertex -2.24006 -12.704 9.46116
      vertex -3.33877 -12.4604 0
      vertex -2.40416 -12.6676 9.59584
    endloop
  endfacet
  facet normal 0.216358 0.976314 8.49416e-06
    outer loop
      vertex -2.40416 -12.6676 9.59584
      vertex -3.33877 -12.4604 0
      vertex -2.827 -12.5739 10.1111
    endloop
  endfacet
  facet normal 0.21657 0.976267 -2.75226e-06
    outer loop
      vertex -2.827 -12.5739 10.1111
      vertex -3.33877 -12.4604 0
      vertex -3.14119 -12.5042 10.6989
    endloop
  endfacet
  facet normal 0.216015 0.97639 8.00305e-06
    outer loop
      vertex -3.14119 -12.5042 10.6989
      vertex -3.33877 -12.4604 0
      vertex -3.33467 -12.4614 11.3367
    endloop
  endfacet
  facet normal 0.236956 0.97152 0
    outer loop
      vertex -3.33467 -12.4614 11.3367
      vertex -3.33877 -12.4604 0
      vertex -3.33877 -12.4604 11.3783
    endloop
  endfacet
  facet normal 0.793334 -0.608787 0
    outer loop
      vertex -10.5671 7.39914 34
      vertex -9.88197 8.29196 0
      vertex -9.88197 8.29196 34
    endloop
  endfacet
  facet normal 0.793334 -0.608787 0
    outer loop
      vertex -9.88197 8.29196 0
      vertex -10.5671 7.39914 34
      vertex -10.5671 7.39914 0
    endloop
  endfacet
  facet normal 0.953717 -0.300705 0
    outer loop
      vertex -12.122 4.41206 34
      vertex -12.4411 3.4 22
      vertex -12.122 4.41206 0
    endloop
  endfacet
  facet normal 0.953719 -0.3007 0
    outer loop
      vertex -12.4604 3.33877 22.6217
      vertex -12.122 4.41206 34
      vertex -12.4604 3.33877 34
    endloop
  endfacet
  facet normal 0.953731 -0.300661 -4.01013e-06
    outer loop
      vertex -12.122 4.41206 34
      vertex -12.4604 3.33877 22.6217
      vertex -12.4411 3.4 22
    endloop
  endfacet
  facet normal 0.953735 -0.30065 2.76769e-06
    outer loop
      vertex -12.4604 3.33877 21.3783
      vertex -12.122 4.41206 0
      vertex -12.4411 3.4 22
    endloop
  endfacet
  facet normal 0.953719 -0.3007 0
    outer loop
      vertex -12.122 4.41206 0
      vertex -12.4604 3.33877 21.3783
      vertex -12.4604 3.33877 0
    endloop
  endfacet
  facet normal -0.991429 0.130646 1.44644e-05
    outer loop
      vertex 12.704 -2.24006 34
      vertex 12.8509 -1.12431 25.1948
      vertex 12.8276 -1.30112 25.1412
    endloop
  endfacet
  facet normal -0.991442 0.130544 3.49629e-06
    outer loop
      vertex 12.704 -2.24006 34
      vertex 12.8276 -1.30112 25.1412
      vertex 12.7502 -1.88894 24.827
    endloop
  endfacet
  facet normal -0.991454 0.130455 0
    outer loop
      vertex 12.704 -2.24006 34
      vertex 12.7502 -1.88894 24.827
      vertex 12.704 -2.24006 24.5388
    endloop
  endfacet
  facet normal -0.991444 0.130534 0
    outer loop
      vertex 12.8509 -1.12431 25.1948
      vertex 12.704 -2.24006 34
      vertex 12.8509 -1.12431 34
    endloop
  endfacet
  facet normal -0.991444 0.130534 0
    outer loop
      vertex 12.704 -2.24006 0
      vertex 12.8509 -1.12431 18.8052
      vertex 12.8509 -1.12431 0
    endloop
  endfacet
  facet normal -0.991429 0.130648 -6.90858e-06
    outer loop
      vertex 12.8509 -1.12431 18.8052
      vertex 12.704 -2.24006 0
      vertex 12.8276 -1.30112 18.8588
    endloop
  endfacet
  facet normal -0.991442 0.130545 -1.69042e-06
    outer loop
      vertex 12.8276 -1.30112 18.8588
      vertex 12.704 -2.24006 0
      vertex 12.7502 -1.88894 19.173
    endloop
  endfacet
  facet normal -0.991454 0.130455 0
    outer loop
      vertex 12.7502 -1.88894 19.173
      vertex 12.704 -2.24006 0
      vertex 12.704 -2.24006 19.4612
    endloop
  endfacet
  facet normal -0.0436296 0.999048 0
    outer loop
      vertex 1.12431 -12.8509 34
      vertex 0 -12.9 15.4
      vertex 0 -12.9 34
    endloop
  endfacet
  facet normal -0.0436784 0.999046 2.95147e-06
    outer loop
      vertex 1.12431 -12.8509 34
      vertex 0.663306 -12.871 15.3347
      vertex 0 -12.9 15.4
    endloop
  endfacet
  facet normal -0.0435591 0.999051 0
    outer loop
      vertex 0.663306 -12.871 15.3347
      vertex 1.12431 -12.8509 34
      vertex 1.12431 -12.8509 15.1948
    endloop
  endfacet
  facet normal -0.0435591 0.999051 0
    outer loop
      vertex 1.12431 -12.8509 0
      vertex 0.663306 -12.871 8.66533
      vertex 1.12431 -12.8509 8.80517
    endloop
  endfacet
  facet normal -0.043678 0.999046 -6.33976e-06
    outer loop
      vertex 1.12431 -12.8509 0
      vertex 0 -12.9 8.6
      vertex 0.663306 -12.871 8.66533
    endloop
  endfacet
  facet normal -0.0436296 0.999048 0
    outer loop
      vertex 0 -12.9 8.6
      vertex 1.12431 -12.8509 0
      vertex 0 -12.9 0
    endloop
  endfacet
  facet normal -0.953719 0.3007 0
    outer loop
      vertex 12.122 -4.41206 0
      vertex 12.4604 -3.33877 21.3783
      vertex 12.4604 -3.33877 0
    endloop
  endfacet
  facet normal -0.953735 0.30065 2.76769e-06
    outer loop
      vertex 12.4604 -3.33877 21.3783
      vertex 12.122 -4.41206 0
      vertex 12.4411 -3.4 22
    endloop
  endfacet
  facet normal -0.953731 0.300661 -4.01013e-06
    outer loop
      vertex 12.122 -4.41206 34
      vertex 12.4604 -3.33877 22.6217
      vertex 12.4411 -3.4 22
    endloop
  endfacet
  facet normal -0.953717 0.300705 0
    outer loop
      vertex 12.122 -4.41206 34
      vertex 12.4411 -3.4 22
      vertex 12.122 -4.41206 0
    endloop
  endfacet
  facet normal -0.953719 0.3007 0
    outer loop
      vertex 12.4604 -3.33877 22.6217
      vertex 12.122 -4.41206 34
      vertex 12.4604 -3.33877 34
    endloop
  endfacet
  facet normal 0.991454 -0.130455 0
    outer loop
      vertex -12.704 2.24006 34
      vertex -12.7502 1.88894 24.827
      vertex -12.704 2.24006 24.5388
    endloop
  endfacet
  facet normal 0.991442 -0.130544 3.49629e-06
    outer loop
      vertex -12.704 2.24006 34
      vertex -12.8276 1.30112 25.1412
      vertex -12.7502 1.88894 24.827
    endloop
  endfacet
  facet normal 0.991444 -0.130534 0
    outer loop
      vertex -12.8509 1.12431 25.1948
      vertex -12.704 2.24006 34
      vertex -12.8509 1.12431 34
    endloop
  endfacet
  facet normal 0.991429 -0.130646 1.44644e-05
    outer loop
      vertex -12.704 2.24006 34
      vertex -12.8509 1.12431 25.1948
      vertex -12.8276 1.30112 25.1412
    endloop
  endfacet
  facet normal 0.991454 -0.130455 0
    outer loop
      vertex -12.7502 1.88894 19.173
      vertex -12.704 2.24006 0
      vertex -12.704 2.24006 19.4612
    endloop
  endfacet
  facet normal 0.991442 -0.130545 -1.69042e-06
    outer loop
      vertex -12.8276 1.30112 18.8588
      vertex -12.704 2.24006 0
      vertex -12.7502 1.88894 19.173
    endloop
  endfacet
  facet normal 0.991429 -0.130648 -6.90858e-06
    outer loop
      vertex -12.8509 1.12431 18.8052
      vertex -12.704 2.24006 0
      vertex -12.8276 1.30112 18.8588
    endloop
  endfacet
  facet normal 0.991444 -0.130534 0
    outer loop
      vertex -12.704 2.24006 0
      vertex -12.8509 1.12431 18.8052
      vertex -12.8509 1.12431 0
    endloop
  endfacet
  facet normal 0.130534 -0.991444 0
    outer loop
      vertex -2.24006 12.704 34
      vertex -1.12431 12.8509 15.1948
      vertex -1.12431 12.8509 34
    endloop
  endfacet
  facet normal 0.130648 -0.991429 6.90858e-06
    outer loop
      vertex -2.24006 12.704 34
      vertex -1.30112 12.8276 15.1412
      vertex -1.12431 12.8509 15.1948
    endloop
  endfacet
  facet normal 0.130545 -0.991442 1.69042e-06
    outer loop
      vertex -2.24006 12.704 34
      vertex -1.88894 12.7502 14.827
      vertex -1.30112 12.8276 15.1412
    endloop
  endfacet
  facet normal 0.130455 -0.991454 0
    outer loop
      vertex -1.88894 12.7502 14.827
      vertex -2.24006 12.704 34
      vertex -2.24006 12.704 14.5388
    endloop
  endfacet
  facet normal 0.130455 -0.991454 0
    outer loop
      vertex -2.24006 12.704 0
      vertex -1.88894 12.7502 9.173
      vertex -2.24006 12.704 9.46116
    endloop
  endfacet
  facet normal 0.130544 -0.991442 -3.49629e-06
    outer loop
      vertex -2.24006 12.704 0
      vertex -1.30112 12.8276 8.85881
      vertex -1.88894 12.7502 9.173
    endloop
  endfacet
  facet normal 0.130646 -0.991429 -1.4464e-05
    outer loop
      vertex -2.24006 12.704 0
      vertex -1.12431 12.8509 8.80517
      vertex -1.30112 12.8276 8.85881
    endloop
  endfacet
  facet normal 0.130534 -0.991444 0
    outer loop
      vertex -1.12431 12.8509 8.80517
      vertex -2.24006 12.704 0
      vertex -1.12431 12.8509 0
    endloop
  endfacet
  facet normal -0.999046 0.043678 6.3398e-06
    outer loop
      vertex 12.8509 -1.12431 34
      vertex 12.9 0 25.4
      vertex 12.871 -0.663306 25.3347
    endloop
  endfacet
  facet normal -0.999051 0.0435591 0
    outer loop
      vertex 12.8509 -1.12431 34
      vertex 12.871 -0.663306 25.3347
      vertex 12.8509 -1.12431 25.1948
    endloop
  endfacet
  facet normal -0.999048 0.0436296 0
    outer loop
      vertex 12.9 0 25.4
      vertex 12.8509 -1.12431 34
      vertex 12.9 0 34
    endloop
  endfacet
  facet normal -0.999048 0.0436296 0
    outer loop
      vertex 12.8509 -1.12431 0
      vertex 12.9 0 18.6
      vertex 12.9 0 0
    endloop
  endfacet
  facet normal -0.999046 0.0436784 -2.95147e-06
    outer loop
      vertex 12.9 0 18.6
      vertex 12.8509 -1.12431 0
      vertex 12.871 -0.663306 18.6653
    endloop
  endfacet
  facet normal -0.999051 0.0435591 0
    outer loop
      vertex 12.871 -0.663306 18.6653
      vertex 12.8509 -1.12431 0
      vertex 12.8509 -1.12431 18.8052
    endloop
  endfacet
  facet normal 0.46179 -0.886989 0
    outer loop
      vertex -6.45 11.1717 0
      vertex -5.45178 11.6914 34
      vertex -6.45 11.1717 34
    endloop
  endfacet
  facet normal 0.46179 -0.886989 0
    outer loop
      vertex -5.45178 11.6914 34
      vertex -6.45 11.1717 0
      vertex -5.45178 11.6914 0
    endloop
  endfacet
  facet normal -0.608787 0.793334 0
    outer loop
      vertex 8.29196 -9.88197 0
      vertex 7.39914 -10.5671 34
      vertex 8.29196 -9.88197 34
    endloop
  endfacet
  facet normal -0.608787 0.793334 0
    outer loop
      vertex 7.39914 -10.5671 34
      vertex 8.29196 -9.88197 0
      vertex 7.39914 -10.5671 0
    endloop
  endfacet
  facet normal 0.537256 -0.843419 0
    outer loop
      vertex -7.39914 10.5671 0
      vertex -6.45 11.1717 34
      vertex -7.39914 10.5671 34
    endloop
  endfacet
  facet normal 0.537256 -0.843419 0
    outer loop
      vertex -6.45 11.1717 34
      vertex -7.39914 10.5671 0
      vertex -6.45 11.1717 0
    endloop
  endfacet
  facet normal 0.976292 0.216458 0
    outer loop
      vertex -12.4604 -3.33877 34
      vertex -12.704 -2.24006 24.5388
      vertex -12.704 -2.24006 34
    endloop
  endfacet
  facet normal 0.976273 0.216544 1.04972e-05
    outer loop
      vertex -12.704 -2.24006 24.5388
      vertex -12.4604 -3.33877 34
      vertex -12.6676 -2.40416 24.4042
    endloop
  endfacet
  facet normal 0.976314 0.216358 -8.49412e-06
    outer loop
      vertex -12.6676 -2.40416 24.4042
      vertex -12.4604 -3.33877 34
      vertex -12.5739 -2.827 23.8889
    endloop
  endfacet
  facet normal 0.976267 0.21657 2.75226e-06
    outer loop
      vertex -12.5739 -2.827 23.8889
      vertex -12.4604 -3.33877 34
      vertex -12.5042 -3.14119 23.3011
    endloop
  endfacet
  facet normal 0.97639 0.216015 -8.00305e-06
    outer loop
      vertex -12.5042 -3.14119 23.3011
      vertex -12.4604 -3.33877 34
      vertex -12.4614 -3.33467 22.6633
    endloop
  endfacet
  facet normal 0.97152 0.236956 0
    outer loop
      vertex -12.4614 -3.33467 22.6633
      vertex -12.4604 -3.33877 34
      vertex -12.4604 -3.33877 22.6217
    endloop
  endfacet
  facet normal 0.976272 0.216548 -5.34201e-06
    outer loop
      vertex -12.4604 -3.33877 0
      vertex -12.704 -2.24006 19.4612
      vertex -12.6676 -2.40416 19.5958
    endloop
  endfacet
  facet normal 0.976315 0.216354 4.39757e-06
    outer loop
      vertex -12.4604 -3.33877 0
      vertex -12.6676 -2.40416 19.5958
      vertex -12.5739 -2.827 20.1111
    endloop
  endfacet
  facet normal 0.976267 0.216573 -1.44592e-06
    outer loop
      vertex -12.4604 -3.33877 0
      vertex -12.5739 -2.827 20.1111
      vertex -12.5042 -3.14119 20.6989
    endloop
  endfacet
  facet normal 0.976393 0.216003 4.2546e-06
    outer loop
      vertex -12.4604 -3.33877 0
      vertex -12.5042 -3.14119 20.6989
      vertex -12.4614 -3.33467 21.3367
    endloop
  endfacet
  facet normal 0.97152 0.236956 -0
    outer loop
      vertex -12.4604 -3.33877 0
      vertex -12.4614 -3.33467 21.3367
      vertex -12.4604 -3.33877 21.3783
    endloop
  endfacet
  facet normal 0.976292 0.216458 0
    outer loop
      vertex -12.704 -2.24006 19.4612
      vertex -12.4604 -3.33877 0
      vertex -12.704 -2.24006 0
    endloop
  endfacet
  facet normal -0.9239 -0.382633 0
    outer loop
      vertex 12.122 4.41206 0
      vertex 11.6914 5.45178 34
      vertex 11.6914 5.45178 0
    endloop
  endfacet
  facet normal -0.9239 -0.382633 0
    outer loop
      vertex 11.6914 5.45178 34
      vertex 12.122 4.41206 0
      vertex 12.122 4.41206 34
    endloop
  endfacet
  facet normal -0.73728 -0.675588 -1.6148e-07
    outer loop
      vertex 9.88197 8.29196 34
      vertex 9.12168 9.12168 19.2
      vertex 9.25134 8.98018 19.1916
    endloop
  endfacet
  facet normal -0.737278 -0.675589 -2.73814e-07
    outer loop
      vertex 9.88197 8.29196 34
      vertex 9.25134 8.98018 19.1916
      vertex 9.38002 8.83975 19.1666
    endloop
  endfacet
  facet normal -0.737278 -0.675589 -2.93247e-07
    outer loop
      vertex 9.88197 8.29196 34
      vertex 9.38002 8.83975 19.1666
      vertex 9.50673 8.70147 19.125
    endloop
  endfacet
  facet normal -0.737272 -0.675596 -6.26898e-07
    outer loop
      vertex 9.88197 8.29196 34
      vertex 9.50673 8.70147 19.125
      vertex 9.63051 8.56639 19.0673
    endloop
  endfacet
  facet normal -0.737308 -0.675556 7.09061e-07
    outer loop
      vertex 9.88197 8.29196 34
      vertex 9.63051 8.56639 19.0673
      vertex 9.75041 8.43553 18.9939
    endloop
  endfacet
  facet normal -0.737273 -0.675594 4.05553e-08
    outer loop
      vertex 9.88197 8.29196 34
      vertex 9.75041 8.43553 18.9939
      vertex 9.86553 8.3099 18.9053
    endloop
  endfacet
  facet normal -0.737256 -0.675613 -0
    outer loop
      vertex 9.88197 8.29196 34
      vertex 9.86553 8.3099 18.9053
      vertex 9.88197 8.29196 18.8898
    endloop
  endfacet
  facet normal -0.737281 -0.675586 0
    outer loop
      vertex 9.12168 9.12168 19.2
      vertex 9.88197 8.29196 34
      vertex 9.12168 9.12168 34
    endloop
  endfacet
  facet normal -0.737281 -0.675586 0
    outer loop
      vertex 9.88197 8.29196 0
      vertex 9.12168 9.12168 14.8
      vertex 9.12168 9.12168 0
    endloop
  endfacet
  facet normal -0.73728 -0.675588 1.6148e-07
    outer loop
      vertex 9.12168 9.12168 14.8
      vertex 9.88197 8.29196 0
      vertex 9.25134 8.98018 14.8084
    endloop
  endfacet
  facet normal -0.737278 -0.675589 2.73814e-07
    outer loop
      vertex 9.25134 8.98018 14.8084
      vertex 9.88197 8.29196 0
      vertex 9.38002 8.83975 14.8334
    endloop
  endfacet
  facet normal -0.737278 -0.675589 2.93247e-07
    outer loop
      vertex 9.38002 8.83975 14.8334
      vertex 9.88197 8.29196 0
      vertex 9.50673 8.70147 14.875
    endloop
  endfacet
  facet normal -0.737272 -0.675596 6.26898e-07
    outer loop
      vertex 9.50673 8.70147 14.875
      vertex 9.88197 8.29196 0
      vertex 9.63051 8.56639 14.9327
    endloop
  endfacet
  facet normal -0.737308 -0.675556 -7.09061e-07
    outer loop
      vertex 9.63051 8.56639 14.9327
      vertex 9.88197 8.29196 0
      vertex 9.75041 8.43553 15.0061
    endloop
  endfacet
  facet normal -0.737273 -0.675594 -4.05553e-08
    outer loop
      vertex 9.75041 8.43553 15.0061
      vertex 9.88197 8.29196 0
      vertex 9.86553 8.3099 15.0947
    endloop
  endfacet
  facet normal -0.737256 -0.675613 0
    outer loop
      vertex 9.86553 8.3099 15.0947
      vertex 9.88197 8.29196 0
      vertex 9.88197 8.29196 15.1102
    endloop
  endfacet
  facet normal -0.3007 -0.953719 0
    outer loop
      vertex 3.33877 12.4604 12.6217
      vertex 4.41206 12.122 34
      vertex 3.33877 12.4604 34
    endloop
  endfacet
  facet normal -0.30065 -0.953735 -2.76769e-06
    outer loop
      vertex 3.4 12.4411 12
      vertex 4.41206 12.122 34
      vertex 3.33877 12.4604 12.6217
    endloop
  endfacet
  facet normal -0.3007 -0.953719 0
    outer loop
      vertex 4.41206 12.122 0
      vertex 3.33877 12.4604 11.3783
      vertex 3.33877 12.4604 0
    endloop
  endfacet
  facet normal -0.300661 -0.953731 4.01013e-06
    outer loop
      vertex 3.33877 12.4604 11.3783
      vertex 4.41206 12.122 0
      vertex 3.4 12.4411 12
    endloop
  endfacet
  facet normal -0.300705 -0.953717 0
    outer loop
      vertex 3.4 12.4411 12
      vertex 4.41206 12.122 0
      vertex 4.41206 12.122 34
    endloop
  endfacet
  facet normal 0.675586 -0.737281 0
    outer loop
      vertex -9.12168 9.12168 0
      vertex -8.29196 9.88197 34
      vertex -9.12168 9.12168 34
    endloop
  endfacet
  facet normal 0.675586 -0.737281 0
    outer loop
      vertex -8.29196 9.88197 34
      vertex -9.12168 9.12168 0
      vertex -8.29196 9.88197 0
    endloop
  endfacet
  facet normal -0.46179 0.886989 0
    outer loop
      vertex 6.45 -11.1717 0
      vertex 5.45178 -11.6914 34
      vertex 6.45 -11.1717 34
    endloop
  endfacet
  facet normal -0.46179 0.886989 0
    outer loop
      vertex 5.45178 -11.6914 34
      vertex 6.45 -11.1717 0
      vertex 5.45178 -11.6914 0
    endloop
  endfacet
  facet normal 0.3007 -0.953719 0
    outer loop
      vertex -4.41206 12.122 34
      vertex -3.33877 12.4604 12.6217
      vertex -3.33877 12.4604 34
    endloop
  endfacet
  facet normal 0.30065 -0.953735 -2.76769e-06
    outer loop
      vertex -4.41206 12.122 34
      vertex -3.4 12.4411 12
      vertex -3.33877 12.4604 12.6217
    endloop
  endfacet
  facet normal 0.300705 -0.953717 0
    outer loop
      vertex -4.41206 12.122 0
      vertex -3.4 12.4411 12
      vertex -4.41206 12.122 34
    endloop
  endfacet
  facet normal 0.300661 -0.953731 4.01013e-06
    outer loop
      vertex -4.41206 12.122 0
      vertex -3.33877 12.4604 11.3783
      vertex -3.4 12.4411 12
    endloop
  endfacet
  facet normal 0.3007 -0.953719 0
    outer loop
      vertex -3.33877 12.4604 11.3783
      vertex -4.41206 12.122 0
      vertex -3.33877 12.4604 0
    endloop
  endfacet
  facet normal 0.999048 0.0436296 0
    outer loop
      vertex -12.8509 -1.12431 34
      vertex -12.9 0 25.4
      vertex -12.9 0 34
    endloop
  endfacet
  facet normal 0.999046 0.043678 6.3398e-06
    outer loop
      vertex -12.9 0 25.4
      vertex -12.8509 -1.12431 34
      vertex -12.871 -0.663306 25.3347
    endloop
  endfacet
  facet normal 0.999051 0.0435591 0
    outer loop
      vertex -12.871 -0.663306 25.3347
      vertex -12.8509 -1.12431 34
      vertex -12.8509 -1.12431 25.1948
    endloop
  endfacet
  facet normal 0.999046 0.0436784 -2.95147e-06
    outer loop
      vertex -12.8509 -1.12431 0
      vertex -12.9 0 18.6
      vertex -12.871 -0.663306 18.6653
    endloop
  endfacet
  facet normal 0.999051 0.0435591 -0
    outer loop
      vertex -12.8509 -1.12431 0
      vertex -12.871 -0.663306 18.6653
      vertex -12.8509 -1.12431 18.8052
    endloop
  endfacet
  facet normal 0.999048 0.0436296 0
    outer loop
      vertex -12.9 0 18.6
      vertex -12.8509 -1.12431 0
      vertex -12.9 0 0
    endloop
  endfacet
  facet normal 0.0436296 -0.999048 0
    outer loop
      vertex -1.12431 12.8509 34
      vertex 0 12.9 15.4
      vertex 0 12.9 34
    endloop
  endfacet
  facet normal 0.0436784 -0.999046 2.95147e-06
    outer loop
      vertex -1.12431 12.8509 34
      vertex -0.663306 12.871 15.3347
      vertex 0 12.9 15.4
    endloop
  endfacet
  facet normal 0.0435591 -0.999051 0
    outer loop
      vertex -0.663306 12.871 15.3347
      vertex -1.12431 12.8509 34
      vertex -1.12431 12.8509 15.1948
    endloop
  endfacet
  facet normal 0.0435591 -0.999051 0
    outer loop
      vertex -1.12431 12.8509 0
      vertex -0.663306 12.871 8.66533
      vertex -1.12431 12.8509 8.80517
    endloop
  endfacet
  facet normal 0.043678 -0.999046 -6.33976e-06
    outer loop
      vertex -1.12431 12.8509 0
      vertex 0 12.9 8.6
      vertex -0.663306 12.871 8.66533
    endloop
  endfacet
  facet normal 0.0436296 -0.999048 0
    outer loop
      vertex 0 12.9 8.6
      vertex -1.12431 12.8509 0
      vertex 0 12.9 0
    endloop
  endfacet
  facet normal 0.886989 -0.46179 0
    outer loop
      vertex -11.6914 5.45178 34
      vertex -11.1717 6.45 0
      vertex -11.1717 6.45 34
    endloop
  endfacet
  facet normal 0.886989 -0.46179 0
    outer loop
      vertex -11.1717 6.45 0
      vertex -11.6914 5.45178 34
      vertex -11.6914 5.45178 0
    endloop
  endfacet
  facet normal -0.793334 0.608787 0
    outer loop
      vertex 9.88197 -8.29196 0
      vertex 10.5671 -7.39914 34
      vertex 10.5671 -7.39914 0
    endloop
  endfacet
  facet normal -0.793334 0.608787 0
    outer loop
      vertex 10.5671 -7.39914 34
      vertex 9.88197 -8.29196 0
      vertex 9.88197 -8.29196 34
    endloop
  endfacet
  facet normal -0.216458 0.976292 0
    outer loop
      vertex 3.33877 -12.4604 34
      vertex 2.24006 -12.704 14.5388
      vertex 2.24006 -12.704 34
    endloop
  endfacet
  facet normal -0.216548 0.976272 5.34201e-06
    outer loop
      vertex 3.33877 -12.4604 34
      vertex 2.40416 -12.6676 14.4042
      vertex 2.24006 -12.704 14.5388
    endloop
  endfacet
  facet normal -0.216354 0.976315 -4.39757e-06
    outer loop
      vertex 3.33877 -12.4604 34
      vertex 2.827 -12.5739 13.8889
      vertex 2.40416 -12.6676 14.4042
    endloop
  endfacet
  facet normal -0.216573 0.976267 1.44592e-06
    outer loop
      vertex 3.33877 -12.4604 34
      vertex 3.14119 -12.5042 13.3011
      vertex 2.827 -12.5739 13.8889
    endloop
  endfacet
  facet normal -0.216003 0.976393 -4.2546e-06
    outer loop
      vertex 3.33877 -12.4604 34
      vertex 3.33467 -12.4614 12.6633
      vertex 3.14119 -12.5042 13.3011
    endloop
  endfacet
  facet normal -0.236956 0.97152 0
    outer loop
      vertex 3.33467 -12.4614 12.6633
      vertex 3.33877 -12.4604 34
      vertex 3.33877 -12.4604 12.6217
    endloop
  endfacet
  facet normal -0.236956 0.97152 0
    outer loop
      vertex 3.33877 -12.4604 0
      vertex 3.33467 -12.4614 11.3367
      vertex 3.33877 -12.4604 11.3783
    endloop
  endfacet
  facet normal -0.216015 0.97639 8.00305e-06
    outer loop
      vertex 3.33877 -12.4604 0
      vertex 3.14119 -12.5042 10.6989
      vertex 3.33467 -12.4614 11.3367
    endloop
  endfacet
  facet normal -0.21657 0.976267 -2.75226e-06
    outer loop
      vertex 3.33877 -12.4604 0
      vertex 2.827 -12.5739 10.1111
      vertex 3.14119 -12.5042 10.6989
    endloop
  endfacet
  facet normal -0.216358 0.976314 8.49416e-06
    outer loop
      vertex 3.33877 -12.4604 0
      vertex 2.40416 -12.6676 9.59584
      vertex 2.827 -12.5739 10.1111
    endloop
  endfacet
  facet normal -0.216544 0.976273 -1.04967e-05
    outer loop
      vertex 3.33877 -12.4604 0
      vertex 2.24006 -12.704 9.46116
      vertex 2.40416 -12.6676 9.59584
    endloop
  endfacet
  facet normal -0.216458 0.976292 0
    outer loop
      vertex 2.24006 -12.704 9.46116
      vertex 3.33877 -12.4604 0
      vertex 2.24006 -12.704 0
    endloop
  endfacet
  facet normal 0.737281 0.675586 0
    outer loop
      vertex -9.12168 -9.12168 34
      vertex -9.88197 -8.29196 0
      vertex -9.88197 -8.29196 34
    endloop
  endfacet
  facet normal 0.737281 0.675586 0
    outer loop
      vertex -9.88197 -8.29196 0
      vertex -9.12168 -9.12168 34
      vertex -9.12168 -9.12168 0
    endloop
  endfacet
  facet normal 0.991444 0.130534 0
    outer loop
      vertex -12.704 -2.24006 34
      vertex -12.8509 -1.12431 25.1948
      vertex -12.8509 -1.12431 34
    endloop
  endfacet
  facet normal 0.991429 0.130646 1.44644e-05
    outer loop
      vertex -12.8509 -1.12431 25.1948
      vertex -12.704 -2.24006 34
      vertex -12.8276 -1.30112 25.1412
    endloop
  endfacet
  facet normal 0.991442 0.130544 3.49629e-06
    outer loop
      vertex -12.8276 -1.30112 25.1412
      vertex -12.704 -2.24006 34
      vertex -12.7502 -1.88894 24.827
    endloop
  endfacet
  facet normal 0.991454 0.130455 0
    outer loop
      vertex -12.7502 -1.88894 24.827
      vertex -12.704 -2.24006 34
      vertex -12.704 -2.24006 24.5388
    endloop
  endfacet
  facet normal 0.991429 0.130648 -6.90858e-06
    outer loop
      vertex -12.704 -2.24006 0
      vertex -12.8509 -1.12431 18.8052
      vertex -12.8276 -1.30112 18.8588
    endloop
  endfacet
  facet normal 0.991442 0.130545 -1.69042e-06
    outer loop
      vertex -12.704 -2.24006 0
      vertex -12.8276 -1.30112 18.8588
      vertex -12.7502 -1.88894 19.173
    endloop
  endfacet
  facet normal 0.991454 0.130455 -0
    outer loop
      vertex -12.704 -2.24006 0
      vertex -12.7502 -1.88894 19.173
      vertex -12.704 -2.24006 19.4612
    endloop
  endfacet
  facet normal 0.991444 0.130534 0
    outer loop
      vertex -12.8509 -1.12431 18.8052
      vertex -12.704 -2.24006 0
      vertex -12.8509 -1.12431 0
    endloop
  endfacet
  facet normal 0.886989 0.46179 0
    outer loop
      vertex -11.1717 -6.45 34
      vertex -11.6914 -5.45178 0
      vertex -11.6914 -5.45178 34
    endloop
  endfacet
  facet normal 0.886989 0.46179 0
    outer loop
      vertex -11.6914 -5.45178 0
      vertex -11.1717 -6.45 34
      vertex -11.1717 -6.45 0
    endloop
  endfacet
  facet normal -0.130534 -0.991444 0
    outer loop
      vertex 1.12431 12.8509 15.1948
      vertex 2.24006 12.704 34
      vertex 1.12431 12.8509 34
    endloop
  endfacet
  facet normal -0.130648 -0.991429 6.90858e-06
    outer loop
      vertex 1.30112 12.8276 15.1412
      vertex 2.24006 12.704 34
      vertex 1.12431 12.8509 15.1948
    endloop
  endfacet
  facet normal -0.130545 -0.991442 1.69042e-06
    outer loop
      vertex 1.88894 12.7502 14.827
      vertex 2.24006 12.704 34
      vertex 1.30112 12.8276 15.1412
    endloop
  endfacet
  facet normal -0.130455 -0.991454 -0
    outer loop
      vertex 2.24006 12.704 34
      vertex 1.88894 12.7502 14.827
      vertex 2.24006 12.704 14.5388
    endloop
  endfacet
  facet normal -0.130534 -0.991444 0
    outer loop
      vertex 2.24006 12.704 0
      vertex 1.12431 12.8509 8.80517
      vertex 1.12431 12.8509 0
    endloop
  endfacet
  facet normal -0.130646 -0.991429 -1.4464e-05
    outer loop
      vertex 1.12431 12.8509 8.80517
      vertex 2.24006 12.704 0
      vertex 1.30112 12.8276 8.85881
    endloop
  endfacet
  facet normal -0.130544 -0.991442 -3.49629e-06
    outer loop
      vertex 1.30112 12.8276 8.85881
      vertex 2.24006 12.704 0
      vertex 1.88894 12.7502 9.173
    endloop
  endfacet
  facet normal -0.130455 -0.991454 0
    outer loop
      vertex 1.88894 12.7502 9.173
      vertex 2.24006 12.704 0
      vertex 2.24006 12.704 9.46116
    endloop
  endfacet
  facet normal -0.216458 -0.976292 0
    outer loop
      vertex 2.24006 12.704 14.5388
      vertex 3.33877 12.4604 34
      vertex 2.24006 12.704 34
    endloop
  endfacet
  facet normal -0.216548 -0.976272 5.34201e-06
    outer loop
      vertex 2.40416 12.6676 14.4042
      vertex 3.33877 12.4604 34
      vertex 2.24006 12.704 14.5388
    endloop
  endfacet
  facet normal -0.216354 -0.976315 -4.39757e-06
    outer loop
      vertex 2.827 12.5739 13.8889
      vertex 3.33877 12.4604 34
      vertex 2.40416 12.6676 14.4042
    endloop
  endfacet
  facet normal -0.216573 -0.976267 1.44592e-06
    outer loop
      vertex 3.14119 12.5042 13.3011
      vertex 3.33877 12.4604 34
      vertex 2.827 12.5739 13.8889
    endloop
  endfacet
  facet normal -0.216003 -0.976393 -4.2546e-06
    outer loop
      vertex 3.33467 12.4614 12.6633
      vertex 3.33877 12.4604 34
      vertex 3.14119 12.5042 13.3011
    endloop
  endfacet
  facet normal -0.236956 -0.97152 -0
    outer loop
      vertex 3.33877 12.4604 34
      vertex 3.33467 12.4614 12.6633
      vertex 3.33877 12.4604 12.6217
    endloop
  endfacet
  facet normal -0.216458 -0.976292 0
    outer loop
      vertex 3.33877 12.4604 0
      vertex 2.24006 12.704 9.46116
      vertex 2.24006 12.704 0
    endloop
  endfacet
  facet normal -0.216544 -0.976273 -1.04967e-05
    outer loop
      vertex 2.24006 12.704 9.46116
      vertex 3.33877 12.4604 0
      vertex 2.40416 12.6676 9.59584
    endloop
  endfacet
  facet normal -0.216358 -0.976314 8.49416e-06
    outer loop
      vertex 2.40416 12.6676 9.59584
      vertex 3.33877 12.4604 0
      vertex 2.827 12.5739 10.1111
    endloop
  endfacet
  facet normal -0.21657 -0.976267 -2.75226e-06
    outer loop
      vertex 2.827 12.5739 10.1111
      vertex 3.33877 12.4604 0
      vertex 3.14119 12.5042 10.6989
    endloop
  endfacet
  facet normal -0.216015 -0.97639 8.00305e-06
    outer loop
      vertex 3.14119 12.5042 10.6989
      vertex 3.33877 12.4604 0
      vertex 3.33467 12.4614 11.3367
    endloop
  endfacet
  facet normal -0.236956 -0.97152 0
    outer loop
      vertex 3.33467 12.4614 11.3367
      vertex 3.33877 12.4604 0
      vertex 3.33877 12.4604 11.3783
    endloop
  endfacet
  facet normal -0.886989 0.46179 0
    outer loop
      vertex 11.1717 -6.45 0
      vertex 11.6914 -5.45178 34
      vertex 11.6914 -5.45178 0
    endloop
  endfacet
  facet normal -0.886989 0.46179 0
    outer loop
      vertex 11.6914 -5.45178 34
      vertex 11.1717 -6.45 0
      vertex 11.1717 -6.45 34
    endloop
  endfacet
  facet normal 0.953719 0.3007 0
    outer loop
      vertex -12.122 -4.41206 34
      vertex -12.4604 -3.33877 22.6217
      vertex -12.4604 -3.33877 34
    endloop
  endfacet
  facet normal 0.953731 0.300661 -4.01013e-06
    outer loop
      vertex -12.4604 -3.33877 22.6217
      vertex -12.122 -4.41206 34
      vertex -12.4411 -3.4 22
    endloop
  endfacet
  facet normal 0.953735 0.30065 2.76769e-06
    outer loop
      vertex -12.122 -4.41206 0
      vertex -12.4604 -3.33877 21.3783
      vertex -12.4411 -3.4 22
    endloop
  endfacet
  facet normal 0.953717 0.300705 -0
    outer loop
      vertex -12.122 -4.41206 0
      vertex -12.4411 -3.4 22
      vertex -12.122 -4.41206 34
    endloop
  endfacet
  facet normal 0.953719 0.3007 0
    outer loop
      vertex -12.4604 -3.33877 21.3783
      vertex -12.122 -4.41206 0
      vertex -12.4604 -3.33877 0
    endloop
  endfacet
  facet normal -0.793334 -0.608787 0
    outer loop
      vertex 10.5671 7.39914 0
      vertex 9.88197 8.29196 15.1102
      vertex 9.88197 8.29196 0
    endloop
  endfacet
  facet normal -0.793318 -0.608807 1.93437e-06
    outer loop
      vertex 9.88197 8.29196 15.1102
      vertex 10.5671 7.39914 0
      vertex 9.96644 8.18189 15.1979
    endloop
  endfacet
  facet normal -0.793469 -0.608611 -1.41301e-05
    outer loop
      vertex 9.96644 8.18189 15.1979
      vertex 10.5671 7.39914 0
      vertex 10.0599 8.06004 15.3147
    endloop
  endfacet
  facet normal -0.793301 -0.608829 8.51802e-07
    outer loop
      vertex 10.0599 8.06004 15.3147
      vertex 10.5671 7.39914 0
      vertex 10.1468 7.94681 15.4444
    endloop
  endfacet
  facet normal -0.793387 -0.608717 -5.47533e-06
    outer loop
      vertex 10.1468 7.94681 15.4444
      vertex 10.5671 7.39914 0
      vertex 10.2264 7.84306 15.5859
    endloop
  endfacet
  facet normal -0.793136 -0.609045 9.36567e-06
    outer loop
      vertex 10.2264 7.84306 15.5859
      vertex 10.5671 7.39914 0
      vertex 10.2982 7.74956 15.7381
    endloop
  endfacet
  facet normal -0.793407 -0.608692 -3.13374e-06
    outer loop
      vertex 10.2982 7.74956 15.7381
      vertex 10.5671 7.39914 0
      vertex 10.3615 7.66705 15.9
    endloop
  endfacet
  facet normal -0.79345 -0.608636 -4.63128e-06
    outer loop
      vertex 10.3615 7.66705 15.9
      vertex 10.5671 7.39914 0
      vertex 10.4159 7.59613 16.0702
    endloop
  endfacet
  facet normal -0.793324 -0.6088 -1.43778e-06
    outer loop
      vertex 10.4159 7.59613 16.0702
      vertex 10.5671 7.39914 0
      vertex 10.461 7.53736 16.2476
    endloop
  endfacet
  facet normal -0.793632 -0.608398 -6.86593e-06
    outer loop
      vertex 10.461 7.53736 16.2476
      vertex 10.5671 7.39914 0
      vertex 10.4964 7.49118 16.4306
    endloop
  endfacet
  facet normal -0.79341 -0.608687 -4.29235e-06
    outer loop
      vertex 10.4964 7.49118 16.4306
      vertex 10.5671 7.39914 0
      vertex 10.5219 7.45794 16.618
    endloop
  endfacet
  facet normal -0.790155 -0.612908 1.21113e-05
    outer loop
      vertex 10.5373 7.43789 16.8083
      vertex 10.5671 7.39914 0
      vertex 10.5425 7.43119 17
    endloop
  endfacet
  facet normal -0.793057 -0.609147 -1.70411e-06
    outer loop
      vertex 10.5219 7.45794 16.618
      vertex 10.5671 7.39914 0
      vertex 10.5373 7.43789 16.8083
    endloop
  endfacet
  facet normal -0.793318 -0.608807 -1.93437e-06
    outer loop
      vertex 10.5671 7.39914 34
      vertex 9.88197 8.29196 18.8898
      vertex 9.96644 8.18189 18.8021
    endloop
  endfacet
  facet normal -0.793469 -0.608611 1.41301e-05
    outer loop
      vertex 10.5671 7.39914 34
      vertex 9.96644 8.18189 18.8021
      vertex 10.0599 8.06004 18.6853
    endloop
  endfacet
  facet normal -0.793301 -0.608829 -8.51802e-07
    outer loop
      vertex 10.5671 7.39914 34
      vertex 10.0599 8.06004 18.6853
      vertex 10.1468 7.94681 18.5556
    endloop
  endfacet
  facet normal -0.793387 -0.608717 5.47533e-06
    outer loop
      vertex 10.5671 7.39914 34
      vertex 10.1468 7.94681 18.5556
      vertex 10.2264 7.84306 18.4141
    endloop
  endfacet
  facet normal -0.793136 -0.609045 -9.36567e-06
    outer loop
      vertex 10.5671 7.39914 34
      vertex 10.2264 7.84306 18.4141
      vertex 10.2982 7.74956 18.2619
    endloop
  endfacet
  facet normal -0.793407 -0.608692 3.13374e-06
    outer loop
      vertex 10.5671 7.39914 34
      vertex 10.2982 7.74956 18.2619
      vertex 10.3615 7.66705 18.1
    endloop
  endfacet
  facet normal -0.79345 -0.608636 4.63128e-06
    outer loop
      vertex 10.5671 7.39914 34
      vertex 10.3615 7.66705 18.1
      vertex 10.4159 7.59613 17.9298
    endloop
  endfacet
  facet normal -0.793324 -0.6088 1.43778e-06
    outer loop
      vertex 10.5671 7.39914 34
      vertex 10.4159 7.59613 17.9298
      vertex 10.461 7.53736 17.7524
    endloop
  endfacet
  facet normal -0.793632 -0.608398 6.86593e-06
    outer loop
      vertex 10.5671 7.39914 34
      vertex 10.461 7.53736 17.7524
      vertex 10.4964 7.49118 17.5694
    endloop
  endfacet
  facet normal -0.79341 -0.608687 4.29235e-06
    outer loop
      vertex 10.5671 7.39914 34
      vertex 10.4964 7.49118 17.5694
      vertex 10.5219 7.45794 17.382
    endloop
  endfacet
  facet normal -0.793057 -0.609147 1.70411e-06
    outer loop
      vertex 10.5671 7.39914 34
      vertex 10.5219 7.45794 17.382
      vertex 10.5373 7.43789 17.1917
    endloop
  endfacet
  facet normal -0.793334 -0.608787 0
    outer loop
      vertex 9.88197 8.29196 18.8898
      vertex 10.5671 7.39914 34
      vertex 9.88197 8.29196 34
    endloop
  endfacet
  facet normal -0.790155 -0.612908 -1.21113e-05
    outer loop
      vertex 10.5425 7.43119 17
      vertex 10.5671 7.39914 34
      vertex 10.5373 7.43789 17.1917
    endloop
  endfacet
  facet normal -0.793268 -0.608873 -0
    outer loop
      vertex 10.5671 7.39914 34
      vertex 10.5425 7.43119 17
      vertex 10.5671 7.39914 0
    endloop
  endfacet
  facet normal 0.737281 -0.675586 0
    outer loop
      vertex -9.88197 8.29196 34
      vertex -9.12168 9.12168 0
      vertex -9.12168 9.12168 34
    endloop
  endfacet
  facet normal 0.737281 -0.675586 0
    outer loop
      vertex -9.12168 9.12168 0
      vertex -9.88197 8.29196 34
      vertex -9.88197 8.29196 0
    endloop
  endfacet
  facet normal 0.382633 0.9239 -0
    outer loop
      vertex -4.41206 -12.122 0
      vertex -5.45178 -11.6914 34
      vertex -4.41206 -12.122 34
    endloop
  endfacet
  facet normal 0.382633 0.9239 0
    outer loop
      vertex -5.45178 -11.6914 34
      vertex -4.41206 -12.122 0
      vertex -5.45178 -11.6914 0
    endloop
  endfacet
  facet normal 0.130534 0.991444 -0
    outer loop
      vertex -1.12431 -12.8509 15.1948
      vertex -2.24006 -12.704 34
      vertex -1.12431 -12.8509 34
    endloop
  endfacet
  facet normal 0.130648 0.991429 6.90858e-06
    outer loop
      vertex -1.30112 -12.8276 15.1412
      vertex -2.24006 -12.704 34
      vertex -1.12431 -12.8509 15.1948
    endloop
  endfacet
  facet normal 0.130545 0.991442 1.69042e-06
    outer loop
      vertex -1.88894 -12.7502 14.827
      vertex -2.24006 -12.704 34
      vertex -1.30112 -12.8276 15.1412
    endloop
  endfacet
  facet normal 0.130455 0.991454 0
    outer loop
      vertex -2.24006 -12.704 34
      vertex -1.88894 -12.7502 14.827
      vertex -2.24006 -12.704 14.5388
    endloop
  endfacet
  facet normal 0.130534 0.991444 0
    outer loop
      vertex -2.24006 -12.704 0
      vertex -1.12431 -12.8509 8.80517
      vertex -1.12431 -12.8509 0
    endloop
  endfacet
  facet normal 0.130646 0.991429 -1.4464e-05
    outer loop
      vertex -1.12431 -12.8509 8.80517
      vertex -2.24006 -12.704 0
      vertex -1.30112 -12.8276 8.85881
    endloop
  endfacet
  facet normal 0.130544 0.991442 -3.49629e-06
    outer loop
      vertex -1.30112 -12.8276 8.85881
      vertex -2.24006 -12.704 0
      vertex -1.88894 -12.7502 9.173
    endloop
  endfacet
  facet normal 0.130455 0.991454 0
    outer loop
      vertex -1.88894 -12.7502 9.173
      vertex -2.24006 -12.704 0
      vertex -2.24006 -12.704 9.46116
    endloop
  endfacet
  facet normal 0.843419 -0.537256 0
    outer loop
      vertex -11.1717 6.45 34
      vertex -10.5671 7.39914 0
      vertex -10.5671 7.39914 34
    endloop
  endfacet
  facet normal 0.843419 -0.537256 0
    outer loop
      vertex -10.5671 7.39914 0
      vertex -11.1717 6.45 34
      vertex -11.1717 6.45 0
    endloop
  endfacet
  facet normal 0.999051 -0.0435591 0
    outer loop
      vertex -12.8509 1.12431 34
      vertex -12.871 0.663306 25.3347
      vertex -12.8509 1.12431 25.1948
    endloop
  endfacet
  facet normal 0.999048 -0.0436296 0
    outer loop
      vertex -12.9 0 25.4
      vertex -12.8509 1.12431 34
      vertex -12.9 0 34
    endloop
  endfacet
  facet normal 0.999046 -0.043678 6.3398e-06
    outer loop
      vertex -12.8509 1.12431 34
      vertex -12.9 0 25.4
      vertex -12.871 0.663306 25.3347
    endloop
  endfacet
  facet normal 0.999051 -0.0435591 0
    outer loop
      vertex -12.871 0.663306 18.6653
      vertex -12.8509 1.12431 0
      vertex -12.8509 1.12431 18.8052
    endloop
  endfacet
  facet normal 0.999046 -0.0436784 -2.95147e-06
    outer loop
      vertex -12.9 0 18.6
      vertex -12.8509 1.12431 0
      vertex -12.871 0.663306 18.6653
    endloop
  endfacet
  facet normal 0.999048 -0.0436296 0
    outer loop
      vertex -12.8509 1.12431 0
      vertex -12.9 0 18.6
      vertex -12.9 0 0
    endloop
  endfacet
  facet normal -0.3007 0.953719 0
    outer loop
      vertex 4.41206 -12.122 34
      vertex 3.33877 -12.4604 12.6217
      vertex 3.33877 -12.4604 34
    endloop
  endfacet
  facet normal -0.30065 0.953735 -2.76769e-06
    outer loop
      vertex 4.41206 -12.122 34
      vertex 3.4 -12.4411 12
      vertex 3.33877 -12.4604 12.6217
    endloop
  endfacet
  facet normal -0.300705 0.953717 0
    outer loop
      vertex 4.41206 -12.122 0
      vertex 3.4 -12.4411 12
      vertex 4.41206 -12.122 34
    endloop
  endfacet
  facet normal -0.300661 0.953731 4.01013e-06
    outer loop
      vertex 4.41206 -12.122 0
      vertex 3.33877 -12.4604 11.3783
      vertex 3.4 -12.4411 12
    endloop
  endfacet
  facet normal -0.3007 0.953719 0
    outer loop
      vertex 3.33877 -12.4604 11.3783
      vertex 4.41206 -12.122 0
      vertex 3.33877 -12.4604 0
    endloop
  endfacet
  facet normal 0.9239 -0.382633 0
    outer loop
      vertex -12.122 4.41206 34
      vertex -11.6914 5.45178 0
      vertex -11.6914 5.45178 34
    endloop
  endfacet
  facet normal 0.9239 -0.382633 0
    outer loop
      vertex -11.6914 5.45178 0
      vertex -12.122 4.41206 34
      vertex -12.122 4.41206 0
    endloop
  endfacet
  facet normal 0.608787 0.793334 -0
    outer loop
      vertex -7.39914 -10.5671 0
      vertex -8.29196 -9.88197 34
      vertex -7.39914 -10.5671 34
    endloop
  endfacet
  facet normal 0.608787 0.793334 0
    outer loop
      vertex -8.29196 -9.88197 34
      vertex -7.39914 -10.5671 0
      vertex -8.29196 -9.88197 0
    endloop
  endfacet
  facet normal -0.843419 0.537256 0
    outer loop
      vertex 10.5671 -7.39914 0
      vertex 11.1717 -6.45 34
      vertex 11.1717 -6.45 0
    endloop
  endfacet
  facet normal -0.843419 0.537256 0
    outer loop
      vertex 11.1717 -6.45 34
      vertex 10.5671 -7.39914 0
      vertex 10.5671 -7.39914 34
    endloop
  endfacet
  facet normal -0.675586 0.737281 0
    outer loop
      vertex 9.12168 -9.12168 0
      vertex 8.29196 -9.88197 34
      vertex 9.12168 -9.12168 34
    endloop
  endfacet
  facet normal -0.675586 0.737281 0
    outer loop
      vertex 8.29196 -9.88197 34
      vertex 9.12168 -9.12168 0
      vertex 8.29196 -9.88197 0
    endloop
  endfacet
  facet normal -0.382633 -0.9239 0
    outer loop
      vertex 4.41206 12.122 0
      vertex 5.45178 11.6914 34
      vertex 4.41206 12.122 34
    endloop
  endfacet
  facet normal -0.382633 -0.9239 -0
    outer loop
      vertex 5.45178 11.6914 34
      vertex 4.41206 12.122 0
      vertex 5.45178 11.6914 0
    endloop
  endfacet
  facet normal 0 -0.471401 -0.881919
    outer loop
      vertex -12.8276 1.30112 25.1412
      vertex -19.8039 1.88894 24.827
      vertex -12.7502 1.88894 24.827
    endloop
  endfacet
  facet normal 2.0517e-06 -0.471382 -0.881929
    outer loop
      vertex -12.8276 1.30112 25.1412
      vertex -19.8243 1.7344 24.9096
      vertex -19.8039 1.88894 24.827
    endloop
  endfacet
  facet normal 0 -0.471408 -0.881915
    outer loop
      vertex -19.8243 1.7344 24.9096
      vertex -12.8276 1.30112 25.1412
      vertex -19.8432 1.30112 25.1412
    endloop
  endfacet
  facet normal -0.000377911 -0.471421 -0.881908
    outer loop
      vertex 19.8432 1.30112 25.1412
      vertex 19.8039 1.88894 24.827
      vertex 19.8243 1.7344 24.9096
    endloop
  endfacet
  facet normal 0 -0.471401 -0.881919
    outer loop
      vertex 12.8276 1.30112 25.1412
      vertex 19.8039 1.88894 24.827
      vertex 19.8432 1.30112 25.1412
    endloop
  endfacet
  facet normal -0 -0.471401 -0.881919
    outer loop
      vertex 19.8039 1.88894 24.827
      vertex 12.8276 1.30112 25.1412
      vertex 12.7502 1.88894 24.827
    endloop
  endfacet
  facet normal 0 0.956938 0.290292
    outer loop
      vertex -12.5042 -3.14119 20.6989
      vertex -19.6136 -3.33467 21.3367
      vertex -12.4614 -3.33467 21.3367
    endloop
  endfacet
  facet normal 0 0.956938 0.290292
    outer loop
      vertex -19.6136 -3.33467 21.3367
      vertex -12.5042 -3.14119 20.6989
      vertex -19.6391 -3.14119 20.6989
    endloop
  endfacet
  facet normal -0 0.956938 0.290292
    outer loop
      vertex 12.5042 -3.14119 20.6989
      vertex 19.6136 -3.33467 21.3367
      vertex 19.6391 -3.14119 20.6989
    endloop
  endfacet
  facet normal 0 0.956938 0.290292
    outer loop
      vertex 19.6136 -3.33467 21.3367
      vertex 12.5042 -3.14119 20.6989
      vertex 12.4614 -3.33467 21.3367
    endloop
  endfacet
  facet normal 0 0.634187 0.77318
    outer loop
      vertex -12.704 -2.24006 19.4612
      vertex -19.7361 -2.40416 19.5958
      vertex -12.6676 -2.40416 19.5958
    endloop
  endfacet
  facet normal -1.0258e-05 0.634449 0.772964
    outer loop
      vertex -12.7502 -1.88894 19.173
      vertex -19.7361 -2.40416 19.5958
      vertex -12.704 -2.24006 19.4612
    endloop
  endfacet
  facet normal 0 0.634366 0.773033
    outer loop
      vertex -19.7361 -2.40416 19.5958
      vertex -12.7502 -1.88894 19.173
      vertex -19.8039 -1.88894 19.173
    endloop
  endfacet
  facet normal -0 0.634366 0.773033
    outer loop
      vertex 12.7502 -1.88894 19.173
      vertex 19.7361 -2.40416 19.5958
      vertex 19.8039 -1.88894 19.173
    endloop
  endfacet
  facet normal 1.0258e-05 0.634449 0.772964
    outer loop
      vertex 12.704 -2.24006 19.4612
      vertex 19.7361 -2.40416 19.5958
      vertex 12.7502 -1.88894 19.173
    endloop
  endfacet
  facet normal 0 0.634187 0.77318
    outer loop
      vertex 19.7361 -2.40416 19.5958
      vertex 12.704 -2.24006 19.4612
      vertex 12.6676 -2.40416 19.5958
    endloop
  endfacet
  facet normal 0 -0.773051 0.634343
    outer loop
      vertex -12.6676 2.40416 19.5958
      vertex -19.6804 2.827 20.1111
      vertex -19.7361 2.40416 19.5958
    endloop
  endfacet
  facet normal 0 -0.773051 0.634343
    outer loop
      vertex -19.6804 2.827 20.1111
      vertex -12.6676 2.40416 19.5958
      vertex -12.5739 2.827 20.1111
    endloop
  endfacet
  facet normal 0 -0.773051 0.634343
    outer loop
      vertex 12.6676 2.40416 19.5958
      vertex 19.6804 2.827 20.1111
      vertex 12.5739 2.827 20.1111
    endloop
  endfacet
  facet normal 0 -0.773051 0.634343
    outer loop
      vertex 19.6804 2.827 20.1111
      vertex 12.6676 2.40416 19.5958
      vertex 19.7361 2.40416 19.5958
    endloop
  endfacet
  facet normal 0 -0.0979727 0.995189
    outer loop
      vertex -19.871 0.663306 18.6653
      vertex -12.9 0 18.6
      vertex -12.871 0.663306 18.6653
    endloop
  endfacet
  facet normal 0 -0.0979727 0.995189
    outer loop
      vertex -12.9 0 18.6
      vertex -19.871 0.663306 18.6653
      vertex -19.9 0 18.6
    endloop
  endfacet
  facet normal 0 -0.0979727 0.995189
    outer loop
      vertex 19.871 0.663306 18.6653
      vertex 12.9 0 18.6
      vertex 19.9 0 18.6
    endloop
  endfacet
  facet normal 0 -0.0979727 0.995189
    outer loop
      vertex 12.9 0 18.6
      vertex 19.871 0.663306 18.6653
      vertex 12.871 0.663306 18.6653
    endloop
  endfacet
  facet normal 0 -0.956938 0.290292
    outer loop
      vertex -12.5042 3.14119 20.6989
      vertex -19.6136 3.33467 21.3367
      vertex -19.6391 3.14119 20.6989
    endloop
  endfacet
  facet normal 0 -0.956938 0.290292
    outer loop
      vertex -19.6136 3.33467 21.3367
      vertex -12.5042 3.14119 20.6989
      vertex -12.4614 3.33467 21.3367
    endloop
  endfacet
  facet normal 0 -0.956938 0.290292
    outer loop
      vertex 12.5042 3.14119 20.6989
      vertex 19.6136 3.33467 21.3367
      vertex 12.4614 3.33467 21.3367
    endloop
  endfacet
  facet normal 0 -0.956938 0.290292
    outer loop
      vertex 19.6136 3.33467 21.3367
      vertex 12.5042 3.14119 20.6989
      vertex 19.6391 3.14119 20.6989
    endloop
  endfacet
  facet normal 0 0.471401 -0.881919
    outer loop
      vertex -19.8039 -1.88894 24.827
      vertex -12.8276 -1.30112 25.1412
      vertex -12.7502 -1.88894 24.827
    endloop
  endfacet
  facet normal 2.0517e-06 0.471382 -0.881929
    outer loop
      vertex -19.8243 -1.7344 24.9096
      vertex -12.8276 -1.30112 25.1412
      vertex -19.8039 -1.88894 24.827
    endloop
  endfacet
  facet normal 0 0.471408 -0.881915
    outer loop
      vertex -12.8276 -1.30112 25.1412
      vertex -19.8243 -1.7344 24.9096
      vertex -19.8432 -1.30112 25.1412
    endloop
  endfacet
  facet normal -0.000377911 0.471421 -0.881908
    outer loop
      vertex 19.8039 -1.88894 24.827
      vertex 19.8432 -1.30112 25.1412
      vertex 19.8243 -1.7344 24.9096
    endloop
  endfacet
  facet normal 0 0.471401 -0.881919
    outer loop
      vertex 19.8039 -1.88894 24.827
      vertex 12.8276 -1.30112 25.1412
      vertex 19.8432 -1.30112 25.1412
    endloop
  endfacet
  facet normal 0 0.471401 -0.881919
    outer loop
      vertex 12.8276 -1.30112 25.1412
      vertex 19.8039 -1.88894 24.827
      vertex 12.7502 -1.88894 24.827
    endloop
  endfacet
  facet normal 0 -0.995185 0.0980138
    outer loop
      vertex -19.605 3.4 22
      vertex -12.4604 3.33877 21.3783
      vertex -12.4411 3.4 22
    endloop
  endfacet
  facet normal 3.7799e-07 -0.995185 0.0980181
    outer loop
      vertex -19.6136 3.33467 21.3367
      vertex -12.4604 3.33877 21.3783
      vertex -19.605 3.4 22
    endloop
  endfacet
  facet normal 0 -0.995178 0.0980825
    outer loop
      vertex -12.4604 3.33877 21.3783
      vertex -19.6136 3.33467 21.3367
      vertex -12.4614 3.33467 21.3367
    endloop
  endfacet
  facet normal 0 -0.995185 0.0980138
    outer loop
      vertex 12.4604 3.33877 21.3783
      vertex 19.605 3.4 22
      vertex 12.4411 3.4 22
    endloop
  endfacet
  facet normal 0 -0.995178 0.0980825
    outer loop
      vertex 19.6136 3.33467 21.3367
      vertex 12.4604 3.33877 21.3783
      vertex 12.4614 3.33467 21.3367
    endloop
  endfacet
  facet normal -3.7799e-07 -0.995185 0.0980181
    outer loop
      vertex 12.4604 3.33877 21.3783
      vertex 19.6136 3.33467 21.3367
      vertex 19.605 3.4 22
    endloop
  endfacet
  facet normal 0 -0.634187 0.77318
    outer loop
      vertex -19.7361 2.40416 19.5958
      vertex -12.704 2.24006 19.4612
      vertex -12.6676 2.40416 19.5958
    endloop
  endfacet
  facet normal -1.0258e-05 -0.634449 0.772964
    outer loop
      vertex -19.7361 2.40416 19.5958
      vertex -12.7502 1.88894 19.173
      vertex -12.704 2.24006 19.4612
    endloop
  endfacet
  facet normal 0 -0.634366 0.773033
    outer loop
      vertex -12.7502 1.88894 19.173
      vertex -19.7361 2.40416 19.5958
      vertex -19.8039 1.88894 19.173
    endloop
  endfacet
  facet normal 0 -0.634366 0.773033
    outer loop
      vertex 19.7361 2.40416 19.5958
      vertex 12.7502 1.88894 19.173
      vertex 19.8039 1.88894 19.173
    endloop
  endfacet
  facet normal 1.0258e-05 -0.634449 0.772964
    outer loop
      vertex 19.7361 2.40416 19.5958
      vertex 12.704 2.24006 19.4612
      vertex 12.7502 1.88894 19.173
    endloop
  endfacet
  facet normal 0 -0.634187 0.77318
    outer loop
      vertex 12.704 2.24006 19.4612
      vertex 19.7361 2.40416 19.5958
      vertex 12.6676 2.40416 19.5958
    endloop
  endfacet
  facet normal 0 -0.956938 -0.290292
    outer loop
      vertex -19.6136 3.33467 22.6633
      vertex -12.5042 3.14119 23.3011
      vertex -19.6391 3.14119 23.3011
    endloop
  endfacet
  facet normal 0 -0.956938 -0.290292
    outer loop
      vertex -12.5042 3.14119 23.3011
      vertex -19.6136 3.33467 22.6633
      vertex -12.4614 3.33467 22.6633
    endloop
  endfacet
  facet normal -0 -0.956938 -0.290292
    outer loop
      vertex 19.6136 3.33467 22.6633
      vertex 12.5042 3.14119 23.3011
      vertex 12.4614 3.33467 22.6633
    endloop
  endfacet
  facet normal 0 -0.956938 -0.290292
    outer loop
      vertex 12.5042 3.14119 23.3011
      vertex 19.6136 3.33467 22.6633
      vertex 19.6391 3.14119 23.3011
    endloop
  endfacet
  facet normal 0 0.773051 -0.634343
    outer loop
      vertex -19.6804 -2.827 23.8889
      vertex -12.6676 -2.40416 24.4042
      vertex -12.5739 -2.827 23.8889
    endloop
  endfacet
  facet normal 0 0.773051 -0.634343
    outer loop
      vertex -12.6676 -2.40416 24.4042
      vertex -19.6804 -2.827 23.8889
      vertex -19.7361 -2.40416 24.4042
    endloop
  endfacet
  facet normal 0 0.773051 -0.634343
    outer loop
      vertex 19.6804 -2.827 23.8889
      vertex 12.6676 -2.40416 24.4042
      vertex 19.7361 -2.40416 24.4042
    endloop
  endfacet
  facet normal 0 0.773051 -0.634343
    outer loop
      vertex 12.6676 -2.40416 24.4042
      vertex 19.6804 -2.827 23.8889
      vertex 12.5739 -2.827 23.8889
    endloop
  endfacet
  facet normal 0 -0.290113 0.956993
    outer loop
      vertex -19.8432 1.30112 18.8588
      vertex -12.8509 1.12431 18.8052
      vertex -12.8276 1.30112 18.8588
    endloop
  endfacet
  facet normal -7.68146e-06 -0.290391 0.956908
    outer loop
      vertex -19.8432 1.30112 18.8588
      vertex -12.871 0.663306 18.6653
      vertex -12.8509 1.12431 18.8052
    endloop
  endfacet
  facet normal 0 -0.290314 0.956931
    outer loop
      vertex -12.871 0.663306 18.6653
      vertex -19.8432 1.30112 18.8588
      vertex -19.871 0.663306 18.6653
    endloop
  endfacet
  facet normal 0 -0.290314 0.956931
    outer loop
      vertex 19.8432 1.30112 18.8588
      vertex 12.871 0.663306 18.6653
      vertex 19.871 0.663306 18.6653
    endloop
  endfacet
  facet normal 7.68146e-06 -0.290391 0.956908
    outer loop
      vertex 19.8432 1.30112 18.8588
      vertex 12.8509 1.12431 18.8052
      vertex 12.871 0.663306 18.6653
    endloop
  endfacet
  facet normal 0 -0.290113 0.956993
    outer loop
      vertex 12.8509 1.12431 18.8052
      vertex 19.8432 1.30112 18.8588
      vertex 12.8276 1.30112 18.8588
    endloop
  endfacet
  facet normal 0 -0.097829 -0.995203
    outer loop
      vertex -17.601 0.497488 25.351
      vertex -19.871 0.663306 25.3347
      vertex -17.4902 0.663306 25.3347
    endloop
  endfacet
  facet normal -1.39218e-05 -0.0980178 -0.995185
    outer loop
      vertex -17.7 0 25.4
      vertex -19.871 0.663306 25.3347
      vertex -17.601 0.497488 25.351
    endloop
  endfacet
  facet normal 0 -0.0979727 -0.995189
    outer loop
      vertex -19.871 0.663306 25.3347
      vertex -17.7 0 25.4
      vertex -19.9 0 25.4
    endloop
  endfacet
  facet normal 0 -0.0979727 -0.995189
    outer loop
      vertex -15.1 0 25.4
      vertex -12.871 0.663306 25.3347
      vertex -12.9 0 25.4
    endloop
  endfacet
  facet normal 1.35798e-05 -0.0980178 -0.995185
    outer loop
      vertex -15.199 0.497488 25.351
      vertex -12.871 0.663306 25.3347
      vertex -15.1 0 25.4
    endloop
  endfacet
  facet normal -0 -0.097829 -0.995203
    outer loop
      vertex -12.871 0.663306 25.3347
      vertex -15.199 0.497488 25.351
      vertex -15.3098 0.663306 25.3347
    endloop
  endfacet
  facet normal 0 -0.0979727 -0.995189
    outer loop
      vertex 12.871 0.663306 25.3347
      vertex 15.1 0 25.4
      vertex 12.9 0 25.4
    endloop
  endfacet
  facet normal -1.35798e-05 -0.0980178 -0.995185
    outer loop
      vertex 15.1 0 25.4
      vertex 12.871 0.663306 25.3347
      vertex 15.199 0.497488 25.351
    endloop
  endfacet
  facet normal 0 -0.097829 -0.995203
    outer loop
      vertex 15.199 0.497488 25.351
      vertex 12.871 0.663306 25.3347
      vertex 15.3098 0.663306 25.3347
    endloop
  endfacet
  facet normal 0 -0.0979727 -0.995189
    outer loop
      vertex 17.7 0 25.4
      vertex 19.871 0.663306 25.3347
      vertex 19.9 0 25.4
    endloop
  endfacet
  facet normal 1.39218e-05 -0.0980178 -0.995185
    outer loop
      vertex 17.601 0.497488 25.351
      vertex 19.871 0.663306 25.3347
      vertex 17.7 0 25.4
    endloop
  endfacet
  facet normal -0 -0.097829 -0.995203
    outer loop
      vertex 19.871 0.663306 25.3347
      vertex 17.601 0.497488 25.351
      vertex 17.4902 0.663306 25.3347
    endloop
  endfacet
  facet normal 0 0.471401 0.881919
    outer loop
      vertex -12.8276 -1.30112 18.8588
      vertex -19.8039 -1.88894 19.173
      vertex -12.7502 -1.88894 19.173
    endloop
  endfacet
  facet normal 2.0517e-06 0.471382 0.881929
    outer loop
      vertex -12.8276 -1.30112 18.8588
      vertex -19.8243 -1.7344 19.0904
      vertex -19.8039 -1.88894 19.173
    endloop
  endfacet
  facet normal 0 0.471408 0.881915
    outer loop
      vertex -19.8243 -1.7344 19.0904
      vertex -12.8276 -1.30112 18.8588
      vertex -19.8432 -1.30112 18.8588
    endloop
  endfacet
  facet normal -0.000377911 0.471421 0.881908
    outer loop
      vertex 19.8432 -1.30112 18.8588
      vertex 19.8039 -1.88894 19.173
      vertex 19.8243 -1.7344 19.0904
    endloop
  endfacet
  facet normal -0 0.471401 0.881919
    outer loop
      vertex 12.8276 -1.30112 18.8588
      vertex 19.8039 -1.88894 19.173
      vertex 19.8432 -1.30112 18.8588
    endloop
  endfacet
  facet normal 0 0.471401 0.881919
    outer loop
      vertex 19.8039 -1.88894 19.173
      vertex 12.8276 -1.30112 18.8588
      vertex 12.7502 -1.88894 19.173
    endloop
  endfacet
  facet normal 0 0.290391 -0.956908
    outer loop
      vertex -12.8509 -1.12431 25.1948
      vertex -15.3098 -0.663306 25.3347
      vertex -12.871 -0.663306 25.3347
    endloop
  endfacet
  facet normal -5.8466e-05 0.290105 -0.956995
    outer loop
      vertex -12.8276 -1.30112 25.1412
      vertex -15.3098 -0.663306 25.3347
      vertex -12.8509 -1.12431 25.1948
    endloop
  endfacet
  facet normal 4.53871e-05 0.290476 -0.956882
    outer loop
      vertex -12.8276 -1.30112 25.1412
      vertex -15.4808 -0.919238 25.257
      vertex -15.3098 -0.663306 25.3347
    endloop
  endfacet
  facet normal 1.92072e-05 0.290309 -0.956933
    outer loop
      vertex -12.8276 -1.30112 25.1412
      vertex -15.9025 -1.20104 25.1715
      vertex -15.4808 -0.919238 25.257
    endloop
  endfacet
  facet normal 1.05733e-05 0.290066 -0.957007
    outer loop
      vertex -12.8276 -1.30112 25.1412
      vertex -16.4 -1.3 25.1415
      vertex -15.9025 -1.20104 25.1715
    endloop
  endfacet
  facet normal 0 0.258736 -0.965948
    outer loop
      vertex -19.8432 -1.30112 25.1412
      vertex -16.4 -1.3 25.1415
      vertex -12.8276 -1.30112 25.1412
    endloop
  endfacet
  facet normal -1.09694e-05 0.290064 -0.957007
    outer loop
      vertex -19.8432 -1.30112 25.1412
      vertex -16.8975 -1.20104 25.1715
      vertex -16.4 -1.3 25.1415
    endloop
  endfacet
  facet normal -2.00089e-05 0.290308 -0.956933
    outer loop
      vertex -19.8432 -1.30112 25.1412
      vertex -17.3192 -0.919238 25.257
      vertex -16.8975 -1.20104 25.1715
    endloop
  endfacet
  facet normal -4.74972e-05 0.290474 -0.956883
    outer loop
      vertex -19.8432 -1.30112 25.1412
      vertex -17.4902 -0.663306 25.3347
      vertex -17.3192 -0.919238 25.257
    endloop
  endfacet
  facet normal 0 0.290314 -0.956931
    outer loop
      vertex -17.4902 -0.663306 25.3347
      vertex -19.8432 -1.30112 25.1412
      vertex -19.871 -0.663306 25.3347
    endloop
  endfacet
  facet normal 0 0.290314 -0.956931
    outer loop
      vertex 19.8432 -1.30112 25.1412
      vertex 17.4902 -0.663306 25.3347
      vertex 19.871 -0.663306 25.3347
    endloop
  endfacet
  facet normal 4.74972e-05 0.290474 -0.956883
    outer loop
      vertex 19.8432 -1.30112 25.1412
      vertex 17.3192 -0.919238 25.257
      vertex 17.4902 -0.663306 25.3347
    endloop
  endfacet
  facet normal 2.00089e-05 0.290308 -0.956933
    outer loop
      vertex 19.8432 -1.30112 25.1412
      vertex 16.8975 -1.20104 25.1715
      vertex 17.3192 -0.919238 25.257
    endloop
  endfacet
  facet normal 1.09694e-05 0.290064 -0.957007
    outer loop
      vertex 19.8432 -1.30112 25.1412
      vertex 16.4 -1.3 25.1415
      vertex 16.8975 -1.20104 25.1715
    endloop
  endfacet
  facet normal -4.53871e-05 0.290476 -0.956882
    outer loop
      vertex 12.8276 -1.30112 25.1412
      vertex 15.3098 -0.663306 25.3347
      vertex 15.4808 -0.919238 25.257
    endloop
  endfacet
  facet normal -1.92072e-05 0.290309 -0.956933
    outer loop
      vertex 12.8276 -1.30112 25.1412
      vertex 15.4808 -0.919238 25.257
      vertex 15.9025 -1.20104 25.1715
    endloop
  endfacet
  facet normal -1.05733e-05 0.290066 -0.957007
    outer loop
      vertex 12.8276 -1.30112 25.1412
      vertex 15.9025 -1.20104 25.1715
      vertex 16.4 -1.3 25.1415
    endloop
  endfacet
  facet normal 0 0.290391 -0.956908
    outer loop
      vertex 15.3098 -0.663306 25.3347
      vertex 12.8509 -1.12431 25.1948
      vertex 12.871 -0.663306 25.3347
    endloop
  endfacet
  facet normal 5.8466e-05 0.290105 -0.956995
    outer loop
      vertex 15.3098 -0.663306 25.3347
      vertex 12.8276 -1.30112 25.1412
      vertex 12.8509 -1.12431 25.1948
    endloop
  endfacet
  facet normal 0 0.258736 -0.965948
    outer loop
      vertex 12.8276 -1.30112 25.1412
      vertex 16.4 -1.3 25.1415
      vertex 19.8432 -1.30112 25.1412
    endloop
  endfacet
  facet normal 0 0.881919 -0.471402
    outer loop
      vertex -19.6391 -3.14119 23.3011
      vertex -12.5739 -2.827 23.8889
      vertex -12.5042 -3.14119 23.3011
    endloop
  endfacet
  facet normal 0 0.881919 -0.471402
    outer loop
      vertex -12.5739 -2.827 23.8889
      vertex -19.6391 -3.14119 23.3011
      vertex -19.6804 -2.827 23.8889
    endloop
  endfacet
  facet normal 0 0.881919 -0.471402
    outer loop
      vertex 19.6391 -3.14119 23.3011
      vertex 12.5739 -2.827 23.8889
      vertex 19.6804 -2.827 23.8889
    endloop
  endfacet
  facet normal 0 0.881919 -0.471402
    outer loop
      vertex 12.5739 -2.827 23.8889
      vertex 19.6391 -3.14119 23.3011
      vertex 12.5042 -3.14119 23.3011
    endloop
  endfacet
  facet normal 0 0.881919 0.471402
    outer loop
      vertex -12.5739 -2.827 20.1111
      vertex -19.6391 -3.14119 20.6989
      vertex -12.5042 -3.14119 20.6989
    endloop
  endfacet
  facet normal 0 0.881919 0.471402
    outer loop
      vertex -19.6391 -3.14119 20.6989
      vertex -12.5739 -2.827 20.1111
      vertex -19.6804 -2.827 20.1111
    endloop
  endfacet
  facet normal -0 0.881919 0.471402
    outer loop
      vertex 12.5739 -2.827 20.1111
      vertex 19.6391 -3.14119 20.6989
      vertex 19.6804 -2.827 20.1111
    endloop
  endfacet
  facet normal 0 0.881919 0.471402
    outer loop
      vertex 19.6391 -3.14119 20.6989
      vertex 12.5739 -2.827 20.1111
      vertex 12.5042 -3.14119 20.6989
    endloop
  endfacet
  facet normal 0 -0.881919 0.471402
    outer loop
      vertex -12.5739 2.827 20.1111
      vertex -19.6391 3.14119 20.6989
      vertex -19.6804 2.827 20.1111
    endloop
  endfacet
  facet normal 0 -0.881919 0.471402
    outer loop
      vertex -19.6391 3.14119 20.6989
      vertex -12.5739 2.827 20.1111
      vertex -12.5042 3.14119 20.6989
    endloop
  endfacet
  facet normal 0 -0.881919 0.471402
    outer loop
      vertex 12.5739 2.827 20.1111
      vertex 19.6391 3.14119 20.6989
      vertex 12.5042 3.14119 20.6989
    endloop
  endfacet
  facet normal 0 -0.881919 0.471402
    outer loop
      vertex 19.6391 3.14119 20.6989
      vertex 12.5739 2.827 20.1111
      vertex 19.6804 2.827 20.1111
    endloop
  endfacet
  facet normal 0 -0.773051 -0.634343
    outer loop
      vertex -19.6804 2.827 23.8889
      vertex -12.6676 2.40416 24.4042
      vertex -19.7361 2.40416 24.4042
    endloop
  endfacet
  facet normal 0 -0.773051 -0.634343
    outer loop
      vertex -12.6676 2.40416 24.4042
      vertex -19.6804 2.827 23.8889
      vertex -12.5739 2.827 23.8889
    endloop
  endfacet
  facet normal -0 -0.773051 -0.634343
    outer loop
      vertex 19.6804 2.827 23.8889
      vertex 12.6676 2.40416 24.4042
      vertex 12.5739 2.827 23.8889
    endloop
  endfacet
  facet normal 0 -0.773051 -0.634343
    outer loop
      vertex 12.6676 2.40416 24.4042
      vertex 19.6804 2.827 23.8889
      vertex 19.7361 2.40416 24.4042
    endloop
  endfacet
  facet normal 0 -0.881919 -0.471402
    outer loop
      vertex -19.6391 3.14119 23.3011
      vertex -12.5739 2.827 23.8889
      vertex -19.6804 2.827 23.8889
    endloop
  endfacet
  facet normal 0 -0.881919 -0.471402
    outer loop
      vertex -12.5739 2.827 23.8889
      vertex -19.6391 3.14119 23.3011
      vertex -12.5042 3.14119 23.3011
    endloop
  endfacet
  facet normal -0 -0.881919 -0.471402
    outer loop
      vertex 19.6391 3.14119 23.3011
      vertex 12.5739 2.827 23.8889
      vertex 12.5042 3.14119 23.3011
    endloop
  endfacet
  facet normal 0 -0.881919 -0.471402
    outer loop
      vertex 12.5739 2.827 23.8889
      vertex 19.6391 3.14119 23.3011
      vertex 19.6804 2.827 23.8889
    endloop
  endfacet
  facet normal 0 0.995185 0.0980138
    outer loop
      vertex -12.4604 -3.33877 21.3783
      vertex -19.605 -3.4 22
      vertex -12.4411 -3.4 22
    endloop
  endfacet
  facet normal -0 0.995178 0.0980825
    outer loop
      vertex -19.6136 -3.33467 21.3367
      vertex -12.4604 -3.33877 21.3783
      vertex -12.4614 -3.33467 21.3367
    endloop
  endfacet
  facet normal 3.7799e-07 0.995185 0.0980181
    outer loop
      vertex -12.4604 -3.33877 21.3783
      vertex -19.6136 -3.33467 21.3367
      vertex -19.605 -3.4 22
    endloop
  endfacet
  facet normal 0 0.995185 0.0980138
    outer loop
      vertex 19.605 -3.4 22
      vertex 12.4604 -3.33877 21.3783
      vertex 12.4411 -3.4 22
    endloop
  endfacet
  facet normal -3.7799e-07 0.995185 0.0980181
    outer loop
      vertex 19.6136 -3.33467 21.3367
      vertex 12.4604 -3.33877 21.3783
      vertex 19.605 -3.4 22
    endloop
  endfacet
  facet normal 0 0.995178 0.0980825
    outer loop
      vertex 12.4604 -3.33877 21.3783
      vertex 19.6136 -3.33467 21.3367
      vertex 12.4614 -3.33467 21.3367
    endloop
  endfacet
  facet normal 0 -0.290391 -0.956908
    outer loop
      vertex -15.3098 0.663306 25.3347
      vertex -12.8509 1.12431 25.1948
      vertex -12.871 0.663306 25.3347
    endloop
  endfacet
  facet normal -5.8466e-05 -0.290105 -0.956995
    outer loop
      vertex -15.3098 0.663306 25.3347
      vertex -12.8276 1.30112 25.1412
      vertex -12.8509 1.12431 25.1948
    endloop
  endfacet
  facet normal 4.53871e-05 -0.290476 -0.956882
    outer loop
      vertex -15.4808 0.919238 25.257
      vertex -12.8276 1.30112 25.1412
      vertex -15.3098 0.663306 25.3347
    endloop
  endfacet
  facet normal 1.92072e-05 -0.290309 -0.956933
    outer loop
      vertex -15.9025 1.20104 25.1715
      vertex -12.8276 1.30112 25.1412
      vertex -15.4808 0.919238 25.257
    endloop
  endfacet
  facet normal 1.05733e-05 -0.290066 -0.957007
    outer loop
      vertex -16.4 1.3 25.1415
      vertex -12.8276 1.30112 25.1412
      vertex -15.9025 1.20104 25.1715
    endloop
  endfacet
  facet normal 0 -0.258736 -0.965948
    outer loop
      vertex -16.4 1.3 25.1415
      vertex -19.8432 1.30112 25.1412
      vertex -12.8276 1.30112 25.1412
    endloop
  endfacet
  facet normal -1.09694e-05 -0.290064 -0.957007
    outer loop
      vertex -16.8975 1.20104 25.1715
      vertex -19.8432 1.30112 25.1412
      vertex -16.4 1.3 25.1415
    endloop
  endfacet
  facet normal -2.00089e-05 -0.290308 -0.956933
    outer loop
      vertex -17.3192 0.919238 25.257
      vertex -19.8432 1.30112 25.1412
      vertex -16.8975 1.20104 25.1715
    endloop
  endfacet
  facet normal -4.74972e-05 -0.290474 -0.956883
    outer loop
      vertex -17.4902 0.663306 25.3347
      vertex -19.8432 1.30112 25.1412
      vertex -17.3192 0.919238 25.257
    endloop
  endfacet
  facet normal 0 -0.290314 -0.956931
    outer loop
      vertex -19.8432 1.30112 25.1412
      vertex -17.4902 0.663306 25.3347
      vertex -19.871 0.663306 25.3347
    endloop
  endfacet
  facet normal 0 -0.290314 -0.956931
    outer loop
      vertex 17.4902 0.663306 25.3347
      vertex 19.8432 1.30112 25.1412
      vertex 19.871 0.663306 25.3347
    endloop
  endfacet
  facet normal 4.74972e-05 -0.290474 -0.956883
    outer loop
      vertex 17.3192 0.919238 25.257
      vertex 19.8432 1.30112 25.1412
      vertex 17.4902 0.663306 25.3347
    endloop
  endfacet
  facet normal 2.00089e-05 -0.290308 -0.956933
    outer loop
      vertex 16.8975 1.20104 25.1715
      vertex 19.8432 1.30112 25.1412
      vertex 17.3192 0.919238 25.257
    endloop
  endfacet
  facet normal 1.09694e-05 -0.290064 -0.957007
    outer loop
      vertex 16.4 1.3 25.1415
      vertex 19.8432 1.30112 25.1412
      vertex 16.8975 1.20104 25.1715
    endloop
  endfacet
  facet normal 0 -0.290391 -0.956908
    outer loop
      vertex 12.8509 1.12431 25.1948
      vertex 15.3098 0.663306 25.3347
      vertex 12.871 0.663306 25.3347
    endloop
  endfacet
  facet normal 5.8466e-05 -0.290105 -0.956995
    outer loop
      vertex 12.8276 1.30112 25.1412
      vertex 15.3098 0.663306 25.3347
      vertex 12.8509 1.12431 25.1948
    endloop
  endfacet
  facet normal -4.53871e-05 -0.290476 -0.956882
    outer loop
      vertex 15.3098 0.663306 25.3347
      vertex 12.8276 1.30112 25.1412
      vertex 15.4808 0.919238 25.257
    endloop
  endfacet
  facet normal -1.92072e-05 -0.290309 -0.956933
    outer loop
      vertex 15.4808 0.919238 25.257
      vertex 12.8276 1.30112 25.1412
      vertex 15.9025 1.20104 25.1715
    endloop
  endfacet
  facet normal 0 -0.258736 -0.965948
    outer loop
      vertex 16.4 1.3 25.1415
      vertex 12.8276 1.30112 25.1412
      vertex 19.8432 1.30112 25.1412
    endloop
  endfacet
  facet normal -1.05733e-05 -0.290066 -0.957007
    outer loop
      vertex 15.9025 1.20104 25.1715
      vertex 12.8276 1.30112 25.1412
      vertex 16.4 1.3 25.1415
    endloop
  endfacet
  facet normal 0 0.290113 0.956993
    outer loop
      vertex -12.8509 -1.12431 18.8052
      vertex -19.8432 -1.30112 18.8588
      vertex -12.8276 -1.30112 18.8588
    endloop
  endfacet
  facet normal -7.68146e-06 0.290391 0.956908
    outer loop
      vertex -12.871 -0.663306 18.6653
      vertex -19.8432 -1.30112 18.8588
      vertex -12.8509 -1.12431 18.8052
    endloop
  endfacet
  facet normal 0 0.290314 0.956931
    outer loop
      vertex -19.8432 -1.30112 18.8588
      vertex -12.871 -0.663306 18.6653
      vertex -19.871 -0.663306 18.6653
    endloop
  endfacet
  facet normal -0 0.290314 0.956931
    outer loop
      vertex 12.871 -0.663306 18.6653
      vertex 19.8432 -1.30112 18.8588
      vertex 19.871 -0.663306 18.6653
    endloop
  endfacet
  facet normal 7.68146e-06 0.290391 0.956908
    outer loop
      vertex 12.8509 -1.12431 18.8052
      vertex 19.8432 -1.30112 18.8588
      vertex 12.871 -0.663306 18.6653
    endloop
  endfacet
  facet normal 0 0.290113 0.956993
    outer loop
      vertex 19.8432 -1.30112 18.8588
      vertex 12.8509 -1.12431 18.8052
      vertex 12.8276 -1.30112 18.8588
    endloop
  endfacet
  facet normal 0 -0.471401 0.881919
    outer loop
      vertex -19.8039 1.88894 19.173
      vertex -12.8276 1.30112 18.8588
      vertex -12.7502 1.88894 19.173
    endloop
  endfacet
  facet normal 2.0517e-06 -0.471382 0.881929
    outer loop
      vertex -19.8243 1.7344 19.0904
      vertex -12.8276 1.30112 18.8588
      vertex -19.8039 1.88894 19.173
    endloop
  endfacet
  facet normal 0 -0.471408 0.881915
    outer loop
      vertex -12.8276 1.30112 18.8588
      vertex -19.8243 1.7344 19.0904
      vertex -19.8432 1.30112 18.8588
    endloop
  endfacet
  facet normal -0.000377911 -0.471421 0.881908
    outer loop
      vertex 19.8039 1.88894 19.173
      vertex 19.8432 1.30112 18.8588
      vertex 19.8243 1.7344 19.0904
    endloop
  endfacet
  facet normal 0 -0.471401 0.881919
    outer loop
      vertex 19.8039 1.88894 19.173
      vertex 12.8276 1.30112 18.8588
      vertex 19.8432 1.30112 18.8588
    endloop
  endfacet
  facet normal 0 -0.471401 0.881919
    outer loop
      vertex 12.8276 1.30112 18.8588
      vertex 19.8039 1.88894 19.173
      vertex 12.7502 1.88894 19.173
    endloop
  endfacet
  facet normal 0 -0.995178 -0.0980825
    outer loop
      vertex -19.6136 3.33467 22.6633
      vertex -12.4604 3.33877 22.6217
      vertex -12.4614 3.33467 22.6633
    endloop
  endfacet
  facet normal 3.7799e-07 -0.995185 -0.0980181
    outer loop
      vertex -19.605 3.4 22
      vertex -12.4604 3.33877 22.6217
      vertex -19.6136 3.33467 22.6633
    endloop
  endfacet
  facet normal 0 -0.995185 -0.0980138
    outer loop
      vertex -12.4604 3.33877 22.6217
      vertex -19.605 3.4 22
      vertex -12.4411 3.4 22
    endloop
  endfacet
  facet normal 0 -0.995178 -0.0980825
    outer loop
      vertex 12.4604 3.33877 22.6217
      vertex 19.6136 3.33467 22.6633
      vertex 12.4614 3.33467 22.6633
    endloop
  endfacet
  facet normal -0 -0.995185 -0.0980138
    outer loop
      vertex 19.605 3.4 22
      vertex 12.4604 3.33877 22.6217
      vertex 12.4411 3.4 22
    endloop
  endfacet
  facet normal -3.7799e-07 -0.995185 -0.0980181
    outer loop
      vertex 12.4604 3.33877 22.6217
      vertex 19.605 3.4 22
      vertex 19.6136 3.33467 22.6633
    endloop
  endfacet
  facet normal 0 -0.634187 -0.77318
    outer loop
      vertex -12.704 2.24006 24.5388
      vertex -19.7361 2.40416 24.4042
      vertex -12.6676 2.40416 24.4042
    endloop
  endfacet
  facet normal -1.0258e-05 -0.634449 -0.772964
    outer loop
      vertex -12.7502 1.88894 24.827
      vertex -19.7361 2.40416 24.4042
      vertex -12.704 2.24006 24.5388
    endloop
  endfacet
  facet normal 0 -0.634366 -0.773033
    outer loop
      vertex -19.7361 2.40416 24.4042
      vertex -12.7502 1.88894 24.827
      vertex -19.8039 1.88894 24.827
    endloop
  endfacet
  facet normal 0 -0.634366 -0.773033
    outer loop
      vertex 12.7502 1.88894 24.827
      vertex 19.7361 2.40416 24.4042
      vertex 19.8039 1.88894 24.827
    endloop
  endfacet
  facet normal 1.0258e-05 -0.634449 -0.772964
    outer loop
      vertex 12.704 2.24006 24.5388
      vertex 19.7361 2.40416 24.4042
      vertex 12.7502 1.88894 24.827
    endloop
  endfacet
  facet normal -0 -0.634187 -0.77318
    outer loop
      vertex 19.7361 2.40416 24.4042
      vertex 12.704 2.24006 24.5388
      vertex 12.6676 2.40416 24.4042
    endloop
  endfacet
  facet normal 0 0.0979727 0.995189
    outer loop
      vertex -12.9 0 18.6
      vertex -19.871 -0.663306 18.6653
      vertex -12.871 -0.663306 18.6653
    endloop
  endfacet
  facet normal 0 0.0979727 0.995189
    outer loop
      vertex -19.871 -0.663306 18.6653
      vertex -12.9 0 18.6
      vertex -19.9 0 18.6
    endloop
  endfacet
  facet normal -0 0.0979727 0.995189
    outer loop
      vertex 12.9 0 18.6
      vertex 19.871 -0.663306 18.6653
      vertex 19.9 0 18.6
    endloop
  endfacet
  facet normal 0 0.0979727 0.995189
    outer loop
      vertex 19.871 -0.663306 18.6653
      vertex 12.9 0 18.6
      vertex 12.871 -0.663306 18.6653
    endloop
  endfacet
  facet normal 0 0.634187 -0.77318
    outer loop
      vertex -19.7361 -2.40416 24.4042
      vertex -12.704 -2.24006 24.5388
      vertex -12.6676 -2.40416 24.4042
    endloop
  endfacet
  facet normal -1.0258e-05 0.634449 -0.772964
    outer loop
      vertex -19.7361 -2.40416 24.4042
      vertex -12.7502 -1.88894 24.827
      vertex -12.704 -2.24006 24.5388
    endloop
  endfacet
  facet normal 0 0.634366 -0.773033
    outer loop
      vertex -12.7502 -1.88894 24.827
      vertex -19.7361 -2.40416 24.4042
      vertex -19.8039 -1.88894 24.827
    endloop
  endfacet
  facet normal 0 0.634366 -0.773033
    outer loop
      vertex 19.7361 -2.40416 24.4042
      vertex 12.7502 -1.88894 24.827
      vertex 19.8039 -1.88894 24.827
    endloop
  endfacet
  facet normal 1.0258e-05 0.634449 -0.772964
    outer loop
      vertex 19.7361 -2.40416 24.4042
      vertex 12.704 -2.24006 24.5388
      vertex 12.7502 -1.88894 24.827
    endloop
  endfacet
  facet normal 0 0.634187 -0.77318
    outer loop
      vertex 12.704 -2.24006 24.5388
      vertex 19.7361 -2.40416 24.4042
      vertex 12.6676 -2.40416 24.4042
    endloop
  endfacet
  facet normal 0 0.773051 0.634343
    outer loop
      vertex -12.6676 -2.40416 19.5958
      vertex -19.6804 -2.827 20.1111
      vertex -12.5739 -2.827 20.1111
    endloop
  endfacet
  facet normal 0 0.773051 0.634343
    outer loop
      vertex -19.6804 -2.827 20.1111
      vertex -12.6676 -2.40416 19.5958
      vertex -19.7361 -2.40416 19.5958
    endloop
  endfacet
  facet normal -0 0.773051 0.634343
    outer loop
      vertex 12.6676 -2.40416 19.5958
      vertex 19.6804 -2.827 20.1111
      vertex 19.7361 -2.40416 19.5958
    endloop
  endfacet
  facet normal 0 0.773051 0.634343
    outer loop
      vertex 19.6804 -2.827 20.1111
      vertex 12.6676 -2.40416 19.5958
      vertex 12.5739 -2.827 20.1111
    endloop
  endfacet
  facet normal 0 0.956938 -0.290292
    outer loop
      vertex -19.6136 -3.33467 22.6633
      vertex -12.5042 -3.14119 23.3011
      vertex -12.4614 -3.33467 22.6633
    endloop
  endfacet
  facet normal 0 0.956938 -0.290292
    outer loop
      vertex -12.5042 -3.14119 23.3011
      vertex -19.6136 -3.33467 22.6633
      vertex -19.6391 -3.14119 23.3011
    endloop
  endfacet
  facet normal 0 0.956938 -0.290292
    outer loop
      vertex 19.6136 -3.33467 22.6633
      vertex 12.5042 -3.14119 23.3011
      vertex 19.6391 -3.14119 23.3011
    endloop
  endfacet
  facet normal 0 0.956938 -0.290292
    outer loop
      vertex 12.5042 -3.14119 23.3011
      vertex 19.6136 -3.33467 22.6633
      vertex 12.4614 -3.33467 22.6633
    endloop
  endfacet
  facet normal 0 0.097829 -0.995203
    outer loop
      vertex -19.871 -0.663306 25.3347
      vertex -17.601 -0.497488 25.351
      vertex -17.4902 -0.663306 25.3347
    endloop
  endfacet
  facet normal -1.39218e-05 0.0980178 -0.995185
    outer loop
      vertex -19.871 -0.663306 25.3347
      vertex -17.7 0 25.4
      vertex -17.601 -0.497488 25.351
    endloop
  endfacet
  facet normal 0 0.0979727 -0.995189
    outer loop
      vertex -17.7 0 25.4
      vertex -19.871 -0.663306 25.3347
      vertex -19.9 0 25.4
    endloop
  endfacet
  facet normal 0 0.0979727 -0.995189
    outer loop
      vertex -12.871 -0.663306 25.3347
      vertex -15.1 0 25.4
      vertex -12.9 0 25.4
    endloop
  endfacet
  facet normal 1.35798e-05 0.0980178 -0.995185
    outer loop
      vertex -12.871 -0.663306 25.3347
      vertex -15.199 -0.497488 25.351
      vertex -15.1 0 25.4
    endloop
  endfacet
  facet normal 0 0.097829 -0.995203
    outer loop
      vertex -15.199 -0.497488 25.351
      vertex -12.871 -0.663306 25.3347
      vertex -15.3098 -0.663306 25.3347
    endloop
  endfacet
  facet normal -1.35798e-05 0.0980178 -0.995185
    outer loop
      vertex 12.871 -0.663306 25.3347
      vertex 15.1 0 25.4
      vertex 15.199 -0.497488 25.351
    endloop
  endfacet
  facet normal 0 0.097829 -0.995203
    outer loop
      vertex 12.871 -0.663306 25.3347
      vertex 15.199 -0.497488 25.351
      vertex 15.3098 -0.663306 25.3347
    endloop
  endfacet
  facet normal 0 0.0979727 -0.995189
    outer loop
      vertex 15.1 0 25.4
      vertex 12.871 -0.663306 25.3347
      vertex 12.9 0 25.4
    endloop
  endfacet
  facet normal 0 0.0979727 -0.995189
    outer loop
      vertex 19.871 -0.663306 25.3347
      vertex 17.7 0 25.4
      vertex 19.9 0 25.4
    endloop
  endfacet
  facet normal 1.39218e-05 0.0980178 -0.995185
    outer loop
      vertex 19.871 -0.663306 25.3347
      vertex 17.601 -0.497488 25.351
      vertex 17.7 0 25.4
    endloop
  endfacet
  facet normal 0 0.097829 -0.995203
    outer loop
      vertex 17.601 -0.497488 25.351
      vertex 19.871 -0.663306 25.3347
      vertex 17.4902 -0.663306 25.3347
    endloop
  endfacet
  facet normal 0 0.995178 -0.0980825
    outer loop
      vertex -12.4604 -3.33877 22.6217
      vertex -19.6136 -3.33467 22.6633
      vertex -12.4614 -3.33467 22.6633
    endloop
  endfacet
  facet normal 0 0.995185 -0.0980138
    outer loop
      vertex -19.605 -3.4 22
      vertex -12.4604 -3.33877 22.6217
      vertex -12.4411 -3.4 22
    endloop
  endfacet
  facet normal 3.7799e-07 0.995185 -0.0980181
    outer loop
      vertex -12.4604 -3.33877 22.6217
      vertex -19.605 -3.4 22
      vertex -19.6136 -3.33467 22.6633
    endloop
  endfacet
  facet normal 0 0.995178 -0.0980825
    outer loop
      vertex 19.6136 -3.33467 22.6633
      vertex 12.4604 -3.33877 22.6217
      vertex 12.4614 -3.33467 22.6633
    endloop
  endfacet
  facet normal -3.7799e-07 0.995185 -0.0980181
    outer loop
      vertex 19.605 -3.4 22
      vertex 12.4604 -3.33877 22.6217
      vertex 19.6136 -3.33467 22.6633
    endloop
  endfacet
  facet normal 0 0.995185 -0.0980138
    outer loop
      vertex 12.4604 -3.33877 22.6217
      vertex 19.605 -3.4 22
      vertex 12.4411 -3.4 22
    endloop
  endfacet
  facet normal -0.956938 0 -0.290292
    outer loop
      vertex 3.33467 -19.6136 12.6633
      vertex 3.14119 -12.5042 13.3011
      vertex 3.33467 -12.4614 12.6633
    endloop
  endfacet
  facet normal -0.956938 -0 -0.290292
    outer loop
      vertex 3.14119 -12.5042 13.3011
      vertex 3.33467 -19.6136 12.6633
      vertex 3.14119 -19.6391 13.3011
    endloop
  endfacet
  facet normal -0.956938 0 -0.290292
    outer loop
      vertex 3.33467 19.6136 12.6633
      vertex 3.14119 12.5042 13.3011
      vertex 3.14119 19.6391 13.3011
    endloop
  endfacet
  facet normal -0.956938 0 -0.290292
    outer loop
      vertex 3.14119 12.5042 13.3011
      vertex 3.33467 19.6136 12.6633
      vertex 3.33467 12.4614 12.6633
    endloop
  endfacet
  facet normal -0.995185 0 -0.0980138
    outer loop
      vertex 3.4 -19.605 12
      vertex 3.33877 -12.4604 12.6217
      vertex 3.4 -12.4411 12
    endloop
  endfacet
  facet normal -0.995185 3.7799e-07 -0.0980181
    outer loop
      vertex 3.33467 -19.6136 12.6633
      vertex 3.33877 -12.4604 12.6217
      vertex 3.4 -19.605 12
    endloop
  endfacet
  facet normal -0.995178 0 -0.0980825
    outer loop
      vertex 3.33877 -12.4604 12.6217
      vertex 3.33467 -19.6136 12.6633
      vertex 3.33467 -12.4614 12.6633
    endloop
  endfacet
  facet normal -0.995185 -3.7799e-07 -0.0980181
    outer loop
      vertex 3.33877 12.4604 12.6217
      vertex 3.33467 19.6136 12.6633
      vertex 3.4 19.605 12
    endloop
  endfacet
  facet normal -0.995178 -0 -0.0980825
    outer loop
      vertex 3.33467 19.6136 12.6633
      vertex 3.33877 12.4604 12.6217
      vertex 3.33467 12.4614 12.6633
    endloop
  endfacet
  facet normal -0.995185 0 -0.0980138
    outer loop
      vertex 3.33877 12.4604 12.6217
      vertex 3.4 19.605 12
      vertex 3.4 12.4411 12
    endloop
  endfacet
  facet normal -0.773051 0 -0.634343
    outer loop
      vertex 2.827 -19.6804 13.8889
      vertex 2.40416 -12.6676 14.4042
      vertex 2.827 -12.5739 13.8889
    endloop
  endfacet
  facet normal -0.773051 -0 -0.634343
    outer loop
      vertex 2.40416 -12.6676 14.4042
      vertex 2.827 -19.6804 13.8889
      vertex 2.40416 -19.7361 14.4042
    endloop
  endfacet
  facet normal -0.773051 0 -0.634343
    outer loop
      vertex 2.827 19.6804 13.8889
      vertex 2.40416 12.6676 14.4042
      vertex 2.40416 19.7361 14.4042
    endloop
  endfacet
  facet normal -0.773051 0 -0.634343
    outer loop
      vertex 2.40416 12.6676 14.4042
      vertex 2.827 19.6804 13.8889
      vertex 2.827 12.5739 13.8889
    endloop
  endfacet
  facet normal 0.773027 -0 0.634373
    outer loop
      vertex -2.827 -19.6804 10.1111
      vertex -2.40416 -12.6676 9.59584
      vertex -2.827 -12.5739 10.1111
    endloop
  endfacet
  facet normal 0.773027 0 0.634373
    outer loop
      vertex -2.40416 -12.6676 9.59584
      vertex -2.827 -19.6804 10.1111
      vertex -2.40416 -19.7361 9.59584
    endloop
  endfacet
  facet normal 0.773027 0 0.634373
    outer loop
      vertex -2.827 19.6804 10.1111
      vertex -2.40416 12.6676 9.59584
      vertex -2.40416 19.7361 9.59584
    endloop
  endfacet
  facet normal 0.773027 0 0.634373
    outer loop
      vertex -2.40416 12.6676 9.59584
      vertex -2.827 19.6804 10.1111
      vertex -2.827 12.5739 10.1111
    endloop
  endfacet
  facet normal 0.634366 0 -0.773033
    outer loop
      vertex -2.40416 -19.7361 14.4042
      vertex -1.88894 -12.7502 14.827
      vertex -1.88894 -19.8039 14.827
    endloop
  endfacet
  facet normal 0.634449 -1.0258e-05 -0.772964
    outer loop
      vertex -1.88894 -12.7502 14.827
      vertex -2.40416 -19.7361 14.4042
      vertex -2.24006 -12.704 14.5388
    endloop
  endfacet
  facet normal 0.634187 0 -0.77318
    outer loop
      vertex -2.24006 -12.704 14.5388
      vertex -2.40416 -19.7361 14.4042
      vertex -2.40416 -12.6676 14.4042
    endloop
  endfacet
  facet normal 0.634449 1.0258e-05 -0.772964
    outer loop
      vertex -2.40416 19.7361 14.4042
      vertex -1.88894 12.7502 14.827
      vertex -2.24006 12.704 14.5388
    endloop
  endfacet
  facet normal 0.634187 0 -0.77318
    outer loop
      vertex -2.40416 19.7361 14.4042
      vertex -2.24006 12.704 14.5388
      vertex -2.40416 12.6676 14.4042
    endloop
  endfacet
  facet normal 0.634366 0 -0.773033
    outer loop
      vertex -1.88894 12.7502 14.827
      vertex -2.40416 19.7361 14.4042
      vertex -1.88894 19.8039 14.827
    endloop
  endfacet
  facet normal -0.881919 0 -0.471402
    outer loop
      vertex 3.14119 -19.6391 13.3011
      vertex 2.827 -12.5739 13.8889
      vertex 3.14119 -12.5042 13.3011
    endloop
  endfacet
  facet normal -0.881919 -0 -0.471402
    outer loop
      vertex 2.827 -12.5739 13.8889
      vertex 3.14119 -19.6391 13.3011
      vertex 2.827 -19.6804 13.8889
    endloop
  endfacet
  facet normal -0.881919 0 -0.471402
    outer loop
      vertex 3.14119 19.6391 13.3011
      vertex 2.827 12.5739 13.8889
      vertex 2.827 19.6804 13.8889
    endloop
  endfacet
  facet normal -0.881919 0 -0.471402
    outer loop
      vertex 2.827 12.5739 13.8889
      vertex 3.14119 19.6391 13.3011
      vertex 3.14119 12.5042 13.3011
    endloop
  endfacet
  facet normal 0.956938 -0 0.290292
    outer loop
      vertex -3.33467 -19.6136 11.3367
      vertex -3.14119 -12.5042 10.6989
      vertex -3.33467 -12.4614 11.3367
    endloop
  endfacet
  facet normal 0.956938 0 0.290292
    outer loop
      vertex -3.14119 -12.5042 10.6989
      vertex -3.33467 -19.6136 11.3367
      vertex -3.14119 -19.6391 10.6989
    endloop
  endfacet
  facet normal 0.956938 0 0.290292
    outer loop
      vertex -3.33467 19.6136 11.3367
      vertex -3.14119 12.5042 10.6989
      vertex -3.14119 19.6391 10.6989
    endloop
  endfacet
  facet normal 0.956938 0 0.290292
    outer loop
      vertex -3.14119 12.5042 10.6989
      vertex -3.33467 19.6136 11.3367
      vertex -3.33467 12.4614 11.3367
    endloop
  endfacet
  facet normal 0.0979727 0 -0.995189
    outer loop
      vertex -0.663306 19.871 15.3347
      vertex 0 12.9 15.4
      vertex -0.663306 12.871 15.3347
    endloop
  endfacet
  facet normal 0.0979727 0 -0.995189
    outer loop
      vertex 0 12.9 15.4
      vertex -0.663306 19.871 15.3347
      vertex 0 19.9 15.4
    endloop
  endfacet
  facet normal 0.0979727 0 -0.995189
    outer loop
      vertex -0.663306 -19.871 15.3347
      vertex 0 -12.9 15.4
      vertex 0 -19.9 15.4
    endloop
  endfacet
  facet normal 0.0979727 0 -0.995189
    outer loop
      vertex 0 -12.9 15.4
      vertex -0.663306 -19.871 15.3347
      vertex -0.663306 -12.871 15.3347
    endloop
  endfacet
  facet normal -0.471389 0 0.881925
    outer loop
      vertex 1.30112 -12.8276 8.85881
      vertex 1.88894 -19.8039 9.173
      vertex 1.88894 -12.7502 9.173
    endloop
  endfacet
  facet normal -0.471382 8.01424e-07 0.881929
    outer loop
      vertex 1.88894 -19.8039 9.173
      vertex 1.30112 -12.8276 8.85881
      vertex 1.7344 -19.8243 9.0904
    endloop
  endfacet
  facet normal -0.471392 0 0.881924
    outer loop
      vertex 1.7344 -19.8243 9.0904
      vertex 1.30112 -12.8276 8.85881
      vertex 1.30112 -19.8432 8.85881
    endloop
  endfacet
  facet normal -0.471382 -8.01424e-07 0.881929
    outer loop
      vertex 1.30112 12.8276 8.85881
      vertex 1.88894 19.8039 9.173
      vertex 1.7344 19.8243 9.0904
    endloop
  endfacet
  facet normal -0.471392 0 0.881924
    outer loop
      vertex 1.30112 12.8276 8.85881
      vertex 1.7344 19.8243 9.0904
      vertex 1.30112 19.8432 8.85881
    endloop
  endfacet
  facet normal -0.471389 0 0.881925
    outer loop
      vertex 1.88894 19.8039 9.173
      vertex 1.30112 12.8276 8.85881
      vertex 1.88894 12.7502 9.173
    endloop
  endfacet
  facet normal 0.881919 0 -0.471402
    outer loop
      vertex -2.827 -12.5739 13.8889
      vertex -3.14119 -19.6391 13.3011
      vertex -3.14119 -12.5042 13.3011
    endloop
  endfacet
  facet normal 0.881919 0 -0.471402
    outer loop
      vertex -3.14119 -19.6391 13.3011
      vertex -2.827 -12.5739 13.8889
      vertex -2.827 -19.6804 13.8889
    endloop
  endfacet
  facet normal 0.881919 0 -0.471402
    outer loop
      vertex -2.827 12.5739 13.8889
      vertex -3.14119 19.6391 13.3011
      vertex -2.827 19.6804 13.8889
    endloop
  endfacet
  facet normal 0.881919 0 -0.471402
    outer loop
      vertex -3.14119 19.6391 13.3011
      vertex -2.827 12.5739 13.8889
      vertex -3.14119 12.5042 13.3011
    endloop
  endfacet
  facet normal 0.290277 0 0.956943
    outer loop
      vertex -1.12431 -12.8509 8.80517
      vertex -0.663306 -15.3098 8.66533
      vertex -0.663306 -12.871 8.66533
    endloop
  endfacet
  facet normal 0.290312 7.09582e-06 0.956932
    outer loop
      vertex -1.30112 -12.8276 8.85881
      vertex -0.663306 -15.3098 8.66533
      vertex -1.12431 -12.8509 8.80517
    endloop
  endfacet
  facet normal 0.290296 2.77128e-06 0.956937
    outer loop
      vertex -0.663306 -15.3098 8.66533
      vertex -1.30112 -12.8276 8.85881
      vertex -0.919238 -15.4808 8.74297
    endloop
  endfacet
  facet normal 0.290274 -7.05895e-07 0.956944
    outer loop
      vertex -0.919238 -15.4808 8.74297
      vertex -1.30112 -12.8276 8.85881
      vertex -1.20104 -15.9025 8.82845
    endloop
  endfacet
  facet normal 0.290292 -6.48621e-08 0.956938
    outer loop
      vertex -1.20104 -15.9025 8.82845
      vertex -1.30112 -12.8276 8.85881
      vertex -1.3 -16.4 8.85847
    endloop
  endfacet
  facet normal 0.290296 -2.90011e-06 0.956937
    outer loop
      vertex -1.30112 -19.8432 8.85881
      vertex -0.663306 -17.4902 8.66533
      vertex -0.919238 -17.3192 8.74297
    endloop
  endfacet
  facet normal 0.290274 7.35358e-07 0.956944
    outer loop
      vertex -1.30112 -19.8432 8.85881
      vertex -0.919238 -17.3192 8.74297
      vertex -1.20104 -16.8975 8.82845
    endloop
  endfacet
  facet normal 0.290292 6.7292e-08 0.956938
    outer loop
      vertex -1.30112 -19.8432 8.85881
      vertex -1.20104 -16.8975 8.82845
      vertex -1.3 -16.4 8.85847
    endloop
  endfacet
  facet normal 0.290286 0 0.95694
    outer loop
      vertex -0.663306 -17.4902 8.66533
      vertex -1.30112 -19.8432 8.85881
      vertex -0.663306 -19.871 8.66533
    endloop
  endfacet
  facet normal 0.290482 -0 0.956881
    outer loop
      vertex -1.30112 -19.8432 8.85881
      vertex -1.3 -16.4 8.85847
      vertex -1.30112 -12.8276 8.85881
    endloop
  endfacet
  facet normal 0.290286 0 0.95694
    outer loop
      vertex -1.30112 19.8432 8.85881
      vertex -0.663306 17.4902 8.66533
      vertex -0.663306 19.871 8.66533
    endloop
  endfacet
  facet normal 0.290296 2.90011e-06 0.956937
    outer loop
      vertex -0.663306 17.4902 8.66533
      vertex -1.30112 19.8432 8.85881
      vertex -0.919238 17.3192 8.74297
    endloop
  endfacet
  facet normal 0.290274 -7.35358e-07 0.956944
    outer loop
      vertex -0.919238 17.3192 8.74297
      vertex -1.30112 19.8432 8.85881
      vertex -1.20104 16.8975 8.82845
    endloop
  endfacet
  facet normal 0.290292 -6.7292e-08 0.956938
    outer loop
      vertex -1.20104 16.8975 8.82845
      vertex -1.30112 19.8432 8.85881
      vertex -1.3 16.4 8.85847
    endloop
  endfacet
  facet normal 0.290296 -2.77128e-06 0.956937
    outer loop
      vertex -1.30112 12.8276 8.85881
      vertex -0.663306 15.3098 8.66533
      vertex -0.919238 15.4808 8.74297
    endloop
  endfacet
  facet normal 0.290277 0 0.956943
    outer loop
      vertex -0.663306 15.3098 8.66533
      vertex -1.12431 12.8509 8.80517
      vertex -0.663306 12.871 8.66533
    endloop
  endfacet
  facet normal 0.290274 7.05895e-07 0.956944
    outer loop
      vertex -1.30112 12.8276 8.85881
      vertex -0.919238 15.4808 8.74297
      vertex -1.20104 15.9025 8.82845
    endloop
  endfacet
  facet normal 0.290292 6.48621e-08 0.956938
    outer loop
      vertex -1.30112 12.8276 8.85881
      vertex -1.20104 15.9025 8.82845
      vertex -1.3 16.4 8.85847
    endloop
  endfacet
  facet normal 0.290312 -7.09582e-06 0.956932
    outer loop
      vertex -0.663306 15.3098 8.66533
      vertex -1.30112 12.8276 8.85881
      vertex -1.12431 12.8509 8.80517
    endloop
  endfacet
  facet normal 0.290482 -0 0.956881
    outer loop
      vertex -1.30112 12.8276 8.85881
      vertex -1.3 16.4 8.85847
      vertex -1.30112 19.8432 8.85881
    endloop
  endfacet
  facet normal -0.471382 2.0517e-06 -0.881929
    outer loop
      vertex 1.30112 -12.8276 15.1412
      vertex 1.88894 -19.8039 14.827
      vertex 1.7344 -19.8243 14.9096
    endloop
  endfacet
  facet normal -0.471408 -0 -0.881915
    outer loop
      vertex 1.30112 -12.8276 15.1412
      vertex 1.7344 -19.8243 14.9096
      vertex 1.30112 -19.8432 15.1412
    endloop
  endfacet
  facet normal -0.471401 0 -0.881919
    outer loop
      vertex 1.88894 -19.8039 14.827
      vertex 1.30112 -12.8276 15.1412
      vertex 1.88894 -12.7502 14.827
    endloop
  endfacet
  facet normal -0.471401 0 -0.881919
    outer loop
      vertex 1.30112 12.8276 15.1412
      vertex 1.88894 19.8039 14.827
      vertex 1.88894 12.7502 14.827
    endloop
  endfacet
  facet normal -0.471382 -2.0517e-06 -0.881929
    outer loop
      vertex 1.88894 19.8039 14.827
      vertex 1.30112 12.8276 15.1412
      vertex 1.7344 19.8243 14.9096
    endloop
  endfacet
  facet normal -0.471408 0 -0.881915
    outer loop
      vertex 1.7344 19.8243 14.9096
      vertex 1.30112 12.8276 15.1412
      vertex 1.30112 19.8432 15.1412
    endloop
  endfacet
  facet normal -0.995185 0 0.0980138
    outer loop
      vertex 3.33877 -12.4604 11.3783
      vertex 3.4 -19.605 12
      vertex 3.4 -12.4411 12
    endloop
  endfacet
  facet normal -0.995178 0 0.0980825
    outer loop
      vertex 3.33467 -19.6136 11.3367
      vertex 3.33877 -12.4604 11.3783
      vertex 3.33467 -12.4614 11.3367
    endloop
  endfacet
  facet normal -0.995185 3.7799e-07 0.0980181
    outer loop
      vertex 3.33877 -12.4604 11.3783
      vertex 3.33467 -19.6136 11.3367
      vertex 3.4 -19.605 12
    endloop
  endfacet
  facet normal -0.995178 0 0.0980825
    outer loop
      vertex 3.33877 12.4604 11.3783
      vertex 3.33467 19.6136 11.3367
      vertex 3.33467 12.4614 11.3367
    endloop
  endfacet
  facet normal -0.995185 -3.7799e-07 0.0980181
    outer loop
      vertex 3.33467 19.6136 11.3367
      vertex 3.33877 12.4604 11.3783
      vertex 3.4 19.605 12
    endloop
  endfacet
  facet normal -0.995185 0 0.0980138
    outer loop
      vertex 3.4 19.605 12
      vertex 3.33877 12.4604 11.3783
      vertex 3.4 12.4411 12
    endloop
  endfacet
  facet normal 0.995185 -0 0.0980138
    outer loop
      vertex -3.4 -19.605 12
      vertex -3.33877 -12.4604 11.3783
      vertex -3.4 -12.4411 12
    endloop
  endfacet
  facet normal 0.995185 3.7799e-07 0.0980181
    outer loop
      vertex -3.33467 -19.6136 11.3367
      vertex -3.33877 -12.4604 11.3783
      vertex -3.4 -19.605 12
    endloop
  endfacet
  facet normal 0.995178 0 0.0980825
    outer loop
      vertex -3.33877 -12.4604 11.3783
      vertex -3.33467 -19.6136 11.3367
      vertex -3.33467 -12.4614 11.3367
    endloop
  endfacet
  facet normal 0.995185 -3.7799e-07 0.0980181
    outer loop
      vertex -3.33877 12.4604 11.3783
      vertex -3.33467 19.6136 11.3367
      vertex -3.4 19.605 12
    endloop
  endfacet
  facet normal 0.995178 0 0.0980825
    outer loop
      vertex -3.33467 19.6136 11.3367
      vertex -3.33877 12.4604 11.3783
      vertex -3.33467 12.4614 11.3367
    endloop
  endfacet
  facet normal 0.995185 0 0.0980138
    outer loop
      vertex -3.33877 12.4604 11.3783
      vertex -3.4 19.605 12
      vertex -3.4 12.4411 12
    endloop
  endfacet
  facet normal -0.634412 0 0.772995
    outer loop
      vertex 2.24006 -12.704 9.46116
      vertex 2.40416 -19.7361 9.59584
      vertex 2.40416 -12.6676 9.59584
    endloop
  endfacet
  facet normal -0.634398 5.57308e-07 0.773007
    outer loop
      vertex 1.88894 -12.7502 9.173
      vertex 2.40416 -19.7361 9.59584
      vertex 2.24006 -12.704 9.46116
    endloop
  endfacet
  facet normal -0.634402 0 0.773003
    outer loop
      vertex 2.40416 -19.7361 9.59584
      vertex 1.88894 -12.7502 9.173
      vertex 1.88894 -19.8039 9.173
    endloop
  endfacet
  facet normal -0.634412 0 0.772995
    outer loop
      vertex 2.40416 19.7361 9.59584
      vertex 2.24006 12.704 9.46116
      vertex 2.40416 12.6676 9.59584
    endloop
  endfacet
  facet normal -0.634402 0 0.773003
    outer loop
      vertex 1.88894 12.7502 9.173
      vertex 2.40416 19.7361 9.59584
      vertex 1.88894 19.8039 9.173
    endloop
  endfacet
  facet normal -0.634398 -5.57308e-07 0.773007
    outer loop
      vertex 2.40416 19.7361 9.59584
      vertex 1.88894 12.7502 9.173
      vertex 2.24006 12.704 9.46116
    endloop
  endfacet
  facet normal 0.956938 0 -0.290292
    outer loop
      vertex -3.14119 -12.5042 13.3011
      vertex -3.33467 -19.6136 12.6633
      vertex -3.33467 -12.4614 12.6633
    endloop
  endfacet
  facet normal 0.956938 0 -0.290292
    outer loop
      vertex -3.33467 -19.6136 12.6633
      vertex -3.14119 -12.5042 13.3011
      vertex -3.14119 -19.6391 13.3011
    endloop
  endfacet
  facet normal 0.956938 0 -0.290292
    outer loop
      vertex -3.14119 12.5042 13.3011
      vertex -3.33467 19.6136 12.6633
      vertex -3.14119 19.6391 13.3011
    endloop
  endfacet
  facet normal 0.956938 0 -0.290292
    outer loop
      vertex -3.33467 19.6136 12.6633
      vertex -3.14119 12.5042 13.3011
      vertex -3.33467 12.4614 12.6633
    endloop
  endfacet
  facet normal 0.634398 5.57308e-07 0.773007
    outer loop
      vertex -2.40416 -19.7361 9.59584
      vertex -1.88894 -12.7502 9.173
      vertex -2.24006 -12.704 9.46116
    endloop
  endfacet
  facet normal 0.634412 -0 0.772995
    outer loop
      vertex -2.40416 -19.7361 9.59584
      vertex -2.24006 -12.704 9.46116
      vertex -2.40416 -12.6676 9.59584
    endloop
  endfacet
  facet normal 0.634402 0 0.773003
    outer loop
      vertex -1.88894 -12.7502 9.173
      vertex -2.40416 -19.7361 9.59584
      vertex -1.88894 -19.8039 9.173
    endloop
  endfacet
  facet normal 0.634402 0 0.773003
    outer loop
      vertex -2.40416 19.7361 9.59584
      vertex -1.88894 12.7502 9.173
      vertex -1.88894 19.8039 9.173
    endloop
  endfacet
  facet normal 0.634398 -5.57308e-07 0.773007
    outer loop
      vertex -1.88894 12.7502 9.173
      vertex -2.40416 19.7361 9.59584
      vertex -2.24006 12.704 9.46116
    endloop
  endfacet
  facet normal 0.634412 0 0.772995
    outer loop
      vertex -2.24006 12.704 9.46116
      vertex -2.40416 19.7361 9.59584
      vertex -2.40416 12.6676 9.59584
    endloop
  endfacet
  facet normal -0.956938 0 0.290292
    outer loop
      vertex 3.14119 -12.5042 10.6989
      vertex 3.33467 -19.6136 11.3367
      vertex 3.33467 -12.4614 11.3367
    endloop
  endfacet
  facet normal -0.956938 0 0.290292
    outer loop
      vertex 3.33467 -19.6136 11.3367
      vertex 3.14119 -12.5042 10.6989
      vertex 3.14119 -19.6391 10.6989
    endloop
  endfacet
  facet normal -0.956938 0 0.290292
    outer loop
      vertex 3.14119 12.5042 10.6989
      vertex 3.33467 19.6136 11.3367
      vertex 3.14119 19.6391 10.6989
    endloop
  endfacet
  facet normal -0.956938 0 0.290292
    outer loop
      vertex 3.33467 19.6136 11.3367
      vertex 3.14119 12.5042 10.6989
      vertex 3.33467 12.4614 11.3367
    endloop
  endfacet
  facet normal -0.290113 0 -0.956993
    outer loop
      vertex 1.12431 12.8509 15.1948
      vertex 1.30112 19.8432 15.1412
      vertex 1.30112 12.8276 15.1412
    endloop
  endfacet
  facet normal -0.290391 7.68146e-06 -0.956908
    outer loop
      vertex 0.663306 12.871 15.3347
      vertex 1.30112 19.8432 15.1412
      vertex 1.12431 12.8509 15.1948
    endloop
  endfacet
  facet normal -0.290314 0 -0.956931
    outer loop
      vertex 1.30112 19.8432 15.1412
      vertex 0.663306 12.871 15.3347
      vertex 0.663306 19.871 15.3347
    endloop
  endfacet
  facet normal -0.290113 0 -0.956993
    outer loop
      vertex 1.30112 -19.8432 15.1412
      vertex 1.12431 -12.8509 15.1948
      vertex 1.30112 -12.8276 15.1412
    endloop
  endfacet
  facet normal -0.290314 -0 -0.956931
    outer loop
      vertex 0.663306 -12.871 15.3347
      vertex 1.30112 -19.8432 15.1412
      vertex 0.663306 -19.871 15.3347
    endloop
  endfacet
  facet normal -0.290391 -7.68146e-06 -0.956908
    outer loop
      vertex 1.30112 -19.8432 15.1412
      vertex 0.663306 -12.871 15.3347
      vertex 1.12431 -12.8509 15.1948
    endloop
  endfacet
  facet normal 0.471408 0 -0.881915
    outer loop
      vertex -1.7344 -19.8243 14.9096
      vertex -1.30112 -12.8276 15.1412
      vertex -1.30112 -19.8432 15.1412
    endloop
  endfacet
  facet normal 0.471382 2.0517e-06 -0.881929
    outer loop
      vertex -1.88894 -19.8039 14.827
      vertex -1.30112 -12.8276 15.1412
      vertex -1.7344 -19.8243 14.9096
    endloop
  endfacet
  facet normal 0.471401 0 -0.881919
    outer loop
      vertex -1.30112 -12.8276 15.1412
      vertex -1.88894 -19.8039 14.827
      vertex -1.88894 -12.7502 14.827
    endloop
  endfacet
  facet normal 0.471408 0 -0.881915
    outer loop
      vertex -1.30112 12.8276 15.1412
      vertex -1.7344 19.8243 14.9096
      vertex -1.30112 19.8432 15.1412
    endloop
  endfacet
  facet normal 0.471401 0 -0.881919
    outer loop
      vertex -1.88894 19.8039 14.827
      vertex -1.30112 12.8276 15.1412
      vertex -1.88894 12.7502 14.827
    endloop
  endfacet
  facet normal 0.471382 -2.0517e-06 -0.881929
    outer loop
      vertex -1.30112 12.8276 15.1412
      vertex -1.88894 19.8039 14.827
      vertex -1.7344 19.8243 14.9096
    endloop
  endfacet
  facet normal -0.881919 0 0.471402
    outer loop
      vertex 2.827 -12.5739 10.1111
      vertex 3.14119 -19.6391 10.6989
      vertex 3.14119 -12.5042 10.6989
    endloop
  endfacet
  facet normal -0.881919 0 0.471402
    outer loop
      vertex 3.14119 -19.6391 10.6989
      vertex 2.827 -12.5739 10.1111
      vertex 2.827 -19.6804 10.1111
    endloop
  endfacet
  facet normal -0.881919 0 0.471402
    outer loop
      vertex 2.827 12.5739 10.1111
      vertex 3.14119 19.6391 10.6989
      vertex 2.827 19.6804 10.1111
    endloop
  endfacet
  facet normal -0.881919 0 0.471402
    outer loop
      vertex 3.14119 19.6391 10.6989
      vertex 2.827 12.5739 10.1111
      vertex 3.14119 12.5042 10.6989
    endloop
  endfacet
  facet normal -0.0979727 0 -0.995189
    outer loop
      vertex 0 12.9 15.4
      vertex 0.663306 19.871 15.3347
      vertex 0.663306 12.871 15.3347
    endloop
  endfacet
  facet normal -0.0979727 0 -0.995189
    outer loop
      vertex 0.663306 19.871 15.3347
      vertex 0 12.9 15.4
      vertex 0 19.9 15.4
    endloop
  endfacet
  facet normal -0.0979727 -0 -0.995189
    outer loop
      vertex 0 -12.9 15.4
      vertex 0.663306 -19.871 15.3347
      vertex 0 -19.9 15.4
    endloop
  endfacet
  facet normal -0.0979727 0 -0.995189
    outer loop
      vertex 0.663306 -19.871 15.3347
      vertex 0 -12.9 15.4
      vertex 0.663306 -12.871 15.3347
    endloop
  endfacet
  facet normal -0.290482 0 0.956881
    outer loop
      vertex 1.30112 -12.8276 8.85881
      vertex 1.3 -16.4 8.85847
      vertex 1.30112 -19.8432 8.85881
    endloop
  endfacet
  facet normal -0.290292 -6.48621e-08 0.956938
    outer loop
      vertex 1.30112 -12.8276 8.85881
      vertex 1.20104 -15.9025 8.82845
      vertex 1.3 -16.4 8.85847
    endloop
  endfacet
  facet normal -0.290312 7.09582e-06 0.956932
    outer loop
      vertex 0.663306 -15.3098 8.66533
      vertex 1.30112 -12.8276 8.85881
      vertex 1.12431 -12.8509 8.80517
    endloop
  endfacet
  facet normal -0.290274 -7.05895e-07 0.956944
    outer loop
      vertex 1.30112 -12.8276 8.85881
      vertex 0.919238 -15.4808 8.74297
      vertex 1.20104 -15.9025 8.82845
    endloop
  endfacet
  facet normal -0.290277 0 0.956943
    outer loop
      vertex 0.663306 -15.3098 8.66533
      vertex 1.12431 -12.8509 8.80517
      vertex 0.663306 -12.871 8.66533
    endloop
  endfacet
  facet normal -0.290296 2.77128e-06 0.956937
    outer loop
      vertex 1.30112 -12.8276 8.85881
      vertex 0.663306 -15.3098 8.66533
      vertex 0.919238 -15.4808 8.74297
    endloop
  endfacet
  facet normal -0.290292 6.7292e-08 0.956938
    outer loop
      vertex 1.20104 -16.8975 8.82845
      vertex 1.30112 -19.8432 8.85881
      vertex 1.3 -16.4 8.85847
    endloop
  endfacet
  facet normal -0.290274 7.35358e-07 0.956944
    outer loop
      vertex 0.919238 -17.3192 8.74297
      vertex 1.30112 -19.8432 8.85881
      vertex 1.20104 -16.8975 8.82845
    endloop
  endfacet
  facet normal -0.290296 -2.90011e-06 0.956937
    outer loop
      vertex 0.663306 -17.4902 8.66533
      vertex 1.30112 -19.8432 8.85881
      vertex 0.919238 -17.3192 8.74297
    endloop
  endfacet
  facet normal -0.290286 0 0.95694
    outer loop
      vertex 1.30112 -19.8432 8.85881
      vertex 0.663306 -17.4902 8.66533
      vertex 0.663306 -19.871 8.66533
    endloop
  endfacet
  facet normal -0.290482 0 0.956881
    outer loop
      vertex 1.30112 19.8432 8.85881
      vertex 1.3 16.4 8.85847
      vertex 1.30112 12.8276 8.85881
    endloop
  endfacet
  facet normal -0.290292 -6.7292e-08 0.956938
    outer loop
      vertex 1.30112 19.8432 8.85881
      vertex 1.20104 16.8975 8.82845
      vertex 1.3 16.4 8.85847
    endloop
  endfacet
  facet normal -0.290274 -7.35358e-07 0.956944
    outer loop
      vertex 1.30112 19.8432 8.85881
      vertex 0.919238 17.3192 8.74297
      vertex 1.20104 16.8975 8.82845
    endloop
  endfacet
  facet normal -0.290286 0 0.95694
    outer loop
      vertex 0.663306 17.4902 8.66533
      vertex 1.30112 19.8432 8.85881
      vertex 0.663306 19.871 8.66533
    endloop
  endfacet
  facet normal -0.290296 2.90011e-06 0.956937
    outer loop
      vertex 1.30112 19.8432 8.85881
      vertex 0.663306 17.4902 8.66533
      vertex 0.919238 17.3192 8.74297
    endloop
  endfacet
  facet normal -0.290292 6.48621e-08 0.956938
    outer loop
      vertex 1.20104 15.9025 8.82845
      vertex 1.30112 12.8276 8.85881
      vertex 1.3 16.4 8.85847
    endloop
  endfacet
  facet normal -0.290274 7.05895e-07 0.956944
    outer loop
      vertex 0.919238 15.4808 8.74297
      vertex 1.30112 12.8276 8.85881
      vertex 1.20104 15.9025 8.82845
    endloop
  endfacet
  facet normal -0.290296 -2.77128e-06 0.956937
    outer loop
      vertex 0.663306 15.3098 8.66533
      vertex 1.30112 12.8276 8.85881
      vertex 0.919238 15.4808 8.74297
    endloop
  endfacet
  facet normal -0.290312 -7.09582e-06 0.956932
    outer loop
      vertex 1.30112 12.8276 8.85881
      vertex 0.663306 15.3098 8.66533
      vertex 1.12431 12.8509 8.80517
    endloop
  endfacet
  facet normal -0.290277 0 0.956943
    outer loop
      vertex 1.12431 12.8509 8.80517
      vertex 0.663306 15.3098 8.66533
      vertex 0.663306 12.871 8.66533
    endloop
  endfacet
  facet normal -0.634187 0 -0.77318
    outer loop
      vertex 2.24006 12.704 14.5388
      vertex 2.40416 19.7361 14.4042
      vertex 2.40416 12.6676 14.4042
    endloop
  endfacet
  facet normal -0.634449 1.0258e-05 -0.772964
    outer loop
      vertex 1.88894 12.7502 14.827
      vertex 2.40416 19.7361 14.4042
      vertex 2.24006 12.704 14.5388
    endloop
  endfacet
  facet normal -0.634366 0 -0.773033
    outer loop
      vertex 2.40416 19.7361 14.4042
      vertex 1.88894 12.7502 14.827
      vertex 1.88894 19.8039 14.827
    endloop
  endfacet
  facet normal -0.634187 0 -0.77318
    outer loop
      vertex 2.40416 -19.7361 14.4042
      vertex 2.24006 -12.704 14.5388
      vertex 2.40416 -12.6676 14.4042
    endloop
  endfacet
  facet normal -0.634366 -0 -0.773033
    outer loop
      vertex 1.88894 -12.7502 14.827
      vertex 2.40416 -19.7361 14.4042
      vertex 1.88894 -19.8039 14.827
    endloop
  endfacet
  facet normal -0.634449 -1.0258e-05 -0.772964
    outer loop
      vertex 2.40416 -19.7361 14.4042
      vertex 1.88894 -12.7502 14.827
      vertex 2.24006 -12.704 14.5388
    endloop
  endfacet
  facet normal 0.0980172 0 0.995185
    outer loop
      vertex -0.663306 19.871 8.66533
      vertex 0 17.7 8.6
      vertex 0 19.9 8.6
    endloop
  endfacet
  facet normal 0.0980203 9.58048e-07 0.995184
    outer loop
      vertex 0 17.7 8.6
      vertex -0.663306 19.871 8.66533
      vertex -0.497488 17.601 8.649
    endloop
  endfacet
  facet normal 0.0980073 0 0.995186
    outer loop
      vertex -0.497488 17.601 8.649
      vertex -0.663306 19.871 8.66533
      vertex -0.663306 17.4902 8.66533
    endloop
  endfacet
  facet normal 0.0980203 -9.58048e-07 0.995184
    outer loop
      vertex -0.663306 -19.871 8.66533
      vertex 0 -17.7 8.6
      vertex -0.497488 -17.601 8.649
    endloop
  endfacet
  facet normal 0.0980073 -0 0.995186
    outer loop
      vertex -0.663306 -19.871 8.66533
      vertex -0.497488 -17.601 8.649
      vertex -0.663306 -17.4902 8.66533
    endloop
  endfacet
  facet normal 0.0980172 0 0.995185
    outer loop
      vertex 0 -17.7 8.6
      vertex -0.663306 -19.871 8.66533
      vertex 0 -19.9 8.6
    endloop
  endfacet
  facet normal 0.0980203 -9.34513e-07 0.995184
    outer loop
      vertex -0.663306 12.871 8.66533
      vertex 0 15.1 8.6
      vertex -0.497488 15.199 8.649
    endloop
  endfacet
  facet normal 0.0980073 -0 0.995186
    outer loop
      vertex -0.663306 12.871 8.66533
      vertex -0.497488 15.199 8.649
      vertex -0.663306 15.3098 8.66533
    endloop
  endfacet
  facet normal 0.0980172 0 0.995185
    outer loop
      vertex 0 15.1 8.6
      vertex -0.663306 12.871 8.66533
      vertex 0 12.9 8.6
    endloop
  endfacet
  facet normal 0.0980172 0 0.995185
    outer loop
      vertex -0.663306 -12.871 8.66533
      vertex 0 -15.1 8.6
      vertex 0 -12.9 8.6
    endloop
  endfacet
  facet normal 0.0980203 9.34513e-07 0.995184
    outer loop
      vertex 0 -15.1 8.6
      vertex -0.663306 -12.871 8.66533
      vertex -0.497488 -15.199 8.649
    endloop
  endfacet
  facet normal 0.0980073 0 0.995186
    outer loop
      vertex -0.497488 -15.199 8.649
      vertex -0.663306 -12.871 8.66533
      vertex -0.663306 -15.3098 8.66533
    endloop
  endfacet
  facet normal 0.290314 0 -0.956931
    outer loop
      vertex -1.30112 -19.8432 15.1412
      vertex -0.663306 -12.871 15.3347
      vertex -0.663306 -19.871 15.3347
    endloop
  endfacet
  facet normal 0.290391 -7.68146e-06 -0.956908
    outer loop
      vertex -0.663306 -12.871 15.3347
      vertex -1.30112 -19.8432 15.1412
      vertex -1.12431 -12.8509 15.1948
    endloop
  endfacet
  facet normal 0.290113 0 -0.956993
    outer loop
      vertex -1.12431 -12.8509 15.1948
      vertex -1.30112 -19.8432 15.1412
      vertex -1.30112 -12.8276 15.1412
    endloop
  endfacet
  facet normal 0.290391 7.68146e-06 -0.956908
    outer loop
      vertex -1.30112 19.8432 15.1412
      vertex -0.663306 12.871 15.3347
      vertex -1.12431 12.8509 15.1948
    endloop
  endfacet
  facet normal 0.290113 0 -0.956993
    outer loop
      vertex -1.30112 19.8432 15.1412
      vertex -1.12431 12.8509 15.1948
      vertex -1.30112 12.8276 15.1412
    endloop
  endfacet
  facet normal 0.290314 0 -0.956931
    outer loop
      vertex -0.663306 12.871 15.3347
      vertex -1.30112 19.8432 15.1412
      vertex -0.663306 19.871 15.3347
    endloop
  endfacet
  facet normal -0.0980073 0 0.995186
    outer loop
      vertex 0.663306 19.871 8.66533
      vertex 0.497488 17.601 8.649
      vertex 0.663306 17.4902 8.66533
    endloop
  endfacet
  facet normal -0.0980172 0 0.995185
    outer loop
      vertex 0 17.7 8.6
      vertex 0.663306 19.871 8.66533
      vertex 0 19.9 8.6
    endloop
  endfacet
  facet normal -0.0980203 9.58048e-07 0.995184
    outer loop
      vertex 0.663306 19.871 8.66533
      vertex 0 17.7 8.6
      vertex 0.497488 17.601 8.649
    endloop
  endfacet
  facet normal -0.0980073 0 0.995186
    outer loop
      vertex 0.497488 -17.601 8.649
      vertex 0.663306 -19.871 8.66533
      vertex 0.663306 -17.4902 8.66533
    endloop
  endfacet
  facet normal -0.0980203 -9.58048e-07 0.995184
    outer loop
      vertex 0 -17.7 8.6
      vertex 0.663306 -19.871 8.66533
      vertex 0.497488 -17.601 8.649
    endloop
  endfacet
  facet normal -0.0980172 0 0.995185
    outer loop
      vertex 0.663306 -19.871 8.66533
      vertex 0 -17.7 8.6
      vertex 0 -19.9 8.6
    endloop
  endfacet
  facet normal -0.0980073 0 0.995186
    outer loop
      vertex 0.497488 15.199 8.649
      vertex 0.663306 12.871 8.66533
      vertex 0.663306 15.3098 8.66533
    endloop
  endfacet
  facet normal -0.0980203 -9.34513e-07 0.995184
    outer loop
      vertex 0 15.1 8.6
      vertex 0.663306 12.871 8.66533
      vertex 0.497488 15.199 8.649
    endloop
  endfacet
  facet normal -0.0980172 0 0.995185
    outer loop
      vertex 0.663306 12.871 8.66533
      vertex 0 15.1 8.6
      vertex 0 12.9 8.6
    endloop
  endfacet
  facet normal -0.0980073 0 0.995186
    outer loop
      vertex 0.663306 -12.871 8.66533
      vertex 0.497488 -15.199 8.649
      vertex 0.663306 -15.3098 8.66533
    endloop
  endfacet
  facet normal -0.0980172 0 0.995185
    outer loop
      vertex 0 -15.1 8.6
      vertex 0.663306 -12.871 8.66533
      vertex 0 -12.9 8.6
    endloop
  endfacet
  facet normal -0.0980203 9.34513e-07 0.995184
    outer loop
      vertex 0.663306 -12.871 8.66533
      vertex 0 -15.1 8.6
      vertex 0.497488 -15.199 8.649
    endloop
  endfacet
  facet normal -0.773027 0 0.634373
    outer loop
      vertex 2.40416 -12.6676 9.59584
      vertex 2.827 -19.6804 10.1111
      vertex 2.827 -12.5739 10.1111
    endloop
  endfacet
  facet normal -0.773027 0 0.634373
    outer loop
      vertex 2.827 -19.6804 10.1111
      vertex 2.40416 -12.6676 9.59584
      vertex 2.40416 -19.7361 9.59584
    endloop
  endfacet
  facet normal -0.773027 0 0.634373
    outer loop
      vertex 2.40416 12.6676 9.59584
      vertex 2.827 19.6804 10.1111
      vertex 2.40416 19.7361 9.59584
    endloop
  endfacet
  facet normal -0.773027 0 0.634373
    outer loop
      vertex 2.827 19.6804 10.1111
      vertex 2.40416 12.6676 9.59584
      vertex 2.827 12.5739 10.1111
    endloop
  endfacet
  facet normal 0.773051 0 -0.634343
    outer loop
      vertex -2.40416 -12.6676 14.4042
      vertex -2.827 -19.6804 13.8889
      vertex -2.827 -12.5739 13.8889
    endloop
  endfacet
  facet normal 0.773051 0 -0.634343
    outer loop
      vertex -2.827 -19.6804 13.8889
      vertex -2.40416 -12.6676 14.4042
      vertex -2.40416 -19.7361 14.4042
    endloop
  endfacet
  facet normal 0.773051 0 -0.634343
    outer loop
      vertex -2.40416 12.6676 14.4042
      vertex -2.827 19.6804 13.8889
      vertex -2.40416 19.7361 14.4042
    endloop
  endfacet
  facet normal 0.773051 0 -0.634343
    outer loop
      vertex -2.827 19.6804 13.8889
      vertex -2.40416 12.6676 14.4042
      vertex -2.827 12.5739 13.8889
    endloop
  endfacet
  facet normal 0.881919 -0 0.471402
    outer loop
      vertex -3.14119 -19.6391 10.6989
      vertex -2.827 -12.5739 10.1111
      vertex -3.14119 -12.5042 10.6989
    endloop
  endfacet
  facet normal 0.881919 0 0.471402
    outer loop
      vertex -2.827 -12.5739 10.1111
      vertex -3.14119 -19.6391 10.6989
      vertex -2.827 -19.6804 10.1111
    endloop
  endfacet
  facet normal 0.881919 0 0.471402
    outer loop
      vertex -3.14119 19.6391 10.6989
      vertex -2.827 12.5739 10.1111
      vertex -2.827 19.6804 10.1111
    endloop
  endfacet
  facet normal 0.881919 0 0.471402
    outer loop
      vertex -2.827 12.5739 10.1111
      vertex -3.14119 19.6391 10.6989
      vertex -3.14119 12.5042 10.6989
    endloop
  endfacet
  facet normal 0.471392 0 0.881924
    outer loop
      vertex -1.30112 -12.8276 8.85881
      vertex -1.7344 -19.8243 9.0904
      vertex -1.30112 -19.8432 8.85881
    endloop
  endfacet
  facet normal 0.471389 -0 0.881925
    outer loop
      vertex -1.88894 -19.8039 9.173
      vertex -1.30112 -12.8276 8.85881
      vertex -1.88894 -12.7502 9.173
    endloop
  endfacet
  facet normal 0.471382 8.01424e-07 0.881929
    outer loop
      vertex -1.30112 -12.8276 8.85881
      vertex -1.88894 -19.8039 9.173
      vertex -1.7344 -19.8243 9.0904
    endloop
  endfacet
  facet normal 0.471392 0 0.881924
    outer loop
      vertex -1.7344 19.8243 9.0904
      vertex -1.30112 12.8276 8.85881
      vertex -1.30112 19.8432 8.85881
    endloop
  endfacet
  facet normal 0.471382 -8.01424e-07 0.881929
    outer loop
      vertex -1.88894 19.8039 9.173
      vertex -1.30112 12.8276 8.85881
      vertex -1.7344 19.8243 9.0904
    endloop
  endfacet
  facet normal 0.471389 0 0.881925
    outer loop
      vertex -1.30112 12.8276 8.85881
      vertex -1.88894 19.8039 9.173
      vertex -1.88894 12.7502 9.173
    endloop
  endfacet
  facet normal 0.995185 0 -0.0980138
    outer loop
      vertex -3.33877 -12.4604 12.6217
      vertex -3.4 -19.605 12
      vertex -3.4 -12.4411 12
    endloop
  endfacet
  facet normal 0.995178 0 -0.0980825
    outer loop
      vertex -3.33467 -19.6136 12.6633
      vertex -3.33877 -12.4604 12.6217
      vertex -3.33467 -12.4614 12.6633
    endloop
  endfacet
  facet normal 0.995185 3.7799e-07 -0.0980181
    outer loop
      vertex -3.33877 -12.4604 12.6217
      vertex -3.33467 -19.6136 12.6633
      vertex -3.4 -19.605 12
    endloop
  endfacet
  facet normal 0.995178 0 -0.0980825
    outer loop
      vertex -3.33877 12.4604 12.6217
      vertex -3.33467 19.6136 12.6633
      vertex -3.33467 12.4614 12.6633
    endloop
  endfacet
  facet normal 0.995185 -3.7799e-07 -0.0980181
    outer loop
      vertex -3.33467 19.6136 12.6633
      vertex -3.33877 12.4604 12.6217
      vertex -3.4 19.605 12
    endloop
  endfacet
  facet normal 0.995185 0 -0.0980138
    outer loop
      vertex -3.4 19.605 12
      vertex -3.33877 12.4604 12.6217
      vertex -3.4 12.4411 12
    endloop
  endfacet
  facet normal 0.0309438 -0.0309438 0.999042
    outer loop
      vertex 13.9299 14.2011 14.8084
      vertex 9.12168 9.12168 14.8
      vertex 14.0714 14.0714 14.8
    endloop
  endfacet
  facet normal 0.0309485 -0.0309482 0.999042
    outer loop
      vertex 9.12168 9.12168 14.8
      vertex 13.9299 14.2011 14.8084
      vertex 8.98018 9.25134 14.8084
    endloop
  endfacet
  facet normal 0.270511 -0.270507 0.923932
    outer loop
      vertex 13.3853 14.7002 15.0061
      vertex 8.56639 9.63051 14.9327
      vertex 13.5161 14.5803 14.9327
    endloop
  endfacet
  facet normal 0.270454 -0.270453 0.923964
    outer loop
      vertex 8.56639 9.63051 14.9327
      vertex 13.3853 14.7002 15.0061
      vertex 8.43553 9.75041 15.0061
    endloop
  endfacet
  facet normal 0.690323 -0.690318 -0.2166
    outer loop
      vertex 12.4789 15.4841 17.5694
      vertex 7.45794 10.5219 17.382
      vertex 12.4456 15.5096 17.382
    endloop
  endfacet
  facet normal 0.690352 -0.690355 -0.216389
    outer loop
      vertex 7.45794 10.5219 17.382
      vertex 12.4789 15.4841 17.5694
      vertex 7.49118 10.4964 17.5694
    endloop
  endfacet
  facet normal 0.653324 -0.653329 0.382531
    outer loop
      vertex 7.59613 10.4159 16.0702
      vertex 12.5251 15.4487 16.2476
      vertex 7.53736 10.461 16.2476
    endloop
  endfacet
  facet normal 0.653392 -0.653389 0.382311
    outer loop
      vertex 12.5251 15.4487 16.2476
      vertex 7.59613 10.4159 16.0702
      vertex 12.5838 15.4036 16.0702
    endloop
  endfacet
  facet normal -0.596446 0.596441 0.537131
    outer loop
      vertex 10.2982 7.74956 15.7381
      vertex 15.3492 12.6548 15.9
      vertex 15.2859 12.7373 15.7381
    endloop
  endfacet
  facet normal -0.596435 0.596429 0.537157
    outer loop
      vertex 15.3492 12.6548 15.9
      vertex 10.2982 7.74956 15.7381
      vertex 10.3615 7.66705 15.9
    endloop
  endfacet
  facet normal 0.092111 -0.0921103 0.991479
    outer loop
      vertex 13.7895 14.3298 14.8334
      vertex 8.98018 9.25134 14.8084
      vertex 13.9299 14.2011 14.8084
    endloop
  endfacet
  facet normal 0.0921076 -0.092107 0.99148
    outer loop
      vertex 8.98018 9.25134 14.8084
      vertex 13.7895 14.3298 14.8334
      vertex 8.83975 9.38002 14.8334
    endloop
  endfacet
  facet normal 0.521293 -0.521292 0.675654
    outer loop
      vertex 12.8277 15.2111 15.5859
      vertex 7.94681 10.1468 15.4444
      vertex 12.9234 15.1234 15.4444
    endloop
  endfacet
  facet normal 0.52136 -0.521354 0.675554
    outer loop
      vertex 7.94681 10.1468 15.4444
      vertex 12.8277 15.2111 15.5859
      vertex 7.84306 10.2264 15.5859
    endloop
  endfacet
  facet normal -0.706427 0.706426 -0.0438522
    outer loop
      vertex 15.5302 12.4189 17
      vertex 10.5373 7.43789 17.1917
      vertex 15.525 12.4256 17.1917
    endloop
  endfacet
  facet normal -0.706427 0.706426 -0.0438522
    outer loop
      vertex 10.5373 7.43789 17.1917
      vertex 15.5302 12.4189 17
      vertex 10.5425 7.43119 17
    endloop
  endfacet
  facet normal -0.430294 0.43029 0.793535
    outer loop
      vertex 9.96644 8.18189 15.1979
      vertex 15.0277 13.0278 15.3147
      vertex 14.9247 13.1402 15.1979
    endloop
  endfacet
  facet normal -0.430403 0.430407 0.793412
    outer loop
      vertex 15.0277 13.0278 15.3147
      vertex 9.96644 8.18189 15.1979
      vertex 10.0599 8.06004 15.3147
    endloop
  endfacet
  facet normal 0.690323 -0.690318 0.2166
    outer loop
      vertex 7.45794 10.5219 16.618
      vertex 12.4789 15.4841 16.4306
      vertex 12.4456 15.5096 16.618
    endloop
  endfacet
  facet normal 0.690352 -0.690355 0.216389
    outer loop
      vertex 12.4789 15.4841 16.4306
      vertex 7.45794 10.5219 16.618
      vertex 7.49118 10.4964 16.4306
    endloop
  endfacet
  facet normal -0.521292 0.521293 0.675654
    outer loop
      vertex 10.1468 7.94681 15.4444
      vertex 15.2111 12.8277 15.5859
      vertex 15.1234 12.9234 15.4444
    endloop
  endfacet
  facet normal -0.521354 0.52136 0.675554
    outer loop
      vertex 15.2111 12.8277 15.5859
      vertex 10.1468 7.94681 15.4444
      vertex 10.2264 7.84306 15.5859
    endloop
  endfacet
  facet normal -0.690322 0.690319 -0.2166
    outer loop
      vertex 15.5096 12.4456 17.382
      vertex 10.4964 7.49118 17.5694
      vertex 15.4841 12.4789 17.5694
    endloop
  endfacet
  facet normal -0.690351 0.690356 -0.216389
    outer loop
      vertex 10.4964 7.49118 17.5694
      vertex 15.5096 12.4456 17.382
      vertex 10.5219 7.45794 17.382
    endloop
  endfacet
  facet normal -0.674382 0.674377 0.300707
    outer loop
      vertex 10.461 7.53736 16.2476
      vertex 15.4841 12.4789 16.4306
      vertex 15.4487 12.5251 16.2476
    endloop
  endfacet
  facet normal -0.674396 0.674393 0.30064
    outer loop
      vertex 15.4841 12.4789 16.4306
      vertex 10.461 7.53736 16.2476
      vertex 10.4964 7.49118 16.4306
    endloop
  endfacet
  facet normal 0.477809 -0.477805 -0.737157
    outer loop
      vertex 8.06004 10.0599 18.6853
      vertex 12.9234 15.1234 18.5556
      vertex 13.0278 15.0277 18.6853
    endloop
  endfacet
  facet normal 0.477769 -0.477768 -0.737207
    outer loop
      vertex 12.9234 15.1234 18.5556
      vertex 8.06004 10.0599 18.6853
      vertex 7.94681 10.1468 18.5556
    endloop
  endfacet
  facet normal -0.270507 0.270511 0.923932
    outer loop
      vertex 9.63051 8.56639 14.9327
      vertex 14.7002 13.3853 15.0061
      vertex 14.5803 13.5161 14.9327
    endloop
  endfacet
  facet normal -0.270453 0.270454 0.923964
    outer loop
      vertex 14.7002 13.3853 15.0061
      vertex 9.63051 8.56639 14.9327
      vertex 9.75041 8.43553 15.0061
    endloop
  endfacet
  facet normal 0.43029 -0.430294 0.793535
    outer loop
      vertex 13.0278 15.0277 15.3147
      vertex 8.18189 9.96644 15.1979
      vertex 13.1402 14.9247 15.1979
    endloop
  endfacet
  facet normal 0.430407 -0.430403 0.793412
    outer loop
      vertex 8.18189 9.96644 15.1979
      vertex 13.0278 15.0277 15.3147
      vertex 8.06004 10.0599 15.3147
    endloop
  endfacet
  facet normal 0.212559 -0.212557 0.953749
    outer loop
      vertex 13.5161 14.5803 14.9327
      vertex 8.70147 9.50673 14.875
      vertex 13.6512 14.4565 14.875
    endloop
  endfacet
  facet normal 0.21259 -0.212586 0.953736
    outer loop
      vertex 8.70147 9.50673 14.875
      vertex 13.5161 14.5803 14.9327
      vertex 8.56639 9.63051 14.9327
    endloop
  endfacet
  facet normal -0.0921103 0.092111 0.991479
    outer loop
      vertex 9.25134 8.98018 14.8084
      vertex 14.3298 13.7895 14.8334
      vertex 14.2011 13.9299 14.8084
    endloop
  endfacet
  facet normal -0.092107 0.0921076 0.99148
    outer loop
      vertex 14.3298 13.7895 14.8334
      vertex 9.25134 8.98018 14.8084
      vertex 9.38002 8.83975 14.8334
    endloop
  endfacet
  facet normal 0.627107 -0.627103 0.462038
    outer loop
      vertex 7.59613 10.4159 16.0702
      vertex 12.6548 15.3492 15.9
      vertex 12.5838 15.4036 16.0702
    endloop
  endfacet
  facet normal 0.627187 -0.627193 0.461806
    outer loop
      vertex 12.6548 15.3492 15.9
      vertex 7.59613 10.4159 16.0702
      vertex 7.66705 10.3615 15.9
    endloop
  endfacet
  facet normal -0.0309482 0.0309485 -0.999042
    outer loop
      vertex 9.12168 9.12168 19.2
      vertex 14.2011 13.9299 19.1916
      vertex 9.25134 8.98018 19.1916
    endloop
  endfacet
  facet normal -0.0309438 0.0309438 -0.999042
    outer loop
      vertex 14.2011 13.9299 19.1916
      vertex 9.12168 9.12168 19.2
      vertex 14.0714 14.0714 19.2
    endloop
  endfacet
  facet normal 0.521293 -0.521292 -0.675654
    outer loop
      vertex 7.94681 10.1468 18.5556
      vertex 12.8277 15.2111 18.4141
      vertex 12.9234 15.1234 18.5556
    endloop
  endfacet
  facet normal 0.52136 -0.521354 -0.675554
    outer loop
      vertex 12.8277 15.2111 18.4141
      vertex 7.94681 10.1468 18.5556
      vertex 7.84306 10.2264 18.4141
    endloop
  endfacet
  facet normal -0.690318 0.690323 0.2166
    outer loop
      vertex 15.4841 12.4789 16.4306
      vertex 10.5219 7.45794 16.618
      vertex 15.5096 12.4456 16.618
    endloop
  endfacet
  facet normal -0.690355 0.690352 0.216389
    outer loop
      vertex 10.5219 7.45794 16.618
      vertex 15.4841 12.4789 16.4306
      vertex 10.4964 7.49118 16.4306
    endloop
  endfacet
  facet normal 0.596441 -0.596447 0.537131
    outer loop
      vertex 7.66705 10.3615 15.9
      vertex 12.7373 15.2859 15.7381
      vertex 12.6548 15.3492 15.9
    endloop
  endfacet
  facet normal 0.59643 -0.596434 0.537157
    outer loop
      vertex 12.7373 15.2859 15.7381
      vertex 7.66705 10.3615 15.9
      vertex 7.74956 10.2982 15.7381
    endloop
  endfacet
  facet normal 0.380274 -0.380269 0.843082
    outer loop
      vertex 13.1402 14.9247 15.1979
      vertex 8.3099 9.86553 15.0947
      vertex 13.2596 14.8153 15.0947
    endloop
  endfacet
  facet normal 0.380147 -0.38015 0.843193
    outer loop
      vertex 13.1402 14.9247 15.1979
      vertex 8.29196 9.88197 15.1102
      vertex 8.3099 9.86553 15.0947
    endloop
  endfacet
  facet normal 0.380125 -0.380128 0.843213
    outer loop
      vertex 8.29196 9.88197 15.1102
      vertex 13.1402 14.9247 15.1979
      vertex 8.18189 9.96644 15.1979
    endloop
  endfacet
  facet normal -0.706427 0.706426 0.0438522
    outer loop
      vertex 10.5373 7.43789 16.8083
      vertex 15.5302 12.4189 17
      vertex 15.525 12.4256 16.8083
    endloop
  endfacet
  facet normal -0.706427 0.706426 0.0438522
    outer loop
      vertex 15.5302 12.4189 17
      vertex 10.5373 7.43789 16.8083
      vertex 10.5425 7.43119 17
    endloop
  endfacet
  facet normal -0.270453 0.270454 -0.923964
    outer loop
      vertex 9.63051 8.56639 19.0673
      vertex 14.7002 13.3853 18.9939
      vertex 9.75041 8.43553 18.9939
    endloop
  endfacet
  facet normal -0.270507 0.270511 -0.923932
    outer loop
      vertex 14.7002 13.3853 18.9939
      vertex 9.63051 8.56639 19.0673
      vertex 14.5803 13.5161 19.0673
    endloop
  endfacet
  facet normal -0.326447 0.326452 -0.887052
    outer loop
      vertex 9.75041 8.43553 18.9939
      vertex 14.8153 13.2596 18.9053
      vertex 9.86553 8.3099 18.9053
    endloop
  endfacet
  facet normal -0.326396 0.326397 -0.887091
    outer loop
      vertex 14.8153 13.2596 18.9053
      vertex 9.75041 8.43553 18.9939
      vertex 14.7002 13.3853 18.9939
    endloop
  endfacet
  facet normal 0.477809 -0.477805 0.737157
    outer loop
      vertex 12.9234 15.1234 15.4444
      vertex 8.06004 10.0599 15.3147
      vertex 13.0278 15.0277 15.3147
    endloop
  endfacet
  facet normal 0.477769 -0.477768 0.737207
    outer loop
      vertex 8.06004 10.0599 15.3147
      vertex 12.9234 15.1234 15.4444
      vertex 7.94681 10.1468 15.4444
    endloop
  endfacet
  facet normal 0.092111 -0.0921103 -0.991479
    outer loop
      vertex 8.98018 9.25134 19.1916
      vertex 13.7895 14.3298 19.1666
      vertex 13.9299 14.2011 19.1916
    endloop
  endfacet
  facet normal 0.0921076 -0.092107 -0.99148
    outer loop
      vertex 13.7895 14.3298 19.1666
      vertex 8.98018 9.25134 19.1916
      vertex 8.83975 9.38002 19.1666
    endloop
  endfacet
  facet normal 0.15325 -0.15325 0.976232
    outer loop
      vertex 13.6512 14.4565 14.875
      vertex 8.83975 9.38002 14.8334
      vertex 13.7895 14.3298 14.8334
    endloop
  endfacet
  facet normal 0.153256 -0.153255 0.97623
    outer loop
      vertex 8.83975 9.38002 14.8334
      vertex 13.6512 14.4565 14.875
      vertex 8.70147 9.50673 14.875
    endloop
  endfacet
  facet normal 0.55076 -0.571726 -0.608106
    outer loop
      vertex 12.8277 15.2111 18.4141
      vertex 12.7373 15.2859 18.2619
      vertex 12.7915 15.2443 18.3501
    endloop
  endfacet
  facet normal 0.560941 -0.560934 -0.60885
    outer loop
      vertex 7.84306 10.2264 18.4141
      vertex 12.7373 15.2859 18.2619
      vertex 12.8277 15.2111 18.4141
    endloop
  endfacet
  facet normal 0.56081 -0.560814 -0.609081
    outer loop
      vertex 12.7373 15.2859 18.2619
      vertex 7.84306 10.2264 18.4141
      vertex 7.74956 10.2982 18.2619
    endloop
  endfacet
  facet normal -0.0309438 0.0309438 0.999042
    outer loop
      vertex 9.12168 9.12168 14.8
      vertex 14.2011 13.9299 14.8084
      vertex 14.0714 14.0714 14.8
    endloop
  endfacet
  facet normal -0.0309482 0.0309485 0.999042
    outer loop
      vertex 14.2011 13.9299 14.8084
      vertex 9.12168 9.12168 14.8
      vertex 9.25134 8.98018 14.8084
    endloop
  endfacet
  facet normal -0.092107 0.0921076 -0.99148
    outer loop
      vertex 9.25134 8.98018 19.1916
      vertex 14.3298 13.7895 19.1666
      vertex 9.38002 8.83975 19.1666
    endloop
  endfacet
  facet normal -0.0921103 0.092111 -0.991479
    outer loop
      vertex 14.3298 13.7895 19.1666
      vertex 9.25134 8.98018 19.1916
      vertex 14.2011 13.9299 19.1916
    endloop
  endfacet
  facet normal -0.701065 0.701071 0.130414
    outer loop
      vertex 10.5219 7.45794 16.618
      vertex 15.525 12.4256 16.8083
      vertex 15.5096 12.4456 16.618
    endloop
  endfacet
  facet normal -0.701052 0.70105 0.130595
    outer loop
      vertex 15.525 12.4256 16.8083
      vertex 10.5219 7.45794 16.618
      vertex 10.5373 7.43789 16.8083
    endloop
  endfacet
  facet normal 0.55076 -0.571726 0.608106
    outer loop
      vertex 12.7373 15.2859 15.7381
      vertex 12.8277 15.2111 15.5859
      vertex 12.7915 15.2443 15.6499
    endloop
  endfacet
  facet normal 0.560941 -0.560934 0.60885
    outer loop
      vertex 12.7373 15.2859 15.7381
      vertex 7.84306 10.2264 15.5859
      vertex 12.8277 15.2111 15.5859
    endloop
  endfacet
  facet normal 0.56081 -0.560814 0.609081
    outer loop
      vertex 7.84306 10.2264 15.5859
      vertex 12.7373 15.2859 15.7381
      vertex 7.74956 10.2982 15.7381
    endloop
  endfacet
  facet normal -0.153255 0.153256 -0.97623
    outer loop
      vertex 9.38002 8.83975 19.1666
      vertex 14.4565 13.6512 19.125
      vertex 9.50673 8.70147 19.125
    endloop
  endfacet
  facet normal -0.15325 0.15325 -0.976232
    outer loop
      vertex 14.4565 13.6512 19.125
      vertex 9.38002 8.83975 19.1666
      vertex 14.3298 13.7895 19.1666
    endloop
  endfacet
  facet normal 0.701067 -0.701069 -0.130414
    outer loop
      vertex 12.4456 15.5096 17.382
      vertex 7.43789 10.5373 17.1917
      vertex 12.4256 15.525 17.1917
    endloop
  endfacet
  facet normal 0.701054 -0.701048 -0.130595
    outer loop
      vertex 7.43789 10.5373 17.1917
      vertex 12.4456 15.5096 17.382
      vertex 7.45794 10.5219 17.382
    endloop
  endfacet
  facet normal 0.0309438 -0.0309438 -0.999042
    outer loop
      vertex 9.12168 9.12168 19.2
      vertex 13.9299 14.2011 19.1916
      vertex 14.0714 14.0714 19.2
    endloop
  endfacet
  facet normal 0.0309485 -0.0309482 -0.999042
    outer loop
      vertex 13.9299 14.2011 19.1916
      vertex 9.12168 9.12168 19.2
      vertex 8.98018 9.25134 19.1916
    endloop
  endfacet
  facet normal -0.326396 0.326397 0.887091
    outer loop
      vertex 9.75041 8.43553 15.0061
      vertex 14.8153 13.2596 15.0947
      vertex 14.7002 13.3853 15.0061
    endloop
  endfacet
  facet normal -0.326447 0.326452 0.887052
    outer loop
      vertex 14.8153 13.2596 15.0947
      vertex 9.75041 8.43553 15.0061
      vertex 9.86553 8.3099 15.0947
    endloop
  endfacet
  facet normal -0.521354 0.52136 -0.675554
    outer loop
      vertex 10.1468 7.94681 18.5556
      vertex 15.2111 12.8277 18.4141
      vertex 10.2264 7.84306 18.4141
    endloop
  endfacet
  facet normal -0.521292 0.521293 -0.675654
    outer loop
      vertex 15.2111 12.8277 18.4141
      vertex 10.1468 7.94681 18.5556
      vertex 15.1234 12.9234 18.5556
    endloop
  endfacet
  facet normal -0.477805 0.477809 0.737157
    outer loop
      vertex 10.0599 8.06004 15.3147
      vertex 15.1234 12.9234 15.4444
      vertex 15.0277 13.0278 15.3147
    endloop
  endfacet
  facet normal -0.477768 0.477769 0.737207
    outer loop
      vertex 15.1234 12.9234 15.4444
      vertex 10.0599 8.06004 15.3147
      vertex 10.1468 7.94681 15.4444
    endloop
  endfacet
  facet normal 0.326397 -0.326396 0.887091
    outer loop
      vertex 13.2596 14.8153 15.0947
      vertex 8.43553 9.75041 15.0061
      vertex 13.3853 14.7002 15.0061
    endloop
  endfacet
  facet normal 0.326452 -0.326447 0.887052
    outer loop
      vertex 8.43553 9.75041 15.0061
      vertex 13.2596 14.8153 15.0947
      vertex 8.3099 9.86553 15.0947
    endloop
  endfacet
  facet normal -0.571726 0.55076 0.608106
    outer loop
      vertex 15.2111 12.8277 15.5859
      vertex 15.2859 12.7373 15.7381
      vertex 15.2443 12.7915 15.6499
    endloop
  endfacet
  facet normal -0.560934 0.560941 0.60885
    outer loop
      vertex 10.2264 7.84306 15.5859
      vertex 15.2859 12.7373 15.7381
      vertex 15.2111 12.8277 15.5859
    endloop
  endfacet
  facet normal -0.560814 0.56081 0.609081
    outer loop
      vertex 15.2859 12.7373 15.7381
      vertex 10.2264 7.84306 15.5859
      vertex 10.2982 7.74956 15.7381
    endloop
  endfacet
  facet normal 0.270511 -0.270507 -0.923932
    outer loop
      vertex 8.56639 9.63051 19.0673
      vertex 13.3853 14.7002 18.9939
      vertex 13.5161 14.5803 19.0673
    endloop
  endfacet
  facet normal 0.270454 -0.270453 -0.923964
    outer loop
      vertex 13.3853 14.7002 18.9939
      vertex 8.56639 9.63051 19.0673
      vertex 8.43553 9.75041 18.9939
    endloop
  endfacet
  facet normal 0.701067 -0.701069 0.130414
    outer loop
      vertex 7.43789 10.5373 16.8083
      vertex 12.4456 15.5096 16.618
      vertex 12.4256 15.525 16.8083
    endloop
  endfacet
  facet normal 0.701054 -0.701048 0.130595
    outer loop
      vertex 12.4456 15.5096 16.618
      vertex 7.43789 10.5373 16.8083
      vertex 7.45794 10.5219 16.618
    endloop
  endfacet
  facet normal -0.653389 0.653392 0.382311
    outer loop
      vertex 10.4159 7.59613 16.0702
      vertex 15.4487 12.5251 16.2476
      vertex 15.4036 12.5838 16.0702
    endloop
  endfacet
  facet normal -0.653329 0.653324 0.382531
    outer loop
      vertex 15.4487 12.5251 16.2476
      vertex 10.4159 7.59613 16.0702
      vertex 10.461 7.53736 16.2476
    endloop
  endfacet
  facet normal -0.627108 0.627102 0.462038
    outer loop
      vertex 10.3615 7.66705 15.9
      vertex 15.4036 12.5838 16.0702
      vertex 15.3492 12.6548 15.9
    endloop
  endfacet
  facet normal -0.627188 0.627192 0.461807
    outer loop
      vertex 15.4036 12.5838 16.0702
      vertex 10.3615 7.66705 15.9
      vertex 10.4159 7.59613 16.0702
    endloop
  endfacet
  facet normal 0.706426 -0.706427 0.0438522
    outer loop
      vertex 7.43119 10.5425 17
      vertex 12.4256 15.525 16.8083
      vertex 12.4189 15.5302 17
    endloop
  endfacet
  facet normal 0.706426 -0.706427 0.0438522
    outer loop
      vertex 12.4256 15.525 16.8083
      vertex 7.43119 10.5425 17
      vertex 7.43789 10.5373 16.8083
    endloop
  endfacet
  facet normal 0.326397 -0.326396 -0.887091
    outer loop
      vertex 8.43553 9.75041 18.9939
      vertex 13.2596 14.8153 18.9053
      vertex 13.3853 14.7002 18.9939
    endloop
  endfacet
  facet normal 0.326452 -0.326447 -0.887052
    outer loop
      vertex 13.2596 14.8153 18.9053
      vertex 8.43553 9.75041 18.9939
      vertex 8.3099 9.86553 18.9053
    endloop
  endfacet
  facet normal -0.701065 0.701071 -0.130414
    outer loop
      vertex 15.525 12.4256 17.1917
      vertex 10.5219 7.45794 17.382
      vertex 15.5096 12.4456 17.382
    endloop
  endfacet
  facet normal -0.701052 0.70105 -0.130595
    outer loop
      vertex 10.5219 7.45794 17.382
      vertex 15.525 12.4256 17.1917
      vertex 10.5373 7.43789 17.1917
    endloop
  endfacet
  facet normal -0.674382 0.674377 -0.300707
    outer loop
      vertex 15.4841 12.4789 17.5694
      vertex 10.461 7.53736 17.7524
      vertex 15.4487 12.5251 17.7524
    endloop
  endfacet
  facet normal -0.674396 0.674393 -0.30064
    outer loop
      vertex 10.461 7.53736 17.7524
      vertex 15.4841 12.4789 17.5694
      vertex 10.4964 7.49118 17.5694
    endloop
  endfacet
  facet normal -0.596446 0.596441 -0.537131
    outer loop
      vertex 15.3492 12.6548 18.1
      vertex 10.2982 7.74956 18.2619
      vertex 15.2859 12.7373 18.2619
    endloop
  endfacet
  facet normal -0.596435 0.596429 -0.537157
    outer loop
      vertex 10.2982 7.74956 18.2619
      vertex 15.3492 12.6548 18.1
      vertex 10.3615 7.66705 18.1
    endloop
  endfacet
  facet normal -0.212557 0.212559 0.953749
    outer loop
      vertex 9.50673 8.70147 14.875
      vertex 14.5803 13.5161 14.9327
      vertex 14.4565 13.6512 14.875
    endloop
  endfacet
  facet normal -0.212586 0.21259 0.953736
    outer loop
      vertex 14.5803 13.5161 14.9327
      vertex 9.50673 8.70147 14.875
      vertex 9.63051 8.56639 14.9327
    endloop
  endfacet
  facet normal 0.596441 -0.596447 -0.537131
    outer loop
      vertex 12.7373 15.2859 18.2619
      vertex 7.66705 10.3615 18.1
      vertex 12.6548 15.3492 18.1
    endloop
  endfacet
  facet normal 0.59643 -0.596434 -0.537157
    outer loop
      vertex 7.66705 10.3615 18.1
      vertex 12.7373 15.2859 18.2619
      vertex 7.74956 10.2982 18.2619
    endloop
  endfacet
  facet normal -0.380269 0.380274 0.843082
    outer loop
      vertex 9.86553 8.3099 15.0947
      vertex 14.9247 13.1402 15.1979
      vertex 14.8153 13.2596 15.0947
    endloop
  endfacet
  facet normal -0.380128 0.380125 0.843213
    outer loop
      vertex 14.9247 13.1402 15.1979
      vertex 9.88197 8.29196 15.1102
      vertex 9.96644 8.18189 15.1979
    endloop
  endfacet
  facet normal -0.38015 0.380147 0.843193
    outer loop
      vertex 14.9247 13.1402 15.1979
      vertex 9.86553 8.3099 15.0947
      vertex 9.88197 8.29196 15.1102
    endloop
  endfacet
  facet normal -0.15325 0.15325 0.976232
    outer loop
      vertex 9.38002 8.83975 14.8334
      vertex 14.4565 13.6512 14.875
      vertex 14.3298 13.7895 14.8334
    endloop
  endfacet
  facet normal -0.153255 0.153256 0.97623
    outer loop
      vertex 14.4565 13.6512 14.875
      vertex 9.38002 8.83975 14.8334
      vertex 9.50673 8.70147 14.875
    endloop
  endfacet
  facet normal -0.653389 0.653392 -0.382311
    outer loop
      vertex 15.4487 12.5251 17.7524
      vertex 10.4159 7.59613 17.9298
      vertex 15.4036 12.5838 17.9298
    endloop
  endfacet
  facet normal -0.653329 0.653324 -0.382531
    outer loop
      vertex 10.4159 7.59613 17.9298
      vertex 15.4487 12.5251 17.7524
      vertex 10.461 7.53736 17.7524
    endloop
  endfacet
  facet normal -0.627108 0.627102 -0.462038
    outer loop
      vertex 15.4036 12.5838 17.9298
      vertex 10.3615 7.66705 18.1
      vertex 15.3492 12.6548 18.1
    endloop
  endfacet
  facet normal -0.627188 0.627192 -0.461807
    outer loop
      vertex 10.3615 7.66705 18.1
      vertex 15.4036 12.5838 17.9298
      vertex 10.4159 7.59613 17.9298
    endloop
  endfacet
  facet normal -0.477768 0.477769 -0.737207
    outer loop
      vertex 10.0599 8.06004 18.6853
      vertex 15.1234 12.9234 18.5556
      vertex 10.1468 7.94681 18.5556
    endloop
  endfacet
  facet normal -0.477805 0.477809 -0.737157
    outer loop
      vertex 15.1234 12.9234 18.5556
      vertex 10.0599 8.06004 18.6853
      vertex 15.0277 13.0278 18.6853
    endloop
  endfacet
  facet normal 0.15325 -0.15325 -0.976232
    outer loop
      vertex 8.83975 9.38002 19.1666
      vertex 13.6512 14.4565 19.125
      vertex 13.7895 14.3298 19.1666
    endloop
  endfacet
  facet normal 0.153256 -0.153255 -0.97623
    outer loop
      vertex 13.6512 14.4565 19.125
      vertex 8.83975 9.38002 19.1666
      vertex 8.70147 9.50673 19.125
    endloop
  endfacet
  facet normal 0.212559 -0.212557 -0.953749
    outer loop
      vertex 8.70147 9.50673 19.125
      vertex 13.5161 14.5803 19.0673
      vertex 13.6512 14.4565 19.125
    endloop
  endfacet
  facet normal 0.21259 -0.212586 -0.953736
    outer loop
      vertex 13.5161 14.5803 19.0673
      vertex 8.70147 9.50673 19.125
      vertex 8.56639 9.63051 19.0673
    endloop
  endfacet
  facet normal 0.674393 -0.674396 0.30064
    outer loop
      vertex 7.53736 10.461 16.2476
      vertex 12.4789 15.4841 16.4306
      vertex 7.49118 10.4964 16.4306
    endloop
  endfacet
  facet normal 0.674377 -0.674382 0.300707
    outer loop
      vertex 12.4789 15.4841 16.4306
      vertex 7.53736 10.461 16.2476
      vertex 12.5251 15.4487 16.2476
    endloop
  endfacet
  facet normal 0.653324 -0.653329 -0.382531
    outer loop
      vertex 12.5251 15.4487 17.7524
      vertex 7.59613 10.4159 17.9298
      vertex 7.53736 10.461 17.7524
    endloop
  endfacet
  facet normal 0.653392 -0.653389 -0.382311
    outer loop
      vertex 7.59613 10.4159 17.9298
      vertex 12.5251 15.4487 17.7524
      vertex 12.5838 15.4036 17.9298
    endloop
  endfacet
  facet normal 0.627107 -0.627103 -0.462038
    outer loop
      vertex 12.6548 15.3492 18.1
      vertex 7.59613 10.4159 17.9298
      vertex 12.5838 15.4036 17.9298
    endloop
  endfacet
  facet normal 0.627187 -0.627193 -0.461806
    outer loop
      vertex 7.59613 10.4159 17.9298
      vertex 12.6548 15.3492 18.1
      vertex 7.66705 10.3615 18.1
    endloop
  endfacet
  facet normal -0.380128 0.380125 -0.843213
    outer loop
      vertex 9.88197 8.29196 18.8898
      vertex 14.9247 13.1402 18.8021
      vertex 9.96644 8.18189 18.8021
    endloop
  endfacet
  facet normal -0.38015 0.380147 -0.843193
    outer loop
      vertex 9.86553 8.3099 18.9053
      vertex 14.9247 13.1402 18.8021
      vertex 9.88197 8.29196 18.8898
    endloop
  endfacet
  facet normal -0.380269 0.380274 -0.843082
    outer loop
      vertex 14.9247 13.1402 18.8021
      vertex 9.86553 8.3099 18.9053
      vertex 14.8153 13.2596 18.9053
    endloop
  endfacet
  facet normal 0.43029 -0.430294 -0.793535
    outer loop
      vertex 8.18189 9.96644 18.8021
      vertex 13.0278 15.0277 18.6853
      vertex 13.1402 14.9247 18.8021
    endloop
  endfacet
  facet normal 0.430407 -0.430403 -0.793412
    outer loop
      vertex 13.0278 15.0277 18.6853
      vertex 8.18189 9.96644 18.8021
      vertex 8.06004 10.0599 18.6853
    endloop
  endfacet
  facet normal 0.674393 -0.674396 -0.30064
    outer loop
      vertex 12.4789 15.4841 17.5694
      vertex 7.53736 10.461 17.7524
      vertex 7.49118 10.4964 17.5694
    endloop
  endfacet
  facet normal 0.674377 -0.674382 -0.300707
    outer loop
      vertex 7.53736 10.461 17.7524
      vertex 12.4789 15.4841 17.5694
      vertex 12.5251 15.4487 17.7524
    endloop
  endfacet
  facet normal 0.380274 -0.380269 -0.843082
    outer loop
      vertex 8.3099 9.86553 18.9053
      vertex 13.1402 14.9247 18.8021
      vertex 13.2596 14.8153 18.9053
    endloop
  endfacet
  facet normal 0.380147 -0.38015 -0.843193
    outer loop
      vertex 8.29196 9.88197 18.8898
      vertex 13.1402 14.9247 18.8021
      vertex 8.3099 9.86553 18.9053
    endloop
  endfacet
  facet normal 0.380125 -0.380128 -0.843213
    outer loop
      vertex 13.1402 14.9247 18.8021
      vertex 8.29196 9.88197 18.8898
      vertex 8.18189 9.96644 18.8021
    endloop
  endfacet
  facet normal -0.212586 0.21259 -0.953736
    outer loop
      vertex 9.50673 8.70147 19.125
      vertex 14.5803 13.5161 19.0673
      vertex 9.63051 8.56639 19.0673
    endloop
  endfacet
  facet normal -0.212557 0.212559 -0.953749
    outer loop
      vertex 14.5803 13.5161 19.0673
      vertex 9.50673 8.70147 19.125
      vertex 14.4565 13.6512 19.125
    endloop
  endfacet
  facet normal 0.706426 -0.706427 -0.0438522
    outer loop
      vertex 12.4256 15.525 17.1917
      vertex 7.43119 10.5425 17
      vertex 12.4189 15.5302 17
    endloop
  endfacet
  facet normal 0.706426 -0.706427 -0.0438522
    outer loop
      vertex 7.43119 10.5425 17
      vertex 12.4256 15.525 17.1917
      vertex 7.43789 10.5373 17.1917
    endloop
  endfacet
  facet normal -0.571726 0.55076 -0.608106
    outer loop
      vertex 15.2859 12.7373 18.2619
      vertex 15.2111 12.8277 18.4141
      vertex 15.2443 12.7915 18.3501
    endloop
  endfacet
  facet normal -0.560814 0.56081 -0.609081
    outer loop
      vertex 10.2264 7.84306 18.4141
      vertex 15.2859 12.7373 18.2619
      vertex 10.2982 7.74956 18.2619
    endloop
  endfacet
  facet normal -0.560934 0.560941 -0.60885
    outer loop
      vertex 15.2859 12.7373 18.2619
      vertex 10.2264 7.84306 18.4141
      vertex 15.2111 12.8277 18.4141
    endloop
  endfacet
  facet normal -0.430403 0.430407 -0.793412
    outer loop
      vertex 9.96644 8.18189 18.8021
      vertex 15.0277 13.0278 18.6853
      vertex 10.0599 8.06004 18.6853
    endloop
  endfacet
  facet normal -0.430294 0.43029 -0.793535
    outer loop
      vertex 15.0277 13.0278 18.6853
      vertex 9.96644 8.18189 18.8021
      vertex 14.9247 13.1402 18.8021
    endloop
  endfacet
endsolid OpenSCAD_Model
