solid OpenSCAD_Model
  facet normal 0.195092 0.980785 0
    outer loop
      vertex 16.5 -1.3 34
      vertex 16.0025 -1.20104 13.7823
      vertex 16.0025 -1.20104 34
    endloop
  endfacet
  facet normal 0.195092 0.980785 0
    outer loop
      vertex 16.0025 -1.20104 13.7823
      vertex 16.5 -1.3 34
      vertex 16.5 -1.3 13.7011
    endloop
  endfacet
  facet normal -0.831304 -0.555817 0
    outer loop
      vertex 17.4837 0.822769 13.9863
      vertex 17.4192 0.919238 34
      vertex 17.4192 0.919238 13.9348
    endloop
  endfacet
  facet normal -0.831523 -0.55549 -2.28438e-06
    outer loop
      vertex 17.701 0.497488 14.085
      vertex 17.4192 0.919238 34
      vertex 17.4837 0.822769 13.9863
    endloop
  endfacet
  facet normal -0.831474 -0.555564 0
    outer loop
      vertex 17.4192 0.919238 34
      vertex 17.701 0.497488 14.085
      vertex 17.701 0.497488 34
    endloop
  endfacet
  facet normal -0.980602 -0.19601 0
    outer loop
      vertex 17.7166 0.419444 14.1087
      vertex 17.701 0.497488 34
      vertex 17.701 0.497488 14.085
    endloop
  endfacet
  facet normal -0.9808 -0.195017 -4.04902e-06
    outer loop
      vertex 17.8 0 14.15
      vertex 17.701 0.497488 34
      vertex 17.7166 0.419444 14.1087
    endloop
  endfacet
  facet normal -0.980769 -0.195173 0
    outer loop
      vertex 17.701 0.497488 34
      vertex 17.8 0 14.15
      vertex 17.8 0 34
    endloop
  endfacet
  facet normal -0.555613 -0.831441 0
    outer loop
      vertex 16.9975 1.20104 34
      vertex 17.4192 0.919238 13.9348
      vertex 17.4192 0.919238 34
    endloop
  endfacet
  facet normal -0.555597 -0.831452 4.68543e-07
    outer loop
      vertex 16.9975 1.20104 34
      vertex 17.0073 1.19448 13.7877
      vertex 17.4192 0.919238 13.9348
    endloop
  endfacet
  facet normal -0.556265 -0.831005 0
    outer loop
      vertex 17.0073 1.19448 13.7877
      vertex 16.9975 1.20104 34
      vertex 16.9975 1.20104 13.7823
    endloop
  endfacet
  facet normal -0.831523 0.55549 -2.28438e-06
    outer loop
      vertex 17.4192 -0.919238 34
      vertex 17.701 -0.497488 14.085
      vertex 17.4837 -0.822769 13.9863
    endloop
  endfacet
  facet normal -0.831304 0.555817 0
    outer loop
      vertex 17.4192 -0.919238 34
      vertex 17.4837 -0.822769 13.9863
      vertex 17.4192 -0.919238 13.9348
    endloop
  endfacet
  facet normal -0.831474 0.555564 0
    outer loop
      vertex 17.701 -0.497488 14.085
      vertex 17.4192 -0.919238 34
      vertex 17.701 -0.497488 34
    endloop
  endfacet
  facet normal -0.555613 0.831441 0
    outer loop
      vertex 17.4192 -0.919238 13.9348
      vertex 16.9975 -1.20104 34
      vertex 17.4192 -0.919238 34
    endloop
  endfacet
  facet normal -0.555597 0.831452 4.68543e-07
    outer loop
      vertex 17.0073 -1.19448 13.7877
      vertex 16.9975 -1.20104 34
      vertex 17.4192 -0.919238 13.9348
    endloop
  endfacet
  facet normal -0.556265 0.831005 0
    outer loop
      vertex 16.9975 -1.20104 34
      vertex 17.0073 -1.19448 13.7877
      vertex 16.9975 -1.20104 13.7823
    endloop
  endfacet
  facet normal 0.980602 -0.19601 0
    outer loop
      vertex 15.299 0.497488 34
      vertex 15.2834 0.419444 14.1087
      vertex 15.299 0.497488 14.085
    endloop
  endfacet
  facet normal 0.980769 -0.195173 0
    outer loop
      vertex 15.2 0 14.15
      vertex 15.299 0.497488 34
      vertex 15.2 0 34
    endloop
  endfacet
  facet normal 0.9808 -0.195017 -4.04902e-06
    outer loop
      vertex 15.299 0.497488 34
      vertex 15.2 0 14.15
      vertex 15.2834 0.419444 14.1087
    endloop
  endfacet
  facet normal 0.555613 -0.831441 0
    outer loop
      vertex 15.5808 0.919238 13.9348
      vertex 16.0025 1.20104 34
      vertex 15.5808 0.919238 34
    endloop
  endfacet
  facet normal 0.555597 -0.831452 4.68543e-07
    outer loop
      vertex 15.9927 1.19448 13.7877
      vertex 16.0025 1.20104 34
      vertex 15.5808 0.919238 13.9348
    endloop
  endfacet
  facet normal 0.556265 -0.831005 0
    outer loop
      vertex 16.0025 1.20104 34
      vertex 15.9927 1.19448 13.7877
      vertex 16.0025 1.20104 13.7823
    endloop
  endfacet
  facet normal -0.9808 0.195017 -4.04902e-06
    outer loop
      vertex 17.701 -0.497488 34
      vertex 17.8 0 14.15
      vertex 17.7166 -0.419444 14.1087
    endloop
  endfacet
  facet normal -0.980602 0.19601 0
    outer loop
      vertex 17.701 -0.497488 34
      vertex 17.7166 -0.419444 14.1087
      vertex 17.701 -0.497488 14.085
    endloop
  endfacet
  facet normal -0.980769 0.195173 0
    outer loop
      vertex 17.8 0 14.15
      vertex 17.701 -0.497488 34
      vertex 17.8 0 34
    endloop
  endfacet
  facet normal 0.980769 0.195173 0
    outer loop
      vertex 15.299 -0.497488 34
      vertex 15.2 0 14.15
      vertex 15.2 0 34
    endloop
  endfacet
  facet normal 0.9808 0.195017 -4.04902e-06
    outer loop
      vertex 15.2 0 14.15
      vertex 15.299 -0.497488 34
      vertex 15.2834 -0.419444 14.1087
    endloop
  endfacet
  facet normal 0.980602 0.19601 0
    outer loop
      vertex 15.2834 -0.419444 14.1087
      vertex 15.299 -0.497488 34
      vertex 15.299 -0.497488 14.085
    endloop
  endfacet
  facet normal 0.195092 -0.980785 0
    outer loop
      vertex 16.0025 1.20104 13.7823
      vertex 16.5 1.3 34
      vertex 16.0025 1.20104 34
    endloop
  endfacet
  facet normal 0.195092 -0.980785 0
    outer loop
      vertex 16.5 1.3 34
      vertex 16.0025 1.20104 13.7823
      vertex 16.5 1.3 13.7011
    endloop
  endfacet
  facet normal -0.195092 -0.980785 0
    outer loop
      vertex 16.5 1.3 34
      vertex 16.9975 1.20104 13.7823
      vertex 16.9975 1.20104 34
    endloop
  endfacet
  facet normal -0.195092 -0.980785 0
    outer loop
      vertex 16.9975 1.20104 13.7823
      vertex 16.5 1.3 34
      vertex 16.5 1.3 13.7011
    endloop
  endfacet
  facet normal 0.831474 0.555564 0
    outer loop
      vertex 15.5808 -0.919238 34
      vertex 15.299 -0.497488 14.085
      vertex 15.299 -0.497488 34
    endloop
  endfacet
  facet normal 0.831523 0.55549 -2.28438e-06
    outer loop
      vertex 15.299 -0.497488 14.085
      vertex 15.5808 -0.919238 34
      vertex 15.5163 -0.822769 13.9863
    endloop
  endfacet
  facet normal 0.831304 0.555817 0
    outer loop
      vertex 15.5163 -0.822769 13.9863
      vertex 15.5808 -0.919238 34
      vertex 15.5808 -0.919238 13.9348
    endloop
  endfacet
  facet normal 0.831304 -0.555817 0
    outer loop
      vertex 15.5808 0.919238 34
      vertex 15.5163 0.822769 13.9863
      vertex 15.5808 0.919238 13.9348
    endloop
  endfacet
  facet normal 0.831474 -0.555564 0
    outer loop
      vertex 15.299 0.497488 14.085
      vertex 15.5808 0.919238 34
      vertex 15.299 0.497488 34
    endloop
  endfacet
  facet normal 0.831523 -0.55549 -2.28438e-06
    outer loop
      vertex 15.5808 0.919238 34
      vertex 15.299 0.497488 14.085
      vertex 15.5163 0.822769 13.9863
    endloop
  endfacet
  facet normal -0.195092 0.980785 0
    outer loop
      vertex 16.9975 -1.20104 13.7823
      vertex 16.5 -1.3 34
      vertex 16.9975 -1.20104 34
    endloop
  endfacet
  facet normal -0.195092 0.980785 0
    outer loop
      vertex 16.5 -1.3 34
      vertex 16.9975 -1.20104 13.7823
      vertex 16.5 -1.3 13.7011
    endloop
  endfacet
  facet normal 0.555613 0.831441 0
    outer loop
      vertex 16.0025 -1.20104 34
      vertex 15.5808 -0.919238 13.9348
      vertex 15.5808 -0.919238 34
    endloop
  endfacet
  facet normal 0.555597 0.831452 4.68543e-07
    outer loop
      vertex 16.0025 -1.20104 34
      vertex 15.9927 -1.19448 13.7877
      vertex 15.5808 -0.919238 13.9348
    endloop
  endfacet
  facet normal 0.556265 0.831005 0
    outer loop
      vertex 15.9927 -1.19448 13.7877
      vertex 16.0025 -1.20104 34
      vertex 16.0025 -1.20104 13.7823
    endloop
  endfacet
  facet normal -0.195092 -0.980785 0
    outer loop
      vertex -16.5 1.3 34
      vertex -16.0025 1.20104 13.7823
      vertex -16.0025 1.20104 34
    endloop
  endfacet
  facet normal -0.195092 -0.980785 0
    outer loop
      vertex -16.0025 1.20104 13.7823
      vertex -16.5 1.3 34
      vertex -16.5 1.3 13.7011
    endloop
  endfacet
  facet normal 0.831474 0.555564 0
    outer loop
      vertex -17.4192 -0.919238 34
      vertex -17.701 -0.497488 14.085
      vertex -17.701 -0.497488 34
    endloop
  endfacet
  facet normal 0.831523 0.55549 -2.28438e-06
    outer loop
      vertex -17.701 -0.497488 14.085
      vertex -17.4192 -0.919238 34
      vertex -17.4837 -0.822769 13.9863
    endloop
  endfacet
  facet normal 0.831304 0.555817 0
    outer loop
      vertex -17.4837 -0.822769 13.9863
      vertex -17.4192 -0.919238 34
      vertex -17.4192 -0.919238 13.9348
    endloop
  endfacet
  facet normal 0.555613 0.831441 0
    outer loop
      vertex -16.9975 -1.20104 34
      vertex -17.4192 -0.919238 13.9348
      vertex -17.4192 -0.919238 34
    endloop
  endfacet
  facet normal 0.555597 0.831452 4.68543e-07
    outer loop
      vertex -16.9975 -1.20104 34
      vertex -17.0073 -1.19448 13.7877
      vertex -17.4192 -0.919238 13.9348
    endloop
  endfacet
  facet normal 0.556265 0.831005 0
    outer loop
      vertex -17.0073 -1.19448 13.7877
      vertex -16.9975 -1.20104 34
      vertex -16.9975 -1.20104 13.7823
    endloop
  endfacet
  facet normal 0.555613 -0.831441 0
    outer loop
      vertex -17.4192 0.919238 13.9348
      vertex -16.9975 1.20104 34
      vertex -17.4192 0.919238 34
    endloop
  endfacet
  facet normal 0.555597 -0.831452 4.68543e-07
    outer loop
      vertex -17.0073 1.19448 13.7877
      vertex -16.9975 1.20104 34
      vertex -17.4192 0.919238 13.9348
    endloop
  endfacet
  facet normal 0.556265 -0.831005 0
    outer loop
      vertex -16.9975 1.20104 34
      vertex -17.0073 1.19448 13.7877
      vertex -16.9975 1.20104 13.7823
    endloop
  endfacet
  facet normal 0.980769 0.195173 0
    outer loop
      vertex -17.701 -0.497488 34
      vertex -17.8 0 14.15
      vertex -17.8 0 34
    endloop
  endfacet
  facet normal 0.9808 0.195017 -4.04902e-06
    outer loop
      vertex -17.8 0 14.15
      vertex -17.701 -0.497488 34
      vertex -17.7166 -0.419444 14.1087
    endloop
  endfacet
  facet normal 0.980602 0.19601 0
    outer loop
      vertex -17.7166 -0.419444 14.1087
      vertex -17.701 -0.497488 34
      vertex -17.701 -0.497488 14.085
    endloop
  endfacet
  facet normal 0.195092 -0.980785 0
    outer loop
      vertex -16.9975 1.20104 13.7823
      vertex -16.5 1.3 34
      vertex -16.9975 1.20104 34
    endloop
  endfacet
  facet normal 0.195092 -0.980785 0
    outer loop
      vertex -16.5 1.3 34
      vertex -16.9975 1.20104 13.7823
      vertex -16.5 1.3 13.7011
    endloop
  endfacet
  facet normal -0.9808 0.195017 -4.04902e-06
    outer loop
      vertex -15.299 -0.497488 34
      vertex -15.2 0 14.15
      vertex -15.2834 -0.419444 14.1087
    endloop
  endfacet
  facet normal -0.980602 0.19601 0
    outer loop
      vertex -15.299 -0.497488 34
      vertex -15.2834 -0.419444 14.1087
      vertex -15.299 -0.497488 14.085
    endloop
  endfacet
  facet normal -0.980769 0.195173 0
    outer loop
      vertex -15.2 0 14.15
      vertex -15.299 -0.497488 34
      vertex -15.2 0 34
    endloop
  endfacet
  facet normal -0.555613 0.831441 0
    outer loop
      vertex -15.5808 -0.919238 13.9348
      vertex -16.0025 -1.20104 34
      vertex -15.5808 -0.919238 34
    endloop
  endfacet
  facet normal -0.555597 0.831452 4.68543e-07
    outer loop
      vertex -15.9927 -1.19448 13.7877
      vertex -16.0025 -1.20104 34
      vertex -15.5808 -0.919238 13.9348
    endloop
  endfacet
  facet normal -0.556265 0.831005 0
    outer loop
      vertex -16.0025 -1.20104 34
      vertex -15.9927 -1.19448 13.7877
      vertex -16.0025 -1.20104 13.7823
    endloop
  endfacet
  facet normal 0.980602 -0.19601 0
    outer loop
      vertex -17.701 0.497488 34
      vertex -17.7166 0.419444 14.1087
      vertex -17.701 0.497488 14.085
    endloop
  endfacet
  facet normal 0.980769 -0.195173 0
    outer loop
      vertex -17.8 0 14.15
      vertex -17.701 0.497488 34
      vertex -17.8 0 34
    endloop
  endfacet
  facet normal 0.9808 -0.195017 -4.04902e-06
    outer loop
      vertex -17.701 0.497488 34
      vertex -17.8 0 14.15
      vertex -17.7166 0.419444 14.1087
    endloop
  endfacet
  facet normal -0.831523 0.55549 -2.28438e-06
    outer loop
      vertex -15.5808 -0.919238 34
      vertex -15.299 -0.497488 14.085
      vertex -15.5163 -0.822769 13.9863
    endloop
  endfacet
  facet normal -0.831304 0.555817 0
    outer loop
      vertex -15.5808 -0.919238 34
      vertex -15.5163 -0.822769 13.9863
      vertex -15.5808 -0.919238 13.9348
    endloop
  endfacet
  facet normal -0.831474 0.555564 0
    outer loop
      vertex -15.299 -0.497488 14.085
      vertex -15.5808 -0.919238 34
      vertex -15.299 -0.497488 34
    endloop
  endfacet
  facet normal -0.980602 -0.19601 0
    outer loop
      vertex -15.2834 0.419444 14.1087
      vertex -15.299 0.497488 34
      vertex -15.299 0.497488 14.085
    endloop
  endfacet
  facet normal -0.9808 -0.195017 -4.04902e-06
    outer loop
      vertex -15.2 0 14.15
      vertex -15.299 0.497488 34
      vertex -15.2834 0.419444 14.1087
    endloop
  endfacet
  facet normal -0.980769 -0.195173 0
    outer loop
      vertex -15.299 0.497488 34
      vertex -15.2 0 14.15
      vertex -15.2 0 34
    endloop
  endfacet
  facet normal -0.195092 0.980785 0
    outer loop
      vertex -16.0025 -1.20104 13.7823
      vertex -16.5 -1.3 34
      vertex -16.0025 -1.20104 34
    endloop
  endfacet
  facet normal -0.195092 0.980785 0
    outer loop
      vertex -16.5 -1.3 34
      vertex -16.0025 -1.20104 13.7823
      vertex -16.5 -1.3 13.7011
    endloop
  endfacet
  facet normal 0.831304 -0.555817 0
    outer loop
      vertex -17.4192 0.919238 34
      vertex -17.4837 0.822769 13.9863
      vertex -17.4192 0.919238 13.9348
    endloop
  endfacet
  facet normal 0.831474 -0.555564 0
    outer loop
      vertex -17.701 0.497488 14.085
      vertex -17.4192 0.919238 34
      vertex -17.701 0.497488 34
    endloop
  endfacet
  facet normal 0.831523 -0.55549 -2.28438e-06
    outer loop
      vertex -17.4192 0.919238 34
      vertex -17.701 0.497488 14.085
      vertex -17.4837 0.822769 13.9863
    endloop
  endfacet
  facet normal -0.831304 -0.555817 0
    outer loop
      vertex -15.5163 0.822769 13.9863
      vertex -15.5808 0.919238 34
      vertex -15.5808 0.919238 13.9348
    endloop
  endfacet
  facet normal -0.831523 -0.55549 -2.28438e-06
    outer loop
      vertex -15.299 0.497488 14.085
      vertex -15.5808 0.919238 34
      vertex -15.5163 0.822769 13.9863
    endloop
  endfacet
  facet normal -0.831474 -0.555564 0
    outer loop
      vertex -15.5808 0.919238 34
      vertex -15.299 0.497488 14.085
      vertex -15.299 0.497488 34
    endloop
  endfacet
  facet normal 0.195092 0.980785 0
    outer loop
      vertex -16.5 -1.3 34
      vertex -16.9975 -1.20104 13.7823
      vertex -16.9975 -1.20104 34
    endloop
  endfacet
  facet normal 0.195092 0.980785 0
    outer loop
      vertex -16.9975 -1.20104 13.7823
      vertex -16.5 -1.3 34
      vertex -16.5 -1.3 13.7011
    endloop
  endfacet
  facet normal -0.555613 -0.831441 0
    outer loop
      vertex -16.0025 1.20104 34
      vertex -15.5808 0.919238 13.9348
      vertex -15.5808 0.919238 34
    endloop
  endfacet
  facet normal -0.555597 -0.831452 4.68543e-07
    outer loop
      vertex -16.0025 1.20104 34
      vertex -15.9927 1.19448 13.7877
      vertex -15.5808 0.919238 13.9348
    endloop
  endfacet
  facet normal -0.556265 -0.831005 0
    outer loop
      vertex -15.9927 1.19448 13.7877
      vertex -16.0025 1.20104 34
      vertex -16.0025 1.20104 13.7823
    endloop
  endfacet
  facet normal -0.980785 0.195092 0
    outer loop
      vertex 1.20104 16.0025 23.7823
      vertex 1.3 16.5 34
      vertex 1.3 16.5 23.7011
    endloop
  endfacet
  facet normal -0.980785 0.195092 0
    outer loop
      vertex 1.3 16.5 34
      vertex 1.20104 16.0025 23.7823
      vertex 1.20104 16.0025 34
    endloop
  endfacet
  facet normal 0.555564 -0.831474 0
    outer loop
      vertex -0.919238 17.4192 34
      vertex -0.497488 17.701 24.085
      vertex -0.497488 17.701 34
    endloop
  endfacet
  facet normal 0.55549 -0.831523 -4.55899e-06
    outer loop
      vertex -0.919238 17.4192 34
      vertex -0.822769 17.4837 23.9863
      vertex -0.497488 17.701 24.085
    endloop
  endfacet
  facet normal 0.555817 -0.831304 0
    outer loop
      vertex -0.822769 17.4837 23.9863
      vertex -0.919238 17.4192 34
      vertex -0.919238 17.4192 23.9348
    endloop
  endfacet
  facet normal 0.195173 -0.980769 0
    outer loop
      vertex -0.497488 17.701 34
      vertex 0 17.8 24.15
      vertex 0 17.8 34
    endloop
  endfacet
  facet normal 0.195018 -0.9808 -8.13937e-06
    outer loop
      vertex -0.497488 17.701 34
      vertex -0.419444 17.7166 24.1087
      vertex 0 17.8 24.15
    endloop
  endfacet
  facet normal 0.19601 -0.980602 0
    outer loop
      vertex -0.419444 17.7166 24.1087
      vertex -0.497488 17.701 34
      vertex -0.497488 17.701 24.085
    endloop
  endfacet
  facet normal 0.831441 -0.555613 0
    outer loop
      vertex -1.20104 16.9975 34
      vertex -0.919238 17.4192 23.9348
      vertex -0.919238 17.4192 34
    endloop
  endfacet
  facet normal 0.831452 -0.555597 9.27188e-07
    outer loop
      vertex -0.919238 17.4192 23.9348
      vertex -1.20104 16.9975 34
      vertex -1.19448 17.0073 23.7877
    endloop
  endfacet
  facet normal 0.831005 -0.556265 0
    outer loop
      vertex -1.19448 17.0073 23.7877
      vertex -1.20104 16.9975 34
      vertex -1.20104 16.9975 23.7823
    endloop
  endfacet
  facet normal -0.831452 -0.555597 9.27188e-07
    outer loop
      vertex 1.20104 16.9975 34
      vertex 0.919238 17.4192 23.9348
      vertex 1.19448 17.0073 23.7877
    endloop
  endfacet
  facet normal -0.831005 -0.556265 -0
    outer loop
      vertex 1.20104 16.9975 34
      vertex 1.19448 17.0073 23.7877
      vertex 1.20104 16.9975 23.7823
    endloop
  endfacet
  facet normal -0.831441 -0.555613 0
    outer loop
      vertex 0.919238 17.4192 23.9348
      vertex 1.20104 16.9975 34
      vertex 0.919238 17.4192 34
    endloop
  endfacet
  facet normal -0.980785 -0.195092 -0
    outer loop
      vertex 1.3 16.5 34
      vertex 1.20104 16.9975 23.7823
      vertex 1.3 16.5 23.7011
    endloop
  endfacet
  facet normal -0.980785 -0.195092 0
    outer loop
      vertex 1.20104 16.9975 23.7823
      vertex 1.3 16.5 34
      vertex 1.20104 16.9975 34
    endloop
  endfacet
  facet normal 0.195173 0.980769 -0
    outer loop
      vertex 0 15.2 24.15
      vertex -0.497488 15.299 34
      vertex 0 15.2 34
    endloop
  endfacet
  facet normal 0.195018 0.9808 -8.13937e-06
    outer loop
      vertex -0.419444 15.2834 24.1087
      vertex -0.497488 15.299 34
      vertex 0 15.2 24.15
    endloop
  endfacet
  facet normal 0.19601 0.980602 0
    outer loop
      vertex -0.497488 15.299 34
      vertex -0.419444 15.2834 24.1087
      vertex -0.497488 15.299 24.085
    endloop
  endfacet
  facet normal 0.831005 0.556265 0
    outer loop
      vertex -1.20104 16.0025 34
      vertex -1.19448 15.9927 23.7877
      vertex -1.20104 16.0025 23.7823
    endloop
  endfacet
  facet normal 0.831441 0.555613 -0
    outer loop
      vertex -0.919238 15.5808 23.9348
      vertex -1.20104 16.0025 34
      vertex -0.919238 15.5808 34
    endloop
  endfacet
  facet normal 0.831452 0.555597 9.27188e-07
    outer loop
      vertex -1.20104 16.0025 34
      vertex -0.919238 15.5808 23.9348
      vertex -1.19448 15.9927 23.7877
    endloop
  endfacet
  facet normal -0.195173 -0.980769 0
    outer loop
      vertex 0 17.8 24.15
      vertex 0.497488 17.701 34
      vertex 0 17.8 34
    endloop
  endfacet
  facet normal -0.195018 -0.9808 -8.13937e-06
    outer loop
      vertex 0.419444 17.7166 24.1087
      vertex 0.497488 17.701 34
      vertex 0 17.8 24.15
    endloop
  endfacet
  facet normal -0.19601 -0.980602 -0
    outer loop
      vertex 0.497488 17.701 34
      vertex 0.419444 17.7166 24.1087
      vertex 0.497488 17.701 24.085
    endloop
  endfacet
  facet normal 0.555564 0.831474 -0
    outer loop
      vertex -0.497488 15.299 24.085
      vertex -0.919238 15.5808 34
      vertex -0.497488 15.299 34
    endloop
  endfacet
  facet normal 0.55549 0.831523 -4.55899e-06
    outer loop
      vertex -0.822769 15.5163 23.9863
      vertex -0.919238 15.5808 34
      vertex -0.497488 15.299 24.085
    endloop
  endfacet
  facet normal 0.555817 0.831304 0
    outer loop
      vertex -0.919238 15.5808 34
      vertex -0.822769 15.5163 23.9863
      vertex -0.919238 15.5808 23.9348
    endloop
  endfacet
  facet normal -0.195173 0.980769 0
    outer loop
      vertex 0.497488 15.299 34
      vertex 0 15.2 24.15
      vertex 0 15.2 34
    endloop
  endfacet
  facet normal -0.195018 0.9808 -8.13937e-06
    outer loop
      vertex 0.497488 15.299 34
      vertex 0.419444 15.2834 24.1087
      vertex 0 15.2 24.15
    endloop
  endfacet
  facet normal -0.19601 0.980602 0
    outer loop
      vertex 0.419444 15.2834 24.1087
      vertex 0.497488 15.299 34
      vertex 0.497488 15.299 24.085
    endloop
  endfacet
  facet normal 0.980785 0.195092 -0
    outer loop
      vertex -1.20104 16.0025 23.7823
      vertex -1.3 16.5 34
      vertex -1.20104 16.0025 34
    endloop
  endfacet
  facet normal 0.980785 0.195092 0
    outer loop
      vertex -1.3 16.5 34
      vertex -1.20104 16.0025 23.7823
      vertex -1.3 16.5 23.7011
    endloop
  endfacet
  facet normal -0.555564 -0.831474 0
    outer loop
      vertex 0.497488 17.701 24.085
      vertex 0.919238 17.4192 34
      vertex 0.497488 17.701 34
    endloop
  endfacet
  facet normal -0.55549 -0.831523 -4.55899e-06
    outer loop
      vertex 0.822769 17.4837 23.9863
      vertex 0.919238 17.4192 34
      vertex 0.497488 17.701 24.085
    endloop
  endfacet
  facet normal -0.555817 -0.831304 -0
    outer loop
      vertex 0.919238 17.4192 34
      vertex 0.822769 17.4837 23.9863
      vertex 0.919238 17.4192 23.9348
    endloop
  endfacet
  facet normal 0.980785 -0.195092 0
    outer loop
      vertex -1.3 16.5 34
      vertex -1.20104 16.9975 23.7823
      vertex -1.20104 16.9975 34
    endloop
  endfacet
  facet normal 0.980785 -0.195092 0
    outer loop
      vertex -1.20104 16.9975 23.7823
      vertex -1.3 16.5 34
      vertex -1.3 16.5 23.7011
    endloop
  endfacet
  facet normal -0.555564 0.831474 0
    outer loop
      vertex 0.919238 15.5808 34
      vertex 0.497488 15.299 24.085
      vertex 0.497488 15.299 34
    endloop
  endfacet
  facet normal -0.55549 0.831523 -4.55899e-06
    outer loop
      vertex 0.919238 15.5808 34
      vertex 0.822769 15.5163 23.9863
      vertex 0.497488 15.299 24.085
    endloop
  endfacet
  facet normal -0.555817 0.831304 0
    outer loop
      vertex 0.822769 15.5163 23.9863
      vertex 0.919238 15.5808 34
      vertex 0.919238 15.5808 23.9348
    endloop
  endfacet
  facet normal -0.831005 0.556265 0
    outer loop
      vertex 1.19448 15.9927 23.7877
      vertex 1.20104 16.0025 34
      vertex 1.20104 16.0025 23.7823
    endloop
  endfacet
  facet normal -0.831452 0.555597 9.27188e-07
    outer loop
      vertex 0.919238 15.5808 23.9348
      vertex 1.20104 16.0025 34
      vertex 1.19448 15.9927 23.7877
    endloop
  endfacet
  facet normal -0.831441 0.555613 0
    outer loop
      vertex 1.20104 16.0025 34
      vertex 0.919238 15.5808 23.9348
      vertex 0.919238 15.5808 34
    endloop
  endfacet
  facet normal 0.980785 -0.195092 0
    outer loop
      vertex -1.3 -16.5 34
      vertex -1.20104 -16.0025 23.7823
      vertex -1.20104 -16.0025 34
    endloop
  endfacet
  facet normal 0.980785 -0.195092 0
    outer loop
      vertex -1.20104 -16.0025 23.7823
      vertex -1.3 -16.5 34
      vertex -1.3 -16.5 23.7011
    endloop
  endfacet
  facet normal -0.831005 0.556265 0
    outer loop
      vertex 1.19448 -17.0073 23.7877
      vertex 1.20104 -16.9975 34
      vertex 1.20104 -16.9975 23.7823
    endloop
  endfacet
  facet normal -0.831452 0.555597 9.27188e-07
    outer loop
      vertex 0.919238 -17.4192 23.9348
      vertex 1.20104 -16.9975 34
      vertex 1.19448 -17.0073 23.7877
    endloop
  endfacet
  facet normal -0.831441 0.555613 0
    outer loop
      vertex 1.20104 -16.9975 34
      vertex 0.919238 -17.4192 23.9348
      vertex 0.919238 -17.4192 34
    endloop
  endfacet
  facet normal 0.555564 0.831474 -0
    outer loop
      vertex -0.497488 -17.701 24.085
      vertex -0.919238 -17.4192 34
      vertex -0.497488 -17.701 34
    endloop
  endfacet
  facet normal 0.55549 0.831523 -4.55899e-06
    outer loop
      vertex -0.822769 -17.4837 23.9863
      vertex -0.919238 -17.4192 34
      vertex -0.497488 -17.701 24.085
    endloop
  endfacet
  facet normal 0.555817 0.831304 0
    outer loop
      vertex -0.919238 -17.4192 34
      vertex -0.822769 -17.4837 23.9863
      vertex -0.919238 -17.4192 23.9348
    endloop
  endfacet
  facet normal 0.831005 0.556265 0
    outer loop
      vertex -1.20104 -16.9975 34
      vertex -1.19448 -17.0073 23.7877
      vertex -1.20104 -16.9975 23.7823
    endloop
  endfacet
  facet normal 0.831441 0.555613 -0
    outer loop
      vertex -0.919238 -17.4192 23.9348
      vertex -1.20104 -16.9975 34
      vertex -0.919238 -17.4192 34
    endloop
  endfacet
  facet normal 0.831452 0.555597 9.27188e-07
    outer loop
      vertex -1.20104 -16.9975 34
      vertex -0.919238 -17.4192 23.9348
      vertex -1.19448 -17.0073 23.7877
    endloop
  endfacet
  facet normal -0.195173 -0.980769 0
    outer loop
      vertex 0 -15.2 24.15
      vertex 0.497488 -15.299 34
      vertex 0 -15.2 34
    endloop
  endfacet
  facet normal -0.195018 -0.9808 -8.13937e-06
    outer loop
      vertex 0.419444 -15.2834 24.1087
      vertex 0.497488 -15.299 34
      vertex 0 -15.2 24.15
    endloop
  endfacet
  facet normal -0.19601 -0.980602 -0
    outer loop
      vertex 0.497488 -15.299 34
      vertex 0.419444 -15.2834 24.1087
      vertex 0.497488 -15.299 24.085
    endloop
  endfacet
  facet normal -0.195173 0.980769 0
    outer loop
      vertex 0.497488 -17.701 34
      vertex 0 -17.8 24.15
      vertex 0 -17.8 34
    endloop
  endfacet
  facet normal -0.195018 0.9808 -8.13937e-06
    outer loop
      vertex 0.497488 -17.701 34
      vertex 0.419444 -17.7166 24.1087
      vertex 0 -17.8 24.15
    endloop
  endfacet
  facet normal -0.19601 0.980602 0
    outer loop
      vertex 0.419444 -17.7166 24.1087
      vertex 0.497488 -17.701 34
      vertex 0.497488 -17.701 24.085
    endloop
  endfacet
  facet normal -0.831452 -0.555597 9.27188e-07
    outer loop
      vertex 1.20104 -16.0025 34
      vertex 0.919238 -15.5808 23.9348
      vertex 1.19448 -15.9927 23.7877
    endloop
  endfacet
  facet normal -0.831005 -0.556265 -0
    outer loop
      vertex 1.20104 -16.0025 34
      vertex 1.19448 -15.9927 23.7877
      vertex 1.20104 -16.0025 23.7823
    endloop
  endfacet
  facet normal -0.831441 -0.555613 0
    outer loop
      vertex 0.919238 -15.5808 23.9348
      vertex 1.20104 -16.0025 34
      vertex 0.919238 -15.5808 34
    endloop
  endfacet
  facet normal 0.195173 0.980769 -0
    outer loop
      vertex 0 -17.8 24.15
      vertex -0.497488 -17.701 34
      vertex 0 -17.8 34
    endloop
  endfacet
  facet normal 0.195018 0.9808 -8.13937e-06
    outer loop
      vertex -0.419444 -17.7166 24.1087
      vertex -0.497488 -17.701 34
      vertex 0 -17.8 24.15
    endloop
  endfacet
  facet normal 0.19601 0.980602 0
    outer loop
      vertex -0.497488 -17.701 34
      vertex -0.419444 -17.7166 24.1087
      vertex -0.497488 -17.701 24.085
    endloop
  endfacet
  facet normal 0.195173 -0.980769 0
    outer loop
      vertex -0.497488 -15.299 34
      vertex 0 -15.2 24.15
      vertex 0 -15.2 34
    endloop
  endfacet
  facet normal 0.195018 -0.9808 -8.13937e-06
    outer loop
      vertex -0.497488 -15.299 34
      vertex -0.419444 -15.2834 24.1087
      vertex 0 -15.2 24.15
    endloop
  endfacet
  facet normal 0.19601 -0.980602 0
    outer loop
      vertex -0.419444 -15.2834 24.1087
      vertex -0.497488 -15.299 34
      vertex -0.497488 -15.299 24.085
    endloop
  endfacet
  facet normal -0.980785 -0.195092 -0
    outer loop
      vertex 1.3 -16.5 34
      vertex 1.20104 -16.0025 23.7823
      vertex 1.3 -16.5 23.7011
    endloop
  endfacet
  facet normal -0.980785 -0.195092 0
    outer loop
      vertex 1.20104 -16.0025 23.7823
      vertex 1.3 -16.5 34
      vertex 1.20104 -16.0025 34
    endloop
  endfacet
  facet normal -0.555564 0.831474 0
    outer loop
      vertex 0.919238 -17.4192 34
      vertex 0.497488 -17.701 24.085
      vertex 0.497488 -17.701 34
    endloop
  endfacet
  facet normal -0.55549 0.831523 -4.55899e-06
    outer loop
      vertex 0.919238 -17.4192 34
      vertex 0.822769 -17.4837 23.9863
      vertex 0.497488 -17.701 24.085
    endloop
  endfacet
  facet normal -0.555817 0.831304 0
    outer loop
      vertex 0.822769 -17.4837 23.9863
      vertex 0.919238 -17.4192 34
      vertex 0.919238 -17.4192 23.9348
    endloop
  endfacet
  facet normal 0.555564 -0.831474 0
    outer loop
      vertex -0.919238 -15.5808 34
      vertex -0.497488 -15.299 24.085
      vertex -0.497488 -15.299 34
    endloop
  endfacet
  facet normal 0.55549 -0.831523 -4.55899e-06
    outer loop
      vertex -0.919238 -15.5808 34
      vertex -0.822769 -15.5163 23.9863
      vertex -0.497488 -15.299 24.085
    endloop
  endfacet
  facet normal 0.555817 -0.831304 0
    outer loop
      vertex -0.822769 -15.5163 23.9863
      vertex -0.919238 -15.5808 34
      vertex -0.919238 -15.5808 23.9348
    endloop
  endfacet
  facet normal -0.555564 -0.831474 0
    outer loop
      vertex 0.497488 -15.299 24.085
      vertex 0.919238 -15.5808 34
      vertex 0.497488 -15.299 34
    endloop
  endfacet
  facet normal -0.55549 -0.831523 -4.55899e-06
    outer loop
      vertex 0.822769 -15.5163 23.9863
      vertex 0.919238 -15.5808 34
      vertex 0.497488 -15.299 24.085
    endloop
  endfacet
  facet normal -0.555817 -0.831304 -0
    outer loop
      vertex 0.919238 -15.5808 34
      vertex 0.822769 -15.5163 23.9863
      vertex 0.919238 -15.5808 23.9348
    endloop
  endfacet
  facet normal -0.980785 0.195092 0
    outer loop
      vertex 1.20104 -16.9975 23.7823
      vertex 1.3 -16.5 34
      vertex 1.3 -16.5 23.7011
    endloop
  endfacet
  facet normal -0.980785 0.195092 0
    outer loop
      vertex 1.3 -16.5 34
      vertex 1.20104 -16.9975 23.7823
      vertex 1.20104 -16.9975 34
    endloop
  endfacet
  facet normal 0.980785 0.195092 -0
    outer loop
      vertex -1.20104 -16.9975 23.7823
      vertex -1.3 -16.5 34
      vertex -1.20104 -16.9975 34
    endloop
  endfacet
  facet normal 0.980785 0.195092 0
    outer loop
      vertex -1.3 -16.5 34
      vertex -1.20104 -16.9975 23.7823
      vertex -1.3 -16.5 23.7011
    endloop
  endfacet
  facet normal 0.831441 -0.555613 0
    outer loop
      vertex -1.20104 -16.0025 34
      vertex -0.919238 -15.5808 23.9348
      vertex -0.919238 -15.5808 34
    endloop
  endfacet
  facet normal 0.831452 -0.555597 9.27188e-07
    outer loop
      vertex -0.919238 -15.5808 23.9348
      vertex -1.20104 -16.0025 34
      vertex -1.19448 -15.9927 23.7877
    endloop
  endfacet
  facet normal 0.831005 -0.556265 0
    outer loop
      vertex -1.19448 -15.9927 23.7877
      vertex -1.20104 -16.0025 34
      vertex -1.20104 -16.0025 23.7823
    endloop
  endfacet
  facet normal 0.991452 0.130474 0
    outer loop
      vertex 19.6962 3.47296 34
      vertex 19.8703 2.15 12
      vertex 19.6962 3.47296 0
    endloop
  endfacet
  facet normal 0.991329 0.131406 -5.70339e-05
    outer loop
      vertex 19.6962 3.47296 34
      vertex 19.8758 2.10869 12.4194
      vertex 19.8703 2.15 12
    endloop
  endfacet
  facet normal 0.991452 0.130474 2.89381e-06
    outer loop
      vertex 19.6962 3.47296 34
      vertex 19.8919 1.98634 12.8228
      vertex 19.8758 2.10869 12.4194
    endloop
  endfacet
  facet normal 0.991477 0.130279 1.68495e-05
    outer loop
      vertex 19.6962 3.47296 34
      vertex 19.918 1.78766 13.1945
      vertex 19.8919 1.98634 12.8228
    endloop
  endfacet
  facet normal 0.991448 0.130504 -0
    outer loop
      vertex 19.9239 1.74311 13.2488
      vertex 19.6962 3.47296 34
      vertex 19.9239 1.74311 34
    endloop
  endfacet
  facet normal 0.991354 0.131217 -6.04315e-05
    outer loop
      vertex 19.6962 3.47296 34
      vertex 19.9239 1.74311 13.2488
      vertex 19.918 1.78766 13.1945
    endloop
  endfacet
  facet normal 0.991358 0.131182 7.94629e-05
    outer loop
      vertex 19.8758 2.10869 11.5806
      vertex 19.6962 3.47296 0
      vertex 19.8703 2.15 12
    endloop
  endfacet
  facet normal 0.991451 0.13048 -4.69359e-06
    outer loop
      vertex 19.8919 1.98634 11.1772
      vertex 19.6962 3.47296 0
      vertex 19.8758 2.10869 11.5806
    endloop
  endfacet
  facet normal 0.991474 0.130301 -2.89206e-05
    outer loop
      vertex 19.918 1.78766 10.8055
      vertex 19.6962 3.47296 0
      vertex 19.8919 1.98634 11.1772
    endloop
  endfacet
  facet normal 0.991361 0.13116 0.000107425
    outer loop
      vertex 19.9239 1.74311 10.7512
      vertex 19.6962 3.47296 0
      vertex 19.918 1.78766 10.8055
    endloop
  endfacet
  facet normal 0.991448 0.130504 0
    outer loop
      vertex 19.6962 3.47296 0
      vertex 19.9239 1.74311 10.7512
      vertex 19.9239 1.74311 0
    endloop
  endfacet
  facet normal 0.999054 0.0434898 0
    outer loop
      vertex 19.9336 1.52028 10.4797
      vertex 19.9239 1.74311 0
      vertex 19.9239 1.74311 10.7512
    endloop
  endfacet
  facet normal 0.999052 0.0435428 1.12908e-06
    outer loop
      vertex 19.9478 1.19448 10.2123
      vertex 19.9239 1.74311 0
      vertex 19.9336 1.52028 10.4797
    endloop
  endfacet
  facet normal 0.99904 0.0438012 1.50371e-05
    outer loop
      vertex 19.9641 0.822769 10.0137
      vertex 19.9239 1.74311 0
      vertex 19.9478 1.19448 10.2123
    endloop
  endfacet
  facet normal 0.999049 0.0435969 -3.76944e-06
    outer loop
      vertex 19.9817 0.419444 9.89131
      vertex 19.9239 1.74311 0
      vertex 19.9641 0.822769 10.0137
    endloop
  endfacet
  facet normal 0.99905 0.0435877 -0
    outer loop
      vertex 20 0 0
      vertex 19.9817 0.419444 9.89131
      vertex 20 0 9.85
    endloop
  endfacet
  facet normal 0.999048 0.0436161 -1.20381e-06
    outer loop
      vertex 19.9817 0.419444 9.89131
      vertex 20 0 0
      vertex 19.9239 1.74311 0
    endloop
  endfacet
  facet normal 0.999054 0.0434898 0
    outer loop
      vertex 19.9239 1.74311 34
      vertex 19.9336 1.52028 13.5203
      vertex 19.9239 1.74311 13.2488
    endloop
  endfacet
  facet normal 0.999052 0.0435432 -5.82643e-07
    outer loop
      vertex 19.9239 1.74311 34
      vertex 19.9478 1.19448 13.7877
      vertex 19.9336 1.52028 13.5203
    endloop
  endfacet
  facet normal 0.99904 0.0438051 -7.70388e-06
    outer loop
      vertex 19.9239 1.74311 34
      vertex 19.9641 0.822769 13.9863
      vertex 19.9478 1.19448 13.7877
    endloop
  endfacet
  facet normal 0.999049 0.0435964 1.91193e-06
    outer loop
      vertex 19.9239 1.74311 34
      vertex 19.9817 0.419444 14.1087
      vertex 19.9641 0.822769 13.9863
    endloop
  endfacet
  facet normal 0.999048 0.0436161 -0
    outer loop
      vertex 20 0 14.15
      vertex 19.9239 1.74311 34
      vertex 20 0 34
    endloop
  endfacet
  facet normal 0.99905 0.043588 2.47151e-06
    outer loop
      vertex 19.9239 1.74311 34
      vertex 20 0 14.15
      vertex 19.9817 0.419444 14.1087
    endloop
  endfacet
  facet normal 0.976289 0.216473 0
    outer loop
      vertex 19.6962 3.47296 34
      vertex 19.3185 5.17638 0
      vertex 19.3185 5.17638 34
    endloop
  endfacet
  facet normal 0.976289 0.216473 0
    outer loop
      vertex 19.3185 5.17638 0
      vertex 19.6962 3.47296 34
      vertex 19.6962 3.47296 0
    endloop
  endfacet
  facet normal 0.793384 -0.608721 0
    outer loop
      vertex 15.3209 -12.8558 34
      vertex 16.383 -11.4715 0
      vertex 16.383 -11.4715 34
    endloop
  endfacet
  facet normal 0.793384 -0.608721 0
    outer loop
      vertex 16.383 -11.4715 0
      vertex 15.3209 -12.8558 34
      vertex 15.3209 -12.8558 0
    endloop
  endfacet
  facet normal -0.130504 0.991448 0
    outer loop
      vertex -1.74311 19.9239 23.2488
      vertex -3.47296 19.6962 34
      vertex -1.74311 19.9239 34
    endloop
  endfacet
  facet normal -0.13116 0.991361 -0.000107425
    outer loop
      vertex -1.78766 19.918 23.1945
      vertex -3.47296 19.6962 34
      vertex -1.74311 19.9239 23.2488
    endloop
  endfacet
  facet normal -0.130301 0.991474 2.89206e-05
    outer loop
      vertex -1.98634 19.8919 22.8228
      vertex -3.47296 19.6962 34
      vertex -1.78766 19.918 23.1945
    endloop
  endfacet
  facet normal -0.13048 0.991451 4.69359e-06
    outer loop
      vertex -2.10869 19.8758 22.4194
      vertex -3.47296 19.6962 34
      vertex -1.98634 19.8919 22.8228
    endloop
  endfacet
  facet normal -0.131182 0.991358 -7.94629e-05
    outer loop
      vertex -2.15 19.8703 22
      vertex -3.47296 19.6962 34
      vertex -2.10869 19.8758 22.4194
    endloop
  endfacet
  facet normal -0.131406 0.991329 5.70339e-05
    outer loop
      vertex -3.47296 19.6962 0
      vertex -2.15 19.8703 22
      vertex -2.10869 19.8758 21.5806
    endloop
  endfacet
  facet normal -0.130504 0.991448 0
    outer loop
      vertex -3.47296 19.6962 0
      vertex -1.74311 19.9239 20.7512
      vertex -1.74311 19.9239 0
    endloop
  endfacet
  facet normal -0.131217 0.991354 6.04315e-05
    outer loop
      vertex -1.74311 19.9239 20.7512
      vertex -3.47296 19.6962 0
      vertex -1.78766 19.918 20.8055
    endloop
  endfacet
  facet normal -0.130279 0.991477 -1.68495e-05
    outer loop
      vertex -1.78766 19.918 20.8055
      vertex -3.47296 19.6962 0
      vertex -1.98634 19.8919 21.1772
    endloop
  endfacet
  facet normal -0.130474 0.991452 -2.89381e-06
    outer loop
      vertex -1.98634 19.8919 21.1772
      vertex -3.47296 19.6962 0
      vertex -2.10869 19.8758 21.5806
    endloop
  endfacet
  facet normal -0.130474 0.991452 0
    outer loop
      vertex -2.15 19.8703 22
      vertex -3.47296 19.6962 0
      vertex -3.47296 19.6962 34
    endloop
  endfacet
  facet normal -0.953727 -0.300673 0
    outer loop
      vertex -18.7939 -6.8404 0
      vertex -19.3185 -5.17638 34
      vertex -19.3185 -5.17638 0
    endloop
  endfacet
  facet normal -0.953727 -0.300673 0
    outer loop
      vertex -19.3185 -5.17638 34
      vertex -18.7939 -6.8404 0
      vertex -18.7939 -6.8404 34
    endloop
  endfacet
  facet normal 0.382686 -0.923879 0
    outer loop
      vertex 6.8404 -18.7939 0
      vertex 8.45236 -18.1262 34
      vertex 6.8404 -18.7939 34
    endloop
  endfacet
  facet normal 0.382686 -0.923879 0
    outer loop
      vertex 8.45236 -18.1262 34
      vertex 6.8404 -18.7939 0
      vertex 8.45236 -18.1262 0
    endloop
  endfacet
  facet normal 0.216473 -0.976289 0
    outer loop
      vertex 3.47296 -19.6962 0
      vertex 5.17638 -19.3185 34
      vertex 3.47296 -19.6962 34
    endloop
  endfacet
  facet normal 0.216473 -0.976289 0
    outer loop
      vertex 5.17638 -19.3185 34
      vertex 3.47296 -19.6962 0
      vertex 5.17638 -19.3185 0
    endloop
  endfacet
  facet normal 0.300673 0.953727 -0
    outer loop
      vertex 6.8404 18.7939 0
      vertex 5.17638 19.3185 34
      vertex 6.8404 18.7939 34
    endloop
  endfacet
  facet normal 0.300673 0.953727 0
    outer loop
      vertex 5.17638 19.3185 34
      vertex 6.8404 18.7939 0
      vertex 5.17638 19.3185 0
    endloop
  endfacet
  facet normal -0.843378 -0.53732 0
    outer loop
      vertex -16.383 -11.4715 0
      vertex -17.3205 -10 34
      vertex -17.3205 -10 0
    endloop
  endfacet
  facet normal -0.843378 -0.53732 0
    outer loop
      vertex -17.3205 -10 34
      vertex -16.383 -11.4715 0
      vertex -16.383 -11.4715 34
    endloop
  endfacet
  facet normal 0.0436161 -0.999048 0
    outer loop
      vertex 1.74311 -19.9239 0
      vertex 0 -20 19.85
      vertex 0 -20 0
    endloop
  endfacet
  facet normal 0.043588 -0.99905 -2.47151e-06
    outer loop
      vertex 0 -20 19.85
      vertex 1.74311 -19.9239 0
      vertex 0.419444 -19.9817 19.8913
    endloop
  endfacet
  facet normal 0.0435964 -0.999049 -1.91193e-06
    outer loop
      vertex 0.419444 -19.9817 19.8913
      vertex 1.74311 -19.9239 0
      vertex 0.822769 -19.9641 20.0137
    endloop
  endfacet
  facet normal 0.0438051 -0.99904 7.70388e-06
    outer loop
      vertex 0.822769 -19.9641 20.0137
      vertex 1.74311 -19.9239 0
      vertex 1.19448 -19.9478 20.2123
    endloop
  endfacet
  facet normal 0.0435432 -0.999052 5.82643e-07
    outer loop
      vertex 1.19448 -19.9478 20.2123
      vertex 1.74311 -19.9239 0
      vertex 1.52028 -19.9336 20.4797
    endloop
  endfacet
  facet normal 0.0434898 -0.999054 0
    outer loop
      vertex 1.52028 -19.9336 20.4797
      vertex 1.74311 -19.9239 0
      vertex 1.74311 -19.9239 20.7512
    endloop
  endfacet
  facet normal 0.0435877 -0.99905 0
    outer loop
      vertex 0.419444 -19.9817 24.1087
      vertex 0 -20 34
      vertex 0 -20 24.15
    endloop
  endfacet
  facet normal 0.0436161 -0.999048 1.20381e-06
    outer loop
      vertex 0 -20 34
      vertex 0.419444 -19.9817 24.1087
      vertex 1.74311 -19.9239 34
    endloop
  endfacet
  facet normal 0.0435969 -0.999049 3.76943e-06
    outer loop
      vertex 0.822769 -19.9641 23.9863
      vertex 1.74311 -19.9239 34
      vertex 0.419444 -19.9817 24.1087
    endloop
  endfacet
  facet normal 0.0438012 -0.99904 -1.50371e-05
    outer loop
      vertex 1.19448 -19.9478 23.7877
      vertex 1.74311 -19.9239 34
      vertex 0.822769 -19.9641 23.9863
    endloop
  endfacet
  facet normal 0.0435428 -0.999052 -1.12908e-06
    outer loop
      vertex 1.52028 -19.9336 23.5203
      vertex 1.74311 -19.9239 34
      vertex 1.19448 -19.9478 23.7877
    endloop
  endfacet
  facet normal 0.0434898 -0.999054 0
    outer loop
      vertex 1.74311 -19.9239 34
      vertex 1.52028 -19.9336 23.5203
      vertex 1.74311 -19.9239 23.2488
    endloop
  endfacet
  facet normal 0.216473 0.976289 -0
    outer loop
      vertex 5.17638 19.3185 0
      vertex 3.47296 19.6962 34
      vertex 5.17638 19.3185 34
    endloop
  endfacet
  facet normal 0.216473 0.976289 0
    outer loop
      vertex 3.47296 19.6962 34
      vertex 5.17638 19.3185 0
      vertex 3.47296 19.6962 0
    endloop
  endfacet
  facet normal -0.999054 0.0434898 0
    outer loop
      vertex -19.9336 1.52028 13.5203
      vertex -19.9239 1.74311 34
      vertex -19.9239 1.74311 13.2488
    endloop
  endfacet
  facet normal -0.999052 0.0435432 -5.82643e-07
    outer loop
      vertex -19.9478 1.19448 13.7877
      vertex -19.9239 1.74311 34
      vertex -19.9336 1.52028 13.5203
    endloop
  endfacet
  facet normal -0.99904 0.0438051 -7.70388e-06
    outer loop
      vertex -19.9641 0.822769 13.9863
      vertex -19.9239 1.74311 34
      vertex -19.9478 1.19448 13.7877
    endloop
  endfacet
  facet normal -0.999049 0.0435964 1.91193e-06
    outer loop
      vertex -19.9817 0.419444 14.1087
      vertex -19.9239 1.74311 34
      vertex -19.9641 0.822769 13.9863
    endloop
  endfacet
  facet normal -0.99905 0.043588 2.47151e-06
    outer loop
      vertex -20 0 14.15
      vertex -19.9239 1.74311 34
      vertex -19.9817 0.419444 14.1087
    endloop
  endfacet
  facet normal -0.999048 0.0436161 0
    outer loop
      vertex -19.9239 1.74311 34
      vertex -20 0 14.15
      vertex -20 0 34
    endloop
  endfacet
  facet normal -0.999054 0.0434898 0
    outer loop
      vertex -19.9239 1.74311 0
      vertex -19.9336 1.52028 10.4797
      vertex -19.9239 1.74311 10.7512
    endloop
  endfacet
  facet normal -0.999052 0.0435428 1.12908e-06
    outer loop
      vertex -19.9239 1.74311 0
      vertex -19.9478 1.19448 10.2123
      vertex -19.9336 1.52028 10.4797
    endloop
  endfacet
  facet normal -0.99904 0.0438012 1.50371e-05
    outer loop
      vertex -19.9239 1.74311 0
      vertex -19.9641 0.822769 10.0137
      vertex -19.9478 1.19448 10.2123
    endloop
  endfacet
  facet normal -0.999049 0.0435969 -3.76944e-06
    outer loop
      vertex -19.9239 1.74311 0
      vertex -19.9817 0.419444 9.89131
      vertex -19.9641 0.822769 10.0137
    endloop
  endfacet
  facet normal -0.999048 0.0436161 -1.20381e-06
    outer loop
      vertex -20 0 0
      vertex -19.9817 0.419444 9.89131
      vertex -19.9239 1.74311 0
    endloop
  endfacet
  facet normal -0.99905 0.0435877 0
    outer loop
      vertex -19.9817 0.419444 9.89131
      vertex -20 0 0
      vertex -20 0 9.85
    endloop
  endfacet
  facet normal 0.923879 0.382686 0
    outer loop
      vertex 18.7939 6.8404 34
      vertex 18.1262 8.45236 0
      vertex 18.1262 8.45236 34
    endloop
  endfacet
  facet normal 0.923879 0.382686 0
    outer loop
      vertex 18.1262 8.45236 0
      vertex 18.7939 6.8404 34
      vertex 18.7939 6.8404 0
    endloop
  endfacet
  facet normal 0.991448 -0.130504 0
    outer loop
      vertex 19.6962 -3.47296 34
      vertex 19.9239 -1.74311 13.2488
      vertex 19.9239 -1.74311 34
    endloop
  endfacet
  facet normal 0.991354 -0.131217 -6.04315e-05
    outer loop
      vertex 19.9239 -1.74311 13.2488
      vertex 19.6962 -3.47296 34
      vertex 19.918 -1.78766 13.1945
    endloop
  endfacet
  facet normal 0.991477 -0.130279 1.68495e-05
    outer loop
      vertex 19.918 -1.78766 13.1945
      vertex 19.6962 -3.47296 34
      vertex 19.8919 -1.98634 12.8228
    endloop
  endfacet
  facet normal 0.991452 -0.130474 2.89381e-06
    outer loop
      vertex 19.8919 -1.98634 12.8228
      vertex 19.6962 -3.47296 34
      vertex 19.8758 -2.10869 12.4194
    endloop
  endfacet
  facet normal 0.991329 -0.131406 -5.70339e-05
    outer loop
      vertex 19.8758 -2.10869 12.4194
      vertex 19.6962 -3.47296 34
      vertex 19.8703 -2.15 12
    endloop
  endfacet
  facet normal 0.991361 -0.13116 0.000107425
    outer loop
      vertex 19.6962 -3.47296 0
      vertex 19.9239 -1.74311 10.7512
      vertex 19.918 -1.78766 10.8055
    endloop
  endfacet
  facet normal 0.991474 -0.130301 -2.89206e-05
    outer loop
      vertex 19.6962 -3.47296 0
      vertex 19.918 -1.78766 10.8055
      vertex 19.8919 -1.98634 11.1772
    endloop
  endfacet
  facet normal 0.991451 -0.13048 -4.69359e-06
    outer loop
      vertex 19.6962 -3.47296 0
      vertex 19.8919 -1.98634 11.1772
      vertex 19.8758 -2.10869 11.5806
    endloop
  endfacet
  facet normal 0.991358 -0.131182 7.94629e-05
    outer loop
      vertex 19.6962 -3.47296 0
      vertex 19.8758 -2.10869 11.5806
      vertex 19.8703 -2.15 12
    endloop
  endfacet
  facet normal 0.991452 -0.130474 0
    outer loop
      vertex 19.6962 -3.47296 0
      vertex 19.8703 -2.15 12
      vertex 19.6962 -3.47296 34
    endloop
  endfacet
  facet normal 0.991448 -0.130504 0
    outer loop
      vertex 19.9239 -1.74311 10.7512
      vertex 19.6962 -3.47296 0
      vertex 19.9239 -1.74311 0
    endloop
  endfacet
  facet normal -0.382686 0.923879 0
    outer loop
      vertex -6.8404 18.7939 0
      vertex -8.45236 18.1262 34
      vertex -6.8404 18.7939 34
    endloop
  endfacet
  facet normal -0.382686 0.923879 0
    outer loop
      vertex -8.45236 18.1262 34
      vertex -6.8404 18.7939 0
      vertex -8.45236 18.1262 0
    endloop
  endfacet
  facet normal -0.608721 0.793384 0
    outer loop
      vertex -11.4715 16.383 0
      vertex -12.8558 15.3209 34
      vertex -11.4715 16.383 34
    endloop
  endfacet
  facet normal -0.608721 0.793384 0
    outer loop
      vertex -12.8558 15.3209 34
      vertex -11.4715 16.383 0
      vertex -12.8558 15.3209 0
    endloop
  endfacet
  facet normal -0.843378 0.53732 0
    outer loop
      vertex -17.3205 10 0
      vertex -16.383 11.4715 34
      vertex -16.383 11.4715 0
    endloop
  endfacet
  facet normal -0.843378 0.53732 0
    outer loop
      vertex -16.383 11.4715 34
      vertex -17.3205 10 0
      vertex -17.3205 10 34
    endloop
  endfacet
  facet normal 0.0436161 0.999048 1.20381e-06
    outer loop
      vertex 0.419444 19.9817 24.1087
      vertex 0 20 34
      vertex 1.74311 19.9239 34
    endloop
  endfacet
  facet normal 0.0435877 0.99905 0
    outer loop
      vertex 0 20 34
      vertex 0.419444 19.9817 24.1087
      vertex 0 20 24.15
    endloop
  endfacet
  facet normal 0.0435969 0.999049 3.76943e-06
    outer loop
      vertex 1.74311 19.9239 34
      vertex 0.822769 19.9641 23.9863
      vertex 0.419444 19.9817 24.1087
    endloop
  endfacet
  facet normal 0.0438012 0.99904 -1.50371e-05
    outer loop
      vertex 1.74311 19.9239 34
      vertex 1.19448 19.9478 23.7877
      vertex 0.822769 19.9641 23.9863
    endloop
  endfacet
  facet normal 0.0435428 0.999052 -1.12908e-06
    outer loop
      vertex 1.74311 19.9239 34
      vertex 1.52028 19.9336 23.5203
      vertex 1.19448 19.9478 23.7877
    endloop
  endfacet
  facet normal 0.0434898 0.999054 0
    outer loop
      vertex 1.52028 19.9336 23.5203
      vertex 1.74311 19.9239 34
      vertex 1.74311 19.9239 23.2488
    endloop
  endfacet
  facet normal 0.0434898 0.999054 -0
    outer loop
      vertex 1.74311 19.9239 0
      vertex 1.52028 19.9336 20.4797
      vertex 1.74311 19.9239 20.7512
    endloop
  endfacet
  facet normal 0.0435432 0.999052 5.82643e-07
    outer loop
      vertex 1.74311 19.9239 0
      vertex 1.19448 19.9478 20.2123
      vertex 1.52028 19.9336 20.4797
    endloop
  endfacet
  facet normal 0.0438051 0.99904 7.70388e-06
    outer loop
      vertex 1.74311 19.9239 0
      vertex 0.822769 19.9641 20.0137
      vertex 1.19448 19.9478 20.2123
    endloop
  endfacet
  facet normal 0.0435964 0.999049 -1.91193e-06
    outer loop
      vertex 1.74311 19.9239 0
      vertex 0.419444 19.9817 19.8913
      vertex 0.822769 19.9641 20.0137
    endloop
  endfacet
  facet normal 0.043588 0.99905 -2.47151e-06
    outer loop
      vertex 1.74311 19.9239 0
      vertex 0 20 19.85
      vertex 0.419444 19.9817 19.8913
    endloop
  endfacet
  facet normal 0.0436161 0.999048 0
    outer loop
      vertex 0 20 19.85
      vertex 1.74311 19.9239 0
      vertex 0 20 0
    endloop
  endfacet
  facet normal -0.808518 -0.441375 -0.389212
    outer loop
      vertex 13.2109 14.9955 15.1979
      vertex 13.0985 15.0984 15.3147
      vertex 13.1823 15.0217 15.2276
    endloop
  endfacet
  facet normal -0.262566 0.157182 -0.952026
    outer loop
      vertex 13.7219 14.5272 14.875
      vertex 13.5868 14.651 14.9327
      vertex 13.621 14.6197 14.9181
    endloop
  endfacet
  facet normal 0.675701 0.737176 -0
    outer loop
      vertex 14.1421 14.1421 0
      vertex 14.0006 14.2718 14.8084
      vertex 14.1421 14.1421 14.8
    endloop
  endfacet
  facet normal 0.675629 0.737242 -1.27376e-06
    outer loop
      vertex 12.8558 15.3209 0
      vertex 14.0006 14.2718 14.8084
      vertex 14.1421 14.1421 0
    endloop
  endfacet
  facet normal 0.675723 0.737155 -1.47311e-05
    outer loop
      vertex 14.0006 14.2718 14.8084
      vertex 12.8558 15.3209 0
      vertex 13.8602 14.4005 14.8334
    endloop
  endfacet
  facet normal 0.675509 0.737352 1.19203e-05
    outer loop
      vertex 13.8602 14.4005 14.8334
      vertex 12.8558 15.3209 0
      vertex 13.7219 14.5272 14.875
    endloop
  endfacet
  facet normal 0.675602 0.737267 2.03684e-06
    outer loop
      vertex 13.7219 14.5272 14.875
      vertex 12.8558 15.3209 0
      vertex 13.5868 14.651 14.9327
    endloop
  endfacet
  facet normal 0.676312 0.736615 -6.19694e-05
    outer loop
      vertex 13.5868 14.651 14.9327
      vertex 12.8558 15.3209 0
      vertex 13.5538 14.6813 14.9513
    endloop
  endfacet
  facet normal 0.675522 0.73734 5.93612e-06
    outer loop
      vertex 13.5538 14.6813 14.9513
      vertex 12.8558 15.3209 0
      vertex 13.456 14.7709 15.0061
    endloop
  endfacet
  facet normal 0.675375 0.737475 1.67241e-05
    outer loop
      vertex 13.456 14.7709 15.0061
      vertex 12.8558 15.3209 0
      vertex 13.3622 14.8568 15.0722
    endloop
  endfacet
  facet normal 0.676337 0.736592 -4.27824e-05
    outer loop
      vertex 13.3622 14.8568 15.0722
      vertex 12.8558 15.3209 0
      vertex 13.3304 14.886 15.0947
    endloop
  endfacet
  facet normal 0.675585 0.737282 7.3617e-07
    outer loop
      vertex 13.3304 14.886 15.0947
      vertex 12.8558 15.3209 0
      vertex 13.2109 14.9955 15.1979
    endloop
  endfacet
  facet normal 0.675257 0.737582 1.48257e-05
    outer loop
      vertex 13.2109 14.9955 15.1979
      vertex 12.8558 15.3209 0
      vertex 13.0985 15.0984 15.3147
    endloop
  endfacet
  facet normal 0.675725 0.737153 1.18011e-06
    outer loop
      vertex 13.0985 15.0984 15.3147
      vertex 12.8558 15.3209 0
      vertex 12.9941 15.1941 15.4444
    endloop
  endfacet
  facet normal 0.675622 0.737248 2.87988e-06
    outer loop
      vertex 12.9941 15.1941 15.4444
      vertex 12.8558 15.3209 0
      vertex 12.8984 15.2818 15.5859
    endloop
  endfacet
  facet normal 0.676194 0.736723 0
    outer loop
      vertex 12.8984 15.2818 15.5859
      vertex 12.8558 15.3209 0
      vertex 12.8558 15.3209 15.6612
    endloop
  endfacet
  facet normal 0.675701 0.737176 0
    outer loop
      vertex 14.0006 14.2718 19.1916
      vertex 14.1421 14.1421 34
      vertex 14.1421 14.1421 19.2
    endloop
  endfacet
  facet normal 0.675629 0.737242 1.27376e-06
    outer loop
      vertex 14.1421 14.1421 34
      vertex 14.0006 14.2718 19.1916
      vertex 12.8558 15.3209 34
    endloop
  endfacet
  facet normal 0.675723 0.737155 1.47311e-05
    outer loop
      vertex 13.8602 14.4005 19.1666
      vertex 12.8558 15.3209 34
      vertex 14.0006 14.2718 19.1916
    endloop
  endfacet
  facet normal 0.675509 0.737352 -1.19203e-05
    outer loop
      vertex 13.7219 14.5272 19.125
      vertex 12.8558 15.3209 34
      vertex 13.8602 14.4005 19.1666
    endloop
  endfacet
  facet normal 0.675754 0.737127 1.43379e-05
    outer loop
      vertex 13.621 14.6197 19.0819
      vertex 12.8558 15.3209 34
      vertex 13.7219 14.5272 19.125
    endloop
  endfacet
  facet normal 0.675148 0.737682 -4.28428e-05
    outer loop
      vertex 13.5868 14.651 19.0673
      vertex 12.8558 15.3209 34
      vertex 13.621 14.6197 19.0819
    endloop
  endfacet
  facet normal 0.676312 0.736615 6.19694e-05
    outer loop
      vertex 13.5538 14.6813 19.0487
      vertex 12.8558 15.3209 34
      vertex 13.5868 14.651 19.0673
    endloop
  endfacet
  facet normal 0.675522 0.73734 -5.93612e-06
    outer loop
      vertex 13.456 14.7709 18.9939
      vertex 12.8558 15.3209 34
      vertex 13.5538 14.6813 19.0487
    endloop
  endfacet
  facet normal 0.675375 0.737475 -1.67241e-05
    outer loop
      vertex 13.3622 14.8568 18.9278
      vertex 12.8558 15.3209 34
      vertex 13.456 14.7709 18.9939
    endloop
  endfacet
  facet normal 0.676337 0.736592 4.27824e-05
    outer loop
      vertex 13.3304 14.886 18.9053
      vertex 12.8558 15.3209 34
      vertex 13.3622 14.8568 18.9278
    endloop
  endfacet
  facet normal 0.675585 0.737282 -7.3617e-07
    outer loop
      vertex 13.2109 14.9955 18.8021
      vertex 12.8558 15.3209 34
      vertex 13.3304 14.886 18.9053
    endloop
  endfacet
  facet normal 0.675494 0.737366 -4.67058e-06
    outer loop
      vertex 13.1823 15.0217 18.7724
      vertex 12.8558 15.3209 34
      vertex 13.2109 14.9955 18.8021
    endloop
  endfacet
  facet normal 0.675176 0.737657 -1.71958e-05
    outer loop
      vertex 13.0985 15.0984 18.6853
      vertex 12.8558 15.3209 34
      vertex 13.1823 15.0217 18.7724
    endloop
  endfacet
  facet normal 0.675725 0.737153 -1.18011e-06
    outer loop
      vertex 12.9941 15.1941 18.5556
      vertex 12.8558 15.3209 34
      vertex 13.0985 15.0984 18.6853
    endloop
  endfacet
  facet normal 0.675622 0.737248 -2.87988e-06
    outer loop
      vertex 12.8984 15.2818 18.4141
      vertex 12.8558 15.3209 34
      vertex 12.9941 15.1941 18.5556
    endloop
  endfacet
  facet normal 0.676194 0.736723 0
    outer loop
      vertex 12.8558 15.3209 34
      vertex 12.8984 15.2818 18.4141
      vertex 12.8558 15.3209 18.3388
    endloop
  endfacet
  facet normal -0.737242 0.675629 0
    outer loop
      vertex -15.3209 12.8558 0
      vertex -14.1421 14.1421 34
      vertex -14.1421 14.1421 0
    endloop
  endfacet
  facet normal -0.737242 0.675629 0
    outer loop
      vertex -14.1421 14.1421 34
      vertex -15.3209 12.8558 0
      vertex -15.3209 12.8558 34
    endloop
  endfacet
  facet normal 0.737242 -0.675629 0
    outer loop
      vertex 14.1421 -14.1421 34
      vertex 15.3209 -12.8558 0
      vertex 15.3209 -12.8558 34
    endloop
  endfacet
  facet normal 0.737242 -0.675629 0
    outer loop
      vertex 15.3209 -12.8558 0
      vertex 14.1421 -14.1421 34
      vertex 14.1421 -14.1421 0
    endloop
  endfacet
  facet normal -0.0434898 -0.999054 0
    outer loop
      vertex -1.74311 -19.9239 0
      vertex -1.52028 -19.9336 20.4797
      vertex -1.74311 -19.9239 20.7512
    endloop
  endfacet
  facet normal -0.0435432 -0.999052 5.82643e-07
    outer loop
      vertex -1.74311 -19.9239 0
      vertex -1.19448 -19.9478 20.2123
      vertex -1.52028 -19.9336 20.4797
    endloop
  endfacet
  facet normal -0.0438051 -0.99904 7.70388e-06
    outer loop
      vertex -1.74311 -19.9239 0
      vertex -0.822769 -19.9641 20.0137
      vertex -1.19448 -19.9478 20.2123
    endloop
  endfacet
  facet normal -0.0435964 -0.999049 -1.91193e-06
    outer loop
      vertex -1.74311 -19.9239 0
      vertex -0.419444 -19.9817 19.8913
      vertex -0.822769 -19.9641 20.0137
    endloop
  endfacet
  facet normal -0.043588 -0.99905 -2.47151e-06
    outer loop
      vertex -1.74311 -19.9239 0
      vertex 0 -20 19.85
      vertex -0.419444 -19.9817 19.8913
    endloop
  endfacet
  facet normal -0.0436161 -0.999048 -0
    outer loop
      vertex 0 -20 19.85
      vertex -1.74311 -19.9239 0
      vertex 0 -20 0
    endloop
  endfacet
  facet normal -0.0436161 -0.999048 1.20381e-06
    outer loop
      vertex -0.419444 -19.9817 24.1087
      vertex 0 -20 34
      vertex -1.74311 -19.9239 34
    endloop
  endfacet
  facet normal -0.0435877 -0.99905 -0
    outer loop
      vertex 0 -20 34
      vertex -0.419444 -19.9817 24.1087
      vertex 0 -20 24.15
    endloop
  endfacet
  facet normal -0.0435969 -0.999049 3.76943e-06
    outer loop
      vertex -1.74311 -19.9239 34
      vertex -0.822769 -19.9641 23.9863
      vertex -0.419444 -19.9817 24.1087
    endloop
  endfacet
  facet normal -0.0438012 -0.99904 -1.50371e-05
    outer loop
      vertex -1.74311 -19.9239 34
      vertex -1.19448 -19.9478 23.7877
      vertex -0.822769 -19.9641 23.9863
    endloop
  endfacet
  facet normal -0.0435428 -0.999052 -1.12908e-06
    outer loop
      vertex -1.74311 -19.9239 34
      vertex -1.52028 -19.9336 23.5203
      vertex -1.19448 -19.9478 23.7877
    endloop
  endfacet
  facet normal -0.0434898 -0.999054 0
    outer loop
      vertex -1.52028 -19.9336 23.5203
      vertex -1.74311 -19.9239 34
      vertex -1.74311 -19.9239 23.2488
    endloop
  endfacet
  facet normal 0 0 1
    outer loop
      vertex -12.8025 -2.25743 34
      vertex -16.0025 -1.20104 34
      vertex -12.557 -3.36465 34
    endloop
  endfacet
  facet normal -0 0 1
    outer loop
      vertex -16.5 -1.3 34
      vertex -12.557 -3.36465 34
      vertex -16.0025 -1.20104 34
    endloop
  endfacet
  facet normal 0 0 1
    outer loop
      vertex -12.216 -4.44626 34
      vertex -15.3209 -12.8558 34
      vertex -14.1421 -14.1421 34
    endloop
  endfacet
  facet normal 0 0 1
    outer loop
      vertex -19.3185 -5.17638 34
      vertex -12.557 -3.36465 34
      vertex -16.5 -1.3 34
    endloop
  endfacet
  facet normal 0 0 1
    outer loop
      vertex -12.216 -4.44626 34
      vertex -16.383 -11.4715 34
      vertex -15.3209 -12.8558 34
    endloop
  endfacet
  facet normal 0 0 1
    outer loop
      vertex -12.557 -3.36465 34
      vertex -19.3185 -5.17638 34
      vertex -12.216 -4.44626 34
    endloop
  endfacet
  facet normal 0 0 1
    outer loop
      vertex -19.6962 -3.47296 34
      vertex -16.5 -1.3 34
      vertex -16.9975 -1.20104 34
    endloop
  endfacet
  facet normal 0 0 1
    outer loop
      vertex -12.216 -4.44626 34
      vertex -17.3205 -10 34
      vertex -16.383 -11.4715 34
    endloop
  endfacet
  facet normal 0 0 1
    outer loop
      vertex -19.6962 -3.47296 34
      vertex -16.9975 -1.20104 34
      vertex -17.4192 -0.919238 34
    endloop
  endfacet
  facet normal 0 0 1
    outer loop
      vertex -19.9239 -1.74311 34
      vertex -17.4192 -0.919238 34
      vertex -17.701 -0.497488 34
    endloop
  endfacet
  facet normal -0 0 1
    outer loop
      vertex -20 0 34
      vertex -17.701 -0.497488 34
      vertex -17.8 0 34
    endloop
  endfacet
  facet normal 0 0 1
    outer loop
      vertex -12.216 -4.44626 34
      vertex -18.1262 -8.45236 34
      vertex -17.3205 -10 34
    endloop
  endfacet
  facet normal 0 0 1
    outer loop
      vertex -16.9975 1.20104 34
      vertex -19.6962 3.47296 34
      vertex -17.4192 0.919238 34
    endloop
  endfacet
  facet normal -0 0 1
    outer loop
      vertex -19.9239 1.74311 34
      vertex -17.4192 0.919238 34
      vertex -19.6962 3.47296 34
    endloop
  endfacet
  facet normal 0 0 1
    outer loop
      vertex -12.216 -4.44626 34
      vertex -18.7939 -6.8404 34
      vertex -18.1262 -8.45236 34
    endloop
  endfacet
  facet normal 0 0 1
    outer loop
      vertex -17.4192 0.919238 34
      vertex -19.9239 1.74311 34
      vertex -17.701 0.497488 34
    endloop
  endfacet
  facet normal 0 0 1
    outer loop
      vertex -12.216 -4.44626 34
      vertex -19.3185 -5.17638 34
      vertex -18.7939 -6.8404 34
    endloop
  endfacet
  facet normal 0 0 1
    outer loop
      vertex -20 0 34
      vertex -17.701 0.497488 34
      vertex -19.9239 1.74311 34
    endloop
  endfacet
  facet normal 0 0 1
    outer loop
      vertex -16.5 -1.3 34
      vertex -19.6962 -3.47296 34
      vertex -19.3185 -5.17638 34
    endloop
  endfacet
  facet normal 0 0 1
    outer loop
      vertex -17.701 0.497488 34
      vertex -20 0 34
      vertex -17.8 0 34
    endloop
  endfacet
  facet normal 0 0 1
    outer loop
      vertex -17.4192 -0.919238 34
      vertex -19.9239 -1.74311 34
      vertex -19.6962 -3.47296 34
    endloop
  endfacet
  facet normal 0 0 1
    outer loop
      vertex -17.701 -0.497488 34
      vertex -20 0 34
      vertex -19.9239 -1.74311 34
    endloop
  endfacet
  facet normal 0 0 1
    outer loop
      vertex 3.47296 19.6962 34
      vertex 1.20104 16.9975 34
      vertex 1.3 16.5 34
    endloop
  endfacet
  facet normal 0 0 1
    outer loop
      vertex 3.47296 19.6962 34
      vertex 0.919238 17.4192 34
      vertex 1.20104 16.9975 34
    endloop
  endfacet
  facet normal 0 0 1
    outer loop
      vertex 1.74311 19.9239 34
      vertex 0.497488 17.701 34
      vertex 0.919238 17.4192 34
    endloop
  endfacet
  facet normal 0 0 1
    outer loop
      vertex 0 20 34
      vertex 0.497488 17.701 34
      vertex 1.74311 19.9239 34
    endloop
  endfacet
  facet normal 0 0 1
    outer loop
      vertex 0 20 34
      vertex 0 17.8 34
      vertex 0.497488 17.701 34
    endloop
  endfacet
  facet normal 0 0 1
    outer loop
      vertex 0 20 34
      vertex -0.497488 17.701 34
      vertex 0 17.8 34
    endloop
  endfacet
  facet normal -0 0 1
    outer loop
      vertex -1.74311 19.9239 34
      vertex -0.497488 17.701 34
      vertex 0 20 34
    endloop
  endfacet
  facet normal 0 0 1
    outer loop
      vertex -0.497488 17.701 34
      vertex -1.74311 19.9239 34
      vertex -0.919238 17.4192 34
    endloop
  endfacet
  facet normal 0 0 1
    outer loop
      vertex -0.919238 17.4192 34
      vertex -3.47296 19.6962 34
      vertex -1.20104 16.9975 34
    endloop
  endfacet
  facet normal -0 0 1
    outer loop
      vertex -3.47296 19.6962 34
      vertex -0.919238 17.4192 34
      vertex -1.74311 19.9239 34
    endloop
  endfacet
  facet normal -0 0 1
    outer loop
      vertex 11.782 -5.49404 34
      vertex 18.1262 -8.45236 34
      vertex 12.216 -4.44626 34
    endloop
  endfacet
  facet normal 0 0 1
    outer loop
      vertex 18.1262 -8.45236 34
      vertex 11.782 -5.49404 34
      vertex 17.3205 -10 34
    endloop
  endfacet
  facet normal -0 0 1
    outer loop
      vertex 11.2583 -6.5 34
      vertex 17.3205 -10 34
      vertex 11.782 -5.49404 34
    endloop
  endfacet
  facet normal 0 0 1
    outer loop
      vertex 17.3205 -10 34
      vertex 11.2583 -6.5 34
      vertex 16.383 -11.4715 34
    endloop
  endfacet
  facet normal -0 0 1
    outer loop
      vertex 10.649 -7.45649 34
      vertex 16.383 -11.4715 34
      vertex 11.2583 -6.5 34
    endloop
  endfacet
  facet normal 0 0 1
    outer loop
      vertex 16.383 -11.4715 34
      vertex 10.649 -7.45649 34
      vertex 15.3209 -12.8558 34
    endloop
  endfacet
  facet normal -0 0 1
    outer loop
      vertex 9.95858 -8.35624 34
      vertex 15.3209 -12.8558 34
      vertex 10.649 -7.45649 34
    endloop
  endfacet
  facet normal 0 0 1
    outer loop
      vertex 15.3209 -12.8558 34
      vertex 9.95858 -8.35624 34
      vertex 14.1421 -14.1421 34
    endloop
  endfacet
  facet normal -0 0 1
    outer loop
      vertex 9.19239 -9.19239 34
      vertex 14.1421 -14.1421 34
      vertex 9.95858 -8.35624 34
    endloop
  endfacet
  facet normal 0 0 1
    outer loop
      vertex 14.1421 -14.1421 34
      vertex 9.19239 -9.19239 34
      vertex 12.8558 -15.3209 34
    endloop
  endfacet
  facet normal -0 0 1
    outer loop
      vertex 8.35624 -9.95858 34
      vertex 12.8558 -15.3209 34
      vertex 9.19239 -9.19239 34
    endloop
  endfacet
  facet normal 0 0 1
    outer loop
      vertex 12.8558 -15.3209 34
      vertex 8.35624 -9.95858 34
      vertex 11.4715 -16.383 34
    endloop
  endfacet
  facet normal -0 0 1
    outer loop
      vertex 7.45649 -10.649 34
      vertex 11.4715 -16.383 34
      vertex 8.35624 -9.95858 34
    endloop
  endfacet
  facet normal 0 0 1
    outer loop
      vertex 11.4715 -16.383 34
      vertex 7.45649 -10.649 34
      vertex 10 -17.3205 34
    endloop
  endfacet
  facet normal -0 0 1
    outer loop
      vertex 6.5 -11.2583 34
      vertex 10 -17.3205 34
      vertex 7.45649 -10.649 34
    endloop
  endfacet
  facet normal 0 0 1
    outer loop
      vertex 10 -17.3205 34
      vertex 6.5 -11.2583 34
      vertex 8.45236 -18.1262 34
    endloop
  endfacet
  facet normal -0 0 1
    outer loop
      vertex 5.49404 -11.782 34
      vertex 8.45236 -18.1262 34
      vertex 6.5 -11.2583 34
    endloop
  endfacet
  facet normal 0 0 1
    outer loop
      vertex 8.45236 -18.1262 34
      vertex 5.49404 -11.782 34
      vertex 6.8404 -18.7939 34
    endloop
  endfacet
  facet normal -0 0 1
    outer loop
      vertex 4.44626 -12.216 34
      vertex 6.8404 -18.7939 34
      vertex 5.49404 -11.782 34
    endloop
  endfacet
  facet normal 0 0 1
    outer loop
      vertex 6.8404 -18.7939 34
      vertex 4.44626 -12.216 34
      vertex 5.17638 -19.3185 34
    endloop
  endfacet
  facet normal -0 0 1
    outer loop
      vertex 3.36465 -12.557 34
      vertex 5.17638 -19.3185 34
      vertex 4.44626 -12.216 34
    endloop
  endfacet
  facet normal 0 0 1
    outer loop
      vertex 5.17638 -19.3185 34
      vertex 3.36465 -12.557 34
      vertex 1.3 -16.5 34
    endloop
  endfacet
  facet normal 0 0 1
    outer loop
      vertex 1.20104 -16.0025 34
      vertex 3.36465 -12.557 34
      vertex 2.25743 -12.8025 34
    endloop
  endfacet
  facet normal 0 0 1
    outer loop
      vertex 5.17638 -19.3185 34
      vertex 1.3 -16.5 34
      vertex 3.47296 -19.6962 34
    endloop
  endfacet
  facet normal -0 0 1
    outer loop
      vertex 1.20104 -16.9975 34
      vertex 3.47296 -19.6962 34
      vertex 1.3 -16.5 34
    endloop
  endfacet
  facet normal 0 0 1
    outer loop
      vertex 3.36465 -12.557 34
      vertex 1.20104 -16.0025 34
      vertex 1.3 -16.5 34
    endloop
  endfacet
  facet normal 0 0 1
    outer loop
      vertex 0.919238 -15.5808 34
      vertex 2.25743 -12.8025 34
      vertex 1.13302 -12.9505 34
    endloop
  endfacet
  facet normal 0 0 1
    outer loop
      vertex 2.25743 -12.8025 34
      vertex 0.919238 -15.5808 34
      vertex 1.20104 -16.0025 34
    endloop
  endfacet
  facet normal 0 0 1
    outer loop
      vertex 1.13302 -12.9505 34
      vertex 0.497488 -15.299 34
      vertex 0.919238 -15.5808 34
    endloop
  endfacet
  facet normal -0 0 1
    outer loop
      vertex 0 -13 34
      vertex 0.497488 -15.299 34
      vertex 1.13302 -12.9505 34
    endloop
  endfacet
  facet normal 0 0 1
    outer loop
      vertex 0 -13 34
      vertex 0 -15.2 34
      vertex 0.497488 -15.299 34
    endloop
  endfacet
  facet normal 0 0 1
    outer loop
      vertex 0 -13 34
      vertex -0.497488 -15.299 34
      vertex 0 -15.2 34
    endloop
  endfacet
  facet normal 0 0 1
    outer loop
      vertex -1.13302 -12.9505 34
      vertex -0.497488 -15.299 34
      vertex 0 -13 34
    endloop
  endfacet
  facet normal 0 0 1
    outer loop
      vertex -0.497488 -15.299 34
      vertex -1.13302 -12.9505 34
      vertex -0.919238 -15.5808 34
    endloop
  endfacet
  facet normal 0 0 1
    outer loop
      vertex -2.25743 -12.8025 34
      vertex -0.919238 -15.5808 34
      vertex -1.13302 -12.9505 34
    endloop
  endfacet
  facet normal 0 0 1
    outer loop
      vertex -0.919238 -15.5808 34
      vertex -2.25743 -12.8025 34
      vertex -1.20104 -16.0025 34
    endloop
  endfacet
  facet normal 0 0 1
    outer loop
      vertex -3.36465 -12.557 34
      vertex -1.20104 -16.0025 34
      vertex -2.25743 -12.8025 34
    endloop
  endfacet
  facet normal 0 0 1
    outer loop
      vertex -1.20104 -16.0025 34
      vertex -3.36465 -12.557 34
      vertex -1.3 -16.5 34
    endloop
  endfacet
  facet normal 0 0 1
    outer loop
      vertex -5.17638 -19.3185 34
      vertex -1.3 -16.5 34
      vertex -3.36465 -12.557 34
    endloop
  endfacet
  facet normal 0 0 1
    outer loop
      vertex -1.3 -16.5 34
      vertex -3.47296 -19.6962 34
      vertex -1.74311 -19.9239 34
    endloop
  endfacet
  facet normal 0 0 1
    outer loop
      vertex -5.17638 -19.3185 34
      vertex -3.36465 -12.557 34
      vertex -4.44626 -12.216 34
    endloop
  endfacet
  facet normal 0 0 1
    outer loop
      vertex -1.3 -16.5 34
      vertex -5.17638 -19.3185 34
      vertex -3.47296 -19.6962 34
    endloop
  endfacet
  facet normal 0 0 1
    outer loop
      vertex -6.8404 -18.7939 34
      vertex -4.44626 -12.216 34
      vertex -5.49404 -11.782 34
    endloop
  endfacet
  facet normal 0 0 1
    outer loop
      vertex -8.45236 -18.1262 34
      vertex -5.49404 -11.782 34
      vertex -6.5 -11.2583 34
    endloop
  endfacet
  facet normal 0 0 1
    outer loop
      vertex -4.44626 -12.216 34
      vertex -6.8404 -18.7939 34
      vertex -5.17638 -19.3185 34
    endloop
  endfacet
  facet normal 0 0 1
    outer loop
      vertex -10 -17.3205 34
      vertex -6.5 -11.2583 34
      vertex -7.45649 -10.649 34
    endloop
  endfacet
  facet normal 0 0 1
    outer loop
      vertex -11.4715 -16.383 34
      vertex -7.45649 -10.649 34
      vertex -8.35624 -9.95858 34
    endloop
  endfacet
  facet normal 0 0 1
    outer loop
      vertex -5.49404 -11.782 34
      vertex -8.45236 -18.1262 34
      vertex -6.8404 -18.7939 34
    endloop
  endfacet
  facet normal 0 0 1
    outer loop
      vertex -12.8558 -15.3209 34
      vertex -8.35624 -9.95858 34
      vertex -9.19239 -9.19239 34
    endloop
  endfacet
  facet normal 0 0 1
    outer loop
      vertex -14.1421 -14.1421 34
      vertex -9.19239 -9.19239 34
      vertex -9.95858 -8.35624 34
    endloop
  endfacet
  facet normal 0 0 1
    outer loop
      vertex -6.5 -11.2583 34
      vertex -10 -17.3205 34
      vertex -8.45236 -18.1262 34
    endloop
  endfacet
  facet normal 0 0 1
    outer loop
      vertex -14.1421 -14.1421 34
      vertex -9.95858 -8.35624 34
      vertex -10.649 -7.45649 34
    endloop
  endfacet
  facet normal 0 0 1
    outer loop
      vertex -14.1421 -14.1421 34
      vertex -10.649 -7.45649 34
      vertex -11.2583 -6.5 34
    endloop
  endfacet
  facet normal 0 0 1
    outer loop
      vertex -7.45649 -10.649 34
      vertex -11.4715 -16.383 34
      vertex -10 -17.3205 34
    endloop
  endfacet
  facet normal 0 0 1
    outer loop
      vertex -14.1421 -14.1421 34
      vertex -11.2583 -6.5 34
      vertex -11.782 -5.49404 34
    endloop
  endfacet
  facet normal 0 0 1
    outer loop
      vertex -14.1421 -14.1421 34
      vertex -11.782 -5.49404 34
      vertex -12.216 -4.44626 34
    endloop
  endfacet
  facet normal 0 0 1
    outer loop
      vertex -12.9505 -1.13302 34
      vertex -15.5808 -0.919238 34
      vertex -12.8025 -2.25743 34
    endloop
  endfacet
  facet normal -0 0 1
    outer loop
      vertex -15.5808 -0.919238 34
      vertex -12.9505 -1.13302 34
      vertex -15.299 -0.497488 34
    endloop
  endfacet
  facet normal 0 0 1
    outer loop
      vertex -8.35624 -9.95858 34
      vertex -12.8558 -15.3209 34
      vertex -11.4715 -16.383 34
    endloop
  endfacet
  facet normal 0 0 1
    outer loop
      vertex -13 0 34
      vertex -15.299 -0.497488 34
      vertex -12.9505 -1.13302 34
    endloop
  endfacet
  facet normal 0 0 1
    outer loop
      vertex -15.299 -0.497488 34
      vertex -13 0 34
      vertex -15.2 0 34
    endloop
  endfacet
  facet normal -0 0 1
    outer loop
      vertex -18.7939 6.8404 34
      vertex -12.216 4.44626 34
      vertex -18.1262 8.45236 34
    endloop
  endfacet
  facet normal -0 0 1
    outer loop
      vertex -16.0025 -1.20104 34
      vertex -12.8025 -2.25743 34
      vertex -15.5808 -0.919238 34
    endloop
  endfacet
  facet normal 0 0 1
    outer loop
      vertex -9.19239 -9.19239 34
      vertex -14.1421 -14.1421 34
      vertex -12.8558 -15.3209 34
    endloop
  endfacet
  facet normal 0 0 1
    outer loop
      vertex -13 0 34
      vertex -15.299 0.497488 34
      vertex -15.2 0 34
    endloop
  endfacet
  facet normal 0 0 1
    outer loop
      vertex -18.7939 6.8404 34
      vertex -12.557 3.36465 34
      vertex -12.216 4.44626 34
    endloop
  endfacet
  facet normal 0 0 1
    outer loop
      vertex -12.9505 1.13302 34
      vertex -15.299 0.497488 34
      vertex -13 0 34
    endloop
  endfacet
  facet normal 0 -0 1
    outer loop
      vertex -16.0025 1.20104 34
      vertex -12.557 3.36465 34
      vertex -16.5 1.3 34
    endloop
  endfacet
  facet normal 0 -0 1
    outer loop
      vertex -15.5808 0.919238 34
      vertex -12.8025 2.25743 34
      vertex -16.0025 1.20104 34
    endloop
  endfacet
  facet normal 0 -0 1
    outer loop
      vertex -15.299 0.497488 34
      vertex -12.9505 1.13302 34
      vertex -15.5808 0.919238 34
    endloop
  endfacet
  facet normal 0 0 1
    outer loop
      vertex -12.8025 2.25743 34
      vertex -15.5808 0.919238 34
      vertex -12.9505 1.13302 34
    endloop
  endfacet
  facet normal 0 0 1
    outer loop
      vertex -12.557 3.36465 34
      vertex -16.0025 1.20104 34
      vertex -12.8025 2.25743 34
    endloop
  endfacet
  facet normal -0 0 1
    outer loop
      vertex -19.3185 5.17638 34
      vertex -12.557 3.36465 34
      vertex -18.7939 6.8404 34
    endloop
  endfacet
  facet normal 0 0 1
    outer loop
      vertex -12.557 3.36465 34
      vertex -19.3185 5.17638 34
      vertex -16.5 1.3 34
    endloop
  endfacet
  facet normal -0 0 1
    outer loop
      vertex -19.6962 3.47296 34
      vertex -16.5 1.3 34
      vertex -19.3185 5.17638 34
    endloop
  endfacet
  facet normal 0 0 1
    outer loop
      vertex -16.5 1.3 34
      vertex -19.6962 3.47296 34
      vertex -16.9975 1.20104 34
    endloop
  endfacet
  facet normal -0 0 1
    outer loop
      vertex 0.919238 -17.4192 34
      vertex 3.47296 -19.6962 34
      vertex 1.20104 -16.9975 34
    endloop
  endfacet
  facet normal 0 0 1
    outer loop
      vertex 3.47296 -19.6962 34
      vertex 0.919238 -17.4192 34
      vertex 1.74311 -19.9239 34
    endloop
  endfacet
  facet normal -0 0 1
    outer loop
      vertex 0.497488 -17.701 34
      vertex 1.74311 -19.9239 34
      vertex 0.919238 -17.4192 34
    endloop
  endfacet
  facet normal 0 0 1
    outer loop
      vertex 0 -20 34
      vertex 0.497488 -17.701 34
      vertex 0 -17.8 34
    endloop
  endfacet
  facet normal 0 0 1
    outer loop
      vertex 0.497488 -17.701 34
      vertex 0 -20 34
      vertex 1.74311 -19.9239 34
    endloop
  endfacet
  facet normal 0 0 1
    outer loop
      vertex -0.497488 -17.701 34
      vertex 0 -20 34
      vertex 0 -17.8 34
    endloop
  endfacet
  facet normal 0 0 1
    outer loop
      vertex -1.74311 -19.9239 34
      vertex -0.497488 -17.701 34
      vertex -0.919238 -17.4192 34
    endloop
  endfacet
  facet normal 0 0 1
    outer loop
      vertex -1.74311 -19.9239 34
      vertex -0.919238 -17.4192 34
      vertex -1.20104 -16.9975 34
    endloop
  endfacet
  facet normal 0 0 1
    outer loop
      vertex -0.497488 -17.701 34
      vertex -1.74311 -19.9239 34
      vertex 0 -20 34
    endloop
  endfacet
  facet normal 0 0 1
    outer loop
      vertex -1.74311 -19.9239 34
      vertex -1.20104 -16.9975 34
      vertex -1.3 -16.5 34
    endloop
  endfacet
  facet normal -0 0 1
    outer loop
      vertex 17.701 0.497488 34
      vertex 20 0 34
      vertex 19.9239 1.74311 34
    endloop
  endfacet
  facet normal 0 0 1
    outer loop
      vertex 17.4192 0.919238 34
      vertex 19.9239 1.74311 34
      vertex 19.6962 3.47296 34
    endloop
  endfacet
  facet normal 0 0 1
    outer loop
      vertex 20 0 34
      vertex 17.701 0.497488 34
      vertex 17.8 0 34
    endloop
  endfacet
  facet normal 0 0 1
    outer loop
      vertex 16.5 1.3 34
      vertex 19.6962 3.47296 34
      vertex 19.3185 5.17638 34
    endloop
  endfacet
  facet normal 0 0 1
    outer loop
      vertex 20 0 34
      vertex 17.701 -0.497488 34
      vertex 19.9239 -1.74311 34
    endloop
  endfacet
  facet normal 0 0 1
    outer loop
      vertex 12.557 3.36465 34
      vertex 19.3185 5.17638 34
      vertex 18.7939 6.8404 34
    endloop
  endfacet
  facet normal -0 0 1
    outer loop
      vertex 17.4192 -0.919238 34
      vertex 19.9239 -1.74311 34
      vertex 17.701 -0.497488 34
    endloop
  endfacet
  facet normal 0 0 1
    outer loop
      vertex 12.216 4.44626 34
      vertex 18.7939 6.8404 34
      vertex 18.1262 8.45236 34
    endloop
  endfacet
  facet normal 0 0 1
    outer loop
      vertex 19.9239 -1.74311 34
      vertex 17.4192 -0.919238 34
      vertex 19.6962 -3.47296 34
    endloop
  endfacet
  facet normal -0 0 1
    outer loop
      vertex 16.9975 -1.20104 34
      vertex 19.6962 -3.47296 34
      vertex 17.4192 -0.919238 34
    endloop
  endfacet
  facet normal 0 0 1
    outer loop
      vertex 17.701 -0.497488 34
      vertex 20 0 34
      vertex 17.8 0 34
    endloop
  endfacet
  facet normal 0 0 1
    outer loop
      vertex 19.9239 1.74311 34
      vertex 17.4192 0.919238 34
      vertex 17.701 0.497488 34
    endloop
  endfacet
  facet normal 0 0 1
    outer loop
      vertex 11.782 5.49404 34
      vertex 18.1262 8.45236 34
      vertex 17.3205 10 34
    endloop
  endfacet
  facet normal 0 0 1
    outer loop
      vertex 19.6962 3.47296 34
      vertex 16.9975 1.20104 34
      vertex 17.4192 0.919238 34
    endloop
  endfacet
  facet normal 0 0 1
    outer loop
      vertex 19.6962 3.47296 34
      vertex 16.5 1.3 34
      vertex 16.9975 1.20104 34
    endloop
  endfacet
  facet normal 0 0 1
    outer loop
      vertex 11.2583 6.5 34
      vertex 17.3205 10 34
      vertex 16.383 11.4715 34
    endloop
  endfacet
  facet normal 0 -0 1
    outer loop
      vertex 12.557 3.36465 34
      vertex 18.7939 6.8404 34
      vertex 12.216 4.44626 34
    endloop
  endfacet
  facet normal 0 0 1
    outer loop
      vertex 19.3185 5.17638 34
      vertex 12.557 3.36465 34
      vertex 16.5 1.3 34
    endloop
  endfacet
  facet normal 0 0 1
    outer loop
      vertex 10.649 7.45649 34
      vertex 16.383 11.4715 34
      vertex 15.3209 12.8558 34
    endloop
  endfacet
  facet normal 0 0 1
    outer loop
      vertex 16.5 1.3 34
      vertex 12.557 3.36465 34
      vertex 16.0025 1.20104 34
    endloop
  endfacet
  facet normal -0 -0 1
    outer loop
      vertex 12.8025 2.25743 34
      vertex 16.0025 1.20104 34
      vertex 12.557 3.36465 34
    endloop
  endfacet
  facet normal 0 0 1
    outer loop
      vertex 9.95858 8.35624 34
      vertex 15.3209 12.8558 34
      vertex 14.1421 14.1421 34
    endloop
  endfacet
  facet normal -0 0 1
    outer loop
      vertex 16.5 -1.3 34
      vertex 19.6962 -3.47296 34
      vertex 16.9975 -1.20104 34
    endloop
  endfacet
  facet normal 0 0 1
    outer loop
      vertex 19.6962 -3.47296 34
      vertex 16.5 -1.3 34
      vertex 19.3185 -5.17638 34
    endloop
  endfacet
  facet normal -0 0 1
    outer loop
      vertex 12.557 -3.36465 34
      vertex 19.3185 -5.17638 34
      vertex 16.5 -1.3 34
    endloop
  endfacet
  facet normal 0 0 1
    outer loop
      vertex 12.557 -3.36465 34
      vertex 16.5 -1.3 34
      vertex 16.0025 -1.20104 34
    endloop
  endfacet
  facet normal 0 0 1
    outer loop
      vertex 15.5808 -0.919238 34
      vertex 12.8025 -2.25743 34
      vertex 16.0025 -1.20104 34
    endloop
  endfacet
  facet normal 0 0 1
    outer loop
      vertex 12.8025 -2.25743 34
      vertex 15.5808 -0.919238 34
      vertex 12.9505 -1.13302 34
    endloop
  endfacet
  facet normal 0 0 1
    outer loop
      vertex 15.299 -0.497488 34
      vertex 12.9505 -1.13302 34
      vertex 15.5808 -0.919238 34
    endloop
  endfacet
  facet normal 0 0 1
    outer loop
      vertex 12.557 -3.36465 34
      vertex 16.0025 -1.20104 34
      vertex 12.8025 -2.25743 34
    endloop
  endfacet
  facet normal 0 0 1
    outer loop
      vertex 19.3185 -5.17638 34
      vertex 12.557 -3.36465 34
      vertex 18.7939 -6.8404 34
    endloop
  endfacet
  facet normal 0 0 1
    outer loop
      vertex 12.9505 -1.13302 34
      vertex 15.299 -0.497488 34
      vertex 13 0 34
    endloop
  endfacet
  facet normal -0 0 1
    outer loop
      vertex 13 0 34
      vertex 15.299 -0.497488 34
      vertex 15.2 0 34
    endloop
  endfacet
  facet normal 0 0 1
    outer loop
      vertex 16.0025 1.20104 34
      vertex 12.8025 2.25743 34
      vertex 15.5808 0.919238 34
    endloop
  endfacet
  facet normal -0 0 1
    outer loop
      vertex 12.216 -4.44626 34
      vertex 18.7939 -6.8404 34
      vertex 12.557 -3.36465 34
    endloop
  endfacet
  facet normal 0 0 1
    outer loop
      vertex 18.7939 -6.8404 34
      vertex 12.216 -4.44626 34
      vertex 18.1262 -8.45236 34
    endloop
  endfacet
  facet normal 0 0 1
    outer loop
      vertex 15.299 0.497488 34
      vertex 13 0 34
      vertex 15.2 0 34
    endloop
  endfacet
  facet normal 0 0 1
    outer loop
      vertex 9.19239 9.19239 34
      vertex 14.1421 14.1421 34
      vertex 12.8558 15.3209 34
    endloop
  endfacet
  facet normal 0 -0 1
    outer loop
      vertex 13 0 34
      vertex 15.299 0.497488 34
      vertex 12.9505 1.13302 34
    endloop
  endfacet
  facet normal 0 0 1
    outer loop
      vertex 15.5808 0.919238 34
      vertex 12.9505 1.13302 34
      vertex 15.299 0.497488 34
    endloop
  endfacet
  facet normal -0 -0 1
    outer loop
      vertex 12.9505 1.13302 34
      vertex 15.5808 0.919238 34
      vertex 12.8025 2.25743 34
    endloop
  endfacet
  facet normal 0 0 1
    outer loop
      vertex 18.1262 8.45236 34
      vertex 11.782 5.49404 34
      vertex 12.216 4.44626 34
    endloop
  endfacet
  facet normal 0 0 1
    outer loop
      vertex 8.35624 9.95858 34
      vertex 12.8558 15.3209 34
      vertex 11.4715 16.383 34
    endloop
  endfacet
  facet normal 0 0 1
    outer loop
      vertex 17.3205 10 34
      vertex 11.2583 6.5 34
      vertex 11.782 5.49404 34
    endloop
  endfacet
  facet normal 0 0 1
    outer loop
      vertex 16.383 11.4715 34
      vertex 10.649 7.45649 34
      vertex 11.2583 6.5 34
    endloop
  endfacet
  facet normal 0 0 1
    outer loop
      vertex 7.45649 10.649 34
      vertex 11.4715 16.383 34
      vertex 10 17.3205 34
    endloop
  endfacet
  facet normal 0 0 1
    outer loop
      vertex 15.3209 12.8558 34
      vertex 9.95858 8.35624 34
      vertex 10.649 7.45649 34
    endloop
  endfacet
  facet normal 0 0 1
    outer loop
      vertex 14.1421 14.1421 34
      vertex 9.19239 9.19239 34
      vertex 9.95858 8.35624 34
    endloop
  endfacet
  facet normal 0 0 1
    outer loop
      vertex 6.5 11.2583 34
      vertex 10 17.3205 34
      vertex 8.45236 18.1262 34
    endloop
  endfacet
  facet normal 0 0 1
    outer loop
      vertex 12.8558 15.3209 34
      vertex 8.35624 9.95858 34
      vertex 9.19239 9.19239 34
    endloop
  endfacet
  facet normal 0 0 1
    outer loop
      vertex 11.4715 16.383 34
      vertex 7.45649 10.649 34
      vertex 8.35624 9.95858 34
    endloop
  endfacet
  facet normal 0 0 1
    outer loop
      vertex 5.49404 11.782 34
      vertex 8.45236 18.1262 34
      vertex 6.8404 18.7939 34
    endloop
  endfacet
  facet normal 0 0 1
    outer loop
      vertex 10 17.3205 34
      vertex 6.5 11.2583 34
      vertex 7.45649 10.649 34
    endloop
  endfacet
  facet normal 0 0 1
    outer loop
      vertex 8.45236 18.1262 34
      vertex 5.49404 11.782 34
      vertex 6.5 11.2583 34
    endloop
  endfacet
  facet normal 0 0 1
    outer loop
      vertex 4.44626 12.216 34
      vertex 6.8404 18.7939 34
      vertex 5.17638 19.3185 34
    endloop
  endfacet
  facet normal 0 0 1
    outer loop
      vertex 6.8404 18.7939 34
      vertex 4.44626 12.216 34
      vertex 5.49404 11.782 34
    endloop
  endfacet
  facet normal 0 0 1
    outer loop
      vertex 1.3 16.5 34
      vertex 5.17638 19.3185 34
      vertex 3.47296 19.6962 34
    endloop
  endfacet
  facet normal 0 -0 1
    outer loop
      vertex 3.36465 12.557 34
      vertex 5.17638 19.3185 34
      vertex 1.3 16.5 34
    endloop
  endfacet
  facet normal 0 0 1
    outer loop
      vertex 5.17638 19.3185 34
      vertex 3.36465 12.557 34
      vertex 4.44626 12.216 34
    endloop
  endfacet
  facet normal 0 0 1
    outer loop
      vertex 0.919238 17.4192 34
      vertex 3.47296 19.6962 34
      vertex 1.74311 19.9239 34
    endloop
  endfacet
  facet normal -0 0 1
    outer loop
      vertex 1.20104 16.0025 34
      vertex 3.36465 12.557 34
      vertex 1.3 16.5 34
    endloop
  endfacet
  facet normal 0 0 1
    outer loop
      vertex 3.36465 12.557 34
      vertex 1.20104 16.0025 34
      vertex 2.25743 12.8025 34
    endloop
  endfacet
  facet normal -0 0 1
    outer loop
      vertex 0.919238 15.5808 34
      vertex 2.25743 12.8025 34
      vertex 1.20104 16.0025 34
    endloop
  endfacet
  facet normal 0 0 1
    outer loop
      vertex 2.25743 12.8025 34
      vertex 0.919238 15.5808 34
      vertex 1.13302 12.9505 34
    endloop
  endfacet
  facet normal -0 0 1
    outer loop
      vertex 0.497488 15.299 34
      vertex 1.13302 12.9505 34
      vertex 0.919238 15.5808 34
    endloop
  endfacet
  facet normal 0 0 1
    outer loop
      vertex 0 13 34
      vertex 0.497488 15.299 34
      vertex 0 15.2 34
    endloop
  endfacet
  facet normal 0 0 1
    outer loop
      vertex 0.497488 15.299 34
      vertex 0 13 34
      vertex 1.13302 12.9505 34
    endloop
  endfacet
  facet normal 0 0 1
    outer loop
      vertex -0.497488 15.299 34
      vertex 0 13 34
      vertex 0 15.2 34
    endloop
  endfacet
  facet normal 0 0 1
    outer loop
      vertex -1.13302 12.9505 34
      vertex -0.497488 15.299 34
      vertex -0.919238 15.5808 34
    endloop
  endfacet
  facet normal 0 0 1
    outer loop
      vertex -0.497488 15.299 34
      vertex -1.13302 12.9505 34
      vertex 0 13 34
    endloop
  endfacet
  facet normal 0 0 1
    outer loop
      vertex -2.25743 12.8025 34
      vertex -0.919238 15.5808 34
      vertex -1.20104 16.0025 34
    endloop
  endfacet
  facet normal 0 0 1
    outer loop
      vertex -3.36465 12.557 34
      vertex -1.20104 16.0025 34
      vertex -1.3 16.5 34
    endloop
  endfacet
  facet normal 0 0 1
    outer loop
      vertex -1.20104 16.9975 34
      vertex -3.47296 19.6962 34
      vertex -1.3 16.5 34
    endloop
  endfacet
  facet normal 0 0 1
    outer loop
      vertex -0.919238 15.5808 34
      vertex -2.25743 12.8025 34
      vertex -1.13302 12.9505 34
    endloop
  endfacet
  facet normal -0 0 1
    outer loop
      vertex -5.17638 19.3185 34
      vertex -1.3 16.5 34
      vertex -3.47296 19.6962 34
    endloop
  endfacet
  facet normal 0 0 1
    outer loop
      vertex -1.20104 16.0025 34
      vertex -3.36465 12.557 34
      vertex -2.25743 12.8025 34
    endloop
  endfacet
  facet normal 0 0 1
    outer loop
      vertex -1.3 16.5 34
      vertex -5.17638 19.3185 34
      vertex -3.36465 12.557 34
    endloop
  endfacet
  facet normal 0 0 1
    outer loop
      vertex -3.36465 12.557 34
      vertex -5.17638 19.3185 34
      vertex -4.44626 12.216 34
    endloop
  endfacet
  facet normal -0 0 1
    outer loop
      vertex -6.8404 18.7939 34
      vertex -4.44626 12.216 34
      vertex -5.17638 19.3185 34
    endloop
  endfacet
  facet normal 0 0 1
    outer loop
      vertex -4.44626 12.216 34
      vertex -6.8404 18.7939 34
      vertex -5.49404 11.782 34
    endloop
  endfacet
  facet normal -0 0 1
    outer loop
      vertex -8.45236 18.1262 34
      vertex -5.49404 11.782 34
      vertex -6.8404 18.7939 34
    endloop
  endfacet
  facet normal 0 0 1
    outer loop
      vertex -5.49404 11.782 34
      vertex -8.45236 18.1262 34
      vertex -6.5 11.2583 34
    endloop
  endfacet
  facet normal -0 0 1
    outer loop
      vertex -10 17.3205 34
      vertex -6.5 11.2583 34
      vertex -8.45236 18.1262 34
    endloop
  endfacet
  facet normal 0 0 1
    outer loop
      vertex -6.5 11.2583 34
      vertex -10 17.3205 34
      vertex -7.45649 10.649 34
    endloop
  endfacet
  facet normal -0 0 1
    outer loop
      vertex -11.4715 16.383 34
      vertex -7.45649 10.649 34
      vertex -10 17.3205 34
    endloop
  endfacet
  facet normal 0 0 1
    outer loop
      vertex -7.45649 10.649 34
      vertex -11.4715 16.383 34
      vertex -8.35624 9.95858 34
    endloop
  endfacet
  facet normal -0 0 1
    outer loop
      vertex -12.8558 15.3209 34
      vertex -8.35624 9.95858 34
      vertex -11.4715 16.383 34
    endloop
  endfacet
  facet normal 0 0 1
    outer loop
      vertex -8.35624 9.95858 34
      vertex -12.8558 15.3209 34
      vertex -9.19239 9.19239 34
    endloop
  endfacet
  facet normal -0 0 1
    outer loop
      vertex -14.1421 14.1421 34
      vertex -9.19239 9.19239 34
      vertex -12.8558 15.3209 34
    endloop
  endfacet
  facet normal 0 0 1
    outer loop
      vertex -9.19239 9.19239 34
      vertex -14.1421 14.1421 34
      vertex -9.95858 8.35624 34
    endloop
  endfacet
  facet normal -0 0 1
    outer loop
      vertex -15.3209 12.8558 34
      vertex -9.95858 8.35624 34
      vertex -14.1421 14.1421 34
    endloop
  endfacet
  facet normal 0 0 1
    outer loop
      vertex -9.95858 8.35624 34
      vertex -15.3209 12.8558 34
      vertex -10.649 7.45649 34
    endloop
  endfacet
  facet normal -0 0 1
    outer loop
      vertex -16.383 11.4715 34
      vertex -10.649 7.45649 34
      vertex -15.3209 12.8558 34
    endloop
  endfacet
  facet normal 0 0 1
    outer loop
      vertex -10.649 7.45649 34
      vertex -16.383 11.4715 34
      vertex -11.2583 6.5 34
    endloop
  endfacet
  facet normal -0 0 1
    outer loop
      vertex -17.3205 10 34
      vertex -11.2583 6.5 34
      vertex -16.383 11.4715 34
    endloop
  endfacet
  facet normal 0 0 1
    outer loop
      vertex -11.2583 6.5 34
      vertex -17.3205 10 34
      vertex -11.782 5.49404 34
    endloop
  endfacet
  facet normal -0 0 1
    outer loop
      vertex -18.1262 8.45236 34
      vertex -11.782 5.49404 34
      vertex -17.3205 10 34
    endloop
  endfacet
  facet normal 0 0 1
    outer loop
      vertex -11.782 5.49404 34
      vertex -18.1262 8.45236 34
      vertex -12.216 4.44626 34
    endloop
  endfacet
  facet normal 0.843378 0.53732 0
    outer loop
      vertex 17.3205 10 34
      vertex 16.383 11.4715 0
      vertex 16.383 11.4715 34
    endloop
  endfacet
  facet normal 0.843378 0.53732 0
    outer loop
      vertex 16.383 11.4715 0
      vertex 17.3205 10 34
      vertex 17.3205 10 0
    endloop
  endfacet
  facet normal -0.0435877 0.99905 0
    outer loop
      vertex -0.419444 19.9817 24.1087
      vertex 0 20 34
      vertex 0 20 24.15
    endloop
  endfacet
  facet normal -0.0436161 0.999048 1.20381e-06
    outer loop
      vertex 0 20 34
      vertex -0.419444 19.9817 24.1087
      vertex -1.74311 19.9239 34
    endloop
  endfacet
  facet normal -0.0435969 0.999049 3.76943e-06
    outer loop
      vertex -0.822769 19.9641 23.9863
      vertex -1.74311 19.9239 34
      vertex -0.419444 19.9817 24.1087
    endloop
  endfacet
  facet normal -0.0438012 0.99904 -1.50371e-05
    outer loop
      vertex -1.19448 19.9478 23.7877
      vertex -1.74311 19.9239 34
      vertex -0.822769 19.9641 23.9863
    endloop
  endfacet
  facet normal -0.0435428 0.999052 -1.12908e-06
    outer loop
      vertex -1.52028 19.9336 23.5203
      vertex -1.74311 19.9239 34
      vertex -1.19448 19.9478 23.7877
    endloop
  endfacet
  facet normal -0.0434898 0.999054 0
    outer loop
      vertex -1.74311 19.9239 34
      vertex -1.52028 19.9336 23.5203
      vertex -1.74311 19.9239 23.2488
    endloop
  endfacet
  facet normal -0.0436161 0.999048 0
    outer loop
      vertex -1.74311 19.9239 0
      vertex 0 20 19.85
      vertex 0 20 0
    endloop
  endfacet
  facet normal -0.043588 0.99905 -2.47151e-06
    outer loop
      vertex 0 20 19.85
      vertex -1.74311 19.9239 0
      vertex -0.419444 19.9817 19.8913
    endloop
  endfacet
  facet normal -0.0435964 0.999049 -1.91193e-06
    outer loop
      vertex -0.419444 19.9817 19.8913
      vertex -1.74311 19.9239 0
      vertex -0.822769 19.9641 20.0137
    endloop
  endfacet
  facet normal -0.0438051 0.99904 7.70388e-06
    outer loop
      vertex -0.822769 19.9641 20.0137
      vertex -1.74311 19.9239 0
      vertex -1.19448 19.9478 20.2123
    endloop
  endfacet
  facet normal -0.0435432 0.999052 5.82643e-07
    outer loop
      vertex -1.19448 19.9478 20.2123
      vertex -1.74311 19.9239 0
      vertex -1.52028 19.9336 20.4797
    endloop
  endfacet
  facet normal -0.0434898 0.999054 0
    outer loop
      vertex -1.52028 19.9336 20.4797
      vertex -1.74311 19.9239 0
      vertex -1.74311 19.9239 20.7512
    endloop
  endfacet
  facet normal 0.953727 -0.300673 0
    outer loop
      vertex 18.7939 -6.8404 34
      vertex 19.3185 -5.17638 0
      vertex 19.3185 -5.17638 34
    endloop
  endfacet
  facet normal 0.953727 -0.300673 0
    outer loop
      vertex 19.3185 -5.17638 0
      vertex 18.7939 -6.8404 34
      vertex 18.7939 -6.8404 0
    endloop
  endfacet
  facet normal -0.923879 -0.382686 0
    outer loop
      vertex -18.1262 -8.45236 0
      vertex -18.7939 -6.8404 34
      vertex -18.7939 -6.8404 0
    endloop
  endfacet
  facet normal -0.923879 -0.382686 0
    outer loop
      vertex -18.7939 -6.8404 34
      vertex -18.1262 -8.45236 0
      vertex -18.1262 -8.45236 34
    endloop
  endfacet
  facet normal -0.976289 -0.216473 0
    outer loop
      vertex -19.3185 -5.17638 0
      vertex -19.6962 -3.47296 34
      vertex -19.6962 -3.47296 0
    endloop
  endfacet
  facet normal -0.976289 -0.216473 0
    outer loop
      vertex -19.6962 -3.47296 34
      vertex -19.3185 -5.17638 0
      vertex -19.3185 -5.17638 34
    endloop
  endfacet
  facet normal -0.300673 0.953727 0
    outer loop
      vertex -5.17638 19.3185 0
      vertex -6.8404 18.7939 34
      vertex -5.17638 19.3185 34
    endloop
  endfacet
  facet normal -0.300673 0.953727 0
    outer loop
      vertex -6.8404 18.7939 34
      vertex -5.17638 19.3185 0
      vertex -6.8404 18.7939 0
    endloop
  endfacet
  facet normal 0.886999 -0.461771 0
    outer loop
      vertex 17.3205 -10 34
      vertex 18.1262 -8.45236 0
      vertex 18.1262 -8.45236 34
    endloop
  endfacet
  facet normal 0.886999 -0.461771 0
    outer loop
      vertex 18.1262 -8.45236 0
      vertex 17.3205 -10 34
      vertex 17.3205 -10 0
    endloop
  endfacet
  facet normal -0.923879 0.382686 0
    outer loop
      vertex -18.7939 6.8404 0
      vertex -18.1262 8.45236 34
      vertex -18.1262 8.45236 0
    endloop
  endfacet
  facet normal -0.923879 0.382686 0
    outer loop
      vertex -18.1262 8.45236 34
      vertex -18.7939 6.8404 0
      vertex -18.7939 6.8404 34
    endloop
  endfacet
  facet normal -0.793384 -0.608721 0
    outer loop
      vertex -15.3209 -12.8558 0
      vertex -16.383 -11.4715 34
      vertex -16.383 -11.4715 0
    endloop
  endfacet
  facet normal -0.793384 -0.608721 0
    outer loop
      vertex -16.383 -11.4715 34
      vertex -15.3209 -12.8558 0
      vertex -15.3209 -12.8558 34
    endloop
  endfacet
  facet normal 0.608721 -0.793384 0
    outer loop
      vertex 11.4715 -16.383 0
      vertex 12.8558 -15.3209 34
      vertex 11.4715 -16.383 34
    endloop
  endfacet
  facet normal 0.608721 -0.793384 0
    outer loop
      vertex 12.8558 -15.3209 34
      vertex 11.4715 -16.383 0
      vertex 12.8558 -15.3209 0
    endloop
  endfacet
  facet normal 0.99905 -0.0435877 0
    outer loop
      vertex 19.9817 -0.419444 9.89131
      vertex 20 0 0
      vertex 20 0 9.85
    endloop
  endfacet
  facet normal 0.999049 -0.0435969 -3.76944e-06
    outer loop
      vertex 19.9239 -1.74311 0
      vertex 19.9817 -0.419444 9.89131
      vertex 19.9641 -0.822769 10.0137
    endloop
  endfacet
  facet normal 0.99904 -0.0438012 1.50371e-05
    outer loop
      vertex 19.9239 -1.74311 0
      vertex 19.9641 -0.822769 10.0137
      vertex 19.9478 -1.19448 10.2123
    endloop
  endfacet
  facet normal 0.999052 -0.0435428 1.12908e-06
    outer loop
      vertex 19.9239 -1.74311 0
      vertex 19.9478 -1.19448 10.2123
      vertex 19.9336 -1.52028 10.4797
    endloop
  endfacet
  facet normal 0.999054 -0.0434898 0
    outer loop
      vertex 19.9239 -1.74311 0
      vertex 19.9336 -1.52028 10.4797
      vertex 19.9239 -1.74311 10.7512
    endloop
  endfacet
  facet normal 0.999048 -0.0436161 -1.20381e-06
    outer loop
      vertex 19.9817 -0.419444 9.89131
      vertex 19.9239 -1.74311 0
      vertex 20 0 0
    endloop
  endfacet
  facet normal 0.999048 -0.0436161 0
    outer loop
      vertex 19.9239 -1.74311 34
      vertex 20 0 14.15
      vertex 20 0 34
    endloop
  endfacet
  facet normal 0.99905 -0.043588 2.47151e-06
    outer loop
      vertex 20 0 14.15
      vertex 19.9239 -1.74311 34
      vertex 19.9817 -0.419444 14.1087
    endloop
  endfacet
  facet normal 0.999049 -0.0435964 1.91193e-06
    outer loop
      vertex 19.9817 -0.419444 14.1087
      vertex 19.9239 -1.74311 34
      vertex 19.9641 -0.822769 13.9863
    endloop
  endfacet
  facet normal 0.99904 -0.0438051 -7.70388e-06
    outer loop
      vertex 19.9641 -0.822769 13.9863
      vertex 19.9239 -1.74311 34
      vertex 19.9478 -1.19448 13.7877
    endloop
  endfacet
  facet normal 0.999052 -0.0435432 -5.82643e-07
    outer loop
      vertex 19.9478 -1.19448 13.7877
      vertex 19.9239 -1.74311 34
      vertex 19.9336 -1.52028 13.5203
    endloop
  endfacet
  facet normal 0.999054 -0.0434898 0
    outer loop
      vertex 19.9336 -1.52028 13.5203
      vertex 19.9239 -1.74311 34
      vertex 19.9239 -1.74311 13.2488
    endloop
  endfacet
  facet normal -0.382686 -0.923879 0
    outer loop
      vertex -8.45236 -18.1262 0
      vertex -6.8404 -18.7939 34
      vertex -8.45236 -18.1262 34
    endloop
  endfacet
  facet normal -0.382686 -0.923879 -0
    outer loop
      vertex -6.8404 -18.7939 34
      vertex -8.45236 -18.1262 0
      vertex -6.8404 -18.7939 0
    endloop
  endfacet
  facet normal 0.923879 -0.382686 0
    outer loop
      vertex 18.1262 -8.45236 34
      vertex 18.7939 -6.8404 0
      vertex 18.7939 -6.8404 34
    endloop
  endfacet
  facet normal 0.923879 -0.382686 0
    outer loop
      vertex 18.7939 -6.8404 0
      vertex 18.1262 -8.45236 34
      vertex 18.1262 -8.45236 0
    endloop
  endfacet
  facet normal 0.130504 -0.991448 0
    outer loop
      vertex 1.74311 -19.9239 23.2488
      vertex 3.47296 -19.6962 34
      vertex 1.74311 -19.9239 34
    endloop
  endfacet
  facet normal 0.13116 -0.991361 -0.000107425
    outer loop
      vertex 1.78766 -19.918 23.1945
      vertex 3.47296 -19.6962 34
      vertex 1.74311 -19.9239 23.2488
    endloop
  endfacet
  facet normal 0.130301 -0.991474 2.89206e-05
    outer loop
      vertex 1.98634 -19.8919 22.8228
      vertex 3.47296 -19.6962 34
      vertex 1.78766 -19.918 23.1945
    endloop
  endfacet
  facet normal 0.13048 -0.991451 4.69359e-06
    outer loop
      vertex 2.10869 -19.8758 22.4194
      vertex 3.47296 -19.6962 34
      vertex 1.98634 -19.8919 22.8228
    endloop
  endfacet
  facet normal 0.131182 -0.991358 -7.94629e-05
    outer loop
      vertex 2.15 -19.8703 22
      vertex 3.47296 -19.6962 34
      vertex 2.10869 -19.8758 22.4194
    endloop
  endfacet
  facet normal 0.131406 -0.991329 5.70339e-05
    outer loop
      vertex 3.47296 -19.6962 0
      vertex 2.15 -19.8703 22
      vertex 2.10869 -19.8758 21.5806
    endloop
  endfacet
  facet normal 0.130504 -0.991448 0
    outer loop
      vertex 3.47296 -19.6962 0
      vertex 1.74311 -19.9239 20.7512
      vertex 1.74311 -19.9239 0
    endloop
  endfacet
  facet normal 0.131217 -0.991354 6.04315e-05
    outer loop
      vertex 1.74311 -19.9239 20.7512
      vertex 3.47296 -19.6962 0
      vertex 1.78766 -19.918 20.8055
    endloop
  endfacet
  facet normal 0.130279 -0.991477 -1.68495e-05
    outer loop
      vertex 1.78766 -19.918 20.8055
      vertex 3.47296 -19.6962 0
      vertex 1.98634 -19.8919 21.1772
    endloop
  endfacet
  facet normal 0.130474 -0.991452 -2.89381e-06
    outer loop
      vertex 1.98634 -19.8919 21.1772
      vertex 3.47296 -19.6962 0
      vertex 2.10869 -19.8758 21.5806
    endloop
  endfacet
  facet normal 0.130474 -0.991452 0
    outer loop
      vertex 2.15 -19.8703 22
      vertex 3.47296 -19.6962 0
      vertex 3.47296 -19.6962 34
    endloop
  endfacet
  facet normal 0.953727 0.300673 0
    outer loop
      vertex 19.3185 5.17638 34
      vertex 18.7939 6.8404 0
      vertex 18.7939 6.8404 34
    endloop
  endfacet
  facet normal 0.953727 0.300673 0
    outer loop
      vertex 18.7939 6.8404 0
      vertex 19.3185 5.17638 34
      vertex 19.3185 5.17638 0
    endloop
  endfacet
  facet normal 0.737176 0.675701 0
    outer loop
      vertex 14.2718 14.0006 14.8084
      vertex 14.1421 14.1421 0
      vertex 14.1421 14.1421 14.8
    endloop
  endfacet
  facet normal 0.737155 0.675723 -1.47311e-05
    outer loop
      vertex 15.3209 12.8558 0
      vertex 14.2718 14.0006 14.8084
      vertex 14.4005 13.8602 14.8334
    endloop
  endfacet
  facet normal 0.737352 0.675509 1.19203e-05
    outer loop
      vertex 15.3209 12.8558 0
      vertex 14.4005 13.8602 14.8334
      vertex 14.5272 13.7219 14.875
    endloop
  endfacet
  facet normal 0.737127 0.675754 -1.43379e-05
    outer loop
      vertex 15.3209 12.8558 0
      vertex 14.5272 13.7219 14.875
      vertex 14.6197 13.621 14.9181
    endloop
  endfacet
  facet normal 0.737682 0.675148 4.28428e-05
    outer loop
      vertex 15.3209 12.8558 0
      vertex 14.6197 13.621 14.9181
      vertex 14.651 13.5868 14.9327
    endloop
  endfacet
  facet normal 0.736615 0.676312 -6.19694e-05
    outer loop
      vertex 15.3209 12.8558 0
      vertex 14.651 13.5868 14.9327
      vertex 14.6813 13.5538 14.9513
    endloop
  endfacet
  facet normal 0.73734 0.675522 5.93612e-06
    outer loop
      vertex 15.3209 12.8558 0
      vertex 14.6813 13.5538 14.9513
      vertex 14.7709 13.456 15.0061
    endloop
  endfacet
  facet normal 0.737475 0.675375 1.67241e-05
    outer loop
      vertex 15.3209 12.8558 0
      vertex 14.7709 13.456 15.0061
      vertex 14.8568 13.3622 15.0722
    endloop
  endfacet
  facet normal 0.736592 0.676337 -4.27824e-05
    outer loop
      vertex 15.3209 12.8558 0
      vertex 14.8568 13.3622 15.0722
      vertex 14.886 13.3304 15.0947
    endloop
  endfacet
  facet normal 0.737282 0.675585 7.3617e-07
    outer loop
      vertex 15.3209 12.8558 0
      vertex 14.886 13.3304 15.0947
      vertex 14.9955 13.2109 15.1979
    endloop
  endfacet
  facet normal 0.737366 0.675494 4.67058e-06
    outer loop
      vertex 15.3209 12.8558 0
      vertex 14.9955 13.2109 15.1979
      vertex 15.0217 13.1823 15.2276
    endloop
  endfacet
  facet normal 0.737657 0.675176 1.71958e-05
    outer loop
      vertex 15.3209 12.8558 0
      vertex 15.0217 13.1823 15.2276
      vertex 15.0984 13.0985 15.3147
    endloop
  endfacet
  facet normal 0.737153 0.675725 1.18011e-06
    outer loop
      vertex 15.3209 12.8558 0
      vertex 15.0984 13.0985 15.3147
      vertex 15.1941 12.9941 15.4444
    endloop
  endfacet
  facet normal 0.737248 0.675622 2.87988e-06
    outer loop
      vertex 15.3209 12.8558 0
      vertex 15.1941 12.9941 15.4444
      vertex 15.2818 12.8984 15.5859
    endloop
  endfacet
  facet normal 0.736723 0.676194 -0
    outer loop
      vertex 15.3209 12.8558 0
      vertex 15.2818 12.8984 15.5859
      vertex 15.3209 12.8558 15.6612
    endloop
  endfacet
  facet normal 0.737242 0.675629 -1.27376e-06
    outer loop
      vertex 14.2718 14.0006 14.8084
      vertex 15.3209 12.8558 0
      vertex 14.1421 14.1421 0
    endloop
  endfacet
  facet normal 0.737176 0.675701 0
    outer loop
      vertex 14.1421 14.1421 34
      vertex 14.2718 14.0006 19.1916
      vertex 14.1421 14.1421 19.2
    endloop
  endfacet
  facet normal 0.737242 0.675629 1.27376e-06
    outer loop
      vertex 15.3209 12.8558 34
      vertex 14.2718 14.0006 19.1916
      vertex 14.1421 14.1421 34
    endloop
  endfacet
  facet normal 0.737155 0.675723 1.47311e-05
    outer loop
      vertex 14.2718 14.0006 19.1916
      vertex 15.3209 12.8558 34
      vertex 14.4005 13.8602 19.1666
    endloop
  endfacet
  facet normal 0.737352 0.675509 -1.19203e-05
    outer loop
      vertex 14.4005 13.8602 19.1666
      vertex 15.3209 12.8558 34
      vertex 14.5272 13.7219 19.125
    endloop
  endfacet
  facet normal 0.737127 0.675754 1.43379e-05
    outer loop
      vertex 14.5272 13.7219 19.125
      vertex 15.3209 12.8558 34
      vertex 14.6197 13.621 19.0819
    endloop
  endfacet
  facet normal 0.737682 0.675148 -4.28428e-05
    outer loop
      vertex 14.6197 13.621 19.0819
      vertex 15.3209 12.8558 34
      vertex 14.651 13.5868 19.0673
    endloop
  endfacet
  facet normal 0.736615 0.676312 6.19694e-05
    outer loop
      vertex 14.651 13.5868 19.0673
      vertex 15.3209 12.8558 34
      vertex 14.6813 13.5538 19.0487
    endloop
  endfacet
  facet normal 0.73734 0.675522 -5.93612e-06
    outer loop
      vertex 14.6813 13.5538 19.0487
      vertex 15.3209 12.8558 34
      vertex 14.7709 13.456 18.9939
    endloop
  endfacet
  facet normal 0.737475 0.675375 -1.67241e-05
    outer loop
      vertex 14.7709 13.456 18.9939
      vertex 15.3209 12.8558 34
      vertex 14.8568 13.3622 18.9278
    endloop
  endfacet
  facet normal 0.736592 0.676337 4.27824e-05
    outer loop
      vertex 14.8568 13.3622 18.9278
      vertex 15.3209 12.8558 34
      vertex 14.886 13.3304 18.9053
    endloop
  endfacet
  facet normal 0.737282 0.675585 -7.3617e-07
    outer loop
      vertex 14.886 13.3304 18.9053
      vertex 15.3209 12.8558 34
      vertex 14.9955 13.2109 18.8021
    endloop
  endfacet
  facet normal 0.737366 0.675494 -4.67058e-06
    outer loop
      vertex 14.9955 13.2109 18.8021
      vertex 15.3209 12.8558 34
      vertex 15.0217 13.1823 18.7724
    endloop
  endfacet
  facet normal 0.737657 0.675176 -1.71958e-05
    outer loop
      vertex 15.0217 13.1823 18.7724
      vertex 15.3209 12.8558 34
      vertex 15.0984 13.0985 18.6853
    endloop
  endfacet
  facet normal 0.737153 0.675725 -1.18011e-06
    outer loop
      vertex 15.0984 13.0985 18.6853
      vertex 15.3209 12.8558 34
      vertex 15.1941 12.9941 18.5556
    endloop
  endfacet
  facet normal 0.737248 0.675622 -2.87988e-06
    outer loop
      vertex 15.1941 12.9941 18.5556
      vertex 15.3209 12.8558 34
      vertex 15.2818 12.8984 18.4141
    endloop
  endfacet
  facet normal 0.736723 0.676194 0
    outer loop
      vertex 15.2818 12.8984 18.4141
      vertex 15.3209 12.8558 34
      vertex 15.3209 12.8558 18.3388
    endloop
  endfacet
  facet normal 0.608721 0.793384 -0
    outer loop
      vertex 12.8558 15.3209 18.3388
      vertex 11.4715 16.383 34
      vertex 12.8558 15.3209 34
    endloop
  endfacet
  facet normal 0.607882 0.794027 -0.000117779
    outer loop
      vertex 12.8085 15.3571 18.2619
      vertex 11.4715 16.383 34
      vertex 12.8558 15.3209 18.3388
    endloop
  endfacet
  facet normal 0.608737 0.793372 -2.43534e-06
    outer loop
      vertex 12.726 15.4204 18.1
      vertex 11.4715 16.383 34
      vertex 12.8085 15.3571 18.2619
    endloop
  endfacet
  facet normal 0.609332 0.792915 7.20931e-05
    outer loop
      vertex 12.6551 15.4749 17.9298
      vertex 11.4715 16.383 34
      vertex 12.726 15.4204 18.1
    endloop
  endfacet
  facet normal 0.608622 0.79346 -1.09377e-05
    outer loop
      vertex 12.5963 15.52 17.7524
      vertex 11.4715 16.383 34
      vertex 12.6551 15.4749 17.9298
    endloop
  endfacet
  facet normal 0.608324 0.793689 -4.37141e-05
    outer loop
      vertex 12.5501 15.5554 17.5694
      vertex 11.4715 16.383 34
      vertex 12.5963 15.52 17.7524
    endloop
  endfacet
  facet normal 0.609028 0.793149 2.96837e-05
    outer loop
      vertex 12.5169 15.5809 17.382
      vertex 11.4715 16.383 34
      vertex 12.5501 15.5554 17.5694
    endloop
  endfacet
  facet normal 0.609343 0.792907 6.12e-05
    outer loop
      vertex 12.5117 15.5849 17.3323
      vertex 11.4715 16.383 34
      vertex 12.5169 15.5809 17.382
    endloop
  endfacet
  facet normal 0.60967 0.792656 9.36015e-05
    outer loop
      vertex 12.4969 15.5963 17.1917
      vertex 11.4715 16.383 34
      vertex 12.5117 15.5849 17.3323
    endloop
  endfacet
  facet normal 0.607381 0.79441 -0.000128152
    outer loop
      vertex 12.4919 15.6001 17.0501
      vertex 11.4715 16.383 34
      vertex 12.4969 15.5963 17.1917
    endloop
  endfacet
  facet normal 0.608264 0.793735 -4.37892e-05
    outer loop
      vertex 12.4902 15.6014 17
      vertex 11.4715 16.383 34
      vertex 12.4919 15.6001 17.0501
    endloop
  endfacet
  facet normal 0.608264 0.793735 4.37892e-05
    outer loop
      vertex 11.4715 16.383 0
      vertex 12.4902 15.6014 17
      vertex 12.4919 15.6001 16.9499
    endloop
  endfacet
  facet normal 0.607381 0.79441 0.000128152
    outer loop
      vertex 11.4715 16.383 0
      vertex 12.4919 15.6001 16.9499
      vertex 12.4969 15.5963 16.8083
    endloop
  endfacet
  facet normal 0.734195 0.678574 0.0222483
    outer loop
      vertex 12.5169 15.5809 16.618
      vertex 12.4969 15.5963 16.8083
      vertex 12.5117 15.5849 16.6676
    endloop
  endfacet
  facet normal 0.608721 0.793384 0
    outer loop
      vertex 11.4715 16.383 0
      vertex 12.8558 15.3209 15.6612
      vertex 12.8558 15.3209 0
    endloop
  endfacet
  facet normal 0.607882 0.794027 0.000117779
    outer loop
      vertex 12.8558 15.3209 15.6612
      vertex 11.4715 16.383 0
      vertex 12.8085 15.3571 15.7381
    endloop
  endfacet
  facet normal 0.608737 0.793372 2.43534e-06
    outer loop
      vertex 12.8085 15.3571 15.7381
      vertex 11.4715 16.383 0
      vertex 12.726 15.4204 15.9
    endloop
  endfacet
  facet normal 0.609332 0.792915 -7.20931e-05
    outer loop
      vertex 12.726 15.4204 15.9
      vertex 11.4715 16.383 0
      vertex 12.6551 15.4749 16.0702
    endloop
  endfacet
  facet normal 0.608622 0.79346 1.09377e-05
    outer loop
      vertex 12.6551 15.4749 16.0702
      vertex 11.4715 16.383 0
      vertex 12.5963 15.52 16.2476
    endloop
  endfacet
  facet normal 0.608324 0.793689 4.37141e-05
    outer loop
      vertex 12.5963 15.52 16.2476
      vertex 11.4715 16.383 0
      vertex 12.5501 15.5554 16.4306
    endloop
  endfacet
  facet normal 0.609028 0.793149 -2.96837e-05
    outer loop
      vertex 12.5501 15.5554 16.4306
      vertex 11.4715 16.383 0
      vertex 12.5169 15.5809 16.618
    endloop
  endfacet
  facet normal 0.609584 0.792721 -8.52851e-05
    outer loop
      vertex 12.5169 15.5809 16.618
      vertex 11.4715 16.383 0
      vertex 12.4969 15.5963 16.8083
    endloop
  endfacet
  facet normal 0.608724 0.793382 0
    outer loop
      vertex 12.4902 15.6014 17
      vertex 11.4715 16.383 0
      vertex 11.4715 16.383 34
    endloop
  endfacet
  facet normal -0.53732 0.843378 0
    outer loop
      vertex -10 17.3205 0
      vertex -11.4715 16.383 34
      vertex -10 17.3205 34
    endloop
  endfacet
  facet normal -0.53732 0.843378 0
    outer loop
      vertex -11.4715 16.383 34
      vertex -10 17.3205 0
      vertex -11.4715 16.383 0
    endloop
  endfacet
  facet normal 0.382686 0.923879 -0
    outer loop
      vertex 8.45236 18.1262 0
      vertex 6.8404 18.7939 34
      vertex 8.45236 18.1262 34
    endloop
  endfacet
  facet normal 0.382686 0.923879 0
    outer loop
      vertex 6.8404 18.7939 34
      vertex 8.45236 18.1262 0
      vertex 6.8404 18.7939 0
    endloop
  endfacet
  facet normal -0.216473 0.976289 0
    outer loop
      vertex -3.47296 19.6962 0
      vertex -5.17638 19.3185 34
      vertex -3.47296 19.6962 34
    endloop
  endfacet
  facet normal -0.216473 0.976289 0
    outer loop
      vertex -5.17638 19.3185 34
      vertex -3.47296 19.6962 0
      vertex -5.17638 19.3185 0
    endloop
  endfacet
  facet normal -0.130504 -0.991448 0
    outer loop
      vertex -3.47296 -19.6962 34
      vertex -1.74311 -19.9239 23.2488
      vertex -1.74311 -19.9239 34
    endloop
  endfacet
  facet normal -0.13116 -0.991361 -0.000107425
    outer loop
      vertex -3.47296 -19.6962 34
      vertex -1.78766 -19.918 23.1945
      vertex -1.74311 -19.9239 23.2488
    endloop
  endfacet
  facet normal -0.130301 -0.991474 2.89206e-05
    outer loop
      vertex -3.47296 -19.6962 34
      vertex -1.98634 -19.8919 22.8228
      vertex -1.78766 -19.918 23.1945
    endloop
  endfacet
  facet normal -0.13048 -0.991451 4.69359e-06
    outer loop
      vertex -3.47296 -19.6962 34
      vertex -2.10869 -19.8758 22.4194
      vertex -1.98634 -19.8919 22.8228
    endloop
  endfacet
  facet normal -0.131182 -0.991358 -7.94629e-05
    outer loop
      vertex -3.47296 -19.6962 34
      vertex -2.15 -19.8703 22
      vertex -2.10869 -19.8758 22.4194
    endloop
  endfacet
  facet normal -0.130474 -0.991452 0
    outer loop
      vertex -3.47296 -19.6962 0
      vertex -2.15 -19.8703 22
      vertex -3.47296 -19.6962 34
    endloop
  endfacet
  facet normal -0.131406 -0.991329 5.70339e-05
    outer loop
      vertex -2.15 -19.8703 22
      vertex -3.47296 -19.6962 0
      vertex -2.10869 -19.8758 21.5806
    endloop
  endfacet
  facet normal -0.130474 -0.991452 -2.89381e-06
    outer loop
      vertex -3.47296 -19.6962 0
      vertex -1.98634 -19.8919 21.1772
      vertex -2.10869 -19.8758 21.5806
    endloop
  endfacet
  facet normal -0.130279 -0.991477 -1.68495e-05
    outer loop
      vertex -3.47296 -19.6962 0
      vertex -1.78766 -19.918 20.8055
      vertex -1.98634 -19.8919 21.1772
    endloop
  endfacet
  facet normal -0.131217 -0.991354 6.04315e-05
    outer loop
      vertex -3.47296 -19.6962 0
      vertex -1.74311 -19.9239 20.7512
      vertex -1.78766 -19.918 20.8055
    endloop
  endfacet
  facet normal -0.130504 -0.991448 -0
    outer loop
      vertex -1.74311 -19.9239 20.7512
      vertex -3.47296 -19.6962 0
      vertex -1.74311 -19.9239 0
    endloop
  endfacet
  facet normal -0.461771 -0.886999 0
    outer loop
      vertex -10 -17.3205 0
      vertex -8.45236 -18.1262 34
      vertex -10 -17.3205 34
    endloop
  endfacet
  facet normal -0.461771 -0.886999 -0
    outer loop
      vertex -8.45236 -18.1262 34
      vertex -10 -17.3205 0
      vertex -8.45236 -18.1262 0
    endloop
  endfacet
  facet normal 0.461771 0.886999 -0
    outer loop
      vertex 10 17.3205 0
      vertex 8.45236 18.1262 34
      vertex 10 17.3205 34
    endloop
  endfacet
  facet normal 0.461771 0.886999 0
    outer loop
      vertex 8.45236 18.1262 34
      vertex 10 17.3205 0
      vertex 8.45236 18.1262 0
    endloop
  endfacet
  facet normal -0.953727 0.300673 0
    outer loop
      vertex -19.3185 5.17638 0
      vertex -18.7939 6.8404 34
      vertex -18.7939 6.8404 0
    endloop
  endfacet
  facet normal -0.953727 0.300673 0
    outer loop
      vertex -18.7939 6.8404 34
      vertex -19.3185 5.17638 0
      vertex -19.3185 5.17638 34
    endloop
  endfacet
  facet normal -0.886999 -0.461771 0
    outer loop
      vertex -17.3205 -10 0
      vertex -18.1262 -8.45236 34
      vertex -18.1262 -8.45236 0
    endloop
  endfacet
  facet normal -0.886999 -0.461771 0
    outer loop
      vertex -18.1262 -8.45236 34
      vertex -17.3205 -10 0
      vertex -17.3205 -10 34
    endloop
  endfacet
  facet normal 0.886999 0.461771 0
    outer loop
      vertex 18.1262 8.45236 34
      vertex 17.3205 10 0
      vertex 17.3205 10 34
    endloop
  endfacet
  facet normal 0.886999 0.461771 0
    outer loop
      vertex 17.3205 10 0
      vertex 18.1262 8.45236 34
      vertex 18.1262 8.45236 0
    endloop
  endfacet
  facet normal 0.130504 0.991448 0
    outer loop
      vertex 3.47296 19.6962 34
      vertex 1.74311 19.9239 23.2488
      vertex 1.74311 19.9239 34
    endloop
  endfacet
  facet normal 0.13116 0.991361 -0.000107425
    outer loop
      vertex 3.47296 19.6962 34
      vertex 1.78766 19.918 23.1945
      vertex 1.74311 19.9239 23.2488
    endloop
  endfacet
  facet normal 0.130301 0.991474 2.89206e-05
    outer loop
      vertex 3.47296 19.6962 34
      vertex 1.98634 19.8919 22.8228
      vertex 1.78766 19.918 23.1945
    endloop
  endfacet
  facet normal 0.13048 0.991451 4.69359e-06
    outer loop
      vertex 3.47296 19.6962 34
      vertex 2.10869 19.8758 22.4194
      vertex 1.98634 19.8919 22.8228
    endloop
  endfacet
  facet normal 0.131182 0.991358 -7.94629e-05
    outer loop
      vertex 3.47296 19.6962 34
      vertex 2.15 19.8703 22
      vertex 2.10869 19.8758 22.4194
    endloop
  endfacet
  facet normal 0.130474 0.991452 -0
    outer loop
      vertex 3.47296 19.6962 0
      vertex 2.15 19.8703 22
      vertex 3.47296 19.6962 34
    endloop
  endfacet
  facet normal 0.131406 0.991329 5.70339e-05
    outer loop
      vertex 2.15 19.8703 22
      vertex 3.47296 19.6962 0
      vertex 2.10869 19.8758 21.5806
    endloop
  endfacet
  facet normal 0.130474 0.991452 -2.89381e-06
    outer loop
      vertex 3.47296 19.6962 0
      vertex 1.98634 19.8919 21.1772
      vertex 2.10869 19.8758 21.5806
    endloop
  endfacet
  facet normal 0.130279 0.991477 -1.68495e-05
    outer loop
      vertex 3.47296 19.6962 0
      vertex 1.78766 19.918 20.8055
      vertex 1.98634 19.8919 21.1772
    endloop
  endfacet
  facet normal 0.131217 0.991354 6.04315e-05
    outer loop
      vertex 3.47296 19.6962 0
      vertex 1.74311 19.9239 20.7512
      vertex 1.78766 19.918 20.8055
    endloop
  endfacet
  facet normal 0.130504 0.991448 0
    outer loop
      vertex 1.74311 19.9239 20.7512
      vertex 3.47296 19.6962 0
      vertex 1.74311 19.9239 0
    endloop
  endfacet
  facet normal -0.608721 -0.793384 0
    outer loop
      vertex -12.8558 -15.3209 0
      vertex -11.4715 -16.383 34
      vertex -12.8558 -15.3209 34
    endloop
  endfacet
  facet normal -0.608721 -0.793384 -0
    outer loop
      vertex -11.4715 -16.383 34
      vertex -12.8558 -15.3209 0
      vertex -11.4715 -16.383 0
    endloop
  endfacet
  facet normal -0.675629 0.737242 0
    outer loop
      vertex -12.8558 15.3209 0
      vertex -14.1421 14.1421 34
      vertex -12.8558 15.3209 34
    endloop
  endfacet
  facet normal -0.675629 0.737242 0
    outer loop
      vertex -14.1421 14.1421 34
      vertex -12.8558 15.3209 0
      vertex -14.1421 14.1421 0
    endloop
  endfacet
  facet normal 0.976289 -0.216473 0
    outer loop
      vertex 19.3185 -5.17638 34
      vertex 19.6962 -3.47296 0
      vertex 19.6962 -3.47296 34
    endloop
  endfacet
  facet normal 0.976289 -0.216473 0
    outer loop
      vertex 19.6962 -3.47296 0
      vertex 19.3185 -5.17638 34
      vertex 19.3185 -5.17638 0
    endloop
  endfacet
  facet normal -0.976289 0.216473 0
    outer loop
      vertex -19.6962 3.47296 0
      vertex -19.3185 5.17638 34
      vertex -19.3185 5.17638 0
    endloop
  endfacet
  facet normal -0.976289 0.216473 0
    outer loop
      vertex -19.3185 5.17638 34
      vertex -19.6962 3.47296 0
      vertex -19.6962 3.47296 34
    endloop
  endfacet
  facet normal -0.216473 -0.976289 0
    outer loop
      vertex -5.17638 -19.3185 0
      vertex -3.47296 -19.6962 34
      vertex -5.17638 -19.3185 34
    endloop
  endfacet
  facet normal -0.216473 -0.976289 -0
    outer loop
      vertex -3.47296 -19.6962 34
      vertex -5.17638 -19.3185 0
      vertex -3.47296 -19.6962 0
    endloop
  endfacet
  facet normal -0.737242 -0.675629 0
    outer loop
      vertex -14.1421 -14.1421 0
      vertex -15.3209 -12.8558 34
      vertex -15.3209 -12.8558 0
    endloop
  endfacet
  facet normal -0.737242 -0.675629 0
    outer loop
      vertex -15.3209 -12.8558 34
      vertex -14.1421 -14.1421 0
      vertex -14.1421 -14.1421 34
    endloop
  endfacet
  facet normal 0.53732 0.843378 -0
    outer loop
      vertex 11.4715 16.383 0
      vertex 10 17.3205 34
      vertex 11.4715 16.383 34
    endloop
  endfacet
  facet normal 0.53732 0.843378 0
    outer loop
      vertex 10 17.3205 34
      vertex 11.4715 16.383 0
      vertex 10 17.3205 0
    endloop
  endfacet
  facet normal -0.991448 -0.130504 0
    outer loop
      vertex -19.6962 -3.47296 0
      vertex -19.9239 -1.74311 10.7512
      vertex -19.9239 -1.74311 0
    endloop
  endfacet
  facet normal -0.991361 -0.13116 0.000107425
    outer loop
      vertex -19.9239 -1.74311 10.7512
      vertex -19.6962 -3.47296 0
      vertex -19.918 -1.78766 10.8055
    endloop
  endfacet
  facet normal -0.991474 -0.130301 -2.89206e-05
    outer loop
      vertex -19.918 -1.78766 10.8055
      vertex -19.6962 -3.47296 0
      vertex -19.8919 -1.98634 11.1772
    endloop
  endfacet
  facet normal -0.991451 -0.13048 -4.69359e-06
    outer loop
      vertex -19.8919 -1.98634 11.1772
      vertex -19.6962 -3.47296 0
      vertex -19.8758 -2.10869 11.5806
    endloop
  endfacet
  facet normal -0.991358 -0.131182 7.94629e-05
    outer loop
      vertex -19.8758 -2.10869 11.5806
      vertex -19.6962 -3.47296 0
      vertex -19.8703 -2.15 12
    endloop
  endfacet
  facet normal -0.991354 -0.131217 -6.04315e-05
    outer loop
      vertex -19.6962 -3.47296 34
      vertex -19.9239 -1.74311 13.2488
      vertex -19.918 -1.78766 13.1945
    endloop
  endfacet
  facet normal -0.991477 -0.130279 1.68495e-05
    outer loop
      vertex -19.6962 -3.47296 34
      vertex -19.918 -1.78766 13.1945
      vertex -19.8919 -1.98634 12.8228
    endloop
  endfacet
  facet normal -0.991452 -0.130474 2.89381e-06
    outer loop
      vertex -19.6962 -3.47296 34
      vertex -19.8919 -1.98634 12.8228
      vertex -19.8758 -2.10869 12.4194
    endloop
  endfacet
  facet normal -0.991329 -0.131406 -5.70339e-05
    outer loop
      vertex -19.6962 -3.47296 34
      vertex -19.8758 -2.10869 12.4194
      vertex -19.8703 -2.15 12
    endloop
  endfacet
  facet normal -0.991452 -0.130474 -0
    outer loop
      vertex -19.6962 -3.47296 34
      vertex -19.8703 -2.15 12
      vertex -19.6962 -3.47296 0
    endloop
  endfacet
  facet normal -0.991448 -0.130504 0
    outer loop
      vertex -19.9239 -1.74311 13.2488
      vertex -19.6962 -3.47296 34
      vertex -19.9239 -1.74311 34
    endloop
  endfacet
  facet normal 0.300673 -0.953727 0
    outer loop
      vertex 5.17638 -19.3185 0
      vertex 6.8404 -18.7939 34
      vertex 5.17638 -19.3185 34
    endloop
  endfacet
  facet normal 0.300673 -0.953727 0
    outer loop
      vertex 6.8404 -18.7939 34
      vertex 5.17638 -19.3185 0
      vertex 6.8404 -18.7939 0
    endloop
  endfacet
  facet normal -0.461771 0.886999 0
    outer loop
      vertex -8.45236 18.1262 0
      vertex -10 17.3205 34
      vertex -8.45236 18.1262 34
    endloop
  endfacet
  facet normal -0.461771 0.886999 0
    outer loop
      vertex -10 17.3205 34
      vertex -8.45236 18.1262 0
      vertex -10 17.3205 0
    endloop
  endfacet
  facet normal -0.99905 -0.043588 2.47151e-06
    outer loop
      vertex -19.9239 -1.74311 34
      vertex -20 0 14.15
      vertex -19.9817 -0.419444 14.1087
    endloop
  endfacet
  facet normal -0.999049 -0.0435964 1.91193e-06
    outer loop
      vertex -19.9239 -1.74311 34
      vertex -19.9817 -0.419444 14.1087
      vertex -19.9641 -0.822769 13.9863
    endloop
  endfacet
  facet normal -0.99904 -0.0438051 -7.70388e-06
    outer loop
      vertex -19.9239 -1.74311 34
      vertex -19.9641 -0.822769 13.9863
      vertex -19.9478 -1.19448 13.7877
    endloop
  endfacet
  facet normal -0.999052 -0.0435432 -5.82643e-07
    outer loop
      vertex -19.9239 -1.74311 34
      vertex -19.9478 -1.19448 13.7877
      vertex -19.9336 -1.52028 13.5203
    endloop
  endfacet
  facet normal -0.999054 -0.0434898 -0
    outer loop
      vertex -19.9239 -1.74311 34
      vertex -19.9336 -1.52028 13.5203
      vertex -19.9239 -1.74311 13.2488
    endloop
  endfacet
  facet normal -0.999048 -0.0436161 0
    outer loop
      vertex -20 0 14.15
      vertex -19.9239 -1.74311 34
      vertex -20 0 34
    endloop
  endfacet
  facet normal -0.99905 -0.0435877 0
    outer loop
      vertex -20 0 0
      vertex -19.9817 -0.419444 9.89131
      vertex -20 0 9.85
    endloop
  endfacet
  facet normal -0.999048 -0.0436161 -1.20381e-06
    outer loop
      vertex -19.9239 -1.74311 0
      vertex -19.9817 -0.419444 9.89131
      vertex -20 0 0
    endloop
  endfacet
  facet normal -0.999049 -0.0435969 -3.76944e-06
    outer loop
      vertex -19.9817 -0.419444 9.89131
      vertex -19.9239 -1.74311 0
      vertex -19.9641 -0.822769 10.0137
    endloop
  endfacet
  facet normal -0.99904 -0.0438012 1.50371e-05
    outer loop
      vertex -19.9641 -0.822769 10.0137
      vertex -19.9239 -1.74311 0
      vertex -19.9478 -1.19448 10.2123
    endloop
  endfacet
  facet normal -0.999052 -0.0435428 1.12908e-06
    outer loop
      vertex -19.9478 -1.19448 10.2123
      vertex -19.9239 -1.74311 0
      vertex -19.9336 -1.52028 10.4797
    endloop
  endfacet
  facet normal -0.999054 -0.0434898 0
    outer loop
      vertex -19.9336 -1.52028 10.4797
      vertex -19.9239 -1.74311 0
      vertex -19.9239 -1.74311 10.7512
    endloop
  endfacet
  facet normal 0.461771 -0.886999 0
    outer loop
      vertex 8.45236 -18.1262 0
      vertex 10 -17.3205 34
      vertex 8.45236 -18.1262 34
    endloop
  endfacet
  facet normal 0.461771 -0.886999 0
    outer loop
      vertex 10 -17.3205 34
      vertex 8.45236 -18.1262 0
      vertex 10 -17.3205 0
    endloop
  endfacet
  facet normal 0.843378 -0.53732 0
    outer loop
      vertex 16.383 -11.4715 34
      vertex 17.3205 -10 0
      vertex 17.3205 -10 34
    endloop
  endfacet
  facet normal 0.843378 -0.53732 0
    outer loop
      vertex 17.3205 -10 0
      vertex 16.383 -11.4715 34
      vertex 16.383 -11.4715 0
    endloop
  endfacet
  facet normal -0.675629 -0.737242 0
    outer loop
      vertex -14.1421 -14.1421 0
      vertex -12.8558 -15.3209 34
      vertex -14.1421 -14.1421 34
    endloop
  endfacet
  facet normal -0.675629 -0.737242 -0
    outer loop
      vertex -12.8558 -15.3209 34
      vertex -14.1421 -14.1421 0
      vertex -12.8558 -15.3209 0
    endloop
  endfacet
  facet normal 0.793384 0.608721 0
    outer loop
      vertex 16.383 11.4715 34
      vertex 15.3209 12.8558 18.3388
      vertex 15.3209 12.8558 34
    endloop
  endfacet
  facet normal 0.794027 0.607882 -0.000117779
    outer loop
      vertex 15.3209 12.8558 18.3388
      vertex 16.383 11.4715 34
      vertex 15.3571 12.8085 18.2619
    endloop
  endfacet
  facet normal 0.793372 0.608737 -2.43534e-06
    outer loop
      vertex 15.3571 12.8085 18.2619
      vertex 16.383 11.4715 34
      vertex 15.4204 12.726 18.1
    endloop
  endfacet
  facet normal 0.792915 0.609332 7.20931e-05
    outer loop
      vertex 15.4204 12.726 18.1
      vertex 16.383 11.4715 34
      vertex 15.4749 12.6551 17.9298
    endloop
  endfacet
  facet normal 0.79346 0.608622 -1.09377e-05
    outer loop
      vertex 15.4749 12.6551 17.9298
      vertex 16.383 11.4715 34
      vertex 15.52 12.5963 17.7524
    endloop
  endfacet
  facet normal 0.793689 0.608324 -4.37141e-05
    outer loop
      vertex 15.52 12.5963 17.7524
      vertex 16.383 11.4715 34
      vertex 15.5554 12.5501 17.5694
    endloop
  endfacet
  facet normal 0.793149 0.609028 2.96837e-05
    outer loop
      vertex 15.5554 12.5501 17.5694
      vertex 16.383 11.4715 34
      vertex 15.5809 12.5169 17.382
    endloop
  endfacet
  facet normal 0.792907 0.609343 6.12e-05
    outer loop
      vertex 15.5809 12.5169 17.382
      vertex 16.383 11.4715 34
      vertex 15.5849 12.5117 17.3323
    endloop
  endfacet
  facet normal 0.792656 0.60967 9.36015e-05
    outer loop
      vertex 15.5849 12.5117 17.3323
      vertex 16.383 11.4715 34
      vertex 15.5963 12.4969 17.1917
    endloop
  endfacet
  facet normal 0.79441 0.607381 -0.000128152
    outer loop
      vertex 15.5963 12.4969 17.1917
      vertex 16.383 11.4715 34
      vertex 15.6001 12.4919 17.0501
    endloop
  endfacet
  facet normal 0.793735 0.608264 -4.37892e-05
    outer loop
      vertex 15.6001 12.4919 17.0501
      vertex 16.383 11.4715 34
      vertex 15.6014 12.4902 17
    endloop
  endfacet
  facet normal 0.794027 0.607882 0.000117779
    outer loop
      vertex 16.383 11.4715 0
      vertex 15.3209 12.8558 15.6612
      vertex 15.3571 12.8085 15.7381
    endloop
  endfacet
  facet normal 0.793372 0.608737 2.43534e-06
    outer loop
      vertex 16.383 11.4715 0
      vertex 15.3571 12.8085 15.7381
      vertex 15.4204 12.726 15.9
    endloop
  endfacet
  facet normal 0.792915 0.609332 -7.20931e-05
    outer loop
      vertex 16.383 11.4715 0
      vertex 15.4204 12.726 15.9
      vertex 15.4749 12.6551 16.0702
    endloop
  endfacet
  facet normal 0.79346 0.608622 1.09377e-05
    outer loop
      vertex 16.383 11.4715 0
      vertex 15.4749 12.6551 16.0702
      vertex 15.52 12.5963 16.2476
    endloop
  endfacet
  facet normal 0.793689 0.608324 4.37141e-05
    outer loop
      vertex 16.383 11.4715 0
      vertex 15.52 12.5963 16.2476
      vertex 15.5554 12.5501 16.4306
    endloop
  endfacet
  facet normal 0.793149 0.609028 -2.96837e-05
    outer loop
      vertex 16.383 11.4715 0
      vertex 15.5554 12.5501 16.4306
      vertex 15.5809 12.5169 16.618
    endloop
  endfacet
  facet normal 0.792906 0.609344 -6.12462e-05
    outer loop
      vertex 16.383 11.4715 0
      vertex 15.5809 12.5169 16.618
      vertex 15.5849 12.5117 16.6676
    endloop
  endfacet
  facet normal 0.792656 0.60967 -9.35771e-05
    outer loop
      vertex 16.383 11.4715 0
      vertex 15.5849 12.5117 16.6676
      vertex 15.5963 12.4969 16.8083
    endloop
  endfacet
  facet normal 0.79441 0.607381 0.000128152
    outer loop
      vertex 16.383 11.4715 0
      vertex 15.5963 12.4969 16.8083
      vertex 15.6001 12.4919 16.9499
    endloop
  endfacet
  facet normal 0.793735 0.608264 4.37892e-05
    outer loop
      vertex 16.383 11.4715 0
      vertex 15.6001 12.4919 16.9499
      vertex 15.6014 12.4902 17
    endloop
  endfacet
  facet normal 0.793382 0.608724 -0
    outer loop
      vertex 16.383 11.4715 0
      vertex 15.6014 12.4902 17
      vertex 16.383 11.4715 34
    endloop
  endfacet
  facet normal 0.793384 0.608721 0
    outer loop
      vertex 15.3209 12.8558 15.6612
      vertex 16.383 11.4715 0
      vertex 15.3209 12.8558 0
    endloop
  endfacet
  facet normal -0.991452 0.130474 0
    outer loop
      vertex -19.6962 3.47296 0
      vertex -19.8703 2.15 12
      vertex -19.6962 3.47296 34
    endloop
  endfacet
  facet normal -0.991358 0.131182 7.94629e-05
    outer loop
      vertex -19.6962 3.47296 0
      vertex -19.8758 2.10869 11.5806
      vertex -19.8703 2.15 12
    endloop
  endfacet
  facet normal -0.991451 0.13048 -4.69359e-06
    outer loop
      vertex -19.6962 3.47296 0
      vertex -19.8919 1.98634 11.1772
      vertex -19.8758 2.10869 11.5806
    endloop
  endfacet
  facet normal -0.991474 0.130301 -2.89206e-05
    outer loop
      vertex -19.6962 3.47296 0
      vertex -19.918 1.78766 10.8055
      vertex -19.8919 1.98634 11.1772
    endloop
  endfacet
  facet normal -0.991448 0.130504 0
    outer loop
      vertex -19.9239 1.74311 10.7512
      vertex -19.6962 3.47296 0
      vertex -19.9239 1.74311 0
    endloop
  endfacet
  facet normal -0.991361 0.13116 0.000107425
    outer loop
      vertex -19.6962 3.47296 0
      vertex -19.9239 1.74311 10.7512
      vertex -19.918 1.78766 10.8055
    endloop
  endfacet
  facet normal -0.991329 0.131406 -5.70339e-05
    outer loop
      vertex -19.8758 2.10869 12.4194
      vertex -19.6962 3.47296 34
      vertex -19.8703 2.15 12
    endloop
  endfacet
  facet normal -0.991452 0.130474 2.89381e-06
    outer loop
      vertex -19.8919 1.98634 12.8228
      vertex -19.6962 3.47296 34
      vertex -19.8758 2.10869 12.4194
    endloop
  endfacet
  facet normal -0.991477 0.130279 1.68495e-05
    outer loop
      vertex -19.918 1.78766 13.1945
      vertex -19.6962 3.47296 34
      vertex -19.8919 1.98634 12.8228
    endloop
  endfacet
  facet normal -0.991354 0.131217 -6.04315e-05
    outer loop
      vertex -19.9239 1.74311 13.2488
      vertex -19.6962 3.47296 34
      vertex -19.918 1.78766 13.1945
    endloop
  endfacet
  facet normal -0.991448 0.130504 0
    outer loop
      vertex -19.6962 3.47296 34
      vertex -19.9239 1.74311 13.2488
      vertex -19.9239 1.74311 34
    endloop
  endfacet
  facet normal -0.300673 -0.953727 0
    outer loop
      vertex -6.8404 -18.7939 0
      vertex -5.17638 -19.3185 34
      vertex -6.8404 -18.7939 34
    endloop
  endfacet
  facet normal -0.300673 -0.953727 -0
    outer loop
      vertex -5.17638 -19.3185 34
      vertex -6.8404 -18.7939 0
      vertex -5.17638 -19.3185 0
    endloop
  endfacet
  facet normal 0.53732 -0.843378 0
    outer loop
      vertex 10 -17.3205 0
      vertex 11.4715 -16.383 34
      vertex 10 -17.3205 34
    endloop
  endfacet
  facet normal 0.53732 -0.843378 0
    outer loop
      vertex 11.4715 -16.383 34
      vertex 10 -17.3205 0
      vertex 11.4715 -16.383 0
    endloop
  endfacet
  facet normal -0.53732 -0.843378 0
    outer loop
      vertex -11.4715 -16.383 0
      vertex -10 -17.3205 34
      vertex -11.4715 -16.383 34
    endloop
  endfacet
  facet normal -0.53732 -0.843378 -0
    outer loop
      vertex -10 -17.3205 34
      vertex -11.4715 -16.383 0
      vertex -10 -17.3205 0
    endloop
  endfacet
  facet normal 0.675629 -0.737242 0
    outer loop
      vertex 12.8558 -15.3209 0
      vertex 14.1421 -14.1421 34
      vertex 12.8558 -15.3209 34
    endloop
  endfacet
  facet normal 0.675629 -0.737242 0
    outer loop
      vertex 14.1421 -14.1421 34
      vertex 12.8558 -15.3209 0
      vertex 14.1421 -14.1421 0
    endloop
  endfacet
  facet normal 0 0 -1
    outer loop
      vertex 13 0 0
      vertex 20 0 0
      vertex 19.9239 -1.74311 0
    endloop
  endfacet
  facet normal 0 0 -1
    outer loop
      vertex 12.9505 -1.13302 0
      vertex 19.9239 -1.74311 0
      vertex 19.6962 -3.47296 0
    endloop
  endfacet
  facet normal 0 0 -1
    outer loop
      vertex 20 0 0
      vertex 13 0 0
      vertex 19.9239 1.74311 0
    endloop
  endfacet
  facet normal 0 0 -1
    outer loop
      vertex 12.8025 -2.25743 0
      vertex 19.6962 -3.47296 0
      vertex 19.3185 -5.17638 0
    endloop
  endfacet
  facet normal 0 0 -1
    outer loop
      vertex 12.9505 1.13302 0
      vertex 19.9239 1.74311 0
      vertex 13 0 0
    endloop
  endfacet
  facet normal 0 0 -1
    outer loop
      vertex 12.557 -3.36465 0
      vertex 19.3185 -5.17638 0
      vertex 18.7939 -6.8404 0
    endloop
  endfacet
  facet normal -0 0 -1
    outer loop
      vertex 19.9239 1.74311 0
      vertex 12.9505 1.13302 0
      vertex 19.6962 3.47296 0
    endloop
  endfacet
  facet normal 0 0 -1
    outer loop
      vertex 12.216 -4.44626 0
      vertex 18.7939 -6.8404 0
      vertex 18.1262 -8.45236 0
    endloop
  endfacet
  facet normal 0 0 -1
    outer loop
      vertex 12.8025 2.25743 0
      vertex 19.6962 3.47296 0
      vertex 12.9505 1.13302 0
    endloop
  endfacet
  facet normal 0 0 -1
    outer loop
      vertex 11.782 -5.49404 0
      vertex 18.1262 -8.45236 0
      vertex 17.3205 -10 0
    endloop
  endfacet
  facet normal -0 0 -1
    outer loop
      vertex 19.6962 3.47296 0
      vertex 12.8025 2.25743 0
      vertex 19.3185 5.17638 0
    endloop
  endfacet
  facet normal 0 0 -1
    outer loop
      vertex 11.2583 -6.5 0
      vertex 17.3205 -10 0
      vertex 16.383 -11.4715 0
    endloop
  endfacet
  facet normal 0 0 -1
    outer loop
      vertex 12.557 3.36465 0
      vertex 19.3185 5.17638 0
      vertex 12.8025 2.25743 0
    endloop
  endfacet
  facet normal 0 0 -1
    outer loop
      vertex 10.649 -7.45649 0
      vertex 16.383 -11.4715 0
      vertex 15.3209 -12.8558 0
    endloop
  endfacet
  facet normal -0 0 -1
    outer loop
      vertex 19.3185 5.17638 0
      vertex 12.557 3.36465 0
      vertex 18.7939 6.8404 0
    endloop
  endfacet
  facet normal 0 0 -1
    outer loop
      vertex 9.95858 -8.35624 0
      vertex 15.3209 -12.8558 0
      vertex 14.1421 -14.1421 0
    endloop
  endfacet
  facet normal 0 0 -1
    outer loop
      vertex 12.216 4.44626 0
      vertex 18.7939 6.8404 0
      vertex 12.557 3.36465 0
    endloop
  endfacet
  facet normal -0 0 -1
    outer loop
      vertex 18.7939 6.8404 0
      vertex 12.216 4.44626 0
      vertex 18.1262 8.45236 0
    endloop
  endfacet
  facet normal 0 0 -1
    outer loop
      vertex 19.9239 -1.74311 0
      vertex 12.9505 -1.13302 0
      vertex 13 0 0
    endloop
  endfacet
  facet normal 0 0 -1
    outer loop
      vertex 9.19239 -9.19239 0
      vertex 14.1421 -14.1421 0
      vertex 12.8558 -15.3209 0
    endloop
  endfacet
  facet normal 0 0 -1
    outer loop
      vertex 19.6962 -3.47296 0
      vertex 12.8025 -2.25743 0
      vertex 12.9505 -1.13302 0
    endloop
  endfacet
  facet normal 0 0 -1
    outer loop
      vertex 19.3185 -5.17638 0
      vertex 12.557 -3.36465 0
      vertex 12.8025 -2.25743 0
    endloop
  endfacet
  facet normal 0 0 -1
    outer loop
      vertex 18.7939 -6.8404 0
      vertex 12.216 -4.44626 0
      vertex 12.557 -3.36465 0
    endloop
  endfacet
  facet normal 0 0 -1
    outer loop
      vertex 18.1262 -8.45236 0
      vertex 11.782 -5.49404 0
      vertex 12.216 -4.44626 0
    endloop
  endfacet
  facet normal 0 0 -1
    outer loop
      vertex 8.35624 -9.95858 0
      vertex 12.8558 -15.3209 0
      vertex 11.4715 -16.383 0
    endloop
  endfacet
  facet normal 0 0 -1
    outer loop
      vertex 17.3205 -10 0
      vertex 11.2583 -6.5 0
      vertex 11.782 -5.49404 0
    endloop
  endfacet
  facet normal 0 0 -1
    outer loop
      vertex 16.383 -11.4715 0
      vertex 10.649 -7.45649 0
      vertex 11.2583 -6.5 0
    endloop
  endfacet
  facet normal 0 0 -1
    outer loop
      vertex 7.45649 -10.649 0
      vertex 11.4715 -16.383 0
      vertex 10 -17.3205 0
    endloop
  endfacet
  facet normal 0 0 -1
    outer loop
      vertex 15.3209 -12.8558 0
      vertex 9.95858 -8.35624 0
      vertex 10.649 -7.45649 0
    endloop
  endfacet
  facet normal 0 0 -1
    outer loop
      vertex 14.1421 -14.1421 0
      vertex 9.19239 -9.19239 0
      vertex 9.95858 -8.35624 0
    endloop
  endfacet
  facet normal 0 0 -1
    outer loop
      vertex 6.5 -11.2583 0
      vertex 10 -17.3205 0
      vertex 8.45236 -18.1262 0
    endloop
  endfacet
  facet normal 0 0 -1
    outer loop
      vertex 12.8558 -15.3209 0
      vertex 8.35624 -9.95858 0
      vertex 9.19239 -9.19239 0
    endloop
  endfacet
  facet normal 0 0 -1
    outer loop
      vertex 11.4715 -16.383 0
      vertex 7.45649 -10.649 0
      vertex 8.35624 -9.95858 0
    endloop
  endfacet
  facet normal 0 0 -1
    outer loop
      vertex 5.49404 -11.782 0
      vertex 8.45236 -18.1262 0
      vertex 6.8404 -18.7939 0
    endloop
  endfacet
  facet normal 0 0 -1
    outer loop
      vertex 10 -17.3205 0
      vertex 6.5 -11.2583 0
      vertex 7.45649 -10.649 0
    endloop
  endfacet
  facet normal 0 0 -1
    outer loop
      vertex 8.45236 -18.1262 0
      vertex 5.49404 -11.782 0
      vertex 6.5 -11.2583 0
    endloop
  endfacet
  facet normal 0 0 -1
    outer loop
      vertex 4.44626 -12.216 0
      vertex 6.8404 -18.7939 0
      vertex 5.17638 -19.3185 0
    endloop
  endfacet
  facet normal 0 0 -1
    outer loop
      vertex 6.8404 -18.7939 0
      vertex 4.44626 -12.216 0
      vertex 5.49404 -11.782 0
    endloop
  endfacet
  facet normal 0 0 -1
    outer loop
      vertex 3.36465 -12.557 0
      vertex 5.17638 -19.3185 0
      vertex 3.47296 -19.6962 0
    endloop
  endfacet
  facet normal 0 0 -1
    outer loop
      vertex 5.17638 -19.3185 0
      vertex 3.36465 -12.557 0
      vertex 4.44626 -12.216 0
    endloop
  endfacet
  facet normal 0 0 -1
    outer loop
      vertex 3.47296 -19.6962 0
      vertex 2.25743 -12.8025 0
      vertex 3.36465 -12.557 0
    endloop
  endfacet
  facet normal 0 0 -1
    outer loop
      vertex 1.74311 -19.9239 0
      vertex 2.25743 -12.8025 0
      vertex 3.47296 -19.6962 0
    endloop
  endfacet
  facet normal 0 0 -1
    outer loop
      vertex 1.74311 -19.9239 0
      vertex 1.13302 -12.9505 0
      vertex 2.25743 -12.8025 0
    endloop
  endfacet
  facet normal 0 0 -1
    outer loop
      vertex 0 -20 0
      vertex 1.13302 -12.9505 0
      vertex 1.74311 -19.9239 0
    endloop
  endfacet
  facet normal 0 0 -1
    outer loop
      vertex 0 -20 0
      vertex 0 -13 0
      vertex 1.13302 -12.9505 0
    endloop
  endfacet
  facet normal 0 0 -1
    outer loop
      vertex 0 -20 0
      vertex -1.13302 -12.9505 0
      vertex 0 -13 0
    endloop
  endfacet
  facet normal 0 0 -1
    outer loop
      vertex -1.74311 -19.9239 0
      vertex -1.13302 -12.9505 0
      vertex 0 -20 0
    endloop
  endfacet
  facet normal 0 0 -1
    outer loop
      vertex -1.74311 -19.9239 0
      vertex -2.25743 -12.8025 0
      vertex -1.13302 -12.9505 0
    endloop
  endfacet
  facet normal 0 0 -1
    outer loop
      vertex -3.47296 -19.6962 0
      vertex -2.25743 -12.8025 0
      vertex -1.74311 -19.9239 0
    endloop
  endfacet
  facet normal -0 0 -1
    outer loop
      vertex -2.25743 -12.8025 0
      vertex -3.47296 -19.6962 0
      vertex -3.36465 -12.557 0
    endloop
  endfacet
  facet normal 0 0 -1
    outer loop
      vertex -5.17638 -19.3185 0
      vertex -3.36465 -12.557 0
      vertex -3.47296 -19.6962 0
    endloop
  endfacet
  facet normal -0 0 -1
    outer loop
      vertex -3.36465 -12.557 0
      vertex -5.17638 -19.3185 0
      vertex -4.44626 -12.216 0
    endloop
  endfacet
  facet normal 0 0 -1
    outer loop
      vertex -6.8404 -18.7939 0
      vertex -4.44626 -12.216 0
      vertex -5.17638 -19.3185 0
    endloop
  endfacet
  facet normal -0 0 -1
    outer loop
      vertex -4.44626 -12.216 0
      vertex -6.8404 -18.7939 0
      vertex -5.49404 -11.782 0
    endloop
  endfacet
  facet normal 0 0 -1
    outer loop
      vertex -8.45236 -18.1262 0
      vertex -5.49404 -11.782 0
      vertex -6.8404 -18.7939 0
    endloop
  endfacet
  facet normal -0 0 -1
    outer loop
      vertex -5.49404 -11.782 0
      vertex -8.45236 -18.1262 0
      vertex -6.5 -11.2583 0
    endloop
  endfacet
  facet normal 0 0 -1
    outer loop
      vertex -10 -17.3205 0
      vertex -6.5 -11.2583 0
      vertex -8.45236 -18.1262 0
    endloop
  endfacet
  facet normal -0 0 -1
    outer loop
      vertex -6.5 -11.2583 0
      vertex -10 -17.3205 0
      vertex -7.45649 -10.649 0
    endloop
  endfacet
  facet normal 0 0 -1
    outer loop
      vertex -11.4715 -16.383 0
      vertex -7.45649 -10.649 0
      vertex -10 -17.3205 0
    endloop
  endfacet
  facet normal -0 0 -1
    outer loop
      vertex -7.45649 -10.649 0
      vertex -11.4715 -16.383 0
      vertex -8.35624 -9.95858 0
    endloop
  endfacet
  facet normal 0 0 -1
    outer loop
      vertex -12.8558 -15.3209 0
      vertex -8.35624 -9.95858 0
      vertex -11.4715 -16.383 0
    endloop
  endfacet
  facet normal -0 0 -1
    outer loop
      vertex -8.35624 -9.95858 0
      vertex -12.8558 -15.3209 0
      vertex -9.19239 -9.19239 0
    endloop
  endfacet
  facet normal 0 0 -1
    outer loop
      vertex -14.1421 -14.1421 0
      vertex -9.19239 -9.19239 0
      vertex -12.8558 -15.3209 0
    endloop
  endfacet
  facet normal -0 0 -1
    outer loop
      vertex -9.19239 -9.19239 0
      vertex -14.1421 -14.1421 0
      vertex -9.95858 -8.35624 0
    endloop
  endfacet
  facet normal 0 0 -1
    outer loop
      vertex -15.3209 -12.8558 0
      vertex -9.95858 -8.35624 0
      vertex -14.1421 -14.1421 0
    endloop
  endfacet
  facet normal -0 0 -1
    outer loop
      vertex -9.95858 -8.35624 0
      vertex -15.3209 -12.8558 0
      vertex -10.649 -7.45649 0
    endloop
  endfacet
  facet normal 0 0 -1
    outer loop
      vertex -16.383 -11.4715 0
      vertex -10.649 -7.45649 0
      vertex -15.3209 -12.8558 0
    endloop
  endfacet
  facet normal -0 0 -1
    outer loop
      vertex -10.649 -7.45649 0
      vertex -16.383 -11.4715 0
      vertex -11.2583 -6.5 0
    endloop
  endfacet
  facet normal 0 0 -1
    outer loop
      vertex -17.3205 -10 0
      vertex -11.2583 -6.5 0
      vertex -16.383 -11.4715 0
    endloop
  endfacet
  facet normal -0 0 -1
    outer loop
      vertex -11.2583 -6.5 0
      vertex -17.3205 -10 0
      vertex -11.782 -5.49404 0
    endloop
  endfacet
  facet normal 0 0 -1
    outer loop
      vertex -18.1262 -8.45236 0
      vertex -11.782 -5.49404 0
      vertex -17.3205 -10 0
    endloop
  endfacet
  facet normal -0 0 -1
    outer loop
      vertex -11.782 -5.49404 0
      vertex -18.1262 -8.45236 0
      vertex -12.216 -4.44626 0
    endloop
  endfacet
  facet normal 0 0 -1
    outer loop
      vertex 11.782 5.49404 0
      vertex 18.1262 8.45236 0
      vertex 12.216 4.44626 0
    endloop
  endfacet
  facet normal -0 0 -1
    outer loop
      vertex 18.1262 8.45236 0
      vertex 11.782 5.49404 0
      vertex 17.3205 10 0
    endloop
  endfacet
  facet normal 0 0 -1
    outer loop
      vertex 11.2583 6.5 0
      vertex 17.3205 10 0
      vertex 11.782 5.49404 0
    endloop
  endfacet
  facet normal -0 0 -1
    outer loop
      vertex 17.3205 10 0
      vertex 11.2583 6.5 0
      vertex 16.383 11.4715 0
    endloop
  endfacet
  facet normal 0 0 -1
    outer loop
      vertex 10.649 7.45649 0
      vertex 16.383 11.4715 0
      vertex 11.2583 6.5 0
    endloop
  endfacet
  facet normal -0 0 -1
    outer loop
      vertex 16.383 11.4715 0
      vertex 10.649 7.45649 0
      vertex 15.3209 12.8558 0
    endloop
  endfacet
  facet normal 0 0 -1
    outer loop
      vertex 9.95858 8.35624 0
      vertex 15.3209 12.8558 0
      vertex 10.649 7.45649 0
    endloop
  endfacet
  facet normal -0 0 -1
    outer loop
      vertex 15.3209 12.8558 0
      vertex 9.95858 8.35624 0
      vertex 14.1421 14.1421 0
    endloop
  endfacet
  facet normal 0 0 -1
    outer loop
      vertex 9.19239 9.19239 0
      vertex 14.1421 14.1421 0
      vertex 9.95858 8.35624 0
    endloop
  endfacet
  facet normal -0 0 -1
    outer loop
      vertex 14.1421 14.1421 0
      vertex 9.19239 9.19239 0
      vertex 12.8558 15.3209 0
    endloop
  endfacet
  facet normal 0 0 -1
    outer loop
      vertex 8.35624 9.95858 0
      vertex 12.8558 15.3209 0
      vertex 9.19239 9.19239 0
    endloop
  endfacet
  facet normal -0 0 -1
    outer loop
      vertex 12.8558 15.3209 0
      vertex 8.35624 9.95858 0
      vertex 11.4715 16.383 0
    endloop
  endfacet
  facet normal 0 0 -1
    outer loop
      vertex 7.45649 10.649 0
      vertex 11.4715 16.383 0
      vertex 8.35624 9.95858 0
    endloop
  endfacet
  facet normal -0 0 -1
    outer loop
      vertex 11.4715 16.383 0
      vertex 7.45649 10.649 0
      vertex 10 17.3205 0
    endloop
  endfacet
  facet normal 0 0 -1
    outer loop
      vertex 6.5 11.2583 0
      vertex 10 17.3205 0
      vertex 7.45649 10.649 0
    endloop
  endfacet
  facet normal -0 0 -1
    outer loop
      vertex 10 17.3205 0
      vertex 6.5 11.2583 0
      vertex 8.45236 18.1262 0
    endloop
  endfacet
  facet normal 0 0 -1
    outer loop
      vertex 5.49404 11.782 0
      vertex 8.45236 18.1262 0
      vertex 6.5 11.2583 0
    endloop
  endfacet
  facet normal -0 0 -1
    outer loop
      vertex 8.45236 18.1262 0
      vertex 5.49404 11.782 0
      vertex 6.8404 18.7939 0
    endloop
  endfacet
  facet normal 0 0 -1
    outer loop
      vertex 4.44626 12.216 0
      vertex 6.8404 18.7939 0
      vertex 5.49404 11.782 0
    endloop
  endfacet
  facet normal -0 0 -1
    outer loop
      vertex 6.8404 18.7939 0
      vertex 4.44626 12.216 0
      vertex 5.17638 19.3185 0
    endloop
  endfacet
  facet normal 0 0 -1
    outer loop
      vertex 3.36465 12.557 0
      vertex 5.17638 19.3185 0
      vertex 4.44626 12.216 0
    endloop
  endfacet
  facet normal -0 0 -1
    outer loop
      vertex 5.17638 19.3185 0
      vertex 3.36465 12.557 0
      vertex 3.47296 19.6962 0
    endloop
  endfacet
  facet normal 0 0 -1
    outer loop
      vertex 2.25743 12.8025 0
      vertex 3.47296 19.6962 0
      vertex 3.36465 12.557 0
    endloop
  endfacet
  facet normal 0 0 -1
    outer loop
      vertex 2.25743 12.8025 0
      vertex 1.74311 19.9239 0
      vertex 3.47296 19.6962 0
    endloop
  endfacet
  facet normal 0 0 -1
    outer loop
      vertex 1.13302 12.9505 0
      vertex 1.74311 19.9239 0
      vertex 2.25743 12.8025 0
    endloop
  endfacet
  facet normal 0 0 -1
    outer loop
      vertex 0 13 0
      vertex 1.74311 19.9239 0
      vertex 1.13302 12.9505 0
    endloop
  endfacet
  facet normal 0 0 -1
    outer loop
      vertex 0 13 0
      vertex 0 20 0
      vertex 1.74311 19.9239 0
    endloop
  endfacet
  facet normal 0 0 -1
    outer loop
      vertex -1.13302 12.9505 0
      vertex 0 20 0
      vertex 0 13 0
    endloop
  endfacet
  facet normal 0 0 -1
    outer loop
      vertex -1.13302 12.9505 0
      vertex -1.74311 19.9239 0
      vertex 0 20 0
    endloop
  endfacet
  facet normal 0 0 -1
    outer loop
      vertex -2.25743 12.8025 0
      vertex -1.74311 19.9239 0
      vertex -1.13302 12.9505 0
    endloop
  endfacet
  facet normal 0 0 -1
    outer loop
      vertex -3.47296 19.6962 0
      vertex -2.25743 12.8025 0
      vertex -3.36465 12.557 0
    endloop
  endfacet
  facet normal 0 0 -1
    outer loop
      vertex -2.25743 12.8025 0
      vertex -3.47296 19.6962 0
      vertex -1.74311 19.9239 0
    endloop
  endfacet
  facet normal 0 0 -1
    outer loop
      vertex -5.17638 19.3185 0
      vertex -3.36465 12.557 0
      vertex -4.44626 12.216 0
    endloop
  endfacet
  facet normal 0 0 -1
    outer loop
      vertex -3.36465 12.557 0
      vertex -5.17638 19.3185 0
      vertex -3.47296 19.6962 0
    endloop
  endfacet
  facet normal 0 0 -1
    outer loop
      vertex -6.8404 18.7939 0
      vertex -4.44626 12.216 0
      vertex -5.49404 11.782 0
    endloop
  endfacet
  facet normal 0 0 -1
    outer loop
      vertex -8.45236 18.1262 0
      vertex -5.49404 11.782 0
      vertex -6.5 11.2583 0
    endloop
  endfacet
  facet normal 0 0 -1
    outer loop
      vertex -4.44626 12.216 0
      vertex -6.8404 18.7939 0
      vertex -5.17638 19.3185 0
    endloop
  endfacet
  facet normal 0 0 -1
    outer loop
      vertex -10 17.3205 0
      vertex -6.5 11.2583 0
      vertex -7.45649 10.649 0
    endloop
  endfacet
  facet normal 0 0 -1
    outer loop
      vertex -11.4715 16.383 0
      vertex -7.45649 10.649 0
      vertex -8.35624 9.95858 0
    endloop
  endfacet
  facet normal 0 0 -1
    outer loop
      vertex -5.49404 11.782 0
      vertex -8.45236 18.1262 0
      vertex -6.8404 18.7939 0
    endloop
  endfacet
  facet normal 0 0 -1
    outer loop
      vertex -12.8558 15.3209 0
      vertex -8.35624 9.95858 0
      vertex -9.19239 9.19239 0
    endloop
  endfacet
  facet normal 0 0 -1
    outer loop
      vertex -14.1421 14.1421 0
      vertex -9.19239 9.19239 0
      vertex -9.95858 8.35624 0
    endloop
  endfacet
  facet normal 0 0 -1
    outer loop
      vertex -6.5 11.2583 0
      vertex -10 17.3205 0
      vertex -8.45236 18.1262 0
    endloop
  endfacet
  facet normal 0 0 -1
    outer loop
      vertex -15.3209 12.8558 0
      vertex -9.95858 8.35624 0
      vertex -10.649 7.45649 0
    endloop
  endfacet
  facet normal 0 0 -1
    outer loop
      vertex -16.383 11.4715 0
      vertex -10.649 7.45649 0
      vertex -11.2583 6.5 0
    endloop
  endfacet
  facet normal 0 0 -1
    outer loop
      vertex -7.45649 10.649 0
      vertex -11.4715 16.383 0
      vertex -10 17.3205 0
    endloop
  endfacet
  facet normal 0 0 -1
    outer loop
      vertex -17.3205 10 0
      vertex -11.2583 6.5 0
      vertex -11.782 5.49404 0
    endloop
  endfacet
  facet normal 0 0 -1
    outer loop
      vertex -18.1262 8.45236 0
      vertex -11.782 5.49404 0
      vertex -12.216 4.44626 0
    endloop
  endfacet
  facet normal 0 0 -1
    outer loop
      vertex -18.7939 6.8404 0
      vertex -12.216 4.44626 0
      vertex -12.557 3.36465 0
    endloop
  endfacet
  facet normal 0 0 -1
    outer loop
      vertex -19.3185 5.17638 0
      vertex -12.557 3.36465 0
      vertex -12.8025 2.25743 0
    endloop
  endfacet
  facet normal 0 0 -1
    outer loop
      vertex -8.35624 9.95858 0
      vertex -12.8558 15.3209 0
      vertex -11.4715 16.383 0
    endloop
  endfacet
  facet normal 0 0 -1
    outer loop
      vertex -19.6962 3.47296 0
      vertex -12.8025 2.25743 0
      vertex -12.9505 1.13302 0
    endloop
  endfacet
  facet normal 0 0 -1
    outer loop
      vertex -19.9239 1.74311 0
      vertex -12.9505 1.13302 0
      vertex -13 0 0
    endloop
  endfacet
  facet normal 0 0 -1
    outer loop
      vertex -18.7939 -6.8404 0
      vertex -12.216 -4.44626 0
      vertex -18.1262 -8.45236 0
    endloop
  endfacet
  facet normal 0 0 -1
    outer loop
      vertex -9.19239 9.19239 0
      vertex -14.1421 14.1421 0
      vertex -12.8558 15.3209 0
    endloop
  endfacet
  facet normal -0 0 -1
    outer loop
      vertex -12.216 -4.44626 0
      vertex -18.7939 -6.8404 0
      vertex -12.557 -3.36465 0
    endloop
  endfacet
  facet normal 0 0 -1
    outer loop
      vertex -9.95858 8.35624 0
      vertex -15.3209 12.8558 0
      vertex -14.1421 14.1421 0
    endloop
  endfacet
  facet normal 0 0 -1
    outer loop
      vertex -19.3185 -5.17638 0
      vertex -12.557 -3.36465 0
      vertex -18.7939 -6.8404 0
    endloop
  endfacet
  facet normal 0 0 -1
    outer loop
      vertex -10.649 7.45649 0
      vertex -16.383 11.4715 0
      vertex -15.3209 12.8558 0
    endloop
  endfacet
  facet normal -0 0 -1
    outer loop
      vertex -12.557 -3.36465 0
      vertex -19.3185 -5.17638 0
      vertex -12.8025 -2.25743 0
    endloop
  endfacet
  facet normal 0 0 -1
    outer loop
      vertex -11.2583 6.5 0
      vertex -17.3205 10 0
      vertex -16.383 11.4715 0
    endloop
  endfacet
  facet normal 0 0 -1
    outer loop
      vertex -19.6962 -3.47296 0
      vertex -12.8025 -2.25743 0
      vertex -19.3185 -5.17638 0
    endloop
  endfacet
  facet normal 0 0 -1
    outer loop
      vertex -11.782 5.49404 0
      vertex -18.1262 8.45236 0
      vertex -17.3205 10 0
    endloop
  endfacet
  facet normal -0 0 -1
    outer loop
      vertex -12.8025 -2.25743 0
      vertex -19.6962 -3.47296 0
      vertex -12.9505 -1.13302 0
    endloop
  endfacet
  facet normal 0 0 -1
    outer loop
      vertex -12.216 4.44626 0
      vertex -18.7939 6.8404 0
      vertex -18.1262 8.45236 0
    endloop
  endfacet
  facet normal 0 0 -1
    outer loop
      vertex -19.9239 -1.74311 0
      vertex -12.9505 -1.13302 0
      vertex -19.6962 -3.47296 0
    endloop
  endfacet
  facet normal 0 0 -1
    outer loop
      vertex -12.557 3.36465 0
      vertex -19.3185 5.17638 0
      vertex -18.7939 6.8404 0
    endloop
  endfacet
  facet normal -0 0 -1
    outer loop
      vertex -12.9505 -1.13302 0
      vertex -19.9239 -1.74311 0
      vertex -13 0 0
    endloop
  endfacet
  facet normal 0 0 -1
    outer loop
      vertex -12.8025 2.25743 0
      vertex -19.6962 3.47296 0
      vertex -19.3185 5.17638 0
    endloop
  endfacet
  facet normal 0 0 -1
    outer loop
      vertex -20 0 0
      vertex -13 0 0
      vertex -19.9239 -1.74311 0
    endloop
  endfacet
  facet normal 0 0 -1
    outer loop
      vertex -12.9505 1.13302 0
      vertex -19.9239 1.74311 0
      vertex -19.6962 3.47296 0
    endloop
  endfacet
  facet normal 0 0 -1
    outer loop
      vertex -13 0 0
      vertex -20 0 0
      vertex -19.9239 1.74311 0
    endloop
  endfacet
  facet normal -0.886999 0.461771 0
    outer loop
      vertex -18.1262 8.45236 0
      vertex -17.3205 10 34
      vertex -17.3205 10 0
    endloop
  endfacet
  facet normal -0.886999 0.461771 0
    outer loop
      vertex -17.3205 10 34
      vertex -18.1262 8.45236 0
      vertex -18.1262 8.45236 34
    endloop
  endfacet
  facet normal -0.793384 0.608721 0
    outer loop
      vertex -16.383 11.4715 0
      vertex -15.3209 12.8558 34
      vertex -15.3209 12.8558 0
    endloop
  endfacet
  facet normal -0.793384 0.608721 0
    outer loop
      vertex -15.3209 12.8558 34
      vertex -16.383 11.4715 0
      vertex -16.383 11.4715 34
    endloop
  endfacet
  facet normal -0.999047 0.0436469 0
    outer loop
      vertex 12.9505 -1.13302 0
      vertex 13 0 9.85
      vertex 13 0 0
    endloop
  endfacet
  facet normal -0.99905 0.0435884 6.74557e-06
    outer loop
      vertex 13 0 9.85
      vertex 12.9505 -1.13302 0
      vertex 12.9817 -0.419444 9.89131
    endloop
  endfacet
  facet normal -0.999049 0.0435976 6.07809e-06
    outer loop
      vertex 12.9817 -0.419444 9.89131
      vertex 12.9505 -1.13302 0
      vertex 12.9641 -0.822769 10.0137
    endloop
  endfacet
  facet normal -0.999041 0.0437934 0
    outer loop
      vertex 12.9641 -0.822769 10.0137
      vertex 12.9505 -1.13302 0
      vertex 12.9505 -1.13302 10.1795
    endloop
  endfacet
  facet normal -0.99905 0.0435881 -3.3663e-06
    outer loop
      vertex 12.9505 -1.13302 34
      vertex 13 0 14.15
      vertex 12.9817 -0.419444 14.1087
    endloop
  endfacet
  facet normal -0.999049 0.0435967 -3.05534e-06
    outer loop
      vertex 12.9505 -1.13302 34
      vertex 12.9817 -0.419444 14.1087
      vertex 12.9641 -0.822769 13.9863
    endloop
  endfacet
  facet normal -0.999041 0.0437934 0
    outer loop
      vertex 12.9505 -1.13302 34
      vertex 12.9641 -0.822769 13.9863
      vertex 12.9505 -1.13302 13.8205
    endloop
  endfacet
  facet normal -0.999047 0.0436469 0
    outer loop
      vertex 13 0 14.15
      vertex 12.9505 -1.13302 34
      vertex 13 0 34
    endloop
  endfacet
  facet normal -0.991497 -0.130132 0
    outer loop
      vertex 12.8025 2.25743 0
      vertex 12.8166 2.15 12
      vertex 12.8025 2.25743 34
    endloop
  endfacet
  facet normal -0.991273 -0.131822 -1.53867e-05
    outer loop
      vertex 12.8025 2.25743 0
      vertex 12.8221 2.10869 11.5806
      vertex 12.8166 2.15 12
    endloop
  endfacet
  facet normal -0.991452 -0.130472 2.24621e-06
    outer loop
      vertex 12.8025 2.25743 0
      vertex 12.8382 1.98634 11.1772
      vertex 12.8221 2.10869 11.5806
    endloop
  endfacet
  facet normal -0.99148 -0.130262 7.44298e-06
    outer loop
      vertex 12.8025 2.25743 0
      vertex 12.8643 1.78766 10.8055
      vertex 12.8382 1.98634 11.1772
    endloop
  endfacet
  facet normal -0.991446 -0.130517 -3.85208e-06
    outer loop
      vertex 12.8025 2.25743 0
      vertex 12.8995 1.52028 10.4797
      vertex 12.8643 1.78766 10.8055
    endloop
  endfacet
  facet normal -0.991442 -0.130544 -5.80222e-06
    outer loop
      vertex 12.8025 2.25743 0
      vertex 12.9424 1.19448 10.2123
      vertex 12.8995 1.52028 10.4797
    endloop
  endfacet
  facet normal -0.991448 -0.130499 -0
    outer loop
      vertex 12.9505 1.13302 10.1795
      vertex 12.8025 2.25743 0
      vertex 12.9505 1.13302 0
    endloop
  endfacet
  facet normal -0.991428 -0.130654 -1.74204e-05
    outer loop
      vertex 12.8025 2.25743 0
      vertex 12.9505 1.13302 10.1795
      vertex 12.9424 1.19448 10.2123
    endloop
  endfacet
  facet normal -0.991265 -0.131888 8.72301e-06
    outer loop
      vertex 12.8221 2.10869 12.4194
      vertex 12.8025 2.25743 34
      vertex 12.8166 2.15 12
    endloop
  endfacet
  facet normal -0.991452 -0.130469 -1.22849e-06
    outer loop
      vertex 12.8382 1.98634 12.8228
      vertex 12.8025 2.25743 34
      vertex 12.8221 2.10869 12.4194
    endloop
  endfacet
  facet normal -0.99148 -0.130255 -4.01057e-06
    outer loop
      vertex 12.8643 1.78766 13.1945
      vertex 12.8025 2.25743 34
      vertex 12.8382 1.98634 12.8228
    endloop
  endfacet
  facet normal -0.991446 -0.130519 2.05018e-06
    outer loop
      vertex 12.8995 1.52028 13.5203
      vertex 12.8025 2.25743 34
      vertex 12.8643 1.78766 13.1945
    endloop
  endfacet
  facet normal -0.991442 -0.130547 3.05036e-06
    outer loop
      vertex 12.9424 1.19448 13.7877
      vertex 12.8025 2.25743 34
      vertex 12.8995 1.52028 13.5203
    endloop
  endfacet
  facet normal -0.991427 -0.130658 9.03695e-06
    outer loop
      vertex 12.9505 1.13302 13.8205
      vertex 12.8025 2.25743 34
      vertex 12.9424 1.19448 13.7877
    endloop
  endfacet
  facet normal -0.991448 -0.130499 0
    outer loop
      vertex 12.8025 2.25743 34
      vertex 12.9505 1.13302 13.8205
      vertex 12.9505 1.13302 34
    endloop
  endfacet
  facet normal -0.999041 -0.0437934 0
    outer loop
      vertex 12.9505 1.13302 0
      vertex 12.9641 0.822769 10.0137
      vertex 12.9505 1.13302 10.1795
    endloop
  endfacet
  facet normal -0.999049 -0.0435976 6.07809e-06
    outer loop
      vertex 12.9505 1.13302 0
      vertex 12.9817 0.419444 9.89131
      vertex 12.9641 0.822769 10.0137
    endloop
  endfacet
  facet normal -0.999047 -0.0436469 -0
    outer loop
      vertex 13 0 9.85
      vertex 12.9505 1.13302 0
      vertex 13 0 0
    endloop
  endfacet
  facet normal -0.99905 -0.0435884 6.74557e-06
    outer loop
      vertex 12.9505 1.13302 0
      vertex 13 0 9.85
      vertex 12.9817 0.419444 9.89131
    endloop
  endfacet
  facet normal -0.999041 -0.0437934 0
    outer loop
      vertex 12.9641 0.822769 13.9863
      vertex 12.9505 1.13302 34
      vertex 12.9505 1.13302 13.8205
    endloop
  endfacet
  facet normal -0.999049 -0.0435967 -3.05534e-06
    outer loop
      vertex 12.9817 0.419444 14.1087
      vertex 12.9505 1.13302 34
      vertex 12.9641 0.822769 13.9863
    endloop
  endfacet
  facet normal -0.99905 -0.0435881 -3.3663e-06
    outer loop
      vertex 13 0 14.15
      vertex 12.9505 1.13302 34
      vertex 12.9817 0.419444 14.1087
    endloop
  endfacet
  facet normal -0.999047 -0.0436469 0
    outer loop
      vertex 12.9505 1.13302 34
      vertex 13 0 14.15
      vertex 13 0 34
    endloop
  endfacet
  facet normal -0.976289 -0.216469 0
    outer loop
      vertex 12.8025 2.25743 0
      vertex 12.557 3.36465 34
      vertex 12.557 3.36465 0
    endloop
  endfacet
  facet normal -0.976289 -0.216469 0
    outer loop
      vertex 12.557 3.36465 34
      vertex 12.8025 2.25743 0
      vertex 12.8025 2.25743 34
    endloop
  endfacet
  facet normal 0.130499 -0.991448 0
    outer loop
      vertex -2.25743 12.8025 34
      vertex -1.13302 12.9505 23.8205
      vertex -1.13302 12.9505 34
    endloop
  endfacet
  facet normal 0.130654 -0.991428 1.74204e-05
    outer loop
      vertex -2.25743 12.8025 34
      vertex -1.19448 12.9424 23.7877
      vertex -1.13302 12.9505 23.8205
    endloop
  endfacet
  facet normal 0.130544 -0.991442 5.80222e-06
    outer loop
      vertex -2.25743 12.8025 34
      vertex -1.52028 12.8995 23.5203
      vertex -1.19448 12.9424 23.7877
    endloop
  endfacet
  facet normal 0.130517 -0.991446 3.85208e-06
    outer loop
      vertex -2.25743 12.8025 34
      vertex -1.78766 12.8643 23.1945
      vertex -1.52028 12.8995 23.5203
    endloop
  endfacet
  facet normal 0.130262 -0.99148 -7.44298e-06
    outer loop
      vertex -2.25743 12.8025 34
      vertex -1.98634 12.8382 22.8228
      vertex -1.78766 12.8643 23.1945
    endloop
  endfacet
  facet normal 0.130472 -0.991452 -2.24621e-06
    outer loop
      vertex -2.25743 12.8025 34
      vertex -2.10869 12.8221 22.4194
      vertex -1.98634 12.8382 22.8228
    endloop
  endfacet
  facet normal 0.131822 -0.991273 1.53867e-05
    outer loop
      vertex -2.25743 12.8025 34
      vertex -2.15 12.8166 22
      vertex -2.10869 12.8221 22.4194
    endloop
  endfacet
  facet normal 0.130132 -0.991497 0
    outer loop
      vertex -2.25743 12.8025 0
      vertex -2.15 12.8166 22
      vertex -2.25743 12.8025 34
    endloop
  endfacet
  facet normal 0.131888 -0.991265 -8.72301e-06
    outer loop
      vertex -2.25743 12.8025 0
      vertex -2.10869 12.8221 21.5806
      vertex -2.15 12.8166 22
    endloop
  endfacet
  facet normal 0.130469 -0.991452 1.22849e-06
    outer loop
      vertex -2.25743 12.8025 0
      vertex -1.98634 12.8382 21.1772
      vertex -2.10869 12.8221 21.5806
    endloop
  endfacet
  facet normal 0.130255 -0.99148 4.01057e-06
    outer loop
      vertex -2.25743 12.8025 0
      vertex -1.78766 12.8643 20.8055
      vertex -1.98634 12.8382 21.1772
    endloop
  endfacet
  facet normal 0.130519 -0.991446 -2.05018e-06
    outer loop
      vertex -2.25743 12.8025 0
      vertex -1.52028 12.8995 20.4797
      vertex -1.78766 12.8643 20.8055
    endloop
  endfacet
  facet normal 0.130547 -0.991442 -3.05036e-06
    outer loop
      vertex -2.25743 12.8025 0
      vertex -1.19448 12.9424 20.2123
      vertex -1.52028 12.8995 20.4797
    endloop
  endfacet
  facet normal 0.130658 -0.991427 -9.03695e-06
    outer loop
      vertex -2.25743 12.8025 0
      vertex -1.13302 12.9505 20.1795
      vertex -1.19448 12.9424 20.2123
    endloop
  endfacet
  facet normal 0.130499 -0.991448 0
    outer loop
      vertex -1.13302 12.9505 20.1795
      vertex -2.25743 12.8025 0
      vertex -1.13302 12.9505 0
    endloop
  endfacet
  facet normal 0.953725 0.300681 0
    outer loop
      vertex -12.216 -4.44626 34
      vertex -12.557 -3.36465 0
      vertex -12.557 -3.36465 34
    endloop
  endfacet
  facet normal 0.953725 0.300681 0
    outer loop
      vertex -12.557 -3.36465 0
      vertex -12.216 -4.44626 34
      vertex -12.216 -4.44626 0
    endloop
  endfacet
  facet normal -0.0436469 -0.999047 0
    outer loop
      vertex 1.13302 12.9505 0
      vertex 0 13 19.85
      vertex 0 13 0
    endloop
  endfacet
  facet normal -0.0435881 -0.99905 3.3663e-06
    outer loop
      vertex 0 13 19.85
      vertex 1.13302 12.9505 0
      vertex 0.419444 12.9817 19.8913
    endloop
  endfacet
  facet normal -0.0435967 -0.999049 3.05534e-06
    outer loop
      vertex 0.419444 12.9817 19.8913
      vertex 1.13302 12.9505 0
      vertex 0.822769 12.9641 20.0137
    endloop
  endfacet
  facet normal -0.0437934 -0.999041 0
    outer loop
      vertex 0.822769 12.9641 20.0137
      vertex 1.13302 12.9505 0
      vertex 1.13302 12.9505 20.1795
    endloop
  endfacet
  facet normal -0.0436469 -0.999047 0
    outer loop
      vertex 0 13 24.15
      vertex 1.13302 12.9505 34
      vertex 0 13 34
    endloop
  endfacet
  facet normal -0.0435884 -0.99905 -6.74558e-06
    outer loop
      vertex 0.419444 12.9817 24.1087
      vertex 1.13302 12.9505 34
      vertex 0 13 24.15
    endloop
  endfacet
  facet normal -0.0435976 -0.999049 -6.07808e-06
    outer loop
      vertex 0.822769 12.9641 23.9863
      vertex 1.13302 12.9505 34
      vertex 0.419444 12.9817 24.1087
    endloop
  endfacet
  facet normal -0.0437934 -0.999041 -0
    outer loop
      vertex 1.13302 12.9505 34
      vertex 0.822769 12.9641 23.9863
      vertex 1.13302 12.9505 23.8205
    endloop
  endfacet
  facet normal -0.216469 0.976289 0
    outer loop
      vertex 3.36465 -12.557 0
      vertex 2.25743 -12.8025 34
      vertex 3.36465 -12.557 34
    endloop
  endfacet
  facet normal -0.216469 0.976289 0
    outer loop
      vertex 2.25743 -12.8025 34
      vertex 3.36465 -12.557 0
      vertex 2.25743 -12.8025 0
    endloop
  endfacet
  facet normal 0.608771 -0.793346 0
    outer loop
      vertex -8.35624 9.95858 0
      vertex -7.45649 10.649 34
      vertex -8.35624 9.95858 34
    endloop
  endfacet
  facet normal 0.608771 -0.793346 0
    outer loop
      vertex -7.45649 10.649 34
      vertex -8.35624 9.95858 0
      vertex -7.45649 10.649 0
    endloop
  endfacet
  facet normal -0.130499 0.991448 0
    outer loop
      vertex 2.25743 -12.8025 34
      vertex 1.13302 -12.9505 23.8205
      vertex 1.13302 -12.9505 34
    endloop
  endfacet
  facet normal -0.130654 0.991428 1.74204e-05
    outer loop
      vertex 2.25743 -12.8025 34
      vertex 1.19448 -12.9424 23.7877
      vertex 1.13302 -12.9505 23.8205
    endloop
  endfacet
  facet normal -0.130544 0.991442 5.80222e-06
    outer loop
      vertex 2.25743 -12.8025 34
      vertex 1.52028 -12.8995 23.5203
      vertex 1.19448 -12.9424 23.7877
    endloop
  endfacet
  facet normal -0.130517 0.991446 3.85208e-06
    outer loop
      vertex 2.25743 -12.8025 34
      vertex 1.78766 -12.8643 23.1945
      vertex 1.52028 -12.8995 23.5203
    endloop
  endfacet
  facet normal -0.130262 0.99148 -7.44298e-06
    outer loop
      vertex 2.25743 -12.8025 34
      vertex 1.98634 -12.8382 22.8228
      vertex 1.78766 -12.8643 23.1945
    endloop
  endfacet
  facet normal -0.130472 0.991452 -2.24621e-06
    outer loop
      vertex 2.25743 -12.8025 34
      vertex 2.10869 -12.8221 22.4194
      vertex 1.98634 -12.8382 22.8228
    endloop
  endfacet
  facet normal -0.131822 0.991273 1.53867e-05
    outer loop
      vertex 2.25743 -12.8025 34
      vertex 2.15 -12.8166 22
      vertex 2.10869 -12.8221 22.4194
    endloop
  endfacet
  facet normal -0.130132 0.991497 0
    outer loop
      vertex 2.25743 -12.8025 0
      vertex 2.15 -12.8166 22
      vertex 2.25743 -12.8025 34
    endloop
  endfacet
  facet normal -0.131888 0.991265 -8.72301e-06
    outer loop
      vertex 2.25743 -12.8025 0
      vertex 2.10869 -12.8221 21.5806
      vertex 2.15 -12.8166 22
    endloop
  endfacet
  facet normal -0.130469 0.991452 1.22849e-06
    outer loop
      vertex 2.25743 -12.8025 0
      vertex 1.98634 -12.8382 21.1772
      vertex 2.10869 -12.8221 21.5806
    endloop
  endfacet
  facet normal -0.130255 0.99148 4.01057e-06
    outer loop
      vertex 2.25743 -12.8025 0
      vertex 1.78766 -12.8643 20.8055
      vertex 1.98634 -12.8382 21.1772
    endloop
  endfacet
  facet normal -0.130519 0.991446 -2.05018e-06
    outer loop
      vertex 2.25743 -12.8025 0
      vertex 1.52028 -12.8995 20.4797
      vertex 1.78766 -12.8643 20.8055
    endloop
  endfacet
  facet normal -0.130547 0.991442 -3.05036e-06
    outer loop
      vertex 2.25743 -12.8025 0
      vertex 1.19448 -12.9424 20.2123
      vertex 1.52028 -12.8995 20.4797
    endloop
  endfacet
  facet normal -0.130658 0.991427 -9.03695e-06
    outer loop
      vertex 2.25743 -12.8025 0
      vertex 1.13302 -12.9505 20.1795
      vertex 1.19448 -12.9424 20.2123
    endloop
  endfacet
  facet normal -0.130499 0.991448 0
    outer loop
      vertex 1.13302 -12.9505 20.1795
      vertex 2.25743 -12.8025 0
      vertex 1.13302 -12.9505 0
    endloop
  endfacet
  facet normal 0.843412 0.537267 0
    outer loop
      vertex -10.649 -7.45649 34
      vertex -11.2583 -6.5 0
      vertex -11.2583 -6.5 34
    endloop
  endfacet
  facet normal 0.843412 0.537267 0
    outer loop
      vertex -11.2583 -6.5 0
      vertex -10.649 -7.45649 34
      vertex -10.649 -7.45649 0
    endloop
  endfacet
  facet normal -0.923881 -0.38268 0
    outer loop
      vertex 12.216 4.44626 0
      vertex 11.782 5.49404 34
      vertex 11.782 5.49404 0
    endloop
  endfacet
  facet normal -0.923881 -0.38268 0
    outer loop
      vertex 11.782 5.49404 34
      vertex 12.216 4.44626 0
      vertex 12.216 4.44626 34
    endloop
  endfacet
  facet normal -0.46177 0.887 0
    outer loop
      vertex 6.5 -11.2583 0
      vertex 5.49404 -11.782 34
      vertex 6.5 -11.2583 34
    endloop
  endfacet
  facet normal -0.46177 0.887 0
    outer loop
      vertex 5.49404 -11.782 34
      vertex 6.5 -11.2583 0
      vertex 5.49404 -11.782 0
    endloop
  endfacet
  facet normal -0.737277 0.67559 0
    outer loop
      vertex 9.19239 -9.19239 0
      vertex 9.95858 -8.35624 34
      vertex 9.95858 -8.35624 0
    endloop
  endfacet
  facet normal -0.737277 0.67559 0
    outer loop
      vertex 9.95858 -8.35624 34
      vertex 9.19239 -9.19239 0
      vertex 9.19239 -9.19239 34
    endloop
  endfacet
  facet normal 0.38268 -0.923881 0
    outer loop
      vertex -5.49404 11.782 0
      vertex -4.44626 12.216 34
      vertex -5.49404 11.782 34
    endloop
  endfacet
  facet normal 0.38268 -0.923881 0
    outer loop
      vertex -4.44626 12.216 34
      vertex -5.49404 11.782 0
      vertex -4.44626 12.216 0
    endloop
  endfacet
  facet normal -0.923881 0.38268 0
    outer loop
      vertex 11.782 -5.49404 0
      vertex 12.216 -4.44626 34
      vertex 12.216 -4.44626 0
    endloop
  endfacet
  facet normal -0.923881 0.38268 0
    outer loop
      vertex 12.216 -4.44626 34
      vertex 11.782 -5.49404 0
      vertex 11.782 -5.49404 34
    endloop
  endfacet
  facet normal -0.637599 -0.765091 0.0900183
    outer loop
      vertex 8.38061 9.93624 15.0947
      vertex 8.50624 9.82112 15.0061
      vertex 8.48574 9.83991 15.0206
    endloop
  endfacet
  facet normal 0.65493 0.753096 -0.0625626
    outer loop
      vertex 8.50624 9.82112 15.0061
      vertex 8.6371 9.70122 14.9327
      vertex 8.52762 9.80153 14.9941
    endloop
  endfacet
  facet normal -0.695001 -0.712101 -0.0994255
    outer loop
      vertex 8.6371 9.70122 14.9327
      vertex 8.77218 9.57744 14.875
      vertex 8.74996 9.5978 14.8845
    endloop
  endfacet
  facet normal -0.675738 -0.737142 0
    outer loop
      vertex 8.35624 9.95858 0
      vertex 8.38061 9.93624 15.0947
      vertex 8.35624 9.95858 15.1158
    endloop
  endfacet
  facet normal -0.675595 -0.737273 -4.27101e-07
    outer loop
      vertex 8.35624 9.95858 0
      vertex 8.50624 9.82112 15.0061
      vertex 8.38061 9.93624 15.0947
    endloop
  endfacet
  facet normal -0.675557 -0.737308 -1.12595e-06
    outer loop
      vertex 8.35624 9.95858 0
      vertex 8.6371 9.70122 14.9327
      vertex 8.50624 9.82112 15.0061
    endloop
  endfacet
  facet normal -0.675596 -0.737272 2.40039e-07
    outer loop
      vertex 8.35624 9.95858 0
      vertex 8.77218 9.57744 14.875
      vertex 8.6371 9.70122 14.9327
    endloop
  endfacet
  facet normal -0.675589 -0.737278 -1.00165e-07
    outer loop
      vertex 8.35624 9.95858 0
      vertex 8.91046 9.45073 14.8334
      vertex 8.77218 9.57744 14.875
    endloop
  endfacet
  facet normal -0.675589 -0.737278 -1.21619e-07
    outer loop
      vertex 8.35624 9.95858 0
      vertex 9.05089 9.32205 14.8084
      vertex 8.91046 9.45073 14.8334
    endloop
  endfacet
  facet normal -0.675588 -0.73728 -2.37196e-07
    outer loop
      vertex 8.35624 9.95858 0
      vertex 9.19239 9.19239 14.8
      vertex 9.05089 9.32205 14.8084
    endloop
  endfacet
  facet normal -0.67559 -0.737277 -0
    outer loop
      vertex 9.19239 9.19239 14.8
      vertex 8.35624 9.95858 0
      vertex 9.19239 9.19239 0
    endloop
  endfacet
  facet normal -0.67559 -0.737277 0
    outer loop
      vertex 8.35624 9.95858 34
      vertex 9.19239 9.19239 19.2
      vertex 9.19239 9.19239 34
    endloop
  endfacet
  facet normal -0.675588 -0.73728 2.37196e-07
    outer loop
      vertex 8.35624 9.95858 34
      vertex 9.05089 9.32205 19.1916
      vertex 9.19239 9.19239 19.2
    endloop
  endfacet
  facet normal -0.675589 -0.737278 1.21619e-07
    outer loop
      vertex 8.35624 9.95858 34
      vertex 8.91046 9.45073 19.1666
      vertex 9.05089 9.32205 19.1916
    endloop
  endfacet
  facet normal -0.675589 -0.737278 1.00165e-07
    outer loop
      vertex 8.35624 9.95858 34
      vertex 8.77218 9.57744 19.125
      vertex 8.91046 9.45073 19.1666
    endloop
  endfacet
  facet normal -0.675575 -0.737292 8.6498e-07
    outer loop
      vertex 8.35624 9.95858 34
      vertex 8.74996 9.5978 19.1155
      vertex 8.77218 9.57744 19.125
    endloop
  endfacet
  facet normal -0.6756 -0.737268 -3.86939e-07
    outer loop
      vertex 8.35624 9.95858 34
      vertex 8.6371 9.70122 19.0673
      vertex 8.74996 9.5978 19.1155
    endloop
  endfacet
  facet normal -0.675554 -0.73731 1.20776e-06
    outer loop
      vertex 8.35624 9.95858 34
      vertex 8.52762 9.80153 19.0059
      vertex 8.6371 9.70122 19.0673
    endloop
  endfacet
  facet normal -0.675569 -0.737297 9.02224e-07
    outer loop
      vertex 8.35624 9.95858 34
      vertex 8.50624 9.82112 18.9939
      vertex 8.52762 9.80153 19.0059
    endloop
  endfacet
  facet normal -0.675692 -0.737184 -1.35634e-06
    outer loop
      vertex 8.35624 9.95858 34
      vertex 8.48574 9.83991 18.9794
      vertex 8.50624 9.82112 18.9939
    endloop
  endfacet
  facet normal -0.675576 -0.737291 4.83619e-07
    outer loop
      vertex 8.35624 9.95858 34
      vertex 8.38061 9.93624 18.9053
      vertex 8.48574 9.83991 18.9794
    endloop
  endfacet
  facet normal -0.675738 -0.737142 0
    outer loop
      vertex 8.38061 9.93624 18.9053
      vertex 8.35624 9.95858 34
      vertex 8.35624 9.95858 18.8842
    endloop
  endfacet
  facet normal 0.976289 -0.216469 0
    outer loop
      vertex -12.8025 2.25743 34
      vertex -12.557 3.36465 0
      vertex -12.557 3.36465 34
    endloop
  endfacet
  facet normal 0.976289 -0.216469 0
    outer loop
      vertex -12.557 3.36465 0
      vertex -12.8025 2.25743 34
      vertex -12.8025 2.25743 0
    endloop
  endfacet
  facet normal 0.38268 0.923881 -0
    outer loop
      vertex -4.44626 -12.216 0
      vertex -5.49404 -11.782 34
      vertex -4.44626 -12.216 34
    endloop
  endfacet
  facet normal 0.38268 0.923881 0
    outer loop
      vertex -5.49404 -11.782 34
      vertex -4.44626 -12.216 0
      vertex -5.49404 -11.782 0
    endloop
  endfacet
  facet normal -0.843412 -0.537267 0
    outer loop
      vertex 11.2583 6.5 0
      vertex 10.649 7.45649 34
      vertex 10.649 7.45649 0
    endloop
  endfacet
  facet normal -0.843412 -0.537267 0
    outer loop
      vertex 10.649 7.45649 34
      vertex 11.2583 6.5 0
      vertex 11.2583 6.5 34
    endloop
  endfacet
  facet normal -0.38268 -0.923881 0
    outer loop
      vertex 4.44626 12.216 0
      vertex 5.49404 11.782 34
      vertex 4.44626 12.216 34
    endloop
  endfacet
  facet normal -0.38268 -0.923881 -0
    outer loop
      vertex 5.49404 11.782 34
      vertex 4.44626 12.216 0
      vertex 5.49404 11.782 0
    endloop
  endfacet
  facet normal 0.0437934 -0.999041 0
    outer loop
      vertex -1.13302 12.9505 0
      vertex -0.822769 12.9641 20.0137
      vertex -1.13302 12.9505 20.1795
    endloop
  endfacet
  facet normal 0.0435967 -0.999049 3.05534e-06
    outer loop
      vertex -1.13302 12.9505 0
      vertex -0.419444 12.9817 19.8913
      vertex -0.822769 12.9641 20.0137
    endloop
  endfacet
  facet normal 0.0435881 -0.99905 3.3663e-06
    outer loop
      vertex -1.13302 12.9505 0
      vertex 0 13 19.85
      vertex -0.419444 12.9817 19.8913
    endloop
  endfacet
  facet normal 0.0436469 -0.999047 0
    outer loop
      vertex 0 13 19.85
      vertex -1.13302 12.9505 0
      vertex 0 13 0
    endloop
  endfacet
  facet normal 0.0436469 -0.999047 0
    outer loop
      vertex -1.13302 12.9505 34
      vertex 0 13 24.15
      vertex 0 13 34
    endloop
  endfacet
  facet normal 0.0435884 -0.99905 -6.74558e-06
    outer loop
      vertex -1.13302 12.9505 34
      vertex -0.419444 12.9817 24.1087
      vertex 0 13 24.15
    endloop
  endfacet
  facet normal 0.0435976 -0.999049 -6.07808e-06
    outer loop
      vertex -1.13302 12.9505 34
      vertex -0.822769 12.9641 23.9863
      vertex -0.419444 12.9817 24.1087
    endloop
  endfacet
  facet normal 0.0437934 -0.999041 0
    outer loop
      vertex -0.822769 12.9641 23.9863
      vertex -1.13302 12.9505 34
      vertex -1.13302 12.9505 23.8205
    endloop
  endfacet
  facet normal -0.608771 -0.793346 0
    outer loop
      vertex 7.45649 10.649 34
      vertex 8.35624 9.95858 18.8842
      vertex 8.35624 9.95858 34
    endloop
  endfacet
  facet normal -0.608802 -0.793323 -2.87622e-06
    outer loop
      vertex 7.45649 10.649 34
      vertex 8.25314 10.0377 18.8021
      vertex 8.35624 9.95858 18.8842
    endloop
  endfacet
  facet normal -0.608488 -0.793563 2.32463e-05
    outer loop
      vertex 7.45649 10.649 34
      vertex 8.15076 10.1162 18.704
      vertex 8.25314 10.0377 18.8021
    endloop
  endfacet
  facet normal -0.610427 -0.792073 -0.000116683
    outer loop
      vertex 7.45649 10.649 34
      vertex 8.1313 10.1312 18.6853
      vertex 8.15076 10.1162 18.704
    endloop
  endfacet
  facet normal -0.608827 -0.793303 -4.57054e-06
    outer loop
      vertex 7.45649 10.649 34
      vertex 8.01807 10.2181 18.5556
      vertex 8.1313 10.1312 18.6853
    endloop
  endfacet
  facet normal -0.608679 -0.793417 3.96997e-06
    outer loop
      vertex 7.45649 10.649 34
      vertex 7.91431 10.2977 18.4141
      vertex 8.01807 10.2181 18.5556
    endloop
  endfacet
  facet normal -0.608571 -0.7935 9.01337e-06
    outer loop
      vertex 7.45649 10.649 34
      vertex 7.82082 10.3694 18.2619
      vertex 7.91431 10.2977 18.4141
    endloop
  endfacet
  facet normal -0.608649 -0.79344 6.13798e-06
    outer loop
      vertex 7.45649 10.649 34
      vertex 7.7383 10.4327 18.1
      vertex 7.82082 10.3694 18.2619
    endloop
  endfacet
  facet normal -0.609365 -0.79289 -1.40388e-05
    outer loop
      vertex 7.45649 10.649 34
      vertex 7.66739 10.4872 17.9298
      vertex 7.7383 10.4327 18.1
    endloop
  endfacet
  facet normal -0.60873 -0.793377 -7.96593e-07
    outer loop
      vertex 7.45649 10.649 34
      vertex 7.60861 10.5323 17.7524
      vertex 7.66739 10.4872 17.9298
    endloop
  endfacet
  facet normal -0.608392 -0.793637 4.24074e-06
    outer loop
      vertex 7.45649 10.649 34
      vertex 7.56243 10.5677 17.5694
      vertex 7.60861 10.5323 17.7524
    endloop
  endfacet
  facet normal -0.608677 -0.793418 1.32048e-06
    outer loop
      vertex 7.45649 10.649 34
      vertex 7.52919 10.5932 17.382
      vertex 7.56243 10.5677 17.5694
    endloop
  endfacet
  facet normal -0.609893 -0.792484 -7.13985e-06
    outer loop
      vertex 7.45649 10.649 34
      vertex 7.51217 10.6063 17.2205
      vertex 7.52919 10.5932 17.382
    endloop
  endfacet
  facet normal -0.604737 -0.796425 1.99997e-05
    outer loop
      vertex 7.45649 10.649 34
      vertex 7.50914 10.6086 17.1917
      vertex 7.51217 10.6063 17.2205
    endloop
  endfacet
  facet normal -0.61992 -0.784665 -5.58234e-05
    outer loop
      vertex 7.45649 10.649 34
      vertex 7.50813 10.6094 17.1628
      vertex 7.50914 10.6086 17.1917
    endloop
  endfacet
  facet normal -0.603989 -0.796993 2.2031e-05
    outer loop
      vertex 7.45649 10.649 34
      vertex 7.50245 10.6137 17
      vertex 7.50813 10.6094 17.1628
    endloop
  endfacet
  facet normal -0.341471 0.527116 -0.778169
    outer loop
      vertex 8.1313 10.1312 15.3147
      vertex 8.25314 10.0377 15.1979
      vertex 8.15076 10.1162 15.296
    endloop
  endfacet
  facet normal -0.609127 -0.793073 0
    outer loop
      vertex 7.45649 10.649 0
      vertex 7.50245 10.6137 17
      vertex 7.45649 10.649 34
    endloop
  endfacet
  facet normal -0.603989 -0.796993 -2.2031e-05
    outer loop
      vertex 7.45649 10.649 0
      vertex 7.50813 10.6094 16.8372
      vertex 7.50245 10.6137 17
    endloop
  endfacet
  facet normal -0.61992 -0.784665 5.58234e-05
    outer loop
      vertex 7.45649 10.649 0
      vertex 7.50914 10.6086 16.8083
      vertex 7.50813 10.6094 16.8372
    endloop
  endfacet
  facet normal -0.604737 -0.796425 -1.99997e-05
    outer loop
      vertex 7.45649 10.649 0
      vertex 7.51217 10.6063 16.7795
      vertex 7.50914 10.6086 16.8083
    endloop
  endfacet
  facet normal -0.609893 -0.792484 7.13985e-06
    outer loop
      vertex 7.45649 10.649 0
      vertex 7.52919 10.5932 16.618
      vertex 7.51217 10.6063 16.7795
    endloop
  endfacet
  facet normal -0.608677 -0.793418 -1.32048e-06
    outer loop
      vertex 7.45649 10.649 0
      vertex 7.56243 10.5677 16.4306
      vertex 7.52919 10.5932 16.618
    endloop
  endfacet
  facet normal -0.608392 -0.793637 -4.24074e-06
    outer loop
      vertex 7.45649 10.649 0
      vertex 7.60861 10.5323 16.2476
      vertex 7.56243 10.5677 16.4306
    endloop
  endfacet
  facet normal -0.60873 -0.793377 7.96593e-07
    outer loop
      vertex 7.45649 10.649 0
      vertex 7.66739 10.4872 16.0702
      vertex 7.60861 10.5323 16.2476
    endloop
  endfacet
  facet normal -0.609365 -0.79289 1.40388e-05
    outer loop
      vertex 7.45649 10.649 0
      vertex 7.7383 10.4327 15.9
      vertex 7.66739 10.4872 16.0702
    endloop
  endfacet
  facet normal -0.608649 -0.79344 -6.13798e-06
    outer loop
      vertex 7.45649 10.649 0
      vertex 7.82082 10.3694 15.7381
      vertex 7.7383 10.4327 15.9
    endloop
  endfacet
  facet normal -0.608571 -0.7935 -9.01337e-06
    outer loop
      vertex 7.45649 10.649 0
      vertex 7.91431 10.2977 15.5859
      vertex 7.82082 10.3694 15.7381
    endloop
  endfacet
  facet normal -0.608679 -0.793417 -3.96997e-06
    outer loop
      vertex 7.45649 10.649 0
      vertex 8.01807 10.2181 15.4444
      vertex 7.91431 10.2977 15.5859
    endloop
  endfacet
  facet normal -0.608827 -0.793303 4.57054e-06
    outer loop
      vertex 7.45649 10.649 0
      vertex 8.1313 10.1312 15.3147
      vertex 8.01807 10.2181 15.4444
    endloop
  endfacet
  facet normal -0.608796 -0.793327 2.44065e-06
    outer loop
      vertex 7.45649 10.649 0
      vertex 8.25314 10.0377 15.1979
      vertex 8.1313 10.1312 15.3147
    endloop
  endfacet
  facet normal -0.608802 -0.793323 2.87622e-06
    outer loop
      vertex 7.45649 10.649 0
      vertex 8.35624 9.95858 15.1158
      vertex 8.25314 10.0377 15.1979
    endloop
  endfacet
  facet normal -0.608771 -0.793346 -0
    outer loop
      vertex 8.35624 9.95858 15.1158
      vertex 7.45649 10.649 0
      vertex 8.35624 9.95858 0
    endloop
  endfacet
  facet normal -0.46177 -0.887 0
    outer loop
      vertex 5.49404 11.782 0
      vertex 6.5 11.2583 34
      vertex 5.49404 11.782 34
    endloop
  endfacet
  facet normal -0.46177 -0.887 -0
    outer loop
      vertex 6.5 11.2583 34
      vertex 5.49404 11.782 0
      vertex 6.5 11.2583 0
    endloop
  endfacet
  facet normal 0.976289 0.216469 0
    outer loop
      vertex -12.557 -3.36465 34
      vertex -12.8025 -2.25743 0
      vertex -12.8025 -2.25743 34
    endloop
  endfacet
  facet normal 0.976289 0.216469 0
    outer loop
      vertex -12.8025 -2.25743 0
      vertex -12.557 -3.36465 34
      vertex -12.557 -3.36465 0
    endloop
  endfacet
  facet normal 0.300681 -0.953725 0
    outer loop
      vertex -4.44626 12.216 0
      vertex -3.36465 12.557 34
      vertex -4.44626 12.216 34
    endloop
  endfacet
  facet normal 0.300681 -0.953725 0
    outer loop
      vertex -3.36465 12.557 34
      vertex -4.44626 12.216 0
      vertex -3.36465 12.557 0
    endloop
  endfacet
  facet normal -0.843412 0.537267 0
    outer loop
      vertex 10.649 -7.45649 0
      vertex 11.2583 -6.5 34
      vertex 11.2583 -6.5 0
    endloop
  endfacet
  facet normal -0.843412 0.537267 0
    outer loop
      vertex 11.2583 -6.5 34
      vertex 10.649 -7.45649 0
      vertex 10.649 -7.45649 34
    endloop
  endfacet
  facet normal 0.608771 0.793346 -0
    outer loop
      vertex -7.45649 -10.649 0
      vertex -8.35624 -9.95858 34
      vertex -7.45649 -10.649 34
    endloop
  endfacet
  facet normal 0.608771 0.793346 0
    outer loop
      vertex -8.35624 -9.95858 34
      vertex -7.45649 -10.649 0
      vertex -8.35624 -9.95858 0
    endloop
  endfacet
  facet normal 0.0436469 0.999047 0
    outer loop
      vertex -1.13302 -12.9505 0
      vertex 0 -13 19.85
      vertex 0 -13 0
    endloop
  endfacet
  facet normal 0.0435881 0.99905 3.3663e-06
    outer loop
      vertex 0 -13 19.85
      vertex -1.13302 -12.9505 0
      vertex -0.419444 -12.9817 19.8913
    endloop
  endfacet
  facet normal 0.0435967 0.999049 3.05534e-06
    outer loop
      vertex -0.419444 -12.9817 19.8913
      vertex -1.13302 -12.9505 0
      vertex -0.822769 -12.9641 20.0137
    endloop
  endfacet
  facet normal 0.0437934 0.999041 0
    outer loop
      vertex -0.822769 -12.9641 20.0137
      vertex -1.13302 -12.9505 0
      vertex -1.13302 -12.9505 20.1795
    endloop
  endfacet
  facet normal 0.0436469 0.999047 -0
    outer loop
      vertex 0 -13 24.15
      vertex -1.13302 -12.9505 34
      vertex 0 -13 34
    endloop
  endfacet
  facet normal 0.0435884 0.99905 -6.74558e-06
    outer loop
      vertex -0.419444 -12.9817 24.1087
      vertex -1.13302 -12.9505 34
      vertex 0 -13 24.15
    endloop
  endfacet
  facet normal 0.0435976 0.999049 -6.07808e-06
    outer loop
      vertex -0.822769 -12.9641 23.9863
      vertex -1.13302 -12.9505 34
      vertex -0.419444 -12.9817 24.1087
    endloop
  endfacet
  facet normal 0.0437934 0.999041 0
    outer loop
      vertex -1.13302 -12.9505 34
      vertex -0.822769 -12.9641 23.9863
      vertex -1.13302 -12.9505 23.8205
    endloop
  endfacet
  facet normal -0.953725 -0.300681 0
    outer loop
      vertex 12.557 3.36465 0
      vertex 12.216 4.44626 34
      vertex 12.216 4.44626 0
    endloop
  endfacet
  facet normal -0.953725 -0.300681 0
    outer loop
      vertex 12.216 4.44626 34
      vertex 12.557 3.36465 0
      vertex 12.557 3.36465 34
    endloop
  endfacet
  facet normal 0.130499 0.991448 -0
    outer loop
      vertex -1.13302 -12.9505 23.8205
      vertex -2.25743 -12.8025 34
      vertex -1.13302 -12.9505 34
    endloop
  endfacet
  facet normal 0.130654 0.991428 1.74204e-05
    outer loop
      vertex -1.19448 -12.9424 23.7877
      vertex -2.25743 -12.8025 34
      vertex -1.13302 -12.9505 23.8205
    endloop
  endfacet
  facet normal 0.130544 0.991442 5.80222e-06
    outer loop
      vertex -1.52028 -12.8995 23.5203
      vertex -2.25743 -12.8025 34
      vertex -1.19448 -12.9424 23.7877
    endloop
  endfacet
  facet normal 0.130517 0.991446 3.85208e-06
    outer loop
      vertex -1.78766 -12.8643 23.1945
      vertex -2.25743 -12.8025 34
      vertex -1.52028 -12.8995 23.5203
    endloop
  endfacet
  facet normal 0.130262 0.99148 -7.44298e-06
    outer loop
      vertex -1.98634 -12.8382 22.8228
      vertex -2.25743 -12.8025 34
      vertex -1.78766 -12.8643 23.1945
    endloop
  endfacet
  facet normal 0.130472 0.991452 -2.24621e-06
    outer loop
      vertex -2.10869 -12.8221 22.4194
      vertex -2.25743 -12.8025 34
      vertex -1.98634 -12.8382 22.8228
    endloop
  endfacet
  facet normal 0.131822 0.991273 1.53867e-05
    outer loop
      vertex -2.15 -12.8166 22
      vertex -2.25743 -12.8025 34
      vertex -2.10869 -12.8221 22.4194
    endloop
  endfacet
  facet normal 0.130499 0.991448 0
    outer loop
      vertex -2.25743 -12.8025 0
      vertex -1.13302 -12.9505 20.1795
      vertex -1.13302 -12.9505 0
    endloop
  endfacet
  facet normal 0.130658 0.991427 -9.03695e-06
    outer loop
      vertex -1.13302 -12.9505 20.1795
      vertex -2.25743 -12.8025 0
      vertex -1.19448 -12.9424 20.2123
    endloop
  endfacet
  facet normal 0.130547 0.991442 -3.05036e-06
    outer loop
      vertex -1.19448 -12.9424 20.2123
      vertex -2.25743 -12.8025 0
      vertex -1.52028 -12.8995 20.4797
    endloop
  endfacet
  facet normal 0.130519 0.991446 -2.05018e-06
    outer loop
      vertex -1.52028 -12.8995 20.4797
      vertex -2.25743 -12.8025 0
      vertex -1.78766 -12.8643 20.8055
    endloop
  endfacet
  facet normal 0.130255 0.99148 4.01057e-06
    outer loop
      vertex -1.78766 -12.8643 20.8055
      vertex -2.25743 -12.8025 0
      vertex -1.98634 -12.8382 21.1772
    endloop
  endfacet
  facet normal 0.130469 0.991452 1.22849e-06
    outer loop
      vertex -1.98634 -12.8382 21.1772
      vertex -2.25743 -12.8025 0
      vertex -2.10869 -12.8221 21.5806
    endloop
  endfacet
  facet normal 0.130132 0.991497 0
    outer loop
      vertex -2.15 -12.8166 22
      vertex -2.25743 -12.8025 0
      vertex -2.25743 -12.8025 34
    endloop
  endfacet
  facet normal 0.131888 0.991265 -8.72301e-06
    outer loop
      vertex -2.10869 -12.8221 21.5806
      vertex -2.25743 -12.8025 0
      vertex -2.15 -12.8166 22
    endloop
  endfacet
  facet normal 0.953725 -0.300681 0
    outer loop
      vertex -12.557 3.36465 34
      vertex -12.216 4.44626 0
      vertex -12.216 4.44626 34
    endloop
  endfacet
  facet normal 0.953725 -0.300681 0
    outer loop
      vertex -12.216 4.44626 0
      vertex -12.557 3.36465 34
      vertex -12.557 3.36465 0
    endloop
  endfacet
  facet normal -0.953725 0.300681 0
    outer loop
      vertex 12.216 -4.44626 0
      vertex 12.557 -3.36465 34
      vertex 12.557 -3.36465 0
    endloop
  endfacet
  facet normal -0.953725 0.300681 0
    outer loop
      vertex 12.557 -3.36465 34
      vertex 12.216 -4.44626 0
      vertex 12.216 -4.44626 34
    endloop
  endfacet
  facet normal -0.976289 0.216469 0
    outer loop
      vertex 12.557 -3.36465 0
      vertex 12.8025 -2.25743 34
      vertex 12.8025 -2.25743 0
    endloop
  endfacet
  facet normal -0.976289 0.216469 0
    outer loop
      vertex 12.8025 -2.25743 34
      vertex 12.557 -3.36465 0
      vertex 12.557 -3.36465 34
    endloop
  endfacet
  facet normal 0.887 0.46177 0
    outer loop
      vertex -11.2583 -6.5 34
      vertex -11.782 -5.49404 0
      vertex -11.782 -5.49404 34
    endloop
  endfacet
  facet normal 0.887 0.46177 0
    outer loop
      vertex -11.782 -5.49404 0
      vertex -11.2583 -6.5 34
      vertex -11.2583 -6.5 0
    endloop
  endfacet
  facet normal 0.843412 -0.537267 0
    outer loop
      vertex -11.2583 6.5 34
      vertex -10.649 7.45649 0
      vertex -10.649 7.45649 34
    endloop
  endfacet
  facet normal 0.843412 -0.537267 0
    outer loop
      vertex -10.649 7.45649 0
      vertex -11.2583 6.5 34
      vertex -11.2583 6.5 0
    endloop
  endfacet
  facet normal -0.991448 0.130499 0
    outer loop
      vertex 12.8025 -2.25743 0
      vertex 12.9505 -1.13302 10.1795
      vertex 12.9505 -1.13302 0
    endloop
  endfacet
  facet normal -0.991428 0.130654 -1.74204e-05
    outer loop
      vertex 12.9505 -1.13302 10.1795
      vertex 12.8025 -2.25743 0
      vertex 12.9424 -1.19448 10.2123
    endloop
  endfacet
  facet normal -0.991442 0.130544 -5.80222e-06
    outer loop
      vertex 12.9424 -1.19448 10.2123
      vertex 12.8025 -2.25743 0
      vertex 12.8995 -1.52028 10.4797
    endloop
  endfacet
  facet normal -0.991446 0.130517 -3.85208e-06
    outer loop
      vertex 12.8995 -1.52028 10.4797
      vertex 12.8025 -2.25743 0
      vertex 12.8643 -1.78766 10.8055
    endloop
  endfacet
  facet normal -0.99148 0.130262 7.44298e-06
    outer loop
      vertex 12.8643 -1.78766 10.8055
      vertex 12.8025 -2.25743 0
      vertex 12.8382 -1.98634 11.1772
    endloop
  endfacet
  facet normal -0.991452 0.130472 2.24621e-06
    outer loop
      vertex 12.8382 -1.98634 11.1772
      vertex 12.8025 -2.25743 0
      vertex 12.8221 -2.10869 11.5806
    endloop
  endfacet
  facet normal -0.991273 0.131822 -1.53867e-05
    outer loop
      vertex 12.8221 -2.10869 11.5806
      vertex 12.8025 -2.25743 0
      vertex 12.8166 -2.15 12
    endloop
  endfacet
  facet normal -0.991427 0.130658 9.03695e-06
    outer loop
      vertex 12.8025 -2.25743 34
      vertex 12.9505 -1.13302 13.8205
      vertex 12.9424 -1.19448 13.7877
    endloop
  endfacet
  facet normal -0.991442 0.130547 3.05036e-06
    outer loop
      vertex 12.8025 -2.25743 34
      vertex 12.9424 -1.19448 13.7877
      vertex 12.8995 -1.52028 13.5203
    endloop
  endfacet
  facet normal -0.991446 0.130519 2.05018e-06
    outer loop
      vertex 12.8025 -2.25743 34
      vertex 12.8995 -1.52028 13.5203
      vertex 12.8643 -1.78766 13.1945
    endloop
  endfacet
  facet normal -0.99148 0.130255 -4.01057e-06
    outer loop
      vertex 12.8025 -2.25743 34
      vertex 12.8643 -1.78766 13.1945
      vertex 12.8382 -1.98634 12.8228
    endloop
  endfacet
  facet normal -0.991452 0.130469 -1.22849e-06
    outer loop
      vertex 12.8025 -2.25743 34
      vertex 12.8382 -1.98634 12.8228
      vertex 12.8221 -2.10869 12.4194
    endloop
  endfacet
  facet normal -0.991265 0.131888 8.72301e-06
    outer loop
      vertex 12.8025 -2.25743 34
      vertex 12.8221 -2.10869 12.4194
      vertex 12.8166 -2.15 12
    endloop
  endfacet
  facet normal -0.991448 0.130499 0
    outer loop
      vertex 12.9505 -1.13302 13.8205
      vertex 12.8025 -2.25743 34
      vertex 12.9505 -1.13302 34
    endloop
  endfacet
  facet normal -0.991497 0.130132 0
    outer loop
      vertex 12.8025 -2.25743 34
      vertex 12.8166 -2.15 12
      vertex 12.8025 -2.25743 0
    endloop
  endfacet
  facet normal 0.216469 -0.976289 0
    outer loop
      vertex -3.36465 12.557 0
      vertex -2.25743 12.8025 34
      vertex -3.36465 12.557 34
    endloop
  endfacet
  facet normal 0.216469 -0.976289 0
    outer loop
      vertex -2.25743 12.8025 34
      vertex -3.36465 12.557 0
      vertex -2.25743 12.8025 0
    endloop
  endfacet
  facet normal -0.0437934 0.999041 0
    outer loop
      vertex 1.13302 -12.9505 0
      vertex 0.822769 -12.9641 20.0137
      vertex 1.13302 -12.9505 20.1795
    endloop
  endfacet
  facet normal -0.0435967 0.999049 3.05534e-06
    outer loop
      vertex 1.13302 -12.9505 0
      vertex 0.419444 -12.9817 19.8913
      vertex 0.822769 -12.9641 20.0137
    endloop
  endfacet
  facet normal -0.0435881 0.99905 3.3663e-06
    outer loop
      vertex 1.13302 -12.9505 0
      vertex 0 -13 19.85
      vertex 0.419444 -12.9817 19.8913
    endloop
  endfacet
  facet normal -0.0436469 0.999047 0
    outer loop
      vertex 0 -13 19.85
      vertex 1.13302 -12.9505 0
      vertex 0 -13 0
    endloop
  endfacet
  facet normal -0.0436469 0.999047 0
    outer loop
      vertex 1.13302 -12.9505 34
      vertex 0 -13 24.15
      vertex 0 -13 34
    endloop
  endfacet
  facet normal -0.0435884 0.99905 -6.74558e-06
    outer loop
      vertex 1.13302 -12.9505 34
      vertex 0.419444 -12.9817 24.1087
      vertex 0 -13 24.15
    endloop
  endfacet
  facet normal -0.0435976 0.999049 -6.07808e-06
    outer loop
      vertex 1.13302 -12.9505 34
      vertex 0.822769 -12.9641 23.9863
      vertex 0.419444 -12.9817 24.1087
    endloop
  endfacet
  facet normal -0.0437934 0.999041 0
    outer loop
      vertex 0.822769 -12.9641 23.9863
      vertex 1.13302 -12.9505 34
      vertex 1.13302 -12.9505 23.8205
    endloop
  endfacet
  facet normal -0.793346 0.608771 0
    outer loop
      vertex 9.95858 -8.35624 0
      vertex 10.649 -7.45649 34
      vertex 10.649 -7.45649 0
    endloop
  endfacet
  facet normal -0.793346 0.608771 0
    outer loop
      vertex 10.649 -7.45649 34
      vertex 9.95858 -8.35624 0
      vertex 9.95858 -8.35624 34
    endloop
  endfacet
  facet normal 0.537267 -0.843412 0
    outer loop
      vertex -7.45649 10.649 0
      vertex -6.5 11.2583 34
      vertex -7.45649 10.649 34
    endloop
  endfacet
  facet normal 0.537267 -0.843412 0
    outer loop
      vertex -6.5 11.2583 34
      vertex -7.45649 10.649 0
      vertex -6.5 11.2583 0
    endloop
  endfacet
  facet normal -0.537267 -0.843412 0
    outer loop
      vertex 6.5 11.2583 0
      vertex 7.45649 10.649 34
      vertex 6.5 11.2583 34
    endloop
  endfacet
  facet normal -0.537267 -0.843412 -0
    outer loop
      vertex 7.45649 10.649 34
      vertex 6.5 11.2583 0
      vertex 7.45649 10.649 0
    endloop
  endfacet
  facet normal -0.737277 -0.67559 0
    outer loop
      vertex 9.95858 8.35624 0
      vertex 9.19239 9.19239 14.8
      vertex 9.19239 9.19239 0
    endloop
  endfacet
  facet normal -0.73728 -0.675588 -2.37196e-07
    outer loop
      vertex 9.19239 9.19239 14.8
      vertex 9.95858 8.35624 0
      vertex 9.32205 9.05089 14.8084
    endloop
  endfacet
  facet normal -0.737278 -0.675589 -1.21619e-07
    outer loop
      vertex 9.32205 9.05089 14.8084
      vertex 9.95858 8.35624 0
      vertex 9.45073 8.91046 14.8334
    endloop
  endfacet
  facet normal -0.737278 -0.675589 -1.00165e-07
    outer loop
      vertex 9.45073 8.91046 14.8334
      vertex 9.95858 8.35624 0
      vertex 9.57744 8.77218 14.875
    endloop
  endfacet
  facet normal -0.737292 -0.675575 -8.6498e-07
    outer loop
      vertex 9.57744 8.77218 14.875
      vertex 9.95858 8.35624 0
      vertex 9.5978 8.74996 14.8845
    endloop
  endfacet
  facet normal -0.737268 -0.6756 3.86939e-07
    outer loop
      vertex 9.5978 8.74996 14.8845
      vertex 9.95858 8.35624 0
      vertex 9.70122 8.6371 14.9327
    endloop
  endfacet
  facet normal -0.73731 -0.675554 -1.20776e-06
    outer loop
      vertex 9.70122 8.6371 14.9327
      vertex 9.95858 8.35624 0
      vertex 9.80153 8.52762 14.9941
    endloop
  endfacet
  facet normal -0.737297 -0.675569 -9.02224e-07
    outer loop
      vertex 9.80153 8.52762 14.9941
      vertex 9.95858 8.35624 0
      vertex 9.82112 8.50624 15.0061
    endloop
  endfacet
  facet normal -0.737184 -0.675692 1.35634e-06
    outer loop
      vertex 9.82112 8.50624 15.0061
      vertex 9.95858 8.35624 0
      vertex 9.83991 8.48574 15.0206
    endloop
  endfacet
  facet normal -0.737291 -0.675576 -4.83619e-07
    outer loop
      vertex 9.83991 8.48574 15.0206
      vertex 9.95858 8.35624 0
      vertex 9.93624 8.38061 15.0947
    endloop
  endfacet
  facet normal -0.737142 -0.675738 0
    outer loop
      vertex 9.93624 8.38061 15.0947
      vertex 9.95858 8.35624 0
      vertex 9.95858 8.35624 15.1158
    endloop
  endfacet
  facet normal -0.73728 -0.675588 2.37196e-07
    outer loop
      vertex 9.95858 8.35624 34
      vertex 9.19239 9.19239 19.2
      vertex 9.32205 9.05089 19.1916
    endloop
  endfacet
  facet normal -0.737278 -0.675589 1.21619e-07
    outer loop
      vertex 9.95858 8.35624 34
      vertex 9.32205 9.05089 19.1916
      vertex 9.45073 8.91046 19.1666
    endloop
  endfacet
  facet normal -0.737278 -0.675589 1.00165e-07
    outer loop
      vertex 9.95858 8.35624 34
      vertex 9.45073 8.91046 19.1666
      vertex 9.57744 8.77218 19.125
    endloop
  endfacet
  facet normal -0.737292 -0.675575 8.6498e-07
    outer loop
      vertex 9.95858 8.35624 34
      vertex 9.57744 8.77218 19.125
      vertex 9.5978 8.74996 19.1155
    endloop
  endfacet
  facet normal -0.737268 -0.6756 -3.86939e-07
    outer loop
      vertex 9.95858 8.35624 34
      vertex 9.5978 8.74996 19.1155
      vertex 9.70122 8.6371 19.0673
    endloop
  endfacet
  facet normal -0.73731 -0.675554 1.20776e-06
    outer loop
      vertex 9.95858 8.35624 34
      vertex 9.70122 8.6371 19.0673
      vertex 9.80153 8.52762 19.0059
    endloop
  endfacet
  facet normal -0.737297 -0.675569 9.02224e-07
    outer loop
      vertex 9.95858 8.35624 34
      vertex 9.80153 8.52762 19.0059
      vertex 9.82112 8.50624 18.9939
    endloop
  endfacet
  facet normal -0.737184 -0.675692 -1.35634e-06
    outer loop
      vertex 9.95858 8.35624 34
      vertex 9.82112 8.50624 18.9939
      vertex 9.83991 8.48574 18.9794
    endloop
  endfacet
  facet normal -0.737291 -0.675576 4.83619e-07
    outer loop
      vertex 9.95858 8.35624 34
      vertex 9.83991 8.48574 18.9794
      vertex 9.93624 8.38061 18.9053
    endloop
  endfacet
  facet normal -0.737142 -0.675738 -0
    outer loop
      vertex 9.95858 8.35624 34
      vertex 9.93624 8.38061 18.9053
      vertex 9.95858 8.35624 18.8842
    endloop
  endfacet
  facet normal -0.737277 -0.67559 0
    outer loop
      vertex 9.19239 9.19239 19.2
      vertex 9.95858 8.35624 34
      vertex 9.19239 9.19239 34
    endloop
  endfacet
  facet normal -0.130499 -0.991448 0
    outer loop
      vertex 1.13302 12.9505 23.8205
      vertex 2.25743 12.8025 34
      vertex 1.13302 12.9505 34
    endloop
  endfacet
  facet normal -0.130654 -0.991428 1.74204e-05
    outer loop
      vertex 1.19448 12.9424 23.7877
      vertex 2.25743 12.8025 34
      vertex 1.13302 12.9505 23.8205
    endloop
  endfacet
  facet normal -0.130544 -0.991442 5.80222e-06
    outer loop
      vertex 1.52028 12.8995 23.5203
      vertex 2.25743 12.8025 34
      vertex 1.19448 12.9424 23.7877
    endloop
  endfacet
  facet normal -0.130517 -0.991446 3.85208e-06
    outer loop
      vertex 1.78766 12.8643 23.1945
      vertex 2.25743 12.8025 34
      vertex 1.52028 12.8995 23.5203
    endloop
  endfacet
  facet normal -0.130262 -0.99148 -7.44298e-06
    outer loop
      vertex 1.98634 12.8382 22.8228
      vertex 2.25743 12.8025 34
      vertex 1.78766 12.8643 23.1945
    endloop
  endfacet
  facet normal -0.130472 -0.991452 -2.24621e-06
    outer loop
      vertex 2.10869 12.8221 22.4194
      vertex 2.25743 12.8025 34
      vertex 1.98634 12.8382 22.8228
    endloop
  endfacet
  facet normal -0.131822 -0.991273 1.53867e-05
    outer loop
      vertex 2.15 12.8166 22
      vertex 2.25743 12.8025 34
      vertex 2.10869 12.8221 22.4194
    endloop
  endfacet
  facet normal -0.130499 -0.991448 0
    outer loop
      vertex 2.25743 12.8025 0
      vertex 1.13302 12.9505 20.1795
      vertex 1.13302 12.9505 0
    endloop
  endfacet
  facet normal -0.130658 -0.991427 -9.03695e-06
    outer loop
      vertex 1.13302 12.9505 20.1795
      vertex 2.25743 12.8025 0
      vertex 1.19448 12.9424 20.2123
    endloop
  endfacet
  facet normal -0.130547 -0.991442 -3.05036e-06
    outer loop
      vertex 1.19448 12.9424 20.2123
      vertex 2.25743 12.8025 0
      vertex 1.52028 12.8995 20.4797
    endloop
  endfacet
  facet normal -0.130519 -0.991446 -2.05018e-06
    outer loop
      vertex 1.52028 12.8995 20.4797
      vertex 2.25743 12.8025 0
      vertex 1.78766 12.8643 20.8055
    endloop
  endfacet
  facet normal -0.130255 -0.99148 4.01057e-06
    outer loop
      vertex 1.78766 12.8643 20.8055
      vertex 2.25743 12.8025 0
      vertex 1.98634 12.8382 21.1772
    endloop
  endfacet
  facet normal -0.130469 -0.991452 1.22849e-06
    outer loop
      vertex 1.98634 12.8382 21.1772
      vertex 2.25743 12.8025 0
      vertex 2.10869 12.8221 21.5806
    endloop
  endfacet
  facet normal -0.130132 -0.991497 0
    outer loop
      vertex 2.15 12.8166 22
      vertex 2.25743 12.8025 0
      vertex 2.25743 12.8025 34
    endloop
  endfacet
  facet normal -0.131888 -0.991265 -8.72301e-06
    outer loop
      vertex 2.10869 12.8221 21.5806
      vertex 2.25743 12.8025 0
      vertex 2.15 12.8166 22
    endloop
  endfacet
  facet normal -0.887 -0.46177 0
    outer loop
      vertex 11.782 5.49404 0
      vertex 11.2583 6.5 34
      vertex 11.2583 6.5 0
    endloop
  endfacet
  facet normal -0.887 -0.46177 0
    outer loop
      vertex 11.2583 6.5 34
      vertex 11.782 5.49404 0
      vertex 11.782 5.49404 34
    endloop
  endfacet
  facet normal 0.537267 0.843412 -0
    outer loop
      vertex -6.5 -11.2583 0
      vertex -7.45649 -10.649 34
      vertex -6.5 -11.2583 34
    endloop
  endfacet
  facet normal 0.537267 0.843412 0
    outer loop
      vertex -7.45649 -10.649 34
      vertex -6.5 -11.2583 0
      vertex -7.45649 -10.649 0
    endloop
  endfacet
  facet normal -0.887 0.46177 0
    outer loop
      vertex 11.2583 -6.5 0
      vertex 11.782 -5.49404 34
      vertex 11.782 -5.49404 0
    endloop
  endfacet
  facet normal -0.887 0.46177 0
    outer loop
      vertex 11.782 -5.49404 34
      vertex 11.2583 -6.5 0
      vertex 11.2583 -6.5 34
    endloop
  endfacet
  facet normal 0.216469 0.976289 -0
    outer loop
      vertex -2.25743 -12.8025 0
      vertex -3.36465 -12.557 34
      vertex -2.25743 -12.8025 34
    endloop
  endfacet
  facet normal 0.216469 0.976289 0
    outer loop
      vertex -3.36465 -12.557 34
      vertex -2.25743 -12.8025 0
      vertex -3.36465 -12.557 0
    endloop
  endfacet
  facet normal 0.67559 -0.737277 0
    outer loop
      vertex -9.19239 9.19239 0
      vertex -8.35624 9.95858 34
      vertex -9.19239 9.19239 34
    endloop
  endfacet
  facet normal 0.67559 -0.737277 0
    outer loop
      vertex -8.35624 9.95858 34
      vertex -9.19239 9.19239 0
      vertex -8.35624 9.95858 0
    endloop
  endfacet
  facet normal -0.793346 -0.608771 0
    outer loop
      vertex 10.649 7.45649 0
      vertex 9.95858 8.35624 15.1158
      vertex 9.95858 8.35624 0
    endloop
  endfacet
  facet normal -0.793323 -0.608802 2.87622e-06
    outer loop
      vertex 9.95858 8.35624 15.1158
      vertex 10.649 7.45649 0
      vertex 10.0377 8.25314 15.1979
    endloop
  endfacet
  facet normal -0.793563 -0.608488 -2.32463e-05
    outer loop
      vertex 10.0377 8.25314 15.1979
      vertex 10.649 7.45649 0
      vertex 10.1162 8.15076 15.296
    endloop
  endfacet
  facet normal -0.792073 -0.610427 0.000116683
    outer loop
      vertex 10.1162 8.15076 15.296
      vertex 10.649 7.45649 0
      vertex 10.1312 8.1313 15.3147
    endloop
  endfacet
  facet normal -0.793303 -0.608827 4.57054e-06
    outer loop
      vertex 10.1312 8.1313 15.3147
      vertex 10.649 7.45649 0
      vertex 10.2181 8.01807 15.4444
    endloop
  endfacet
  facet normal -0.793417 -0.608679 -3.96997e-06
    outer loop
      vertex 10.2181 8.01807 15.4444
      vertex 10.649 7.45649 0
      vertex 10.2977 7.91431 15.5859
    endloop
  endfacet
  facet normal -0.7935 -0.608571 -9.01337e-06
    outer loop
      vertex 10.2977 7.91431 15.5859
      vertex 10.649 7.45649 0
      vertex 10.3694 7.82082 15.7381
    endloop
  endfacet
  facet normal -0.79344 -0.608649 -6.13798e-06
    outer loop
      vertex 10.3694 7.82082 15.7381
      vertex 10.649 7.45649 0
      vertex 10.4327 7.7383 15.9
    endloop
  endfacet
  facet normal -0.79289 -0.609365 1.40388e-05
    outer loop
      vertex 10.4327 7.7383 15.9
      vertex 10.649 7.45649 0
      vertex 10.4872 7.66739 16.0702
    endloop
  endfacet
  facet normal -0.793377 -0.60873 7.96593e-07
    outer loop
      vertex 10.4872 7.66739 16.0702
      vertex 10.649 7.45649 0
      vertex 10.5323 7.60861 16.2476
    endloop
  endfacet
  facet normal -0.793637 -0.608392 -4.24074e-06
    outer loop
      vertex 10.5323 7.60861 16.2476
      vertex 10.649 7.45649 0
      vertex 10.5677 7.56243 16.4306
    endloop
  endfacet
  facet normal -0.793418 -0.608677 -1.32048e-06
    outer loop
      vertex 10.5677 7.56243 16.4306
      vertex 10.649 7.45649 0
      vertex 10.5932 7.52919 16.618
    endloop
  endfacet
  facet normal -0.792484 -0.609893 7.13985e-06
    outer loop
      vertex 10.5932 7.52919 16.618
      vertex 10.649 7.45649 0
      vertex 10.6063 7.51217 16.7795
    endloop
  endfacet
  facet normal -0.796993 -0.603989 -2.2031e-05
    outer loop
      vertex 10.6094 7.50813 16.8372
      vertex 10.649 7.45649 0
      vertex 10.6137 7.50245 17
    endloop
  endfacet
  facet normal -0.784665 -0.61992 5.58234e-05
    outer loop
      vertex 10.6086 7.50914 16.8083
      vertex 10.649 7.45649 0
      vertex 10.6094 7.50813 16.8372
    endloop
  endfacet
  facet normal -0.796425 -0.604737 -1.99997e-05
    outer loop
      vertex 10.6063 7.51217 16.7795
      vertex 10.649 7.45649 0
      vertex 10.6086 7.50914 16.8083
    endloop
  endfacet
  facet normal -0.793323 -0.608802 -2.87622e-06
    outer loop
      vertex 10.649 7.45649 34
      vertex 9.95858 8.35624 18.8842
      vertex 10.0377 8.25314 18.8021
    endloop
  endfacet
  facet normal -0.793563 -0.608488 2.32463e-05
    outer loop
      vertex 10.649 7.45649 34
      vertex 10.0377 8.25314 18.8021
      vertex 10.1162 8.15076 18.704
    endloop
  endfacet
  facet normal -0.792073 -0.610427 -0.000116683
    outer loop
      vertex 10.649 7.45649 34
      vertex 10.1162 8.15076 18.704
      vertex 10.1312 8.1313 18.6853
    endloop
  endfacet
  facet normal -0.793303 -0.608827 -4.57054e-06
    outer loop
      vertex 10.649 7.45649 34
      vertex 10.1312 8.1313 18.6853
      vertex 10.2181 8.01807 18.5556
    endloop
  endfacet
  facet normal -0.793417 -0.608679 3.96997e-06
    outer loop
      vertex 10.649 7.45649 34
      vertex 10.2181 8.01807 18.5556
      vertex 10.2977 7.91431 18.4141
    endloop
  endfacet
  facet normal -0.7935 -0.608571 9.01337e-06
    outer loop
      vertex 10.649 7.45649 34
      vertex 10.2977 7.91431 18.4141
      vertex 10.3694 7.82082 18.2619
    endloop
  endfacet
  facet normal -0.79344 -0.608649 6.13798e-06
    outer loop
      vertex 10.649 7.45649 34
      vertex 10.3694 7.82082 18.2619
      vertex 10.4327 7.7383 18.1
    endloop
  endfacet
  facet normal -0.79289 -0.609365 -1.40388e-05
    outer loop
      vertex 10.649 7.45649 34
      vertex 10.4327 7.7383 18.1
      vertex 10.4872 7.66739 17.9298
    endloop
  endfacet
  facet normal -0.793377 -0.60873 -7.96593e-07
    outer loop
      vertex 10.649 7.45649 34
      vertex 10.4872 7.66739 17.9298
      vertex 10.5323 7.60861 17.7524
    endloop
  endfacet
  facet normal -0.793637 -0.608392 4.24074e-06
    outer loop
      vertex 10.649 7.45649 34
      vertex 10.5323 7.60861 17.7524
      vertex 10.5677 7.56243 17.5694
    endloop
  endfacet
  facet normal -0.793418 -0.608677 1.32048e-06
    outer loop
      vertex 10.649 7.45649 34
      vertex 10.5677 7.56243 17.5694
      vertex 10.5932 7.52919 17.382
    endloop
  endfacet
  facet normal -0.792484 -0.609893 -7.13985e-06
    outer loop
      vertex 10.649 7.45649 34
      vertex 10.5932 7.52919 17.382
      vertex 10.6063 7.51217 17.2205
    endloop
  endfacet
  facet normal -0.796425 -0.604737 1.99997e-05
    outer loop
      vertex 10.649 7.45649 34
      vertex 10.6063 7.51217 17.2205
      vertex 10.6086 7.50914 17.1917
    endloop
  endfacet
  facet normal -0.793346 -0.608771 0
    outer loop
      vertex 9.95858 8.35624 18.8842
      vertex 10.649 7.45649 34
      vertex 9.95858 8.35624 34
    endloop
  endfacet
  facet normal -0.784665 -0.61992 -5.58234e-05
    outer loop
      vertex 10.6094 7.50813 17.1628
      vertex 10.649 7.45649 34
      vertex 10.6086 7.50914 17.1917
    endloop
  endfacet
  facet normal -0.796993 -0.603989 2.2031e-05
    outer loop
      vertex 10.6137 7.50245 17
      vertex 10.649 7.45649 34
      vertex 10.6094 7.50813 17.1628
    endloop
  endfacet
  facet normal -0.793073 -0.609127 -0
    outer loop
      vertex 10.649 7.45649 34
      vertex 10.6137 7.50245 17
      vertex 10.649 7.45649 0
    endloop
  endfacet
  facet normal 0.737277 0.67559 0
    outer loop
      vertex -9.19239 -9.19239 34
      vertex -9.95858 -8.35624 0
      vertex -9.95858 -8.35624 34
    endloop
  endfacet
  facet normal 0.737277 0.67559 0
    outer loop
      vertex -9.95858 -8.35624 0
      vertex -9.19239 -9.19239 34
      vertex -9.19239 -9.19239 0
    endloop
  endfacet
  facet normal 0.887 -0.46177 0
    outer loop
      vertex -11.782 5.49404 34
      vertex -11.2583 6.5 0
      vertex -11.2583 6.5 34
    endloop
  endfacet
  facet normal 0.887 -0.46177 0
    outer loop
      vertex -11.2583 6.5 0
      vertex -11.782 5.49404 34
      vertex -11.782 5.49404 0
    endloop
  endfacet
  facet normal 0.991448 0.130499 0
    outer loop
      vertex -12.8025 -2.25743 34
      vertex -12.9505 -1.13302 13.8205
      vertex -12.9505 -1.13302 34
    endloop
  endfacet
  facet normal 0.991427 0.130658 9.03695e-06
    outer loop
      vertex -12.9505 -1.13302 13.8205
      vertex -12.8025 -2.25743 34
      vertex -12.9424 -1.19448 13.7877
    endloop
  endfacet
  facet normal 0.991442 0.130547 3.05036e-06
    outer loop
      vertex -12.9424 -1.19448 13.7877
      vertex -12.8025 -2.25743 34
      vertex -12.8995 -1.52028 13.5203
    endloop
  endfacet
  facet normal 0.991446 0.130519 2.05018e-06
    outer loop
      vertex -12.8995 -1.52028 13.5203
      vertex -12.8025 -2.25743 34
      vertex -12.8643 -1.78766 13.1945
    endloop
  endfacet
  facet normal 0.99148 0.130255 -4.01057e-06
    outer loop
      vertex -12.8643 -1.78766 13.1945
      vertex -12.8025 -2.25743 34
      vertex -12.8382 -1.98634 12.8228
    endloop
  endfacet
  facet normal 0.991452 0.130469 -1.22849e-06
    outer loop
      vertex -12.8382 -1.98634 12.8228
      vertex -12.8025 -2.25743 34
      vertex -12.8221 -2.10869 12.4194
    endloop
  endfacet
  facet normal 0.991265 0.131888 8.72301e-06
    outer loop
      vertex -12.8221 -2.10869 12.4194
      vertex -12.8025 -2.25743 34
      vertex -12.8166 -2.15 12
    endloop
  endfacet
  facet normal 0.991428 0.130654 -1.74204e-05
    outer loop
      vertex -12.8025 -2.25743 0
      vertex -12.9505 -1.13302 10.1795
      vertex -12.9424 -1.19448 10.2123
    endloop
  endfacet
  facet normal 0.991442 0.130544 -5.80222e-06
    outer loop
      vertex -12.8025 -2.25743 0
      vertex -12.9424 -1.19448 10.2123
      vertex -12.8995 -1.52028 10.4797
    endloop
  endfacet
  facet normal 0.991446 0.130517 -3.85208e-06
    outer loop
      vertex -12.8025 -2.25743 0
      vertex -12.8995 -1.52028 10.4797
      vertex -12.8643 -1.78766 10.8055
    endloop
  endfacet
  facet normal 0.99148 0.130262 7.44298e-06
    outer loop
      vertex -12.8025 -2.25743 0
      vertex -12.8643 -1.78766 10.8055
      vertex -12.8382 -1.98634 11.1772
    endloop
  endfacet
  facet normal 0.991452 0.130472 2.24621e-06
    outer loop
      vertex -12.8025 -2.25743 0
      vertex -12.8382 -1.98634 11.1772
      vertex -12.8221 -2.10869 11.5806
    endloop
  endfacet
  facet normal 0.991273 0.131822 -1.53867e-05
    outer loop
      vertex -12.8025 -2.25743 0
      vertex -12.8221 -2.10869 11.5806
      vertex -12.8166 -2.15 12
    endloop
  endfacet
  facet normal 0.991448 0.130499 0
    outer loop
      vertex -12.9505 -1.13302 10.1795
      vertex -12.8025 -2.25743 0
      vertex -12.9505 -1.13302 0
    endloop
  endfacet
  facet normal 0.991497 0.130132 -0
    outer loop
      vertex -12.8025 -2.25743 0
      vertex -12.8166 -2.15 12
      vertex -12.8025 -2.25743 34
    endloop
  endfacet
  facet normal -0.300681 -0.953725 0
    outer loop
      vertex 3.36465 12.557 0
      vertex 4.44626 12.216 34
      vertex 3.36465 12.557 34
    endloop
  endfacet
  facet normal -0.300681 -0.953725 -0
    outer loop
      vertex 4.44626 12.216 34
      vertex 3.36465 12.557 0
      vertex 4.44626 12.216 0
    endloop
  endfacet
  facet normal 0.793346 0.608771 0
    outer loop
      vertex -9.95858 -8.35624 34
      vertex -10.649 -7.45649 0
      vertex -10.649 -7.45649 34
    endloop
  endfacet
  facet normal 0.793346 0.608771 0
    outer loop
      vertex -10.649 -7.45649 0
      vertex -9.95858 -8.35624 34
      vertex -9.95858 -8.35624 0
    endloop
  endfacet
  facet normal -0.300681 0.953725 0
    outer loop
      vertex 4.44626 -12.216 0
      vertex 3.36465 -12.557 34
      vertex 4.44626 -12.216 34
    endloop
  endfacet
  facet normal -0.300681 0.953725 0
    outer loop
      vertex 3.36465 -12.557 34
      vertex 4.44626 -12.216 0
      vertex 3.36465 -12.557 0
    endloop
  endfacet
  facet normal 0.99905 0.0435884 6.74557e-06
    outer loop
      vertex -12.9505 -1.13302 0
      vertex -13 0 9.85
      vertex -12.9817 -0.419444 9.89131
    endloop
  endfacet
  facet normal 0.999049 0.0435976 6.07809e-06
    outer loop
      vertex -12.9505 -1.13302 0
      vertex -12.9817 -0.419444 9.89131
      vertex -12.9641 -0.822769 10.0137
    endloop
  endfacet
  facet normal 0.999041 0.0437934 -0
    outer loop
      vertex -12.9505 -1.13302 0
      vertex -12.9641 -0.822769 10.0137
      vertex -12.9505 -1.13302 10.1795
    endloop
  endfacet
  facet normal 0.999047 0.0436469 0
    outer loop
      vertex -13 0 9.85
      vertex -12.9505 -1.13302 0
      vertex -13 0 0
    endloop
  endfacet
  facet normal 0.999047 0.0436469 0
    outer loop
      vertex -12.9505 -1.13302 34
      vertex -13 0 14.15
      vertex -13 0 34
    endloop
  endfacet
  facet normal 0.99905 0.0435881 -3.3663e-06
    outer loop
      vertex -13 0 14.15
      vertex -12.9505 -1.13302 34
      vertex -12.9817 -0.419444 14.1087
    endloop
  endfacet
  facet normal 0.999049 0.0435967 -3.05534e-06
    outer loop
      vertex -12.9817 -0.419444 14.1087
      vertex -12.9505 -1.13302 34
      vertex -12.9641 -0.822769 13.9863
    endloop
  endfacet
  facet normal 0.999041 0.0437934 0
    outer loop
      vertex -12.9641 -0.822769 13.9863
      vertex -12.9505 -1.13302 34
      vertex -12.9505 -1.13302 13.8205
    endloop
  endfacet
  facet normal 0.67559 0.737277 -0
    outer loop
      vertex -8.35624 -9.95858 0
      vertex -9.19239 -9.19239 34
      vertex -8.35624 -9.95858 34
    endloop
  endfacet
  facet normal 0.67559 0.737277 0
    outer loop
      vertex -9.19239 -9.19239 34
      vertex -8.35624 -9.95858 0
      vertex -9.19239 -9.19239 0
    endloop
  endfacet
  facet normal -0.537267 0.843412 0
    outer loop
      vertex 7.45649 -10.649 0
      vertex 6.5 -11.2583 34
      vertex 7.45649 -10.649 34
    endloop
  endfacet
  facet normal -0.537267 0.843412 0
    outer loop
      vertex 6.5 -11.2583 34
      vertex 7.45649 -10.649 0
      vertex 6.5 -11.2583 0
    endloop
  endfacet
  facet normal -0.216469 -0.976289 0
    outer loop
      vertex 2.25743 12.8025 0
      vertex 3.36465 12.557 34
      vertex 2.25743 12.8025 34
    endloop
  endfacet
  facet normal -0.216469 -0.976289 -0
    outer loop
      vertex 3.36465 12.557 34
      vertex 2.25743 12.8025 0
      vertex 3.36465 12.557 0
    endloop
  endfacet
  facet normal 0.923881 0.38268 0
    outer loop
      vertex -11.782 -5.49404 34
      vertex -12.216 -4.44626 0
      vertex -12.216 -4.44626 34
    endloop
  endfacet
  facet normal 0.923881 0.38268 0
    outer loop
      vertex -12.216 -4.44626 0
      vertex -11.782 -5.49404 34
      vertex -11.782 -5.49404 0
    endloop
  endfacet
  facet normal 0.793346 -0.608771 0
    outer loop
      vertex -10.649 7.45649 34
      vertex -9.95858 8.35624 0
      vertex -9.95858 8.35624 34
    endloop
  endfacet
  facet normal 0.793346 -0.608771 0
    outer loop
      vertex -9.95858 8.35624 0
      vertex -10.649 7.45649 34
      vertex -10.649 7.45649 0
    endloop
  endfacet
  facet normal -0.38268 0.923881 0
    outer loop
      vertex 5.49404 -11.782 0
      vertex 4.44626 -12.216 34
      vertex 5.49404 -11.782 34
    endloop
  endfacet
  facet normal -0.38268 0.923881 0
    outer loop
      vertex 4.44626 -12.216 34
      vertex 5.49404 -11.782 0
      vertex 4.44626 -12.216 0
    endloop
  endfacet
  facet normal 0.737277 -0.67559 0
    outer loop
      vertex -9.95858 8.35624 34
      vertex -9.19239 9.19239 0
      vertex -9.19239 9.19239 34
    endloop
  endfacet
  facet normal 0.737277 -0.67559 0
    outer loop
      vertex -9.19239 9.19239 0
      vertex -9.95858 8.35624 34
      vertex -9.95858 8.35624 0
    endloop
  endfacet
  facet normal 0.991497 -0.130132 0
    outer loop
      vertex -12.8025 2.25743 34
      vertex -12.8166 2.15 12
      vertex -12.8025 2.25743 0
    endloop
  endfacet
  facet normal 0.991265 -0.131888 8.72301e-06
    outer loop
      vertex -12.8025 2.25743 34
      vertex -12.8221 2.10869 12.4194
      vertex -12.8166 2.15 12
    endloop
  endfacet
  facet normal 0.991452 -0.130469 -1.22849e-06
    outer loop
      vertex -12.8025 2.25743 34
      vertex -12.8382 1.98634 12.8228
      vertex -12.8221 2.10869 12.4194
    endloop
  endfacet
  facet normal 0.99148 -0.130255 -4.01057e-06
    outer loop
      vertex -12.8025 2.25743 34
      vertex -12.8643 1.78766 13.1945
      vertex -12.8382 1.98634 12.8228
    endloop
  endfacet
  facet normal 0.991446 -0.130519 2.05018e-06
    outer loop
      vertex -12.8025 2.25743 34
      vertex -12.8995 1.52028 13.5203
      vertex -12.8643 1.78766 13.1945
    endloop
  endfacet
  facet normal 0.991442 -0.130547 3.05036e-06
    outer loop
      vertex -12.8025 2.25743 34
      vertex -12.9424 1.19448 13.7877
      vertex -12.8995 1.52028 13.5203
    endloop
  endfacet
  facet normal 0.991448 -0.130499 0
    outer loop
      vertex -12.9505 1.13302 13.8205
      vertex -12.8025 2.25743 34
      vertex -12.9505 1.13302 34
    endloop
  endfacet
  facet normal 0.991427 -0.130658 9.03695e-06
    outer loop
      vertex -12.8025 2.25743 34
      vertex -12.9505 1.13302 13.8205
      vertex -12.9424 1.19448 13.7877
    endloop
  endfacet
  facet normal 0.991273 -0.131822 -1.53867e-05
    outer loop
      vertex -12.8221 2.10869 11.5806
      vertex -12.8025 2.25743 0
      vertex -12.8166 2.15 12
    endloop
  endfacet
  facet normal 0.991452 -0.130472 2.24621e-06
    outer loop
      vertex -12.8382 1.98634 11.1772
      vertex -12.8025 2.25743 0
      vertex -12.8221 2.10869 11.5806
    endloop
  endfacet
  facet normal 0.99148 -0.130262 7.44298e-06
    outer loop
      vertex -12.8643 1.78766 10.8055
      vertex -12.8025 2.25743 0
      vertex -12.8382 1.98634 11.1772
    endloop
  endfacet
  facet normal 0.991446 -0.130517 -3.85208e-06
    outer loop
      vertex -12.8995 1.52028 10.4797
      vertex -12.8025 2.25743 0
      vertex -12.8643 1.78766 10.8055
    endloop
  endfacet
  facet normal 0.991442 -0.130544 -5.80222e-06
    outer loop
      vertex -12.9424 1.19448 10.2123
      vertex -12.8025 2.25743 0
      vertex -12.8995 1.52028 10.4797
    endloop
  endfacet
  facet normal 0.991428 -0.130654 -1.74204e-05
    outer loop
      vertex -12.9505 1.13302 10.1795
      vertex -12.8025 2.25743 0
      vertex -12.9424 1.19448 10.2123
    endloop
  endfacet
  facet normal 0.991448 -0.130499 0
    outer loop
      vertex -12.8025 2.25743 0
      vertex -12.9505 1.13302 10.1795
      vertex -12.9505 1.13302 0
    endloop
  endfacet
  facet normal 0.999041 -0.0437934 0
    outer loop
      vertex -12.9641 0.822769 10.0137
      vertex -12.9505 1.13302 0
      vertex -12.9505 1.13302 10.1795
    endloop
  endfacet
  facet normal 0.999049 -0.0435976 6.07809e-06
    outer loop
      vertex -12.9817 0.419444 9.89131
      vertex -12.9505 1.13302 0
      vertex -12.9641 0.822769 10.0137
    endloop
  endfacet
  facet normal 0.99905 -0.0435884 6.74557e-06
    outer loop
      vertex -13 0 9.85
      vertex -12.9505 1.13302 0
      vertex -12.9817 0.419444 9.89131
    endloop
  endfacet
  facet normal 0.999047 -0.0436469 0
    outer loop
      vertex -12.9505 1.13302 0
      vertex -13 0 9.85
      vertex -13 0 0
    endloop
  endfacet
  facet normal 0.999041 -0.0437934 0
    outer loop
      vertex -12.9505 1.13302 34
      vertex -12.9641 0.822769 13.9863
      vertex -12.9505 1.13302 13.8205
    endloop
  endfacet
  facet normal 0.999049 -0.0435967 -3.05534e-06
    outer loop
      vertex -12.9505 1.13302 34
      vertex -12.9817 0.419444 14.1087
      vertex -12.9641 0.822769 13.9863
    endloop
  endfacet
  facet normal 0.999047 -0.0436469 0
    outer loop
      vertex -13 0 14.15
      vertex -12.9505 1.13302 34
      vertex -13 0 34
    endloop
  endfacet
  facet normal 0.99905 -0.0435881 -3.3663e-06
    outer loop
      vertex -12.9505 1.13302 34
      vertex -13 0 14.15
      vertex -12.9817 0.419444 14.1087
    endloop
  endfacet
  facet normal 0.923881 -0.38268 0
    outer loop
      vertex -12.216 4.44626 34
      vertex -11.782 5.49404 0
      vertex -11.782 5.49404 34
    endloop
  endfacet
  facet normal 0.923881 -0.38268 0
    outer loop
      vertex -11.782 5.49404 0
      vertex -12.216 4.44626 34
      vertex -12.216 4.44626 0
    endloop
  endfacet
  facet normal 0.300681 0.953725 -0
    outer loop
      vertex -3.36465 -12.557 0
      vertex -4.44626 -12.216 34
      vertex -3.36465 -12.557 34
    endloop
  endfacet
  facet normal 0.300681 0.953725 0
    outer loop
      vertex -4.44626 -12.216 34
      vertex -3.36465 -12.557 0
      vertex -4.44626 -12.216 0
    endloop
  endfacet
  facet normal -0.67559 0.737277 0
    outer loop
      vertex 9.19239 -9.19239 0
      vertex 8.35624 -9.95858 34
      vertex 9.19239 -9.19239 34
    endloop
  endfacet
  facet normal -0.67559 0.737277 0
    outer loop
      vertex 8.35624 -9.95858 34
      vertex 9.19239 -9.19239 0
      vertex 8.35624 -9.95858 0
    endloop
  endfacet
  facet normal -0.608771 0.793346 0
    outer loop
      vertex 8.35624 -9.95858 0
      vertex 7.45649 -10.649 34
      vertex 8.35624 -9.95858 34
    endloop
  endfacet
  facet normal -0.608771 0.793346 0
    outer loop
      vertex 7.45649 -10.649 34
      vertex 8.35624 -9.95858 0
      vertex 7.45649 -10.649 0
    endloop
  endfacet
  facet normal 0.46177 -0.887 0
    outer loop
      vertex -6.5 11.2583 0
      vertex -5.49404 11.782 34
      vertex -6.5 11.2583 34
    endloop
  endfacet
  facet normal 0.46177 -0.887 0
    outer loop
      vertex -5.49404 11.782 34
      vertex -6.5 11.2583 0
      vertex -5.49404 11.782 0
    endloop
  endfacet
  facet normal 0.46177 0.887 -0
    outer loop
      vertex -5.49404 -11.782 0
      vertex -6.5 -11.2583 34
      vertex -5.49404 -11.782 34
    endloop
  endfacet
  facet normal 0.46177 0.887 0
    outer loop
      vertex -6.5 -11.2583 34
      vertex -5.49404 -11.782 0
      vertex -6.5 -11.2583 0
    endloop
  endfacet
  facet normal 0 -0.881919 -0.471401
    outer loop
      vertex -19.8919 1.98634 12.8228
      vertex -12.8643 1.78766 13.1945
      vertex -19.918 1.78766 13.1945
    endloop
  endfacet
  facet normal 0 -0.881919 -0.471401
    outer loop
      vertex -12.8643 1.78766 13.1945
      vertex -19.8919 1.98634 12.8228
      vertex -12.8382 1.98634 12.8228
    endloop
  endfacet
  facet normal -0 -0.881919 -0.471401
    outer loop
      vertex 19.8919 1.98634 12.8228
      vertex 12.8643 1.78766 13.1945
      vertex 12.8382 1.98634 12.8228
    endloop
  endfacet
  facet normal 0 -0.881919 -0.471401
    outer loop
      vertex 12.8643 1.78766 13.1945
      vertex 19.8919 1.98634 12.8228
      vertex 19.918 1.78766 13.1945
    endloop
  endfacet
  facet normal 0 -0.470827 0.882226
    outer loop
      vertex -19.9478 1.19448 10.2123
      vertex -12.9505 1.13302 10.1795
      vertex -12.9424 1.19448 10.2123
    endloop
  endfacet
  facet normal -5.61854e-06 -0.471324 0.88196
    outer loop
      vertex -19.9478 1.19448 10.2123
      vertex -12.9641 0.822769 10.0137
      vertex -12.9505 1.13302 10.1795
    endloop
  endfacet
  facet normal 0 -0.471242 0.882004
    outer loop
      vertex -12.9641 0.822769 10.0137
      vertex -19.9478 1.19448 10.2123
      vertex -19.9641 0.822769 10.0137
    endloop
  endfacet
  facet normal 0 -0.471242 0.882004
    outer loop
      vertex 19.9478 1.19448 10.2123
      vertex 12.9641 0.822769 10.0137
      vertex 19.9641 0.822769 10.0137
    endloop
  endfacet
  facet normal 5.61854e-06 -0.471324 0.88196
    outer loop
      vertex 19.9478 1.19448 10.2123
      vertex 12.9505 1.13302 10.1795
      vertex 12.9641 0.822769 10.0137
    endloop
  endfacet
  facet normal 0 -0.470827 0.882226
    outer loop
      vertex 12.9505 1.13302 10.1795
      vertex 19.9478 1.19448 10.2123
      vertex 12.9424 1.19448 10.2123
    endloop
  endfacet
  facet normal 0 -0.0980133 0.995185
    outer loop
      vertex -19.9817 0.419444 9.89131
      vertex -13 0 9.85
      vertex -12.9817 0.419444 9.89131
    endloop
  endfacet
  facet normal 0 -0.0980133 0.995185
    outer loop
      vertex -13 0 9.85
      vertex -19.9817 0.419444 9.89131
      vertex -20 0 9.85
    endloop
  endfacet
  facet normal 0 -0.0980133 0.995185
    outer loop
      vertex 19.9817 0.419444 9.89131
      vertex 13 0 9.85
      vertex 20 0 9.85
    endloop
  endfacet
  facet normal 0 -0.0980133 0.995185
    outer loop
      vertex 13 0 9.85
      vertex 19.9817 0.419444 9.89131
      vertex 12.9817 0.419444 9.89131
    endloop
  endfacet
  facet normal 0 0.881919 0.471401
    outer loop
      vertex -12.8643 -1.78766 10.8055
      vertex -19.8919 -1.98634 11.1772
      vertex -12.8382 -1.98634 11.1772
    endloop
  endfacet
  facet normal 0 0.881919 0.471401
    outer loop
      vertex -19.8919 -1.98634 11.1772
      vertex -12.8643 -1.78766 10.8055
      vertex -19.918 -1.78766 10.8055
    endloop
  endfacet
  facet normal -0 0.881919 0.471401
    outer loop
      vertex 12.8643 -1.78766 10.8055
      vertex 19.8919 -1.98634 11.1772
      vertex 19.918 -1.78766 10.8055
    endloop
  endfacet
  facet normal 0 0.881919 0.471401
    outer loop
      vertex 19.8919 -1.98634 11.1772
      vertex 12.8643 -1.78766 10.8055
      vertex 12.8382 -1.98634 11.1772
    endloop
  endfacet
  facet normal 0 -0.956954 0.290241
    outer loop
      vertex -12.8382 1.98634 11.1772
      vertex -19.8758 2.10869 11.5806
      vertex -19.8919 1.98634 11.1772
    endloop
  endfacet
  facet normal 0 -0.956954 0.290241
    outer loop
      vertex -19.8758 2.10869 11.5806
      vertex -12.8382 1.98634 11.1772
      vertex -12.8221 2.10869 11.5806
    endloop
  endfacet
  facet normal 0 -0.956954 0.290241
    outer loop
      vertex 12.8382 1.98634 11.1772
      vertex 19.8758 2.10869 11.5806
      vertex 12.8221 2.10869 11.5806
    endloop
  endfacet
  facet normal 0 -0.956954 0.290241
    outer loop
      vertex 19.8758 2.10869 11.5806
      vertex 12.8382 1.98634 11.1772
      vertex 19.8919 1.98634 11.1772
    endloop
  endfacet
  facet normal 0 -0.471325 -0.88196
    outer loop
      vertex -15.5163 0.822769 13.9863
      vertex -12.9505 1.13302 13.8205
      vertex -12.9641 0.822769 13.9863
    endloop
  endfacet
  facet normal -7.86554e-05 -0.470819 -0.88223
    outer loop
      vertex -15.5163 0.822769 13.9863
      vertex -12.9424 1.19448 13.7877
      vertex -12.9505 1.13302 13.8205
    endloop
  endfacet
  facet normal -5.06296e-05 -0.47097 -0.882149
    outer loop
      vertex -15.5808 0.919238 13.9348
      vertex -12.9424 1.19448 13.7877
      vertex -15.5163 0.822769 13.9863
    endloop
  endfacet
  facet normal -0 -0.471347 -0.881948
    outer loop
      vertex -12.9424 1.19448 13.7877
      vertex -15.5808 0.919238 13.9348
      vertex -15.9927 1.19448 13.7877
    endloop
  endfacet
  facet normal 0 -0.471325 -0.88196
    outer loop
      vertex 12.9505 1.13302 13.8205
      vertex 15.5163 0.822769 13.9863
      vertex 12.9641 0.822769 13.9863
    endloop
  endfacet
  facet normal 7.86554e-05 -0.470819 -0.88223
    outer loop
      vertex 12.9424 1.19448 13.7877
      vertex 15.5163 0.822769 13.9863
      vertex 12.9505 1.13302 13.8205
    endloop
  endfacet
  facet normal 5.06296e-05 -0.47097 -0.882149
    outer loop
      vertex 15.5163 0.822769 13.9863
      vertex 12.9424 1.19448 13.7877
      vertex 15.5808 0.919238 13.9348
    endloop
  endfacet
  facet normal 0 -0.471347 -0.881948
    outer loop
      vertex 15.5808 0.919238 13.9348
      vertex 12.9424 1.19448 13.7877
      vertex 15.9927 1.19448 13.7877
    endloop
  endfacet
  facet normal 0 -0.471347 -0.881948
    outer loop
      vertex -17.4192 0.919238 13.9348
      vertex -19.9478 1.19448 13.7877
      vertex -17.0073 1.19448 13.7877
    endloop
  endfacet
  facet normal 5.26789e-05 -0.470971 -0.882149
    outer loop
      vertex -17.4837 0.822769 13.9863
      vertex -19.9478 1.19448 13.7877
      vertex -17.4192 0.919238 13.9348
    endloop
  endfacet
  facet normal 0 -0.471242 -0.882004
    outer loop
      vertex -19.9478 1.19448 13.7877
      vertex -17.4837 0.822769 13.9863
      vertex -19.9641 0.822769 13.9863
    endloop
  endfacet
  facet normal 0 -0.471242 -0.882004
    outer loop
      vertex 17.4837 0.822769 13.9863
      vertex 19.9478 1.19448 13.7877
      vertex 19.9641 0.822769 13.9863
    endloop
  endfacet
  facet normal -5.26789e-05 -0.470971 -0.882149
    outer loop
      vertex 17.4192 0.919238 13.9348
      vertex 19.9478 1.19448 13.7877
      vertex 17.4837 0.822769 13.9863
    endloop
  endfacet
  facet normal -0 -0.471347 -0.881948
    outer loop
      vertex 19.9478 1.19448 13.7877
      vertex 17.4192 0.919238 13.9348
      vertex 17.0073 1.19448 13.7877
    endloop
  endfacet
  facet normal 0 0.290377 0.956912
    outer loop
      vertex -12.9817 -0.419444 9.89131
      vertex -19.9641 -0.822769 10.0137
      vertex -12.9641 -0.822769 10.0137
    endloop
  endfacet
  facet normal 0 0.290377 0.956912
    outer loop
      vertex -19.9641 -0.822769 10.0137
      vertex -12.9817 -0.419444 9.89131
      vertex -19.9817 -0.419444 9.89131
    endloop
  endfacet
  facet normal -0 0.290377 0.956912
    outer loop
      vertex 12.9817 -0.419444 9.89131
      vertex 19.9641 -0.822769 10.0137
      vertex 19.9817 -0.419444 9.89131
    endloop
  endfacet
  facet normal 0 0.290377 0.956912
    outer loop
      vertex 19.9641 -0.822769 10.0137
      vertex 12.9817 -0.419444 9.89131
      vertex 12.9641 -0.822769 10.0137
    endloop
  endfacet
  facet normal 0 0.471325 -0.88196
    outer loop
      vertex -12.9505 -1.13302 13.8205
      vertex -15.5163 -0.822769 13.9863
      vertex -12.9641 -0.822769 13.9863
    endloop
  endfacet
  facet normal -7.86554e-05 0.470819 -0.88223
    outer loop
      vertex -12.9424 -1.19448 13.7877
      vertex -15.5163 -0.822769 13.9863
      vertex -12.9505 -1.13302 13.8205
    endloop
  endfacet
  facet normal -5.06296e-05 0.47097 -0.882149
    outer loop
      vertex -12.9424 -1.19448 13.7877
      vertex -15.5808 -0.919238 13.9348
      vertex -15.5163 -0.822769 13.9863
    endloop
  endfacet
  facet normal 0 0.471347 -0.881948
    outer loop
      vertex -15.5808 -0.919238 13.9348
      vertex -12.9424 -1.19448 13.7877
      vertex -15.9927 -1.19448 13.7877
    endloop
  endfacet
  facet normal 5.06296e-05 0.47097 -0.882149
    outer loop
      vertex 12.9424 -1.19448 13.7877
      vertex 15.5163 -0.822769 13.9863
      vertex 15.5808 -0.919238 13.9348
    endloop
  endfacet
  facet normal 0 0.471347 -0.881948
    outer loop
      vertex 12.9424 -1.19448 13.7877
      vertex 15.5808 -0.919238 13.9348
      vertex 15.9927 -1.19448 13.7877
    endloop
  endfacet
  facet normal 0 0.471325 -0.88196
    outer loop
      vertex 15.5163 -0.822769 13.9863
      vertex 12.9505 -1.13302 13.8205
      vertex 12.9641 -0.822769 13.9863
    endloop
  endfacet
  facet normal 7.86554e-05 0.470819 -0.88223
    outer loop
      vertex 15.5163 -0.822769 13.9863
      vertex 12.9424 -1.19448 13.7877
      vertex 12.9505 -1.13302 13.8205
    endloop
  endfacet
  facet normal 0 0.471347 -0.881948
    outer loop
      vertex -19.9478 -1.19448 13.7877
      vertex -17.4192 -0.919238 13.9348
      vertex -17.0073 -1.19448 13.7877
    endloop
  endfacet
  facet normal 5.26789e-05 0.470971 -0.882149
    outer loop
      vertex -19.9478 -1.19448 13.7877
      vertex -17.4837 -0.822769 13.9863
      vertex -17.4192 -0.919238 13.9348
    endloop
  endfacet
  facet normal 0 0.471242 -0.882004
    outer loop
      vertex -17.4837 -0.822769 13.9863
      vertex -19.9478 -1.19448 13.7877
      vertex -19.9641 -0.822769 13.9863
    endloop
  endfacet
  facet normal 0 0.471242 -0.882004
    outer loop
      vertex 19.9478 -1.19448 13.7877
      vertex 17.4837 -0.822769 13.9863
      vertex 19.9641 -0.822769 13.9863
    endloop
  endfacet
  facet normal -5.26789e-05 0.470971 -0.882149
    outer loop
      vertex 19.9478 -1.19448 13.7877
      vertex 17.4192 -0.919238 13.9348
      vertex 17.4837 -0.822769 13.9863
    endloop
  endfacet
  facet normal 0 0.471347 -0.881948
    outer loop
      vertex 17.4192 -0.919238 13.9348
      vertex 19.9478 -1.19448 13.7877
      vertex 17.0073 -1.19448 13.7877
    endloop
  endfacet
  facet normal 0 0.0980133 0.995185
    outer loop
      vertex -13 0 9.85
      vertex -19.9817 -0.419444 9.89131
      vertex -12.9817 -0.419444 9.89131
    endloop
  endfacet
  facet normal 0 0.0980133 0.995185
    outer loop
      vertex -19.9817 -0.419444 9.89131
      vertex -13 0 9.85
      vertex -20 0 9.85
    endloop
  endfacet
  facet normal -0 0.0980133 0.995185
    outer loop
      vertex 13 0 9.85
      vertex 19.9817 -0.419444 9.89131
      vertex 20 0 9.85
    endloop
  endfacet
  facet normal 0 0.0980133 0.995185
    outer loop
      vertex 19.9817 -0.419444 9.89131
      vertex 13 0 9.85
      vertex 12.9817 -0.419444 9.89131
    endloop
  endfacet
  facet normal 0 -0.881919 0.471401
    outer loop
      vertex -12.8643 1.78766 10.8055
      vertex -19.8919 1.98634 11.1772
      vertex -19.918 1.78766 10.8055
    endloop
  endfacet
  facet normal 0 -0.881919 0.471401
    outer loop
      vertex -19.8919 1.98634 11.1772
      vertex -12.8643 1.78766 10.8055
      vertex -12.8382 1.98634 11.1772
    endloop
  endfacet
  facet normal 0 -0.881919 0.471401
    outer loop
      vertex 12.8643 1.78766 10.8055
      vertex 19.8919 1.98634 11.1772
      vertex 12.8382 1.98634 11.1772
    endloop
  endfacet
  facet normal 0 -0.881919 0.471401
    outer loop
      vertex 19.8919 1.98634 11.1772
      vertex 12.8643 1.78766 10.8055
      vertex 19.918 1.78766 10.8055
    endloop
  endfacet
  facet normal 0 -0.995184 0.0980235
    outer loop
      vertex -12.8221 2.10869 11.5806
      vertex -19.8703 2.15 12
      vertex -19.8758 2.10869 11.5806
    endloop
  endfacet
  facet normal 0 -0.995184 0.0980235
    outer loop
      vertex -19.8703 2.15 12
      vertex -12.8221 2.10869 11.5806
      vertex -12.8166 2.15 12
    endloop
  endfacet
  facet normal 0 -0.995184 0.0980235
    outer loop
      vertex 12.8221 2.10869 11.5806
      vertex 19.8703 2.15 12
      vertex 12.8166 2.15 12
    endloop
  endfacet
  facet normal 0 -0.995184 0.0980235
    outer loop
      vertex 19.8703 2.15 12
      vertex 12.8221 2.10869 11.5806
      vertex 19.8758 2.10869 11.5806
    endloop
  endfacet
  facet normal 0 -0.290377 0.956912
    outer loop
      vertex -19.9641 0.822769 10.0137
      vertex -12.9817 0.419444 9.89131
      vertex -12.9641 0.822769 10.0137
    endloop
  endfacet
  facet normal 0 -0.290377 0.956912
    outer loop
      vertex -12.9817 0.419444 9.89131
      vertex -19.9641 0.822769 10.0137
      vertex -19.9817 0.419444 9.89131
    endloop
  endfacet
  facet normal 0 -0.290377 0.956912
    outer loop
      vertex 19.9641 0.822769 10.0137
      vertex 12.9817 0.419444 9.89131
      vertex 19.9817 0.419444 9.89131
    endloop
  endfacet
  facet normal 0 -0.290377 0.956912
    outer loop
      vertex 12.9817 0.419444 9.89131
      vertex 19.9641 0.822769 10.0137
      vertex 12.9641 0.822769 10.0137
    endloop
  endfacet
  facet normal 0 0.0979898 -0.995187
    outer loop
      vertex -19.9817 -0.419444 14.1087
      vertex -17.8 0 14.15
      vertex -17.7166 -0.419444 14.1087
    endloop
  endfacet
  facet normal 0 0.0979898 -0.995187
    outer loop
      vertex -17.8 0 14.15
      vertex -19.9817 -0.419444 14.1087
      vertex -20 0 14.15
    endloop
  endfacet
  facet normal 0 0.0979898 -0.995187
    outer loop
      vertex -12.9817 -0.419444 14.1087
      vertex -15.2 0 14.15
      vertex -13 0 14.15
    endloop
  endfacet
  facet normal 0 0.0979898 -0.995187
    outer loop
      vertex -15.2 0 14.15
      vertex -12.9817 -0.419444 14.1087
      vertex -15.2834 -0.419444 14.1087
    endloop
  endfacet
  facet normal 0 0.0979898 -0.995187
    outer loop
      vertex 12.9817 -0.419444 14.1087
      vertex 15.2 0 14.15
      vertex 15.2834 -0.419444 14.1087
    endloop
  endfacet
  facet normal 0 0.0979898 -0.995187
    outer loop
      vertex 15.2 0 14.15
      vertex 12.9817 -0.419444 14.1087
      vertex 13 0 14.15
    endloop
  endfacet
  facet normal 0 0.0979898 -0.995187
    outer loop
      vertex 19.9817 -0.419444 14.1087
      vertex 17.8 0 14.15
      vertex 20 0 14.15
    endloop
  endfacet
  facet normal 0 0.0979898 -0.995187
    outer loop
      vertex 17.8 0 14.15
      vertex 19.9817 -0.419444 14.1087
      vertex 17.7166 -0.419444 14.1087
    endloop
  endfacet
  facet normal 0 -0.634426 0.772984
    outer loop
      vertex -19.9336 1.52028 10.4797
      vertex -12.9424 1.19448 10.2123
      vertex -12.8995 1.52028 10.4797
    endloop
  endfacet
  facet normal 0 -0.634426 0.772984
    outer loop
      vertex -12.9424 1.19448 10.2123
      vertex -19.9336 1.52028 10.4797
      vertex -19.9478 1.19448 10.2123
    endloop
  endfacet
  facet normal 0 -0.634426 0.772984
    outer loop
      vertex 19.9336 1.52028 10.4797
      vertex 12.9424 1.19448 10.2123
      vertex 19.9478 1.19448 10.2123
    endloop
  endfacet
  facet normal 0 -0.634426 0.772984
    outer loop
      vertex 12.9424 1.19448 10.2123
      vertex 19.9336 1.52028 10.4797
      vertex 12.8995 1.52028 10.4797
    endloop
  endfacet
  facet normal 0 0.634426 0.772984
    outer loop
      vertex -12.9424 -1.19448 10.2123
      vertex -19.9336 -1.52028 10.4797
      vertex -12.8995 -1.52028 10.4797
    endloop
  endfacet
  facet normal 0 0.634426 0.772984
    outer loop
      vertex -19.9336 -1.52028 10.4797
      vertex -12.9424 -1.19448 10.2123
      vertex -19.9478 -1.19448 10.2123
    endloop
  endfacet
  facet normal -0 0.634426 0.772984
    outer loop
      vertex 12.9424 -1.19448 10.2123
      vertex 19.9336 -1.52028 10.4797
      vertex 19.9478 -1.19448 10.2123
    endloop
  endfacet
  facet normal 0 0.634426 0.772984
    outer loop
      vertex 19.9336 -1.52028 10.4797
      vertex 12.9424 -1.19448 10.2123
      vertex 12.8995 -1.52028 10.4797
    endloop
  endfacet
  facet normal 0 0.290358 -0.956918
    outer loop
      vertex -19.9641 -0.822769 13.9863
      vertex -17.701 -0.497488 14.085
      vertex -17.4837 -0.822769 13.9863
    endloop
  endfacet
  facet normal -3.27397e-05 0.290566 -0.956855
    outer loop
      vertex -19.9641 -0.822769 13.9863
      vertex -17.7166 -0.419444 14.1087
      vertex -17.701 -0.497488 14.085
    endloop
  endfacet
  facet normal 0 0.290399 -0.956906
    outer loop
      vertex -17.7166 -0.419444 14.1087
      vertex -19.9641 -0.822769 13.9863
      vertex -19.9817 -0.419444 14.1087
    endloop
  endfacet
  facet normal 0 0.290399 -0.956906
    outer loop
      vertex -12.9641 -0.822769 13.9863
      vertex -15.2834 -0.419444 14.1087
      vertex -12.9817 -0.419444 14.1087
    endloop
  endfacet
  facet normal 3.17602e-05 0.290566 -0.956855
    outer loop
      vertex -12.9641 -0.822769 13.9863
      vertex -15.299 -0.497488 14.085
      vertex -15.2834 -0.419444 14.1087
    endloop
  endfacet
  facet normal 0 0.290358 -0.956918
    outer loop
      vertex -15.299 -0.497488 14.085
      vertex -12.9641 -0.822769 13.9863
      vertex -15.5163 -0.822769 13.9863
    endloop
  endfacet
  facet normal -3.17602e-05 0.290566 -0.956855
    outer loop
      vertex 12.9641 -0.822769 13.9863
      vertex 15.2834 -0.419444 14.1087
      vertex 15.299 -0.497488 14.085
    endloop
  endfacet
  facet normal 0 0.290358 -0.956918
    outer loop
      vertex 12.9641 -0.822769 13.9863
      vertex 15.299 -0.497488 14.085
      vertex 15.5163 -0.822769 13.9863
    endloop
  endfacet
  facet normal 0 0.290399 -0.956906
    outer loop
      vertex 15.2834 -0.419444 14.1087
      vertex 12.9641 -0.822769 13.9863
      vertex 12.9817 -0.419444 14.1087
    endloop
  endfacet
  facet normal 0 0.290399 -0.956906
    outer loop
      vertex 19.9641 -0.822769 13.9863
      vertex 17.7166 -0.419444 14.1087
      vertex 19.9817 -0.419444 14.1087
    endloop
  endfacet
  facet normal 3.27397e-05 0.290566 -0.956855
    outer loop
      vertex 19.9641 -0.822769 13.9863
      vertex 17.701 -0.497488 14.085
      vertex 17.7166 -0.419444 14.1087
    endloop
  endfacet
  facet normal 0 0.290358 -0.956918
    outer loop
      vertex 17.701 -0.497488 14.085
      vertex 19.9641 -0.822769 13.9863
      vertex 17.4837 -0.822769 13.9863
    endloop
  endfacet
  facet normal 0 0.773007 0.634397
    outer loop
      vertex -12.8995 -1.52028 10.4797
      vertex -19.918 -1.78766 10.8055
      vertex -12.8643 -1.78766 10.8055
    endloop
  endfacet
  facet normal -0 0.773007 0.634397
    outer loop
      vertex -19.9336 -1.52028 10.4797
      vertex -19.918 -1.78766 10.8055
      vertex -12.8995 -1.52028 10.4797
    endloop
  endfacet
  facet normal -0.00312295 0.77293 0.634484
    outer loop
      vertex -19.918 -1.78766 10.8055
      vertex -19.9336 -1.52028 10.4797
      vertex -19.9239 -1.74311 10.7512
    endloop
  endfacet
  facet normal 0.00312295 0.77293 0.634484
    outer loop
      vertex 19.9336 -1.52028 10.4797
      vertex 19.918 -1.78766 10.8055
      vertex 19.9239 -1.74311 10.7512
    endloop
  endfacet
  facet normal 0 0.773007 0.634397
    outer loop
      vertex 19.918 -1.78766 10.8055
      vertex 19.9336 -1.52028 10.4797
      vertex 12.8995 -1.52028 10.4797
    endloop
  endfacet
  facet normal 0 0.773007 0.634397
    outer loop
      vertex 19.918 -1.78766 10.8055
      vertex 12.8995 -1.52028 10.4797
      vertex 12.8643 -1.78766 10.8055
    endloop
  endfacet
  facet normal 0 -0.634426 -0.772984
    outer loop
      vertex -15.9927 1.19448 13.7877
      vertex -12.8995 1.52028 13.5203
      vertex -12.9424 1.19448 13.7877
    endloop
  endfacet
  facet normal 0.000170193 -0.635391 -0.772191
    outer loop
      vertex -16.0025 1.20104 13.7823
      vertex -12.8995 1.52028 13.5203
      vertex -15.9927 1.19448 13.7877
    endloop
  endfacet
  facet normal -8.68129e-06 -0.634352 -0.773044
    outer loop
      vertex -16.5 1.3 13.7011
      vertex -12.8995 1.52028 13.5203
      vertex -16.0025 1.20104 13.7823
    endloop
  endfacet
  facet normal 0 -0.634437 -0.772975
    outer loop
      vertex -16.5 1.3 13.7011
      vertex -19.9336 1.52028 13.5203
      vertex -12.8995 1.52028 13.5203
    endloop
  endfacet
  facet normal 9.00035e-06 -0.634353 -0.773043
    outer loop
      vertex -16.9975 1.20104 13.7823
      vertex -19.9336 1.52028 13.5203
      vertex -16.5 1.3 13.7011
    endloop
  endfacet
  facet normal -0.000178517 -0.635383 -0.772197
    outer loop
      vertex -17.0073 1.19448 13.7877
      vertex -19.9336 1.52028 13.5203
      vertex -16.9975 1.20104 13.7823
    endloop
  endfacet
  facet normal 0 -0.634426 -0.772984
    outer loop
      vertex -19.9336 1.52028 13.5203
      vertex -17.0073 1.19448 13.7877
      vertex -19.9478 1.19448 13.7877
    endloop
  endfacet
  facet normal 0 -0.634426 -0.772984
    outer loop
      vertex 17.0073 1.19448 13.7877
      vertex 19.9336 1.52028 13.5203
      vertex 19.9478 1.19448 13.7877
    endloop
  endfacet
  facet normal 0.000178517 -0.635383 -0.772197
    outer loop
      vertex 16.9975 1.20104 13.7823
      vertex 19.9336 1.52028 13.5203
      vertex 17.0073 1.19448 13.7877
    endloop
  endfacet
  facet normal -9.00035e-06 -0.634353 -0.773043
    outer loop
      vertex 16.5 1.3 13.7011
      vertex 19.9336 1.52028 13.5203
      vertex 16.9975 1.20104 13.7823
    endloop
  endfacet
  facet normal 0 -0.634426 -0.772984
    outer loop
      vertex 12.8995 1.52028 13.5203
      vertex 15.9927 1.19448 13.7877
      vertex 12.9424 1.19448 13.7877
    endloop
  endfacet
  facet normal -0.000170193 -0.635391 -0.772191
    outer loop
      vertex 15.9927 1.19448 13.7877
      vertex 12.8995 1.52028 13.5203
      vertex 16.0025 1.20104 13.7823
    endloop
  endfacet
  facet normal 8.68129e-06 -0.634352 -0.773044
    outer loop
      vertex 16.0025 1.20104 13.7823
      vertex 12.8995 1.52028 13.5203
      vertex 16.5 1.3 13.7011
    endloop
  endfacet
  facet normal 0 -0.634437 -0.772975
    outer loop
      vertex 16.5 1.3 13.7011
      vertex 12.8995 1.52028 13.5203
      vertex 19.9336 1.52028 13.5203
    endloop
  endfacet
  facet normal -0.00312295 -0.77293 0.634484
    outer loop
      vertex -19.9336 1.52028 10.4797
      vertex -19.918 1.78766 10.8055
      vertex -19.9239 1.74311 10.7512
    endloop
  endfacet
  facet normal 0 -0.773007 0.634397
    outer loop
      vertex -19.918 1.78766 10.8055
      vertex -19.9336 1.52028 10.4797
      vertex -12.8995 1.52028 10.4797
    endloop
  endfacet
  facet normal 0 -0.773007 0.634397
    outer loop
      vertex -19.918 1.78766 10.8055
      vertex -12.8995 1.52028 10.4797
      vertex -12.8643 1.78766 10.8055
    endloop
  endfacet
  facet normal 0 -0.773007 0.634397
    outer loop
      vertex 12.8995 1.52028 10.4797
      vertex 19.918 1.78766 10.8055
      vertex 12.8643 1.78766 10.8055
    endloop
  endfacet
  facet normal 0 -0.773007 0.634397
    outer loop
      vertex 19.9336 1.52028 10.4797
      vertex 19.918 1.78766 10.8055
      vertex 12.8995 1.52028 10.4797
    endloop
  endfacet
  facet normal 0.00312295 -0.77293 0.634484
    outer loop
      vertex 19.918 1.78766 10.8055
      vertex 19.9336 1.52028 10.4797
      vertex 19.9239 1.74311 10.7512
    endloop
  endfacet
  facet normal -0.00312295 -0.77293 -0.634484
    outer loop
      vertex -19.918 1.78766 13.1945
      vertex -19.9336 1.52028 13.5203
      vertex -19.9239 1.74311 13.2488
    endloop
  endfacet
  facet normal 0 -0.773007 -0.634397
    outer loop
      vertex -19.9336 1.52028 13.5203
      vertex -19.918 1.78766 13.1945
      vertex -12.8995 1.52028 13.5203
    endloop
  endfacet
  facet normal 0 -0.773007 -0.634397
    outer loop
      vertex -12.8995 1.52028 13.5203
      vertex -19.918 1.78766 13.1945
      vertex -12.8643 1.78766 13.1945
    endloop
  endfacet
  facet normal 0 -0.773007 -0.634397
    outer loop
      vertex 19.918 1.78766 13.1945
      vertex 19.9336 1.52028 13.5203
      vertex 12.8995 1.52028 13.5203
    endloop
  endfacet
  facet normal -0 -0.773007 -0.634397
    outer loop
      vertex 19.918 1.78766 13.1945
      vertex 12.8995 1.52028 13.5203
      vertex 12.8643 1.78766 13.1945
    endloop
  endfacet
  facet normal 0.00312295 -0.77293 -0.634484
    outer loop
      vertex 19.9336 1.52028 13.5203
      vertex 19.918 1.78766 13.1945
      vertex 19.9239 1.74311 13.2488
    endloop
  endfacet
  facet normal 0 -0.995184 -0.0980235
    outer loop
      vertex -19.8703 2.15 12
      vertex -12.8221 2.10869 12.4194
      vertex -19.8758 2.10869 12.4194
    endloop
  endfacet
  facet normal 0 -0.995184 -0.0980235
    outer loop
      vertex -12.8221 2.10869 12.4194
      vertex -19.8703 2.15 12
      vertex -12.8166 2.15 12
    endloop
  endfacet
  facet normal -0 -0.995184 -0.0980235
    outer loop
      vertex 19.8703 2.15 12
      vertex 12.8221 2.10869 12.4194
      vertex 12.8166 2.15 12
    endloop
  endfacet
  facet normal 0 -0.995184 -0.0980235
    outer loop
      vertex 12.8221 2.10869 12.4194
      vertex 19.8703 2.15 12
      vertex 19.8758 2.10869 12.4194
    endloop
  endfacet
  facet normal 0 -0.956954 -0.290241
    outer loop
      vertex -19.8758 2.10869 12.4194
      vertex -12.8382 1.98634 12.8228
      vertex -19.8919 1.98634 12.8228
    endloop
  endfacet
  facet normal 0 -0.956954 -0.290241
    outer loop
      vertex -12.8382 1.98634 12.8228
      vertex -19.8758 2.10869 12.4194
      vertex -12.8221 2.10869 12.4194
    endloop
  endfacet
  facet normal -0 -0.956954 -0.290241
    outer loop
      vertex 19.8758 2.10869 12.4194
      vertex 12.8382 1.98634 12.8228
      vertex 12.8221 2.10869 12.4194
    endloop
  endfacet
  facet normal 0 -0.956954 -0.290241
    outer loop
      vertex 12.8382 1.98634 12.8228
      vertex 19.8758 2.10869 12.4194
      vertex 19.8919 1.98634 12.8228
    endloop
  endfacet
  facet normal 0 0.470827 0.882226
    outer loop
      vertex -12.9505 -1.13302 10.1795
      vertex -19.9478 -1.19448 10.2123
      vertex -12.9424 -1.19448 10.2123
    endloop
  endfacet
  facet normal -5.61854e-06 0.471324 0.88196
    outer loop
      vertex -12.9641 -0.822769 10.0137
      vertex -19.9478 -1.19448 10.2123
      vertex -12.9505 -1.13302 10.1795
    endloop
  endfacet
  facet normal 0 0.471242 0.882004
    outer loop
      vertex -19.9478 -1.19448 10.2123
      vertex -12.9641 -0.822769 10.0137
      vertex -19.9641 -0.822769 10.0137
    endloop
  endfacet
  facet normal -0 0.471242 0.882004
    outer loop
      vertex 12.9641 -0.822769 10.0137
      vertex 19.9478 -1.19448 10.2123
      vertex 19.9641 -0.822769 10.0137
    endloop
  endfacet
  facet normal 5.61854e-06 0.471324 0.88196
    outer loop
      vertex 12.9505 -1.13302 10.1795
      vertex 19.9478 -1.19448 10.2123
      vertex 12.9641 -0.822769 10.0137
    endloop
  endfacet
  facet normal 0 0.470827 0.882226
    outer loop
      vertex 19.9478 -1.19448 10.2123
      vertex 12.9505 -1.13302 10.1795
      vertex 12.9424 -1.19448 10.2123
    endloop
  endfacet
  facet normal 0 0.881919 -0.471401
    outer loop
      vertex -19.8919 -1.98634 12.8228
      vertex -12.8643 -1.78766 13.1945
      vertex -12.8382 -1.98634 12.8228
    endloop
  endfacet
  facet normal 0 0.881919 -0.471401
    outer loop
      vertex -12.8643 -1.78766 13.1945
      vertex -19.8919 -1.98634 12.8228
      vertex -19.918 -1.78766 13.1945
    endloop
  endfacet
  facet normal 0 0.881919 -0.471401
    outer loop
      vertex 19.8919 -1.98634 12.8228
      vertex 12.8643 -1.78766 13.1945
      vertex 19.918 -1.78766 13.1945
    endloop
  endfacet
  facet normal 0 0.881919 -0.471401
    outer loop
      vertex 12.8643 -1.78766 13.1945
      vertex 19.8919 -1.98634 12.8228
      vertex 12.8382 -1.98634 12.8228
    endloop
  endfacet
  facet normal 0 0.634426 -0.772984
    outer loop
      vertex -12.8995 -1.52028 13.5203
      vertex -15.9927 -1.19448 13.7877
      vertex -12.9424 -1.19448 13.7877
    endloop
  endfacet
  facet normal 0.000170193 0.635391 -0.772191
    outer loop
      vertex -12.8995 -1.52028 13.5203
      vertex -16.0025 -1.20104 13.7823
      vertex -15.9927 -1.19448 13.7877
    endloop
  endfacet
  facet normal -8.68129e-06 0.634352 -0.773044
    outer loop
      vertex -12.8995 -1.52028 13.5203
      vertex -16.5 -1.3 13.7011
      vertex -16.0025 -1.20104 13.7823
    endloop
  endfacet
  facet normal 0 0.634437 -0.772975
    outer loop
      vertex -19.9336 -1.52028 13.5203
      vertex -16.5 -1.3 13.7011
      vertex -12.8995 -1.52028 13.5203
    endloop
  endfacet
  facet normal 9.00035e-06 0.634353 -0.773043
    outer loop
      vertex -19.9336 -1.52028 13.5203
      vertex -16.9975 -1.20104 13.7823
      vertex -16.5 -1.3 13.7011
    endloop
  endfacet
  facet normal -0.000178517 0.635383 -0.772197
    outer loop
      vertex -19.9336 -1.52028 13.5203
      vertex -17.0073 -1.19448 13.7877
      vertex -16.9975 -1.20104 13.7823
    endloop
  endfacet
  facet normal 0 0.634426 -0.772984
    outer loop
      vertex -17.0073 -1.19448 13.7877
      vertex -19.9336 -1.52028 13.5203
      vertex -19.9478 -1.19448 13.7877
    endloop
  endfacet
  facet normal 0 0.634426 -0.772984
    outer loop
      vertex 19.9336 -1.52028 13.5203
      vertex 17.0073 -1.19448 13.7877
      vertex 19.9478 -1.19448 13.7877
    endloop
  endfacet
  facet normal 0.000178517 0.635383 -0.772197
    outer loop
      vertex 19.9336 -1.52028 13.5203
      vertex 16.9975 -1.20104 13.7823
      vertex 17.0073 -1.19448 13.7877
    endloop
  endfacet
  facet normal -9.00035e-06 0.634353 -0.773043
    outer loop
      vertex 19.9336 -1.52028 13.5203
      vertex 16.5 -1.3 13.7011
      vertex 16.9975 -1.20104 13.7823
    endloop
  endfacet
  facet normal -0.000170193 0.635391 -0.772191
    outer loop
      vertex 12.8995 -1.52028 13.5203
      vertex 15.9927 -1.19448 13.7877
      vertex 16.0025 -1.20104 13.7823
    endloop
  endfacet
  facet normal 8.68129e-06 0.634352 -0.773044
    outer loop
      vertex 12.8995 -1.52028 13.5203
      vertex 16.0025 -1.20104 13.7823
      vertex 16.5 -1.3 13.7011
    endloop
  endfacet
  facet normal 0 0.634437 -0.772975
    outer loop
      vertex 12.8995 -1.52028 13.5203
      vertex 16.5 -1.3 13.7011
      vertex 19.9336 -1.52028 13.5203
    endloop
  endfacet
  facet normal 0 0.634426 -0.772984
    outer loop
      vertex 15.9927 -1.19448 13.7877
      vertex 12.8995 -1.52028 13.5203
      vertex 12.9424 -1.19448 13.7877
    endloop
  endfacet
  facet normal 0 0.995184 -0.0980235
    outer loop
      vertex -19.8703 -2.15 12
      vertex -12.8221 -2.10869 12.4194
      vertex -12.8166 -2.15 12
    endloop
  endfacet
  facet normal 0 0.995184 -0.0980235
    outer loop
      vertex -12.8221 -2.10869 12.4194
      vertex -19.8703 -2.15 12
      vertex -19.8758 -2.10869 12.4194
    endloop
  endfacet
  facet normal 0 0.995184 -0.0980235
    outer loop
      vertex 19.8703 -2.15 12
      vertex 12.8221 -2.10869 12.4194
      vertex 19.8758 -2.10869 12.4194
    endloop
  endfacet
  facet normal 0 0.995184 -0.0980235
    outer loop
      vertex 12.8221 -2.10869 12.4194
      vertex 19.8703 -2.15 12
      vertex 12.8166 -2.15 12
    endloop
  endfacet
  facet normal 0 0.956954 -0.290241
    outer loop
      vertex -19.8758 -2.10869 12.4194
      vertex -12.8382 -1.98634 12.8228
      vertex -12.8221 -2.10869 12.4194
    endloop
  endfacet
  facet normal 0 0.956954 -0.290241
    outer loop
      vertex -12.8382 -1.98634 12.8228
      vertex -19.8758 -2.10869 12.4194
      vertex -19.8919 -1.98634 12.8228
    endloop
  endfacet
  facet normal 0 0.956954 -0.290241
    outer loop
      vertex 19.8758 -2.10869 12.4194
      vertex 12.8382 -1.98634 12.8228
      vertex 19.8919 -1.98634 12.8228
    endloop
  endfacet
  facet normal 0 0.956954 -0.290241
    outer loop
      vertex 12.8382 -1.98634 12.8228
      vertex 19.8758 -2.10869 12.4194
      vertex 12.8221 -2.10869 12.4194
    endloop
  endfacet
  facet normal 0 0.773007 -0.634397
    outer loop
      vertex -19.918 -1.78766 13.1945
      vertex -19.9336 -1.52028 13.5203
      vertex -12.8995 -1.52028 13.5203
    endloop
  endfacet
  facet normal 0 0.773007 -0.634397
    outer loop
      vertex -19.918 -1.78766 13.1945
      vertex -12.8995 -1.52028 13.5203
      vertex -12.8643 -1.78766 13.1945
    endloop
  endfacet
  facet normal -0.00312295 0.77293 -0.634484
    outer loop
      vertex -19.9336 -1.52028 13.5203
      vertex -19.918 -1.78766 13.1945
      vertex -19.9239 -1.74311 13.2488
    endloop
  endfacet
  facet normal 0.00312295 0.77293 -0.634484
    outer loop
      vertex 19.918 -1.78766 13.1945
      vertex 19.9336 -1.52028 13.5203
      vertex 19.9239 -1.74311 13.2488
    endloop
  endfacet
  facet normal 0 0.773007 -0.634397
    outer loop
      vertex 19.9336 -1.52028 13.5203
      vertex 19.918 -1.78766 13.1945
      vertex 12.8995 -1.52028 13.5203
    endloop
  endfacet
  facet normal 0 0.773007 -0.634397
    outer loop
      vertex 12.8995 -1.52028 13.5203
      vertex 19.918 -1.78766 13.1945
      vertex 12.8643 -1.78766 13.1945
    endloop
  endfacet
  facet normal 0 0.995184 0.0980235
    outer loop
      vertex -12.8221 -2.10869 11.5806
      vertex -19.8703 -2.15 12
      vertex -12.8166 -2.15 12
    endloop
  endfacet
  facet normal 0 0.995184 0.0980235
    outer loop
      vertex -19.8703 -2.15 12
      vertex -12.8221 -2.10869 11.5806
      vertex -19.8758 -2.10869 11.5806
    endloop
  endfacet
  facet normal -0 0.995184 0.0980235
    outer loop
      vertex 12.8221 -2.10869 11.5806
      vertex 19.8703 -2.15 12
      vertex 19.8758 -2.10869 11.5806
    endloop
  endfacet
  facet normal 0 0.995184 0.0980235
    outer loop
      vertex 19.8703 -2.15 12
      vertex 12.8221 -2.10869 11.5806
      vertex 12.8166 -2.15 12
    endloop
  endfacet
  facet normal 0 0.956954 0.290241
    outer loop
      vertex -12.8382 -1.98634 11.1772
      vertex -19.8758 -2.10869 11.5806
      vertex -12.8221 -2.10869 11.5806
    endloop
  endfacet
  facet normal 0 0.956954 0.290241
    outer loop
      vertex -19.8758 -2.10869 11.5806
      vertex -12.8382 -1.98634 11.1772
      vertex -19.8919 -1.98634 11.1772
    endloop
  endfacet
  facet normal -0 0.956954 0.290241
    outer loop
      vertex 12.8382 -1.98634 11.1772
      vertex 19.8758 -2.10869 11.5806
      vertex 19.8919 -1.98634 11.1772
    endloop
  endfacet
  facet normal 0 0.956954 0.290241
    outer loop
      vertex 19.8758 -2.10869 11.5806
      vertex 12.8382 -1.98634 11.1772
      vertex 12.8221 -2.10869 11.5806
    endloop
  endfacet
  facet normal 0 -0.290358 -0.956918
    outer loop
      vertex -17.701 0.497488 14.085
      vertex -19.9641 0.822769 13.9863
      vertex -17.4837 0.822769 13.9863
    endloop
  endfacet
  facet normal -3.27397e-05 -0.290566 -0.956855
    outer loop
      vertex -17.7166 0.419444 14.1087
      vertex -19.9641 0.822769 13.9863
      vertex -17.701 0.497488 14.085
    endloop
  endfacet
  facet normal 0 -0.290399 -0.956906
    outer loop
      vertex -19.9641 0.822769 13.9863
      vertex -17.7166 0.419444 14.1087
      vertex -19.9817 0.419444 14.1087
    endloop
  endfacet
  facet normal 0 -0.290399 -0.956906
    outer loop
      vertex -15.2834 0.419444 14.1087
      vertex -12.9641 0.822769 13.9863
      vertex -12.9817 0.419444 14.1087
    endloop
  endfacet
  facet normal 3.17602e-05 -0.290566 -0.956855
    outer loop
      vertex -15.299 0.497488 14.085
      vertex -12.9641 0.822769 13.9863
      vertex -15.2834 0.419444 14.1087
    endloop
  endfacet
  facet normal -0 -0.290358 -0.956918
    outer loop
      vertex -12.9641 0.822769 13.9863
      vertex -15.299 0.497488 14.085
      vertex -15.5163 0.822769 13.9863
    endloop
  endfacet
  facet normal 0 -0.290399 -0.956906
    outer loop
      vertex 12.9641 0.822769 13.9863
      vertex 15.2834 0.419444 14.1087
      vertex 12.9817 0.419444 14.1087
    endloop
  endfacet
  facet normal -3.17602e-05 -0.290566 -0.956855
    outer loop
      vertex 15.2834 0.419444 14.1087
      vertex 12.9641 0.822769 13.9863
      vertex 15.299 0.497488 14.085
    endloop
  endfacet
  facet normal 0 -0.290358 -0.956918
    outer loop
      vertex 15.299 0.497488 14.085
      vertex 12.9641 0.822769 13.9863
      vertex 15.5163 0.822769 13.9863
    endloop
  endfacet
  facet normal 0 -0.290399 -0.956906
    outer loop
      vertex 17.7166 0.419444 14.1087
      vertex 19.9641 0.822769 13.9863
      vertex 19.9817 0.419444 14.1087
    endloop
  endfacet
  facet normal 3.27397e-05 -0.290566 -0.956855
    outer loop
      vertex 17.701 0.497488 14.085
      vertex 19.9641 0.822769 13.9863
      vertex 17.7166 0.419444 14.1087
    endloop
  endfacet
  facet normal -0 -0.290358 -0.956918
    outer loop
      vertex 19.9641 0.822769 13.9863
      vertex 17.701 0.497488 14.085
      vertex 17.4837 0.822769 13.9863
    endloop
  endfacet
  facet normal 0 -0.0979898 -0.995187
    outer loop
      vertex -17.8 0 14.15
      vertex -19.9817 0.419444 14.1087
      vertex -17.7166 0.419444 14.1087
    endloop
  endfacet
  facet normal 0 -0.0979898 -0.995187
    outer loop
      vertex -19.9817 0.419444 14.1087
      vertex -17.8 0 14.15
      vertex -20 0 14.15
    endloop
  endfacet
  facet normal 0 -0.0979898 -0.995187
    outer loop
      vertex -15.2 0 14.15
      vertex -12.9817 0.419444 14.1087
      vertex -13 0 14.15
    endloop
  endfacet
  facet normal -0 -0.0979898 -0.995187
    outer loop
      vertex -12.9817 0.419444 14.1087
      vertex -15.2 0 14.15
      vertex -15.2834 0.419444 14.1087
    endloop
  endfacet
  facet normal 0 -0.0979898 -0.995187
    outer loop
      vertex 12.9817 0.419444 14.1087
      vertex 15.2 0 14.15
      vertex 13 0 14.15
    endloop
  endfacet
  facet normal 0 -0.0979898 -0.995187
    outer loop
      vertex 15.2 0 14.15
      vertex 12.9817 0.419444 14.1087
      vertex 15.2834 0.419444 14.1087
    endloop
  endfacet
  facet normal 0 -0.0979898 -0.995187
    outer loop
      vertex 17.8 0 14.15
      vertex 19.9817 0.419444 14.1087
      vertex 20 0 14.15
    endloop
  endfacet
  facet normal -0 -0.0979898 -0.995187
    outer loop
      vertex 19.9817 0.419444 14.1087
      vertex 17.8 0 14.15
      vertex 17.7166 0.419444 14.1087
    endloop
  endfacet
  facet normal -0.956954 0 -0.290241
    outer loop
      vertex 2.10869 -19.8758 22.4194
      vertex 1.98634 -12.8382 22.8228
      vertex 2.10869 -12.8221 22.4194
    endloop
  endfacet
  facet normal -0.956954 -0 -0.290241
    outer loop
      vertex 1.98634 -12.8382 22.8228
      vertex 2.10869 -19.8758 22.4194
      vertex 1.98634 -19.8919 22.8228
    endloop
  endfacet
  facet normal -0.956954 0 -0.290241
    outer loop
      vertex 2.10869 19.8758 22.4194
      vertex 1.98634 12.8382 22.8228
      vertex 1.98634 19.8919 22.8228
    endloop
  endfacet
  facet normal -0.956954 0 -0.290241
    outer loop
      vertex 1.98634 12.8382 22.8228
      vertex 2.10869 19.8758 22.4194
      vertex 2.10869 12.8221 22.4194
    endloop
  endfacet
  facet normal -0.995184 0 -0.0980235
    outer loop
      vertex 2.15 -19.8703 22
      vertex 2.10869 -12.8221 22.4194
      vertex 2.15 -12.8166 22
    endloop
  endfacet
  facet normal -0.995184 -0 -0.0980235
    outer loop
      vertex 2.10869 -12.8221 22.4194
      vertex 2.15 -19.8703 22
      vertex 2.10869 -19.8758 22.4194
    endloop
  endfacet
  facet normal -0.995184 0 -0.0980235
    outer loop
      vertex 2.15 19.8703 22
      vertex 2.10869 12.8221 22.4194
      vertex 2.10869 19.8758 22.4194
    endloop
  endfacet
  facet normal -0.995184 0 -0.0980235
    outer loop
      vertex 2.10869 12.8221 22.4194
      vertex 2.15 19.8703 22
      vertex 2.15 12.8166 22
    endloop
  endfacet
  facet normal -0.881919 0 0.471401
    outer loop
      vertex 1.78766 -12.8643 20.8055
      vertex 1.98634 -19.8919 21.1772
      vertex 1.98634 -12.8382 21.1772
    endloop
  endfacet
  facet normal -0.881919 0 0.471401
    outer loop
      vertex 1.98634 -19.8919 21.1772
      vertex 1.78766 -12.8643 20.8055
      vertex 1.78766 -19.918 20.8055
    endloop
  endfacet
  facet normal -0.881919 0 0.471401
    outer loop
      vertex 1.78766 12.8643 20.8055
      vertex 1.98634 19.8919 21.1772
      vertex 1.78766 19.918 20.8055
    endloop
  endfacet
  facet normal -0.881919 0 0.471401
    outer loop
      vertex 1.98634 19.8919 21.1772
      vertex 1.78766 12.8643 20.8055
      vertex 1.98634 12.8382 21.1772
    endloop
  endfacet
  facet normal 0.881919 -0 0.471401
    outer loop
      vertex -1.98634 -19.8919 21.1772
      vertex -1.78766 -12.8643 20.8055
      vertex -1.98634 -12.8382 21.1772
    endloop
  endfacet
  facet normal 0.881919 0 0.471401
    outer loop
      vertex -1.78766 -12.8643 20.8055
      vertex -1.98634 -19.8919 21.1772
      vertex -1.78766 -19.918 20.8055
    endloop
  endfacet
  facet normal 0.881919 0 0.471401
    outer loop
      vertex -1.98634 19.8919 21.1772
      vertex -1.78766 12.8643 20.8055
      vertex -1.78766 19.918 20.8055
    endloop
  endfacet
  facet normal 0.881919 0 0.471401
    outer loop
      vertex -1.78766 12.8643 20.8055
      vertex -1.98634 19.8919 21.1772
      vertex -1.98634 12.8382 21.1772
    endloop
  endfacet
  facet normal -0.77293 0.00312295 -0.634484
    outer loop
      vertex 1.78766 19.918 23.1945
      vertex 1.52028 19.9336 23.5203
      vertex 1.74311 19.9239 23.2488
    endloop
  endfacet
  facet normal -0.773007 0 -0.634397
    outer loop
      vertex 1.78766 19.918 23.1945
      vertex 1.52028 12.8995 23.5203
      vertex 1.52028 19.9336 23.5203
    endloop
  endfacet
  facet normal -0.773007 0 -0.634397
    outer loop
      vertex 1.52028 12.8995 23.5203
      vertex 1.78766 19.918 23.1945
      vertex 1.78766 12.8643 23.1945
    endloop
  endfacet
  facet normal -0.773007 0 -0.634397
    outer loop
      vertex 1.78766 -19.918 23.1945
      vertex 1.52028 -12.8995 23.5203
      vertex 1.78766 -12.8643 23.1945
    endloop
  endfacet
  facet normal -0.77293 -0.00312295 -0.634484
    outer loop
      vertex 1.52028 -19.9336 23.5203
      vertex 1.78766 -19.918 23.1945
      vertex 1.74311 -19.9239 23.2488
    endloop
  endfacet
  facet normal -0.773007 0 -0.634397
    outer loop
      vertex 1.78766 -19.918 23.1945
      vertex 1.52028 -19.9336 23.5203
      vertex 1.52028 -12.8995 23.5203
    endloop
  endfacet
  facet normal -0.881919 0 -0.471401
    outer loop
      vertex 1.98634 -19.8919 22.8228
      vertex 1.78766 -12.8643 23.1945
      vertex 1.98634 -12.8382 22.8228
    endloop
  endfacet
  facet normal -0.881919 -0 -0.471401
    outer loop
      vertex 1.78766 -12.8643 23.1945
      vertex 1.98634 -19.8919 22.8228
      vertex 1.78766 -19.918 23.1945
    endloop
  endfacet
  facet normal -0.881919 0 -0.471401
    outer loop
      vertex 1.98634 19.8919 22.8228
      vertex 1.78766 12.8643 23.1945
      vertex 1.78766 19.918 23.1945
    endloop
  endfacet
  facet normal -0.881919 0 -0.471401
    outer loop
      vertex 1.78766 12.8643 23.1945
      vertex 1.98634 19.8919 22.8228
      vertex 1.98634 12.8382 22.8228
    endloop
  endfacet
  facet normal -0.0979898 -0 -0.995187
    outer loop
      vertex 0 -17.8 24.15
      vertex 0.419444 -19.9817 24.1087
      vertex 0 -20 24.15
    endloop
  endfacet
  facet normal -0.0979898 0 -0.995187
    outer loop
      vertex 0.419444 -19.9817 24.1087
      vertex 0 -17.8 24.15
      vertex 0.419444 -17.7166 24.1087
    endloop
  endfacet
  facet normal -0.0979898 0 -0.995187
    outer loop
      vertex 0 17.8 24.15
      vertex 0.419444 19.9817 24.1087
      vertex 0.419444 17.7166 24.1087
    endloop
  endfacet
  facet normal -0.0979898 0 -0.995187
    outer loop
      vertex 0.419444 19.9817 24.1087
      vertex 0 17.8 24.15
      vertex 0 20 24.15
    endloop
  endfacet
  facet normal -0.0979898 0 -0.995187
    outer loop
      vertex 0 -15.2 24.15
      vertex 0.419444 -12.9817 24.1087
      vertex 0.419444 -15.2834 24.1087
    endloop
  endfacet
  facet normal -0.0979898 0 -0.995187
    outer loop
      vertex 0.419444 -12.9817 24.1087
      vertex 0 -15.2 24.15
      vertex 0 -13 24.15
    endloop
  endfacet
  facet normal -0.0979898 -0 -0.995187
    outer loop
      vertex 0 15.2 24.15
      vertex 0.419444 12.9817 24.1087
      vertex 0 13 24.15
    endloop
  endfacet
  facet normal -0.0979898 0 -0.995187
    outer loop
      vertex 0.419444 12.9817 24.1087
      vertex 0 15.2 24.15
      vertex 0.419444 15.2834 24.1087
    endloop
  endfacet
  facet normal -0.956954 0 0.290241
    outer loop
      vertex 1.98634 -12.8382 21.1772
      vertex 2.10869 -19.8758 21.5806
      vertex 2.10869 -12.8221 21.5806
    endloop
  endfacet
  facet normal -0.956954 0 0.290241
    outer loop
      vertex 2.10869 -19.8758 21.5806
      vertex 1.98634 -12.8382 21.1772
      vertex 1.98634 -19.8919 21.1772
    endloop
  endfacet
  facet normal -0.956954 0 0.290241
    outer loop
      vertex 1.98634 12.8382 21.1772
      vertex 2.10869 19.8758 21.5806
      vertex 1.98634 19.8919 21.1772
    endloop
  endfacet
  facet normal -0.956954 0 0.290241
    outer loop
      vertex 2.10869 19.8758 21.5806
      vertex 1.98634 12.8382 21.1772
      vertex 2.10869 12.8221 21.5806
    endloop
  endfacet
  facet normal 0.290399 -0 0.956906
    outer loop
      vertex -0.822769 -19.9641 20.0137
      vertex -0.419444 -12.9817 19.8913
      vertex -0.822769 -12.9641 20.0137
    endloop
  endfacet
  facet normal 0.290399 0 0.956906
    outer loop
      vertex -0.419444 -12.9817 19.8913
      vertex -0.822769 -19.9641 20.0137
      vertex -0.419444 -19.9817 19.8913
    endloop
  endfacet
  facet normal 0.290399 0 0.956906
    outer loop
      vertex -0.822769 19.9641 20.0137
      vertex -0.419444 12.9817 19.8913
      vertex -0.419444 19.9817 19.8913
    endloop
  endfacet
  facet normal 0.290399 0 0.956906
    outer loop
      vertex -0.419444 12.9817 19.8913
      vertex -0.822769 19.9641 20.0137
      vertex -0.822769 12.9641 20.0137
    endloop
  endfacet
  facet normal 0.634426 0 -0.772984
    outer loop
      vertex -1.52028 12.8995 23.5203
      vertex -1.19448 15.9927 23.7877
      vertex -1.19448 12.9424 23.7877
    endloop
  endfacet
  facet normal 0.635391 -0.000170193 -0.772191
    outer loop
      vertex -1.19448 15.9927 23.7877
      vertex -1.52028 12.8995 23.5203
      vertex -1.20104 16.0025 23.7823
    endloop
  endfacet
  facet normal 0.634352 8.68129e-06 -0.773044
    outer loop
      vertex -1.20104 16.0025 23.7823
      vertex -1.52028 12.8995 23.5203
      vertex -1.3 16.5 23.7011
    endloop
  endfacet
  facet normal 0.635383 0.000178517 -0.772197
    outer loop
      vertex -1.52028 19.9336 23.5203
      vertex -1.19448 17.0073 23.7877
      vertex -1.20104 16.9975 23.7823
    endloop
  endfacet
  facet normal 0.634353 -9.00035e-06 -0.773043
    outer loop
      vertex -1.52028 19.9336 23.5203
      vertex -1.20104 16.9975 23.7823
      vertex -1.3 16.5 23.7011
    endloop
  endfacet
  facet normal 0.634437 0 -0.772975
    outer loop
      vertex -1.52028 19.9336 23.5203
      vertex -1.3 16.5 23.7011
      vertex -1.52028 12.8995 23.5203
    endloop
  endfacet
  facet normal 0.634426 0 -0.772984
    outer loop
      vertex -1.19448 17.0073 23.7877
      vertex -1.52028 19.9336 23.5203
      vertex -1.19448 19.9478 23.7877
    endloop
  endfacet
  facet normal 0.634426 0 -0.772984
    outer loop
      vertex -1.52028 -19.9336 23.5203
      vertex -1.19448 -17.0073 23.7877
      vertex -1.19448 -19.9478 23.7877
    endloop
  endfacet
  facet normal 0.635383 -0.000178517 -0.772197
    outer loop
      vertex -1.19448 -17.0073 23.7877
      vertex -1.52028 -19.9336 23.5203
      vertex -1.20104 -16.9975 23.7823
    endloop
  endfacet
  facet normal 0.634353 9.00035e-06 -0.773043
    outer loop
      vertex -1.20104 -16.9975 23.7823
      vertex -1.52028 -19.9336 23.5203
      vertex -1.3 -16.5 23.7011
    endloop
  endfacet
  facet normal 0.635391 0.000170193 -0.772191
    outer loop
      vertex -1.52028 -12.8995 23.5203
      vertex -1.19448 -15.9927 23.7877
      vertex -1.20104 -16.0025 23.7823
    endloop
  endfacet
  facet normal 0.634352 -8.68129e-06 -0.773044
    outer loop
      vertex -1.52028 -12.8995 23.5203
      vertex -1.20104 -16.0025 23.7823
      vertex -1.3 -16.5 23.7011
    endloop
  endfacet
  facet normal 0.634437 0 -0.772975
    outer loop
      vertex -1.52028 -12.8995 23.5203
      vertex -1.3 -16.5 23.7011
      vertex -1.52028 -19.9336 23.5203
    endloop
  endfacet
  facet normal 0.634426 0 -0.772984
    outer loop
      vertex -1.19448 -15.9927 23.7877
      vertex -1.52028 -12.8995 23.5203
      vertex -1.19448 -12.9424 23.7877
    endloop
  endfacet
  facet normal 0.995184 0 -0.0980235
    outer loop
      vertex -2.10869 -12.8221 22.4194
      vertex -2.15 -19.8703 22
      vertex -2.15 -12.8166 22
    endloop
  endfacet
  facet normal 0.995184 0 -0.0980235
    outer loop
      vertex -2.15 -19.8703 22
      vertex -2.10869 -12.8221 22.4194
      vertex -2.10869 -19.8758 22.4194
    endloop
  endfacet
  facet normal 0.995184 0 -0.0980235
    outer loop
      vertex -2.10869 12.8221 22.4194
      vertex -2.15 19.8703 22
      vertex -2.10869 19.8758 22.4194
    endloop
  endfacet
  facet normal 0.995184 0 -0.0980235
    outer loop
      vertex -2.15 19.8703 22
      vertex -2.10869 12.8221 22.4194
      vertex -2.15 12.8166 22
    endloop
  endfacet
  facet normal 0.956954 -0 0.290241
    outer loop
      vertex -2.10869 -19.8758 21.5806
      vertex -1.98634 -12.8382 21.1772
      vertex -2.10869 -12.8221 21.5806
    endloop
  endfacet
  facet normal 0.956954 0 0.290241
    outer loop
      vertex -1.98634 -12.8382 21.1772
      vertex -2.10869 -19.8758 21.5806
      vertex -1.98634 -19.8919 21.1772
    endloop
  endfacet
  facet normal 0.956954 0 0.290241
    outer loop
      vertex -2.10869 19.8758 21.5806
      vertex -1.98634 12.8382 21.1772
      vertex -1.98634 19.8919 21.1772
    endloop
  endfacet
  facet normal 0.956954 0 0.290241
    outer loop
      vertex -1.98634 12.8382 21.1772
      vertex -2.10869 19.8758 21.5806
      vertex -2.10869 12.8221 21.5806
    endloop
  endfacet
  facet normal 0.77293 0.00312295 0.634484
    outer loop
      vertex -1.78766 19.918 20.8055
      vertex -1.52028 19.9336 20.4797
      vertex -1.74311 19.9239 20.7512
    endloop
  endfacet
  facet normal 0.773007 0 0.634397
    outer loop
      vertex -1.78766 19.918 20.8055
      vertex -1.52028 12.8995 20.4797
      vertex -1.52028 19.9336 20.4797
    endloop
  endfacet
  facet normal 0.773007 0 0.634397
    outer loop
      vertex -1.52028 12.8995 20.4797
      vertex -1.78766 19.918 20.8055
      vertex -1.78766 12.8643 20.8055
    endloop
  endfacet
  facet normal 0.773007 -0 0.634397
    outer loop
      vertex -1.78766 -19.918 20.8055
      vertex -1.52028 -12.8995 20.4797
      vertex -1.78766 -12.8643 20.8055
    endloop
  endfacet
  facet normal 0.77293 -0.00312295 0.634484
    outer loop
      vertex -1.52028 -19.9336 20.4797
      vertex -1.78766 -19.918 20.8055
      vertex -1.74311 -19.9239 20.7512
    endloop
  endfacet
  facet normal 0.773007 0 0.634397
    outer loop
      vertex -1.78766 -19.918 20.8055
      vertex -1.52028 -19.9336 20.4797
      vertex -1.52028 -12.8995 20.4797
    endloop
  endfacet
  facet normal -0.470819 7.86554e-05 -0.88223
    outer loop
      vertex 0.822769 15.5163 23.9863
      vertex 1.19448 12.9424 23.7877
      vertex 1.13302 12.9505 23.8205
    endloop
  endfacet
  facet normal -0.471347 0 -0.881948
    outer loop
      vertex 1.19448 12.9424 23.7877
      vertex 0.919238 15.5808 23.9348
      vertex 1.19448 15.9927 23.7877
    endloop
  endfacet
  facet normal -0.471325 -0 -0.88196
    outer loop
      vertex 0.822769 15.5163 23.9863
      vertex 1.13302 12.9505 23.8205
      vertex 0.822769 12.9641 23.9863
    endloop
  endfacet
  facet normal -0.47097 5.06296e-05 -0.882149
    outer loop
      vertex 1.19448 12.9424 23.7877
      vertex 0.822769 15.5163 23.9863
      vertex 0.919238 15.5808 23.9348
    endloop
  endfacet
  facet normal -0.471347 0 -0.881948
    outer loop
      vertex 0.919238 -15.5808 23.9348
      vertex 1.19448 -12.9424 23.7877
      vertex 1.19448 -15.9927 23.7877
    endloop
  endfacet
  facet normal -0.47097 -5.06296e-05 -0.882149
    outer loop
      vertex 0.822769 -15.5163 23.9863
      vertex 1.19448 -12.9424 23.7877
      vertex 0.919238 -15.5808 23.9348
    endloop
  endfacet
  facet normal -0.470819 -7.86554e-05 -0.88223
    outer loop
      vertex 1.19448 -12.9424 23.7877
      vertex 0.822769 -15.5163 23.9863
      vertex 1.13302 -12.9505 23.8205
    endloop
  endfacet
  facet normal -0.471325 0 -0.88196
    outer loop
      vertex 1.13302 -12.9505 23.8205
      vertex 0.822769 -15.5163 23.9863
      vertex 0.822769 -12.9641 23.9863
    endloop
  endfacet
  facet normal -0.471347 0 -0.881948
    outer loop
      vertex 1.19448 -19.9478 23.7877
      vertex 0.919238 -17.4192 23.9348
      vertex 1.19448 -17.0073 23.7877
    endloop
  endfacet
  facet normal -0.471242 -0 -0.882004
    outer loop
      vertex 0.822769 -17.4837 23.9863
      vertex 1.19448 -19.9478 23.7877
      vertex 0.822769 -19.9641 23.9863
    endloop
  endfacet
  facet normal -0.470971 5.26789e-05 -0.882149
    outer loop
      vertex 1.19448 -19.9478 23.7877
      vertex 0.822769 -17.4837 23.9863
      vertex 0.919238 -17.4192 23.9348
    endloop
  endfacet
  facet normal -0.471347 0 -0.881948
    outer loop
      vertex 0.919238 17.4192 23.9348
      vertex 1.19448 19.9478 23.7877
      vertex 1.19448 17.0073 23.7877
    endloop
  endfacet
  facet normal -0.470971 -5.26789e-05 -0.882149
    outer loop
      vertex 0.822769 17.4837 23.9863
      vertex 1.19448 19.9478 23.7877
      vertex 0.919238 17.4192 23.9348
    endloop
  endfacet
  facet normal -0.471242 0 -0.882004
    outer loop
      vertex 1.19448 19.9478 23.7877
      vertex 0.822769 17.4837 23.9863
      vertex 0.822769 19.9641 23.9863
    endloop
  endfacet
  facet normal -0.290358 0 -0.956918
    outer loop
      vertex 0.822769 -19.9641 23.9863
      vertex 0.497488 -17.701 24.085
      vertex 0.822769 -17.4837 23.9863
    endloop
  endfacet
  facet normal -0.290399 -0 -0.956906
    outer loop
      vertex 0.419444 -17.7166 24.1087
      vertex 0.822769 -19.9641 23.9863
      vertex 0.419444 -19.9817 24.1087
    endloop
  endfacet
  facet normal -0.290566 -3.27397e-05 -0.956855
    outer loop
      vertex 0.822769 -19.9641 23.9863
      vertex 0.419444 -17.7166 24.1087
      vertex 0.497488 -17.701 24.085
    endloop
  endfacet
  facet normal -0.290358 0 -0.956918
    outer loop
      vertex 0.497488 17.701 24.085
      vertex 0.822769 19.9641 23.9863
      vertex 0.822769 17.4837 23.9863
    endloop
  endfacet
  facet normal -0.290566 3.27397e-05 -0.956855
    outer loop
      vertex 0.419444 17.7166 24.1087
      vertex 0.822769 19.9641 23.9863
      vertex 0.497488 17.701 24.085
    endloop
  endfacet
  facet normal -0.290399 0 -0.956906
    outer loop
      vertex 0.822769 19.9641 23.9863
      vertex 0.419444 17.7166 24.1087
      vertex 0.419444 19.9817 24.1087
    endloop
  endfacet
  facet normal -0.290358 0 -0.956918
    outer loop
      vertex 0.822769 12.9641 23.9863
      vertex 0.497488 15.299 24.085
      vertex 0.822769 15.5163 23.9863
    endloop
  endfacet
  facet normal -0.290399 -0 -0.956906
    outer loop
      vertex 0.419444 15.2834 24.1087
      vertex 0.822769 12.9641 23.9863
      vertex 0.419444 12.9817 24.1087
    endloop
  endfacet
  facet normal -0.290566 -3.17602e-05 -0.956855
    outer loop
      vertex 0.822769 12.9641 23.9863
      vertex 0.419444 15.2834 24.1087
      vertex 0.497488 15.299 24.085
    endloop
  endfacet
  facet normal -0.290358 0 -0.956918
    outer loop
      vertex 0.497488 -15.299 24.085
      vertex 0.822769 -12.9641 23.9863
      vertex 0.822769 -15.5163 23.9863
    endloop
  endfacet
  facet normal -0.290566 3.17602e-05 -0.956855
    outer loop
      vertex 0.419444 -15.2834 24.1087
      vertex 0.822769 -12.9641 23.9863
      vertex 0.497488 -15.299 24.085
    endloop
  endfacet
  facet normal -0.290399 0 -0.956906
    outer loop
      vertex 0.822769 -12.9641 23.9863
      vertex 0.419444 -15.2834 24.1087
      vertex 0.419444 -12.9817 24.1087
    endloop
  endfacet
  facet normal -0.634426 0 0.772984
    outer loop
      vertex 1.19448 -12.9424 20.2123
      vertex 1.52028 -19.9336 20.4797
      vertex 1.52028 -12.8995 20.4797
    endloop
  endfacet
  facet normal -0.634426 0 0.772984
    outer loop
      vertex 1.52028 -19.9336 20.4797
      vertex 1.19448 -12.9424 20.2123
      vertex 1.19448 -19.9478 20.2123
    endloop
  endfacet
  facet normal -0.634426 0 0.772984
    outer loop
      vertex 1.19448 12.9424 20.2123
      vertex 1.52028 19.9336 20.4797
      vertex 1.19448 19.9478 20.2123
    endloop
  endfacet
  facet normal -0.634426 0 0.772984
    outer loop
      vertex 1.52028 19.9336 20.4797
      vertex 1.19448 12.9424 20.2123
      vertex 1.52028 12.8995 20.4797
    endloop
  endfacet
  facet normal -0.995184 0 0.0980235
    outer loop
      vertex 2.10869 -12.8221 21.5806
      vertex 2.15 -19.8703 22
      vertex 2.15 -12.8166 22
    endloop
  endfacet
  facet normal -0.995184 0 0.0980235
    outer loop
      vertex 2.15 -19.8703 22
      vertex 2.10869 -12.8221 21.5806
      vertex 2.10869 -19.8758 21.5806
    endloop
  endfacet
  facet normal -0.995184 0 0.0980235
    outer loop
      vertex 2.10869 12.8221 21.5806
      vertex 2.15 19.8703 22
      vertex 2.10869 19.8758 21.5806
    endloop
  endfacet
  facet normal -0.995184 0 0.0980235
    outer loop
      vertex 2.15 19.8703 22
      vertex 2.10869 12.8221 21.5806
      vertex 2.15 12.8166 22
    endloop
  endfacet
  facet normal 0.956954 0 -0.290241
    outer loop
      vertex -1.98634 -12.8382 22.8228
      vertex -2.10869 -19.8758 22.4194
      vertex -2.10869 -12.8221 22.4194
    endloop
  endfacet
  facet normal 0.956954 0 -0.290241
    outer loop
      vertex -2.10869 -19.8758 22.4194
      vertex -1.98634 -12.8382 22.8228
      vertex -1.98634 -19.8919 22.8228
    endloop
  endfacet
  facet normal 0.956954 0 -0.290241
    outer loop
      vertex -1.98634 12.8382 22.8228
      vertex -2.10869 19.8758 22.4194
      vertex -1.98634 19.8919 22.8228
    endloop
  endfacet
  facet normal 0.956954 0 -0.290241
    outer loop
      vertex -2.10869 19.8758 22.4194
      vertex -1.98634 12.8382 22.8228
      vertex -2.10869 12.8221 22.4194
    endloop
  endfacet
  facet normal 0.47097 -5.06296e-05 -0.882149
    outer loop
      vertex -1.19448 -12.9424 23.7877
      vertex -0.822769 -15.5163 23.9863
      vertex -0.919238 -15.5808 23.9348
    endloop
  endfacet
  facet normal 0.471325 0 -0.88196
    outer loop
      vertex -0.822769 -15.5163 23.9863
      vertex -1.13302 -12.9505 23.8205
      vertex -0.822769 -12.9641 23.9863
    endloop
  endfacet
  facet normal 0.471347 0 -0.881948
    outer loop
      vertex -1.19448 -12.9424 23.7877
      vertex -0.919238 -15.5808 23.9348
      vertex -1.19448 -15.9927 23.7877
    endloop
  endfacet
  facet normal 0.470819 -7.86554e-05 -0.88223
    outer loop
      vertex -0.822769 -15.5163 23.9863
      vertex -1.19448 -12.9424 23.7877
      vertex -1.13302 -12.9505 23.8205
    endloop
  endfacet
  facet normal 0.471325 0 -0.88196
    outer loop
      vertex -1.13302 12.9505 23.8205
      vertex -0.822769 15.5163 23.9863
      vertex -0.822769 12.9641 23.9863
    endloop
  endfacet
  facet normal 0.470819 7.86554e-05 -0.88223
    outer loop
      vertex -1.19448 12.9424 23.7877
      vertex -0.822769 15.5163 23.9863
      vertex -1.13302 12.9505 23.8205
    endloop
  endfacet
  facet normal 0.47097 5.06296e-05 -0.882149
    outer loop
      vertex -0.822769 15.5163 23.9863
      vertex -1.19448 12.9424 23.7877
      vertex -0.919238 15.5808 23.9348
    endloop
  endfacet
  facet normal 0.471347 0 -0.881948
    outer loop
      vertex -0.919238 15.5808 23.9348
      vertex -1.19448 12.9424 23.7877
      vertex -1.19448 15.9927 23.7877
    endloop
  endfacet
  facet normal 0.471242 0 -0.882004
    outer loop
      vertex -1.19448 -19.9478 23.7877
      vertex -0.822769 -17.4837 23.9863
      vertex -0.822769 -19.9641 23.9863
    endloop
  endfacet
  facet normal 0.470971 5.26789e-05 -0.882149
    outer loop
      vertex -0.822769 -17.4837 23.9863
      vertex -1.19448 -19.9478 23.7877
      vertex -0.919238 -17.4192 23.9348
    endloop
  endfacet
  facet normal 0.471347 0 -0.881948
    outer loop
      vertex -0.919238 -17.4192 23.9348
      vertex -1.19448 -19.9478 23.7877
      vertex -1.19448 -17.0073 23.7877
    endloop
  endfacet
  facet normal 0.470971 -5.26789e-05 -0.882149
    outer loop
      vertex -1.19448 19.9478 23.7877
      vertex -0.822769 17.4837 23.9863
      vertex -0.919238 17.4192 23.9348
    endloop
  endfacet
  facet normal 0.471347 0 -0.881948
    outer loop
      vertex -1.19448 19.9478 23.7877
      vertex -0.919238 17.4192 23.9348
      vertex -1.19448 17.0073 23.7877
    endloop
  endfacet
  facet normal 0.471242 0 -0.882004
    outer loop
      vertex -0.822769 17.4837 23.9863
      vertex -1.19448 19.9478 23.7877
      vertex -0.822769 19.9641 23.9863
    endloop
  endfacet
  facet normal -0.470827 0 0.882226
    outer loop
      vertex 1.19448 19.9478 20.2123
      vertex 1.13302 12.9505 20.1795
      vertex 1.19448 12.9424 20.2123
    endloop
  endfacet
  facet normal -0.471242 0 0.882004
    outer loop
      vertex 0.822769 12.9641 20.0137
      vertex 1.19448 19.9478 20.2123
      vertex 0.822769 19.9641 20.0137
    endloop
  endfacet
  facet normal -0.471324 5.61854e-06 0.88196
    outer loop
      vertex 1.19448 19.9478 20.2123
      vertex 0.822769 12.9641 20.0137
      vertex 1.13302 12.9505 20.1795
    endloop
  endfacet
  facet normal -0.470827 0 0.882226
    outer loop
      vertex 1.13302 -12.9505 20.1795
      vertex 1.19448 -19.9478 20.2123
      vertex 1.19448 -12.9424 20.2123
    endloop
  endfacet
  facet normal -0.471324 -5.61854e-06 0.88196
    outer loop
      vertex 0.822769 -12.9641 20.0137
      vertex 1.19448 -19.9478 20.2123
      vertex 1.13302 -12.9505 20.1795
    endloop
  endfacet
  facet normal -0.471242 0 0.882004
    outer loop
      vertex 1.19448 -19.9478 20.2123
      vertex 0.822769 -12.9641 20.0137
      vertex 0.822769 -19.9641 20.0137
    endloop
  endfacet
  facet normal -0.290399 0 0.956906
    outer loop
      vertex 0.419444 -12.9817 19.8913
      vertex 0.822769 -19.9641 20.0137
      vertex 0.822769 -12.9641 20.0137
    endloop
  endfacet
  facet normal -0.290399 0 0.956906
    outer loop
      vertex 0.822769 -19.9641 20.0137
      vertex 0.419444 -12.9817 19.8913
      vertex 0.419444 -19.9817 19.8913
    endloop
  endfacet
  facet normal -0.290399 0 0.956906
    outer loop
      vertex 0.419444 12.9817 19.8913
      vertex 0.822769 19.9641 20.0137
      vertex 0.419444 19.9817 19.8913
    endloop
  endfacet
  facet normal -0.290399 0 0.956906
    outer loop
      vertex 0.822769 19.9641 20.0137
      vertex 0.419444 12.9817 19.8913
      vertex 0.822769 12.9641 20.0137
    endloop
  endfacet
  facet normal 0.0979898 -0 0.995187
    outer loop
      vertex -0.419444 -19.9817 19.8913
      vertex 0 -13 19.85
      vertex -0.419444 -12.9817 19.8913
    endloop
  endfacet
  facet normal 0.0979898 0 0.995187
    outer loop
      vertex 0 -13 19.85
      vertex -0.419444 -19.9817 19.8913
      vertex 0 -20 19.85
    endloop
  endfacet
  facet normal 0.0979898 0 0.995187
    outer loop
      vertex -0.419444 19.9817 19.8913
      vertex 0 13 19.85
      vertex 0 20 19.85
    endloop
  endfacet
  facet normal 0.0979898 0 0.995187
    outer loop
      vertex 0 13 19.85
      vertex -0.419444 19.9817 19.8913
      vertex -0.419444 12.9817 19.8913
    endloop
  endfacet
  facet normal -0.77293 0.00312295 0.634484
    outer loop
      vertex 1.52028 19.9336 20.4797
      vertex 1.78766 19.918 20.8055
      vertex 1.74311 19.9239 20.7512
    endloop
  endfacet
  facet normal -0.773007 0 0.634397
    outer loop
      vertex 1.52028 12.8995 20.4797
      vertex 1.78766 19.918 20.8055
      vertex 1.52028 19.9336 20.4797
    endloop
  endfacet
  facet normal -0.773007 0 0.634397
    outer loop
      vertex 1.78766 19.918 20.8055
      vertex 1.52028 12.8995 20.4797
      vertex 1.78766 12.8643 20.8055
    endloop
  endfacet
  facet normal -0.773007 0 0.634397
    outer loop
      vertex 1.52028 -12.8995 20.4797
      vertex 1.78766 -19.918 20.8055
      vertex 1.78766 -12.8643 20.8055
    endloop
  endfacet
  facet normal -0.773007 0 0.634397
    outer loop
      vertex 1.52028 -19.9336 20.4797
      vertex 1.78766 -19.918 20.8055
      vertex 1.52028 -12.8995 20.4797
    endloop
  endfacet
  facet normal -0.77293 -0.00312295 0.634484
    outer loop
      vertex 1.78766 -19.918 20.8055
      vertex 1.52028 -19.9336 20.4797
      vertex 1.74311 -19.9239 20.7512
    endloop
  endfacet
  facet normal -0.634437 0 -0.772975
    outer loop
      vertex 1.52028 -19.9336 23.5203
      vertex 1.3 -16.5 23.7011
      vertex 1.52028 -12.8995 23.5203
    endloop
  endfacet
  facet normal -0.634353 9.00035e-06 -0.773043
    outer loop
      vertex 1.52028 -19.9336 23.5203
      vertex 1.20104 -16.9975 23.7823
      vertex 1.3 -16.5 23.7011
    endloop
  endfacet
  facet normal -0.634426 -0 -0.772984
    outer loop
      vertex 1.19448 -17.0073 23.7877
      vertex 1.52028 -19.9336 23.5203
      vertex 1.19448 -19.9478 23.7877
    endloop
  endfacet
  facet normal -0.635383 -0.000178517 -0.772197
    outer loop
      vertex 1.52028 -19.9336 23.5203
      vertex 1.19448 -17.0073 23.7877
      vertex 1.20104 -16.9975 23.7823
    endloop
  endfacet
  facet normal -0.634352 -8.68129e-06 -0.773044
    outer loop
      vertex 1.20104 -16.0025 23.7823
      vertex 1.52028 -12.8995 23.5203
      vertex 1.3 -16.5 23.7011
    endloop
  endfacet
  facet normal -0.635391 0.000170193 -0.772191
    outer loop
      vertex 1.19448 -15.9927 23.7877
      vertex 1.52028 -12.8995 23.5203
      vertex 1.20104 -16.0025 23.7823
    endloop
  endfacet
  facet normal -0.634426 0 -0.772984
    outer loop
      vertex 1.52028 -12.8995 23.5203
      vertex 1.19448 -15.9927 23.7877
      vertex 1.19448 -12.9424 23.7877
    endloop
  endfacet
  facet normal -0.634437 0 -0.772975
    outer loop
      vertex 1.52028 12.8995 23.5203
      vertex 1.3 16.5 23.7011
      vertex 1.52028 19.9336 23.5203
    endloop
  endfacet
  facet normal -0.634352 8.68129e-06 -0.773044
    outer loop
      vertex 1.52028 12.8995 23.5203
      vertex 1.20104 16.0025 23.7823
      vertex 1.3 16.5 23.7011
    endloop
  endfacet
  facet normal -0.634426 -0 -0.772984
    outer loop
      vertex 1.19448 15.9927 23.7877
      vertex 1.52028 12.8995 23.5203
      vertex 1.19448 12.9424 23.7877
    endloop
  endfacet
  facet normal -0.635391 -0.000170193 -0.772191
    outer loop
      vertex 1.52028 12.8995 23.5203
      vertex 1.19448 15.9927 23.7877
      vertex 1.20104 16.0025 23.7823
    endloop
  endfacet
  facet normal -0.634353 -9.00035e-06 -0.773043
    outer loop
      vertex 1.20104 16.9975 23.7823
      vertex 1.52028 19.9336 23.5203
      vertex 1.3 16.5 23.7011
    endloop
  endfacet
  facet normal -0.635383 0.000178517 -0.772197
    outer loop
      vertex 1.19448 17.0073 23.7877
      vertex 1.52028 19.9336 23.5203
      vertex 1.20104 16.9975 23.7823
    endloop
  endfacet
  facet normal -0.634426 0 -0.772984
    outer loop
      vertex 1.52028 19.9336 23.5203
      vertex 1.19448 17.0073 23.7877
      vertex 1.19448 19.9478 23.7877
    endloop
  endfacet
  facet normal 0.0979898 0 -0.995187
    outer loop
      vertex -0.419444 -19.9817 24.1087
      vertex 0 -17.8 24.15
      vertex 0 -20 24.15
    endloop
  endfacet
  facet normal 0.0979898 0 -0.995187
    outer loop
      vertex 0 -17.8 24.15
      vertex -0.419444 -19.9817 24.1087
      vertex -0.419444 -17.7166 24.1087
    endloop
  endfacet
  facet normal 0.0979898 0 -0.995187
    outer loop
      vertex -0.419444 19.9817 24.1087
      vertex 0 17.8 24.15
      vertex -0.419444 17.7166 24.1087
    endloop
  endfacet
  facet normal 0.0979898 0 -0.995187
    outer loop
      vertex 0 17.8 24.15
      vertex -0.419444 19.9817 24.1087
      vertex 0 20 24.15
    endloop
  endfacet
  facet normal 0.0979898 0 -0.995187
    outer loop
      vertex -0.419444 -12.9817 24.1087
      vertex 0 -15.2 24.15
      vertex -0.419444 -15.2834 24.1087
    endloop
  endfacet
  facet normal 0.0979898 0 -0.995187
    outer loop
      vertex 0 -15.2 24.15
      vertex -0.419444 -12.9817 24.1087
      vertex 0 -13 24.15
    endloop
  endfacet
  facet normal 0.0979898 0 -0.995187
    outer loop
      vertex -0.419444 12.9817 24.1087
      vertex 0 15.2 24.15
      vertex 0 13 24.15
    endloop
  endfacet
  facet normal 0.0979898 0 -0.995187
    outer loop
      vertex 0 15.2 24.15
      vertex -0.419444 12.9817 24.1087
      vertex -0.419444 15.2834 24.1087
    endloop
  endfacet
  facet normal 0.290399 0 -0.956906
    outer loop
      vertex -0.822769 -19.9641 23.9863
      vertex -0.419444 -17.7166 24.1087
      vertex -0.419444 -19.9817 24.1087
    endloop
  endfacet
  facet normal 0.290566 -3.27397e-05 -0.956855
    outer loop
      vertex -0.419444 -17.7166 24.1087
      vertex -0.822769 -19.9641 23.9863
      vertex -0.497488 -17.701 24.085
    endloop
  endfacet
  facet normal 0.290358 0 -0.956918
    outer loop
      vertex -0.497488 -17.701 24.085
      vertex -0.822769 -19.9641 23.9863
      vertex -0.822769 -17.4837 23.9863
    endloop
  endfacet
  facet normal 0.290566 3.27397e-05 -0.956855
    outer loop
      vertex -0.822769 19.9641 23.9863
      vertex -0.419444 17.7166 24.1087
      vertex -0.497488 17.701 24.085
    endloop
  endfacet
  facet normal 0.290358 0 -0.956918
    outer loop
      vertex -0.822769 19.9641 23.9863
      vertex -0.497488 17.701 24.085
      vertex -0.822769 17.4837 23.9863
    endloop
  endfacet
  facet normal 0.290399 0 -0.956906
    outer loop
      vertex -0.419444 17.7166 24.1087
      vertex -0.822769 19.9641 23.9863
      vertex -0.419444 19.9817 24.1087
    endloop
  endfacet
  facet normal 0.290399 0 -0.956906
    outer loop
      vertex -0.822769 12.9641 23.9863
      vertex -0.419444 15.2834 24.1087
      vertex -0.419444 12.9817 24.1087
    endloop
  endfacet
  facet normal 0.290566 -3.17602e-05 -0.956855
    outer loop
      vertex -0.419444 15.2834 24.1087
      vertex -0.822769 12.9641 23.9863
      vertex -0.497488 15.299 24.085
    endloop
  endfacet
  facet normal 0.290358 0 -0.956918
    outer loop
      vertex -0.497488 15.299 24.085
      vertex -0.822769 12.9641 23.9863
      vertex -0.822769 15.5163 23.9863
    endloop
  endfacet
  facet normal 0.290566 3.17602e-05 -0.956855
    outer loop
      vertex -0.822769 -12.9641 23.9863
      vertex -0.419444 -15.2834 24.1087
      vertex -0.497488 -15.299 24.085
    endloop
  endfacet
  facet normal 0.290358 0 -0.956918
    outer loop
      vertex -0.822769 -12.9641 23.9863
      vertex -0.497488 -15.299 24.085
      vertex -0.822769 -15.5163 23.9863
    endloop
  endfacet
  facet normal 0.290399 0 -0.956906
    outer loop
      vertex -0.419444 -15.2834 24.1087
      vertex -0.822769 -12.9641 23.9863
      vertex -0.419444 -12.9817 24.1087
    endloop
  endfacet
  facet normal -0.0979898 0 0.995187
    outer loop
      vertex 0 -13 19.85
      vertex 0.419444 -19.9817 19.8913
      vertex 0.419444 -12.9817 19.8913
    endloop
  endfacet
  facet normal -0.0979898 0 0.995187
    outer loop
      vertex 0.419444 -19.9817 19.8913
      vertex 0 -13 19.85
      vertex 0 -20 19.85
    endloop
  endfacet
  facet normal -0.0979898 0 0.995187
    outer loop
      vertex 0 13 19.85
      vertex 0.419444 19.9817 19.8913
      vertex 0 20 19.85
    endloop
  endfacet
  facet normal -0.0979898 0 0.995187
    outer loop
      vertex 0.419444 19.9817 19.8913
      vertex 0 13 19.85
      vertex 0.419444 12.9817 19.8913
    endloop
  endfacet
  facet normal 0.77293 0.00312295 -0.634484
    outer loop
      vertex -1.52028 19.9336 23.5203
      vertex -1.78766 19.918 23.1945
      vertex -1.74311 19.9239 23.2488
    endloop
  endfacet
  facet normal 0.773007 0 -0.634397
    outer loop
      vertex -1.52028 12.8995 23.5203
      vertex -1.78766 19.918 23.1945
      vertex -1.52028 19.9336 23.5203
    endloop
  endfacet
  facet normal 0.773007 0 -0.634397
    outer loop
      vertex -1.78766 19.918 23.1945
      vertex -1.52028 12.8995 23.5203
      vertex -1.78766 12.8643 23.1945
    endloop
  endfacet
  facet normal 0.773007 0 -0.634397
    outer loop
      vertex -1.52028 -12.8995 23.5203
      vertex -1.78766 -19.918 23.1945
      vertex -1.78766 -12.8643 23.1945
    endloop
  endfacet
  facet normal 0.773007 0 -0.634397
    outer loop
      vertex -1.52028 -19.9336 23.5203
      vertex -1.78766 -19.918 23.1945
      vertex -1.52028 -12.8995 23.5203
    endloop
  endfacet
  facet normal 0.77293 -0.00312295 -0.634484
    outer loop
      vertex -1.78766 -19.918 23.1945
      vertex -1.52028 -19.9336 23.5203
      vertex -1.74311 -19.9239 23.2488
    endloop
  endfacet
  facet normal 0.471324 -5.61854e-06 0.88196
    outer loop
      vertex -1.19448 -19.9478 20.2123
      vertex -0.822769 -12.9641 20.0137
      vertex -1.13302 -12.9505 20.1795
    endloop
  endfacet
  facet normal 0.470827 -0 0.882226
    outer loop
      vertex -1.19448 -19.9478 20.2123
      vertex -1.13302 -12.9505 20.1795
      vertex -1.19448 -12.9424 20.2123
    endloop
  endfacet
  facet normal 0.471242 0 0.882004
    outer loop
      vertex -0.822769 -12.9641 20.0137
      vertex -1.19448 -19.9478 20.2123
      vertex -0.822769 -19.9641 20.0137
    endloop
  endfacet
  facet normal 0.471242 0 0.882004
    outer loop
      vertex -1.19448 19.9478 20.2123
      vertex -0.822769 12.9641 20.0137
      vertex -0.822769 19.9641 20.0137
    endloop
  endfacet
  facet normal 0.471324 5.61854e-06 0.88196
    outer loop
      vertex -0.822769 12.9641 20.0137
      vertex -1.19448 19.9478 20.2123
      vertex -1.13302 12.9505 20.1795
    endloop
  endfacet
  facet normal 0.470827 0 0.882226
    outer loop
      vertex -1.13302 12.9505 20.1795
      vertex -1.19448 19.9478 20.2123
      vertex -1.19448 12.9424 20.2123
    endloop
  endfacet
  facet normal 0.634426 -0 0.772984
    outer loop
      vertex -1.52028 -19.9336 20.4797
      vertex -1.19448 -12.9424 20.2123
      vertex -1.52028 -12.8995 20.4797
    endloop
  endfacet
  facet normal 0.634426 0 0.772984
    outer loop
      vertex -1.19448 -12.9424 20.2123
      vertex -1.52028 -19.9336 20.4797
      vertex -1.19448 -19.9478 20.2123
    endloop
  endfacet
  facet normal 0.634426 0 0.772984
    outer loop
      vertex -1.52028 19.9336 20.4797
      vertex -1.19448 12.9424 20.2123
      vertex -1.19448 19.9478 20.2123
    endloop
  endfacet
  facet normal 0.634426 0 0.772984
    outer loop
      vertex -1.19448 12.9424 20.2123
      vertex -1.52028 19.9336 20.4797
      vertex -1.52028 12.8995 20.4797
    endloop
  endfacet
  facet normal 0.995184 -0 0.0980235
    outer loop
      vertex -2.15 -19.8703 22
      vertex -2.10869 -12.8221 21.5806
      vertex -2.15 -12.8166 22
    endloop
  endfacet
  facet normal 0.995184 0 0.0980235
    outer loop
      vertex -2.10869 -12.8221 21.5806
      vertex -2.15 -19.8703 22
      vertex -2.10869 -19.8758 21.5806
    endloop
  endfacet
  facet normal 0.995184 0 0.0980235
    outer loop
      vertex -2.15 19.8703 22
      vertex -2.10869 12.8221 21.5806
      vertex -2.10869 19.8758 21.5806
    endloop
  endfacet
  facet normal 0.995184 0 0.0980235
    outer loop
      vertex -2.10869 12.8221 21.5806
      vertex -2.15 19.8703 22
      vertex -2.15 12.8166 22
    endloop
  endfacet
  facet normal 0.881919 0 -0.471401
    outer loop
      vertex -1.78766 -12.8643 23.1945
      vertex -1.98634 -19.8919 22.8228
      vertex -1.98634 -12.8382 22.8228
    endloop
  endfacet
  facet normal 0.881919 0 -0.471401
    outer loop
      vertex -1.98634 -19.8919 22.8228
      vertex -1.78766 -12.8643 23.1945
      vertex -1.78766 -19.918 23.1945
    endloop
  endfacet
  facet normal 0.881919 0 -0.471401
    outer loop
      vertex -1.78766 12.8643 23.1945
      vertex -1.98634 19.8919 22.8228
      vertex -1.78766 19.918 23.1945
    endloop
  endfacet
  facet normal 0.881919 0 -0.471401
    outer loop
      vertex -1.98634 19.8919 22.8228
      vertex -1.78766 12.8643 23.1945
      vertex -1.98634 12.8382 22.8228
    endloop
  endfacet
  facet normal 0.0309438 -0.0309438 0.999042
    outer loop
      vertex 14.0006 14.2718 14.8084
      vertex 9.19239 9.19239 14.8
      vertex 14.1421 14.1421 14.8
    endloop
  endfacet
  facet normal 0.0309485 -0.0309482 0.999042
    outer loop
      vertex 9.19239 9.19239 14.8
      vertex 14.0006 14.2718 14.8084
      vertex 9.05089 9.32205 14.8084
    endloop
  endfacet
  facet normal -0.690373 0.690377 0.216249
    outer loop
      vertex 10.5677 7.56243 16.4306
      vertex 15.5809 12.5169 16.618
      vertex 15.5554 12.5501 16.4306
    endloop
  endfacet
  facet normal -0.690354 0.690353 0.216389
    outer loop
      vertex 15.5809 12.5169 16.618
      vertex 10.5677 7.56243 16.4306
      vertex 10.5932 7.52919 16.618
    endloop
  endfacet
  facet normal 0.521291 -0.521294 0.675654
    outer loop
      vertex 12.8984 15.2818 15.5859
      vertex 8.01807 10.2181 15.4444
      vertex 12.9941 15.1941 15.4444
    endloop
  endfacet
  facet normal 0.521345 -0.521344 0.675574
    outer loop
      vertex 8.01807 10.2181 15.4444
      vertex 12.8984 15.2818 15.5859
      vertex 7.91431 10.2977 15.5859
    endloop
  endfacet
  facet normal 0.092111 -0.0921103 0.991479
    outer loop
      vertex 13.8602 14.4005 14.8334
      vertex 9.05089 9.32205 14.8084
      vertex 14.0006 14.2718 14.8084
    endloop
  endfacet
  facet normal 0.0921076 -0.092107 0.99148
    outer loop
      vertex 9.05089 9.32205 14.8084
      vertex 13.8602 14.4005 14.8334
      vertex 8.91046 9.45073 14.8334
    endloop
  endfacet
  facet normal -0.270601 0.270602 -0.923878
    outer loop
      vertex 9.80153 8.52762 19.0059
      vertex 14.7709 13.456 18.9939
      vertex 9.82112 8.50624 18.9939
    endloop
  endfacet
  facet normal -0.270228 0.270226 -0.924097
    outer loop
      vertex 14.7709 13.456 18.9939
      vertex 9.80153 8.52762 19.0059
      vertex 14.6813 13.5538 19.0487
    endloop
  endfacet
  facet normal 0.271345 -0.271341 -0.923442
    outer loop
      vertex 8.6371 9.70122 19.0673
      vertex 13.5538 14.6813 19.0487
      vertex 13.5868 14.651 19.0673
    endloop
  endfacet
  facet normal 0.27042 -0.27043 -0.923981
    outer loop
      vertex 13.5538 14.6813 19.0487
      vertex 8.6371 9.70122 19.0673
      vertex 8.52762 9.80153 19.0059
    endloop
  endfacet
  facet normal -0.0309482 0.0309485 -0.999042
    outer loop
      vertex 9.19239 9.19239 19.2
      vertex 14.2718 14.0006 19.1916
      vertex 9.32205 9.05089 19.1916
    endloop
  endfacet
  facet normal -0.0309438 0.0309438 -0.999042
    outer loop
      vertex 14.2718 14.0006 19.1916
      vertex 9.19239 9.19239 19.2
      vertex 14.1421 14.1421 19.2
    endloop
  endfacet
  facet normal 0.690375 -0.690376 -0.216249
    outer loop
      vertex 12.5501 15.5554 17.5694
      vertex 7.52919 10.5932 17.382
      vertex 12.5169 15.5809 17.382
    endloop
  endfacet
  facet normal 0.690355 -0.690351 -0.216389
    outer loop
      vertex 7.52919 10.5932 17.382
      vertex 12.5501 15.5554 17.5694
      vertex 7.56243 10.5677 17.5694
    endloop
  endfacet
  facet normal 0.701033 -0.701041 0.130744
    outer loop
      vertex 7.52919 10.5932 16.618
      vertex 12.5117 15.5849 16.6676
      vertex 7.51217 10.6063 16.7795
    endloop
  endfacet
  facet normal 0.701102 -0.701103 0.130043
    outer loop
      vertex 12.5117 15.5849 16.6676
      vertex 7.52919 10.5932 16.618
      vertex 12.5169 15.5809 16.618
    endloop
  endfacet
  facet normal 0.430156 -0.430152 -0.793685
    outer loop
      vertex 8.25314 10.0377 18.8021
      vertex 13.1823 15.0217 18.7724
      vertex 13.2109 14.9955 18.8021
    endloop
  endfacet
  facet normal 0.430346 -0.430339 -0.79348
    outer loop
      vertex 13.1823 15.0217 18.7724
      vertex 8.25314 10.0377 18.8021
      vertex 8.15076 10.1162 18.704
    endloop
  endfacet
  facet normal 0.15325 -0.15325 0.976232
    outer loop
      vertex 13.7219 14.5272 14.875
      vertex 8.91046 9.45073 14.8334
      vertex 13.8602 14.4005 14.8334
    endloop
  endfacet
  facet normal 0.153256 -0.153255 0.97623
    outer loop
      vertex 8.91046 9.45073 14.8334
      vertex 13.7219 14.5272 14.875
      vertex 8.77218 9.57744 14.875
    endloop
  endfacet
  facet normal 0.701125 -0.701133 0.129757
    outer loop
      vertex 7.51217 10.6063 16.7795
      vertex 12.4969 15.5963 16.8083
      vertex 7.50914 10.6086 16.8083
    endloop
  endfacet
  facet normal 0.701049 -0.701062 0.130545
    outer loop
      vertex 12.4969 15.5963 16.8083
      vertex 7.51217 10.6063 16.7795
      vertex 12.5117 15.5849 16.6676
    endloop
  endfacet
  facet normal -0.653299 0.653298 0.382625
    outer loop
      vertex 10.4872 7.66739 16.0702
      vertex 15.52 12.5963 16.2476
      vertex 15.4749 12.6551 16.0702
    endloop
  endfacet
  facet normal -0.653316 0.653318 0.382562
    outer loop
      vertex 15.52 12.5963 16.2476
      vertex 10.4872 7.66739 16.0702
      vertex 10.5323 7.60861 16.2476
    endloop
  endfacet
  facet normal -0.380036 0.380034 0.843295
    outer loop
      vertex 9.93624 8.38061 15.0947
      vertex 14.9955 13.2109 15.1979
      vertex 14.886 13.3304 15.0947
    endloop
  endfacet
  facet normal -0.379973 0.379976 0.84335
    outer loop
      vertex 14.9955 13.2109 15.1979
      vertex 9.95858 8.35624 15.1158
      vertex 10.0377 8.25314 15.1979
    endloop
  endfacet
  facet normal -0.380655 0.380694 0.842718
    outer loop
      vertex 14.9955 13.2109 15.1979
      vertex 9.93624 8.38061 15.0947
      vertex 9.95858 8.35624 15.1158
    endloop
  endfacet
  facet normal 0.653299 -0.653298 0.382625
    outer loop
      vertex 7.60861 10.5323 16.2476
      vertex 12.6551 15.4749 16.0702
      vertex 12.5963 15.52 16.2476
    endloop
  endfacet
  facet normal 0.653316 -0.653318 0.382562
    outer loop
      vertex 12.6551 15.4749 16.0702
      vertex 7.60861 10.5323 16.2476
      vertex 7.66739 10.4872 16.0702
    endloop
  endfacet
  facet normal 0.32705 -0.327014 0.886623
    outer loop
      vertex 13.3304 14.886 15.0947
      vertex 8.48574 9.83991 15.0206
      vertex 13.3622 14.8568 15.0722
    endloop
  endfacet
  facet normal 0.326308 -0.32631 0.887155
    outer loop
      vertex 8.48574 9.83991 15.0206
      vertex 13.3304 14.886 15.0947
      vertex 8.38061 9.93624 15.0947
    endloop
  endfacet
  facet normal 0.556309 -0.565854 -0.608548
    outer loop
      vertex 12.8984 15.2818 18.4141
      vertex 12.8085 15.3571 18.2619
      vertex 12.8558 15.3209 18.3388
    endloop
  endfacet
  facet normal 0.560938 -0.560937 -0.60885
    outer loop
      vertex 7.91431 10.2977 18.4141
      vertex 12.8085 15.3571 18.2619
      vertex 12.8984 15.2818 18.4141
    endloop
  endfacet
  facet normal 0.560951 -0.560949 -0.608826
    outer loop
      vertex 12.8085 15.3571 18.2619
      vertex 7.91431 10.2977 18.4141
      vertex 7.82082 10.3694 18.2619
    endloop
  endfacet
  facet normal 0.212591 -0.212586 -0.953736
    outer loop
      vertex 8.74996 9.5978 19.1155
      vertex 13.5868 14.651 19.0673
      vertex 13.621 14.6197 19.0819
    endloop
  endfacet
  facet normal 0.212554 -0.212551 -0.953752
    outer loop
      vertex 13.5868 14.651 19.0673
      vertex 8.74996 9.5978 19.1155
      vertex 8.6371 9.70122 19.0673
    endloop
  endfacet
  facet normal 0.674396 -0.674392 0.30064
    outer loop
      vertex 7.60861 10.5323 16.2476
      vertex 12.5501 15.5554 16.4306
      vertex 7.56243 10.5677 16.4306
    endloop
  endfacet
  facet normal 0.67438 -0.674379 0.300707
    outer loop
      vertex 12.5501 15.5554 16.4306
      vertex 7.60861 10.5323 16.2476
      vertex 12.5963 15.52 16.2476
    endloop
  endfacet
  facet normal -0.701062 0.701049 0.130545
    outer loop
      vertex 10.6063 7.51217 16.7795
      vertex 15.5963 12.4969 16.8083
      vertex 15.5849 12.5117 16.6676
    endloop
  endfacet
  facet normal -0.701133 0.701125 0.129757
    outer loop
      vertex 15.5963 12.4969 16.8083
      vertex 10.6063 7.51217 16.7795
      vertex 10.6086 7.50914 16.8083
    endloop
  endfacet
  facet normal 0.706405 -0.706423 -0.0442425
    outer loop
      vertex 12.4919 15.6001 17.0501
      vertex 7.50914 10.6086 17.1917
      vertex 7.50813 10.6094 17.1628
    endloop
  endfacet
  facet normal 0.706421 -0.706429 -0.0439021
    outer loop
      vertex 7.50914 10.6086 17.1917
      vertex 12.4919 15.6001 17.0501
      vertex 12.4969 15.5963 17.1917
    endloop
  endfacet
  facet normal 0.701125 -0.701133 -0.129757
    outer loop
      vertex 12.4969 15.5963 17.1917
      vertex 7.51217 10.6063 17.2205
      vertex 7.50914 10.6086 17.1917
    endloop
  endfacet
  facet normal 0.70104 -0.701054 -0.130636
    outer loop
      vertex 7.51217 10.6063 17.2205
      vertex 12.4969 15.5963 17.1917
      vertex 12.5117 15.5849 17.3323
    endloop
  endfacet
  facet normal 0.477807 -0.477807 -0.737157
    outer loop
      vertex 8.1313 10.1312 18.6853
      vertex 12.9941 15.1941 18.5556
      vertex 13.0985 15.0984 18.6853
    endloop
  endfacet
  facet normal 0.477767 -0.47777 -0.737207
    outer loop
      vertex 12.9941 15.1941 18.5556
      vertex 8.1313 10.1312 18.6853
      vertex 8.01807 10.2181 18.5556
    endloop
  endfacet
  facet normal 0.0309438 -0.0309438 -0.999042
    outer loop
      vertex 9.19239 9.19239 19.2
      vertex 14.0006 14.2718 19.1916
      vertex 14.1421 14.1421 19.2
    endloop
  endfacet
  facet normal 0.0309485 -0.0309482 -0.999042
    outer loop
      vertex 14.0006 14.2718 19.1916
      vertex 9.19239 9.19239 19.2
      vertex 9.05089 9.32205 19.1916
    endloop
  endfacet
  facet normal -0.690373 0.690377 -0.216249
    outer loop
      vertex 15.5809 12.5169 17.382
      vertex 10.5677 7.56243 17.5694
      vertex 15.5554 12.5501 17.5694
    endloop
  endfacet
  facet normal -0.690354 0.690353 -0.216389
    outer loop
      vertex 10.5677 7.56243 17.5694
      vertex 15.5809 12.5169 17.382
      vertex 10.5932 7.52919 17.382
    endloop
  endfacet
  facet normal 0.556309 -0.565854 0.608548
    outer loop
      vertex 12.8085 15.3571 15.7381
      vertex 12.8984 15.2818 15.5859
      vertex 12.8558 15.3209 15.6612
    endloop
  endfacet
  facet normal 0.560938 -0.560937 0.60885
    outer loop
      vertex 12.8085 15.3571 15.7381
      vertex 7.91431 10.2977 15.5859
      vertex 12.8984 15.2818 15.5859
    endloop
  endfacet
  facet normal 0.560951 -0.560949 0.608826
    outer loop
      vertex 7.91431 10.2977 15.5859
      vertex 12.8085 15.3571 15.7381
      vertex 7.82082 10.3694 15.7381
    endloop
  endfacet
  facet normal 0.627104 -0.627105 0.462038
    outer loop
      vertex 7.66739 10.4872 16.0702
      vertex 12.726 15.4204 15.9
      vertex 12.6551 15.4749 16.0702
    endloop
  endfacet
  facet normal 0.627094 -0.627094 0.462067
    outer loop
      vertex 12.726 15.4204 15.9
      vertex 7.66739 10.4872 16.0702
      vertex 7.7383 10.4327 15.9
    endloop
  endfacet
  facet normal 0.271345 -0.271341 0.923442
    outer loop
      vertex 13.5538 14.6813 14.9513
      vertex 8.6371 9.70122 14.9327
      vertex 13.5868 14.651 14.9327
    endloop
  endfacet
  facet normal 0.27042 -0.27043 0.923981
    outer loop
      vertex 8.6371 9.70122 14.9327
      vertex 13.5538 14.6813 14.9513
      vertex 8.52762 9.80153 14.9941
    endloop
  endfacet
  facet normal 0.380034 -0.380036 -0.843295
    outer loop
      vertex 8.38061 9.93624 18.9053
      vertex 13.2109 14.9955 18.8021
      vertex 13.3304 14.886 18.9053
    endloop
  endfacet
  facet normal 0.380694 -0.380655 -0.842718
    outer loop
      vertex 8.35624 9.95858 18.8842
      vertex 13.2109 14.9955 18.8021
      vertex 8.38061 9.93624 18.9053
    endloop
  endfacet
  facet normal 0.379976 -0.379973 -0.84335
    outer loop
      vertex 13.2109 14.9955 18.8021
      vertex 8.35624 9.95858 18.8842
      vertex 8.25314 10.0377 18.8021
    endloop
  endfacet
  facet normal 0.270226 -0.270228 -0.924097
    outer loop
      vertex 8.52762 9.80153 19.0059
      vertex 13.456 14.7709 18.9939
      vertex 13.5538 14.6813 19.0487
    endloop
  endfacet
  facet normal 0.270602 -0.270601 -0.923878
    outer loop
      vertex 13.456 14.7709 18.9939
      vertex 8.52762 9.80153 19.0059
      vertex 8.50624 9.82112 18.9939
    endloop
  endfacet
  facet normal -0.706461 0.706487 -0.0423039
    outer loop
      vertex 15.6014 12.4902 17
      vertex 10.6094 7.50813 17.1628
      vertex 15.6001 12.4919 17.0501
    endloop
  endfacet
  facet normal -0.706447 0.70644 -0.0433065
    outer loop
      vertex 10.6094 7.50813 17.1628
      vertex 15.6014 12.4902 17
      vertex 10.6137 7.50245 17
    endloop
  endfacet
  facet normal -0.327014 0.32705 0.886623
    outer loop
      vertex 9.83991 8.48574 15.0206
      vertex 14.886 13.3304 15.0947
      vertex 14.8568 13.3622 15.0722
    endloop
  endfacet
  facet normal -0.32631 0.326308 0.887155
    outer loop
      vertex 14.886 13.3304 15.0947
      vertex 9.83991 8.48574 15.0206
      vertex 9.93624 8.38061 15.0947
    endloop
  endfacet
  facet normal -0.47777 0.477767 -0.737207
    outer loop
      vertex 10.1312 8.1313 18.6853
      vertex 15.1941 12.9941 18.5556
      vertex 10.2181 8.01807 18.5556
    endloop
  endfacet
  facet normal -0.477807 0.477807 -0.737157
    outer loop
      vertex 15.1941 12.9941 18.5556
      vertex 10.1312 8.1313 18.6853
      vertex 15.0984 13.0985 18.6853
    endloop
  endfacet
  facet normal -0.596444 0.596444 -0.537131
    outer loop
      vertex 10.4327 7.7383 18.1
      vertex 15.3571 12.8085 18.2619
      vertex 15.4204 12.726 18.1
    endloop
  endfacet
  facet normal -0.596419 0.596421 -0.537183
    outer loop
      vertex 15.3571 12.8085 18.2619
      vertex 10.4327 7.7383 18.1
      vertex 10.3694 7.82082 18.2619
    endloop
  endfacet
  facet normal -0.212764 0.212775 -0.953655
    outer loop
      vertex 9.57744 8.77218 19.125
      vertex 14.6197 13.621 19.0819
      vertex 9.5978 8.74996 19.1155
    endloop
  endfacet
  facet normal -0.212547 0.212549 -0.953754
    outer loop
      vertex 14.6197 13.621 19.0819
      vertex 9.57744 8.77218 19.125
      vertex 14.5272 13.7219 19.125
    endloop
  endfacet
  facet normal -0.706429 0.706421 0.0439021
    outer loop
      vertex 10.6086 7.50914 16.8083
      vertex 15.6001 12.4919 16.9499
      vertex 15.5963 12.4969 16.8083
    endloop
  endfacet
  facet normal -0.706423 0.706405 0.0442425
    outer loop
      vertex 15.6001 12.4919 16.9499
      vertex 10.6086 7.50914 16.8083
      vertex 10.6094 7.50813 16.8372
    endloop
  endfacet
  facet normal -0.0921103 0.092111 0.991479
    outer loop
      vertex 9.32205 9.05089 14.8084
      vertex 14.4005 13.8602 14.8334
      vertex 14.2718 14.0006 14.8084
    endloop
  endfacet
  facet normal -0.092107 0.0921076 0.99148
    outer loop
      vertex 14.4005 13.8602 14.8334
      vertex 9.32205 9.05089 14.8084
      vertex 9.45073 8.91046 14.8334
    endloop
  endfacet
  facet normal -0.701103 0.701102 0.130043
    outer loop
      vertex 10.5932 7.52919 16.618
      vertex 15.5849 12.5117 16.6676
      vertex 15.5809 12.5169 16.618
    endloop
  endfacet
  facet normal -0.701041 0.701033 0.130744
    outer loop
      vertex 15.5849 12.5117 16.6676
      vertex 10.5932 7.52919 16.618
      vertex 10.6063 7.51217 16.7795
    endloop
  endfacet
  facet normal 0.701125 -0.701127 -0.129786
    outer loop
      vertex 7.52919 10.5932 17.382
      vertex 12.5117 15.5849 17.3323
      vertex 12.5169 15.5809 17.382
    endloop
  endfacet
  facet normal 0.701031 -0.701043 -0.130744
    outer loop
      vertex 12.5117 15.5849 17.3323
      vertex 7.52919 10.5932 17.382
      vertex 7.51217 10.6063 17.2205
    endloop
  endfacet
  facet normal -0.706461 0.706487 0.0423039
    outer loop
      vertex 10.6094 7.50813 16.8372
      vertex 15.6014 12.4902 17
      vertex 15.6001 12.4919 16.9499
    endloop
  endfacet
  facet normal -0.706447 0.70644 0.0433065
    outer loop
      vertex 15.6014 12.4902 17
      vertex 10.6094 7.50813 16.8372
      vertex 10.6137 7.50245 17
    endloop
  endfacet
  facet normal 0.212591 -0.212586 0.953736
    outer loop
      vertex 13.5868 14.651 14.9327
      vertex 8.74996 9.5978 14.8845
      vertex 13.621 14.6197 14.9181
    endloop
  endfacet
  facet normal 0.212554 -0.212551 0.953752
    outer loop
      vertex 8.74996 9.5978 14.8845
      vertex 13.5868 14.651 14.9327
      vertex 8.6371 9.70122 14.9327
    endloop
  endfacet
  facet normal -0.32631 0.326308 -0.887155
    outer loop
      vertex 9.83991 8.48574 18.9794
      vertex 14.886 13.3304 18.9053
      vertex 9.93624 8.38061 18.9053
    endloop
  endfacet
  facet normal -0.327014 0.32705 -0.886623
    outer loop
      vertex 14.886 13.3304 18.9053
      vertex 9.83991 8.48574 18.9794
      vertex 14.8568 13.3622 18.9278
    endloop
  endfacet
  facet normal 0.212549 -0.212547 -0.953754
    outer loop
      vertex 8.77218 9.57744 19.125
      vertex 13.621 14.6197 19.0819
      vertex 13.7219 14.5272 19.125
    endloop
  endfacet
  facet normal 0.212775 -0.212764 -0.953655
    outer loop
      vertex 13.621 14.6197 19.0819
      vertex 8.77218 9.57744 19.125
      vertex 8.74996 9.5978 19.1155
    endloop
  endfacet
  facet normal 0.092111 -0.0921103 -0.991479
    outer loop
      vertex 9.05089 9.32205 19.1916
      vertex 13.8602 14.4005 19.1666
      vertex 14.0006 14.2718 19.1916
    endloop
  endfacet
  facet normal 0.0921076 -0.092107 -0.99148
    outer loop
      vertex 13.8602 14.4005 19.1666
      vertex 9.05089 9.32205 19.1916
      vertex 8.91046 9.45073 19.1666
    endloop
  endfacet
  facet normal -0.326323 0.326324 0.887145
    outer loop
      vertex 9.82112 8.50624 15.0061
      vertex 14.8568 13.3622 15.0722
      vertex 14.7709 13.456 15.0061
    endloop
  endfacet
  facet normal -0.32715 0.32719 0.886521
    outer loop
      vertex 14.8568 13.3622 15.0722
      vertex 9.82112 8.50624 15.0061
      vertex 9.83991 8.48574 15.0206
    endloop
  endfacet
  facet normal 0.430156 -0.430152 0.793685
    outer loop
      vertex 13.1823 15.0217 15.2276
      vertex 8.25314 10.0377 15.1979
      vertex 13.2109 14.9955 15.1979
    endloop
  endfacet
  facet normal 0.430346 -0.430339 0.79348
    outer loop
      vertex 8.25314 10.0377 15.1979
      vertex 13.1823 15.0217 15.2276
      vertex 8.15076 10.1162 15.296
    endloop
  endfacet
  facet normal -0.653299 0.653298 -0.382625
    outer loop
      vertex 15.52 12.5963 17.7524
      vertex 10.4872 7.66739 17.9298
      vertex 15.4749 12.6551 17.9298
    endloop
  endfacet
  facet normal -0.653316 0.653318 -0.382562
    outer loop
      vertex 10.4872 7.66739 17.9298
      vertex 15.52 12.5963 17.7524
      vertex 10.5323 7.60861 17.7524
    endloop
  endfacet
  facet normal 0.380034 -0.380036 0.843295
    outer loop
      vertex 13.2109 14.9955 15.1979
      vertex 8.38061 9.93624 15.0947
      vertex 13.3304 14.886 15.0947
    endloop
  endfacet
  facet normal 0.380694 -0.380655 0.842718
    outer loop
      vertex 13.2109 14.9955 15.1979
      vertex 8.35624 9.95858 15.1158
      vertex 8.38061 9.93624 15.0947
    endloop
  endfacet
  facet normal 0.379976 -0.379973 0.84335
    outer loop
      vertex 8.35624 9.95858 15.1158
      vertex 13.2109 14.9955 15.1979
      vertex 8.25314 10.0377 15.1979
    endloop
  endfacet
  facet normal 0.326324 -0.326323 0.887145
    outer loop
      vertex 13.3622 14.8568 15.0722
      vertex 8.50624 9.82112 15.0061
      vertex 13.456 14.7709 15.0061
    endloop
  endfacet
  facet normal 0.32719 -0.32715 0.886521
    outer loop
      vertex 8.50624 9.82112 15.0061
      vertex 13.3622 14.8568 15.0722
      vertex 8.48574 9.83991 15.0206
    endloop
  endfacet
  facet normal 0.70644 -0.706447 -0.0433065
    outer loop
      vertex 12.4902 15.6014 17
      vertex 7.50813 10.6094 17.1628
      vertex 7.50245 10.6137 17
    endloop
  endfacet
  facet normal 0.706487 -0.706461 -0.0423039
    outer loop
      vertex 7.50813 10.6094 17.1628
      vertex 12.4902 15.6014 17
      vertex 12.4919 15.6001 17.0501
    endloop
  endfacet
  facet normal -0.271341 0.271345 0.923442
    outer loop
      vertex 9.70122 8.6371 14.9327
      vertex 14.6813 13.5538 14.9513
      vertex 14.651 13.5868 14.9327
    endloop
  endfacet
  facet normal -0.27043 0.27042 0.923981
    outer loop
      vertex 14.6813 13.5538 14.9513
      vertex 9.70122 8.6371 14.9327
      vertex 9.80153 8.52762 14.9941
    endloop
  endfacet
  facet normal -0.674379 0.67438 -0.300707
    outer loop
      vertex 15.5554 12.5501 17.5694
      vertex 10.5323 7.60861 17.7524
      vertex 15.52 12.5963 17.7524
    endloop
  endfacet
  facet normal -0.674392 0.674396 -0.30064
    outer loop
      vertex 10.5323 7.60861 17.7524
      vertex 15.5554 12.5501 17.5694
      vertex 10.5677 7.56243 17.5694
    endloop
  endfacet
  facet normal -0.627105 0.627104 0.462038
    outer loop
      vertex 15.4204 12.726 15.9
      vertex 10.4872 7.66739 16.0702
      vertex 15.4749 12.6551 16.0702
    endloop
  endfacet
  facet normal -0.627094 0.627094 0.462067
    outer loop
      vertex 10.4872 7.66739 16.0702
      vertex 15.4204 12.726 15.9
      vertex 10.4327 7.7383 15.9
    endloop
  endfacet
  facet normal -0.701127 0.701125 -0.129786
    outer loop
      vertex 15.5849 12.5117 17.3323
      vertex 10.5932 7.52919 17.382
      vertex 15.5809 12.5169 17.382
    endloop
  endfacet
  facet normal -0.701043 0.701031 -0.130744
    outer loop
      vertex 10.5932 7.52919 17.382
      vertex 15.5849 12.5117 17.3323
      vertex 10.6063 7.51217 17.2205
    endloop
  endfacet
  facet normal 0.627104 -0.627105 -0.462038
    outer loop
      vertex 12.726 15.4204 18.1
      vertex 7.66739 10.4872 17.9298
      vertex 12.6551 15.4749 17.9298
    endloop
  endfacet
  facet normal 0.627094 -0.627094 -0.462067
    outer loop
      vertex 7.66739 10.4872 17.9298
      vertex 12.726 15.4204 18.1
      vertex 7.7383 10.4327 18.1
    endloop
  endfacet
  facet normal -0.212586 0.212591 0.953736
    outer loop
      vertex 9.5978 8.74996 14.8845
      vertex 14.651 13.5868 14.9327
      vertex 14.6197 13.621 14.9181
    endloop
  endfacet
  facet normal -0.212551 0.212554 0.953752
    outer loop
      vertex 14.651 13.5868 14.9327
      vertex 9.5978 8.74996 14.8845
      vertex 9.70122 8.6371 14.9327
    endloop
  endfacet
  facet normal -0.430508 0.430508 0.793301
    outer loop
      vertex 10.1162 8.15076 15.296
      vertex 15.0984 13.0985 15.3147
      vertex 15.0217 13.1823 15.2276
    endloop
  endfacet
  facet normal -0.430497 0.430497 0.793312
    outer loop
      vertex 15.0984 13.0985 15.3147
      vertex 10.1162 8.15076 15.296
      vertex 10.1312 8.1313 15.3147
    endloop
  endfacet
  facet normal 0.70644 -0.706447 0.0433065
    outer loop
      vertex 7.50813 10.6094 16.8372
      vertex 12.4902 15.6014 17
      vertex 7.50245 10.6137 17
    endloop
  endfacet
  facet normal 0.706487 -0.706461 0.0423039
    outer loop
      vertex 12.4902 15.6014 17
      vertex 7.50813 10.6094 16.8372
      vertex 12.4919 15.6001 16.9499
    endloop
  endfacet
  facet normal -0.212551 0.212554 -0.953752
    outer loop
      vertex 9.5978 8.74996 19.1155
      vertex 14.651 13.5868 19.0673
      vertex 9.70122 8.6371 19.0673
    endloop
  endfacet
  facet normal -0.212586 0.212591 -0.953736
    outer loop
      vertex 14.651 13.5868 19.0673
      vertex 9.5978 8.74996 19.1155
      vertex 14.6197 13.621 19.0819
    endloop
  endfacet
  facet normal -0.521294 0.521291 0.675654
    outer loop
      vertex 10.2181 8.01807 15.4444
      vertex 15.2818 12.8984 15.5859
      vertex 15.1941 12.9941 15.4444
    endloop
  endfacet
  facet normal -0.521344 0.521345 0.675574
    outer loop
      vertex 15.2818 12.8984 15.5859
      vertex 10.2181 8.01807 15.4444
      vertex 10.2977 7.91431 15.5859
    endloop
  endfacet
  facet normal 0.326324 -0.326323 -0.887145
    outer loop
      vertex 8.50624 9.82112 18.9939
      vertex 13.3622 14.8568 18.9278
      vertex 13.456 14.7709 18.9939
    endloop
  endfacet
  facet normal 0.32719 -0.32715 -0.886521
    outer loop
      vertex 13.3622 14.8568 18.9278
      vertex 8.50624 9.82112 18.9939
      vertex 8.48574 9.83991 18.9794
    endloop
  endfacet
  facet normal -0.32715 0.32719 -0.886521
    outer loop
      vertex 9.82112 8.50624 18.9939
      vertex 14.8568 13.3622 18.9278
      vertex 9.83991 8.48574 18.9794
    endloop
  endfacet
  facet normal -0.326323 0.326324 -0.887145
    outer loop
      vertex 14.8568 13.3622 18.9278
      vertex 9.82112 8.50624 18.9939
      vertex 14.7709 13.456 18.9939
    endloop
  endfacet
  facet normal 0.706405 -0.706423 0.0442425
    outer loop
      vertex 7.50914 10.6086 16.8083
      vertex 12.4919 15.6001 16.9499
      vertex 7.50813 10.6094 16.8372
    endloop
  endfacet
  facet normal 0.706421 -0.706429 0.0439021
    outer loop
      vertex 12.4919 15.6001 16.9499
      vertex 7.50914 10.6086 16.8083
      vertex 12.4969 15.5963 16.8083
    endloop
  endfacet
  facet normal -0.27043 0.27042 -0.923981
    outer loop
      vertex 9.70122 8.6371 19.0673
      vertex 14.6813 13.5538 19.0487
      vertex 9.80153 8.52762 19.0059
    endloop
  endfacet
  facet normal -0.271341 0.271345 -0.923442
    outer loop
      vertex 14.6813 13.5538 19.0487
      vertex 9.70122 8.6371 19.0673
      vertex 14.651 13.5868 19.0673
    endloop
  endfacet
  facet normal 0.430508 -0.430508 0.793301
    outer loop
      vertex 13.0985 15.0984 15.3147
      vertex 8.15076 10.1162 15.296
      vertex 13.1823 15.0217 15.2276
    endloop
  endfacet
  facet normal 0.430497 -0.430497 0.793312
    outer loop
      vertex 8.15076 10.1162 15.296
      vertex 13.0985 15.0984 15.3147
      vertex 8.1313 10.1312 15.3147
    endloop
  endfacet
  facet normal 0.477807 -0.477807 0.737157
    outer loop
      vertex 12.9941 15.1941 15.4444
      vertex 8.1313 10.1312 15.3147
      vertex 13.0985 15.0984 15.3147
    endloop
  endfacet
  facet normal 0.477767 -0.47777 0.737207
    outer loop
      vertex 8.1313 10.1312 15.3147
      vertex 12.9941 15.1941 15.4444
      vertex 8.01807 10.2181 15.4444
    endloop
  endfacet
  facet normal 0.270226 -0.270228 0.924097
    outer loop
      vertex 13.456 14.7709 15.0061
      vertex 8.52762 9.80153 14.9941
      vertex 13.5538 14.6813 14.9513
    endloop
  endfacet
  facet normal 0.270602 -0.270601 0.923878
    outer loop
      vertex 8.52762 9.80153 14.9941
      vertex 13.456 14.7709 15.0061
      vertex 8.50624 9.82112 15.0061
    endloop
  endfacet
  facet normal -0.627105 0.627104 -0.462038
    outer loop
      vertex 10.4872 7.66739 17.9298
      vertex 15.4204 12.726 18.1
      vertex 15.4749 12.6551 17.9298
    endloop
  endfacet
  facet normal -0.627094 0.627094 -0.462067
    outer loop
      vertex 15.4204 12.726 18.1
      vertex 10.4872 7.66739 17.9298
      vertex 10.4327 7.7383 18.1
    endloop
  endfacet
  facet normal -0.092107 0.0921076 -0.99148
    outer loop
      vertex 9.32205 9.05089 19.1916
      vertex 14.4005 13.8602 19.1666
      vertex 9.45073 8.91046 19.1666
    endloop
  endfacet
  facet normal -0.0921103 0.092111 -0.991479
    outer loop
      vertex 14.4005 13.8602 19.1666
      vertex 9.32205 9.05089 19.1916
      vertex 14.2718 14.0006 19.1916
    endloop
  endfacet
  facet normal -0.430152 0.430156 0.793685
    outer loop
      vertex 10.0377 8.25314 15.1979
      vertex 15.0217 13.1823 15.2276
      vertex 14.9955 13.2109 15.1979
    endloop
  endfacet
  facet normal -0.430339 0.430346 0.79348
    outer loop
      vertex 15.0217 13.1823 15.2276
      vertex 10.0377 8.25314 15.1979
      vertex 10.1162 8.15076 15.296
    endloop
  endfacet
  facet normal -0.0309438 0.0309438 0.999042
    outer loop
      vertex 9.19239 9.19239 14.8
      vertex 14.2718 14.0006 14.8084
      vertex 14.1421 14.1421 14.8
    endloop
  endfacet
  facet normal -0.0309482 0.0309485 0.999042
    outer loop
      vertex 14.2718 14.0006 14.8084
      vertex 9.19239 9.19239 14.8
      vertex 9.32205 9.05089 14.8084
    endloop
  endfacet
  facet normal -0.701054 0.70104 -0.130636
    outer loop
      vertex 15.5963 12.4969 17.1917
      vertex 10.6063 7.51217 17.2205
      vertex 15.5849 12.5117 17.3323
    endloop
  endfacet
  facet normal -0.701133 0.701125 -0.129757
    outer loop
      vertex 10.6063 7.51217 17.2205
      vertex 15.5963 12.4969 17.1917
      vertex 10.6086 7.50914 17.1917
    endloop
  endfacet
  facet normal -0.706429 0.706421 -0.0439021
    outer loop
      vertex 15.6001 12.4919 17.0501
      vertex 10.6086 7.50914 17.1917
      vertex 15.5963 12.4969 17.1917
    endloop
  endfacet
  facet normal -0.706423 0.706405 -0.0442425
    outer loop
      vertex 10.6086 7.50914 17.1917
      vertex 15.6001 12.4919 17.0501
      vertex 10.6094 7.50813 17.1628
    endloop
  endfacet
  facet normal 0.690375 -0.690376 0.216249
    outer loop
      vertex 7.52919 10.5932 16.618
      vertex 12.5501 15.5554 16.4306
      vertex 12.5169 15.5809 16.618
    endloop
  endfacet
  facet normal 0.690355 -0.690351 0.216389
    outer loop
      vertex 12.5501 15.5554 16.4306
      vertex 7.52919 10.5932 16.618
      vertex 7.56243 10.5677 16.4306
    endloop
  endfacet
  facet normal -0.270228 0.270226 0.924097
    outer loop
      vertex 9.80153 8.52762 14.9941
      vertex 14.7709 13.456 15.0061
      vertex 14.6813 13.5538 14.9513
    endloop
  endfacet
  facet normal -0.270601 0.270602 0.923878
    outer loop
      vertex 14.7709 13.456 15.0061
      vertex 9.80153 8.52762 14.9941
      vertex 9.82112 8.50624 15.0061
    endloop
  endfacet
  facet normal -0.477807 0.477807 0.737157
    outer loop
      vertex 10.1312 8.1313 15.3147
      vertex 15.1941 12.9941 15.4444
      vertex 15.0984 13.0985 15.3147
    endloop
  endfacet
  facet normal -0.47777 0.477767 0.737207
    outer loop
      vertex 15.1941 12.9941 15.4444
      vertex 10.1312 8.1313 15.3147
      vertex 10.2181 8.01807 15.4444
    endloop
  endfacet
  facet normal -0.379973 0.379976 -0.84335
    outer loop
      vertex 9.95858 8.35624 18.8842
      vertex 14.9955 13.2109 18.8021
      vertex 10.0377 8.25314 18.8021
    endloop
  endfacet
  facet normal -0.380655 0.380694 -0.842718
    outer loop
      vertex 9.93624 8.38061 18.9053
      vertex 14.9955 13.2109 18.8021
      vertex 9.95858 8.35624 18.8842
    endloop
  endfacet
  facet normal -0.380036 0.380034 -0.843295
    outer loop
      vertex 14.9955 13.2109 18.8021
      vertex 9.93624 8.38061 18.9053
      vertex 14.886 13.3304 18.9053
    endloop
  endfacet
  facet normal 0.32705 -0.327014 -0.886623
    outer loop
      vertex 8.48574 9.83991 18.9794
      vertex 13.3304 14.886 18.9053
      vertex 13.3622 14.8568 18.9278
    endloop
  endfacet
  facet normal 0.326308 -0.32631 -0.887155
    outer loop
      vertex 13.3304 14.886 18.9053
      vertex 8.48574 9.83991 18.9794
      vertex 8.38061 9.93624 18.9053
    endloop
  endfacet
  facet normal -0.596444 0.596444 0.537131
    outer loop
      vertex 15.3571 12.8085 15.7381
      vertex 10.4327 7.7383 15.9
      vertex 15.4204 12.726 15.9
    endloop
  endfacet
  facet normal -0.596419 0.596421 0.537183
    outer loop
      vertex 10.4327 7.7383 15.9
      vertex 15.3571 12.8085 15.7381
      vertex 10.3694 7.82082 15.7381
    endloop
  endfacet
  facet normal -0.565854 0.556309 0.608548
    outer loop
      vertex 15.2818 12.8984 15.5859
      vertex 15.3571 12.8085 15.7381
      vertex 15.3209 12.8558 15.6612
    endloop
  endfacet
  facet normal -0.560937 0.560938 0.60885
    outer loop
      vertex 10.2977 7.91431 15.5859
      vertex 15.3571 12.8085 15.7381
      vertex 15.2818 12.8984 15.5859
    endloop
  endfacet
  facet normal -0.560949 0.560951 0.608826
    outer loop
      vertex 15.3571 12.8085 15.7381
      vertex 10.2977 7.91431 15.5859
      vertex 10.3694 7.82082 15.7381
    endloop
  endfacet
  facet normal 0.430508 -0.430508 -0.793301
    outer loop
      vertex 8.15076 10.1162 18.704
      vertex 13.0985 15.0984 18.6853
      vertex 13.1823 15.0217 18.7724
    endloop
  endfacet
  facet normal 0.430497 -0.430497 -0.793312
    outer loop
      vertex 13.0985 15.0984 18.6853
      vertex 8.15076 10.1162 18.704
      vertex 8.1313 10.1312 18.6853
    endloop
  endfacet
  facet normal 0.15325 -0.15325 -0.976232
    outer loop
      vertex 8.91046 9.45073 19.1666
      vertex 13.7219 14.5272 19.125
      vertex 13.8602 14.4005 19.1666
    endloop
  endfacet
  facet normal 0.153256 -0.153255 -0.97623
    outer loop
      vertex 13.7219 14.5272 19.125
      vertex 8.91046 9.45073 19.1666
      vertex 8.77218 9.57744 19.125
    endloop
  endfacet
  facet normal 0.596444 -0.596444 0.537131
    outer loop
      vertex 7.7383 10.4327 15.9
      vertex 12.8085 15.3571 15.7381
      vertex 12.726 15.4204 15.9
    endloop
  endfacet
  facet normal 0.596421 -0.596419 0.537183
    outer loop
      vertex 12.8085 15.3571 15.7381
      vertex 7.7383 10.4327 15.9
      vertex 7.82082 10.3694 15.7381
    endloop
  endfacet
  facet normal 0.212549 -0.212547 0.953754
    outer loop
      vertex 13.621 14.6197 14.9181
      vertex 8.77218 9.57744 14.875
      vertex 13.7219 14.5272 14.875
    endloop
  endfacet
  facet normal 0.212775 -0.212764 0.953655
    outer loop
      vertex 8.77218 9.57744 14.875
      vertex 13.621 14.6197 14.9181
      vertex 8.74996 9.5978 14.8845
    endloop
  endfacet
  facet normal -0.521344 0.521345 -0.675574
    outer loop
      vertex 10.2181 8.01807 18.5556
      vertex 15.2818 12.8984 18.4141
      vertex 10.2977 7.91431 18.4141
    endloop
  endfacet
  facet normal -0.521294 0.521291 -0.675654
    outer loop
      vertex 15.2818 12.8984 18.4141
      vertex 10.2181 8.01807 18.5556
      vertex 15.1941 12.9941 18.5556
    endloop
  endfacet
  facet normal 0.674381 -0.674377 -0.300707
    outer loop
      vertex 12.5963 15.52 17.7524
      vertex 7.56243 10.5677 17.5694
      vertex 12.5501 15.5554 17.5694
    endloop
  endfacet
  facet normal 0.674395 -0.674394 -0.30064
    outer loop
      vertex 7.56243 10.5677 17.5694
      vertex 12.5963 15.52 17.7524
      vertex 7.60861 10.5323 17.7524
    endloop
  endfacet
  facet normal -0.153255 0.153256 -0.97623
    outer loop
      vertex 9.45073 8.91046 19.1666
      vertex 14.5272 13.7219 19.125
      vertex 9.57744 8.77218 19.125
    endloop
  endfacet
  facet normal -0.15325 0.15325 -0.976232
    outer loop
      vertex 14.5272 13.7219 19.125
      vertex 9.45073 8.91046 19.1666
      vertex 14.4005 13.8602 19.1666
    endloop
  endfacet
  facet normal -0.430339 0.430346 -0.79348
    outer loop
      vertex 10.0377 8.25314 18.8021
      vertex 15.0217 13.1823 18.7724
      vertex 10.1162 8.15076 18.704
    endloop
  endfacet
  facet normal -0.430152 0.430156 -0.793685
    outer loop
      vertex 15.0217 13.1823 18.7724
      vertex 10.0377 8.25314 18.8021
      vertex 14.9955 13.2109 18.8021
    endloop
  endfacet
  facet normal -0.430497 0.430497 -0.793312
    outer loop
      vertex 10.1162 8.15076 18.704
      vertex 15.0984 13.0985 18.6853
      vertex 10.1312 8.1313 18.6853
    endloop
  endfacet
  facet normal -0.430508 0.430508 -0.793301
    outer loop
      vertex 15.0984 13.0985 18.6853
      vertex 10.1162 8.15076 18.704
      vertex 15.0217 13.1823 18.7724
    endloop
  endfacet
  facet normal -0.565854 0.556309 -0.608548
    outer loop
      vertex 15.3571 12.8085 18.2619
      vertex 15.2818 12.8984 18.4141
      vertex 15.3209 12.8558 18.3388
    endloop
  endfacet
  facet normal -0.560949 0.560951 -0.608826
    outer loop
      vertex 10.2977 7.91431 18.4141
      vertex 15.3571 12.8085 18.2619
      vertex 10.3694 7.82082 18.2619
    endloop
  endfacet
  facet normal -0.560937 0.560938 -0.60885
    outer loop
      vertex 15.3571 12.8085 18.2619
      vertex 10.2977 7.91431 18.4141
      vertex 15.2818 12.8984 18.4141
    endloop
  endfacet
  facet normal -0.212547 0.212549 0.953754
    outer loop
      vertex 9.57744 8.77218 14.875
      vertex 14.6197 13.621 14.9181
      vertex 14.5272 13.7219 14.875
    endloop
  endfacet
  facet normal -0.212764 0.212775 0.953655
    outer loop
      vertex 14.6197 13.621 14.9181
      vertex 9.57744 8.77218 14.875
      vertex 9.5978 8.74996 14.8845
    endloop
  endfacet
  facet normal -0.15325 0.15325 0.976232
    outer loop
      vertex 9.45073 8.91046 14.8334
      vertex 14.5272 13.7219 14.875
      vertex 14.4005 13.8602 14.8334
    endloop
  endfacet
  facet normal -0.153255 0.153256 0.97623
    outer loop
      vertex 14.5272 13.7219 14.875
      vertex 9.45073 8.91046 14.8334
      vertex 9.57744 8.77218 14.875
    endloop
  endfacet
  facet normal -0.674379 0.67438 0.300707
    outer loop
      vertex 10.5323 7.60861 16.2476
      vertex 15.5554 12.5501 16.4306
      vertex 15.52 12.5963 16.2476
    endloop
  endfacet
  facet normal -0.674392 0.674396 0.30064
    outer loop
      vertex 15.5554 12.5501 16.4306
      vertex 10.5323 7.60861 16.2476
      vertex 10.5677 7.56243 16.4306
    endloop
  endfacet
  facet normal 0.596444 -0.596444 -0.537131
    outer loop
      vertex 12.8085 15.3571 18.2619
      vertex 7.7383 10.4327 18.1
      vertex 12.726 15.4204 18.1
    endloop
  endfacet
  facet normal 0.596421 -0.596419 -0.537183
    outer loop
      vertex 7.7383 10.4327 18.1
      vertex 12.8085 15.3571 18.2619
      vertex 7.82082 10.3694 18.2619
    endloop
  endfacet
  facet normal 0.521291 -0.521294 -0.675654
    outer loop
      vertex 8.01807 10.2181 18.5556
      vertex 12.8984 15.2818 18.4141
      vertex 12.9941 15.1941 18.5556
    endloop
  endfacet
  facet normal 0.521345 -0.521344 -0.675574
    outer loop
      vertex 12.8984 15.2818 18.4141
      vertex 8.01807 10.2181 18.5556
      vertex 7.91431 10.2977 18.4141
    endloop
  endfacet
  facet normal 0.653299 -0.653298 -0.382625
    outer loop
      vertex 12.6551 15.4749 17.9298
      vertex 7.60861 10.5323 17.7524
      vertex 12.5963 15.52 17.7524
    endloop
  endfacet
  facet normal 0.653316 -0.653318 -0.382562
    outer loop
      vertex 7.60861 10.5323 17.7524
      vertex 12.6551 15.4749 17.9298
      vertex 7.66739 10.4872 17.9298
    endloop
  endfacet
endsolid OpenSCAD_Model
