solid OpenSCAD_Model
  facet normal 0 0 1
    outer loop
      vertex -30.0366 5.29627 15.6
      vertex -32.0063 5.64357 15.6
      vertex -30.3839 2.65825 15.6
    endloop
  endfacet
  facet normal -0 0 1
    outer loop
      vertex -32.0063 5.64357 15.6
      vertex -30.0366 5.29627 15.6
      vertex -31.8386 6.4 15.6
    endloop
  endfacet
  facet normal -0 0 1
    outer loop
      vertex -31.8386 6.4 15.6
      vertex -30.0366 5.29627 15.6
      vertex -29.7919 6.4 15.6
    endloop
  endfacet
  facet normal -0 0 1
    outer loop
      vertex -32.3763 2.83256 15.6
      vertex -30.3839 2.65825 15.6
      vertex -32.0063 5.64357 15.6
    endloop
  endfacet
  facet normal 0 0 1
    outer loop
      vertex -30.3839 2.65825 15.6
      vertex -32.3763 2.83256 15.6
      vertex -30.5 0 15.6
    endloop
  endfacet
  facet normal 0 0 1
    outer loop
      vertex -30.0366 -5.29627 15.6
      vertex -31.8386 -6.4 15.6
      vertex -29.7919 -6.4 15.6
    endloop
  endfacet
  facet normal 0 0 1
    outer loop
      vertex -32.5 0 15.6
      vertex -30.5 0 15.6
      vertex -32.3763 2.83256 15.6
    endloop
  endfacet
  facet normal 0 0 1
    outer loop
      vertex -30.5 0 15.6
      vertex -32.5 0 15.6
      vertex -30.3839 -2.65825 15.6
    endloop
  endfacet
  facet normal 0 -0 1
    outer loop
      vertex -32.3763 -2.83256 15.6
      vertex -30.3839 -2.65825 15.6
      vertex -32.5 0 15.6
    endloop
  endfacet
  facet normal 0 -0 1
    outer loop
      vertex -32.0063 -5.64357 15.6
      vertex -30.0366 -5.29627 15.6
      vertex -32.3763 -2.83256 15.6
    endloop
  endfacet
  facet normal 0 0 1
    outer loop
      vertex -30.0366 -5.29627 15.6
      vertex -32.0063 -5.64357 15.6
      vertex -31.8386 -6.4 15.6
    endloop
  endfacet
  facet normal 0 0 1
    outer loop
      vertex -30.3839 -2.65825 15.6
      vertex -32.3763 -2.83256 15.6
      vertex -30.0366 -5.29627 15.6
    endloop
  endfacet
  facet normal 0 0 1
    outer loop
      vertex 30.5 0 15.6
      vertex 32.5 0 15.6
      vertex 32.3763 2.83256 15.6
    endloop
  endfacet
  facet normal 0 0 1
    outer loop
      vertex 30.3839 2.65825 15.6
      vertex 32.3763 2.83256 15.6
      vertex 32.0063 5.64357 15.6
    endloop
  endfacet
  facet normal 0 0 1
    outer loop
      vertex 32.5 0 15.6
      vertex 30.5 0 15.6
      vertex 32.3763 -2.83256 15.6
    endloop
  endfacet
  facet normal 0 0 1
    outer loop
      vertex 30.0366 5.29627 15.6
      vertex 32.0063 5.64357 15.6
      vertex 31.8386 6.4 15.6
    endloop
  endfacet
  facet normal -0 0 1
    outer loop
      vertex 30.3839 -2.65825 15.6
      vertex 32.3763 -2.83256 15.6
      vertex 30.5 0 15.6
    endloop
  endfacet
  facet normal 0 0 1
    outer loop
      vertex 32.3763 -2.83256 15.6
      vertex 30.3839 -2.65825 15.6
      vertex 32.0063 -5.64357 15.6
    endloop
  endfacet
  facet normal 0 0 1
    outer loop
      vertex 32.3763 2.83256 15.6
      vertex 30.3839 2.65825 15.6
      vertex 30.5 0 15.6
    endloop
  endfacet
  facet normal 0 0 1
    outer loop
      vertex 32.0063 5.64357 15.6
      vertex 30.0366 5.29627 15.6
      vertex 30.3839 2.65825 15.6
    endloop
  endfacet
  facet normal 0 -0 1
    outer loop
      vertex 30.0366 5.29627 15.6
      vertex 31.8386 6.4 15.6
      vertex 29.7919 6.4 15.6
    endloop
  endfacet
  facet normal -0 0 1
    outer loop
      vertex 30.0366 -5.29627 15.6
      vertex 32.0063 -5.64357 15.6
      vertex 30.3839 -2.65825 15.6
    endloop
  endfacet
  facet normal 0 0 1
    outer loop
      vertex 32.0063 -5.64357 15.6
      vertex 30.0366 -5.29627 15.6
      vertex 31.8386 -6.4 15.6
    endloop
  endfacet
  facet normal 0 0 1
    outer loop
      vertex 31.8386 -6.4 15.6
      vertex 30.0366 -5.29627 15.6
      vertex 29.7919 -6.4 15.6
    endloop
  endfacet
  facet normal 0 1 -0
    outer loop
      vertex -29.7919 -6.4 15.6
      vertex -31.8386 -6.4 44
      vertex -29.7919 -6.4 44
    endloop
  endfacet
  facet normal 0 1 0
    outer loop
      vertex -31.8386 -6.4 44
      vertex -29.7919 -6.4 15.6
      vertex -31.8386 -6.4 15.6
    endloop
  endfacet
  facet normal 0 1 -0
    outer loop
      vertex 31.8386 -6.4 15.6
      vertex 29.7919 -6.4 44
      vertex 31.8386 -6.4 44
    endloop
  endfacet
  facet normal 0 1 0
    outer loop
      vertex 29.7919 -6.4 44
      vertex 31.8386 -6.4 15.6
      vertex 29.7919 -6.4 15.6
    endloop
  endfacet
  facet normal 0 -1 0
    outer loop
      vertex -31.8386 6.4 15.6
      vertex -29.7919 6.4 44
      vertex -31.8386 6.4 44
    endloop
  endfacet
  facet normal 0 -1 -0
    outer loop
      vertex -29.7919 6.4 44
      vertex -31.8386 6.4 15.6
      vertex -29.7919 6.4 15.6
    endloop
  endfacet
  facet normal 0 -1 0
    outer loop
      vertex 29.7919 6.4 15.6
      vertex 31.8386 6.4 44
      vertex 29.7919 6.4 44
    endloop
  endfacet
  facet normal 0 -1 -0
    outer loop
      vertex 31.8386 6.4 44
      vertex 29.7919 6.4 15.6
      vertex 31.8386 6.4 15.6
    endloop
  endfacet
  facet normal 0 0 1
    outer loop
      vertex 5.29627 30.0366 7.6
      vertex 6.4 31.8386 7.6
      vertex 5.64357 32.0063 7.6
    endloop
  endfacet
  facet normal 0 0 1
    outer loop
      vertex 6.4 31.8386 7.6
      vertex 5.29627 30.0366 7.6
      vertex 6.4 29.7919 7.6
    endloop
  endfacet
  facet normal 0 0 1
    outer loop
      vertex 2.83256 32.3763 7.6
      vertex 5.29627 30.0366 7.6
      vertex 5.64357 32.0063 7.6
    endloop
  endfacet
  facet normal 0 0 1
    outer loop
      vertex 2.83256 32.3763 7.6
      vertex 2.65825 30.3839 7.6
      vertex 5.29627 30.0366 7.6
    endloop
  endfacet
  facet normal 0 0 1
    outer loop
      vertex 0 32.5 7.6
      vertex 2.65825 30.3839 7.6
      vertex 2.83256 32.3763 7.6
    endloop
  endfacet
  facet normal 0 0 1
    outer loop
      vertex 0 32.5 7.6
      vertex 0 30.5 7.6
      vertex 2.65825 30.3839 7.6
    endloop
  endfacet
  facet normal 0 0 1
    outer loop
      vertex 0 32.5 7.6
      vertex -2.65825 30.3839 7.6
      vertex 0 30.5 7.6
    endloop
  endfacet
  facet normal -0 0 1
    outer loop
      vertex -2.83256 32.3763 7.6
      vertex -2.65825 30.3839 7.6
      vertex 0 32.5 7.6
    endloop
  endfacet
  facet normal 0 0 1
    outer loop
      vertex -2.83256 32.3763 7.6
      vertex -5.29627 30.0366 7.6
      vertex -2.65825 30.3839 7.6
    endloop
  endfacet
  facet normal -0 0 1
    outer loop
      vertex -5.64357 32.0063 7.6
      vertex -5.29627 30.0366 7.6
      vertex -2.83256 32.3763 7.6
    endloop
  endfacet
  facet normal -0 0 1
    outer loop
      vertex -6.4 31.8386 7.6
      vertex -5.29627 30.0366 7.6
      vertex -5.64357 32.0063 7.6
    endloop
  endfacet
  facet normal 0 0 1
    outer loop
      vertex -5.29627 30.0366 7.6
      vertex -6.4 31.8386 7.6
      vertex -6.4 29.7919 7.6
    endloop
  endfacet
  facet normal -0 0 1
    outer loop
      vertex 5.29627 -30.0366 7.6
      vertex 6.4 -31.8386 7.6
      vertex 6.4 -29.7919 7.6
    endloop
  endfacet
  facet normal 0 0 1
    outer loop
      vertex 6.4 -31.8386 7.6
      vertex 5.29627 -30.0366 7.6
      vertex 5.64357 -32.0063 7.6
    endloop
  endfacet
  facet normal 0 0 1
    outer loop
      vertex 5.29627 -30.0366 7.6
      vertex 2.83256 -32.3763 7.6
      vertex 5.64357 -32.0063 7.6
    endloop
  endfacet
  facet normal -0 0 1
    outer loop
      vertex 2.65825 -30.3839 7.6
      vertex 2.83256 -32.3763 7.6
      vertex 5.29627 -30.0366 7.6
    endloop
  endfacet
  facet normal -0 0 1
    outer loop
      vertex 0 -30.5 7.6
      vertex 2.83256 -32.3763 7.6
      vertex 2.65825 -30.3839 7.6
    endloop
  endfacet
  facet normal 0 0 1
    outer loop
      vertex 0 -30.5 7.6
      vertex 0 -32.5 7.6
      vertex 2.83256 -32.3763 7.6
    endloop
  endfacet
  facet normal 0 0 1
    outer loop
      vertex -2.65825 -30.3839 7.6
      vertex 0 -32.5 7.6
      vertex 0 -30.5 7.6
    endloop
  endfacet
  facet normal 0 0 1
    outer loop
      vertex -2.65825 -30.3839 7.6
      vertex -2.83256 -32.3763 7.6
      vertex 0 -32.5 7.6
    endloop
  endfacet
  facet normal 0 0 1
    outer loop
      vertex -5.29627 -30.0366 7.6
      vertex -2.83256 -32.3763 7.6
      vertex -2.65825 -30.3839 7.6
    endloop
  endfacet
  facet normal 0 0 1
    outer loop
      vertex -5.29627 -30.0366 7.6
      vertex -5.64357 -32.0063 7.6
      vertex -2.83256 -32.3763 7.6
    endloop
  endfacet
  facet normal 0 0 1
    outer loop
      vertex -6.4 -31.8386 7.6
      vertex -5.29627 -30.0366 7.6
      vertex -6.4 -29.7919 7.6
    endloop
  endfacet
  facet normal 0 0 1
    outer loop
      vertex -5.29627 -30.0366 7.6
      vertex -6.4 -31.8386 7.6
      vertex -5.64357 -32.0063 7.6
    endloop
  endfacet
  facet normal 1 -0 0
    outer loop
      vertex -6.4 29.7919 44
      vertex -6.4 31.8386 7.6
      vertex -6.4 31.8386 44
    endloop
  endfacet
  facet normal 1 0 0
    outer loop
      vertex -6.4 31.8386 7.6
      vertex -6.4 29.7919 44
      vertex -6.4 29.7919 7.6
    endloop
  endfacet
  facet normal 1 -0 0
    outer loop
      vertex -6.4 -31.8386 44
      vertex -6.4 -29.7919 7.6
      vertex -6.4 -29.7919 44
    endloop
  endfacet
  facet normal 1 0 0
    outer loop
      vertex -6.4 -29.7919 7.6
      vertex -6.4 -31.8386 44
      vertex -6.4 -31.8386 7.6
    endloop
  endfacet
  facet normal -1 0 0
    outer loop
      vertex 6.4 29.7919 7.6
      vertex 6.4 31.8386 44
      vertex 6.4 31.8386 7.6
    endloop
  endfacet
  facet normal -1 -0 0
    outer loop
      vertex 6.4 31.8386 44
      vertex 6.4 29.7919 7.6
      vertex 6.4 29.7919 44
    endloop
  endfacet
  facet normal -1 0 0
    outer loop
      vertex 6.4 -31.8386 7.6
      vertex 6.4 -29.7919 44
      vertex 6.4 -29.7919 7.6
    endloop
  endfacet
  facet normal -1 -0 0
    outer loop
      vertex 6.4 -29.7919 44
      vertex 6.4 -31.8386 7.6
      vertex 6.4 -31.8386 44
    endloop
  endfacet
  facet normal 0.793358 0.608756 0
    outer loop
      vertex 26.6224 18.6412 44
      vertex 24.8964 20.8906 0
      vertex 24.8964 20.8906 44
    endloop
  endfacet
  facet normal 0.793358 0.608756 0
    outer loop
      vertex 24.8964 20.8906 0
      vertex 26.6224 18.6412 44
      vertex 26.6224 18.6412 0
    endloop
  endfacet
  facet normal 0.991448 -0.1305 0
    outer loop
      vertex 32.0063 -5.64357 15.6
      vertex 32.3763 -2.83256 0
      vertex 32.3763 -2.83256 15.6
    endloop
  endfacet
  facet normal 0.991448 -0.1305 0
    outer loop
      vertex 32.3763 -2.83256 0
      vertex 32.0063 -5.64357 15.6
      vertex 32.0063 -5.64357 0
    endloop
  endfacet
  facet normal 0.999048 -0.0436292 0
    outer loop
      vertex 32.3763 -2.83256 15.6
      vertex 32.5 0 0
      vertex 32.5 0 15.6
    endloop
  endfacet
  facet normal 0.999048 -0.0436292 0
    outer loop
      vertex 32.5 0 0
      vertex 32.3763 -2.83256 15.6
      vertex 32.3763 -2.83256 0
    endloop
  endfacet
  facet normal 0.976292 -0.216456 0
    outer loop
      vertex 31.8386 -6.4 44
      vertex 31.3926 -8.41162 44
      vertex 31.8386 -6.4 15.6
    endloop
  endfacet
  facet normal 0.976295 -0.216444 0
    outer loop
      vertex 31.8386 -6.4 15.6
      vertex 32.0063 -5.64357 0
      vertex 32.0063 -5.64357 15.6
    endloop
  endfacet
  facet normal 0.976292 -0.216456 0
    outer loop
      vertex 31.3926 -8.41162 0
      vertex 31.8386 -6.4 15.6
      vertex 31.3926 -8.41162 44
    endloop
  endfacet
  facet normal 0.976293 -0.216452 -4.31968e-07
    outer loop
      vertex 31.8386 -6.4 15.6
      vertex 31.3926 -8.41162 0
      vertex 32.0063 -5.64357 0
    endloop
  endfacet
  facet normal -0.608756 0.793358 0
    outer loop
      vertex -18.6412 26.6224 0
      vertex -20.8906 24.8964 44
      vertex -18.6412 26.6224 44
    endloop
  endfacet
  facet normal -0.608756 0.793358 0
    outer loop
      vertex -20.8906 24.8964 44
      vertex -18.6412 26.6224 0
      vertex -20.8906 24.8964 0
    endloop
  endfacet
  facet normal -0.216444 0.976295 0
    outer loop
      vertex -5.64357 32.0063 7.6
      vertex -5.64357 32.0063 0
      vertex -6.4 31.8386 7.6
    endloop
  endfacet
  facet normal -0.216456 0.976292 0
    outer loop
      vertex -6.4 31.8386 7.6
      vertex -8.41162 31.3926 44
      vertex -6.4 31.8386 44
    endloop
  endfacet
  facet normal -0.216456 0.976292 0
    outer loop
      vertex -6.4 31.8386 7.6
      vertex -8.41162 31.3926 0
      vertex -8.41162 31.3926 44
    endloop
  endfacet
  facet normal -0.216452 0.976293 -8.86671e-07
    outer loop
      vertex -8.41162 31.3926 0
      vertex -6.4 31.8386 7.6
      vertex -5.64357 32.0063 0
    endloop
  endfacet
  facet normal 0.382686 0.923878 -0
    outer loop
      vertex 13.7351 29.455 0
      vertex 11.1157 30.54 44
      vertex 13.7351 29.455 44
    endloop
  endfacet
  facet normal 0.382686 0.923878 0
    outer loop
      vertex 11.1157 30.54 44
      vertex 13.7351 29.455 0
      vertex 11.1157 30.54 0
    endloop
  endfacet
  facet normal -0.461756 0.887007 0
    outer loop
      vertex -13.7351 29.455 0
      vertex -16.25 28.1458 44
      vertex -13.7351 29.455 44
    endloop
  endfacet
  facet normal -0.461756 0.887007 0
    outer loop
      vertex -16.25 28.1458 44
      vertex -13.7351 29.455 0
      vertex -16.25 28.1458 0
    endloop
  endfacet
  facet normal -0.675571 0.737295 0
    outer loop
      vertex -20.8906 24.8964 0
      vertex -22.981 22.981 44
      vertex -20.8906 24.8964 44
    endloop
  endfacet
  facet normal -0.675571 0.737295 0
    outer loop
      vertex -22.981 22.981 44
      vertex -20.8906 24.8964 0
      vertex -22.981 22.981 0
    endloop
  endfacet
  facet normal 0.953716 0.300708 0
    outer loop
      vertex 31.3926 8.41162 44
      vertex 30.54 11.1157 0
      vertex 30.54 11.1157 44
    endloop
  endfacet
  facet normal 0.953716 0.300708 0
    outer loop
      vertex 30.54 11.1157 0
      vertex 31.3926 8.41162 44
      vertex 31.3926 8.41162 0
    endloop
  endfacet
  facet normal -0.953716 -0.300708 0
    outer loop
      vertex -30.54 -11.1157 0
      vertex -31.3926 -8.41162 44
      vertex -31.3926 -8.41162 0
    endloop
  endfacet
  facet normal -0.953716 -0.300708 0
    outer loop
      vertex -31.3926 -8.41162 44
      vertex -30.54 -11.1157 0
      vertex -30.54 -11.1157 44
    endloop
  endfacet
  facet normal 0.1305 0.991448 -0
    outer loop
      vertex 5.64357 32.0063 0
      vertex 2.83256 32.3763 7.6
      vertex 5.64357 32.0063 7.6
    endloop
  endfacet
  facet normal 0.1305 0.991448 0
    outer loop
      vertex 2.83256 32.3763 7.6
      vertex 5.64357 32.0063 0
      vertex 2.83256 32.3763 0
    endloop
  endfacet
  facet normal -0.737295 -0.675571 0
    outer loop
      vertex -22.981 -22.981 0
      vertex -24.8964 -20.8906 44
      vertex -24.8964 -20.8906 0
    endloop
  endfacet
  facet normal -0.737295 -0.675571 0
    outer loop
      vertex -24.8964 -20.8906 44
      vertex -22.981 -22.981 0
      vertex -22.981 -22.981 44
    endloop
  endfacet
  facet normal 0.537309 0.843385 -0
    outer loop
      vertex 18.6412 26.6224 0
      vertex 16.25 28.1458 44
      vertex 18.6412 26.6224 44
    endloop
  endfacet
  facet normal 0.537309 0.843385 0
    outer loop
      vertex 16.25 28.1458 44
      vertex 18.6412 26.6224 0
      vertex 16.25 28.1458 0
    endloop
  endfacet
  facet normal 0 0 1
    outer loop
      vertex 29.4607 7.89398 44
      vertex 31.3926 8.41162 44
      vertex 30.54 11.1157 44
    endloop
  endfacet
  facet normal 0 -0 1
    outer loop
      vertex 29.7919 6.4 44
      vertex 31.3926 8.41162 44
      vertex 29.4607 7.89398 44
    endloop
  endfacet
  facet normal 0 0 1
    outer loop
      vertex 31.3926 8.41162 44
      vertex 29.7919 6.4 44
      vertex 31.8386 6.4 44
    endloop
  endfacet
  facet normal 0 0 1
    outer loop
      vertex 28.6606 10.4316 44
      vertex 30.54 11.1157 44
      vertex 29.455 13.7351 44
    endloop
  endfacet
  facet normal 0 0 1
    outer loop
      vertex 30.54 11.1157 44
      vertex 28.6606 10.4316 44
      vertex 29.4607 7.89398 44
    endloop
  endfacet
  facet normal 0 0 1
    outer loop
      vertex 27.6424 12.8899 44
      vertex 29.455 13.7351 44
      vertex 28.1458 16.25 44
    endloop
  endfacet
  facet normal 0 0 1
    outer loop
      vertex 29.455 13.7351 44
      vertex 27.6424 12.8899 44
      vertex 28.6606 10.4316 44
    endloop
  endfacet
  facet normal 0 0 1
    outer loop
      vertex 26.4138 15.25 44
      vertex 28.1458 16.25 44
      vertex 26.6224 18.6412 44
    endloop
  endfacet
  facet normal 0 0 1
    outer loop
      vertex 28.1458 16.25 44
      vertex 26.4138 15.25 44
      vertex 27.6424 12.8899 44
    endloop
  endfacet
  facet normal 0 0 1
    outer loop
      vertex 26.6224 18.6412 44
      vertex 24.9841 17.4941 44
      vertex 26.4138 15.25 44
    endloop
  endfacet
  facet normal 0 0 1
    outer loop
      vertex 24.8964 20.8906 44
      vertex 24.9841 17.4941 44
      vertex 26.6224 18.6412 44
    endloop
  endfacet
  facet normal 0 0 1
    outer loop
      vertex 24.8964 20.8906 44
      vertex 23.3644 19.605 44
      vertex 24.9841 17.4941 44
    endloop
  endfacet
  facet normal 0 0 1
    outer loop
      vertex 22.981 22.981 44
      vertex 23.3644 19.605 44
      vertex 24.8964 20.8906 44
    endloop
  endfacet
  facet normal 0 0 1
    outer loop
      vertex 22.981 22.981 44
      vertex 21.5668 21.5668 44
      vertex 23.3644 19.605 44
    endloop
  endfacet
  facet normal 0 0 1
    outer loop
      vertex 20.8906 24.8964 44
      vertex 21.5668 21.5668 44
      vertex 22.981 22.981 44
    endloop
  endfacet
  facet normal 0 0 1
    outer loop
      vertex 20.8906 24.8964 44
      vertex 19.605 23.3644 44
      vertex 21.5668 21.5668 44
    endloop
  endfacet
  facet normal 0 0 1
    outer loop
      vertex 18.6412 26.6224 44
      vertex 19.605 23.3644 44
      vertex 20.8906 24.8964 44
    endloop
  endfacet
  facet normal 0 0 1
    outer loop
      vertex 18.6412 26.6224 44
      vertex 17.4941 24.9841 44
      vertex 19.605 23.3644 44
    endloop
  endfacet
  facet normal 0 0 1
    outer loop
      vertex 16.25 28.1458 44
      vertex 17.4941 24.9841 44
      vertex 18.6412 26.6224 44
    endloop
  endfacet
  facet normal 0 0 1
    outer loop
      vertex 16.25 28.1458 44
      vertex 15.25 26.4138 44
      vertex 17.4941 24.9841 44
    endloop
  endfacet
  facet normal 0 0 1
    outer loop
      vertex 13.7351 29.455 44
      vertex 15.25 26.4138 44
      vertex 16.25 28.1458 44
    endloop
  endfacet
  facet normal 0 0 1
    outer loop
      vertex 13.7351 29.455 44
      vertex 12.8899 27.6424 44
      vertex 15.25 26.4138 44
    endloop
  endfacet
  facet normal 0 0 1
    outer loop
      vertex 11.1157 30.54 44
      vertex 12.8899 27.6424 44
      vertex 13.7351 29.455 44
    endloop
  endfacet
  facet normal 0 0 1
    outer loop
      vertex 11.1157 30.54 44
      vertex 10.4316 28.6606 44
      vertex 12.8899 27.6424 44
    endloop
  endfacet
  facet normal 0 0 1
    outer loop
      vertex 8.41162 31.3926 44
      vertex 10.4316 28.6606 44
      vertex 11.1157 30.54 44
    endloop
  endfacet
  facet normal 0 0 1
    outer loop
      vertex 8.41162 31.3926 44
      vertex 7.89398 29.4607 44
      vertex 10.4316 28.6606 44
    endloop
  endfacet
  facet normal 0 0 1
    outer loop
      vertex 6.4 29.7919 44
      vertex 8.41162 31.3926 44
      vertex 6.4 31.8386 44
    endloop
  endfacet
  facet normal 0 0 1
    outer loop
      vertex 8.41162 31.3926 44
      vertex 6.4 29.7919 44
      vertex 7.89398 29.4607 44
    endloop
  endfacet
  facet normal -0 0 1
    outer loop
      vertex 29.7919 -6.4 44
      vertex 31.3926 -8.41162 44
      vertex 31.8386 -6.4 44
    endloop
  endfacet
  facet normal 0 0 1
    outer loop
      vertex 31.3926 -8.41162 44
      vertex 29.7919 -6.4 44
      vertex 29.4607 -7.89398 44
    endloop
  endfacet
  facet normal 0 0 1
    outer loop
      vertex 31.3926 -8.41162 44
      vertex 29.4607 -7.89398 44
      vertex 30.54 -11.1157 44
    endloop
  endfacet
  facet normal -0 0 1
    outer loop
      vertex 28.6606 -10.4316 44
      vertex 30.54 -11.1157 44
      vertex 29.4607 -7.89398 44
    endloop
  endfacet
  facet normal 0 0 1
    outer loop
      vertex 30.54 -11.1157 44
      vertex 28.6606 -10.4316 44
      vertex 29.455 -13.7351 44
    endloop
  endfacet
  facet normal -0 0 1
    outer loop
      vertex 27.6424 -12.8899 44
      vertex 29.455 -13.7351 44
      vertex 28.6606 -10.4316 44
    endloop
  endfacet
  facet normal 0 0 1
    outer loop
      vertex 29.455 -13.7351 44
      vertex 27.6424 -12.8899 44
      vertex 28.1458 -16.25 44
    endloop
  endfacet
  facet normal -0 0 1
    outer loop
      vertex 26.4138 -15.25 44
      vertex 28.1458 -16.25 44
      vertex 27.6424 -12.8899 44
    endloop
  endfacet
  facet normal 0 0 1
    outer loop
      vertex 28.1458 -16.25 44
      vertex 26.4138 -15.25 44
      vertex 26.6224 -18.6412 44
    endloop
  endfacet
  facet normal -0 0 1
    outer loop
      vertex 24.9841 -17.4941 44
      vertex 26.6224 -18.6412 44
      vertex 26.4138 -15.25 44
    endloop
  endfacet
  facet normal 0 0 1
    outer loop
      vertex 24.9841 -17.4941 44
      vertex 24.8964 -20.8906 44
      vertex 26.6224 -18.6412 44
    endloop
  endfacet
  facet normal -0 0 1
    outer loop
      vertex 23.3644 -19.605 44
      vertex 24.8964 -20.8906 44
      vertex 24.9841 -17.4941 44
    endloop
  endfacet
  facet normal 0 0 1
    outer loop
      vertex 23.3644 -19.605 44
      vertex 22.981 -22.981 44
      vertex 24.8964 -20.8906 44
    endloop
  endfacet
  facet normal -0 0 1
    outer loop
      vertex 21.5668 -21.5668 44
      vertex 22.981 -22.981 44
      vertex 23.3644 -19.605 44
    endloop
  endfacet
  facet normal 0 0 1
    outer loop
      vertex 21.5668 -21.5668 44
      vertex 20.8906 -24.8964 44
      vertex 22.981 -22.981 44
    endloop
  endfacet
  facet normal -0 0 1
    outer loop
      vertex 19.605 -23.3644 44
      vertex 20.8906 -24.8964 44
      vertex 21.5668 -21.5668 44
    endloop
  endfacet
  facet normal 0 0 1
    outer loop
      vertex 19.605 -23.3644 44
      vertex 18.6412 -26.6224 44
      vertex 20.8906 -24.8964 44
    endloop
  endfacet
  facet normal -0 0 1
    outer loop
      vertex 17.4941 -24.9841 44
      vertex 18.6412 -26.6224 44
      vertex 19.605 -23.3644 44
    endloop
  endfacet
  facet normal 0 0 1
    outer loop
      vertex 17.4941 -24.9841 44
      vertex 16.25 -28.1458 44
      vertex 18.6412 -26.6224 44
    endloop
  endfacet
  facet normal -0 0 1
    outer loop
      vertex 15.25 -26.4138 44
      vertex 16.25 -28.1458 44
      vertex 17.4941 -24.9841 44
    endloop
  endfacet
  facet normal 0 0 1
    outer loop
      vertex 15.25 -26.4138 44
      vertex 13.7351 -29.455 44
      vertex 16.25 -28.1458 44
    endloop
  endfacet
  facet normal -0 0 1
    outer loop
      vertex 12.8899 -27.6424 44
      vertex 13.7351 -29.455 44
      vertex 15.25 -26.4138 44
    endloop
  endfacet
  facet normal 0 0 1
    outer loop
      vertex 12.8899 -27.6424 44
      vertex 11.1157 -30.54 44
      vertex 13.7351 -29.455 44
    endloop
  endfacet
  facet normal -0 0 1
    outer loop
      vertex 10.4316 -28.6606 44
      vertex 11.1157 -30.54 44
      vertex 12.8899 -27.6424 44
    endloop
  endfacet
  facet normal 0 0 1
    outer loop
      vertex 10.4316 -28.6606 44
      vertex 8.41162 -31.3926 44
      vertex 11.1157 -30.54 44
    endloop
  endfacet
  facet normal -0 0 1
    outer loop
      vertex 7.89398 -29.4607 44
      vertex 8.41162 -31.3926 44
      vertex 10.4316 -28.6606 44
    endloop
  endfacet
  facet normal -0 0 1
    outer loop
      vertex 6.4 -29.7919 44
      vertex 8.41162 -31.3926 44
      vertex 7.89398 -29.4607 44
    endloop
  endfacet
  facet normal 0 0 1
    outer loop
      vertex 8.41162 -31.3926 44
      vertex 6.4 -29.7919 44
      vertex 6.4 -31.8386 44
    endloop
  endfacet
  facet normal -0 0 1
    outer loop
      vertex -8.41162 31.3926 44
      vertex -6.4 29.7919 44
      vertex -6.4 31.8386 44
    endloop
  endfacet
  facet normal 0 0 1
    outer loop
      vertex -6.4 29.7919 44
      vertex -8.41162 31.3926 44
      vertex -7.89398 29.4607 44
    endloop
  endfacet
  facet normal 0 0 1
    outer loop
      vertex -8.41162 31.3926 44
      vertex -10.4316 28.6606 44
      vertex -7.89398 29.4607 44
    endloop
  endfacet
  facet normal -0 0 1
    outer loop
      vertex -11.1157 30.54 44
      vertex -10.4316 28.6606 44
      vertex -8.41162 31.3926 44
    endloop
  endfacet
  facet normal 0 0 1
    outer loop
      vertex -11.1157 30.54 44
      vertex -12.8899 27.6424 44
      vertex -10.4316 28.6606 44
    endloop
  endfacet
  facet normal -0 0 1
    outer loop
      vertex -13.7351 29.455 44
      vertex -12.8899 27.6424 44
      vertex -11.1157 30.54 44
    endloop
  endfacet
  facet normal 0 0 1
    outer loop
      vertex -13.7351 29.455 44
      vertex -15.25 26.4138 44
      vertex -12.8899 27.6424 44
    endloop
  endfacet
  facet normal -0 0 1
    outer loop
      vertex -16.25 28.1458 44
      vertex -15.25 26.4138 44
      vertex -13.7351 29.455 44
    endloop
  endfacet
  facet normal 0 0 1
    outer loop
      vertex -16.25 28.1458 44
      vertex -17.4941 24.9841 44
      vertex -15.25 26.4138 44
    endloop
  endfacet
  facet normal -0 0 1
    outer loop
      vertex -18.6412 26.6224 44
      vertex -17.4941 24.9841 44
      vertex -16.25 28.1458 44
    endloop
  endfacet
  facet normal 0 0 1
    outer loop
      vertex -18.6412 26.6224 44
      vertex -19.605 23.3644 44
      vertex -17.4941 24.9841 44
    endloop
  endfacet
  facet normal -0 0 1
    outer loop
      vertex -20.8906 24.8964 44
      vertex -19.605 23.3644 44
      vertex -18.6412 26.6224 44
    endloop
  endfacet
  facet normal 0 0 1
    outer loop
      vertex -20.8906 24.8964 44
      vertex -21.5668 21.5668 44
      vertex -19.605 23.3644 44
    endloop
  endfacet
  facet normal -0 0 1
    outer loop
      vertex -22.981 22.981 44
      vertex -21.5668 21.5668 44
      vertex -20.8906 24.8964 44
    endloop
  endfacet
  facet normal 0 0 1
    outer loop
      vertex -22.981 22.981 44
      vertex -23.3644 19.605 44
      vertex -21.5668 21.5668 44
    endloop
  endfacet
  facet normal -0 0 1
    outer loop
      vertex -24.8964 20.8906 44
      vertex -23.3644 19.605 44
      vertex -22.981 22.981 44
    endloop
  endfacet
  facet normal 0 0 1
    outer loop
      vertex -24.8964 20.8906 44
      vertex -24.9841 17.4941 44
      vertex -23.3644 19.605 44
    endloop
  endfacet
  facet normal -0 0 1
    outer loop
      vertex -26.6224 18.6412 44
      vertex -24.9841 17.4941 44
      vertex -24.8964 20.8906 44
    endloop
  endfacet
  facet normal 0 0 1
    outer loop
      vertex -24.9841 17.4941 44
      vertex -26.6224 18.6412 44
      vertex -26.4138 15.25 44
    endloop
  endfacet
  facet normal -0 0 1
    outer loop
      vertex -28.1458 16.25 44
      vertex -26.4138 15.25 44
      vertex -26.6224 18.6412 44
    endloop
  endfacet
  facet normal 0 0 1
    outer loop
      vertex -26.4138 15.25 44
      vertex -28.1458 16.25 44
      vertex -27.6424 12.8899 44
    endloop
  endfacet
  facet normal -0 0 1
    outer loop
      vertex -29.455 13.7351 44
      vertex -27.6424 12.8899 44
      vertex -28.1458 16.25 44
    endloop
  endfacet
  facet normal 0 0 1
    outer loop
      vertex -27.6424 12.8899 44
      vertex -29.455 13.7351 44
      vertex -28.6606 10.4316 44
    endloop
  endfacet
  facet normal -0 0 1
    outer loop
      vertex -30.54 11.1157 44
      vertex -28.6606 10.4316 44
      vertex -29.455 13.7351 44
    endloop
  endfacet
  facet normal 0 0 1
    outer loop
      vertex -28.6606 10.4316 44
      vertex -30.54 11.1157 44
      vertex -29.4607 7.89398 44
    endloop
  endfacet
  facet normal -0 0 1
    outer loop
      vertex -31.3926 8.41162 44
      vertex -29.4607 7.89398 44
      vertex -30.54 11.1157 44
    endloop
  endfacet
  facet normal 0 0 1
    outer loop
      vertex -29.4607 7.89398 44
      vertex -31.3926 8.41162 44
      vertex -29.7919 6.4 44
    endloop
  endfacet
  facet normal 0 0 1
    outer loop
      vertex -29.7919 6.4 44
      vertex -31.3926 8.41162 44
      vertex -31.8386 6.4 44
    endloop
  endfacet
  facet normal 0 0 1
    outer loop
      vertex -8.41162 -31.3926 44
      vertex -6.4 -29.7919 44
      vertex -7.89398 -29.4607 44
    endloop
  endfacet
  facet normal 0 0 1
    outer loop
      vertex -6.4 -29.7919 44
      vertex -8.41162 -31.3926 44
      vertex -6.4 -31.8386 44
    endloop
  endfacet
  facet normal 0 0 1
    outer loop
      vertex -10.4316 -28.6606 44
      vertex -8.41162 -31.3926 44
      vertex -7.89398 -29.4607 44
    endloop
  endfacet
  facet normal 0 0 1
    outer loop
      vertex -10.4316 -28.6606 44
      vertex -11.1157 -30.54 44
      vertex -8.41162 -31.3926 44
    endloop
  endfacet
  facet normal 0 0 1
    outer loop
      vertex -12.8899 -27.6424 44
      vertex -11.1157 -30.54 44
      vertex -10.4316 -28.6606 44
    endloop
  endfacet
  facet normal 0 0 1
    outer loop
      vertex -12.8899 -27.6424 44
      vertex -13.7351 -29.455 44
      vertex -11.1157 -30.54 44
    endloop
  endfacet
  facet normal 0 0 1
    outer loop
      vertex -15.25 -26.4138 44
      vertex -13.7351 -29.455 44
      vertex -12.8899 -27.6424 44
    endloop
  endfacet
  facet normal 0 0 1
    outer loop
      vertex -15.25 -26.4138 44
      vertex -16.25 -28.1458 44
      vertex -13.7351 -29.455 44
    endloop
  endfacet
  facet normal 0 0 1
    outer loop
      vertex -17.4941 -24.9841 44
      vertex -16.25 -28.1458 44
      vertex -15.25 -26.4138 44
    endloop
  endfacet
  facet normal 0 0 1
    outer loop
      vertex -17.4941 -24.9841 44
      vertex -18.6412 -26.6224 44
      vertex -16.25 -28.1458 44
    endloop
  endfacet
  facet normal 0 0 1
    outer loop
      vertex -19.605 -23.3644 44
      vertex -18.6412 -26.6224 44
      vertex -17.4941 -24.9841 44
    endloop
  endfacet
  facet normal 0 0 1
    outer loop
      vertex -19.605 -23.3644 44
      vertex -20.8906 -24.8964 44
      vertex -18.6412 -26.6224 44
    endloop
  endfacet
  facet normal 0 0 1
    outer loop
      vertex -21.5668 -21.5668 44
      vertex -20.8906 -24.8964 44
      vertex -19.605 -23.3644 44
    endloop
  endfacet
  facet normal 0 0 1
    outer loop
      vertex -21.5668 -21.5668 44
      vertex -22.981 -22.981 44
      vertex -20.8906 -24.8964 44
    endloop
  endfacet
  facet normal 0 0 1
    outer loop
      vertex -23.3644 -19.605 44
      vertex -22.981 -22.981 44
      vertex -21.5668 -21.5668 44
    endloop
  endfacet
  facet normal 0 0 1
    outer loop
      vertex -23.3644 -19.605 44
      vertex -24.8964 -20.8906 44
      vertex -22.981 -22.981 44
    endloop
  endfacet
  facet normal 0 0 1
    outer loop
      vertex -24.9841 -17.4941 44
      vertex -24.8964 -20.8906 44
      vertex -23.3644 -19.605 44
    endloop
  endfacet
  facet normal 0 0 1
    outer loop
      vertex -26.6224 -18.6412 44
      vertex -24.9841 -17.4941 44
      vertex -26.4138 -15.25 44
    endloop
  endfacet
  facet normal 0 0 1
    outer loop
      vertex -24.9841 -17.4941 44
      vertex -26.6224 -18.6412 44
      vertex -24.8964 -20.8906 44
    endloop
  endfacet
  facet normal 0 0 1
    outer loop
      vertex -28.1458 -16.25 44
      vertex -26.4138 -15.25 44
      vertex -27.6424 -12.8899 44
    endloop
  endfacet
  facet normal 0 0 1
    outer loop
      vertex -26.4138 -15.25 44
      vertex -28.1458 -16.25 44
      vertex -26.6224 -18.6412 44
    endloop
  endfacet
  facet normal 0 0 1
    outer loop
      vertex -29.455 -13.7351 44
      vertex -27.6424 -12.8899 44
      vertex -28.6606 -10.4316 44
    endloop
  endfacet
  facet normal 0 0 1
    outer loop
      vertex -27.6424 -12.8899 44
      vertex -29.455 -13.7351 44
      vertex -28.1458 -16.25 44
    endloop
  endfacet
  facet normal 0 0 1
    outer loop
      vertex -30.54 -11.1157 44
      vertex -28.6606 -10.4316 44
      vertex -29.4607 -7.89398 44
    endloop
  endfacet
  facet normal 0 0 1
    outer loop
      vertex -31.3926 -8.41162 44
      vertex -29.4607 -7.89398 44
      vertex -29.7919 -6.4 44
    endloop
  endfacet
  facet normal 0 0 1
    outer loop
      vertex -28.6606 -10.4316 44
      vertex -30.54 -11.1157 44
      vertex -29.455 -13.7351 44
    endloop
  endfacet
  facet normal 0 0 1
    outer loop
      vertex -29.4607 -7.89398 44
      vertex -31.3926 -8.41162 44
      vertex -30.54 -11.1157 44
    endloop
  endfacet
  facet normal 0 -0 1
    outer loop
      vertex -31.3926 -8.41162 44
      vertex -29.7919 -6.4 44
      vertex -31.8386 -6.4 44
    endloop
  endfacet
  facet normal 0.382686 -0.923878 0
    outer loop
      vertex 11.1157 -30.54 0
      vertex 13.7351 -29.455 44
      vertex 11.1157 -30.54 44
    endloop
  endfacet
  facet normal 0.382686 -0.923878 0
    outer loop
      vertex 13.7351 -29.455 44
      vertex 11.1157 -30.54 0
      vertex 13.7351 -29.455 0
    endloop
  endfacet
  facet normal -0.608756 -0.793358 0
    outer loop
      vertex -20.8906 -24.8964 0
      vertex -18.6412 -26.6224 44
      vertex -20.8906 -24.8964 44
    endloop
  endfacet
  facet normal -0.608756 -0.793358 -0
    outer loop
      vertex -18.6412 -26.6224 44
      vertex -20.8906 -24.8964 0
      vertex -18.6412 -26.6224 0
    endloop
  endfacet
  facet normal -0.382686 -0.923878 0
    outer loop
      vertex -13.7351 -29.455 0
      vertex -11.1157 -30.54 44
      vertex -13.7351 -29.455 44
    endloop
  endfacet
  facet normal -0.382686 -0.923878 -0
    outer loop
      vertex -11.1157 -30.54 44
      vertex -13.7351 -29.455 0
      vertex -11.1157 -30.54 0
    endloop
  endfacet
  facet normal 0.675571 -0.737295 0
    outer loop
      vertex 20.8906 -24.8964 0
      vertex 22.981 -22.981 44
      vertex 20.8906 -24.8964 44
    endloop
  endfacet
  facet normal 0.675571 -0.737295 0
    outer loop
      vertex 22.981 -22.981 44
      vertex 20.8906 -24.8964 0
      vertex 22.981 -22.981 0
    endloop
  endfacet
  facet normal 0.608756 -0.793358 0
    outer loop
      vertex 18.6412 -26.6224 0
      vertex 20.8906 -24.8964 44
      vertex 18.6412 -26.6224 44
    endloop
  endfacet
  facet normal 0.608756 -0.793358 0
    outer loop
      vertex 20.8906 -24.8964 44
      vertex 18.6412 -26.6224 0
      vertex 20.8906 -24.8964 0
    endloop
  endfacet
  facet normal -0.843385 0.537309 0
    outer loop
      vertex -28.1458 16.25 0
      vertex -26.6224 18.6412 44
      vertex -26.6224 18.6412 0
    endloop
  endfacet
  facet normal -0.843385 0.537309 0
    outer loop
      vertex -26.6224 18.6412 44
      vertex -28.1458 16.25 0
      vertex -28.1458 16.25 44
    endloop
  endfacet
  facet normal -0.0436292 0.999048 0
    outer loop
      vertex 0 32.5 0
      vertex -2.83256 32.3763 7.6
      vertex 0 32.5 7.6
    endloop
  endfacet
  facet normal -0.0436292 0.999048 0
    outer loop
      vertex -2.83256 32.3763 7.6
      vertex 0 32.5 0
      vertex -2.83256 32.3763 0
    endloop
  endfacet
  facet normal 0.843385 -0.537309 0
    outer loop
      vertex 26.6224 -18.6412 44
      vertex 28.1458 -16.25 0
      vertex 28.1458 -16.25 44
    endloop
  endfacet
  facet normal 0.843385 -0.537309 0
    outer loop
      vertex 28.1458 -16.25 0
      vertex 26.6224 -18.6412 44
      vertex 26.6224 -18.6412 0
    endloop
  endfacet
  facet normal 0.953716 -0.300708 0
    outer loop
      vertex 30.54 -11.1157 44
      vertex 31.3926 -8.41162 0
      vertex 31.3926 -8.41162 44
    endloop
  endfacet
  facet normal 0.953716 -0.300708 0
    outer loop
      vertex 31.3926 -8.41162 0
      vertex 30.54 -11.1157 44
      vertex 30.54 -11.1157 0
    endloop
  endfacet
  facet normal -0.537309 0.843385 0
    outer loop
      vertex -16.25 28.1458 0
      vertex -18.6412 26.6224 44
      vertex -16.25 28.1458 44
    endloop
  endfacet
  facet normal -0.537309 0.843385 0
    outer loop
      vertex -18.6412 26.6224 44
      vertex -16.25 28.1458 0
      vertex -18.6412 26.6224 0
    endloop
  endfacet
  facet normal -0.793358 0.608756 0
    outer loop
      vertex -26.6224 18.6412 0
      vertex -24.8964 20.8906 44
      vertex -24.8964 20.8906 0
    endloop
  endfacet
  facet normal -0.793358 0.608756 0
    outer loop
      vertex -24.8964 20.8906 44
      vertex -26.6224 18.6412 0
      vertex -26.6224 18.6412 44
    endloop
  endfacet
  facet normal -0.1305 -0.991448 0
    outer loop
      vertex -5.64357 -32.0063 0
      vertex -2.83256 -32.3763 7.6
      vertex -5.64357 -32.0063 7.6
    endloop
  endfacet
  facet normal -0.1305 -0.991448 -0
    outer loop
      vertex -2.83256 -32.3763 7.6
      vertex -5.64357 -32.0063 0
      vertex -2.83256 -32.3763 0
    endloop
  endfacet
  facet normal -0.887007 0.461756 0
    outer loop
      vertex -29.455 13.7351 0
      vertex -28.1458 16.25 44
      vertex -28.1458 16.25 0
    endloop
  endfacet
  facet normal -0.887007 0.461756 0
    outer loop
      vertex -28.1458 16.25 44
      vertex -29.455 13.7351 0
      vertex -29.455 13.7351 44
    endloop
  endfacet
  facet normal -0.300708 0.953716 0
    outer loop
      vertex -8.41162 31.3926 0
      vertex -11.1157 30.54 44
      vertex -8.41162 31.3926 44
    endloop
  endfacet
  facet normal -0.300708 0.953716 0
    outer loop
      vertex -11.1157 30.54 44
      vertex -8.41162 31.3926 0
      vertex -11.1157 30.54 0
    endloop
  endfacet
  facet normal -0.923878 0.382686 0
    outer loop
      vertex -30.54 11.1157 0
      vertex -29.455 13.7351 44
      vertex -29.455 13.7351 0
    endloop
  endfacet
  facet normal -0.923878 0.382686 0
    outer loop
      vertex -29.455 13.7351 44
      vertex -30.54 11.1157 0
      vertex -30.54 11.1157 44
    endloop
  endfacet
  facet normal 0.999048 0.0436292 0
    outer loop
      vertex 32.5 0 15.6
      vertex 32.3763 2.83256 0
      vertex 32.3763 2.83256 15.6
    endloop
  endfacet
  facet normal 0.999048 0.0436292 0
    outer loop
      vertex 32.3763 2.83256 0
      vertex 32.5 0 15.6
      vertex 32.5 0 0
    endloop
  endfacet
  facet normal 0.887007 0.461756 0
    outer loop
      vertex 29.455 13.7351 44
      vertex 28.1458 16.25 0
      vertex 28.1458 16.25 44
    endloop
  endfacet
  facet normal 0.887007 0.461756 0
    outer loop
      vertex 28.1458 16.25 0
      vertex 29.455 13.7351 44
      vertex 29.455 13.7351 0
    endloop
  endfacet
  facet normal -0.537309 -0.843385 0
    outer loop
      vertex -18.6412 -26.6224 0
      vertex -16.25 -28.1458 44
      vertex -18.6412 -26.6224 44
    endloop
  endfacet
  facet normal -0.537309 -0.843385 -0
    outer loop
      vertex -16.25 -28.1458 44
      vertex -18.6412 -26.6224 0
      vertex -16.25 -28.1458 0
    endloop
  endfacet
  facet normal -0.887007 -0.461756 0
    outer loop
      vertex -28.1458 -16.25 0
      vertex -29.455 -13.7351 44
      vertex -29.455 -13.7351 0
    endloop
  endfacet
  facet normal -0.887007 -0.461756 0
    outer loop
      vertex -29.455 -13.7351 44
      vertex -28.1458 -16.25 0
      vertex -28.1458 -16.25 44
    endloop
  endfacet
  facet normal -0.976292 0.216456 0
    outer loop
      vertex -31.3926 8.41162 0
      vertex -31.8386 6.4 15.6
      vertex -31.3926 8.41162 44
    endloop
  endfacet
  facet normal -0.976293 0.216452 -4.31968e-07
    outer loop
      vertex -32.0063 5.64357 0
      vertex -31.8386 6.4 15.6
      vertex -31.3926 8.41162 0
    endloop
  endfacet
  facet normal -0.976295 0.216444 0
    outer loop
      vertex -31.8386 6.4 15.6
      vertex -32.0063 5.64357 0
      vertex -32.0063 5.64357 15.6
    endloop
  endfacet
  facet normal -0.976292 0.216456 0
    outer loop
      vertex -31.3926 8.41162 44
      vertex -31.8386 6.4 15.6
      vertex -31.8386 6.4 44
    endloop
  endfacet
  facet normal 0.537309 -0.843385 0
    outer loop
      vertex 16.25 -28.1458 0
      vertex 18.6412 -26.6224 44
      vertex 16.25 -28.1458 44
    endloop
  endfacet
  facet normal 0.537309 -0.843385 0
    outer loop
      vertex 18.6412 -26.6224 44
      vertex 16.25 -28.1458 0
      vertex 18.6412 -26.6224 0
    endloop
  endfacet
  facet normal -0.216456 -0.976292 0
    outer loop
      vertex -8.41162 -31.3926 44
      vertex -6.4 -31.8386 7.6
      vertex -6.4 -31.8386 44
    endloop
  endfacet
  facet normal -0.216456 -0.976292 0
    outer loop
      vertex -8.41162 -31.3926 0
      vertex -6.4 -31.8386 7.6
      vertex -8.41162 -31.3926 44
    endloop
  endfacet
  facet normal -0.216452 -0.976293 -8.86671e-07
    outer loop
      vertex -5.64357 -32.0063 0
      vertex -6.4 -31.8386 7.6
      vertex -8.41162 -31.3926 0
    endloop
  endfacet
  facet normal -0.216444 -0.976295 0
    outer loop
      vertex -6.4 -31.8386 7.6
      vertex -5.64357 -32.0063 0
      vertex -5.64357 -32.0063 7.6
    endloop
  endfacet
  facet normal 0.0436292 0.999048 -0
    outer loop
      vertex 2.83256 32.3763 0
      vertex 0 32.5 7.6
      vertex 2.83256 32.3763 7.6
    endloop
  endfacet
  facet normal 0.0436292 0.999048 0
    outer loop
      vertex 0 32.5 7.6
      vertex 2.83256 32.3763 0
      vertex 0 32.5 0
    endloop
  endfacet
  facet normal 0.843385 0.537309 0
    outer loop
      vertex 28.1458 16.25 44
      vertex 26.6224 18.6412 0
      vertex 26.6224 18.6412 44
    endloop
  endfacet
  facet normal 0.843385 0.537309 0
    outer loop
      vertex 26.6224 18.6412 0
      vertex 28.1458 16.25 44
      vertex 28.1458 16.25 0
    endloop
  endfacet
  facet normal 0.0436292 -0.999048 0
    outer loop
      vertex 0 -32.5 0
      vertex 2.83256 -32.3763 7.6
      vertex 0 -32.5 7.6
    endloop
  endfacet
  facet normal 0.0436292 -0.999048 0
    outer loop
      vertex 2.83256 -32.3763 7.6
      vertex 0 -32.5 0
      vertex 2.83256 -32.3763 0
    endloop
  endfacet
  facet normal 0.737295 -0.675571 0
    outer loop
      vertex 22.981 -22.981 44
      vertex 24.8964 -20.8906 0
      vertex 24.8964 -20.8906 44
    endloop
  endfacet
  facet normal 0.737295 -0.675571 0
    outer loop
      vertex 24.8964 -20.8906 0
      vertex 22.981 -22.981 44
      vertex 22.981 -22.981 0
    endloop
  endfacet
  facet normal 0.887007 -0.461756 0
    outer loop
      vertex 28.1458 -16.25 44
      vertex 29.455 -13.7351 0
      vertex 29.455 -13.7351 44
    endloop
  endfacet
  facet normal 0.887007 -0.461756 0
    outer loop
      vertex 29.455 -13.7351 0
      vertex 28.1458 -16.25 44
      vertex 28.1458 -16.25 0
    endloop
  endfacet
  facet normal 0.923878 0.382686 0
    outer loop
      vertex 30.54 11.1157 44
      vertex 29.455 13.7351 0
      vertex 29.455 13.7351 44
    endloop
  endfacet
  facet normal 0.923878 0.382686 0
    outer loop
      vertex 29.455 13.7351 0
      vertex 30.54 11.1157 44
      vertex 30.54 11.1157 0
    endloop
  endfacet
  facet normal 0.461756 -0.887007 0
    outer loop
      vertex 13.7351 -29.455 0
      vertex 16.25 -28.1458 44
      vertex 13.7351 -29.455 44
    endloop
  endfacet
  facet normal 0.461756 -0.887007 0
    outer loop
      vertex 16.25 -28.1458 44
      vertex 13.7351 -29.455 0
      vertex 16.25 -28.1458 0
    endloop
  endfacet
  facet normal 0.737295 0.675571 0
    outer loop
      vertex 24.8964 20.8906 44
      vertex 22.981 22.981 0
      vertex 22.981 22.981 44
    endloop
  endfacet
  facet normal 0.737295 0.675571 0
    outer loop
      vertex 22.981 22.981 0
      vertex 24.8964 20.8906 44
      vertex 24.8964 20.8906 0
    endloop
  endfacet
  facet normal 0.608756 0.793358 -0
    outer loop
      vertex 20.8906 24.8964 0
      vertex 18.6412 26.6224 44
      vertex 20.8906 24.8964 44
    endloop
  endfacet
  facet normal 0.608756 0.793358 0
    outer loop
      vertex 18.6412 26.6224 44
      vertex 20.8906 24.8964 0
      vertex 18.6412 26.6224 0
    endloop
  endfacet
  facet normal -0.461756 -0.887007 0
    outer loop
      vertex -16.25 -28.1458 0
      vertex -13.7351 -29.455 44
      vertex -16.25 -28.1458 44
    endloop
  endfacet
  facet normal -0.461756 -0.887007 -0
    outer loop
      vertex -13.7351 -29.455 44
      vertex -16.25 -28.1458 0
      vertex -13.7351 -29.455 0
    endloop
  endfacet
  facet normal 0.923878 -0.382686 0
    outer loop
      vertex 29.455 -13.7351 44
      vertex 30.54 -11.1157 0
      vertex 30.54 -11.1157 44
    endloop
  endfacet
  facet normal 0.923878 -0.382686 0
    outer loop
      vertex 30.54 -11.1157 0
      vertex 29.455 -13.7351 44
      vertex 29.455 -13.7351 0
    endloop
  endfacet
  facet normal -0.991448 -0.1305 0
    outer loop
      vertex -32.0063 -5.64357 0
      vertex -32.3763 -2.83256 15.6
      vertex -32.3763 -2.83256 0
    endloop
  endfacet
  facet normal -0.991448 -0.1305 0
    outer loop
      vertex -32.3763 -2.83256 15.6
      vertex -32.0063 -5.64357 0
      vertex -32.0063 -5.64357 15.6
    endloop
  endfacet
  facet normal 0.300708 -0.953716 0
    outer loop
      vertex 8.41162 -31.3926 0
      vertex 11.1157 -30.54 44
      vertex 8.41162 -31.3926 44
    endloop
  endfacet
  facet normal 0.300708 -0.953716 0
    outer loop
      vertex 11.1157 -30.54 44
      vertex 8.41162 -31.3926 0
      vertex 11.1157 -30.54 0
    endloop
  endfacet
  facet normal -0.675571 -0.737295 0
    outer loop
      vertex -22.981 -22.981 0
      vertex -20.8906 -24.8964 44
      vertex -22.981 -22.981 44
    endloop
  endfacet
  facet normal -0.675571 -0.737295 -0
    outer loop
      vertex -20.8906 -24.8964 44
      vertex -22.981 -22.981 0
      vertex -20.8906 -24.8964 0
    endloop
  endfacet
  facet normal 0.793358 -0.608756 0
    outer loop
      vertex 24.8964 -20.8906 44
      vertex 26.6224 -18.6412 0
      vertex 26.6224 -18.6412 44
    endloop
  endfacet
  facet normal 0.793358 -0.608756 0
    outer loop
      vertex 26.6224 -18.6412 0
      vertex 24.8964 -20.8906 44
      vertex 24.8964 -20.8906 0
    endloop
  endfacet
  facet normal 0.461756 0.887007 -0
    outer loop
      vertex 16.25 28.1458 0
      vertex 13.7351 29.455 44
      vertex 16.25 28.1458 44
    endloop
  endfacet
  facet normal 0.461756 0.887007 0
    outer loop
      vertex 13.7351 29.455 44
      vertex 16.25 28.1458 0
      vertex 13.7351 29.455 0
    endloop
  endfacet
  facet normal -0.300708 -0.953716 0
    outer loop
      vertex -11.1157 -30.54 0
      vertex -8.41162 -31.3926 44
      vertex -11.1157 -30.54 44
    endloop
  endfacet
  facet normal -0.300708 -0.953716 -0
    outer loop
      vertex -8.41162 -31.3926 44
      vertex -11.1157 -30.54 0
      vertex -8.41162 -31.3926 0
    endloop
  endfacet
  facet normal -0.999048 0.0436292 0
    outer loop
      vertex -32.5 0 0
      vertex -32.3763 2.83256 15.6
      vertex -32.3763 2.83256 0
    endloop
  endfacet
  facet normal -0.999048 0.0436292 0
    outer loop
      vertex -32.3763 2.83256 15.6
      vertex -32.5 0 0
      vertex -32.5 0 15.6
    endloop
  endfacet
  facet normal -0.0436292 -0.999048 0
    outer loop
      vertex -2.83256 -32.3763 0
      vertex 0 -32.5 7.6
      vertex -2.83256 -32.3763 7.6
    endloop
  endfacet
  facet normal -0.0436292 -0.999048 -0
    outer loop
      vertex 0 -32.5 7.6
      vertex -2.83256 -32.3763 0
      vertex 0 -32.5 0
    endloop
  endfacet
  facet normal 0.976292 0.216456 -0
    outer loop
      vertex 31.8386 6.4 15.6
      vertex 31.3926 8.41162 44
      vertex 31.8386 6.4 44
    endloop
  endfacet
  facet normal 0.976292 0.216456 0
    outer loop
      vertex 31.3926 8.41162 44
      vertex 31.8386 6.4 15.6
      vertex 31.3926 8.41162 0
    endloop
  endfacet
  facet normal 0.976295 0.216444 -0
    outer loop
      vertex 32.0063 5.64357 0
      vertex 31.8386 6.4 15.6
      vertex 32.0063 5.64357 15.6
    endloop
  endfacet
  facet normal 0.976293 0.216452 -4.31968e-07
    outer loop
      vertex 31.8386 6.4 15.6
      vertex 32.0063 5.64357 0
      vertex 31.3926 8.41162 0
    endloop
  endfacet
  facet normal 0.216456 0.976292 0
    outer loop
      vertex 8.41162 31.3926 44
      vertex 6.4 31.8386 7.6
      vertex 6.4 31.8386 44
    endloop
  endfacet
  facet normal 0.216456 0.976292 -0
    outer loop
      vertex 8.41162 31.3926 0
      vertex 6.4 31.8386 7.6
      vertex 8.41162 31.3926 44
    endloop
  endfacet
  facet normal 0.216452 0.976293 -8.86671e-07
    outer loop
      vertex 5.64357 32.0063 0
      vertex 6.4 31.8386 7.6
      vertex 8.41162 31.3926 0
    endloop
  endfacet
  facet normal 0.216444 0.976295 0
    outer loop
      vertex 6.4 31.8386 7.6
      vertex 5.64357 32.0063 0
      vertex 5.64357 32.0063 7.6
    endloop
  endfacet
  facet normal -0.976295 -0.216444 0
    outer loop
      vertex -32.0063 -5.64357 0
      vertex -31.8386 -6.4 15.6
      vertex -32.0063 -5.64357 15.6
    endloop
  endfacet
  facet normal -0.976293 -0.216452 -4.31968e-07
    outer loop
      vertex -31.3926 -8.41162 0
      vertex -31.8386 -6.4 15.6
      vertex -32.0063 -5.64357 0
    endloop
  endfacet
  facet normal -0.976292 -0.216456 -0
    outer loop
      vertex -31.3926 -8.41162 44
      vertex -31.8386 -6.4 15.6
      vertex -31.3926 -8.41162 0
    endloop
  endfacet
  facet normal -0.976292 -0.216456 0
    outer loop
      vertex -31.8386 -6.4 15.6
      vertex -31.3926 -8.41162 44
      vertex -31.8386 -6.4 44
    endloop
  endfacet
  facet normal -0.737295 0.675571 0
    outer loop
      vertex -24.8964 20.8906 0
      vertex -22.981 22.981 44
      vertex -22.981 22.981 0
    endloop
  endfacet
  facet normal -0.737295 0.675571 0
    outer loop
      vertex -22.981 22.981 44
      vertex -24.8964 20.8906 0
      vertex -24.8964 20.8906 44
    endloop
  endfacet
  facet normal -0.991448 0.1305 0
    outer loop
      vertex -32.3763 2.83256 0
      vertex -32.0063 5.64357 15.6
      vertex -32.0063 5.64357 0
    endloop
  endfacet
  facet normal -0.991448 0.1305 0
    outer loop
      vertex -32.0063 5.64357 15.6
      vertex -32.3763 2.83256 0
      vertex -32.3763 2.83256 15.6
    endloop
  endfacet
  facet normal 0.1305 -0.991448 0
    outer loop
      vertex 2.83256 -32.3763 0
      vertex 5.64357 -32.0063 7.6
      vertex 2.83256 -32.3763 7.6
    endloop
  endfacet
  facet normal 0.1305 -0.991448 0
    outer loop
      vertex 5.64357 -32.0063 7.6
      vertex 2.83256 -32.3763 0
      vertex 5.64357 -32.0063 0
    endloop
  endfacet
  facet normal 0 0 -1
    outer loop
      vertex 13 0 0
      vertex 32.5 0 0
      vertex 32.3763 -2.83256 0
    endloop
  endfacet
  facet normal 0 0 -1
    outer loop
      vertex 12.9505 -1.13302 0
      vertex 32.3763 -2.83256 0
      vertex 32.0063 -5.64357 0
    endloop
  endfacet
  facet normal 0 0 -1
    outer loop
      vertex 32.5 0 0
      vertex 13 0 0
      vertex 32.3763 2.83256 0
    endloop
  endfacet
  facet normal 0 0 -1
    outer loop
      vertex 12.8025 -2.25743 0
      vertex 32.0063 -5.64357 0
      vertex 31.3926 -8.41162 0
    endloop
  endfacet
  facet normal 0 0 -1
    outer loop
      vertex 12.9505 1.13302 0
      vertex 32.3763 2.83256 0
      vertex 13 0 0
    endloop
  endfacet
  facet normal 0 0 -1
    outer loop
      vertex 12.557 -3.36465 0
      vertex 31.3926 -8.41162 0
      vertex 30.54 -11.1157 0
    endloop
  endfacet
  facet normal -0 0 -1
    outer loop
      vertex 32.3763 2.83256 0
      vertex 12.9505 1.13302 0
      vertex 32.0063 5.64357 0
    endloop
  endfacet
  facet normal 0 0 -1
    outer loop
      vertex 12.216 -4.44626 0
      vertex 30.54 -11.1157 0
      vertex 29.455 -13.7351 0
    endloop
  endfacet
  facet normal 0 0 -1
    outer loop
      vertex 12.8025 2.25743 0
      vertex 32.0063 5.64357 0
      vertex 12.9505 1.13302 0
    endloop
  endfacet
  facet normal 0 0 -1
    outer loop
      vertex 11.782 -5.49404 0
      vertex 29.455 -13.7351 0
      vertex 28.1458 -16.25 0
    endloop
  endfacet
  facet normal -0 0 -1
    outer loop
      vertex 32.0063 5.64357 0
      vertex 12.8025 2.25743 0
      vertex 31.3926 8.41162 0
    endloop
  endfacet
  facet normal 0 0 -1
    outer loop
      vertex 11.2583 -6.5 0
      vertex 28.1458 -16.25 0
      vertex 26.6224 -18.6412 0
    endloop
  endfacet
  facet normal 0 0 -1
    outer loop
      vertex 12.557 3.36465 0
      vertex 31.3926 8.41162 0
      vertex 12.8025 2.25743 0
    endloop
  endfacet
  facet normal 0 0 -1
    outer loop
      vertex 10.649 -7.45649 0
      vertex 26.6224 -18.6412 0
      vertex 24.8964 -20.8906 0
    endloop
  endfacet
  facet normal -0 0 -1
    outer loop
      vertex 31.3926 8.41162 0
      vertex 12.557 3.36465 0
      vertex 30.54 11.1157 0
    endloop
  endfacet
  facet normal 0 0 -1
    outer loop
      vertex 9.95858 -8.35624 0
      vertex 24.8964 -20.8906 0
      vertex 22.981 -22.981 0
    endloop
  endfacet
  facet normal 0 0 -1
    outer loop
      vertex 12.216 4.44626 0
      vertex 30.54 11.1157 0
      vertex 12.557 3.36465 0
    endloop
  endfacet
  facet normal 0 0 -1
    outer loop
      vertex 9.19239 -9.19239 0
      vertex 22.981 -22.981 0
      vertex 20.8906 -24.8964 0
    endloop
  endfacet
  facet normal -0 0 -1
    outer loop
      vertex 30.54 11.1157 0
      vertex 12.216 4.44626 0
      vertex 29.455 13.7351 0
    endloop
  endfacet
  facet normal 0 0 -1
    outer loop
      vertex 8.35624 -9.95858 0
      vertex 20.8906 -24.8964 0
      vertex 18.6412 -26.6224 0
    endloop
  endfacet
  facet normal 0 0 -1
    outer loop
      vertex 11.782 5.49404 0
      vertex 29.455 13.7351 0
      vertex 12.216 4.44626 0
    endloop
  endfacet
  facet normal 0 0 -1
    outer loop
      vertex 7.45649 -10.649 0
      vertex 18.6412 -26.6224 0
      vertex 16.25 -28.1458 0
    endloop
  endfacet
  facet normal -0 0 -1
    outer loop
      vertex 29.455 13.7351 0
      vertex 11.782 5.49404 0
      vertex 28.1458 16.25 0
    endloop
  endfacet
  facet normal 0 0 -1
    outer loop
      vertex 6.5 -11.2583 0
      vertex 16.25 -28.1458 0
      vertex 13.7351 -29.455 0
    endloop
  endfacet
  facet normal 0 0 -1
    outer loop
      vertex 11.2583 6.5 0
      vertex 28.1458 16.25 0
      vertex 11.782 5.49404 0
    endloop
  endfacet
  facet normal -0 0 -1
    outer loop
      vertex 28.1458 16.25 0
      vertex 11.2583 6.5 0
      vertex 26.6224 18.6412 0
    endloop
  endfacet
  facet normal 0 0 -1
    outer loop
      vertex 32.3763 -2.83256 0
      vertex 12.9505 -1.13302 0
      vertex 13 0 0
    endloop
  endfacet
  facet normal 0 0 -1
    outer loop
      vertex 32.0063 -5.64357 0
      vertex 12.8025 -2.25743 0
      vertex 12.9505 -1.13302 0
    endloop
  endfacet
  facet normal 0 0 -1
    outer loop
      vertex 31.3926 -8.41162 0
      vertex 12.557 -3.36465 0
      vertex 12.8025 -2.25743 0
    endloop
  endfacet
  facet normal 0 0 -1
    outer loop
      vertex 30.54 -11.1157 0
      vertex 12.216 -4.44626 0
      vertex 12.557 -3.36465 0
    endloop
  endfacet
  facet normal 0 0 -1
    outer loop
      vertex 29.455 -13.7351 0
      vertex 11.782 -5.49404 0
      vertex 12.216 -4.44626 0
    endloop
  endfacet
  facet normal 0 0 -1
    outer loop
      vertex 28.1458 -16.25 0
      vertex 11.2583 -6.5 0
      vertex 11.782 -5.49404 0
    endloop
  endfacet
  facet normal 0 0 -1
    outer loop
      vertex 5.49404 -11.782 0
      vertex 13.7351 -29.455 0
      vertex 11.1157 -30.54 0
    endloop
  endfacet
  facet normal 0 0 -1
    outer loop
      vertex 26.6224 -18.6412 0
      vertex 10.649 -7.45649 0
      vertex 11.2583 -6.5 0
    endloop
  endfacet
  facet normal 0 0 -1
    outer loop
      vertex 24.8964 -20.8906 0
      vertex 9.95858 -8.35624 0
      vertex 10.649 -7.45649 0
    endloop
  endfacet
  facet normal 0 0 -1
    outer loop
      vertex 22.981 -22.981 0
      vertex 9.19239 -9.19239 0
      vertex 9.95858 -8.35624 0
    endloop
  endfacet
  facet normal 0 0 -1
    outer loop
      vertex 4.44626 -12.216 0
      vertex 11.1157 -30.54 0
      vertex 8.41162 -31.3926 0
    endloop
  endfacet
  facet normal 0 0 -1
    outer loop
      vertex 20.8906 -24.8964 0
      vertex 8.35624 -9.95858 0
      vertex 9.19239 -9.19239 0
    endloop
  endfacet
  facet normal 0 0 -1
    outer loop
      vertex 18.6412 -26.6224 0
      vertex 7.45649 -10.649 0
      vertex 8.35624 -9.95858 0
    endloop
  endfacet
  facet normal 0 0 -1
    outer loop
      vertex 16.25 -28.1458 0
      vertex 6.5 -11.2583 0
      vertex 7.45649 -10.649 0
    endloop
  endfacet
  facet normal 0 0 -1
    outer loop
      vertex 3.36465 -12.557 0
      vertex 8.41162 -31.3926 0
      vertex 5.64357 -32.0063 0
    endloop
  endfacet
  facet normal 0 0 -1
    outer loop
      vertex 13.7351 -29.455 0
      vertex 5.49404 -11.782 0
      vertex 6.5 -11.2583 0
    endloop
  endfacet
  facet normal 0 0 -1
    outer loop
      vertex 11.1157 -30.54 0
      vertex 4.44626 -12.216 0
      vertex 5.49404 -11.782 0
    endloop
  endfacet
  facet normal 0 0 -1
    outer loop
      vertex 8.41162 -31.3926 0
      vertex 3.36465 -12.557 0
      vertex 4.44626 -12.216 0
    endloop
  endfacet
  facet normal 0 0 -1
    outer loop
      vertex 2.25743 -12.8025 0
      vertex 5.64357 -32.0063 0
      vertex 2.83256 -32.3763 0
    endloop
  endfacet
  facet normal 0 0 -1
    outer loop
      vertex 5.64357 -32.0063 0
      vertex 2.25743 -12.8025 0
      vertex 3.36465 -12.557 0
    endloop
  endfacet
  facet normal 0 0 -1
    outer loop
      vertex 2.83256 -32.3763 0
      vertex 1.13302 -12.9505 0
      vertex 2.25743 -12.8025 0
    endloop
  endfacet
  facet normal 0 0 -1
    outer loop
      vertex 0 -32.5 0
      vertex 1.13302 -12.9505 0
      vertex 2.83256 -32.3763 0
    endloop
  endfacet
  facet normal 0 0 -1
    outer loop
      vertex 0 -32.5 0
      vertex 0 -13 0
      vertex 1.13302 -12.9505 0
    endloop
  endfacet
  facet normal 0 0 -1
    outer loop
      vertex 0 -32.5 0
      vertex -1.13302 -12.9505 0
      vertex 0 -13 0
    endloop
  endfacet
  facet normal 0 0 -1
    outer loop
      vertex -2.83256 -32.3763 0
      vertex -1.13302 -12.9505 0
      vertex 0 -32.5 0
    endloop
  endfacet
  facet normal -0 0 -1
    outer loop
      vertex -1.13302 -12.9505 0
      vertex -2.83256 -32.3763 0
      vertex -2.25743 -12.8025 0
    endloop
  endfacet
  facet normal 0 0 -1
    outer loop
      vertex -5.64357 -32.0063 0
      vertex -2.25743 -12.8025 0
      vertex -2.83256 -32.3763 0
    endloop
  endfacet
  facet normal -0 0 -1
    outer loop
      vertex -2.25743 -12.8025 0
      vertex -5.64357 -32.0063 0
      vertex -3.36465 -12.557 0
    endloop
  endfacet
  facet normal 0 0 -1
    outer loop
      vertex -8.41162 -31.3926 0
      vertex -3.36465 -12.557 0
      vertex -5.64357 -32.0063 0
    endloop
  endfacet
  facet normal -0 0 -1
    outer loop
      vertex -3.36465 -12.557 0
      vertex -8.41162 -31.3926 0
      vertex -4.44626 -12.216 0
    endloop
  endfacet
  facet normal 0 0 -1
    outer loop
      vertex -11.1157 -30.54 0
      vertex -4.44626 -12.216 0
      vertex -8.41162 -31.3926 0
    endloop
  endfacet
  facet normal -0 0 -1
    outer loop
      vertex -4.44626 -12.216 0
      vertex -11.1157 -30.54 0
      vertex -5.49404 -11.782 0
    endloop
  endfacet
  facet normal 0 0 -1
    outer loop
      vertex -13.7351 -29.455 0
      vertex -5.49404 -11.782 0
      vertex -11.1157 -30.54 0
    endloop
  endfacet
  facet normal -0 0 -1
    outer loop
      vertex -5.49404 -11.782 0
      vertex -13.7351 -29.455 0
      vertex -6.5 -11.2583 0
    endloop
  endfacet
  facet normal 0 0 -1
    outer loop
      vertex -16.25 -28.1458 0
      vertex -6.5 -11.2583 0
      vertex -13.7351 -29.455 0
    endloop
  endfacet
  facet normal -0 0 -1
    outer loop
      vertex -6.5 -11.2583 0
      vertex -16.25 -28.1458 0
      vertex -7.45649 -10.649 0
    endloop
  endfacet
  facet normal 0 0 -1
    outer loop
      vertex -18.6412 -26.6224 0
      vertex -7.45649 -10.649 0
      vertex -16.25 -28.1458 0
    endloop
  endfacet
  facet normal -0 0 -1
    outer loop
      vertex -7.45649 -10.649 0
      vertex -18.6412 -26.6224 0
      vertex -8.35624 -9.95858 0
    endloop
  endfacet
  facet normal 0 0 -1
    outer loop
      vertex -20.8906 -24.8964 0
      vertex -8.35624 -9.95858 0
      vertex -18.6412 -26.6224 0
    endloop
  endfacet
  facet normal -0 0 -1
    outer loop
      vertex -8.35624 -9.95858 0
      vertex -20.8906 -24.8964 0
      vertex -9.19239 -9.19239 0
    endloop
  endfacet
  facet normal 0 0 -1
    outer loop
      vertex -22.981 -22.981 0
      vertex -9.19239 -9.19239 0
      vertex -20.8906 -24.8964 0
    endloop
  endfacet
  facet normal -0 0 -1
    outer loop
      vertex -9.19239 -9.19239 0
      vertex -22.981 -22.981 0
      vertex -9.95858 -8.35624 0
    endloop
  endfacet
  facet normal 0 0 -1
    outer loop
      vertex -24.8964 -20.8906 0
      vertex -9.95858 -8.35624 0
      vertex -22.981 -22.981 0
    endloop
  endfacet
  facet normal -0 0 -1
    outer loop
      vertex -9.95858 -8.35624 0
      vertex -24.8964 -20.8906 0
      vertex -10.649 -7.45649 0
    endloop
  endfacet
  facet normal -0 0 -1
    outer loop
      vertex -10.649 -7.45649 0
      vertex -26.6224 -18.6412 0
      vertex -11.2583 -6.5 0
    endloop
  endfacet
  facet normal 0 0 -1
    outer loop
      vertex -26.6224 -18.6412 0
      vertex -10.649 -7.45649 0
      vertex -24.8964 -20.8906 0
    endloop
  endfacet
  facet normal 0 0 -1
    outer loop
      vertex 10.649 7.45649 0
      vertex 26.6224 18.6412 0
      vertex 11.2583 6.5 0
    endloop
  endfacet
  facet normal -0 0 -1
    outer loop
      vertex 26.6224 18.6412 0
      vertex 10.649 7.45649 0
      vertex 24.8964 20.8906 0
    endloop
  endfacet
  facet normal 0 0 -1
    outer loop
      vertex 9.95858 8.35624 0
      vertex 24.8964 20.8906 0
      vertex 10.649 7.45649 0
    endloop
  endfacet
  facet normal -0 0 -1
    outer loop
      vertex 24.8964 20.8906 0
      vertex 9.95858 8.35624 0
      vertex 22.981 22.981 0
    endloop
  endfacet
  facet normal 0 0 -1
    outer loop
      vertex 9.19239 9.19239 0
      vertex 22.981 22.981 0
      vertex 9.95858 8.35624 0
    endloop
  endfacet
  facet normal -0 0 -1
    outer loop
      vertex 22.981 22.981 0
      vertex 9.19239 9.19239 0
      vertex 20.8906 24.8964 0
    endloop
  endfacet
  facet normal 0 0 -1
    outer loop
      vertex 8.35624 9.95858 0
      vertex 20.8906 24.8964 0
      vertex 9.19239 9.19239 0
    endloop
  endfacet
  facet normal -0 0 -1
    outer loop
      vertex 20.8906 24.8964 0
      vertex 8.35624 9.95858 0
      vertex 18.6412 26.6224 0
    endloop
  endfacet
  facet normal 0 0 -1
    outer loop
      vertex 7.45649 10.649 0
      vertex 18.6412 26.6224 0
      vertex 8.35624 9.95858 0
    endloop
  endfacet
  facet normal -0 0 -1
    outer loop
      vertex 18.6412 26.6224 0
      vertex 7.45649 10.649 0
      vertex 16.25 28.1458 0
    endloop
  endfacet
  facet normal 0 0 -1
    outer loop
      vertex 6.5 11.2583 0
      vertex 16.25 28.1458 0
      vertex 7.45649 10.649 0
    endloop
  endfacet
  facet normal -0 0 -1
    outer loop
      vertex 16.25 28.1458 0
      vertex 6.5 11.2583 0
      vertex 13.7351 29.455 0
    endloop
  endfacet
  facet normal 0 0 -1
    outer loop
      vertex 5.49404 11.782 0
      vertex 13.7351 29.455 0
      vertex 6.5 11.2583 0
    endloop
  endfacet
  facet normal -0 0 -1
    outer loop
      vertex 13.7351 29.455 0
      vertex 5.49404 11.782 0
      vertex 11.1157 30.54 0
    endloop
  endfacet
  facet normal 0 0 -1
    outer loop
      vertex 4.44626 12.216 0
      vertex 11.1157 30.54 0
      vertex 5.49404 11.782 0
    endloop
  endfacet
  facet normal -0 0 -1
    outer loop
      vertex 11.1157 30.54 0
      vertex 4.44626 12.216 0
      vertex 8.41162 31.3926 0
    endloop
  endfacet
  facet normal 0 0 -1
    outer loop
      vertex 3.36465 12.557 0
      vertex 8.41162 31.3926 0
      vertex 4.44626 12.216 0
    endloop
  endfacet
  facet normal -0 0 -1
    outer loop
      vertex 8.41162 31.3926 0
      vertex 3.36465 12.557 0
      vertex 5.64357 32.0063 0
    endloop
  endfacet
  facet normal 0 0 -1
    outer loop
      vertex 2.25743 12.8025 0
      vertex 5.64357 32.0063 0
      vertex 3.36465 12.557 0
    endloop
  endfacet
  facet normal -0 0 -1
    outer loop
      vertex 5.64357 32.0063 0
      vertex 2.25743 12.8025 0
      vertex 2.83256 32.3763 0
    endloop
  endfacet
  facet normal 0 0 -1
    outer loop
      vertex 1.13302 12.9505 0
      vertex 2.83256 32.3763 0
      vertex 2.25743 12.8025 0
    endloop
  endfacet
  facet normal 0 0 -1
    outer loop
      vertex 0 13 0
      vertex 2.83256 32.3763 0
      vertex 1.13302 12.9505 0
    endloop
  endfacet
  facet normal 0 0 -1
    outer loop
      vertex 0 13 0
      vertex 0 32.5 0
      vertex 2.83256 32.3763 0
    endloop
  endfacet
  facet normal 0 0 -1
    outer loop
      vertex -1.13302 12.9505 0
      vertex 0 32.5 0
      vertex 0 13 0
    endloop
  endfacet
  facet normal 0 0 -1
    outer loop
      vertex -2.83256 32.3763 0
      vertex -1.13302 12.9505 0
      vertex -2.25743 12.8025 0
    endloop
  endfacet
  facet normal 0 0 -1
    outer loop
      vertex -1.13302 12.9505 0
      vertex -2.83256 32.3763 0
      vertex 0 32.5 0
    endloop
  endfacet
  facet normal 0 0 -1
    outer loop
      vertex -5.64357 32.0063 0
      vertex -2.25743 12.8025 0
      vertex -3.36465 12.557 0
    endloop
  endfacet
  facet normal 0 0 -1
    outer loop
      vertex -8.41162 31.3926 0
      vertex -3.36465 12.557 0
      vertex -4.44626 12.216 0
    endloop
  endfacet
  facet normal 0 0 -1
    outer loop
      vertex -11.1157 30.54 0
      vertex -4.44626 12.216 0
      vertex -5.49404 11.782 0
    endloop
  endfacet
  facet normal 0 0 -1
    outer loop
      vertex -2.25743 12.8025 0
      vertex -5.64357 32.0063 0
      vertex -2.83256 32.3763 0
    endloop
  endfacet
  facet normal 0 0 -1
    outer loop
      vertex -13.7351 29.455 0
      vertex -5.49404 11.782 0
      vertex -6.5 11.2583 0
    endloop
  endfacet
  facet normal 0 0 -1
    outer loop
      vertex -16.25 28.1458 0
      vertex -6.5 11.2583 0
      vertex -7.45649 10.649 0
    endloop
  endfacet
  facet normal 0 0 -1
    outer loop
      vertex -18.6412 26.6224 0
      vertex -7.45649 10.649 0
      vertex -8.35624 9.95858 0
    endloop
  endfacet
  facet normal 0 0 -1
    outer loop
      vertex -3.36465 12.557 0
      vertex -8.41162 31.3926 0
      vertex -5.64357 32.0063 0
    endloop
  endfacet
  facet normal 0 0 -1
    outer loop
      vertex -20.8906 24.8964 0
      vertex -8.35624 9.95858 0
      vertex -9.19239 9.19239 0
    endloop
  endfacet
  facet normal 0 0 -1
    outer loop
      vertex -22.981 22.981 0
      vertex -9.19239 9.19239 0
      vertex -9.95858 8.35624 0
    endloop
  endfacet
  facet normal 0 0 -1
    outer loop
      vertex -24.8964 20.8906 0
      vertex -9.95858 8.35624 0
      vertex -10.649 7.45649 0
    endloop
  endfacet
  facet normal 0 0 -1
    outer loop
      vertex -4.44626 12.216 0
      vertex -11.1157 30.54 0
      vertex -8.41162 31.3926 0
    endloop
  endfacet
  facet normal 0 0 -1
    outer loop
      vertex -26.6224 18.6412 0
      vertex -10.649 7.45649 0
      vertex -11.2583 6.5 0
    endloop
  endfacet
  facet normal 0 0 -1
    outer loop
      vertex -28.1458 16.25 0
      vertex -11.2583 6.5 0
      vertex -11.782 5.49404 0
    endloop
  endfacet
  facet normal 0 0 -1
    outer loop
      vertex -29.455 13.7351 0
      vertex -11.782 5.49404 0
      vertex -12.216 4.44626 0
    endloop
  endfacet
  facet normal 0 0 -1
    outer loop
      vertex -30.54 11.1157 0
      vertex -12.216 4.44626 0
      vertex -12.557 3.36465 0
    endloop
  endfacet
  facet normal 0 0 -1
    outer loop
      vertex -31.3926 8.41162 0
      vertex -12.557 3.36465 0
      vertex -12.8025 2.25743 0
    endloop
  endfacet
  facet normal 0 0 -1
    outer loop
      vertex -32.0063 5.64357 0
      vertex -12.8025 2.25743 0
      vertex -12.9505 1.13302 0
    endloop
  endfacet
  facet normal 0 0 -1
    outer loop
      vertex -5.49404 11.782 0
      vertex -13.7351 29.455 0
      vertex -11.1157 30.54 0
    endloop
  endfacet
  facet normal 0 0 -1
    outer loop
      vertex -32.3763 2.83256 0
      vertex -12.9505 1.13302 0
      vertex -13 0 0
    endloop
  endfacet
  facet normal 0 0 -1
    outer loop
      vertex -28.1458 -16.25 0
      vertex -11.2583 -6.5 0
      vertex -26.6224 -18.6412 0
    endloop
  endfacet
  facet normal -0 0 -1
    outer loop
      vertex -11.2583 -6.5 0
      vertex -28.1458 -16.25 0
      vertex -11.782 -5.49404 0
    endloop
  endfacet
  facet normal 0 0 -1
    outer loop
      vertex -6.5 11.2583 0
      vertex -16.25 28.1458 0
      vertex -13.7351 29.455 0
    endloop
  endfacet
  facet normal 0 0 -1
    outer loop
      vertex -29.455 -13.7351 0
      vertex -11.782 -5.49404 0
      vertex -28.1458 -16.25 0
    endloop
  endfacet
  facet normal 0 0 -1
    outer loop
      vertex -7.45649 10.649 0
      vertex -18.6412 26.6224 0
      vertex -16.25 28.1458 0
    endloop
  endfacet
  facet normal -0 0 -1
    outer loop
      vertex -11.782 -5.49404 0
      vertex -29.455 -13.7351 0
      vertex -12.216 -4.44626 0
    endloop
  endfacet
  facet normal 0 0 -1
    outer loop
      vertex -8.35624 9.95858 0
      vertex -20.8906 24.8964 0
      vertex -18.6412 26.6224 0
    endloop
  endfacet
  facet normal 0 0 -1
    outer loop
      vertex -30.54 -11.1157 0
      vertex -12.216 -4.44626 0
      vertex -29.455 -13.7351 0
    endloop
  endfacet
  facet normal 0 0 -1
    outer loop
      vertex -9.19239 9.19239 0
      vertex -22.981 22.981 0
      vertex -20.8906 24.8964 0
    endloop
  endfacet
  facet normal -0 0 -1
    outer loop
      vertex -12.216 -4.44626 0
      vertex -30.54 -11.1157 0
      vertex -12.557 -3.36465 0
    endloop
  endfacet
  facet normal 0 0 -1
    outer loop
      vertex -9.95858 8.35624 0
      vertex -24.8964 20.8906 0
      vertex -22.981 22.981 0
    endloop
  endfacet
  facet normal 0 0 -1
    outer loop
      vertex -31.3926 -8.41162 0
      vertex -12.557 -3.36465 0
      vertex -30.54 -11.1157 0
    endloop
  endfacet
  facet normal 0 0 -1
    outer loop
      vertex -10.649 7.45649 0
      vertex -26.6224 18.6412 0
      vertex -24.8964 20.8906 0
    endloop
  endfacet
  facet normal -0 0 -1
    outer loop
      vertex -12.557 -3.36465 0
      vertex -31.3926 -8.41162 0
      vertex -12.8025 -2.25743 0
    endloop
  endfacet
  facet normal 0 0 -1
    outer loop
      vertex -11.2583 6.5 0
      vertex -28.1458 16.25 0
      vertex -26.6224 18.6412 0
    endloop
  endfacet
  facet normal 0 0 -1
    outer loop
      vertex -32.0063 -5.64357 0
      vertex -12.8025 -2.25743 0
      vertex -31.3926 -8.41162 0
    endloop
  endfacet
  facet normal 0 0 -1
    outer loop
      vertex -11.782 5.49404 0
      vertex -29.455 13.7351 0
      vertex -28.1458 16.25 0
    endloop
  endfacet
  facet normal -0 0 -1
    outer loop
      vertex -12.8025 -2.25743 0
      vertex -32.0063 -5.64357 0
      vertex -12.9505 -1.13302 0
    endloop
  endfacet
  facet normal 0 0 -1
    outer loop
      vertex -12.216 4.44626 0
      vertex -30.54 11.1157 0
      vertex -29.455 13.7351 0
    endloop
  endfacet
  facet normal 0 0 -1
    outer loop
      vertex -32.3763 -2.83256 0
      vertex -12.9505 -1.13302 0
      vertex -32.0063 -5.64357 0
    endloop
  endfacet
  facet normal 0 0 -1
    outer loop
      vertex -12.557 3.36465 0
      vertex -31.3926 8.41162 0
      vertex -30.54 11.1157 0
    endloop
  endfacet
  facet normal -0 0 -1
    outer loop
      vertex -12.9505 -1.13302 0
      vertex -32.3763 -2.83256 0
      vertex -13 0 0
    endloop
  endfacet
  facet normal 0 0 -1
    outer loop
      vertex -12.8025 2.25743 0
      vertex -32.0063 5.64357 0
      vertex -31.3926 8.41162 0
    endloop
  endfacet
  facet normal 0 0 -1
    outer loop
      vertex -32.5 0 0
      vertex -13 0 0
      vertex -32.3763 -2.83256 0
    endloop
  endfacet
  facet normal 0 0 -1
    outer loop
      vertex -12.9505 1.13302 0
      vertex -32.3763 2.83256 0
      vertex -32.0063 5.64357 0
    endloop
  endfacet
  facet normal 0 0 -1
    outer loop
      vertex -13 0 0
      vertex -32.5 0 0
      vertex -32.3763 2.83256 0
    endloop
  endfacet
  facet normal -0.953716 0.300708 0
    outer loop
      vertex -31.3926 8.41162 0
      vertex -30.54 11.1157 44
      vertex -30.54 11.1157 0
    endloop
  endfacet
  facet normal -0.953716 0.300708 0
    outer loop
      vertex -30.54 11.1157 44
      vertex -31.3926 8.41162 0
      vertex -31.3926 8.41162 44
    endloop
  endfacet
  facet normal 0.216456 -0.976292 0
    outer loop
      vertex 6.4 -31.8386 7.6
      vertex 8.41162 -31.3926 44
      vertex 6.4 -31.8386 44
    endloop
  endfacet
  facet normal 0.216456 -0.976292 0
    outer loop
      vertex 6.4 -31.8386 7.6
      vertex 8.41162 -31.3926 0
      vertex 8.41162 -31.3926 44
    endloop
  endfacet
  facet normal 0.216452 -0.976293 -8.86671e-07
    outer loop
      vertex 8.41162 -31.3926 0
      vertex 6.4 -31.8386 7.6
      vertex 5.64357 -32.0063 0
    endloop
  endfacet
  facet normal 0.216444 -0.976295 0
    outer loop
      vertex 5.64357 -32.0063 7.6
      vertex 5.64357 -32.0063 0
      vertex 6.4 -31.8386 7.6
    endloop
  endfacet
  facet normal -0.793358 -0.608756 0
    outer loop
      vertex -24.8964 -20.8906 0
      vertex -26.6224 -18.6412 44
      vertex -26.6224 -18.6412 0
    endloop
  endfacet
  facet normal -0.793358 -0.608756 0
    outer loop
      vertex -26.6224 -18.6412 44
      vertex -24.8964 -20.8906 0
      vertex -24.8964 -20.8906 44
    endloop
  endfacet
  facet normal -0.382686 0.923878 0
    outer loop
      vertex -11.1157 30.54 0
      vertex -13.7351 29.455 44
      vertex -11.1157 30.54 44
    endloop
  endfacet
  facet normal -0.382686 0.923878 0
    outer loop
      vertex -13.7351 29.455 44
      vertex -11.1157 30.54 0
      vertex -13.7351 29.455 0
    endloop
  endfacet
  facet normal -0.1305 0.991448 0
    outer loop
      vertex -2.83256 32.3763 0
      vertex -5.64357 32.0063 7.6
      vertex -2.83256 32.3763 7.6
    endloop
  endfacet
  facet normal -0.1305 0.991448 0
    outer loop
      vertex -5.64357 32.0063 7.6
      vertex -2.83256 32.3763 0
      vertex -5.64357 32.0063 0
    endloop
  endfacet
  facet normal -0.843385 -0.537309 0
    outer loop
      vertex -26.6224 -18.6412 0
      vertex -28.1458 -16.25 44
      vertex -28.1458 -16.25 0
    endloop
  endfacet
  facet normal -0.843385 -0.537309 0
    outer loop
      vertex -28.1458 -16.25 44
      vertex -26.6224 -18.6412 0
      vertex -26.6224 -18.6412 44
    endloop
  endfacet
  facet normal -0.999048 -0.0436292 0
    outer loop
      vertex -32.3763 -2.83256 0
      vertex -32.5 0 15.6
      vertex -32.5 0 0
    endloop
  endfacet
  facet normal -0.999048 -0.0436292 0
    outer loop
      vertex -32.5 0 15.6
      vertex -32.3763 -2.83256 0
      vertex -32.3763 -2.83256 15.6
    endloop
  endfacet
  facet normal 0.300708 0.953716 -0
    outer loop
      vertex 11.1157 30.54 0
      vertex 8.41162 31.3926 44
      vertex 11.1157 30.54 44
    endloop
  endfacet
  facet normal 0.300708 0.953716 0
    outer loop
      vertex 8.41162 31.3926 44
      vertex 11.1157 30.54 0
      vertex 8.41162 31.3926 0
    endloop
  endfacet
  facet normal -0.923878 -0.382686 0
    outer loop
      vertex -29.455 -13.7351 0
      vertex -30.54 -11.1157 44
      vertex -30.54 -11.1157 0
    endloop
  endfacet
  facet normal -0.923878 -0.382686 0
    outer loop
      vertex -30.54 -11.1157 44
      vertex -29.455 -13.7351 0
      vertex -29.455 -13.7351 44
    endloop
  endfacet
  facet normal 0.991448 0.1305 0
    outer loop
      vertex 32.3763 2.83256 15.6
      vertex 32.0063 5.64357 0
      vertex 32.0063 5.64357 15.6
    endloop
  endfacet
  facet normal 0.991448 0.1305 0
    outer loop
      vertex 32.0063 5.64357 0
      vertex 32.3763 2.83256 15.6
      vertex 32.3763 2.83256 0
    endloop
  endfacet
  facet normal 0.675571 0.737295 -0
    outer loop
      vertex 22.981 22.981 0
      vertex 20.8906 24.8964 44
      vertex 22.981 22.981 44
    endloop
  endfacet
  facet normal 0.675571 0.737295 0
    outer loop
      vertex 20.8906 24.8964 44
      vertex 22.981 22.981 0
      vertex 20.8906 24.8964 0
    endloop
  endfacet
  facet normal 0.0436338 -0.999048 0
    outer loop
      vertex -2.65825 30.3839 2
      vertex 0 30.5 7.6
      vertex -2.65825 30.3839 7.6
    endloop
  endfacet
  facet normal 0.0436338 -0.999048 0
    outer loop
      vertex 0 30.5 7.6
      vertex -2.65825 30.3839 2
      vertex 0 30.5 2
    endloop
  endfacet
  facet normal -0.991445 0.130525 0
    outer loop
      vertex 30.0366 -5.29627 2
      vertex 30.3839 -2.65825 15.6
      vertex 30.3839 -2.65825 2
    endloop
  endfacet
  facet normal -0.991445 0.130525 0
    outer loop
      vertex 30.3839 -2.65825 15.6
      vertex 30.0366 -5.29627 2
      vertex 30.0366 -5.29627 15.6
    endloop
  endfacet
  facet normal -0.999048 0.0436338 0
    outer loop
      vertex 30.3839 -2.65825 2
      vertex 30.5 0 15.6
      vertex 30.5 0 2
    endloop
  endfacet
  facet normal -0.999048 0.0436338 0
    outer loop
      vertex 30.5 0 15.6
      vertex 30.3839 -2.65825 2
      vertex 30.3839 -2.65825 15.6
    endloop
  endfacet
  facet normal 0.843383 0.537313 0
    outer loop
      vertex -24.9841 -17.4941 44
      vertex -26.4138 -15.25 2
      vertex -26.4138 -15.25 44
    endloop
  endfacet
  facet normal 0.843383 0.537313 0
    outer loop
      vertex -26.4138 -15.25 2
      vertex -24.9841 -17.4941 44
      vertex -24.9841 -17.4941 2
    endloop
  endfacet
  facet normal -0.737288 0.675578 0
    outer loop
      vertex 21.5668 -21.5668 2
      vertex 23.3644 -19.605 44
      vertex 23.3644 -19.605 2
    endloop
  endfacet
  facet normal -0.737288 0.675578 0
    outer loop
      vertex 23.3644 -19.605 44
      vertex 21.5668 -21.5668 2
      vertex 21.5668 -21.5668 44
    endloop
  endfacet
  facet normal 0.608749 -0.793363 0
    outer loop
      vertex -19.605 23.3644 2
      vertex -17.4941 24.9841 44
      vertex -19.605 23.3644 44
    endloop
  endfacet
  facet normal 0.608749 -0.793363 0
    outer loop
      vertex -17.4941 24.9841 44
      vertex -19.605 23.3644 2
      vertex -17.4941 24.9841 2
    endloop
  endfacet
  facet normal 0.843383 -0.537313 0
    outer loop
      vertex -26.4138 15.25 44
      vertex -24.9841 17.4941 2
      vertex -24.9841 17.4941 44
    endloop
  endfacet
  facet normal 0.843383 -0.537313 0
    outer loop
      vertex -24.9841 17.4941 2
      vertex -26.4138 15.25 44
      vertex -26.4138 15.25 2
    endloop
  endfacet
  facet normal -0.300703 0.953718 0
    outer loop
      vertex 10.4316 -28.6606 2
      vertex 7.89398 -29.4607 44
      vertex 10.4316 -28.6606 44
    endloop
  endfacet
  facet normal -0.300703 0.953718 0
    outer loop
      vertex 7.89398 -29.4607 44
      vertex 10.4316 -28.6606 2
      vertex 7.89398 -29.4607 2
    endloop
  endfacet
  facet normal 0.537313 0.843383 -0
    outer loop
      vertex -15.25 -26.4138 2
      vertex -17.4941 -24.9841 44
      vertex -15.25 -26.4138 44
    endloop
  endfacet
  facet normal 0.537313 0.843383 0
    outer loop
      vertex -17.4941 -24.9841 44
      vertex -15.25 -26.4138 2
      vertex -17.4941 -24.9841 2
    endloop
  endfacet
  facet normal 0.923888 0.382664 0
    outer loop
      vertex -27.6424 -12.8899 44
      vertex -28.6606 -10.4316 2
      vertex -28.6606 -10.4316 44
    endloop
  endfacet
  facet normal 0.923888 0.382664 0
    outer loop
      vertex -28.6606 -10.4316 2
      vertex -27.6424 -12.8899 44
      vertex -27.6424 -12.8899 2
    endloop
  endfacet
  facet normal -0.130525 -0.991445 0
    outer loop
      vertex 2.65825 30.3839 2
      vertex 5.29627 30.0366 7.6
      vertex 2.65825 30.3839 7.6
    endloop
  endfacet
  facet normal -0.130525 -0.991445 -0
    outer loop
      vertex 5.29627 30.0366 7.6
      vertex 2.65825 30.3839 2
      vertex 5.29627 30.0366 2
    endloop
  endfacet
  facet normal 0.737288 0.675578 0
    outer loop
      vertex -21.5668 -21.5668 44
      vertex -23.3644 -19.605 2
      vertex -23.3644 -19.605 44
    endloop
  endfacet
  facet normal 0.737288 0.675578 0
    outer loop
      vertex -23.3644 -19.605 2
      vertex -21.5668 -21.5668 44
      vertex -21.5668 -21.5668 2
    endloop
  endfacet
  facet normal -0.953718 0.300703 0
    outer loop
      vertex 28.6606 -10.4316 2
      vertex 29.4607 -7.89398 44
      vertex 29.4607 -7.89398 2
    endloop
  endfacet
  facet normal -0.953718 0.300703 0
    outer loop
      vertex 29.4607 -7.89398 44
      vertex 28.6606 -10.4316 2
      vertex 28.6606 -10.4316 44
    endloop
  endfacet
  facet normal -0.608749 0.793363 0
    outer loop
      vertex 19.605 -23.3644 2
      vertex 17.4941 -24.9841 44
      vertex 19.605 -23.3644 44
    endloop
  endfacet
  facet normal -0.608749 0.793363 0
    outer loop
      vertex 17.4941 -24.9841 44
      vertex 19.605 -23.3644 2
      vertex 17.4941 -24.9841 2
    endloop
  endfacet
  facet normal -0.216435 0.976297 0
    outer loop
      vertex 7.89398 -29.4607 44
      vertex 6.4 -29.7919 7.6
      vertex 6.4 -29.7919 44
    endloop
  endfacet
  facet normal -0.216435 0.976297 0
    outer loop
      vertex 7.89398 -29.4607 2
      vertex 6.4 -29.7919 7.6
      vertex 7.89398 -29.4607 44
    endloop
  endfacet
  facet normal -0.21644 0.976296 -1.44493e-06
    outer loop
      vertex 5.29627 -30.0366 2
      vertex 6.4 -29.7919 7.6
      vertex 7.89398 -29.4607 2
    endloop
  endfacet
  facet normal -0.216447 0.976294 0
    outer loop
      vertex 6.4 -29.7919 7.6
      vertex 5.29627 -30.0366 2
      vertex 5.29627 -30.0366 7.6
    endloop
  endfacet
  facet normal 0.923888 -0.382664 0
    outer loop
      vertex -28.6606 10.4316 44
      vertex -27.6424 12.8899 2
      vertex -27.6424 12.8899 44
    endloop
  endfacet
  facet normal 0.923888 -0.382664 0
    outer loop
      vertex -27.6424 12.8899 2
      vertex -28.6606 10.4316 44
      vertex -28.6606 10.4316 2
    endloop
  endfacet
  facet normal -0.793363 -0.608749 0
    outer loop
      vertex 24.9841 17.4941 2
      vertex 23.3644 19.605 44
      vertex 23.3644 19.605 2
    endloop
  endfacet
  facet normal -0.793363 -0.608749 0
    outer loop
      vertex 23.3644 19.605 44
      vertex 24.9841 17.4941 2
      vertex 24.9841 17.4941 44
    endloop
  endfacet
  facet normal -0.793363 0.608749 0
    outer loop
      vertex 23.3644 -19.605 2
      vertex 24.9841 -17.4941 44
      vertex 24.9841 -17.4941 2
    endloop
  endfacet
  facet normal -0.793363 0.608749 0
    outer loop
      vertex 24.9841 -17.4941 44
      vertex 23.3644 -19.605 2
      vertex 23.3644 -19.605 44
    endloop
  endfacet
  facet normal 0.953718 -0.300703 0
    outer loop
      vertex -29.4607 7.89398 44
      vertex -28.6606 10.4316 2
      vertex -28.6606 10.4316 44
    endloop
  endfacet
  facet normal 0.953718 -0.300703 0
    outer loop
      vertex -28.6606 10.4316 2
      vertex -29.4607 7.89398 44
      vertex -29.4607 7.89398 2
    endloop
  endfacet
  facet normal -0.976297 -0.216435 0
    outer loop
      vertex 29.4607 7.89398 2
      vertex 29.7919 6.4 15.6
      vertex 29.4607 7.89398 44
    endloop
  endfacet
  facet normal -0.976296 -0.21644 -5.94971e-07
    outer loop
      vertex 30.0366 5.29627 2
      vertex 29.7919 6.4 15.6
      vertex 29.4607 7.89398 2
    endloop
  endfacet
  facet normal -0.976294 -0.216447 0
    outer loop
      vertex 29.7919 6.4 15.6
      vertex 30.0366 5.29627 2
      vertex 30.0366 5.29627 15.6
    endloop
  endfacet
  facet normal -0.976297 -0.216435 0
    outer loop
      vertex 29.4607 7.89398 44
      vertex 29.7919 6.4 15.6
      vertex 29.7919 6.4 44
    endloop
  endfacet
  facet normal 0.382664 -0.923888 0
    outer loop
      vertex -12.8899 27.6424 2
      vertex -10.4316 28.6606 44
      vertex -12.8899 27.6424 44
    endloop
  endfacet
  facet normal 0.382664 -0.923888 0
    outer loop
      vertex -10.4316 28.6606 44
      vertex -12.8899 27.6424 2
      vertex -10.4316 28.6606 2
    endloop
  endfacet
  facet normal 0.461751 -0.887009 0
    outer loop
      vertex -15.25 26.4138 2
      vertex -12.8899 27.6424 44
      vertex -15.25 26.4138 44
    endloop
  endfacet
  facet normal 0.461751 -0.887009 0
    outer loop
      vertex -12.8899 27.6424 44
      vertex -15.25 26.4138 2
      vertex -12.8899 27.6424 2
    endloop
  endfacet
  facet normal 0.793363 -0.608749 0
    outer loop
      vertex -24.9841 17.4941 44
      vertex -23.3644 19.605 2
      vertex -23.3644 19.605 44
    endloop
  endfacet
  facet normal 0.793363 -0.608749 0
    outer loop
      vertex -23.3644 19.605 2
      vertex -24.9841 17.4941 44
      vertex -24.9841 17.4941 2
    endloop
  endfacet
  facet normal -0.461751 0.887009 0
    outer loop
      vertex 15.25 -26.4138 2
      vertex 12.8899 -27.6424 44
      vertex 15.25 -26.4138 44
    endloop
  endfacet
  facet normal -0.461751 0.887009 0
    outer loop
      vertex 12.8899 -27.6424 44
      vertex 15.25 -26.4138 2
      vertex 12.8899 -27.6424 2
    endloop
  endfacet
  facet normal -0.0436338 0.999048 0
    outer loop
      vertex 2.65825 -30.3839 2
      vertex 0 -30.5 7.6
      vertex 2.65825 -30.3839 7.6
    endloop
  endfacet
  facet normal -0.0436338 0.999048 0
    outer loop
      vertex 0 -30.5 7.6
      vertex 2.65825 -30.3839 2
      vertex 0 -30.5 2
    endloop
  endfacet
  facet normal 0.887009 -0.461751 0
    outer loop
      vertex -27.6424 12.8899 44
      vertex -26.4138 15.25 2
      vertex -26.4138 15.25 44
    endloop
  endfacet
  facet normal 0.887009 -0.461751 0
    outer loop
      vertex -26.4138 15.25 2
      vertex -27.6424 12.8899 44
      vertex -27.6424 12.8899 2
    endloop
  endfacet
  facet normal 0.953718 0.300703 0
    outer loop
      vertex -28.6606 -10.4316 44
      vertex -29.4607 -7.89398 2
      vertex -29.4607 -7.89398 44
    endloop
  endfacet
  facet normal 0.953718 0.300703 0
    outer loop
      vertex -29.4607 -7.89398 2
      vertex -28.6606 -10.4316 44
      vertex -28.6606 -10.4316 2
    endloop
  endfacet
  facet normal -0.537313 0.843383 0
    outer loop
      vertex 17.4941 -24.9841 2
      vertex 15.25 -26.4138 44
      vertex 17.4941 -24.9841 44
    endloop
  endfacet
  facet normal -0.537313 0.843383 0
    outer loop
      vertex 15.25 -26.4138 44
      vertex 17.4941 -24.9841 2
      vertex 15.25 -26.4138 2
    endloop
  endfacet
  facet normal 0.608749 0.793363 -0
    outer loop
      vertex -17.4941 -24.9841 2
      vertex -19.605 -23.3644 44
      vertex -17.4941 -24.9841 44
    endloop
  endfacet
  facet normal 0.608749 0.793363 0
    outer loop
      vertex -19.605 -23.3644 44
      vertex -17.4941 -24.9841 2
      vertex -19.605 -23.3644 2
    endloop
  endfacet
  facet normal -0.923888 0.382664 0
    outer loop
      vertex 27.6424 -12.8899 2
      vertex 28.6606 -10.4316 44
      vertex 28.6606 -10.4316 2
    endloop
  endfacet
  facet normal -0.923888 0.382664 0
    outer loop
      vertex 28.6606 -10.4316 44
      vertex 27.6424 -12.8899 2
      vertex 27.6424 -12.8899 44
    endloop
  endfacet
  facet normal -0.923888 -0.382664 0
    outer loop
      vertex 28.6606 10.4316 2
      vertex 27.6424 12.8899 44
      vertex 27.6424 12.8899 2
    endloop
  endfacet
  facet normal -0.923888 -0.382664 0
    outer loop
      vertex 27.6424 12.8899 44
      vertex 28.6606 10.4316 2
      vertex 28.6606 10.4316 44
    endloop
  endfacet
  facet normal -0.382664 0.923888 0
    outer loop
      vertex 12.8899 -27.6424 2
      vertex 10.4316 -28.6606 44
      vertex 12.8899 -27.6424 44
    endloop
  endfacet
  facet normal -0.382664 0.923888 0
    outer loop
      vertex 10.4316 -28.6606 44
      vertex 12.8899 -27.6424 2
      vertex 10.4316 -28.6606 2
    endloop
  endfacet
  facet normal 0.976297 -0.216435 0
    outer loop
      vertex -29.7919 6.4 15.6
      vertex -29.4607 7.89398 44
      vertex -29.7919 6.4 44
    endloop
  endfacet
  facet normal 0.976297 -0.216435 0
    outer loop
      vertex -29.4607 7.89398 44
      vertex -29.7919 6.4 15.6
      vertex -29.4607 7.89398 2
    endloop
  endfacet
  facet normal 0.976294 -0.216447 0
    outer loop
      vertex -30.0366 5.29627 2
      vertex -29.7919 6.4 15.6
      vertex -30.0366 5.29627 15.6
    endloop
  endfacet
  facet normal 0.976296 -0.21644 -5.94971e-07
    outer loop
      vertex -29.7919 6.4 15.6
      vertex -30.0366 5.29627 2
      vertex -29.4607 7.89398 2
    endloop
  endfacet
  facet normal 0.991445 0.130525 0
    outer loop
      vertex -30.0366 -5.29627 15.6
      vertex -30.3839 -2.65825 2
      vertex -30.3839 -2.65825 15.6
    endloop
  endfacet
  facet normal 0.991445 0.130525 0
    outer loop
      vertex -30.3839 -2.65825 2
      vertex -30.0366 -5.29627 15.6
      vertex -30.0366 -5.29627 2
    endloop
  endfacet
  facet normal -0.216447 -0.976294 -0
    outer loop
      vertex 5.29627 30.0366 7.6
      vertex 5.29627 30.0366 2
      vertex 6.4 29.7919 7.6
    endloop
  endfacet
  facet normal -0.216435 -0.976297 0
    outer loop
      vertex 6.4 29.7919 7.6
      vertex 7.89398 29.4607 44
      vertex 6.4 29.7919 44
    endloop
  endfacet
  facet normal -0.216435 -0.976297 0
    outer loop
      vertex 6.4 29.7919 7.6
      vertex 7.89398 29.4607 2
      vertex 7.89398 29.4607 44
    endloop
  endfacet
  facet normal -0.21644 -0.976296 -1.44493e-06
    outer loop
      vertex 7.89398 29.4607 2
      vertex 6.4 29.7919 7.6
      vertex 5.29627 30.0366 2
    endloop
  endfacet
  facet normal -0.130525 0.991445 0
    outer loop
      vertex 5.29627 -30.0366 2
      vertex 2.65825 -30.3839 7.6
      vertex 5.29627 -30.0366 7.6
    endloop
  endfacet
  facet normal -0.130525 0.991445 0
    outer loop
      vertex 2.65825 -30.3839 7.6
      vertex 5.29627 -30.0366 2
      vertex 2.65825 -30.3839 2
    endloop
  endfacet
  facet normal -0.461751 -0.887009 0
    outer loop
      vertex 12.8899 27.6424 2
      vertex 15.25 26.4138 44
      vertex 12.8899 27.6424 44
    endloop
  endfacet
  facet normal -0.461751 -0.887009 -0
    outer loop
      vertex 15.25 26.4138 44
      vertex 12.8899 27.6424 2
      vertex 15.25 26.4138 2
    endloop
  endfacet
  facet normal -0.300703 -0.953718 0
    outer loop
      vertex 7.89398 29.4607 2
      vertex 10.4316 28.6606 44
      vertex 7.89398 29.4607 44
    endloop
  endfacet
  facet normal -0.300703 -0.953718 -0
    outer loop
      vertex 10.4316 28.6606 44
      vertex 7.89398 29.4607 2
      vertex 10.4316 28.6606 2
    endloop
  endfacet
  facet normal -0.0436338 -0.999048 0
    outer loop
      vertex 0 30.5 2
      vertex 2.65825 30.3839 7.6
      vertex 0 30.5 7.6
    endloop
  endfacet
  facet normal -0.0436338 -0.999048 -0
    outer loop
      vertex 2.65825 30.3839 7.6
      vertex 0 30.5 2
      vertex 2.65825 30.3839 2
    endloop
  endfacet
  facet normal -0.953718 -0.300703 0
    outer loop
      vertex 29.4607 7.89398 2
      vertex 28.6606 10.4316 44
      vertex 28.6606 10.4316 2
    endloop
  endfacet
  facet normal -0.953718 -0.300703 0
    outer loop
      vertex 28.6606 10.4316 44
      vertex 29.4607 7.89398 2
      vertex 29.4607 7.89398 44
    endloop
  endfacet
  facet normal -0.843383 -0.537313 0
    outer loop
      vertex 26.4138 15.25 2
      vertex 24.9841 17.4941 44
      vertex 24.9841 17.4941 2
    endloop
  endfacet
  facet normal -0.843383 -0.537313 0
    outer loop
      vertex 24.9841 17.4941 44
      vertex 26.4138 15.25 2
      vertex 26.4138 15.25 44
    endloop
  endfacet
  facet normal 0.675578 -0.737288 0
    outer loop
      vertex -21.5668 21.5668 2
      vertex -19.605 23.3644 44
      vertex -21.5668 21.5668 44
    endloop
  endfacet
  facet normal 0.675578 -0.737288 0
    outer loop
      vertex -19.605 23.3644 44
      vertex -21.5668 21.5668 2
      vertex -19.605 23.3644 2
    endloop
  endfacet
  facet normal -0.976294 0.216447 0
    outer loop
      vertex 30.0366 -5.29627 2
      vertex 29.7919 -6.4 15.6
      vertex 30.0366 -5.29627 15.6
    endloop
  endfacet
  facet normal -0.976296 0.21644 -5.94971e-07
    outer loop
      vertex 29.4607 -7.89398 2
      vertex 29.7919 -6.4 15.6
      vertex 30.0366 -5.29627 2
    endloop
  endfacet
  facet normal -0.976297 0.216435 0
    outer loop
      vertex 29.4607 -7.89398 44
      vertex 29.7919 -6.4 15.6
      vertex 29.4607 -7.89398 2
    endloop
  endfacet
  facet normal -0.976297 0.216435 0
    outer loop
      vertex 29.7919 -6.4 15.6
      vertex 29.4607 -7.89398 44
      vertex 29.7919 -6.4 44
    endloop
  endfacet
  facet normal 0.130525 0.991445 -0
    outer loop
      vertex -2.65825 -30.3839 2
      vertex -5.29627 -30.0366 7.6
      vertex -2.65825 -30.3839 7.6
    endloop
  endfacet
  facet normal 0.130525 0.991445 0
    outer loop
      vertex -5.29627 -30.0366 7.6
      vertex -2.65825 -30.3839 2
      vertex -5.29627 -30.0366 2
    endloop
  endfacet
  facet normal 0 0 1
    outer loop
      vertex 17 0 2
      vertex 30.5 0 2
      vertex 30.3839 2.65825 2
    endloop
  endfacet
  facet normal 0 0 1
    outer loop
      vertex 16.9353 1.48165 2
      vertex 30.3839 2.65825 2
      vertex 30.0366 5.29627 2
    endloop
  endfacet
  facet normal 0 0 1
    outer loop
      vertex 30.5 0 2
      vertex 17 0 2
      vertex 30.3839 -2.65825 2
    endloop
  endfacet
  facet normal 0 0 1
    outer loop
      vertex 16.7417 2.95202 2
      vertex 30.0366 5.29627 2
      vertex 29.4607 7.89398 2
    endloop
  endfacet
  facet normal -0 0 1
    outer loop
      vertex 16.9353 -1.48165 2
      vertex 30.3839 -2.65825 2
      vertex 17 0 2
    endloop
  endfacet
  facet normal 0 0 1
    outer loop
      vertex 16.4207 4.39992 2
      vertex 29.4607 7.89398 2
      vertex 28.6606 10.4316 2
    endloop
  endfacet
  facet normal 0 0 1
    outer loop
      vertex 30.3839 -2.65825 2
      vertex 16.9353 -1.48165 2
      vertex 30.0366 -5.29627 2
    endloop
  endfacet
  facet normal 0 0 1
    outer loop
      vertex 15.9748 5.81434 2
      vertex 28.6606 10.4316 2
      vertex 27.6424 12.8899 2
    endloop
  endfacet
  facet normal -0 0 1
    outer loop
      vertex 16.7417 -2.95202 2
      vertex 30.0366 -5.29627 2
      vertex 16.9353 -1.48165 2
    endloop
  endfacet
  facet normal 0 0 1
    outer loop
      vertex 15.4072 7.18451 2
      vertex 27.6424 12.8899 2
      vertex 26.4138 15.25 2
    endloop
  endfacet
  facet normal 0 0 1
    outer loop
      vertex 30.0366 -5.29627 2
      vertex 16.7417 -2.95202 2
      vertex 29.4607 -7.89398 2
    endloop
  endfacet
  facet normal 0 0 1
    outer loop
      vertex 14.7224 8.5 2
      vertex 26.4138 15.25 2
      vertex 24.9841 17.4941 2
    endloop
  endfacet
  facet normal -0 0 1
    outer loop
      vertex 16.4207 -4.39992 2
      vertex 29.4607 -7.89398 2
      vertex 16.7417 -2.95202 2
    endloop
  endfacet
  facet normal 0 0 1
    outer loop
      vertex 13.9256 9.7508 2
      vertex 24.9841 17.4941 2
      vertex 23.3644 19.605 2
    endloop
  endfacet
  facet normal 0 0 1
    outer loop
      vertex 29.4607 -7.89398 2
      vertex 16.4207 -4.39992 2
      vertex 28.6606 -10.4316 2
    endloop
  endfacet
  facet normal 0 0 1
    outer loop
      vertex 13.0228 10.9274 2
      vertex 23.3644 19.605 2
      vertex 21.5668 21.5668 2
    endloop
  endfacet
  facet normal -0 0 1
    outer loop
      vertex 15.9748 -5.81434 2
      vertex 28.6606 -10.4316 2
      vertex 16.4207 -4.39992 2
    endloop
  endfacet
  facet normal 0 0 1
    outer loop
      vertex 12.0208 12.0208 2
      vertex 21.5668 21.5668 2
      vertex 19.605 23.3644 2
    endloop
  endfacet
  facet normal 0 0 1
    outer loop
      vertex 28.6606 -10.4316 2
      vertex 15.9748 -5.81434 2
      vertex 27.6424 -12.8899 2
    endloop
  endfacet
  facet normal 0 0 1
    outer loop
      vertex 10.9274 13.0228 2
      vertex 19.605 23.3644 2
      vertex 17.4941 24.9841 2
    endloop
  endfacet
  facet normal -0 0 1
    outer loop
      vertex 15.4072 -7.18451 2
      vertex 27.6424 -12.8899 2
      vertex 15.9748 -5.81434 2
    endloop
  endfacet
  facet normal 0 0 1
    outer loop
      vertex 27.6424 -12.8899 2
      vertex 15.4072 -7.18451 2
      vertex 26.4138 -15.25 2
    endloop
  endfacet
  facet normal 0 0 1
    outer loop
      vertex 30.3839 2.65825 2
      vertex 16.9353 1.48165 2
      vertex 17 0 2
    endloop
  endfacet
  facet normal 0 0 1
    outer loop
      vertex 30.0366 5.29627 2
      vertex 16.7417 2.95202 2
      vertex 16.9353 1.48165 2
    endloop
  endfacet
  facet normal 0 0 1
    outer loop
      vertex 29.4607 7.89398 2
      vertex 16.4207 4.39992 2
      vertex 16.7417 2.95202 2
    endloop
  endfacet
  facet normal 0 0 1
    outer loop
      vertex 28.6606 10.4316 2
      vertex 15.9748 5.81434 2
      vertex 16.4207 4.39992 2
    endloop
  endfacet
  facet normal 0 0 1
    outer loop
      vertex 27.6424 12.8899 2
      vertex 15.4072 7.18451 2
      vertex 15.9748 5.81434 2
    endloop
  endfacet
  facet normal 0 0 1
    outer loop
      vertex 9.7508 13.9256 2
      vertex 17.4941 24.9841 2
      vertex 15.25 26.4138 2
    endloop
  endfacet
  facet normal 0 0 1
    outer loop
      vertex 26.4138 15.25 2
      vertex 14.7224 8.5 2
      vertex 15.4072 7.18451 2
    endloop
  endfacet
  facet normal 0 0 1
    outer loop
      vertex 24.9841 17.4941 2
      vertex 13.9256 9.7508 2
      vertex 14.7224 8.5 2
    endloop
  endfacet
  facet normal 0 0 1
    outer loop
      vertex 23.3644 19.605 2
      vertex 13.0228 10.9274 2
      vertex 13.9256 9.7508 2
    endloop
  endfacet
  facet normal 0 0 1
    outer loop
      vertex 8.5 14.7224 2
      vertex 15.25 26.4138 2
      vertex 12.8899 27.6424 2
    endloop
  endfacet
  facet normal 0 0 1
    outer loop
      vertex 21.5668 21.5668 2
      vertex 12.0208 12.0208 2
      vertex 13.0228 10.9274 2
    endloop
  endfacet
  facet normal 0 0 1
    outer loop
      vertex 19.605 23.3644 2
      vertex 10.9274 13.0228 2
      vertex 12.0208 12.0208 2
    endloop
  endfacet
  facet normal 0 0 1
    outer loop
      vertex 7.18451 15.4072 2
      vertex 12.8899 27.6424 2
      vertex 10.4316 28.6606 2
    endloop
  endfacet
  facet normal 0 0 1
    outer loop
      vertex 17.4941 24.9841 2
      vertex 9.7508 13.9256 2
      vertex 10.9274 13.0228 2
    endloop
  endfacet
  facet normal 0 0 1
    outer loop
      vertex 15.25 26.4138 2
      vertex 8.5 14.7224 2
      vertex 9.7508 13.9256 2
    endloop
  endfacet
  facet normal 0 0 1
    outer loop
      vertex 5.81434 15.9748 2
      vertex 10.4316 28.6606 2
      vertex 7.89398 29.4607 2
    endloop
  endfacet
  facet normal 0 0 1
    outer loop
      vertex 12.8899 27.6424 2
      vertex 7.18451 15.4072 2
      vertex 8.5 14.7224 2
    endloop
  endfacet
  facet normal 0 0 1
    outer loop
      vertex 10.4316 28.6606 2
      vertex 5.81434 15.9748 2
      vertex 7.18451 15.4072 2
    endloop
  endfacet
  facet normal 0 0 1
    outer loop
      vertex 4.39992 16.4207 2
      vertex 7.89398 29.4607 2
      vertex 5.29627 30.0366 2
    endloop
  endfacet
  facet normal 0 0 1
    outer loop
      vertex 7.89398 29.4607 2
      vertex 4.39992 16.4207 2
      vertex 5.81434 15.9748 2
    endloop
  endfacet
  facet normal 0 0 1
    outer loop
      vertex 5.29627 30.0366 2
      vertex 2.95202 16.7417 2
      vertex 4.39992 16.4207 2
    endloop
  endfacet
  facet normal 0 0 1
    outer loop
      vertex 2.65825 30.3839 2
      vertex 2.95202 16.7417 2
      vertex 5.29627 30.0366 2
    endloop
  endfacet
  facet normal 0 0 1
    outer loop
      vertex 2.65825 30.3839 2
      vertex 1.48165 16.9353 2
      vertex 2.95202 16.7417 2
    endloop
  endfacet
  facet normal 0 0 1
    outer loop
      vertex 0 30.5 2
      vertex 1.48165 16.9353 2
      vertex 2.65825 30.3839 2
    endloop
  endfacet
  facet normal 0 0 1
    outer loop
      vertex 0 30.5 2
      vertex 0 17 2
      vertex 1.48165 16.9353 2
    endloop
  endfacet
  facet normal 0 0 1
    outer loop
      vertex 0 30.5 2
      vertex -1.48165 16.9353 2
      vertex 0 17 2
    endloop
  endfacet
  facet normal -0 0 1
    outer loop
      vertex -2.65825 30.3839 2
      vertex -1.48165 16.9353 2
      vertex 0 30.5 2
    endloop
  endfacet
  facet normal 0 0 1
    outer loop
      vertex -2.65825 30.3839 2
      vertex -2.95202 16.7417 2
      vertex -1.48165 16.9353 2
    endloop
  endfacet
  facet normal -0 0 1
    outer loop
      vertex -5.29627 30.0366 2
      vertex -2.95202 16.7417 2
      vertex -2.65825 30.3839 2
    endloop
  endfacet
  facet normal 0 0 1
    outer loop
      vertex -2.95202 16.7417 2
      vertex -5.29627 30.0366 2
      vertex -4.39992 16.4207 2
    endloop
  endfacet
  facet normal -0 0 1
    outer loop
      vertex -7.89398 29.4607 2
      vertex -4.39992 16.4207 2
      vertex -5.29627 30.0366 2
    endloop
  endfacet
  facet normal 0 0 1
    outer loop
      vertex -4.39992 16.4207 2
      vertex -7.89398 29.4607 2
      vertex -5.81434 15.9748 2
    endloop
  endfacet
  facet normal -0 0 1
    outer loop
      vertex -10.4316 28.6606 2
      vertex -5.81434 15.9748 2
      vertex -7.89398 29.4607 2
    endloop
  endfacet
  facet normal 0 0 1
    outer loop
      vertex -5.81434 15.9748 2
      vertex -10.4316 28.6606 2
      vertex -7.18451 15.4072 2
    endloop
  endfacet
  facet normal -0 0 1
    outer loop
      vertex -12.8899 27.6424 2
      vertex -7.18451 15.4072 2
      vertex -10.4316 28.6606 2
    endloop
  endfacet
  facet normal 0 0 1
    outer loop
      vertex -7.18451 15.4072 2
      vertex -12.8899 27.6424 2
      vertex -8.5 14.7224 2
    endloop
  endfacet
  facet normal -0 0 1
    outer loop
      vertex -15.25 26.4138 2
      vertex -8.5 14.7224 2
      vertex -12.8899 27.6424 2
    endloop
  endfacet
  facet normal 0 0 1
    outer loop
      vertex -8.5 14.7224 2
      vertex -15.25 26.4138 2
      vertex -9.7508 13.9256 2
    endloop
  endfacet
  facet normal -0 0 1
    outer loop
      vertex -17.4941 24.9841 2
      vertex -9.7508 13.9256 2
      vertex -15.25 26.4138 2
    endloop
  endfacet
  facet normal 0 0 1
    outer loop
      vertex -9.7508 13.9256 2
      vertex -17.4941 24.9841 2
      vertex -10.9274 13.0228 2
    endloop
  endfacet
  facet normal -0 0 1
    outer loop
      vertex -19.605 23.3644 2
      vertex -10.9274 13.0228 2
      vertex -17.4941 24.9841 2
    endloop
  endfacet
  facet normal 0 0 1
    outer loop
      vertex -10.9274 13.0228 2
      vertex -19.605 23.3644 2
      vertex -12.0208 12.0208 2
    endloop
  endfacet
  facet normal -0 0 1
    outer loop
      vertex -21.5668 21.5668 2
      vertex -12.0208 12.0208 2
      vertex -19.605 23.3644 2
    endloop
  endfacet
  facet normal 0 0 1
    outer loop
      vertex -12.0208 12.0208 2
      vertex -21.5668 21.5668 2
      vertex -13.0228 10.9274 2
    endloop
  endfacet
  facet normal -0 0 1
    outer loop
      vertex -23.3644 19.605 2
      vertex -13.0228 10.9274 2
      vertex -21.5668 21.5668 2
    endloop
  endfacet
  facet normal 0 0 1
    outer loop
      vertex -13.0228 10.9274 2
      vertex -23.3644 19.605 2
      vertex -13.9256 9.7508 2
    endloop
  endfacet
  facet normal -0 0 1
    outer loop
      vertex -24.9841 17.4941 2
      vertex -13.9256 9.7508 2
      vertex -23.3644 19.605 2
    endloop
  endfacet
  facet normal 0 0 1
    outer loop
      vertex -13.9256 9.7508 2
      vertex -24.9841 17.4941 2
      vertex -14.7224 8.5 2
    endloop
  endfacet
  facet normal 0 0 1
    outer loop
      vertex -14.7224 8.5 2
      vertex -26.4138 15.25 2
      vertex -15.4072 7.18451 2
    endloop
  endfacet
  facet normal -0 0 1
    outer loop
      vertex -26.4138 15.25 2
      vertex -14.7224 8.5 2
      vertex -24.9841 17.4941 2
    endloop
  endfacet
  facet normal -0 0 1
    outer loop
      vertex 14.7224 -8.5 2
      vertex 26.4138 -15.25 2
      vertex 15.4072 -7.18451 2
    endloop
  endfacet
  facet normal 0 0 1
    outer loop
      vertex 26.4138 -15.25 2
      vertex 14.7224 -8.5 2
      vertex 24.9841 -17.4941 2
    endloop
  endfacet
  facet normal -0 0 1
    outer loop
      vertex 13.9256 -9.7508 2
      vertex 24.9841 -17.4941 2
      vertex 14.7224 -8.5 2
    endloop
  endfacet
  facet normal 0 0 1
    outer loop
      vertex 24.9841 -17.4941 2
      vertex 13.9256 -9.7508 2
      vertex 23.3644 -19.605 2
    endloop
  endfacet
  facet normal -0 0 1
    outer loop
      vertex 13.0228 -10.9274 2
      vertex 23.3644 -19.605 2
      vertex 13.9256 -9.7508 2
    endloop
  endfacet
  facet normal 0 0 1
    outer loop
      vertex 23.3644 -19.605 2
      vertex 13.0228 -10.9274 2
      vertex 21.5668 -21.5668 2
    endloop
  endfacet
  facet normal -0 0 1
    outer loop
      vertex 12.0208 -12.0208 2
      vertex 21.5668 -21.5668 2
      vertex 13.0228 -10.9274 2
    endloop
  endfacet
  facet normal 0 0 1
    outer loop
      vertex 21.5668 -21.5668 2
      vertex 12.0208 -12.0208 2
      vertex 19.605 -23.3644 2
    endloop
  endfacet
  facet normal -0 0 1
    outer loop
      vertex 10.9274 -13.0228 2
      vertex 19.605 -23.3644 2
      vertex 12.0208 -12.0208 2
    endloop
  endfacet
  facet normal 0 0 1
    outer loop
      vertex 19.605 -23.3644 2
      vertex 10.9274 -13.0228 2
      vertex 17.4941 -24.9841 2
    endloop
  endfacet
  facet normal -0 0 1
    outer loop
      vertex 9.7508 -13.9256 2
      vertex 17.4941 -24.9841 2
      vertex 10.9274 -13.0228 2
    endloop
  endfacet
  facet normal 0 0 1
    outer loop
      vertex 17.4941 -24.9841 2
      vertex 9.7508 -13.9256 2
      vertex 15.25 -26.4138 2
    endloop
  endfacet
  facet normal -0 0 1
    outer loop
      vertex 8.5 -14.7224 2
      vertex 15.25 -26.4138 2
      vertex 9.7508 -13.9256 2
    endloop
  endfacet
  facet normal 0 0 1
    outer loop
      vertex 15.25 -26.4138 2
      vertex 8.5 -14.7224 2
      vertex 12.8899 -27.6424 2
    endloop
  endfacet
  facet normal -0 0 1
    outer loop
      vertex 7.18451 -15.4072 2
      vertex 12.8899 -27.6424 2
      vertex 8.5 -14.7224 2
    endloop
  endfacet
  facet normal 0 0 1
    outer loop
      vertex 12.8899 -27.6424 2
      vertex 7.18451 -15.4072 2
      vertex 10.4316 -28.6606 2
    endloop
  endfacet
  facet normal -0 0 1
    outer loop
      vertex 5.81434 -15.9748 2
      vertex 10.4316 -28.6606 2
      vertex 7.18451 -15.4072 2
    endloop
  endfacet
  facet normal 0 0 1
    outer loop
      vertex 10.4316 -28.6606 2
      vertex 5.81434 -15.9748 2
      vertex 7.89398 -29.4607 2
    endloop
  endfacet
  facet normal -0 0 1
    outer loop
      vertex 4.39992 -16.4207 2
      vertex 7.89398 -29.4607 2
      vertex 5.81434 -15.9748 2
    endloop
  endfacet
  facet normal 0 0 1
    outer loop
      vertex 7.89398 -29.4607 2
      vertex 4.39992 -16.4207 2
      vertex 5.29627 -30.0366 2
    endloop
  endfacet
  facet normal -0 0 1
    outer loop
      vertex 2.95202 -16.7417 2
      vertex 5.29627 -30.0366 2
      vertex 4.39992 -16.4207 2
    endloop
  endfacet
  facet normal 0 0 1
    outer loop
      vertex 2.95202 -16.7417 2
      vertex 2.65825 -30.3839 2
      vertex 5.29627 -30.0366 2
    endloop
  endfacet
  facet normal -0 0 1
    outer loop
      vertex 1.48165 -16.9353 2
      vertex 2.65825 -30.3839 2
      vertex 2.95202 -16.7417 2
    endloop
  endfacet
  facet normal -0 0 1
    outer loop
      vertex 0 -17 2
      vertex 2.65825 -30.3839 2
      vertex 1.48165 -16.9353 2
    endloop
  endfacet
  facet normal 0 0 1
    outer loop
      vertex 0 -17 2
      vertex 0 -30.5 2
      vertex 2.65825 -30.3839 2
    endloop
  endfacet
  facet normal 0 0 1
    outer loop
      vertex -1.48165 -16.9353 2
      vertex 0 -30.5 2
      vertex 0 -17 2
    endloop
  endfacet
  facet normal 0 0 1
    outer loop
      vertex -1.48165 -16.9353 2
      vertex -2.65825 -30.3839 2
      vertex 0 -30.5 2
    endloop
  endfacet
  facet normal 0 0 1
    outer loop
      vertex -2.95202 -16.7417 2
      vertex -2.65825 -30.3839 2
      vertex -1.48165 -16.9353 2
    endloop
  endfacet
  facet normal 0 0 1
    outer loop
      vertex -5.29627 -30.0366 2
      vertex -2.95202 -16.7417 2
      vertex -4.39992 -16.4207 2
    endloop
  endfacet
  facet normal 0 0 1
    outer loop
      vertex -2.95202 -16.7417 2
      vertex -5.29627 -30.0366 2
      vertex -2.65825 -30.3839 2
    endloop
  endfacet
  facet normal 0 0 1
    outer loop
      vertex -7.89398 -29.4607 2
      vertex -4.39992 -16.4207 2
      vertex -5.81434 -15.9748 2
    endloop
  endfacet
  facet normal 0 0 1
    outer loop
      vertex -10.4316 -28.6606 2
      vertex -5.81434 -15.9748 2
      vertex -7.18451 -15.4072 2
    endloop
  endfacet
  facet normal 0 0 1
    outer loop
      vertex -4.39992 -16.4207 2
      vertex -7.89398 -29.4607 2
      vertex -5.29627 -30.0366 2
    endloop
  endfacet
  facet normal 0 0 1
    outer loop
      vertex -12.8899 -27.6424 2
      vertex -7.18451 -15.4072 2
      vertex -8.5 -14.7224 2
    endloop
  endfacet
  facet normal 0 0 1
    outer loop
      vertex -15.25 -26.4138 2
      vertex -8.5 -14.7224 2
      vertex -9.7508 -13.9256 2
    endloop
  endfacet
  facet normal 0 0 1
    outer loop
      vertex -5.81434 -15.9748 2
      vertex -10.4316 -28.6606 2
      vertex -7.89398 -29.4607 2
    endloop
  endfacet
  facet normal 0 0 1
    outer loop
      vertex -17.4941 -24.9841 2
      vertex -9.7508 -13.9256 2
      vertex -10.9274 -13.0228 2
    endloop
  endfacet
  facet normal 0 0 1
    outer loop
      vertex -19.605 -23.3644 2
      vertex -10.9274 -13.0228 2
      vertex -12.0208 -12.0208 2
    endloop
  endfacet
  facet normal 0 0 1
    outer loop
      vertex -7.18451 -15.4072 2
      vertex -12.8899 -27.6424 2
      vertex -10.4316 -28.6606 2
    endloop
  endfacet
  facet normal 0 0 1
    outer loop
      vertex -21.5668 -21.5668 2
      vertex -12.0208 -12.0208 2
      vertex -13.0228 -10.9274 2
    endloop
  endfacet
  facet normal 0 0 1
    outer loop
      vertex -23.3644 -19.605 2
      vertex -13.0228 -10.9274 2
      vertex -13.9256 -9.7508 2
    endloop
  endfacet
  facet normal 0 0 1
    outer loop
      vertex -24.9841 -17.4941 2
      vertex -13.9256 -9.7508 2
      vertex -14.7224 -8.5 2
    endloop
  endfacet
  facet normal 0 0 1
    outer loop
      vertex -8.5 -14.7224 2
      vertex -15.25 -26.4138 2
      vertex -12.8899 -27.6424 2
    endloop
  endfacet
  facet normal 0 0 1
    outer loop
      vertex -26.4138 -15.25 2
      vertex -14.7224 -8.5 2
      vertex -15.4072 -7.18451 2
    endloop
  endfacet
  facet normal 0 0 1
    outer loop
      vertex -27.6424 -12.8899 2
      vertex -15.4072 -7.18451 2
      vertex -15.9748 -5.81434 2
    endloop
  endfacet
  facet normal 0 0 1
    outer loop
      vertex -28.6606 -10.4316 2
      vertex -15.9748 -5.81434 2
      vertex -16.4207 -4.39992 2
    endloop
  endfacet
  facet normal 0 0 1
    outer loop
      vertex -29.4607 -7.89398 2
      vertex -16.4207 -4.39992 2
      vertex -16.7417 -2.95202 2
    endloop
  endfacet
  facet normal 0 0 1
    outer loop
      vertex -30.0366 -5.29627 2
      vertex -16.7417 -2.95202 2
      vertex -16.9353 -1.48165 2
    endloop
  endfacet
  facet normal 0 0 1
    outer loop
      vertex -9.7508 -13.9256 2
      vertex -17.4941 -24.9841 2
      vertex -15.25 -26.4138 2
    endloop
  endfacet
  facet normal 0 0 1
    outer loop
      vertex -30.3839 -2.65825 2
      vertex -16.9353 -1.48165 2
      vertex -17 0 2
    endloop
  endfacet
  facet normal -0 0 1
    outer loop
      vertex -27.6424 12.8899 2
      vertex -15.4072 7.18451 2
      vertex -26.4138 15.25 2
    endloop
  endfacet
  facet normal 0 0 1
    outer loop
      vertex -15.4072 7.18451 2
      vertex -27.6424 12.8899 2
      vertex -15.9748 5.81434 2
    endloop
  endfacet
  facet normal 0 0 1
    outer loop
      vertex -10.9274 -13.0228 2
      vertex -19.605 -23.3644 2
      vertex -17.4941 -24.9841 2
    endloop
  endfacet
  facet normal -0 0 1
    outer loop
      vertex -28.6606 10.4316 2
      vertex -15.9748 5.81434 2
      vertex -27.6424 12.8899 2
    endloop
  endfacet
  facet normal 0 0 1
    outer loop
      vertex -12.0208 -12.0208 2
      vertex -21.5668 -21.5668 2
      vertex -19.605 -23.3644 2
    endloop
  endfacet
  facet normal 0 0 1
    outer loop
      vertex -15.9748 5.81434 2
      vertex -28.6606 10.4316 2
      vertex -16.4207 4.39992 2
    endloop
  endfacet
  facet normal 0 0 1
    outer loop
      vertex -13.0228 -10.9274 2
      vertex -23.3644 -19.605 2
      vertex -21.5668 -21.5668 2
    endloop
  endfacet
  facet normal -0 0 1
    outer loop
      vertex -29.4607 7.89398 2
      vertex -16.4207 4.39992 2
      vertex -28.6606 10.4316 2
    endloop
  endfacet
  facet normal 0 0 1
    outer loop
      vertex -13.9256 -9.7508 2
      vertex -24.9841 -17.4941 2
      vertex -23.3644 -19.605 2
    endloop
  endfacet
  facet normal 0 0 1
    outer loop
      vertex -16.4207 4.39992 2
      vertex -29.4607 7.89398 2
      vertex -16.7417 2.95202 2
    endloop
  endfacet
  facet normal 0 0 1
    outer loop
      vertex -14.7224 -8.5 2
      vertex -26.4138 -15.25 2
      vertex -24.9841 -17.4941 2
    endloop
  endfacet
  facet normal -0 0 1
    outer loop
      vertex -30.0366 5.29627 2
      vertex -16.7417 2.95202 2
      vertex -29.4607 7.89398 2
    endloop
  endfacet
  facet normal 0 0 1
    outer loop
      vertex -15.4072 -7.18451 2
      vertex -27.6424 -12.8899 2
      vertex -26.4138 -15.25 2
    endloop
  endfacet
  facet normal 0 0 1
    outer loop
      vertex -16.7417 2.95202 2
      vertex -30.0366 5.29627 2
      vertex -16.9353 1.48165 2
    endloop
  endfacet
  facet normal 0 0 1
    outer loop
      vertex -15.9748 -5.81434 2
      vertex -28.6606 -10.4316 2
      vertex -27.6424 -12.8899 2
    endloop
  endfacet
  facet normal -0 0 1
    outer loop
      vertex -30.3839 2.65825 2
      vertex -16.9353 1.48165 2
      vertex -30.0366 5.29627 2
    endloop
  endfacet
  facet normal 0 0 1
    outer loop
      vertex -16.4207 -4.39992 2
      vertex -29.4607 -7.89398 2
      vertex -28.6606 -10.4316 2
    endloop
  endfacet
  facet normal 0 0 1
    outer loop
      vertex -16.9353 1.48165 2
      vertex -30.3839 2.65825 2
      vertex -17 0 2
    endloop
  endfacet
  facet normal 0 0 1
    outer loop
      vertex -16.7417 -2.95202 2
      vertex -30.0366 -5.29627 2
      vertex -29.4607 -7.89398 2
    endloop
  endfacet
  facet normal 0 0 1
    outer loop
      vertex -30.5 0 2
      vertex -17 0 2
      vertex -30.3839 2.65825 2
    endloop
  endfacet
  facet normal 0 0 1
    outer loop
      vertex -16.9353 -1.48165 2
      vertex -30.3839 -2.65825 2
      vertex -30.0366 -5.29627 2
    endloop
  endfacet
  facet normal 0 0 1
    outer loop
      vertex -17 0 2
      vertex -30.5 0 2
      vertex -30.3839 -2.65825 2
    endloop
  endfacet
  facet normal 0.300703 0.953718 -0
    outer loop
      vertex -7.89398 -29.4607 2
      vertex -10.4316 -28.6606 44
      vertex -7.89398 -29.4607 44
    endloop
  endfacet
  facet normal 0.300703 0.953718 0
    outer loop
      vertex -10.4316 -28.6606 44
      vertex -7.89398 -29.4607 2
      vertex -10.4316 -28.6606 2
    endloop
  endfacet
  facet normal -0.887009 0.461751 0
    outer loop
      vertex 26.4138 -15.25 2
      vertex 27.6424 -12.8899 44
      vertex 27.6424 -12.8899 2
    endloop
  endfacet
  facet normal -0.887009 0.461751 0
    outer loop
      vertex 27.6424 -12.8899 44
      vertex 26.4138 -15.25 2
      vertex 26.4138 -15.25 44
    endloop
  endfacet
  facet normal -0.999048 -0.0436338 0
    outer loop
      vertex 30.5 0 2
      vertex 30.3839 2.65825 15.6
      vertex 30.3839 2.65825 2
    endloop
  endfacet
  facet normal -0.999048 -0.0436338 0
    outer loop
      vertex 30.3839 2.65825 15.6
      vertex 30.5 0 2
      vertex 30.5 0 15.6
    endloop
  endfacet
  facet normal 0.216447 0.976294 0
    outer loop
      vertex -5.29627 -30.0366 7.6
      vertex -5.29627 -30.0366 2
      vertex -6.4 -29.7919 7.6
    endloop
  endfacet
  facet normal 0.216435 0.976297 -0
    outer loop
      vertex -6.4 -29.7919 7.6
      vertex -7.89398 -29.4607 44
      vertex -6.4 -29.7919 44
    endloop
  endfacet
  facet normal 0.216435 0.976297 0
    outer loop
      vertex -6.4 -29.7919 7.6
      vertex -7.89398 -29.4607 2
      vertex -7.89398 -29.4607 44
    endloop
  endfacet
  facet normal 0.21644 0.976296 -1.44493e-06
    outer loop
      vertex -7.89398 -29.4607 2
      vertex -6.4 -29.7919 7.6
      vertex -5.29627 -30.0366 2
    endloop
  endfacet
  facet normal -0.843383 0.537313 0
    outer loop
      vertex 24.9841 -17.4941 2
      vertex 26.4138 -15.25 44
      vertex 26.4138 -15.25 2
    endloop
  endfacet
  facet normal -0.843383 0.537313 0
    outer loop
      vertex 26.4138 -15.25 44
      vertex 24.9841 -17.4941 2
      vertex 24.9841 -17.4941 44
    endloop
  endfacet
  facet normal 0.461751 0.887009 -0
    outer loop
      vertex -12.8899 -27.6424 2
      vertex -15.25 -26.4138 44
      vertex -12.8899 -27.6424 44
    endloop
  endfacet
  facet normal 0.461751 0.887009 0
    outer loop
      vertex -15.25 -26.4138 44
      vertex -12.8899 -27.6424 2
      vertex -15.25 -26.4138 2
    endloop
  endfacet
  facet normal -0.991445 -0.130525 0
    outer loop
      vertex 30.3839 2.65825 2
      vertex 30.0366 5.29627 15.6
      vertex 30.0366 5.29627 2
    endloop
  endfacet
  facet normal -0.991445 -0.130525 0
    outer loop
      vertex 30.0366 5.29627 15.6
      vertex 30.3839 2.65825 2
      vertex 30.3839 2.65825 15.6
    endloop
  endfacet
  facet normal 0.675578 0.737288 -0
    outer loop
      vertex -19.605 -23.3644 2
      vertex -21.5668 -21.5668 44
      vertex -19.605 -23.3644 44
    endloop
  endfacet
  facet normal 0.675578 0.737288 0
    outer loop
      vertex -21.5668 -21.5668 44
      vertex -19.605 -23.3644 2
      vertex -21.5668 -21.5668 2
    endloop
  endfacet
  facet normal -0.537313 -0.843383 0
    outer loop
      vertex 15.25 26.4138 2
      vertex 17.4941 24.9841 44
      vertex 15.25 26.4138 44
    endloop
  endfacet
  facet normal -0.537313 -0.843383 -0
    outer loop
      vertex 17.4941 24.9841 44
      vertex 15.25 26.4138 2
      vertex 17.4941 24.9841 2
    endloop
  endfacet
  facet normal 0.382664 0.923888 -0
    outer loop
      vertex -10.4316 -28.6606 2
      vertex -12.8899 -27.6424 44
      vertex -10.4316 -28.6606 44
    endloop
  endfacet
  facet normal 0.382664 0.923888 0
    outer loop
      vertex -12.8899 -27.6424 44
      vertex -10.4316 -28.6606 2
      vertex -12.8899 -27.6424 2
    endloop
  endfacet
  facet normal 0.999048 -0.0436338 0
    outer loop
      vertex -30.5 0 15.6
      vertex -30.3839 2.65825 2
      vertex -30.3839 2.65825 15.6
    endloop
  endfacet
  facet normal 0.999048 -0.0436338 0
    outer loop
      vertex -30.3839 2.65825 2
      vertex -30.5 0 15.6
      vertex -30.5 0 2
    endloop
  endfacet
  facet normal 0.0436338 0.999048 -0
    outer loop
      vertex 0 -30.5 2
      vertex -2.65825 -30.3839 7.6
      vertex 0 -30.5 7.6
    endloop
  endfacet
  facet normal 0.0436338 0.999048 0
    outer loop
      vertex -2.65825 -30.3839 7.6
      vertex 0 -30.5 2
      vertex -2.65825 -30.3839 2
    endloop
  endfacet
  facet normal -0.382664 -0.923888 0
    outer loop
      vertex 10.4316 28.6606 2
      vertex 12.8899 27.6424 44
      vertex 10.4316 28.6606 44
    endloop
  endfacet
  facet normal -0.382664 -0.923888 -0
    outer loop
      vertex 12.8899 27.6424 44
      vertex 10.4316 28.6606 2
      vertex 12.8899 27.6424 2
    endloop
  endfacet
  facet normal 0.793363 0.608749 0
    outer loop
      vertex -23.3644 -19.605 44
      vertex -24.9841 -17.4941 2
      vertex -24.9841 -17.4941 44
    endloop
  endfacet
  facet normal 0.793363 0.608749 0
    outer loop
      vertex -24.9841 -17.4941 2
      vertex -23.3644 -19.605 44
      vertex -23.3644 -19.605 2
    endloop
  endfacet
  facet normal 0.737288 -0.675578 0
    outer loop
      vertex -23.3644 19.605 44
      vertex -21.5668 21.5668 2
      vertex -21.5668 21.5668 44
    endloop
  endfacet
  facet normal 0.737288 -0.675578 0
    outer loop
      vertex -21.5668 21.5668 2
      vertex -23.3644 19.605 44
      vertex -23.3644 19.605 2
    endloop
  endfacet
  facet normal 0.991445 -0.130525 0
    outer loop
      vertex -30.3839 2.65825 15.6
      vertex -30.0366 5.29627 2
      vertex -30.0366 5.29627 15.6
    endloop
  endfacet
  facet normal 0.991445 -0.130525 0
    outer loop
      vertex -30.0366 5.29627 2
      vertex -30.3839 2.65825 15.6
      vertex -30.3839 2.65825 2
    endloop
  endfacet
  facet normal 0.976294 0.216447 0
    outer loop
      vertex -29.7919 -6.4 15.6
      vertex -30.0366 -5.29627 2
      vertex -30.0366 -5.29627 15.6
    endloop
  endfacet
  facet normal 0.976296 0.21644 -5.94971e-07
    outer loop
      vertex -29.7919 -6.4 15.6
      vertex -29.4607 -7.89398 2
      vertex -30.0366 -5.29627 2
    endloop
  endfacet
  facet normal 0.976297 0.216435 -0
    outer loop
      vertex -29.4607 -7.89398 2
      vertex -29.7919 -6.4 15.6
      vertex -29.4607 -7.89398 44
    endloop
  endfacet
  facet normal 0.976297 0.216435 0
    outer loop
      vertex -29.7919 -6.4 44
      vertex -29.4607 -7.89398 44
      vertex -29.7919 -6.4 15.6
    endloop
  endfacet
  facet normal -0.887009 -0.461751 0
    outer loop
      vertex 27.6424 12.8899 2
      vertex 26.4138 15.25 44
      vertex 26.4138 15.25 2
    endloop
  endfacet
  facet normal -0.887009 -0.461751 0
    outer loop
      vertex 26.4138 15.25 44
      vertex 27.6424 12.8899 2
      vertex 27.6424 12.8899 44
    endloop
  endfacet
  facet normal -0.608749 -0.793363 0
    outer loop
      vertex 17.4941 24.9841 2
      vertex 19.605 23.3644 44
      vertex 17.4941 24.9841 44
    endloop
  endfacet
  facet normal -0.608749 -0.793363 -0
    outer loop
      vertex 19.605 23.3644 44
      vertex 17.4941 24.9841 2
      vertex 19.605 23.3644 2
    endloop
  endfacet
  facet normal -0.675578 0.737288 0
    outer loop
      vertex 21.5668 -21.5668 2
      vertex 19.605 -23.3644 44
      vertex 21.5668 -21.5668 44
    endloop
  endfacet
  facet normal -0.675578 0.737288 0
    outer loop
      vertex 19.605 -23.3644 44
      vertex 21.5668 -21.5668 2
      vertex 19.605 -23.3644 2
    endloop
  endfacet
  facet normal 0.537313 -0.843383 0
    outer loop
      vertex -17.4941 24.9841 2
      vertex -15.25 26.4138 44
      vertex -17.4941 24.9841 44
    endloop
  endfacet
  facet normal 0.537313 -0.843383 0
    outer loop
      vertex -15.25 26.4138 44
      vertex -17.4941 24.9841 2
      vertex -15.25 26.4138 2
    endloop
  endfacet
  facet normal 0.999048 0.0436338 0
    outer loop
      vertex -30.3839 -2.65825 15.6
      vertex -30.5 0 2
      vertex -30.5 0 15.6
    endloop
  endfacet
  facet normal 0.999048 0.0436338 0
    outer loop
      vertex -30.5 0 2
      vertex -30.3839 -2.65825 15.6
      vertex -30.3839 -2.65825 2
    endloop
  endfacet
  facet normal -0.737288 -0.675578 0
    outer loop
      vertex 23.3644 19.605 2
      vertex 21.5668 21.5668 44
      vertex 21.5668 21.5668 2
    endloop
  endfacet
  facet normal -0.737288 -0.675578 0
    outer loop
      vertex 21.5668 21.5668 44
      vertex 23.3644 19.605 2
      vertex 23.3644 19.605 44
    endloop
  endfacet
  facet normal 0.130525 -0.991445 0
    outer loop
      vertex -5.29627 30.0366 2
      vertex -2.65825 30.3839 7.6
      vertex -5.29627 30.0366 7.6
    endloop
  endfacet
  facet normal 0.130525 -0.991445 0
    outer loop
      vertex -2.65825 30.3839 7.6
      vertex -5.29627 30.0366 2
      vertex -2.65825 30.3839 2
    endloop
  endfacet
  facet normal -0.675578 -0.737288 0
    outer loop
      vertex 19.605 23.3644 2
      vertex 21.5668 21.5668 44
      vertex 19.605 23.3644 44
    endloop
  endfacet
  facet normal -0.675578 -0.737288 -0
    outer loop
      vertex 21.5668 21.5668 44
      vertex 19.605 23.3644 2
      vertex 21.5668 21.5668 2
    endloop
  endfacet
  facet normal 0.216435 -0.976297 0
    outer loop
      vertex -7.89398 29.4607 44
      vertex -6.4 29.7919 7.6
      vertex -6.4 29.7919 44
    endloop
  endfacet
  facet normal 0.216435 -0.976297 0
    outer loop
      vertex -7.89398 29.4607 2
      vertex -6.4 29.7919 7.6
      vertex -7.89398 29.4607 44
    endloop
  endfacet
  facet normal 0.21644 -0.976296 -1.44493e-06
    outer loop
      vertex -5.29627 30.0366 2
      vertex -6.4 29.7919 7.6
      vertex -7.89398 29.4607 2
    endloop
  endfacet
  facet normal 0.216447 -0.976294 0
    outer loop
      vertex -6.4 29.7919 7.6
      vertex -5.29627 30.0366 2
      vertex -5.29627 30.0366 7.6
    endloop
  endfacet
  facet normal 0.300703 -0.953718 0
    outer loop
      vertex -10.4316 28.6606 2
      vertex -7.89398 29.4607 44
      vertex -10.4316 28.6606 44
    endloop
  endfacet
  facet normal 0.300703 -0.953718 0
    outer loop
      vertex -7.89398 29.4607 44
      vertex -10.4316 28.6606 2
      vertex -7.89398 29.4607 2
    endloop
  endfacet
  facet normal 0.887009 0.461751 0
    outer loop
      vertex -26.4138 -15.25 44
      vertex -27.6424 -12.8899 2
      vertex -27.6424 -12.8899 44
    endloop
  endfacet
  facet normal 0.887009 0.461751 0
    outer loop
      vertex -27.6424 -12.8899 2
      vertex -26.4138 -15.25 44
      vertex -26.4138 -15.25 2
    endloop
  endfacet
  facet normal -0.999047 -0.0436469 0
    outer loop
      vertex 13 0 2
      vertex 12.9505 1.13302 2
      vertex 12.9505 1.13302 0
    endloop
  endfacet
  facet normal -0.999047 -0.0436469 -0
    outer loop
      vertex 13 0 2
      vertex 12.9505 1.13302 0
      vertex 13 0 0
    endloop
  endfacet
  facet normal -0.999047 -0.0436469 0
    outer loop
      vertex 12.9505 1.13302 2
      vertex 13 0 2
      vertex 12.9505 1.13302 5.6
    endloop
  endfacet
  facet normal -0.999047 -0.0436469 0
    outer loop
      vertex 12.9505 1.13302 5.6
      vertex 13 0 2
      vertex 13 0 5.6
    endloop
  endfacet
  facet normal -0.991448 0.130499 0
    outer loop
      vertex 12.8025 -2.25743 2
      vertex 12.9505 -1.13302 2
      vertex 12.9505 -1.13302 0
    endloop
  endfacet
  facet normal -0.991448 0.130499 0
    outer loop
      vertex 12.8025 -2.25743 2
      vertex 12.9505 -1.13302 0
      vertex 12.8025 -2.25743 0
    endloop
  endfacet
  facet normal -0.991448 0.130499 0
    outer loop
      vertex 12.9505 -1.13302 2
      vertex 12.8025 -2.25743 2
      vertex 12.9505 -1.13302 5.6
    endloop
  endfacet
  facet normal -0.991448 0.130499 0
    outer loop
      vertex 12.9505 -1.13302 5.6
      vertex 12.8025 -2.25743 2
      vertex 12.8025 -2.25743 5.6
    endloop
  endfacet
  facet normal -0.999047 0.0436469 0
    outer loop
      vertex 12.9505 -1.13302 2
      vertex 13 0 2
      vertex 13 0 0
    endloop
  endfacet
  facet normal -0.999047 0.0436469 0
    outer loop
      vertex 12.9505 -1.13302 2
      vertex 13 0 0
      vertex 12.9505 -1.13302 0
    endloop
  endfacet
  facet normal -0.999047 0.0436469 0
    outer loop
      vertex 13 0 2
      vertex 12.9505 -1.13302 2
      vertex 13 0 5.6
    endloop
  endfacet
  facet normal -0.999047 0.0436469 0
    outer loop
      vertex 13 0 5.6
      vertex 12.9505 -1.13302 2
      vertex 12.9505 -1.13302 5.6
    endloop
  endfacet
  facet normal -0.976289 0.216469 0
    outer loop
      vertex 12.557 -3.36465 2
      vertex 12.8025 -2.25743 2
      vertex 12.8025 -2.25743 0
    endloop
  endfacet
  facet normal -0.976289 0.216469 0
    outer loop
      vertex 12.557 -3.36465 2
      vertex 12.8025 -2.25743 0
      vertex 12.557 -3.36465 0
    endloop
  endfacet
  facet normal -0.976289 0.216469 0
    outer loop
      vertex 12.8025 -2.25743 2
      vertex 12.557 -3.36465 2
      vertex 12.8025 -2.25743 5.6
    endloop
  endfacet
  facet normal -0.976289 0.216469 0
    outer loop
      vertex 12.8025 -2.25743 5.6
      vertex 12.557 -3.36465 2
      vertex 12.557 -3.36465 5.6
    endloop
  endfacet
  facet normal 0.130499 0.991448 -0
    outer loop
      vertex -1.13302 -12.9505 2
      vertex -2.25743 -12.8025 5.6
      vertex -1.13302 -12.9505 5.6
    endloop
  endfacet
  facet normal 0.130499 0.991448 0
    outer loop
      vertex -1.13302 -12.9505 2
      vertex -2.25743 -12.8025 2
      vertex -2.25743 -12.8025 5.6
    endloop
  endfacet
  facet normal 0.130499 0.991448 -0
    outer loop
      vertex -1.13302 -12.9505 0
      vertex -2.25743 -12.8025 2
      vertex -1.13302 -12.9505 2
    endloop
  endfacet
  facet normal 0.130499 0.991448 0
    outer loop
      vertex -2.25743 -12.8025 2
      vertex -1.13302 -12.9505 0
      vertex -2.25743 -12.8025 0
    endloop
  endfacet
  facet normal 0.953725 -0.300681 0
    outer loop
      vertex -12.557 3.36465 2
      vertex -12.216 4.44626 2
      vertex -12.216 4.44626 5.6
    endloop
  endfacet
  facet normal 0.953725 -0.300681 0
    outer loop
      vertex -12.557 3.36465 2
      vertex -12.216 4.44626 5.6
      vertex -12.557 3.36465 5.6
    endloop
  endfacet
  facet normal 0.953725 -0.300681 0
    outer loop
      vertex -12.216 4.44626 2
      vertex -12.557 3.36465 2
      vertex -12.216 4.44626 0
    endloop
  endfacet
  facet normal 0.953725 -0.300681 0
    outer loop
      vertex -12.216 4.44626 0
      vertex -12.557 3.36465 2
      vertex -12.557 3.36465 0
    endloop
  endfacet
  facet normal -0.0436469 0.999047 0
    outer loop
      vertex 1.13302 -12.9505 2
      vertex 0 -13 5.6
      vertex 1.13302 -12.9505 5.6
    endloop
  endfacet
  facet normal -0.0436469 0.999047 0
    outer loop
      vertex 1.13302 -12.9505 2
      vertex 0 -13 2
      vertex 0 -13 5.6
    endloop
  endfacet
  facet normal -0.0436469 0.999047 0
    outer loop
      vertex 1.13302 -12.9505 0
      vertex 0 -13 2
      vertex 1.13302 -12.9505 2
    endloop
  endfacet
  facet normal -0.0436469 0.999047 0
    outer loop
      vertex 0 -13 2
      vertex 1.13302 -12.9505 0
      vertex 0 -13 0
    endloop
  endfacet
  facet normal -0.216469 -0.976289 0
    outer loop
      vertex 2.25743 12.8025 2
      vertex 3.36465 12.557 5.6
      vertex 2.25743 12.8025 5.6
    endloop
  endfacet
  facet normal -0.216469 -0.976289 0
    outer loop
      vertex 2.25743 12.8025 2
      vertex 3.36465 12.557 2
      vertex 3.36465 12.557 5.6
    endloop
  endfacet
  facet normal -0.216469 -0.976289 0
    outer loop
      vertex 2.25743 12.8025 0
      vertex 3.36465 12.557 2
      vertex 2.25743 12.8025 2
    endloop
  endfacet
  facet normal -0.216469 -0.976289 -0
    outer loop
      vertex 3.36465 12.557 2
      vertex 2.25743 12.8025 0
      vertex 3.36465 12.557 0
    endloop
  endfacet
  facet normal 0.608771 0.793346 -0
    outer loop
      vertex -7.45649 -10.649 2
      vertex -8.35624 -9.95858 5.6
      vertex -7.45649 -10.649 5.6
    endloop
  endfacet
  facet normal 0.608771 0.793346 0
    outer loop
      vertex -7.45649 -10.649 2
      vertex -8.35624 -9.95858 2
      vertex -8.35624 -9.95858 5.6
    endloop
  endfacet
  facet normal 0.608771 0.793346 -0
    outer loop
      vertex -7.45649 -10.649 0
      vertex -8.35624 -9.95858 2
      vertex -7.45649 -10.649 2
    endloop
  endfacet
  facet normal 0.608771 0.793346 0
    outer loop
      vertex -8.35624 -9.95858 2
      vertex -7.45649 -10.649 0
      vertex -8.35624 -9.95858 0
    endloop
  endfacet
  facet normal 0.737277 0.67559 0
    outer loop
      vertex -9.19239 -9.19239 2
      vertex -9.95858 -8.35624 2
      vertex -9.95858 -8.35624 5.6
    endloop
  endfacet
  facet normal 0.737277 0.67559 -0
    outer loop
      vertex -9.19239 -9.19239 2
      vertex -9.95858 -8.35624 5.6
      vertex -9.19239 -9.19239 5.6
    endloop
  endfacet
  facet normal 0.737277 0.67559 0
    outer loop
      vertex -9.95858 -8.35624 2
      vertex -9.19239 -9.19239 2
      vertex -9.95858 -8.35624 0
    endloop
  endfacet
  facet normal 0.737277 0.67559 0
    outer loop
      vertex -9.95858 -8.35624 0
      vertex -9.19239 -9.19239 2
      vertex -9.19239 -9.19239 0
    endloop
  endfacet
  facet normal -0.130499 -0.991448 0
    outer loop
      vertex 1.13302 12.9505 2
      vertex 2.25743 12.8025 5.6
      vertex 1.13302 12.9505 5.6
    endloop
  endfacet
  facet normal -0.130499 -0.991448 0
    outer loop
      vertex 1.13302 12.9505 2
      vertex 2.25743 12.8025 2
      vertex 2.25743 12.8025 5.6
    endloop
  endfacet
  facet normal -0.130499 -0.991448 0
    outer loop
      vertex 1.13302 12.9505 0
      vertex 2.25743 12.8025 2
      vertex 1.13302 12.9505 2
    endloop
  endfacet
  facet normal -0.130499 -0.991448 -0
    outer loop
      vertex 2.25743 12.8025 2
      vertex 1.13302 12.9505 0
      vertex 2.25743 12.8025 0
    endloop
  endfacet
  facet normal 0.843412 -0.537267 0
    outer loop
      vertex -11.2583 6.5 2
      vertex -10.649 7.45649 2
      vertex -10.649 7.45649 5.6
    endloop
  endfacet
  facet normal 0.843412 -0.537267 0
    outer loop
      vertex -11.2583 6.5 2
      vertex -10.649 7.45649 5.6
      vertex -11.2583 6.5 5.6
    endloop
  endfacet
  facet normal 0.843412 -0.537267 0
    outer loop
      vertex -10.649 7.45649 2
      vertex -11.2583 6.5 2
      vertex -10.649 7.45649 0
    endloop
  endfacet
  facet normal 0.843412 -0.537267 0
    outer loop
      vertex -10.649 7.45649 0
      vertex -11.2583 6.5 2
      vertex -11.2583 6.5 0
    endloop
  endfacet
  facet normal -0.923881 0.38268 0
    outer loop
      vertex 11.782 -5.49404 2
      vertex 12.216 -4.44626 2
      vertex 12.216 -4.44626 0
    endloop
  endfacet
  facet normal -0.923881 0.38268 0
    outer loop
      vertex 11.782 -5.49404 2
      vertex 12.216 -4.44626 0
      vertex 11.782 -5.49404 0
    endloop
  endfacet
  facet normal -0.923881 0.38268 0
    outer loop
      vertex 12.216 -4.44626 2
      vertex 11.782 -5.49404 2
      vertex 12.216 -4.44626 5.6
    endloop
  endfacet
  facet normal -0.923881 0.38268 0
    outer loop
      vertex 12.216 -4.44626 5.6
      vertex 11.782 -5.49404 2
      vertex 11.782 -5.49404 5.6
    endloop
  endfacet
  facet normal -0.46177 -0.887 0
    outer loop
      vertex 5.49404 11.782 2
      vertex 6.5 11.2583 5.6
      vertex 5.49404 11.782 5.6
    endloop
  endfacet
  facet normal -0.46177 -0.887 0
    outer loop
      vertex 5.49404 11.782 2
      vertex 6.5 11.2583 2
      vertex 6.5 11.2583 5.6
    endloop
  endfacet
  facet normal -0.46177 -0.887 0
    outer loop
      vertex 5.49404 11.782 0
      vertex 6.5 11.2583 2
      vertex 5.49404 11.782 2
    endloop
  endfacet
  facet normal -0.46177 -0.887 -0
    outer loop
      vertex 6.5 11.2583 2
      vertex 5.49404 11.782 0
      vertex 6.5 11.2583 0
    endloop
  endfacet
  facet normal -0.737277 -0.67559 0
    outer loop
      vertex 9.95858 8.35624 2
      vertex 9.19239 9.19239 2
      vertex 9.19239 9.19239 0
    endloop
  endfacet
  facet normal -0.737277 -0.67559 -0
    outer loop
      vertex 9.95858 8.35624 2
      vertex 9.19239 9.19239 0
      vertex 9.95858 8.35624 0
    endloop
  endfacet
  facet normal -0.737277 -0.67559 0
    outer loop
      vertex 9.19239 9.19239 2
      vertex 9.95858 8.35624 2
      vertex 9.19239 9.19239 5.6
    endloop
  endfacet
  facet normal -0.737277 -0.67559 0
    outer loop
      vertex 9.19239 9.19239 5.6
      vertex 9.95858 8.35624 2
      vertex 9.95858 8.35624 5.6
    endloop
  endfacet
  facet normal 0.38268 0.923881 -0
    outer loop
      vertex -4.44626 -12.216 2
      vertex -5.49404 -11.782 5.6
      vertex -4.44626 -12.216 5.6
    endloop
  endfacet
  facet normal 0.38268 0.923881 0
    outer loop
      vertex -4.44626 -12.216 2
      vertex -5.49404 -11.782 2
      vertex -5.49404 -11.782 5.6
    endloop
  endfacet
  facet normal 0.38268 0.923881 -0
    outer loop
      vertex -4.44626 -12.216 0
      vertex -5.49404 -11.782 2
      vertex -4.44626 -12.216 2
    endloop
  endfacet
  facet normal 0.38268 0.923881 0
    outer loop
      vertex -5.49404 -11.782 2
      vertex -4.44626 -12.216 0
      vertex -5.49404 -11.782 0
    endloop
  endfacet
  facet normal -0.923881 -0.38268 0
    outer loop
      vertex 12.216 4.44626 2
      vertex 11.782 5.49404 2
      vertex 11.782 5.49404 0
    endloop
  endfacet
  facet normal -0.923881 -0.38268 -0
    outer loop
      vertex 12.216 4.44626 2
      vertex 11.782 5.49404 0
      vertex 12.216 4.44626 0
    endloop
  endfacet
  facet normal -0.923881 -0.38268 0
    outer loop
      vertex 11.782 5.49404 2
      vertex 12.216 4.44626 2
      vertex 11.782 5.49404 5.6
    endloop
  endfacet
  facet normal -0.923881 -0.38268 0
    outer loop
      vertex 11.782 5.49404 5.6
      vertex 12.216 4.44626 2
      vertex 12.216 4.44626 5.6
    endloop
  endfacet
  facet normal -0.67559 0.737277 0
    outer loop
      vertex 9.19239 -9.19239 2
      vertex 8.35624 -9.95858 5.6
      vertex 9.19239 -9.19239 5.6
    endloop
  endfacet
  facet normal -0.67559 0.737277 0
    outer loop
      vertex 9.19239 -9.19239 2
      vertex 8.35624 -9.95858 2
      vertex 8.35624 -9.95858 5.6
    endloop
  endfacet
  facet normal -0.67559 0.737277 0
    outer loop
      vertex 9.19239 -9.19239 0
      vertex 8.35624 -9.95858 2
      vertex 9.19239 -9.19239 2
    endloop
  endfacet
  facet normal -0.67559 0.737277 0
    outer loop
      vertex 8.35624 -9.95858 2
      vertex 9.19239 -9.19239 0
      vertex 8.35624 -9.95858 0
    endloop
  endfacet
  facet normal 0.976289 0.216469 0
    outer loop
      vertex -12.557 -3.36465 2
      vertex -12.8025 -2.25743 2
      vertex -12.8025 -2.25743 5.6
    endloop
  endfacet
  facet normal 0.976289 0.216469 -0
    outer loop
      vertex -12.557 -3.36465 2
      vertex -12.8025 -2.25743 5.6
      vertex -12.557 -3.36465 5.6
    endloop
  endfacet
  facet normal 0.976289 0.216469 0
    outer loop
      vertex -12.8025 -2.25743 2
      vertex -12.557 -3.36465 2
      vertex -12.8025 -2.25743 0
    endloop
  endfacet
  facet normal 0.976289 0.216469 0
    outer loop
      vertex -12.8025 -2.25743 0
      vertex -12.557 -3.36465 2
      vertex -12.557 -3.36465 0
    endloop
  endfacet
  facet normal 0.38268 -0.923881 0
    outer loop
      vertex -5.49404 11.782 2
      vertex -4.44626 12.216 5.6
      vertex -5.49404 11.782 5.6
    endloop
  endfacet
  facet normal 0.38268 -0.923881 0
    outer loop
      vertex -5.49404 11.782 2
      vertex -4.44626 12.216 2
      vertex -4.44626 12.216 5.6
    endloop
  endfacet
  facet normal 0.38268 -0.923881 0
    outer loop
      vertex -5.49404 11.782 0
      vertex -4.44626 12.216 2
      vertex -5.49404 11.782 2
    endloop
  endfacet
  facet normal 0.38268 -0.923881 0
    outer loop
      vertex -4.44626 12.216 2
      vertex -5.49404 11.782 0
      vertex -4.44626 12.216 0
    endloop
  endfacet
  facet normal -0.843412 0.537267 0
    outer loop
      vertex 10.649 -7.45649 2
      vertex 11.2583 -6.5 2
      vertex 11.2583 -6.5 0
    endloop
  endfacet
  facet normal -0.843412 0.537267 0
    outer loop
      vertex 10.649 -7.45649 2
      vertex 11.2583 -6.5 0
      vertex 10.649 -7.45649 0
    endloop
  endfacet
  facet normal -0.843412 0.537267 0
    outer loop
      vertex 11.2583 -6.5 2
      vertex 10.649 -7.45649 2
      vertex 11.2583 -6.5 5.6
    endloop
  endfacet
  facet normal -0.843412 0.537267 0
    outer loop
      vertex 11.2583 -6.5 5.6
      vertex 10.649 -7.45649 2
      vertex 10.649 -7.45649 5.6
    endloop
  endfacet
  facet normal -0.38268 0.923881 0
    outer loop
      vertex 5.49404 -11.782 2
      vertex 4.44626 -12.216 5.6
      vertex 5.49404 -11.782 5.6
    endloop
  endfacet
  facet normal -0.38268 0.923881 0
    outer loop
      vertex 5.49404 -11.782 2
      vertex 4.44626 -12.216 2
      vertex 4.44626 -12.216 5.6
    endloop
  endfacet
  facet normal -0.38268 0.923881 0
    outer loop
      vertex 5.49404 -11.782 0
      vertex 4.44626 -12.216 2
      vertex 5.49404 -11.782 2
    endloop
  endfacet
  facet normal -0.38268 0.923881 0
    outer loop
      vertex 4.44626 -12.216 2
      vertex 5.49404 -11.782 0
      vertex 4.44626 -12.216 0
    endloop
  endfacet
  facet normal -0.608771 0.793346 0
    outer loop
      vertex 8.35624 -9.95858 2
      vertex 7.45649 -10.649 5.6
      vertex 8.35624 -9.95858 5.6
    endloop
  endfacet
  facet normal -0.608771 0.793346 0
    outer loop
      vertex 8.35624 -9.95858 2
      vertex 7.45649 -10.649 2
      vertex 7.45649 -10.649 5.6
    endloop
  endfacet
  facet normal -0.608771 0.793346 0
    outer loop
      vertex 8.35624 -9.95858 0
      vertex 7.45649 -10.649 2
      vertex 8.35624 -9.95858 2
    endloop
  endfacet
  facet normal -0.608771 0.793346 0
    outer loop
      vertex 7.45649 -10.649 2
      vertex 8.35624 -9.95858 0
      vertex 7.45649 -10.649 0
    endloop
  endfacet
  facet normal -0.46177 0.887 0
    outer loop
      vertex 6.5 -11.2583 2
      vertex 5.49404 -11.782 5.6
      vertex 6.5 -11.2583 5.6
    endloop
  endfacet
  facet normal -0.46177 0.887 0
    outer loop
      vertex 6.5 -11.2583 2
      vertex 5.49404 -11.782 2
      vertex 5.49404 -11.782 5.6
    endloop
  endfacet
  facet normal -0.46177 0.887 0
    outer loop
      vertex 6.5 -11.2583 0
      vertex 5.49404 -11.782 2
      vertex 6.5 -11.2583 2
    endloop
  endfacet
  facet normal -0.46177 0.887 0
    outer loop
      vertex 5.49404 -11.782 2
      vertex 6.5 -11.2583 0
      vertex 5.49404 -11.782 0
    endloop
  endfacet
  facet normal 0.976289 -0.216469 0
    outer loop
      vertex -12.8025 2.25743 2
      vertex -12.557 3.36465 2
      vertex -12.557 3.36465 5.6
    endloop
  endfacet
  facet normal 0.976289 -0.216469 0
    outer loop
      vertex -12.8025 2.25743 2
      vertex -12.557 3.36465 5.6
      vertex -12.8025 2.25743 5.6
    endloop
  endfacet
  facet normal 0.976289 -0.216469 0
    outer loop
      vertex -12.557 3.36465 2
      vertex -12.8025 2.25743 2
      vertex -12.557 3.36465 0
    endloop
  endfacet
  facet normal 0.976289 -0.216469 0
    outer loop
      vertex -12.557 3.36465 0
      vertex -12.8025 2.25743 2
      vertex -12.8025 2.25743 0
    endloop
  endfacet
  facet normal 0.300681 0.953725 -0
    outer loop
      vertex -3.36465 -12.557 2
      vertex -4.44626 -12.216 5.6
      vertex -3.36465 -12.557 5.6
    endloop
  endfacet
  facet normal 0.300681 0.953725 0
    outer loop
      vertex -3.36465 -12.557 2
      vertex -4.44626 -12.216 2
      vertex -4.44626 -12.216 5.6
    endloop
  endfacet
  facet normal 0.300681 0.953725 -0
    outer loop
      vertex -3.36465 -12.557 0
      vertex -4.44626 -12.216 2
      vertex -3.36465 -12.557 2
    endloop
  endfacet
  facet normal 0.300681 0.953725 0
    outer loop
      vertex -4.44626 -12.216 2
      vertex -3.36465 -12.557 0
      vertex -4.44626 -12.216 0
    endloop
  endfacet
  facet normal -0.843412 -0.537267 0
    outer loop
      vertex 11.2583 6.5 2
      vertex 10.649 7.45649 2
      vertex 10.649 7.45649 0
    endloop
  endfacet
  facet normal -0.843412 -0.537267 -0
    outer loop
      vertex 11.2583 6.5 2
      vertex 10.649 7.45649 0
      vertex 11.2583 6.5 0
    endloop
  endfacet
  facet normal -0.843412 -0.537267 0
    outer loop
      vertex 10.649 7.45649 2
      vertex 11.2583 6.5 2
      vertex 10.649 7.45649 5.6
    endloop
  endfacet
  facet normal -0.843412 -0.537267 0
    outer loop
      vertex 10.649 7.45649 5.6
      vertex 11.2583 6.5 2
      vertex 11.2583 6.5 5.6
    endloop
  endfacet
  facet normal 0.608771 -0.793346 0
    outer loop
      vertex -8.35624 9.95858 2
      vertex -7.45649 10.649 5.6
      vertex -8.35624 9.95858 5.6
    endloop
  endfacet
  facet normal 0.608771 -0.793346 0
    outer loop
      vertex -8.35624 9.95858 2
      vertex -7.45649 10.649 2
      vertex -7.45649 10.649 5.6
    endloop
  endfacet
  facet normal 0.608771 -0.793346 0
    outer loop
      vertex -8.35624 9.95858 0
      vertex -7.45649 10.649 2
      vertex -8.35624 9.95858 2
    endloop
  endfacet
  facet normal 0.608771 -0.793346 0
    outer loop
      vertex -7.45649 10.649 2
      vertex -8.35624 9.95858 0
      vertex -7.45649 10.649 0
    endloop
  endfacet
  facet normal 0.0436469 -0.999047 0
    outer loop
      vertex -1.13302 12.9505 2
      vertex 0 13 5.6
      vertex -1.13302 12.9505 5.6
    endloop
  endfacet
  facet normal 0.0436469 -0.999047 0
    outer loop
      vertex -1.13302 12.9505 2
      vertex 0 13 2
      vertex 0 13 5.6
    endloop
  endfacet
  facet normal 0.0436469 -0.999047 0
    outer loop
      vertex -1.13302 12.9505 0
      vertex 0 13 2
      vertex -1.13302 12.9505 2
    endloop
  endfacet
  facet normal 0.0436469 -0.999047 0
    outer loop
      vertex 0 13 2
      vertex -1.13302 12.9505 0
      vertex 0 13 0
    endloop
  endfacet
  facet normal -0.953725 0.300681 0
    outer loop
      vertex 12.216 -4.44626 2
      vertex 12.557 -3.36465 2
      vertex 12.557 -3.36465 0
    endloop
  endfacet
  facet normal -0.953725 0.300681 0
    outer loop
      vertex 12.216 -4.44626 2
      vertex 12.557 -3.36465 0
      vertex 12.216 -4.44626 0
    endloop
  endfacet
  facet normal -0.953725 0.300681 0
    outer loop
      vertex 12.557 -3.36465 2
      vertex 12.216 -4.44626 2
      vertex 12.557 -3.36465 5.6
    endloop
  endfacet
  facet normal -0.953725 0.300681 0
    outer loop
      vertex 12.557 -3.36465 5.6
      vertex 12.216 -4.44626 2
      vertex 12.216 -4.44626 5.6
    endloop
  endfacet
  facet normal 0.130499 -0.991448 0
    outer loop
      vertex -2.25743 12.8025 2
      vertex -1.13302 12.9505 5.6
      vertex -2.25743 12.8025 5.6
    endloop
  endfacet
  facet normal 0.130499 -0.991448 0
    outer loop
      vertex -2.25743 12.8025 2
      vertex -1.13302 12.9505 2
      vertex -1.13302 12.9505 5.6
    endloop
  endfacet
  facet normal 0.130499 -0.991448 0
    outer loop
      vertex -2.25743 12.8025 0
      vertex -1.13302 12.9505 2
      vertex -2.25743 12.8025 2
    endloop
  endfacet
  facet normal 0.130499 -0.991448 0
    outer loop
      vertex -1.13302 12.9505 2
      vertex -2.25743 12.8025 0
      vertex -1.13302 12.9505 0
    endloop
  endfacet
  facet normal 0.953725 0.300681 0
    outer loop
      vertex -12.216 -4.44626 2
      vertex -12.557 -3.36465 2
      vertex -12.557 -3.36465 5.6
    endloop
  endfacet
  facet normal 0.953725 0.300681 -0
    outer loop
      vertex -12.216 -4.44626 2
      vertex -12.557 -3.36465 5.6
      vertex -12.216 -4.44626 5.6
    endloop
  endfacet
  facet normal 0.953725 0.300681 0
    outer loop
      vertex -12.557 -3.36465 2
      vertex -12.216 -4.44626 2
      vertex -12.557 -3.36465 0
    endloop
  endfacet
  facet normal 0.953725 0.300681 0
    outer loop
      vertex -12.557 -3.36465 0
      vertex -12.216 -4.44626 2
      vertex -12.216 -4.44626 0
    endloop
  endfacet
  facet normal -0.953725 -0.300681 0
    outer loop
      vertex 12.557 3.36465 2
      vertex 12.216 4.44626 2
      vertex 12.216 4.44626 0
    endloop
  endfacet
  facet normal -0.953725 -0.300681 -0
    outer loop
      vertex 12.557 3.36465 2
      vertex 12.216 4.44626 0
      vertex 12.557 3.36465 0
    endloop
  endfacet
  facet normal -0.953725 -0.300681 0
    outer loop
      vertex 12.216 4.44626 2
      vertex 12.557 3.36465 2
      vertex 12.216 4.44626 5.6
    endloop
  endfacet
  facet normal -0.953725 -0.300681 0
    outer loop
      vertex 12.216 4.44626 5.6
      vertex 12.557 3.36465 2
      vertex 12.557 3.36465 5.6
    endloop
  endfacet
  facet normal -0.976289 -0.216469 0
    outer loop
      vertex 12.8025 2.25743 2
      vertex 12.557 3.36465 2
      vertex 12.557 3.36465 0
    endloop
  endfacet
  facet normal -0.976289 -0.216469 -0
    outer loop
      vertex 12.8025 2.25743 2
      vertex 12.557 3.36465 0
      vertex 12.8025 2.25743 0
    endloop
  endfacet
  facet normal -0.976289 -0.216469 0
    outer loop
      vertex 12.557 3.36465 2
      vertex 12.8025 2.25743 2
      vertex 12.557 3.36465 5.6
    endloop
  endfacet
  facet normal -0.976289 -0.216469 0
    outer loop
      vertex 12.557 3.36465 5.6
      vertex 12.8025 2.25743 2
      vertex 12.8025 2.25743 5.6
    endloop
  endfacet
  facet normal 0.887 -0.46177 0
    outer loop
      vertex -11.782 5.49404 2
      vertex -11.2583 6.5 2
      vertex -11.2583 6.5 5.6
    endloop
  endfacet
  facet normal 0.887 -0.46177 0
    outer loop
      vertex -11.782 5.49404 2
      vertex -11.2583 6.5 5.6
      vertex -11.782 5.49404 5.6
    endloop
  endfacet
  facet normal 0.887 -0.46177 0
    outer loop
      vertex -11.2583 6.5 2
      vertex -11.782 5.49404 2
      vertex -11.2583 6.5 0
    endloop
  endfacet
  facet normal 0.887 -0.46177 0
    outer loop
      vertex -11.2583 6.5 0
      vertex -11.782 5.49404 2
      vertex -11.782 5.49404 0
    endloop
  endfacet
  facet normal 0.843412 0.537267 0
    outer loop
      vertex -10.649 -7.45649 2
      vertex -11.2583 -6.5 2
      vertex -11.2583 -6.5 5.6
    endloop
  endfacet
  facet normal 0.843412 0.537267 -0
    outer loop
      vertex -10.649 -7.45649 2
      vertex -11.2583 -6.5 5.6
      vertex -10.649 -7.45649 5.6
    endloop
  endfacet
  facet normal 0.843412 0.537267 0
    outer loop
      vertex -11.2583 -6.5 2
      vertex -10.649 -7.45649 2
      vertex -11.2583 -6.5 0
    endloop
  endfacet
  facet normal 0.843412 0.537267 0
    outer loop
      vertex -11.2583 -6.5 0
      vertex -10.649 -7.45649 2
      vertex -10.649 -7.45649 0
    endloop
  endfacet
  facet normal -0.991448 -0.130499 0
    outer loop
      vertex 12.9505 1.13302 2
      vertex 12.8025 2.25743 2
      vertex 12.8025 2.25743 0
    endloop
  endfacet
  facet normal -0.991448 -0.130499 -0
    outer loop
      vertex 12.9505 1.13302 2
      vertex 12.8025 2.25743 0
      vertex 12.9505 1.13302 0
    endloop
  endfacet
  facet normal -0.991448 -0.130499 0
    outer loop
      vertex 12.8025 2.25743 2
      vertex 12.9505 1.13302 2
      vertex 12.8025 2.25743 5.6
    endloop
  endfacet
  facet normal -0.991448 -0.130499 0
    outer loop
      vertex 12.8025 2.25743 5.6
      vertex 12.9505 1.13302 2
      vertex 12.9505 1.13302 5.6
    endloop
  endfacet
  facet normal 0.216469 0.976289 -0
    outer loop
      vertex -2.25743 -12.8025 2
      vertex -3.36465 -12.557 5.6
      vertex -2.25743 -12.8025 5.6
    endloop
  endfacet
  facet normal 0.216469 0.976289 0
    outer loop
      vertex -2.25743 -12.8025 2
      vertex -3.36465 -12.557 2
      vertex -3.36465 -12.557 5.6
    endloop
  endfacet
  facet normal 0.216469 0.976289 -0
    outer loop
      vertex -2.25743 -12.8025 0
      vertex -3.36465 -12.557 2
      vertex -2.25743 -12.8025 2
    endloop
  endfacet
  facet normal 0.216469 0.976289 0
    outer loop
      vertex -3.36465 -12.557 2
      vertex -2.25743 -12.8025 0
      vertex -3.36465 -12.557 0
    endloop
  endfacet
  facet normal -0.0436469 -0.999047 0
    outer loop
      vertex 0 13 2
      vertex 1.13302 12.9505 5.6
      vertex 0 13 5.6
    endloop
  endfacet
  facet normal -0.0436469 -0.999047 0
    outer loop
      vertex 0 13 2
      vertex 1.13302 12.9505 2
      vertex 1.13302 12.9505 5.6
    endloop
  endfacet
  facet normal -0.0436469 -0.999047 0
    outer loop
      vertex 0 13 0
      vertex 1.13302 12.9505 2
      vertex 0 13 2
    endloop
  endfacet
  facet normal -0.0436469 -0.999047 -0
    outer loop
      vertex 1.13302 12.9505 2
      vertex 0 13 0
      vertex 1.13302 12.9505 0
    endloop
  endfacet
  facet normal -0.793346 -0.608771 0
    outer loop
      vertex 10.649 7.45649 2
      vertex 9.95858 8.35624 2
      vertex 9.95858 8.35624 0
    endloop
  endfacet
  facet normal -0.793346 -0.608771 -0
    outer loop
      vertex 10.649 7.45649 2
      vertex 9.95858 8.35624 0
      vertex 10.649 7.45649 0
    endloop
  endfacet
  facet normal -0.793346 -0.608771 0
    outer loop
      vertex 9.95858 8.35624 2
      vertex 10.649 7.45649 2
      vertex 9.95858 8.35624 5.6
    endloop
  endfacet
  facet normal -0.793346 -0.608771 0
    outer loop
      vertex 9.95858 8.35624 5.6
      vertex 10.649 7.45649 2
      vertex 10.649 7.45649 5.6
    endloop
  endfacet
  facet normal 0.537267 0.843412 -0
    outer loop
      vertex -6.5 -11.2583 2
      vertex -7.45649 -10.649 5.6
      vertex -6.5 -11.2583 5.6
    endloop
  endfacet
  facet normal 0.537267 0.843412 0
    outer loop
      vertex -6.5 -11.2583 2
      vertex -7.45649 -10.649 2
      vertex -7.45649 -10.649 5.6
    endloop
  endfacet
  facet normal 0.537267 0.843412 -0
    outer loop
      vertex -6.5 -11.2583 0
      vertex -7.45649 -10.649 2
      vertex -6.5 -11.2583 2
    endloop
  endfacet
  facet normal 0.537267 0.843412 0
    outer loop
      vertex -7.45649 -10.649 2
      vertex -6.5 -11.2583 0
      vertex -7.45649 -10.649 0
    endloop
  endfacet
  facet normal -0.537267 0.843412 0
    outer loop
      vertex 7.45649 -10.649 2
      vertex 6.5 -11.2583 5.6
      vertex 7.45649 -10.649 5.6
    endloop
  endfacet
  facet normal -0.537267 0.843412 0
    outer loop
      vertex 7.45649 -10.649 2
      vertex 6.5 -11.2583 2
      vertex 6.5 -11.2583 5.6
    endloop
  endfacet
  facet normal -0.537267 0.843412 0
    outer loop
      vertex 7.45649 -10.649 0
      vertex 6.5 -11.2583 2
      vertex 7.45649 -10.649 2
    endloop
  endfacet
  facet normal -0.537267 0.843412 0
    outer loop
      vertex 6.5 -11.2583 2
      vertex 7.45649 -10.649 0
      vertex 6.5 -11.2583 0
    endloop
  endfacet
  facet normal -0.737277 0.67559 0
    outer loop
      vertex 9.19239 -9.19239 2
      vertex 9.95858 -8.35624 2
      vertex 9.95858 -8.35624 0
    endloop
  endfacet
  facet normal -0.737277 0.67559 0
    outer loop
      vertex 9.19239 -9.19239 2
      vertex 9.95858 -8.35624 0
      vertex 9.19239 -9.19239 0
    endloop
  endfacet
  facet normal -0.737277 0.67559 0
    outer loop
      vertex 9.95858 -8.35624 2
      vertex 9.19239 -9.19239 2
      vertex 9.95858 -8.35624 5.6
    endloop
  endfacet
  facet normal -0.737277 0.67559 0
    outer loop
      vertex 9.95858 -8.35624 5.6
      vertex 9.19239 -9.19239 2
      vertex 9.19239 -9.19239 5.6
    endloop
  endfacet
  facet normal -0.130499 0.991448 0
    outer loop
      vertex 2.25743 -12.8025 2
      vertex 1.13302 -12.9505 5.6
      vertex 2.25743 -12.8025 5.6
    endloop
  endfacet
  facet normal -0.130499 0.991448 0
    outer loop
      vertex 2.25743 -12.8025 2
      vertex 1.13302 -12.9505 2
      vertex 1.13302 -12.9505 5.6
    endloop
  endfacet
  facet normal -0.130499 0.991448 0
    outer loop
      vertex 2.25743 -12.8025 0
      vertex 1.13302 -12.9505 2
      vertex 2.25743 -12.8025 2
    endloop
  endfacet
  facet normal -0.130499 0.991448 0
    outer loop
      vertex 1.13302 -12.9505 2
      vertex 2.25743 -12.8025 0
      vertex 1.13302 -12.9505 0
    endloop
  endfacet
  facet normal -0.887 0.46177 0
    outer loop
      vertex 11.2583 -6.5 2
      vertex 11.782 -5.49404 2
      vertex 11.782 -5.49404 0
    endloop
  endfacet
  facet normal -0.887 0.46177 0
    outer loop
      vertex 11.2583 -6.5 2
      vertex 11.782 -5.49404 0
      vertex 11.2583 -6.5 0
    endloop
  endfacet
  facet normal -0.887 0.46177 0
    outer loop
      vertex 11.782 -5.49404 2
      vertex 11.2583 -6.5 2
      vertex 11.782 -5.49404 5.6
    endloop
  endfacet
  facet normal -0.887 0.46177 0
    outer loop
      vertex 11.782 -5.49404 5.6
      vertex 11.2583 -6.5 2
      vertex 11.2583 -6.5 5.6
    endloop
  endfacet
  facet normal 0.537267 -0.843412 0
    outer loop
      vertex -7.45649 10.649 2
      vertex -6.5 11.2583 5.6
      vertex -7.45649 10.649 5.6
    endloop
  endfacet
  facet normal 0.537267 -0.843412 0
    outer loop
      vertex -7.45649 10.649 2
      vertex -6.5 11.2583 2
      vertex -6.5 11.2583 5.6
    endloop
  endfacet
  facet normal 0.537267 -0.843412 0
    outer loop
      vertex -7.45649 10.649 0
      vertex -6.5 11.2583 2
      vertex -7.45649 10.649 2
    endloop
  endfacet
  facet normal 0.537267 -0.843412 0
    outer loop
      vertex -6.5 11.2583 2
      vertex -7.45649 10.649 0
      vertex -6.5 11.2583 0
    endloop
  endfacet
  facet normal -0.887 -0.46177 0
    outer loop
      vertex 11.782 5.49404 2
      vertex 11.2583 6.5 2
      vertex 11.2583 6.5 0
    endloop
  endfacet
  facet normal -0.887 -0.46177 -0
    outer loop
      vertex 11.782 5.49404 2
      vertex 11.2583 6.5 0
      vertex 11.782 5.49404 0
    endloop
  endfacet
  facet normal -0.887 -0.46177 0
    outer loop
      vertex 11.2583 6.5 2
      vertex 11.782 5.49404 2
      vertex 11.2583 6.5 5.6
    endloop
  endfacet
  facet normal -0.887 -0.46177 0
    outer loop
      vertex 11.2583 6.5 5.6
      vertex 11.782 5.49404 2
      vertex 11.782 5.49404 5.6
    endloop
  endfacet
  facet normal 0.216469 -0.976289 0
    outer loop
      vertex -3.36465 12.557 2
      vertex -2.25743 12.8025 5.6
      vertex -3.36465 12.557 5.6
    endloop
  endfacet
  facet normal 0.216469 -0.976289 0
    outer loop
      vertex -3.36465 12.557 2
      vertex -2.25743 12.8025 2
      vertex -2.25743 12.8025 5.6
    endloop
  endfacet
  facet normal 0.216469 -0.976289 0
    outer loop
      vertex -3.36465 12.557 0
      vertex -2.25743 12.8025 2
      vertex -3.36465 12.557 2
    endloop
  endfacet
  facet normal 0.216469 -0.976289 0
    outer loop
      vertex -2.25743 12.8025 2
      vertex -3.36465 12.557 0
      vertex -2.25743 12.8025 0
    endloop
  endfacet
  facet normal 0.67559 0.737277 -0
    outer loop
      vertex -8.35624 -9.95858 2
      vertex -9.19239 -9.19239 5.6
      vertex -8.35624 -9.95858 5.6
    endloop
  endfacet
  facet normal 0.67559 0.737277 0
    outer loop
      vertex -8.35624 -9.95858 2
      vertex -9.19239 -9.19239 2
      vertex -9.19239 -9.19239 5.6
    endloop
  endfacet
  facet normal 0.67559 0.737277 -0
    outer loop
      vertex -8.35624 -9.95858 0
      vertex -9.19239 -9.19239 2
      vertex -8.35624 -9.95858 2
    endloop
  endfacet
  facet normal 0.67559 0.737277 0
    outer loop
      vertex -9.19239 -9.19239 2
      vertex -8.35624 -9.95858 0
      vertex -9.19239 -9.19239 0
    endloop
  endfacet
  facet normal -0.793346 0.608771 0
    outer loop
      vertex 9.95858 -8.35624 2
      vertex 10.649 -7.45649 2
      vertex 10.649 -7.45649 0
    endloop
  endfacet
  facet normal -0.793346 0.608771 0
    outer loop
      vertex 9.95858 -8.35624 2
      vertex 10.649 -7.45649 0
      vertex 9.95858 -8.35624 0
    endloop
  endfacet
  facet normal -0.793346 0.608771 0
    outer loop
      vertex 10.649 -7.45649 2
      vertex 9.95858 -8.35624 2
      vertex 10.649 -7.45649 5.6
    endloop
  endfacet
  facet normal -0.793346 0.608771 0
    outer loop
      vertex 10.649 -7.45649 5.6
      vertex 9.95858 -8.35624 2
      vertex 9.95858 -8.35624 5.6
    endloop
  endfacet
  facet normal 0.0436469 0.999047 -0
    outer loop
      vertex 0 -13 2
      vertex -1.13302 -12.9505 5.6
      vertex 0 -13 5.6
    endloop
  endfacet
  facet normal 0.0436469 0.999047 0
    outer loop
      vertex 0 -13 2
      vertex -1.13302 -12.9505 2
      vertex -1.13302 -12.9505 5.6
    endloop
  endfacet
  facet normal 0.0436469 0.999047 -0
    outer loop
      vertex 0 -13 0
      vertex -1.13302 -12.9505 2
      vertex 0 -13 2
    endloop
  endfacet
  facet normal 0.0436469 0.999047 0
    outer loop
      vertex -1.13302 -12.9505 2
      vertex 0 -13 0
      vertex -1.13302 -12.9505 0
    endloop
  endfacet
  facet normal 0.737277 -0.67559 0
    outer loop
      vertex -9.95858 8.35624 2
      vertex -9.19239 9.19239 2
      vertex -9.19239 9.19239 5.6
    endloop
  endfacet
  facet normal 0.737277 -0.67559 0
    outer loop
      vertex -9.95858 8.35624 2
      vertex -9.19239 9.19239 5.6
      vertex -9.95858 8.35624 5.6
    endloop
  endfacet
  facet normal 0.737277 -0.67559 0
    outer loop
      vertex -9.19239 9.19239 2
      vertex -9.95858 8.35624 2
      vertex -9.19239 9.19239 0
    endloop
  endfacet
  facet normal 0.737277 -0.67559 0
    outer loop
      vertex -9.19239 9.19239 0
      vertex -9.95858 8.35624 2
      vertex -9.95858 8.35624 0
    endloop
  endfacet
  facet normal 0.887 0.46177 0
    outer loop
      vertex -11.2583 -6.5 2
      vertex -11.782 -5.49404 2
      vertex -11.782 -5.49404 5.6
    endloop
  endfacet
  facet normal 0.887 0.46177 -0
    outer loop
      vertex -11.2583 -6.5 2
      vertex -11.782 -5.49404 5.6
      vertex -11.2583 -6.5 5.6
    endloop
  endfacet
  facet normal 0.887 0.46177 0
    outer loop
      vertex -11.782 -5.49404 2
      vertex -11.2583 -6.5 2
      vertex -11.782 -5.49404 0
    endloop
  endfacet
  facet normal 0.887 0.46177 0
    outer loop
      vertex -11.782 -5.49404 0
      vertex -11.2583 -6.5 2
      vertex -11.2583 -6.5 0
    endloop
  endfacet
  facet normal 0.991448 -0.130499 0
    outer loop
      vertex -12.9505 1.13302 2
      vertex -12.8025 2.25743 2
      vertex -12.8025 2.25743 5.6
    endloop
  endfacet
  facet normal 0.991448 -0.130499 0
    outer loop
      vertex -12.9505 1.13302 2
      vertex -12.8025 2.25743 5.6
      vertex -12.9505 1.13302 5.6
    endloop
  endfacet
  facet normal 0.991448 -0.130499 0
    outer loop
      vertex -12.8025 2.25743 2
      vertex -12.9505 1.13302 2
      vertex -12.8025 2.25743 0
    endloop
  endfacet
  facet normal 0.991448 -0.130499 0
    outer loop
      vertex -12.8025 2.25743 0
      vertex -12.9505 1.13302 2
      vertex -12.9505 1.13302 0
    endloop
  endfacet
  facet normal -0.300681 0.953725 0
    outer loop
      vertex 4.44626 -12.216 2
      vertex 3.36465 -12.557 5.6
      vertex 4.44626 -12.216 5.6
    endloop
  endfacet
  facet normal -0.300681 0.953725 0
    outer loop
      vertex 4.44626 -12.216 2
      vertex 3.36465 -12.557 2
      vertex 3.36465 -12.557 5.6
    endloop
  endfacet
  facet normal -0.300681 0.953725 0
    outer loop
      vertex 4.44626 -12.216 0
      vertex 3.36465 -12.557 2
      vertex 4.44626 -12.216 2
    endloop
  endfacet
  facet normal -0.300681 0.953725 0
    outer loop
      vertex 3.36465 -12.557 2
      vertex 4.44626 -12.216 0
      vertex 3.36465 -12.557 0
    endloop
  endfacet
  facet normal 0.793346 -0.608771 0
    outer loop
      vertex -10.649 7.45649 2
      vertex -9.95858 8.35624 2
      vertex -9.95858 8.35624 5.6
    endloop
  endfacet
  facet normal 0.793346 -0.608771 0
    outer loop
      vertex -10.649 7.45649 2
      vertex -9.95858 8.35624 5.6
      vertex -10.649 7.45649 5.6
    endloop
  endfacet
  facet normal 0.793346 -0.608771 0
    outer loop
      vertex -9.95858 8.35624 2
      vertex -10.649 7.45649 2
      vertex -9.95858 8.35624 0
    endloop
  endfacet
  facet normal 0.793346 -0.608771 0
    outer loop
      vertex -9.95858 8.35624 0
      vertex -10.649 7.45649 2
      vertex -10.649 7.45649 0
    endloop
  endfacet
  facet normal -0.300681 -0.953725 0
    outer loop
      vertex 3.36465 12.557 2
      vertex 4.44626 12.216 5.6
      vertex 3.36465 12.557 5.6
    endloop
  endfacet
  facet normal -0.300681 -0.953725 0
    outer loop
      vertex 3.36465 12.557 2
      vertex 4.44626 12.216 2
      vertex 4.44626 12.216 5.6
    endloop
  endfacet
  facet normal -0.300681 -0.953725 0
    outer loop
      vertex 3.36465 12.557 0
      vertex 4.44626 12.216 2
      vertex 3.36465 12.557 2
    endloop
  endfacet
  facet normal -0.300681 -0.953725 -0
    outer loop
      vertex 4.44626 12.216 2
      vertex 3.36465 12.557 0
      vertex 4.44626 12.216 0
    endloop
  endfacet
  facet normal 0.999047 -0.0436469 0
    outer loop
      vertex -13 0 2
      vertex -12.9505 1.13302 2
      vertex -12.9505 1.13302 5.6
    endloop
  endfacet
  facet normal 0.999047 -0.0436469 0
    outer loop
      vertex -13 0 2
      vertex -12.9505 1.13302 5.6
      vertex -13 0 5.6
    endloop
  endfacet
  facet normal 0.999047 -0.0436469 0
    outer loop
      vertex -12.9505 1.13302 2
      vertex -13 0 2
      vertex -12.9505 1.13302 0
    endloop
  endfacet
  facet normal 0.999047 -0.0436469 0
    outer loop
      vertex -12.9505 1.13302 0
      vertex -13 0 2
      vertex -13 0 0
    endloop
  endfacet
  facet normal 0.67559 -0.737277 0
    outer loop
      vertex -9.19239 9.19239 2
      vertex -8.35624 9.95858 5.6
      vertex -9.19239 9.19239 5.6
    endloop
  endfacet
  facet normal 0.67559 -0.737277 0
    outer loop
      vertex -9.19239 9.19239 2
      vertex -8.35624 9.95858 2
      vertex -8.35624 9.95858 5.6
    endloop
  endfacet
  facet normal 0.67559 -0.737277 0
    outer loop
      vertex -9.19239 9.19239 0
      vertex -8.35624 9.95858 2
      vertex -9.19239 9.19239 2
    endloop
  endfacet
  facet normal 0.67559 -0.737277 0
    outer loop
      vertex -8.35624 9.95858 2
      vertex -9.19239 9.19239 0
      vertex -8.35624 9.95858 0
    endloop
  endfacet
  facet normal -0.537267 -0.843412 0
    outer loop
      vertex 6.5 11.2583 2
      vertex 7.45649 10.649 5.6
      vertex 6.5 11.2583 5.6
    endloop
  endfacet
  facet normal -0.537267 -0.843412 0
    outer loop
      vertex 6.5 11.2583 2
      vertex 7.45649 10.649 2
      vertex 7.45649 10.649 5.6
    endloop
  endfacet
  facet normal -0.537267 -0.843412 0
    outer loop
      vertex 6.5 11.2583 0
      vertex 7.45649 10.649 2
      vertex 6.5 11.2583 2
    endloop
  endfacet
  facet normal -0.537267 -0.843412 -0
    outer loop
      vertex 7.45649 10.649 2
      vertex 6.5 11.2583 0
      vertex 7.45649 10.649 0
    endloop
  endfacet
  facet normal -0.216469 0.976289 0
    outer loop
      vertex 3.36465 -12.557 2
      vertex 2.25743 -12.8025 5.6
      vertex 3.36465 -12.557 5.6
    endloop
  endfacet
  facet normal -0.216469 0.976289 0
    outer loop
      vertex 3.36465 -12.557 2
      vertex 2.25743 -12.8025 2
      vertex 2.25743 -12.8025 5.6
    endloop
  endfacet
  facet normal -0.216469 0.976289 0
    outer loop
      vertex 3.36465 -12.557 0
      vertex 2.25743 -12.8025 2
      vertex 3.36465 -12.557 2
    endloop
  endfacet
  facet normal -0.216469 0.976289 0
    outer loop
      vertex 2.25743 -12.8025 2
      vertex 3.36465 -12.557 0
      vertex 2.25743 -12.8025 0
    endloop
  endfacet
  facet normal 0.923881 -0.38268 0
    outer loop
      vertex -12.216 4.44626 2
      vertex -11.782 5.49404 2
      vertex -11.782 5.49404 5.6
    endloop
  endfacet
  facet normal 0.923881 -0.38268 0
    outer loop
      vertex -12.216 4.44626 2
      vertex -11.782 5.49404 5.6
      vertex -12.216 4.44626 5.6
    endloop
  endfacet
  facet normal 0.923881 -0.38268 0
    outer loop
      vertex -11.782 5.49404 2
      vertex -12.216 4.44626 2
      vertex -11.782 5.49404 0
    endloop
  endfacet
  facet normal 0.923881 -0.38268 0
    outer loop
      vertex -11.782 5.49404 0
      vertex -12.216 4.44626 2
      vertex -12.216 4.44626 0
    endloop
  endfacet
  facet normal 0.793346 0.608771 0
    outer loop
      vertex -9.95858 -8.35624 2
      vertex -10.649 -7.45649 2
      vertex -10.649 -7.45649 5.6
    endloop
  endfacet
  facet normal 0.793346 0.608771 -0
    outer loop
      vertex -9.95858 -8.35624 2
      vertex -10.649 -7.45649 5.6
      vertex -9.95858 -8.35624 5.6
    endloop
  endfacet
  facet normal 0.793346 0.608771 0
    outer loop
      vertex -10.649 -7.45649 2
      vertex -9.95858 -8.35624 2
      vertex -10.649 -7.45649 0
    endloop
  endfacet
  facet normal 0.793346 0.608771 0
    outer loop
      vertex -10.649 -7.45649 0
      vertex -9.95858 -8.35624 2
      vertex -9.95858 -8.35624 0
    endloop
  endfacet
  facet normal -0.38268 -0.923881 0
    outer loop
      vertex 4.44626 12.216 2
      vertex 5.49404 11.782 5.6
      vertex 4.44626 12.216 5.6
    endloop
  endfacet
  facet normal -0.38268 -0.923881 0
    outer loop
      vertex 4.44626 12.216 2
      vertex 5.49404 11.782 2
      vertex 5.49404 11.782 5.6
    endloop
  endfacet
  facet normal -0.38268 -0.923881 0
    outer loop
      vertex 4.44626 12.216 0
      vertex 5.49404 11.782 2
      vertex 4.44626 12.216 2
    endloop
  endfacet
  facet normal -0.38268 -0.923881 -0
    outer loop
      vertex 5.49404 11.782 2
      vertex 4.44626 12.216 0
      vertex 5.49404 11.782 0
    endloop
  endfacet
  facet normal 0.991448 0.130499 0
    outer loop
      vertex -12.8025 -2.25743 2
      vertex -12.9505 -1.13302 2
      vertex -12.9505 -1.13302 5.6
    endloop
  endfacet
  facet normal 0.991448 0.130499 -0
    outer loop
      vertex -12.8025 -2.25743 2
      vertex -12.9505 -1.13302 5.6
      vertex -12.8025 -2.25743 5.6
    endloop
  endfacet
  facet normal 0.991448 0.130499 0
    outer loop
      vertex -12.9505 -1.13302 2
      vertex -12.8025 -2.25743 2
      vertex -12.9505 -1.13302 0
    endloop
  endfacet
  facet normal 0.991448 0.130499 0
    outer loop
      vertex -12.9505 -1.13302 0
      vertex -12.8025 -2.25743 2
      vertex -12.8025 -2.25743 0
    endloop
  endfacet
  facet normal 0.999047 0.0436469 0
    outer loop
      vertex -12.9505 -1.13302 2
      vertex -13 0 2
      vertex -13 0 5.6
    endloop
  endfacet
  facet normal 0.999047 0.0436469 -0
    outer loop
      vertex -12.9505 -1.13302 2
      vertex -13 0 5.6
      vertex -12.9505 -1.13302 5.6
    endloop
  endfacet
  facet normal 0.999047 0.0436469 0
    outer loop
      vertex -13 0 2
      vertex -12.9505 -1.13302 2
      vertex -13 0 0
    endloop
  endfacet
  facet normal 0.999047 0.0436469 0
    outer loop
      vertex -13 0 0
      vertex -12.9505 -1.13302 2
      vertex -12.9505 -1.13302 0
    endloop
  endfacet
  facet normal 0.923881 0.38268 0
    outer loop
      vertex -11.782 -5.49404 2
      vertex -12.216 -4.44626 2
      vertex -12.216 -4.44626 5.6
    endloop
  endfacet
  facet normal 0.923881 0.38268 -0
    outer loop
      vertex -11.782 -5.49404 2
      vertex -12.216 -4.44626 5.6
      vertex -11.782 -5.49404 5.6
    endloop
  endfacet
  facet normal 0.923881 0.38268 0
    outer loop
      vertex -12.216 -4.44626 2
      vertex -11.782 -5.49404 2
      vertex -12.216 -4.44626 0
    endloop
  endfacet
  facet normal 0.923881 0.38268 0
    outer loop
      vertex -12.216 -4.44626 0
      vertex -11.782 -5.49404 2
      vertex -11.782 -5.49404 0
    endloop
  endfacet
  facet normal 0.300681 -0.953725 0
    outer loop
      vertex -4.44626 12.216 2
      vertex -3.36465 12.557 5.6
      vertex -4.44626 12.216 5.6
    endloop
  endfacet
  facet normal 0.300681 -0.953725 0
    outer loop
      vertex -4.44626 12.216 2
      vertex -3.36465 12.557 2
      vertex -3.36465 12.557 5.6
    endloop
  endfacet
  facet normal 0.300681 -0.953725 0
    outer loop
      vertex -4.44626 12.216 0
      vertex -3.36465 12.557 2
      vertex -4.44626 12.216 2
    endloop
  endfacet
  facet normal 0.300681 -0.953725 0
    outer loop
      vertex -3.36465 12.557 2
      vertex -4.44626 12.216 0
      vertex -3.36465 12.557 0
    endloop
  endfacet
  facet normal -0.67559 -0.737277 0
    outer loop
      vertex 8.35624 9.95858 2
      vertex 9.19239 9.19239 5.6
      vertex 8.35624 9.95858 5.6
    endloop
  endfacet
  facet normal -0.67559 -0.737277 0
    outer loop
      vertex 8.35624 9.95858 2
      vertex 9.19239 9.19239 2
      vertex 9.19239 9.19239 5.6
    endloop
  endfacet
  facet normal -0.67559 -0.737277 0
    outer loop
      vertex 8.35624 9.95858 0
      vertex 9.19239 9.19239 2
      vertex 8.35624 9.95858 2
    endloop
  endfacet
  facet normal -0.67559 -0.737277 -0
    outer loop
      vertex 9.19239 9.19239 2
      vertex 8.35624 9.95858 0
      vertex 9.19239 9.19239 0
    endloop
  endfacet
  facet normal -0.608771 -0.793346 0
    outer loop
      vertex 7.45649 10.649 2
      vertex 8.35624 9.95858 5.6
      vertex 7.45649 10.649 5.6
    endloop
  endfacet
  facet normal -0.608771 -0.793346 0
    outer loop
      vertex 7.45649 10.649 2
      vertex 8.35624 9.95858 2
      vertex 8.35624 9.95858 5.6
    endloop
  endfacet
  facet normal -0.608771 -0.793346 0
    outer loop
      vertex 7.45649 10.649 0
      vertex 8.35624 9.95858 2
      vertex 7.45649 10.649 2
    endloop
  endfacet
  facet normal -0.608771 -0.793346 -0
    outer loop
      vertex 8.35624 9.95858 2
      vertex 7.45649 10.649 0
      vertex 8.35624 9.95858 0
    endloop
  endfacet
  facet normal 0.46177 0.887 -0
    outer loop
      vertex -5.49404 -11.782 2
      vertex -6.5 -11.2583 5.6
      vertex -5.49404 -11.782 5.6
    endloop
  endfacet
  facet normal 0.46177 0.887 0
    outer loop
      vertex -5.49404 -11.782 2
      vertex -6.5 -11.2583 2
      vertex -6.5 -11.2583 5.6
    endloop
  endfacet
  facet normal 0.46177 0.887 -0
    outer loop
      vertex -5.49404 -11.782 0
      vertex -6.5 -11.2583 2
      vertex -5.49404 -11.782 2
    endloop
  endfacet
  facet normal 0.46177 0.887 0
    outer loop
      vertex -6.5 -11.2583 2
      vertex -5.49404 -11.782 0
      vertex -6.5 -11.2583 0
    endloop
  endfacet
  facet normal 0.46177 -0.887 0
    outer loop
      vertex -6.5 11.2583 2
      vertex -5.49404 11.782 5.6
      vertex -6.5 11.2583 5.6
    endloop
  endfacet
  facet normal 0.46177 -0.887 0
    outer loop
      vertex -6.5 11.2583 2
      vertex -5.49404 11.782 2
      vertex -5.49404 11.782 5.6
    endloop
  endfacet
  facet normal 0.46177 -0.887 0
    outer loop
      vertex -6.5 11.2583 0
      vertex -5.49404 11.782 2
      vertex -6.5 11.2583 2
    endloop
  endfacet
  facet normal 0.46177 -0.887 0
    outer loop
      vertex -5.49404 11.782 2
      vertex -6.5 11.2583 0
      vertex -5.49404 11.782 0
    endloop
  endfacet
  facet normal 0.991443 -0.130541 0
    outer loop
      vertex 16.7417 -2.95202 5.6
      vertex 16.9353 -1.48165 2
      vertex 16.9353 -1.48165 5.6
    endloop
  endfacet
  facet normal 0.991443 -0.130541 0
    outer loop
      vertex 16.9353 -1.48165 2
      vertex 16.7417 -2.95202 5.6
      vertex 16.7417 -2.95202 2
    endloop
  endfacet
  facet normal 0.999048 -0.043626 0
    outer loop
      vertex 16.9353 -1.48165 5.6
      vertex 17 0 2
      vertex 17 0 5.6
    endloop
  endfacet
  facet normal 0.999048 -0.043626 0
    outer loop
      vertex 17 0 2
      vertex 16.9353 -1.48165 5.6
      vertex 16.9353 -1.48165 2
    endloop
  endfacet
  facet normal 0.976295 -0.216445 0
    outer loop
      vertex 16.4207 -4.39992 5.6
      vertex 16.7417 -2.95202 2
      vertex 16.7417 -2.95202 5.6
    endloop
  endfacet
  facet normal 0.976295 -0.216445 0
    outer loop
      vertex 16.7417 -2.95202 2
      vertex 16.4207 -4.39992 5.6
      vertex 16.4207 -4.39992 2
    endloop
  endfacet
  facet normal 0.216445 0.976295 -0
    outer loop
      vertex 4.39992 16.4207 2
      vertex 2.95202 16.7417 5.6
      vertex 4.39992 16.4207 5.6
    endloop
  endfacet
  facet normal 0.216445 0.976295 0
    outer loop
      vertex 2.95202 16.7417 5.6
      vertex 4.39992 16.4207 2
      vertex 2.95202 16.7417 2
    endloop
  endfacet
  facet normal -0.976295 0.216445 0
    outer loop
      vertex -16.7417 2.95202 2
      vertex -16.4207 4.39992 5.6
      vertex -16.4207 4.39992 2
    endloop
  endfacet
  facet normal -0.976295 0.216445 0
    outer loop
      vertex -16.4207 4.39992 5.6
      vertex -16.7417 2.95202 2
      vertex -16.7417 2.95202 5.6
    endloop
  endfacet
  facet normal -0.216445 -0.976295 0
    outer loop
      vertex -4.39992 -16.4207 2
      vertex -2.95202 -16.7417 5.6
      vertex -4.39992 -16.4207 5.6
    endloop
  endfacet
  facet normal -0.216445 -0.976295 -0
    outer loop
      vertex -2.95202 -16.7417 5.6
      vertex -4.39992 -16.4207 2
      vertex -2.95202 -16.7417 2
    endloop
  endfacet
  facet normal -0.887011 0.461748 0
    outer loop
      vertex -15.4072 7.18451 2
      vertex -14.7224 8.5 5.6
      vertex -14.7224 8.5 2
    endloop
  endfacet
  facet normal -0.887011 0.461748 0
    outer loop
      vertex -14.7224 8.5 5.6
      vertex -15.4072 7.18451 2
      vertex -15.4072 7.18451 5.6
    endloop
  endfacet
  facet normal -0.887011 -0.461748 0
    outer loop
      vertex -14.7224 -8.5 2
      vertex -15.4072 -7.18451 5.6
      vertex -15.4072 -7.18451 2
    endloop
  endfacet
  facet normal -0.887011 -0.461748 0
    outer loop
      vertex -15.4072 -7.18451 5.6
      vertex -14.7224 -8.5 2
      vertex -14.7224 -8.5 5.6
    endloop
  endfacet
  facet normal -0.537277 0.843406 0
    outer loop
      vertex -8.5 14.7224 2
      vertex -9.7508 13.9256 5.6
      vertex -8.5 14.7224 5.6
    endloop
  endfacet
  facet normal -0.537277 0.843406 0
    outer loop
      vertex -9.7508 13.9256 5.6
      vertex -8.5 14.7224 2
      vertex -9.7508 13.9256 2
    endloop
  endfacet
  facet normal -0.537277 -0.843406 0
    outer loop
      vertex -9.7508 -13.9256 2
      vertex -8.5 -14.7224 5.6
      vertex -9.7508 -13.9256 5.6
    endloop
  endfacet
  facet normal -0.537277 -0.843406 -0
    outer loop
      vertex -8.5 -14.7224 5.6
      vertex -9.7508 -13.9256 2
      vertex -8.5 -14.7224 2
    endloop
  endfacet
  facet normal 0.130541 0.991443 -0
    outer loop
      vertex 2.95202 16.7417 2
      vertex 1.48165 16.9353 5.6
      vertex 2.95202 16.7417 5.6
    endloop
  endfacet
  facet normal 0.130541 0.991443 0
    outer loop
      vertex 1.48165 16.9353 5.6
      vertex 2.95202 16.7417 2
      vertex 1.48165 16.9353 2
    endloop
  endfacet
  facet normal -0.737249 -0.675621 0
    outer loop
      vertex -12.0208 -12.0208 2
      vertex -13.0228 -10.9274 5.6
      vertex -13.0228 -10.9274 2
    endloop
  endfacet
  facet normal -0.737249 -0.675621 0
    outer loop
      vertex -13.0228 -10.9274 5.6
      vertex -12.0208 -12.0208 2
      vertex -12.0208 -12.0208 5.6
    endloop
  endfacet
  facet normal 0.675621 -0.737249 0
    outer loop
      vertex 10.9274 -13.0228 2
      vertex 12.0208 -12.0208 5.6
      vertex 10.9274 -13.0228 5.6
    endloop
  endfacet
  facet normal 0.675621 -0.737249 0
    outer loop
      vertex 12.0208 -12.0208 5.6
      vertex 10.9274 -13.0228 2
      vertex 12.0208 -12.0208 2
    endloop
  endfacet
  facet normal -0.923866 0.382716 0
    outer loop
      vertex -15.9748 5.81434 2
      vertex -15.4072 7.18451 5.6
      vertex -15.4072 7.18451 2
    endloop
  endfacet
  facet normal -0.923866 0.382716 0
    outer loop
      vertex -15.4072 7.18451 5.6
      vertex -15.9748 5.81434 2
      vertex -15.9748 5.81434 5.6
    endloop
  endfacet
  facet normal 0.737249 0.675621 0
    outer loop
      vertex 13.0228 10.9274 5.6
      vertex 12.0208 12.0208 2
      vertex 12.0208 12.0208 5.6
    endloop
  endfacet
  facet normal 0.737249 0.675621 0
    outer loop
      vertex 12.0208 12.0208 2
      vertex 13.0228 10.9274 5.6
      vertex 13.0228 10.9274 2
    endloop
  endfacet
  facet normal 0.843406 -0.537277 0
    outer loop
      vertex 13.9256 -9.7508 5.6
      vertex 14.7224 -8.5 2
      vertex 14.7224 -8.5 5.6
    endloop
  endfacet
  facet normal 0.843406 -0.537277 0
    outer loop
      vertex 14.7224 -8.5 2
      vertex 13.9256 -9.7508 5.6
      vertex 13.9256 -9.7508 2
    endloop
  endfacet
  facet normal 0.887011 -0.461748 0
    outer loop
      vertex 14.7224 -8.5 5.6
      vertex 15.4072 -7.18451 2
      vertex 15.4072 -7.18451 5.6
    endloop
  endfacet
  facet normal 0.887011 -0.461748 0
    outer loop
      vertex 15.4072 -7.18451 2
      vertex 14.7224 -8.5 5.6
      vertex 14.7224 -8.5 2
    endloop
  endfacet
  facet normal 0.382716 -0.923866 0
    outer loop
      vertex 5.81434 -15.9748 2
      vertex 7.18451 -15.4072 5.6
      vertex 5.81434 -15.9748 5.6
    endloop
  endfacet
  facet normal 0.382716 -0.923866 0
    outer loop
      vertex 7.18451 -15.4072 5.6
      vertex 5.81434 -15.9748 2
      vertex 7.18451 -15.4072 2
    endloop
  endfacet
  facet normal 0.793365 0.608746 0
    outer loop
      vertex 13.9256 9.7508 5.6
      vertex 13.0228 10.9274 2
      vertex 13.0228 10.9274 5.6
    endloop
  endfacet
  facet normal 0.793365 0.608746 0
    outer loop
      vertex 13.0228 10.9274 2
      vertex 13.9256 9.7508 5.6
      vertex 13.9256 9.7508 2
    endloop
  endfacet
  facet normal 0.976295 0.216445 0
    outer loop
      vertex 16.7417 2.95202 5.6
      vertex 16.4207 4.39992 2
      vertex 16.4207 4.39992 5.6
    endloop
  endfacet
  facet normal 0.976295 0.216445 0
    outer loop
      vertex 16.4207 4.39992 2
      vertex 16.7417 2.95202 5.6
      vertex 16.7417 2.95202 2
    endloop
  endfacet
  facet normal -0.793365 0.608746 0
    outer loop
      vertex -13.9256 9.7508 2
      vertex -13.0228 10.9274 5.6
      vertex -13.0228 10.9274 2
    endloop
  endfacet
  facet normal -0.793365 0.608746 0
    outer loop
      vertex -13.0228 10.9274 5.6
      vertex -13.9256 9.7508 2
      vertex -13.9256 9.7508 5.6
    endloop
  endfacet
  facet normal 0.537277 -0.843406 0
    outer loop
      vertex 8.5 -14.7224 2
      vertex 9.7508 -13.9256 5.6
      vertex 8.5 -14.7224 5.6
    endloop
  endfacet
  facet normal 0.537277 -0.843406 0
    outer loop
      vertex 9.7508 -13.9256 5.6
      vertex 8.5 -14.7224 2
      vertex 9.7508 -13.9256 2
    endloop
  endfacet
  facet normal 0.608746 -0.793365 0
    outer loop
      vertex 9.7508 -13.9256 2
      vertex 10.9274 -13.0228 5.6
      vertex 9.7508 -13.9256 5.6
    endloop
  endfacet
  facet normal 0.608746 -0.793365 0
    outer loop
      vertex 10.9274 -13.0228 5.6
      vertex 9.7508 -13.9256 2
      vertex 10.9274 -13.0228 2
    endloop
  endfacet
  facet normal -0.608746 -0.793365 0
    outer loop
      vertex -10.9274 -13.0228 2
      vertex -9.7508 -13.9256 5.6
      vertex -10.9274 -13.0228 5.6
    endloop
  endfacet
  facet normal -0.608746 -0.793365 -0
    outer loop
      vertex -9.7508 -13.9256 5.6
      vertex -10.9274 -13.0228 2
      vertex -9.7508 -13.9256 2
    endloop
  endfacet
  facet normal 0.95373 -0.300666 0
    outer loop
      vertex 15.9748 -5.81434 5.6
      vertex 16.4207 -4.39992 2
      vertex 16.4207 -4.39992 5.6
    endloop
  endfacet
  facet normal 0.95373 -0.300666 0
    outer loop
      vertex 16.4207 -4.39992 2
      vertex 15.9748 -5.81434 5.6
      vertex 15.9748 -5.81434 2
    endloop
  endfacet
  facet normal 0.923866 0.382716 0
    outer loop
      vertex 15.9748 5.81434 5.6
      vertex 15.4072 7.18451 2
      vertex 15.4072 7.18451 5.6
    endloop
  endfacet
  facet normal 0.923866 0.382716 0
    outer loop
      vertex 15.4072 7.18451 2
      vertex 15.9748 5.81434 5.6
      vertex 15.9748 5.81434 2
    endloop
  endfacet
  facet normal 0.461748 -0.887011 0
    outer loop
      vertex 7.18451 -15.4072 2
      vertex 8.5 -14.7224 5.6
      vertex 7.18451 -15.4072 5.6
    endloop
  endfacet
  facet normal 0.461748 -0.887011 0
    outer loop
      vertex 8.5 -14.7224 5.6
      vertex 7.18451 -15.4072 2
      vertex 8.5 -14.7224 2
    endloop
  endfacet
  facet normal -0.793365 -0.608746 0
    outer loop
      vertex -13.0228 -10.9274 2
      vertex -13.9256 -9.7508 5.6
      vertex -13.9256 -9.7508 2
    endloop
  endfacet
  facet normal -0.793365 -0.608746 0
    outer loop
      vertex -13.9256 -9.7508 5.6
      vertex -13.0228 -10.9274 2
      vertex -13.0228 -10.9274 5.6
    endloop
  endfacet
  facet normal -0.991443 -0.130541 0
    outer loop
      vertex -16.7417 -2.95202 2
      vertex -16.9353 -1.48165 5.6
      vertex -16.9353 -1.48165 2
    endloop
  endfacet
  facet normal -0.991443 -0.130541 0
    outer loop
      vertex -16.9353 -1.48165 5.6
      vertex -16.7417 -2.95202 2
      vertex -16.7417 -2.95202 5.6
    endloop
  endfacet
  facet normal -0.608746 0.793365 0
    outer loop
      vertex -9.7508 13.9256 2
      vertex -10.9274 13.0228 5.6
      vertex -9.7508 13.9256 5.6
    endloop
  endfacet
  facet normal -0.608746 0.793365 0
    outer loop
      vertex -10.9274 13.0228 5.6
      vertex -9.7508 13.9256 2
      vertex -10.9274 13.0228 2
    endloop
  endfacet
  facet normal 0.537277 0.843406 -0
    outer loop
      vertex 9.7508 13.9256 2
      vertex 8.5 14.7224 5.6
      vertex 9.7508 13.9256 5.6
    endloop
  endfacet
  facet normal 0.537277 0.843406 0
    outer loop
      vertex 8.5 14.7224 5.6
      vertex 9.7508 13.9256 2
      vertex 8.5 14.7224 2
    endloop
  endfacet
  facet normal 0.043626 -0.999048 0
    outer loop
      vertex 0 -17 2
      vertex 1.48165 -16.9353 5.6
      vertex 0 -17 5.6
    endloop
  endfacet
  facet normal 0.043626 -0.999048 0
    outer loop
      vertex 1.48165 -16.9353 5.6
      vertex 0 -17 2
      vertex 1.48165 -16.9353 2
    endloop
  endfacet
  facet normal 0.461748 0.887011 -0
    outer loop
      vertex 8.5 14.7224 2
      vertex 7.18451 15.4072 5.6
      vertex 8.5 14.7224 5.6
    endloop
  endfacet
  facet normal 0.461748 0.887011 0
    outer loop
      vertex 7.18451 15.4072 5.6
      vertex 8.5 14.7224 2
      vertex 7.18451 15.4072 2
    endloop
  endfacet
  facet normal -0.216445 0.976295 0
    outer loop
      vertex -2.95202 16.7417 2
      vertex -4.39992 16.4207 5.6
      vertex -2.95202 16.7417 5.6
    endloop
  endfacet
  facet normal -0.216445 0.976295 0
    outer loop
      vertex -4.39992 16.4207 5.6
      vertex -2.95202 16.7417 2
      vertex -4.39992 16.4207 2
    endloop
  endfacet
  facet normal 0.043626 0.999048 -0
    outer loop
      vertex 1.48165 16.9353 2
      vertex 0 17 5.6
      vertex 1.48165 16.9353 5.6
    endloop
  endfacet
  facet normal 0.043626 0.999048 0
    outer loop
      vertex 0 17 5.6
      vertex 1.48165 16.9353 2
      vertex 0 17 2
    endloop
  endfacet
  facet normal 0.95373 0.300666 0
    outer loop
      vertex 16.4207 4.39992 5.6
      vertex 15.9748 5.81434 2
      vertex 15.9748 5.81434 5.6
    endloop
  endfacet
  facet normal 0.95373 0.300666 0
    outer loop
      vertex 15.9748 5.81434 2
      vertex 16.4207 4.39992 5.6
      vertex 16.4207 4.39992 2
    endloop
  endfacet
  facet normal -0.999048 -0.043626 0
    outer loop
      vertex -16.9353 -1.48165 2
      vertex -17 0 5.6
      vertex -17 0 2
    endloop
  endfacet
  facet normal -0.999048 -0.043626 0
    outer loop
      vertex -17 0 5.6
      vertex -16.9353 -1.48165 2
      vertex -16.9353 -1.48165 5.6
    endloop
  endfacet
  facet normal -0.923866 -0.382716 0
    outer loop
      vertex -15.4072 -7.18451 2
      vertex -15.9748 -5.81434 5.6
      vertex -15.9748 -5.81434 2
    endloop
  endfacet
  facet normal -0.923866 -0.382716 0
    outer loop
      vertex -15.9748 -5.81434 5.6
      vertex -15.4072 -7.18451 2
      vertex -15.4072 -7.18451 5.6
    endloop
  endfacet
  facet normal -0.130541 -0.991443 0
    outer loop
      vertex -2.95202 -16.7417 2
      vertex -1.48165 -16.9353 5.6
      vertex -2.95202 -16.7417 5.6
    endloop
  endfacet
  facet normal -0.130541 -0.991443 -0
    outer loop
      vertex -1.48165 -16.9353 5.6
      vertex -2.95202 -16.7417 2
      vertex -1.48165 -16.9353 2
    endloop
  endfacet
  facet normal -0.130541 0.991443 0
    outer loop
      vertex -1.48165 16.9353 2
      vertex -2.95202 16.7417 5.6
      vertex -1.48165 16.9353 5.6
    endloop
  endfacet
  facet normal -0.130541 0.991443 0
    outer loop
      vertex -2.95202 16.7417 5.6
      vertex -1.48165 16.9353 2
      vertex -2.95202 16.7417 2
    endloop
  endfacet
  facet normal -0.461748 0.887011 0
    outer loop
      vertex -7.18451 15.4072 2
      vertex -8.5 14.7224 5.6
      vertex -7.18451 15.4072 5.6
    endloop
  endfacet
  facet normal -0.461748 0.887011 0
    outer loop
      vertex -8.5 14.7224 5.6
      vertex -7.18451 15.4072 2
      vertex -8.5 14.7224 2
    endloop
  endfacet
  facet normal -0.95373 0.300666 0
    outer loop
      vertex -16.4207 4.39992 2
      vertex -15.9748 5.81434 5.6
      vertex -15.9748 5.81434 2
    endloop
  endfacet
  facet normal -0.95373 0.300666 0
    outer loop
      vertex -15.9748 5.81434 5.6
      vertex -16.4207 4.39992 2
      vertex -16.4207 4.39992 5.6
    endloop
  endfacet
  facet normal 0.923866 -0.382716 0
    outer loop
      vertex 15.4072 -7.18451 5.6
      vertex 15.9748 -5.81434 2
      vertex 15.9748 -5.81434 5.6
    endloop
  endfacet
  facet normal 0.923866 -0.382716 0
    outer loop
      vertex 15.9748 -5.81434 2
      vertex 15.4072 -7.18451 5.6
      vertex 15.4072 -7.18451 2
    endloop
  endfacet
  facet normal 0.999048 0.043626 0
    outer loop
      vertex 17 0 5.6
      vertex 16.9353 1.48165 2
      vertex 16.9353 1.48165 5.6
    endloop
  endfacet
  facet normal 0.999048 0.043626 0
    outer loop
      vertex 16.9353 1.48165 2
      vertex 17 0 5.6
      vertex 17 0 2
    endloop
  endfacet
  facet normal -0.976295 -0.216445 0
    outer loop
      vertex -16.4207 -4.39992 2
      vertex -16.7417 -2.95202 5.6
      vertex -16.7417 -2.95202 2
    endloop
  endfacet
  facet normal -0.976295 -0.216445 0
    outer loop
      vertex -16.7417 -2.95202 5.6
      vertex -16.4207 -4.39992 2
      vertex -16.4207 -4.39992 5.6
    endloop
  endfacet
  facet normal 0.991443 0.130541 0
    outer loop
      vertex 16.9353 1.48165 5.6
      vertex 16.7417 2.95202 2
      vertex 16.7417 2.95202 5.6
    endloop
  endfacet
  facet normal 0.991443 0.130541 0
    outer loop
      vertex 16.7417 2.95202 2
      vertex 16.9353 1.48165 5.6
      vertex 16.9353 1.48165 2
    endloop
  endfacet
  facet normal -0.675621 -0.737249 0
    outer loop
      vertex -12.0208 -12.0208 2
      vertex -10.9274 -13.0228 5.6
      vertex -12.0208 -12.0208 5.6
    endloop
  endfacet
  facet normal -0.675621 -0.737249 -0
    outer loop
      vertex -10.9274 -13.0228 5.6
      vertex -12.0208 -12.0208 2
      vertex -10.9274 -13.0228 2
    endloop
  endfacet
  facet normal -0.382716 -0.923866 0
    outer loop
      vertex -7.18451 -15.4072 2
      vertex -5.81434 -15.9748 5.6
      vertex -7.18451 -15.4072 5.6
    endloop
  endfacet
  facet normal -0.382716 -0.923866 -0
    outer loop
      vertex -5.81434 -15.9748 5.6
      vertex -7.18451 -15.4072 2
      vertex -5.81434 -15.9748 2
    endloop
  endfacet
  facet normal -0.999048 0.043626 0
    outer loop
      vertex -17 0 2
      vertex -16.9353 1.48165 5.6
      vertex -16.9353 1.48165 2
    endloop
  endfacet
  facet normal -0.999048 0.043626 0
    outer loop
      vertex -16.9353 1.48165 5.6
      vertex -17 0 2
      vertex -17 0 5.6
    endloop
  endfacet
  facet normal 0.608746 0.793365 -0
    outer loop
      vertex 10.9274 13.0228 2
      vertex 9.7508 13.9256 5.6
      vertex 10.9274 13.0228 5.6
    endloop
  endfacet
  facet normal 0.608746 0.793365 0
    outer loop
      vertex 9.7508 13.9256 5.6
      vertex 10.9274 13.0228 2
      vertex 9.7508 13.9256 2
    endloop
  endfacet
  facet normal -0.043626 -0.999048 0
    outer loop
      vertex -1.48165 -16.9353 2
      vertex 0 -17 5.6
      vertex -1.48165 -16.9353 5.6
    endloop
  endfacet
  facet normal -0.043626 -0.999048 -0
    outer loop
      vertex 0 -17 5.6
      vertex -1.48165 -16.9353 2
      vertex 0 -17 2
    endloop
  endfacet
  facet normal 0.130541 -0.991443 0
    outer loop
      vertex 1.48165 -16.9353 2
      vertex 2.95202 -16.7417 5.6
      vertex 1.48165 -16.9353 5.6
    endloop
  endfacet
  facet normal 0.130541 -0.991443 0
    outer loop
      vertex 2.95202 -16.7417 5.6
      vertex 1.48165 -16.9353 2
      vertex 2.95202 -16.7417 2
    endloop
  endfacet
  facet normal 0.382716 0.923866 -0
    outer loop
      vertex 7.18451 15.4072 2
      vertex 5.81434 15.9748 5.6
      vertex 7.18451 15.4072 5.6
    endloop
  endfacet
  facet normal 0.382716 0.923866 0
    outer loop
      vertex 5.81434 15.9748 5.6
      vertex 7.18451 15.4072 2
      vertex 5.81434 15.9748 2
    endloop
  endfacet
  facet normal -0.95373 -0.300666 0
    outer loop
      vertex -15.9748 -5.81434 2
      vertex -16.4207 -4.39992 5.6
      vertex -16.4207 -4.39992 2
    endloop
  endfacet
  facet normal -0.95373 -0.300666 0
    outer loop
      vertex -16.4207 -4.39992 5.6
      vertex -15.9748 -5.81434 2
      vertex -15.9748 -5.81434 5.6
    endloop
  endfacet
  facet normal -0.461748 -0.887011 0
    outer loop
      vertex -8.5 -14.7224 2
      vertex -7.18451 -15.4072 5.6
      vertex -8.5 -14.7224 5.6
    endloop
  endfacet
  facet normal -0.461748 -0.887011 -0
    outer loop
      vertex -7.18451 -15.4072 5.6
      vertex -8.5 -14.7224 2
      vertex -7.18451 -15.4072 2
    endloop
  endfacet
  facet normal -0.737249 0.675621 0
    outer loop
      vertex -13.0228 10.9274 2
      vertex -12.0208 12.0208 5.6
      vertex -12.0208 12.0208 2
    endloop
  endfacet
  facet normal -0.737249 0.675621 0
    outer loop
      vertex -12.0208 12.0208 5.6
      vertex -13.0228 10.9274 2
      vertex -13.0228 10.9274 5.6
    endloop
  endfacet
  facet normal 0.737249 -0.675621 0
    outer loop
      vertex 12.0208 -12.0208 5.6
      vertex 13.0228 -10.9274 2
      vertex 13.0228 -10.9274 5.6
    endloop
  endfacet
  facet normal 0.737249 -0.675621 0
    outer loop
      vertex 13.0228 -10.9274 2
      vertex 12.0208 -12.0208 5.6
      vertex 12.0208 -12.0208 2
    endloop
  endfacet
  facet normal -0.991443 0.130541 0
    outer loop
      vertex -16.9353 1.48165 2
      vertex -16.7417 2.95202 5.6
      vertex -16.7417 2.95202 2
    endloop
  endfacet
  facet normal -0.991443 0.130541 0
    outer loop
      vertex -16.7417 2.95202 5.6
      vertex -16.9353 1.48165 2
      vertex -16.9353 1.48165 5.6
    endloop
  endfacet
  facet normal 0.216445 -0.976295 0
    outer loop
      vertex 2.95202 -16.7417 2
      vertex 4.39992 -16.4207 5.6
      vertex 2.95202 -16.7417 5.6
    endloop
  endfacet
  facet normal 0.216445 -0.976295 0
    outer loop
      vertex 4.39992 -16.4207 5.6
      vertex 2.95202 -16.7417 2
      vertex 4.39992 -16.4207 2
    endloop
  endfacet
  facet normal 0.843406 0.537277 0
    outer loop
      vertex 14.7224 8.5 5.6
      vertex 13.9256 9.7508 2
      vertex 13.9256 9.7508 5.6
    endloop
  endfacet
  facet normal 0.843406 0.537277 0
    outer loop
      vertex 13.9256 9.7508 2
      vertex 14.7224 8.5 5.6
      vertex 14.7224 8.5 2
    endloop
  endfacet
  facet normal 0.887011 0.461748 0
    outer loop
      vertex 15.4072 7.18451 5.6
      vertex 14.7224 8.5 2
      vertex 14.7224 8.5 5.6
    endloop
  endfacet
  facet normal 0.887011 0.461748 0
    outer loop
      vertex 14.7224 8.5 2
      vertex 15.4072 7.18451 5.6
      vertex 15.4072 7.18451 2
    endloop
  endfacet
  facet normal 0 0 1
    outer loop
      vertex 13 0 5.6
      vertex 17 0 5.6
      vertex 16.9353 1.48165 5.6
    endloop
  endfacet
  facet normal 0 0 1
    outer loop
      vertex 12.9505 1.13302 5.6
      vertex 16.9353 1.48165 5.6
      vertex 16.7417 2.95202 5.6
    endloop
  endfacet
  facet normal 0 0 1
    outer loop
      vertex 17 0 5.6
      vertex 13 0 5.6
      vertex 16.9353 -1.48165 5.6
    endloop
  endfacet
  facet normal 0 0 1
    outer loop
      vertex 12.8025 2.25743 5.6
      vertex 16.7417 2.95202 5.6
      vertex 16.4207 4.39992 5.6
    endloop
  endfacet
  facet normal -0 0 1
    outer loop
      vertex 12.9505 -1.13302 5.6
      vertex 16.9353 -1.48165 5.6
      vertex 13 0 5.6
    endloop
  endfacet
  facet normal 0 0 1
    outer loop
      vertex 12.557 3.36465 5.6
      vertex 16.4207 4.39992 5.6
      vertex 15.9748 5.81434 5.6
    endloop
  endfacet
  facet normal 0 0 1
    outer loop
      vertex 16.9353 -1.48165 5.6
      vertex 12.9505 -1.13302 5.6
      vertex 16.7417 -2.95202 5.6
    endloop
  endfacet
  facet normal 0 0 1
    outer loop
      vertex 12.216 4.44626 5.6
      vertex 15.9748 5.81434 5.6
      vertex 15.4072 7.18451 5.6
    endloop
  endfacet
  facet normal -0 0 1
    outer loop
      vertex 12.8025 -2.25743 5.6
      vertex 16.7417 -2.95202 5.6
      vertex 12.9505 -1.13302 5.6
    endloop
  endfacet
  facet normal 0 0 1
    outer loop
      vertex 11.782 5.49404 5.6
      vertex 15.4072 7.18451 5.6
      vertex 14.7224 8.5 5.6
    endloop
  endfacet
  facet normal 0 0 1
    outer loop
      vertex 16.7417 -2.95202 5.6
      vertex 12.8025 -2.25743 5.6
      vertex 16.4207 -4.39992 5.6
    endloop
  endfacet
  facet normal 0 0 1
    outer loop
      vertex 11.2583 6.5 5.6
      vertex 14.7224 8.5 5.6
      vertex 13.9256 9.7508 5.6
    endloop
  endfacet
  facet normal -0 0 1
    outer loop
      vertex 12.557 -3.36465 5.6
      vertex 16.4207 -4.39992 5.6
      vertex 12.8025 -2.25743 5.6
    endloop
  endfacet
  facet normal 0 0 1
    outer loop
      vertex 10.649 7.45649 5.6
      vertex 13.9256 9.7508 5.6
      vertex 13.0228 10.9274 5.6
    endloop
  endfacet
  facet normal 0 0 1
    outer loop
      vertex 16.4207 -4.39992 5.6
      vertex 12.557 -3.36465 5.6
      vertex 15.9748 -5.81434 5.6
    endloop
  endfacet
  facet normal -0 0 1
    outer loop
      vertex 12.216 -4.44626 5.6
      vertex 15.9748 -5.81434 5.6
      vertex 12.557 -3.36465 5.6
    endloop
  endfacet
  facet normal 0 0 1
    outer loop
      vertex 16.9353 1.48165 5.6
      vertex 12.9505 1.13302 5.6
      vertex 13 0 5.6
    endloop
  endfacet
  facet normal 0 0 1
    outer loop
      vertex 16.7417 2.95202 5.6
      vertex 12.8025 2.25743 5.6
      vertex 12.9505 1.13302 5.6
    endloop
  endfacet
  facet normal 0 0 1
    outer loop
      vertex 16.4207 4.39992 5.6
      vertex 12.557 3.36465 5.6
      vertex 12.8025 2.25743 5.6
    endloop
  endfacet
  facet normal 0 0 1
    outer loop
      vertex 15.9748 5.81434 5.6
      vertex 12.216 4.44626 5.6
      vertex 12.557 3.36465 5.6
    endloop
  endfacet
  facet normal 0 0 1
    outer loop
      vertex 9.95858 8.35624 5.6
      vertex 13.0228 10.9274 5.6
      vertex 12.0208 12.0208 5.6
    endloop
  endfacet
  facet normal 0 0 1
    outer loop
      vertex 15.4072 7.18451 5.6
      vertex 11.782 5.49404 5.6
      vertex 12.216 4.44626 5.6
    endloop
  endfacet
  facet normal 0 0 1
    outer loop
      vertex 14.7224 8.5 5.6
      vertex 11.2583 6.5 5.6
      vertex 11.782 5.49404 5.6
    endloop
  endfacet
  facet normal 0 0 1
    outer loop
      vertex 9.19239 9.19239 5.6
      vertex 12.0208 12.0208 5.6
      vertex 10.9274 13.0228 5.6
    endloop
  endfacet
  facet normal 0 0 1
    outer loop
      vertex 13.9256 9.7508 5.6
      vertex 10.649 7.45649 5.6
      vertex 11.2583 6.5 5.6
    endloop
  endfacet
  facet normal 0 0 1
    outer loop
      vertex 13.0228 10.9274 5.6
      vertex 9.95858 8.35624 5.6
      vertex 10.649 7.45649 5.6
    endloop
  endfacet
  facet normal 0 0 1
    outer loop
      vertex 8.35624 9.95858 5.6
      vertex 10.9274 13.0228 5.6
      vertex 9.7508 13.9256 5.6
    endloop
  endfacet
  facet normal 0 0 1
    outer loop
      vertex 12.0208 12.0208 5.6
      vertex 9.19239 9.19239 5.6
      vertex 9.95858 8.35624 5.6
    endloop
  endfacet
  facet normal 0 0 1
    outer loop
      vertex 7.45649 10.649 5.6
      vertex 9.7508 13.9256 5.6
      vertex 8.5 14.7224 5.6
    endloop
  endfacet
  facet normal 0 0 1
    outer loop
      vertex 10.9274 13.0228 5.6
      vertex 8.35624 9.95858 5.6
      vertex 9.19239 9.19239 5.6
    endloop
  endfacet
  facet normal 0 0 1
    outer loop
      vertex 9.7508 13.9256 5.6
      vertex 7.45649 10.649 5.6
      vertex 8.35624 9.95858 5.6
    endloop
  endfacet
  facet normal 0 0 1
    outer loop
      vertex 6.5 11.2583 5.6
      vertex 8.5 14.7224 5.6
      vertex 7.18451 15.4072 5.6
    endloop
  endfacet
  facet normal 0 0 1
    outer loop
      vertex 8.5 14.7224 5.6
      vertex 6.5 11.2583 5.6
      vertex 7.45649 10.649 5.6
    endloop
  endfacet
  facet normal 0 0 1
    outer loop
      vertex 5.49404 11.782 5.6
      vertex 7.18451 15.4072 5.6
      vertex 5.81434 15.9748 5.6
    endloop
  endfacet
  facet normal 0 0 1
    outer loop
      vertex 7.18451 15.4072 5.6
      vertex 5.49404 11.782 5.6
      vertex 6.5 11.2583 5.6
    endloop
  endfacet
  facet normal 0 0 1
    outer loop
      vertex 5.81434 15.9748 5.6
      vertex 4.44626 12.216 5.6
      vertex 5.49404 11.782 5.6
    endloop
  endfacet
  facet normal 0 0 1
    outer loop
      vertex 4.39992 16.4207 5.6
      vertex 4.44626 12.216 5.6
      vertex 5.81434 15.9748 5.6
    endloop
  endfacet
  facet normal 0 0 1
    outer loop
      vertex 4.39992 16.4207 5.6
      vertex 3.36465 12.557 5.6
      vertex 4.44626 12.216 5.6
    endloop
  endfacet
  facet normal 0 0 1
    outer loop
      vertex 2.95202 16.7417 5.6
      vertex 3.36465 12.557 5.6
      vertex 4.39992 16.4207 5.6
    endloop
  endfacet
  facet normal 0 0 1
    outer loop
      vertex 2.95202 16.7417 5.6
      vertex 2.25743 12.8025 5.6
      vertex 3.36465 12.557 5.6
    endloop
  endfacet
  facet normal 0 0 1
    outer loop
      vertex 1.48165 16.9353 5.6
      vertex 2.25743 12.8025 5.6
      vertex 2.95202 16.7417 5.6
    endloop
  endfacet
  facet normal 0 0 1
    outer loop
      vertex 1.48165 16.9353 5.6
      vertex 1.13302 12.9505 5.6
      vertex 2.25743 12.8025 5.6
    endloop
  endfacet
  facet normal 0 0 1
    outer loop
      vertex 0 17 5.6
      vertex 1.13302 12.9505 5.6
      vertex 1.48165 16.9353 5.6
    endloop
  endfacet
  facet normal 0 0 1
    outer loop
      vertex 0 17 5.6
      vertex 0 13 5.6
      vertex 1.13302 12.9505 5.6
    endloop
  endfacet
  facet normal 0 0 1
    outer loop
      vertex 0 17 5.6
      vertex -1.13302 12.9505 5.6
      vertex 0 13 5.6
    endloop
  endfacet
  facet normal -0 0 1
    outer loop
      vertex -1.48165 16.9353 5.6
      vertex -1.13302 12.9505 5.6
      vertex 0 17 5.6
    endloop
  endfacet
  facet normal 0 0 1
    outer loop
      vertex -1.48165 16.9353 5.6
      vertex -2.25743 12.8025 5.6
      vertex -1.13302 12.9505 5.6
    endloop
  endfacet
  facet normal -0 0 1
    outer loop
      vertex -2.95202 16.7417 5.6
      vertex -2.25743 12.8025 5.6
      vertex -1.48165 16.9353 5.6
    endloop
  endfacet
  facet normal 0 0 1
    outer loop
      vertex -2.95202 16.7417 5.6
      vertex -3.36465 12.557 5.6
      vertex -2.25743 12.8025 5.6
    endloop
  endfacet
  facet normal -0 0 1
    outer loop
      vertex -4.39992 16.4207 5.6
      vertex -3.36465 12.557 5.6
      vertex -2.95202 16.7417 5.6
    endloop
  endfacet
  facet normal 0 0 1
    outer loop
      vertex -4.39992 16.4207 5.6
      vertex -4.44626 12.216 5.6
      vertex -3.36465 12.557 5.6
    endloop
  endfacet
  facet normal -0 0 1
    outer loop
      vertex -5.81434 15.9748 5.6
      vertex -4.44626 12.216 5.6
      vertex -4.39992 16.4207 5.6
    endloop
  endfacet
  facet normal 0 0 1
    outer loop
      vertex -4.44626 12.216 5.6
      vertex -5.81434 15.9748 5.6
      vertex -5.49404 11.782 5.6
    endloop
  endfacet
  facet normal -0 0 1
    outer loop
      vertex -7.18451 15.4072 5.6
      vertex -5.49404 11.782 5.6
      vertex -5.81434 15.9748 5.6
    endloop
  endfacet
  facet normal 0 0 1
    outer loop
      vertex -5.49404 11.782 5.6
      vertex -7.18451 15.4072 5.6
      vertex -6.5 11.2583 5.6
    endloop
  endfacet
  facet normal -0 0 1
    outer loop
      vertex -8.5 14.7224 5.6
      vertex -6.5 11.2583 5.6
      vertex -7.18451 15.4072 5.6
    endloop
  endfacet
  facet normal 0 0 1
    outer loop
      vertex -6.5 11.2583 5.6
      vertex -8.5 14.7224 5.6
      vertex -7.45649 10.649 5.6
    endloop
  endfacet
  facet normal -0 0 1
    outer loop
      vertex -9.7508 13.9256 5.6
      vertex -7.45649 10.649 5.6
      vertex -8.5 14.7224 5.6
    endloop
  endfacet
  facet normal 0 0 1
    outer loop
      vertex -7.45649 10.649 5.6
      vertex -9.7508 13.9256 5.6
      vertex -8.35624 9.95858 5.6
    endloop
  endfacet
  facet normal -0 0 1
    outer loop
      vertex -10.9274 13.0228 5.6
      vertex -8.35624 9.95858 5.6
      vertex -9.7508 13.9256 5.6
    endloop
  endfacet
  facet normal 0 0 1
    outer loop
      vertex -8.35624 9.95858 5.6
      vertex -10.9274 13.0228 5.6
      vertex -9.19239 9.19239 5.6
    endloop
  endfacet
  facet normal -0 0 1
    outer loop
      vertex -12.0208 12.0208 5.6
      vertex -9.19239 9.19239 5.6
      vertex -10.9274 13.0228 5.6
    endloop
  endfacet
  facet normal 0 0 1
    outer loop
      vertex -9.19239 9.19239 5.6
      vertex -12.0208 12.0208 5.6
      vertex -9.95858 8.35624 5.6
    endloop
  endfacet
  facet normal -0 0 1
    outer loop
      vertex -13.0228 10.9274 5.6
      vertex -9.95858 8.35624 5.6
      vertex -12.0208 12.0208 5.6
    endloop
  endfacet
  facet normal 0 0 1
    outer loop
      vertex -9.95858 8.35624 5.6
      vertex -13.0228 10.9274 5.6
      vertex -10.649 7.45649 5.6
    endloop
  endfacet
  facet normal -0 0 1
    outer loop
      vertex -13.9256 9.7508 5.6
      vertex -10.649 7.45649 5.6
      vertex -13.0228 10.9274 5.6
    endloop
  endfacet
  facet normal 0 0 1
    outer loop
      vertex -10.649 7.45649 5.6
      vertex -13.9256 9.7508 5.6
      vertex -11.2583 6.5 5.6
    endloop
  endfacet
  facet normal -0 0 1
    outer loop
      vertex -14.7224 8.5 5.6
      vertex -11.2583 6.5 5.6
      vertex -13.9256 9.7508 5.6
    endloop
  endfacet
  facet normal 0 0 1
    outer loop
      vertex -11.2583 6.5 5.6
      vertex -14.7224 8.5 5.6
      vertex -11.782 5.49404 5.6
    endloop
  endfacet
  facet normal -0 0 1
    outer loop
      vertex -15.4072 7.18451 5.6
      vertex -11.782 5.49404 5.6
      vertex -14.7224 8.5 5.6
    endloop
  endfacet
  facet normal -0 0 1
    outer loop
      vertex -15.9748 5.81434 5.6
      vertex -12.216 4.44626 5.6
      vertex -15.4072 7.18451 5.6
    endloop
  endfacet
  facet normal 0 0 1
    outer loop
      vertex -11.782 5.49404 5.6
      vertex -15.4072 7.18451 5.6
      vertex -12.216 4.44626 5.6
    endloop
  endfacet
  facet normal 0 0 1
    outer loop
      vertex 15.9748 -5.81434 5.6
      vertex 12.216 -4.44626 5.6
      vertex 15.4072 -7.18451 5.6
    endloop
  endfacet
  facet normal -0 0 1
    outer loop
      vertex 11.782 -5.49404 5.6
      vertex 15.4072 -7.18451 5.6
      vertex 12.216 -4.44626 5.6
    endloop
  endfacet
  facet normal 0 0 1
    outer loop
      vertex 15.4072 -7.18451 5.6
      vertex 11.782 -5.49404 5.6
      vertex 14.7224 -8.5 5.6
    endloop
  endfacet
  facet normal -0 0 1
    outer loop
      vertex 11.2583 -6.5 5.6
      vertex 14.7224 -8.5 5.6
      vertex 11.782 -5.49404 5.6
    endloop
  endfacet
  facet normal 0 0 1
    outer loop
      vertex 14.7224 -8.5 5.6
      vertex 11.2583 -6.5 5.6
      vertex 13.9256 -9.7508 5.6
    endloop
  endfacet
  facet normal -0 0 1
    outer loop
      vertex 10.649 -7.45649 5.6
      vertex 13.9256 -9.7508 5.6
      vertex 11.2583 -6.5 5.6
    endloop
  endfacet
  facet normal 0 0 1
    outer loop
      vertex 13.9256 -9.7508 5.6
      vertex 10.649 -7.45649 5.6
      vertex 13.0228 -10.9274 5.6
    endloop
  endfacet
  facet normal -0 0 1
    outer loop
      vertex 9.95858 -8.35624 5.6
      vertex 13.0228 -10.9274 5.6
      vertex 10.649 -7.45649 5.6
    endloop
  endfacet
  facet normal 0 0 1
    outer loop
      vertex 13.0228 -10.9274 5.6
      vertex 9.95858 -8.35624 5.6
      vertex 12.0208 -12.0208 5.6
    endloop
  endfacet
  facet normal -0 0 1
    outer loop
      vertex 9.19239 -9.19239 5.6
      vertex 12.0208 -12.0208 5.6
      vertex 9.95858 -8.35624 5.6
    endloop
  endfacet
  facet normal 0 0 1
    outer loop
      vertex 12.0208 -12.0208 5.6
      vertex 9.19239 -9.19239 5.6
      vertex 10.9274 -13.0228 5.6
    endloop
  endfacet
  facet normal -0 0 1
    outer loop
      vertex 8.35624 -9.95858 5.6
      vertex 10.9274 -13.0228 5.6
      vertex 9.19239 -9.19239 5.6
    endloop
  endfacet
  facet normal 0 0 1
    outer loop
      vertex 10.9274 -13.0228 5.6
      vertex 8.35624 -9.95858 5.6
      vertex 9.7508 -13.9256 5.6
    endloop
  endfacet
  facet normal -0 0 1
    outer loop
      vertex 7.45649 -10.649 5.6
      vertex 9.7508 -13.9256 5.6
      vertex 8.35624 -9.95858 5.6
    endloop
  endfacet
  facet normal 0 0 1
    outer loop
      vertex 9.7508 -13.9256 5.6
      vertex 7.45649 -10.649 5.6
      vertex 8.5 -14.7224 5.6
    endloop
  endfacet
  facet normal -0 0 1
    outer loop
      vertex 6.5 -11.2583 5.6
      vertex 8.5 -14.7224 5.6
      vertex 7.45649 -10.649 5.6
    endloop
  endfacet
  facet normal 0 0 1
    outer loop
      vertex 8.5 -14.7224 5.6
      vertex 6.5 -11.2583 5.6
      vertex 7.18451 -15.4072 5.6
    endloop
  endfacet
  facet normal -0 0 1
    outer loop
      vertex 5.49404 -11.782 5.6
      vertex 7.18451 -15.4072 5.6
      vertex 6.5 -11.2583 5.6
    endloop
  endfacet
  facet normal 0 0 1
    outer loop
      vertex 7.18451 -15.4072 5.6
      vertex 5.49404 -11.782 5.6
      vertex 5.81434 -15.9748 5.6
    endloop
  endfacet
  facet normal -0 0 1
    outer loop
      vertex 4.44626 -12.216 5.6
      vertex 5.81434 -15.9748 5.6
      vertex 5.49404 -11.782 5.6
    endloop
  endfacet
  facet normal 0 0 1
    outer loop
      vertex 4.44626 -12.216 5.6
      vertex 4.39992 -16.4207 5.6
      vertex 5.81434 -15.9748 5.6
    endloop
  endfacet
  facet normal -0 0 1
    outer loop
      vertex 3.36465 -12.557 5.6
      vertex 4.39992 -16.4207 5.6
      vertex 4.44626 -12.216 5.6
    endloop
  endfacet
  facet normal 0 0 1
    outer loop
      vertex 3.36465 -12.557 5.6
      vertex 2.95202 -16.7417 5.6
      vertex 4.39992 -16.4207 5.6
    endloop
  endfacet
  facet normal -0 0 1
    outer loop
      vertex 2.25743 -12.8025 5.6
      vertex 2.95202 -16.7417 5.6
      vertex 3.36465 -12.557 5.6
    endloop
  endfacet
  facet normal 0 0 1
    outer loop
      vertex 2.25743 -12.8025 5.6
      vertex 1.48165 -16.9353 5.6
      vertex 2.95202 -16.7417 5.6
    endloop
  endfacet
  facet normal -0 0 1
    outer loop
      vertex 1.13302 -12.9505 5.6
      vertex 1.48165 -16.9353 5.6
      vertex 2.25743 -12.8025 5.6
    endloop
  endfacet
  facet normal -0 0 1
    outer loop
      vertex 0 -13 5.6
      vertex 1.48165 -16.9353 5.6
      vertex 1.13302 -12.9505 5.6
    endloop
  endfacet
  facet normal 0 0 1
    outer loop
      vertex 0 -13 5.6
      vertex 0 -17 5.6
      vertex 1.48165 -16.9353 5.6
    endloop
  endfacet
  facet normal 0 0 1
    outer loop
      vertex -1.13302 -12.9505 5.6
      vertex 0 -17 5.6
      vertex 0 -13 5.6
    endloop
  endfacet
  facet normal 0 0 1
    outer loop
      vertex -1.13302 -12.9505 5.6
      vertex -1.48165 -16.9353 5.6
      vertex 0 -17 5.6
    endloop
  endfacet
  facet normal 0 0 1
    outer loop
      vertex -2.25743 -12.8025 5.6
      vertex -1.48165 -16.9353 5.6
      vertex -1.13302 -12.9505 5.6
    endloop
  endfacet
  facet normal 0 0 1
    outer loop
      vertex -2.25743 -12.8025 5.6
      vertex -2.95202 -16.7417 5.6
      vertex -1.48165 -16.9353 5.6
    endloop
  endfacet
  facet normal 0 0 1
    outer loop
      vertex -3.36465 -12.557 5.6
      vertex -2.95202 -16.7417 5.6
      vertex -2.25743 -12.8025 5.6
    endloop
  endfacet
  facet normal 0 0 1
    outer loop
      vertex -3.36465 -12.557 5.6
      vertex -4.39992 -16.4207 5.6
      vertex -2.95202 -16.7417 5.6
    endloop
  endfacet
  facet normal 0 0 1
    outer loop
      vertex -4.44626 -12.216 5.6
      vertex -4.39992 -16.4207 5.6
      vertex -3.36465 -12.557 5.6
    endloop
  endfacet
  facet normal 0 0 1
    outer loop
      vertex -5.81434 -15.9748 5.6
      vertex -4.44626 -12.216 5.6
      vertex -5.49404 -11.782 5.6
    endloop
  endfacet
  facet normal 0 0 1
    outer loop
      vertex -4.44626 -12.216 5.6
      vertex -5.81434 -15.9748 5.6
      vertex -4.39992 -16.4207 5.6
    endloop
  endfacet
  facet normal 0 0 1
    outer loop
      vertex -7.18451 -15.4072 5.6
      vertex -5.49404 -11.782 5.6
      vertex -6.5 -11.2583 5.6
    endloop
  endfacet
  facet normal 0 0 1
    outer loop
      vertex -5.49404 -11.782 5.6
      vertex -7.18451 -15.4072 5.6
      vertex -5.81434 -15.9748 5.6
    endloop
  endfacet
  facet normal 0 0 1
    outer loop
      vertex -8.5 -14.7224 5.6
      vertex -6.5 -11.2583 5.6
      vertex -7.45649 -10.649 5.6
    endloop
  endfacet
  facet normal 0 0 1
    outer loop
      vertex -9.7508 -13.9256 5.6
      vertex -7.45649 -10.649 5.6
      vertex -8.35624 -9.95858 5.6
    endloop
  endfacet
  facet normal 0 0 1
    outer loop
      vertex -6.5 -11.2583 5.6
      vertex -8.5 -14.7224 5.6
      vertex -7.18451 -15.4072 5.6
    endloop
  endfacet
  facet normal 0 0 1
    outer loop
      vertex -10.9274 -13.0228 5.6
      vertex -8.35624 -9.95858 5.6
      vertex -9.19239 -9.19239 5.6
    endloop
  endfacet
  facet normal 0 0 1
    outer loop
      vertex -7.45649 -10.649 5.6
      vertex -9.7508 -13.9256 5.6
      vertex -8.5 -14.7224 5.6
    endloop
  endfacet
  facet normal 0 0 1
    outer loop
      vertex -12.0208 -12.0208 5.6
      vertex -9.19239 -9.19239 5.6
      vertex -9.95858 -8.35624 5.6
    endloop
  endfacet
  facet normal 0 0 1
    outer loop
      vertex -13.0228 -10.9274 5.6
      vertex -9.95858 -8.35624 5.6
      vertex -10.649 -7.45649 5.6
    endloop
  endfacet
  facet normal 0 0 1
    outer loop
      vertex -8.35624 -9.95858 5.6
      vertex -10.9274 -13.0228 5.6
      vertex -9.7508 -13.9256 5.6
    endloop
  endfacet
  facet normal 0 0 1
    outer loop
      vertex -13.9256 -9.7508 5.6
      vertex -10.649 -7.45649 5.6
      vertex -11.2583 -6.5 5.6
    endloop
  endfacet
  facet normal 0 0 1
    outer loop
      vertex -14.7224 -8.5 5.6
      vertex -11.2583 -6.5 5.6
      vertex -11.782 -5.49404 5.6
    endloop
  endfacet
  facet normal 0 0 1
    outer loop
      vertex -9.19239 -9.19239 5.6
      vertex -12.0208 -12.0208 5.6
      vertex -10.9274 -13.0228 5.6
    endloop
  endfacet
  facet normal 0 0 1
    outer loop
      vertex -15.4072 -7.18451 5.6
      vertex -11.782 -5.49404 5.6
      vertex -12.216 -4.44626 5.6
    endloop
  endfacet
  facet normal 0 0 1
    outer loop
      vertex -15.9748 -5.81434 5.6
      vertex -12.216 -4.44626 5.6
      vertex -12.557 -3.36465 5.6
    endloop
  endfacet
  facet normal 0 0 1
    outer loop
      vertex -16.4207 -4.39992 5.6
      vertex -12.557 -3.36465 5.6
      vertex -12.8025 -2.25743 5.6
    endloop
  endfacet
  facet normal 0 0 1
    outer loop
      vertex -16.7417 -2.95202 5.6
      vertex -12.8025 -2.25743 5.6
      vertex -12.9505 -1.13302 5.6
    endloop
  endfacet
  facet normal 0 0 1
    outer loop
      vertex -9.95858 -8.35624 5.6
      vertex -13.0228 -10.9274 5.6
      vertex -12.0208 -12.0208 5.6
    endloop
  endfacet
  facet normal 0 0 1
    outer loop
      vertex -16.9353 -1.48165 5.6
      vertex -12.9505 -1.13302 5.6
      vertex -13 0 5.6
    endloop
  endfacet
  facet normal 0 0 1
    outer loop
      vertex -12.216 4.44626 5.6
      vertex -15.9748 5.81434 5.6
      vertex -12.557 3.36465 5.6
    endloop
  endfacet
  facet normal -0 0 1
    outer loop
      vertex -16.4207 4.39992 5.6
      vertex -12.557 3.36465 5.6
      vertex -15.9748 5.81434 5.6
    endloop
  endfacet
  facet normal 0 0 1
    outer loop
      vertex -10.649 -7.45649 5.6
      vertex -13.9256 -9.7508 5.6
      vertex -13.0228 -10.9274 5.6
    endloop
  endfacet
  facet normal 0 0 1
    outer loop
      vertex -12.557 3.36465 5.6
      vertex -16.4207 4.39992 5.6
      vertex -12.8025 2.25743 5.6
    endloop
  endfacet
  facet normal 0 0 1
    outer loop
      vertex -11.2583 -6.5 5.6
      vertex -14.7224 -8.5 5.6
      vertex -13.9256 -9.7508 5.6
    endloop
  endfacet
  facet normal -0 0 1
    outer loop
      vertex -16.7417 2.95202 5.6
      vertex -12.8025 2.25743 5.6
      vertex -16.4207 4.39992 5.6
    endloop
  endfacet
  facet normal 0 0 1
    outer loop
      vertex -11.782 -5.49404 5.6
      vertex -15.4072 -7.18451 5.6
      vertex -14.7224 -8.5 5.6
    endloop
  endfacet
  facet normal 0 0 1
    outer loop
      vertex -12.8025 2.25743 5.6
      vertex -16.7417 2.95202 5.6
      vertex -12.9505 1.13302 5.6
    endloop
  endfacet
  facet normal 0 0 1
    outer loop
      vertex -12.216 -4.44626 5.6
      vertex -15.9748 -5.81434 5.6
      vertex -15.4072 -7.18451 5.6
    endloop
  endfacet
  facet normal -0 0 1
    outer loop
      vertex -16.9353 1.48165 5.6
      vertex -12.9505 1.13302 5.6
      vertex -16.7417 2.95202 5.6
    endloop
  endfacet
  facet normal 0 0 1
    outer loop
      vertex -12.557 -3.36465 5.6
      vertex -16.4207 -4.39992 5.6
      vertex -15.9748 -5.81434 5.6
    endloop
  endfacet
  facet normal 0 0 1
    outer loop
      vertex -12.9505 1.13302 5.6
      vertex -16.9353 1.48165 5.6
      vertex -13 0 5.6
    endloop
  endfacet
  facet normal 0 0 1
    outer loop
      vertex -12.8025 -2.25743 5.6
      vertex -16.7417 -2.95202 5.6
      vertex -16.4207 -4.39992 5.6
    endloop
  endfacet
  facet normal 0 0 1
    outer loop
      vertex -17 0 5.6
      vertex -13 0 5.6
      vertex -16.9353 1.48165 5.6
    endloop
  endfacet
  facet normal 0 0 1
    outer loop
      vertex -12.9505 -1.13302 5.6
      vertex -16.9353 -1.48165 5.6
      vertex -16.7417 -2.95202 5.6
    endloop
  endfacet
  facet normal 0 0 1
    outer loop
      vertex -13 0 5.6
      vertex -17 0 5.6
      vertex -16.9353 -1.48165 5.6
    endloop
  endfacet
  facet normal 0.300666 0.95373 -0
    outer loop
      vertex 5.81434 15.9748 2
      vertex 4.39992 16.4207 5.6
      vertex 5.81434 15.9748 5.6
    endloop
  endfacet
  facet normal 0.300666 0.95373 0
    outer loop
      vertex 4.39992 16.4207 5.6
      vertex 5.81434 15.9748 2
      vertex 4.39992 16.4207 2
    endloop
  endfacet
  facet normal 0.793365 -0.608746 0
    outer loop
      vertex 13.0228 -10.9274 5.6
      vertex 13.9256 -9.7508 2
      vertex 13.9256 -9.7508 5.6
    endloop
  endfacet
  facet normal 0.793365 -0.608746 0
    outer loop
      vertex 13.9256 -9.7508 2
      vertex 13.0228 -10.9274 5.6
      vertex 13.0228 -10.9274 2
    endloop
  endfacet
  facet normal -0.300666 0.95373 0
    outer loop
      vertex -4.39992 16.4207 2
      vertex -5.81434 15.9748 5.6
      vertex -4.39992 16.4207 5.6
    endloop
  endfacet
  facet normal -0.300666 0.95373 0
    outer loop
      vertex -5.81434 15.9748 5.6
      vertex -4.39992 16.4207 2
      vertex -5.81434 15.9748 2
    endloop
  endfacet
  facet normal -0.300666 -0.95373 0
    outer loop
      vertex -5.81434 -15.9748 2
      vertex -4.39992 -16.4207 5.6
      vertex -5.81434 -15.9748 5.6
    endloop
  endfacet
  facet normal -0.300666 -0.95373 -0
    outer loop
      vertex -4.39992 -16.4207 5.6
      vertex -5.81434 -15.9748 2
      vertex -4.39992 -16.4207 2
    endloop
  endfacet
  facet normal -0.843406 0.537277 0
    outer loop
      vertex -14.7224 8.5 2
      vertex -13.9256 9.7508 5.6
      vertex -13.9256 9.7508 2
    endloop
  endfacet
  facet normal -0.843406 0.537277 0
    outer loop
      vertex -13.9256 9.7508 5.6
      vertex -14.7224 8.5 2
      vertex -14.7224 8.5 5.6
    endloop
  endfacet
  facet normal -0.382716 0.923866 0
    outer loop
      vertex -5.81434 15.9748 2
      vertex -7.18451 15.4072 5.6
      vertex -5.81434 15.9748 5.6
    endloop
  endfacet
  facet normal -0.382716 0.923866 0
    outer loop
      vertex -7.18451 15.4072 5.6
      vertex -5.81434 15.9748 2
      vertex -7.18451 15.4072 2
    endloop
  endfacet
  facet normal -0.675621 0.737249 0
    outer loop
      vertex -10.9274 13.0228 2
      vertex -12.0208 12.0208 5.6
      vertex -10.9274 13.0228 5.6
    endloop
  endfacet
  facet normal -0.675621 0.737249 0
    outer loop
      vertex -12.0208 12.0208 5.6
      vertex -10.9274 13.0228 2
      vertex -12.0208 12.0208 2
    endloop
  endfacet
  facet normal -0.043626 0.999048 0
    outer loop
      vertex 0 17 2
      vertex -1.48165 16.9353 5.6
      vertex 0 17 5.6
    endloop
  endfacet
  facet normal -0.043626 0.999048 0
    outer loop
      vertex -1.48165 16.9353 5.6
      vertex 0 17 2
      vertex -1.48165 16.9353 2
    endloop
  endfacet
  facet normal 0.675621 0.737249 -0
    outer loop
      vertex 12.0208 12.0208 2
      vertex 10.9274 13.0228 5.6
      vertex 12.0208 12.0208 5.6
    endloop
  endfacet
  facet normal 0.675621 0.737249 0
    outer loop
      vertex 10.9274 13.0228 5.6
      vertex 12.0208 12.0208 2
      vertex 10.9274 13.0228 2
    endloop
  endfacet
  facet normal -0.843406 -0.537277 0
    outer loop
      vertex -13.9256 -9.7508 2
      vertex -14.7224 -8.5 5.6
      vertex -14.7224 -8.5 2
    endloop
  endfacet
  facet normal -0.843406 -0.537277 0
    outer loop
      vertex -14.7224 -8.5 5.6
      vertex -13.9256 -9.7508 2
      vertex -13.9256 -9.7508 5.6
    endloop
  endfacet
  facet normal 0.300666 -0.95373 0
    outer loop
      vertex 4.39992 -16.4207 2
      vertex 5.81434 -15.9748 5.6
      vertex 4.39992 -16.4207 5.6
    endloop
  endfacet
  facet normal 0.300666 -0.95373 0
    outer loop
      vertex 5.81434 -15.9748 5.6
      vertex 4.39992 -16.4207 2
      vertex 5.81434 -15.9748 2
    endloop
  endfacet
endsolid OpenSCAD_Model
