solid OpenSCAD_Model
  facet normal 0 0 1
    outer loop
      vertex -38.4075 6.77228 19.6
      vertex -40.3771 7.11957 19.6
      vertex -38.8516 3.39907 19.6
    endloop
  endfacet
  facet normal -0 0 1
    outer loop
      vertex -40.3771 7.11957 19.6
      vertex -38.4075 6.77228 19.6
      vertex -39.6499 10.4 19.6
    endloop
  endfacet
  facet normal 0 0 1
    outer loop
      vertex -37.6711 10.0939 19.6
      vertex -39.6499 10.4 19.6
      vertex -38.4075 6.77228 19.6
    endloop
  endfacet
  facet normal -0 0 1
    outer loop
      vertex -39.6499 10.4 19.6
      vertex -37.6711 10.0939 19.6
      vertex -37.5746 10.4 19.6
    endloop
  endfacet
  facet normal -0 0 1
    outer loop
      vertex -40.844 3.57339 19.6
      vertex -38.8516 3.39907 19.6
      vertex -40.3771 7.11957 19.6
    endloop
  endfacet
  facet normal 0 0 1
    outer loop
      vertex -37.6711 -10.0939 19.6
      vertex -39.6499 -10.4 19.6
      vertex -37.5746 -10.4 19.6
    endloop
  endfacet
  facet normal 0 0 1
    outer loop
      vertex -38.4075 -6.77228 19.6
      vertex -39.6499 -10.4 19.6
      vertex -37.6711 -10.0939 19.6
    endloop
  endfacet
  facet normal 0 0 1
    outer loop
      vertex -40.3771 -7.11957 19.6
      vertex -38.4075 -6.77228 19.6
      vertex -38.8516 -3.39907 19.6
    endloop
  endfacet
  facet normal 0 0 1
    outer loop
      vertex -38.8516 3.39907 19.6
      vertex -40.844 3.57339 19.6
      vertex -39 0 19.6
    endloop
  endfacet
  facet normal 0 0 1
    outer loop
      vertex -41 0 19.6
      vertex -39 0 19.6
      vertex -40.844 3.57339 19.6
    endloop
  endfacet
  facet normal 0 0 1
    outer loop
      vertex -38.4075 -6.77228 19.6
      vertex -40.3771 -7.11957 19.6
      vertex -39.6499 -10.4 19.6
    endloop
  endfacet
  facet normal 0 0 1
    outer loop
      vertex -39 0 19.6
      vertex -41 0 19.6
      vertex -38.8516 -3.39907 19.6
    endloop
  endfacet
  facet normal 0 0 1
    outer loop
      vertex -38.8516 -3.39907 19.6
      vertex -40.844 -3.57339 19.6
      vertex -40.3771 -7.11957 19.6
    endloop
  endfacet
  facet normal 0 0 1
    outer loop
      vertex -38.8516 -3.39907 19.6
      vertex -41 0 19.6
      vertex -40.844 -3.57339 19.6
    endloop
  endfacet
  facet normal 0 0 1
    outer loop
      vertex 39 0 19.6
      vertex 41 0 19.6
      vertex 40.844 3.57339 19.6
    endloop
  endfacet
  facet normal 0 0 1
    outer loop
      vertex 38.8516 3.39907 19.6
      vertex 40.844 3.57339 19.6
      vertex 40.3771 7.11957 19.6
    endloop
  endfacet
  facet normal 0 0 1
    outer loop
      vertex 41 0 19.6
      vertex 39 0 19.6
      vertex 40.844 -3.57339 19.6
    endloop
  endfacet
  facet normal 0 0 1
    outer loop
      vertex 38.4075 6.77228 19.6
      vertex 40.3771 7.11957 19.6
      vertex 39.6499 10.4 19.6
    endloop
  endfacet
  facet normal -0 0 1
    outer loop
      vertex 38.8516 -3.39907 19.6
      vertex 40.844 -3.57339 19.6
      vertex 39 0 19.6
    endloop
  endfacet
  facet normal 0 0 1
    outer loop
      vertex 40.844 -3.57339 19.6
      vertex 38.8516 -3.39907 19.6
      vertex 40.3771 -7.11957 19.6
    endloop
  endfacet
  facet normal 0 0 1
    outer loop
      vertex 40.844 3.57339 19.6
      vertex 38.8516 3.39907 19.6
      vertex 39 0 19.6
    endloop
  endfacet
  facet normal 0 0 1
    outer loop
      vertex 40.3771 7.11957 19.6
      vertex 38.4075 6.77228 19.6
      vertex 38.8516 3.39907 19.6
    endloop
  endfacet
  facet normal 0 0 1
    outer loop
      vertex 39.6499 10.4 19.6
      vertex 37.6711 10.0939 19.6
      vertex 38.4075 6.77228 19.6
    endloop
  endfacet
  facet normal 0 -0 1
    outer loop
      vertex 37.6711 10.0939 19.6
      vertex 39.6499 10.4 19.6
      vertex 37.5746 10.4 19.6
    endloop
  endfacet
  facet normal -0 0 1
    outer loop
      vertex 38.4075 -6.77228 19.6
      vertex 40.3771 -7.11957 19.6
      vertex 38.8516 -3.39907 19.6
    endloop
  endfacet
  facet normal 0 0 1
    outer loop
      vertex 40.3771 -7.11957 19.6
      vertex 38.4075 -6.77228 19.6
      vertex 39.6499 -10.4 19.6
    endloop
  endfacet
  facet normal -0 0 1
    outer loop
      vertex 37.6711 -10.0939 19.6
      vertex 39.6499 -10.4 19.6
      vertex 38.4075 -6.77228 19.6
    endloop
  endfacet
  facet normal 0 0 1
    outer loop
      vertex 39.6499 -10.4 19.6
      vertex 37.6711 -10.0939 19.6
      vertex 37.5746 -10.4 19.6
    endloop
  endfacet
  facet normal 0 1 -0
    outer loop
      vertex -37.5746 -10.4 19.6
      vertex -39.6499 -10.4 64
      vertex -37.5746 -10.4 64
    endloop
  endfacet
  facet normal 0 1 0
    outer loop
      vertex -39.6499 -10.4 64
      vertex -37.5746 -10.4 19.6
      vertex -39.6499 -10.4 19.6
    endloop
  endfacet
  facet normal 0 1 -0
    outer loop
      vertex 39.6499 -10.4 19.6
      vertex 37.5746 -10.4 64
      vertex 39.6499 -10.4 64
    endloop
  endfacet
  facet normal 0 1 0
    outer loop
      vertex 37.5746 -10.4 64
      vertex 39.6499 -10.4 19.6
      vertex 37.5746 -10.4 19.6
    endloop
  endfacet
  facet normal 0 -1 0
    outer loop
      vertex -39.6499 10.4 19.6
      vertex -37.5746 10.4 64
      vertex -39.6499 10.4 64
    endloop
  endfacet
  facet normal 0 -1 -0
    outer loop
      vertex -37.5746 10.4 64
      vertex -39.6499 10.4 19.6
      vertex -37.5746 10.4 19.6
    endloop
  endfacet
  facet normal 0 -1 0
    outer loop
      vertex 37.5746 10.4 19.6
      vertex 39.6499 10.4 64
      vertex 37.5746 10.4 64
    endloop
  endfacet
  facet normal 0 -1 -0
    outer loop
      vertex 39.6499 10.4 64
      vertex 37.5746 10.4 19.6
      vertex 39.6499 10.4 19.6
    endloop
  endfacet
  facet normal 0 0 1
    outer loop
      vertex 10.4 39.6499 7.6
      vertex 10.0939 37.6711 7.6
      vertex 10.4 37.5746 7.6
    endloop
  endfacet
  facet normal 0 0 1
    outer loop
      vertex 6.77228 38.4075 7.6
      vertex 10.4 39.6499 7.6
      vertex 7.11957 40.3771 7.6
    endloop
  endfacet
  facet normal 0 0 1
    outer loop
      vertex 10.4 39.6499 7.6
      vertex 6.77228 38.4075 7.6
      vertex 10.0939 37.6711 7.6
    endloop
  endfacet
  facet normal 0 0 1
    outer loop
      vertex 3.57339 40.844 7.6
      vertex 6.77228 38.4075 7.6
      vertex 7.11957 40.3771 7.6
    endloop
  endfacet
  facet normal 0 0 1
    outer loop
      vertex 3.57339 40.844 7.6
      vertex 3.39907 38.8516 7.6
      vertex 6.77228 38.4075 7.6
    endloop
  endfacet
  facet normal 0 0 1
    outer loop
      vertex 0 41 7.6
      vertex 3.39907 38.8516 7.6
      vertex 3.57339 40.844 7.6
    endloop
  endfacet
  facet normal 0 0 1
    outer loop
      vertex 0 41 7.6
      vertex 0 39 7.6
      vertex 3.39907 38.8516 7.6
    endloop
  endfacet
  facet normal 0 0 1
    outer loop
      vertex 0 41 7.6
      vertex -3.39907 38.8516 7.6
      vertex 0 39 7.6
    endloop
  endfacet
  facet normal -0 0 1
    outer loop
      vertex -3.57339 40.844 7.6
      vertex -3.39907 38.8516 7.6
      vertex 0 41 7.6
    endloop
  endfacet
  facet normal 0 0 1
    outer loop
      vertex -3.57339 40.844 7.6
      vertex -6.77228 38.4075 7.6
      vertex -3.39907 38.8516 7.6
    endloop
  endfacet
  facet normal -0 0 1
    outer loop
      vertex -7.11957 40.3771 7.6
      vertex -6.77228 38.4075 7.6
      vertex -3.57339 40.844 7.6
    endloop
  endfacet
  facet normal -0 0 1
    outer loop
      vertex -10.4 39.6499 7.6
      vertex -6.77228 38.4075 7.6
      vertex -7.11957 40.3771 7.6
    endloop
  endfacet
  facet normal 0 0 1
    outer loop
      vertex -6.77228 38.4075 7.6
      vertex -10.4 39.6499 7.6
      vertex -10.0939 37.6711 7.6
    endloop
  endfacet
  facet normal 0 0 1
    outer loop
      vertex -10.0939 37.6711 7.6
      vertex -10.4 39.6499 7.6
      vertex -10.4 37.5746 7.6
    endloop
  endfacet
  facet normal -0 0 1
    outer loop
      vertex 10.0939 -37.6711 7.6
      vertex 10.4 -39.6499 7.6
      vertex 10.4 -37.5746 7.6
    endloop
  endfacet
  facet normal -0 0 1
    outer loop
      vertex 6.77228 -38.4075 7.6
      vertex 10.4 -39.6499 7.6
      vertex 10.0939 -37.6711 7.6
    endloop
  endfacet
  facet normal 0 0 1
    outer loop
      vertex 10.4 -39.6499 7.6
      vertex 6.77228 -38.4075 7.6
      vertex 7.11957 -40.3771 7.6
    endloop
  endfacet
  facet normal 0 0 1
    outer loop
      vertex 6.77228 -38.4075 7.6
      vertex 3.57339 -40.844 7.6
      vertex 7.11957 -40.3771 7.6
    endloop
  endfacet
  facet normal -0 0 1
    outer loop
      vertex 3.39907 -38.8516 7.6
      vertex 3.57339 -40.844 7.6
      vertex 6.77228 -38.4075 7.6
    endloop
  endfacet
  facet normal -0 0 1
    outer loop
      vertex 0 -39 7.6
      vertex 3.57339 -40.844 7.6
      vertex 3.39907 -38.8516 7.6
    endloop
  endfacet
  facet normal 0 0 1
    outer loop
      vertex 0 -39 7.6
      vertex 0 -41 7.6
      vertex 3.57339 -40.844 7.6
    endloop
  endfacet
  facet normal 0 0 1
    outer loop
      vertex -3.39907 -38.8516 7.6
      vertex 0 -41 7.6
      vertex 0 -39 7.6
    endloop
  endfacet
  facet normal 0 0 1
    outer loop
      vertex -3.39907 -38.8516 7.6
      vertex -3.57339 -40.844 7.6
      vertex 0 -41 7.6
    endloop
  endfacet
  facet normal 0 0 1
    outer loop
      vertex -6.77228 -38.4075 7.6
      vertex -3.57339 -40.844 7.6
      vertex -3.39907 -38.8516 7.6
    endloop
  endfacet
  facet normal 0 0 1
    outer loop
      vertex -6.77228 -38.4075 7.6
      vertex -7.11957 -40.3771 7.6
      vertex -3.57339 -40.844 7.6
    endloop
  endfacet
  facet normal 0 0 1
    outer loop
      vertex -10.4 -39.6499 7.6
      vertex -6.77228 -38.4075 7.6
      vertex -10.0939 -37.6711 7.6
    endloop
  endfacet
  facet normal 0 0 1
    outer loop
      vertex -10.4 -39.6499 7.6
      vertex -10.0939 -37.6711 7.6
      vertex -10.4 -37.5746 7.6
    endloop
  endfacet
  facet normal 0 0 1
    outer loop
      vertex -6.77228 -38.4075 7.6
      vertex -10.4 -39.6499 7.6
      vertex -7.11957 -40.3771 7.6
    endloop
  endfacet
  facet normal 1 -0 0
    outer loop
      vertex -10.4 37.5746 64
      vertex -10.4 39.6499 7.6
      vertex -10.4 39.6499 64
    endloop
  endfacet
  facet normal 1 0 0
    outer loop
      vertex -10.4 39.6499 7.6
      vertex -10.4 37.5746 64
      vertex -10.4 37.5746 7.6
    endloop
  endfacet
  facet normal 1 -0 0
    outer loop
      vertex -10.4 -39.6499 64
      vertex -10.4 -37.5746 7.6
      vertex -10.4 -37.5746 64
    endloop
  endfacet
  facet normal 1 0 0
    outer loop
      vertex -10.4 -37.5746 7.6
      vertex -10.4 -39.6499 64
      vertex -10.4 -39.6499 7.6
    endloop
  endfacet
  facet normal -1 0 0
    outer loop
      vertex 10.4 -39.6499 7.6
      vertex 10.4 -37.5746 64
      vertex 10.4 -37.5746 7.6
    endloop
  endfacet
  facet normal -1 -0 0
    outer loop
      vertex 10.4 -37.5746 64
      vertex 10.4 -39.6499 7.6
      vertex 10.4 -39.6499 64
    endloop
  endfacet
  facet normal -1 0 0
    outer loop
      vertex 10.4 37.5746 7.6
      vertex 10.4 39.6499 64
      vertex 10.4 39.6499 7.6
    endloop
  endfacet
  facet normal -1 -0 0
    outer loop
      vertex 10.4 39.6499 64
      vertex 10.4 37.5746 7.6
      vertex 10.4 37.5746 64
    endloop
  endfacet
  facet normal 0.991444 0.130536 0
    outer loop
      vertex 40.844 3.57339 19.6
      vertex 40.3771 7.11957 0
      vertex 40.3771 7.11957 19.6
    endloop
  endfacet
  facet normal 0.991444 0.130536 0
    outer loop
      vertex 40.3771 7.11957 0
      vertex 40.844 3.57339 19.6
      vertex 40.844 3.57339 0
    endloop
  endfacet
  facet normal 0.991444 -0.130536 0
    outer loop
      vertex 40.3771 -7.11957 19.6
      vertex 40.844 -3.57339 0
      vertex 40.844 -3.57339 19.6
    endloop
  endfacet
  facet normal 0.991444 -0.130536 0
    outer loop
      vertex 40.844 -3.57339 0
      vertex 40.3771 -7.11957 19.6
      vertex 40.3771 -7.11957 0
    endloop
  endfacet
  facet normal 0.999048 -0.0436145 0
    outer loop
      vertex 40.844 -3.57339 19.6
      vertex 41 0 0
      vertex 41 0 19.6
    endloop
  endfacet
  facet normal 0.999048 -0.0436145 0
    outer loop
      vertex 41 0 0
      vertex 40.844 -3.57339 19.6
      vertex 40.844 -3.57339 0
    endloop
  endfacet
  facet normal 0.976306 -0.216393 0
    outer loop
      vertex 39.6499 -10.4 64
      vertex 39.603 -10.6116 64
      vertex 39.6499 -10.4 19.6
    endloop
  endfacet
  facet normal 0.976299 -0.216424 0
    outer loop
      vertex 39.6499 -10.4 19.6
      vertex 40.3771 -7.11957 0
      vertex 40.3771 -7.11957 19.6
    endloop
  endfacet
  facet normal 0.9763 -0.216422 3.33113e-07
    outer loop
      vertex 39.6499 -10.4 19.6
      vertex 39.603 -10.6116 0
      vertex 40.3771 -7.11957 0
    endloop
  endfacet
  facet normal 0.976306 -0.216393 0
    outer loop
      vertex 39.603 -10.6116 0
      vertex 39.6499 -10.4 19.6
      vertex 39.603 -10.6116 64
    endloop
  endfacet
  facet normal 0.300719 0.953713 -0
    outer loop
      vertex 14.0228 38.5274 0
      vertex 10.6116 39.603 64
      vertex 14.0228 38.5274 64
    endloop
  endfacet
  facet normal 0.300719 0.953713 0
    outer loop
      vertex 10.6116 39.603 64
      vertex 14.0228 38.5274 0
      vertex 10.6116 39.603 0
    endloop
  endfacet
  facet normal 0.461748 0.887011 -0
    outer loop
      vertex 20.5 35.507 0
      vertex 17.3273 37.1586 64
      vertex 20.5 35.507 64
    endloop
  endfacet
  facet normal 0.461748 0.887011 0
    outer loop
      vertex 17.3273 37.1586 64
      vertex 20.5 35.507 0
      vertex 17.3273 37.1586 0
    endloop
  endfacet
  facet normal 0.216393 0.976306 0
    outer loop
      vertex 10.6116 39.603 64
      vertex 10.4 39.6499 7.6
      vertex 10.4 39.6499 64
    endloop
  endfacet
  facet normal 0.216393 0.976306 -0
    outer loop
      vertex 10.6116 39.603 0
      vertex 10.4 39.6499 7.6
      vertex 10.6116 39.603 64
    endloop
  endfacet
  facet normal 0.216422 0.9763 8.59081e-07
    outer loop
      vertex 7.11957 40.3771 0
      vertex 10.4 39.6499 7.6
      vertex 10.6116 39.603 0
    endloop
  endfacet
  facet normal 0.216424 0.976299 0
    outer loop
      vertex 10.4 39.6499 7.6
      vertex 7.11957 40.3771 0
      vertex 7.11957 40.3771 7.6
    endloop
  endfacet
  facet normal -0.216424 0.976299 0
    outer loop
      vertex -7.11957 40.3771 7.6
      vertex -7.11957 40.3771 0
      vertex -10.4 39.6499 7.6
    endloop
  endfacet
  facet normal -0.216393 0.976306 0
    outer loop
      vertex -10.4 39.6499 7.6
      vertex -10.6116 39.603 64
      vertex -10.4 39.6499 64
    endloop
  endfacet
  facet normal -0.216393 0.976306 0
    outer loop
      vertex -10.4 39.6499 7.6
      vertex -10.6116 39.603 0
      vertex -10.6116 39.603 64
    endloop
  endfacet
  facet normal -0.216422 0.9763 8.59081e-07
    outer loop
      vertex -10.6116 39.603 0
      vertex -10.4 39.6499 7.6
      vertex -7.11957 40.3771 0
    endloop
  endfacet
  facet normal -0.991444 0.130536 0
    outer loop
      vertex -40.844 3.57339 0
      vertex -40.3771 7.11957 19.6
      vertex -40.3771 7.11957 0
    endloop
  endfacet
  facet normal -0.991444 0.130536 0
    outer loop
      vertex -40.3771 7.11957 19.6
      vertex -40.844 3.57339 0
      vertex -40.844 3.57339 19.6
    endloop
  endfacet
  facet normal -0.300719 -0.953713 0
    outer loop
      vertex -14.0228 -38.5274 0
      vertex -10.6116 -39.603 64
      vertex -14.0228 -38.5274 64
    endloop
  endfacet
  facet normal -0.300719 -0.953713 -0
    outer loop
      vertex -10.6116 -39.603 64
      vertex -14.0228 -38.5274 0
      vertex -10.6116 -39.603 0
    endloop
  endfacet
  facet normal -0.923876 0.382691 0
    outer loop
      vertex -38.5274 14.0228 0
      vertex -37.1586 17.3273 64
      vertex -37.1586 17.3273 0
    endloop
  endfacet
  facet normal -0.923876 0.382691 0
    outer loop
      vertex -37.1586 17.3273 64
      vertex -38.5274 14.0228 0
      vertex -38.5274 14.0228 64
    endloop
  endfacet
  facet normal 0.737285 0.675582 0
    outer loop
      vertex 31.4078 26.3543 64
      vertex 28.9914 28.9914 0
      vertex 28.9914 28.9914 64
    endloop
  endfacet
  facet normal 0.737285 0.675582 0
    outer loop
      vertex 28.9914 28.9914 0
      vertex 31.4078 26.3543 64
      vertex 31.4078 26.3543 0
    endloop
  endfacet
  facet normal -0.675582 0.737285 0
    outer loop
      vertex -26.3543 31.4078 0
      vertex -28.9914 28.9914 64
      vertex -26.3543 31.4078 64
    endloop
  endfacet
  facet normal -0.675582 0.737285 0
    outer loop
      vertex -28.9914 28.9914 64
      vertex -26.3543 31.4078 0
      vertex -28.9914 28.9914 0
    endloop
  endfacet
  facet normal 0.300719 -0.953713 0
    outer loop
      vertex 10.6116 -39.603 0
      vertex 14.0228 -38.5274 64
      vertex 10.6116 -39.603 64
    endloop
  endfacet
  facet normal 0.300719 -0.953713 0
    outer loop
      vertex 14.0228 -38.5274 64
      vertex 10.6116 -39.603 0
      vertex 14.0228 -38.5274 0
    endloop
  endfacet
  facet normal 0.130536 0.991444 -0
    outer loop
      vertex 7.11957 40.3771 0
      vertex 3.57339 40.844 7.6
      vertex 7.11957 40.3771 7.6
    endloop
  endfacet
  facet normal 0.130536 0.991444 0
    outer loop
      vertex 3.57339 40.844 7.6
      vertex 7.11957 40.3771 0
      vertex 3.57339 40.844 0
    endloop
  endfacet
  facet normal -0.84339 -0.537302 0
    outer loop
      vertex -33.5852 -23.5166 0
      vertex -35.507 -20.5 64
      vertex -35.507 -20.5 0
    endloop
  endfacet
  facet normal -0.84339 -0.537302 0
    outer loop
      vertex -35.507 -20.5 64
      vertex -33.5852 -23.5166 0
      vertex -33.5852 -23.5166 64
    endloop
  endfacet
  facet normal 0.887011 0.461748 0
    outer loop
      vertex 37.1586 17.3273 64
      vertex 35.507 20.5 0
      vertex 35.507 20.5 64
    endloop
  endfacet
  facet normal 0.887011 0.461748 0
    outer loop
      vertex 35.507 20.5 0
      vertex 37.1586 17.3273 64
      vertex 37.1586 17.3273 0
    endloop
  endfacet
  facet normal 0.608754 -0.793359 0
    outer loop
      vertex 23.5166 -33.5852 0
      vertex 26.3543 -31.4078 64
      vertex 23.5166 -33.5852 64
    endloop
  endfacet
  facet normal 0.608754 -0.793359 0
    outer loop
      vertex 26.3543 -31.4078 64
      vertex 23.5166 -33.5852 0
      vertex 26.3543 -31.4078 0
    endloop
  endfacet
  facet normal 0.953713 0.300719 0
    outer loop
      vertex 39.603 10.6116 64
      vertex 38.5274 14.0228 0
      vertex 38.5274 14.0228 64
    endloop
  endfacet
  facet normal 0.953713 0.300719 0
    outer loop
      vertex 38.5274 14.0228 0
      vertex 39.603 10.6116 64
      vertex 39.603 10.6116 0
    endloop
  endfacet
  facet normal -0.537302 -0.84339 0
    outer loop
      vertex -23.5166 -33.5852 0
      vertex -20.5 -35.507 64
      vertex -23.5166 -33.5852 64
    endloop
  endfacet
  facet normal -0.537302 -0.84339 -0
    outer loop
      vertex -20.5 -35.507 64
      vertex -23.5166 -33.5852 0
      vertex -20.5 -35.507 0
    endloop
  endfacet
  facet normal -0.608754 0.793359 0
    outer loop
      vertex -23.5166 33.5852 0
      vertex -26.3543 31.4078 64
      vertex -23.5166 33.5852 64
    endloop
  endfacet
  facet normal -0.608754 0.793359 0
    outer loop
      vertex -26.3543 31.4078 64
      vertex -23.5166 33.5852 0
      vertex -26.3543 31.4078 0
    endloop
  endfacet
  facet normal -0.608754 -0.793359 0
    outer loop
      vertex -26.3543 -31.4078 0
      vertex -23.5166 -33.5852 64
      vertex -26.3543 -31.4078 64
    endloop
  endfacet
  facet normal -0.608754 -0.793359 -0
    outer loop
      vertex -23.5166 -33.5852 64
      vertex -26.3543 -31.4078 0
      vertex -23.5166 -33.5852 0
    endloop
  endfacet
  facet normal -0.793359 0.608754 0
    outer loop
      vertex -33.5852 23.5166 0
      vertex -31.4078 26.3543 64
      vertex -31.4078 26.3543 0
    endloop
  endfacet
  facet normal -0.793359 0.608754 0
    outer loop
      vertex -31.4078 26.3543 64
      vertex -33.5852 23.5166 0
      vertex -33.5852 23.5166 64
    endloop
  endfacet
  facet normal 0.537302 -0.84339 0
    outer loop
      vertex 20.5 -35.507 0
      vertex 23.5166 -33.5852 64
      vertex 20.5 -35.507 64
    endloop
  endfacet
  facet normal 0.537302 -0.84339 0
    outer loop
      vertex 23.5166 -33.5852 64
      vertex 20.5 -35.507 0
      vertex 23.5166 -33.5852 0
    endloop
  endfacet
  facet normal 0.0436145 0.999048 -0
    outer loop
      vertex 3.57339 40.844 0
      vertex 0 41 7.6
      vertex 3.57339 40.844 7.6
    endloop
  endfacet
  facet normal 0.0436145 0.999048 0
    outer loop
      vertex 0 41 7.6
      vertex 3.57339 40.844 0
      vertex 0 41 0
    endloop
  endfacet
  facet normal -0.976299 -0.216424 0
    outer loop
      vertex -40.3771 -7.11957 0
      vertex -39.6499 -10.4 19.6
      vertex -40.3771 -7.11957 19.6
    endloop
  endfacet
  facet normal -0.9763 -0.216422 3.33113e-07
    outer loop
      vertex -39.603 -10.6116 0
      vertex -39.6499 -10.4 19.6
      vertex -40.3771 -7.11957 0
    endloop
  endfacet
  facet normal -0.976306 -0.216393 -0
    outer loop
      vertex -39.603 -10.6116 64
      vertex -39.6499 -10.4 19.6
      vertex -39.603 -10.6116 0
    endloop
  endfacet
  facet normal -0.976306 -0.216393 0
    outer loop
      vertex -39.6499 -10.4 19.6
      vertex -39.603 -10.6116 64
      vertex -39.6499 -10.4 64
    endloop
  endfacet
  facet normal -0.216393 -0.976306 0
    outer loop
      vertex -10.6116 -39.603 64
      vertex -10.4 -39.6499 7.6
      vertex -10.4 -39.6499 64
    endloop
  endfacet
  facet normal -0.216393 -0.976306 0
    outer loop
      vertex -10.6116 -39.603 0
      vertex -10.4 -39.6499 7.6
      vertex -10.6116 -39.603 64
    endloop
  endfacet
  facet normal -0.216422 -0.9763 8.59081e-07
    outer loop
      vertex -7.11957 -40.3771 0
      vertex -10.4 -39.6499 7.6
      vertex -10.6116 -39.603 0
    endloop
  endfacet
  facet normal -0.216424 -0.976299 0
    outer loop
      vertex -10.4 -39.6499 7.6
      vertex -7.11957 -40.3771 0
      vertex -7.11957 -40.3771 7.6
    endloop
  endfacet
  facet normal -0.0436145 -0.999048 0
    outer loop
      vertex -3.57339 -40.844 0
      vertex 0 -41 7.6
      vertex -3.57339 -40.844 7.6
    endloop
  endfacet
  facet normal -0.0436145 -0.999048 -0
    outer loop
      vertex 0 -41 7.6
      vertex -3.57339 -40.844 0
      vertex 0 -41 0
    endloop
  endfacet
  facet normal 0.675582 -0.737285 0
    outer loop
      vertex 26.3543 -31.4078 0
      vertex 28.9914 -28.9914 64
      vertex 26.3543 -31.4078 64
    endloop
  endfacet
  facet normal 0.675582 -0.737285 0
    outer loop
      vertex 28.9914 -28.9914 64
      vertex 26.3543 -31.4078 0
      vertex 28.9914 -28.9914 0
    endloop
  endfacet
  facet normal 0.999048 0.0436145 0
    outer loop
      vertex 41 0 19.6
      vertex 40.844 3.57339 0
      vertex 40.844 3.57339 19.6
    endloop
  endfacet
  facet normal 0.999048 0.0436145 0
    outer loop
      vertex 40.844 3.57339 0
      vertex 41 0 19.6
      vertex 41 0 0
    endloop
  endfacet
  facet normal 0.793359 0.608754 0
    outer loop
      vertex 33.5852 23.5166 64
      vertex 31.4078 26.3543 0
      vertex 31.4078 26.3543 64
    endloop
  endfacet
  facet normal 0.793359 0.608754 0
    outer loop
      vertex 31.4078 26.3543 0
      vertex 33.5852 23.5166 64
      vertex 33.5852 23.5166 0
    endloop
  endfacet
  facet normal 0.0436145 -0.999048 0
    outer loop
      vertex 0 -41 0
      vertex 3.57339 -40.844 7.6
      vertex 0 -41 7.6
    endloop
  endfacet
  facet normal 0.0436145 -0.999048 0
    outer loop
      vertex 3.57339 -40.844 7.6
      vertex 0 -41 0
      vertex 3.57339 -40.844 0
    endloop
  endfacet
  facet normal 0.976306 0.216393 -0
    outer loop
      vertex 39.6499 10.4 19.6
      vertex 39.603 10.6116 64
      vertex 39.6499 10.4 64
    endloop
  endfacet
  facet normal 0.976306 0.216393 0
    outer loop
      vertex 39.603 10.6116 64
      vertex 39.6499 10.4 19.6
      vertex 39.603 10.6116 0
    endloop
  endfacet
  facet normal 0.976299 0.216424 -0
    outer loop
      vertex 40.3771 7.11957 0
      vertex 39.6499 10.4 19.6
      vertex 40.3771 7.11957 19.6
    endloop
  endfacet
  facet normal 0.9763 0.216422 3.33113e-07
    outer loop
      vertex 39.6499 10.4 19.6
      vertex 40.3771 7.11957 0
      vertex 39.603 10.6116 0
    endloop
  endfacet
  facet normal -0.923876 -0.382691 0
    outer loop
      vertex -37.1586 -17.3273 0
      vertex -38.5274 -14.0228 64
      vertex -38.5274 -14.0228 0
    endloop
  endfacet
  facet normal -0.923876 -0.382691 0
    outer loop
      vertex -38.5274 -14.0228 64
      vertex -37.1586 -17.3273 0
      vertex -37.1586 -17.3273 64
    endloop
  endfacet
  facet normal 0.953713 -0.300719 0
    outer loop
      vertex 38.5274 -14.0228 64
      vertex 39.603 -10.6116 0
      vertex 39.603 -10.6116 64
    endloop
  endfacet
  facet normal 0.953713 -0.300719 0
    outer loop
      vertex 39.603 -10.6116 0
      vertex 38.5274 -14.0228 64
      vertex 38.5274 -14.0228 0
    endloop
  endfacet
  facet normal 0.608754 0.793359 -0
    outer loop
      vertex 26.3543 31.4078 0
      vertex 23.5166 33.5852 64
      vertex 26.3543 31.4078 64
    endloop
  endfacet
  facet normal 0.608754 0.793359 0
    outer loop
      vertex 23.5166 33.5852 64
      vertex 26.3543 31.4078 0
      vertex 23.5166 33.5852 0
    endloop
  endfacet
  facet normal 0.461748 -0.887011 0
    outer loop
      vertex 17.3273 -37.1586 0
      vertex 20.5 -35.507 64
      vertex 17.3273 -37.1586 64
    endloop
  endfacet
  facet normal 0.461748 -0.887011 0
    outer loop
      vertex 20.5 -35.507 64
      vertex 17.3273 -37.1586 0
      vertex 20.5 -35.507 0
    endloop
  endfacet
  facet normal 0.84339 -0.537302 0
    outer loop
      vertex 33.5852 -23.5166 64
      vertex 35.507 -20.5 0
      vertex 35.507 -20.5 64
    endloop
  endfacet
  facet normal 0.84339 -0.537302 0
    outer loop
      vertex 35.507 -20.5 0
      vertex 33.5852 -23.5166 64
      vertex 33.5852 -23.5166 0
    endloop
  endfacet
  facet normal -0.953713 0.300719 0
    outer loop
      vertex -39.603 10.6116 0
      vertex -38.5274 14.0228 64
      vertex -38.5274 14.0228 0
    endloop
  endfacet
  facet normal -0.953713 0.300719 0
    outer loop
      vertex -38.5274 14.0228 64
      vertex -39.603 10.6116 0
      vertex -39.603 10.6116 64
    endloop
  endfacet
  facet normal 0.923876 -0.382691 0
    outer loop
      vertex 37.1586 -17.3273 64
      vertex 38.5274 -14.0228 0
      vertex 38.5274 -14.0228 64
    endloop
  endfacet
  facet normal 0.923876 -0.382691 0
    outer loop
      vertex 38.5274 -14.0228 0
      vertex 37.1586 -17.3273 64
      vertex 37.1586 -17.3273 0
    endloop
  endfacet
  facet normal -0.953713 -0.300719 0
    outer loop
      vertex -38.5274 -14.0228 0
      vertex -39.603 -10.6116 64
      vertex -39.603 -10.6116 0
    endloop
  endfacet
  facet normal -0.953713 -0.300719 0
    outer loop
      vertex -39.603 -10.6116 64
      vertex -38.5274 -14.0228 0
      vertex -38.5274 -14.0228 64
    endloop
  endfacet
  facet normal 0.382691 0.923876 -0
    outer loop
      vertex 17.3273 37.1586 0
      vertex 14.0228 38.5274 64
      vertex 17.3273 37.1586 64
    endloop
  endfacet
  facet normal 0.382691 0.923876 0
    outer loop
      vertex 14.0228 38.5274 64
      vertex 17.3273 37.1586 0
      vertex 14.0228 38.5274 0
    endloop
  endfacet
  facet normal 0.887011 -0.461748 0
    outer loop
      vertex 35.507 -20.5 64
      vertex 37.1586 -17.3273 0
      vertex 37.1586 -17.3273 64
    endloop
  endfacet
  facet normal 0.887011 -0.461748 0
    outer loop
      vertex 37.1586 -17.3273 0
      vertex 35.507 -20.5 64
      vertex 35.507 -20.5 0
    endloop
  endfacet
  facet normal -0.675582 -0.737285 0
    outer loop
      vertex -28.9914 -28.9914 0
      vertex -26.3543 -31.4078 64
      vertex -28.9914 -28.9914 64
    endloop
  endfacet
  facet normal -0.675582 -0.737285 -0
    outer loop
      vertex -26.3543 -31.4078 64
      vertex -28.9914 -28.9914 0
      vertex -26.3543 -31.4078 0
    endloop
  endfacet
  facet normal -0.887011 0.461748 0
    outer loop
      vertex -37.1586 17.3273 0
      vertex -35.507 20.5 64
      vertex -35.507 20.5 0
    endloop
  endfacet
  facet normal -0.887011 0.461748 0
    outer loop
      vertex -35.507 20.5 64
      vertex -37.1586 17.3273 0
      vertex -37.1586 17.3273 64
    endloop
  endfacet
  facet normal -0.382691 -0.923876 0
    outer loop
      vertex -17.3273 -37.1586 0
      vertex -14.0228 -38.5274 64
      vertex -17.3273 -37.1586 64
    endloop
  endfacet
  facet normal -0.382691 -0.923876 -0
    outer loop
      vertex -14.0228 -38.5274 64
      vertex -17.3273 -37.1586 0
      vertex -14.0228 -38.5274 0
    endloop
  endfacet
  facet normal -0.461748 0.887011 0
    outer loop
      vertex -17.3273 37.1586 0
      vertex -20.5 35.507 64
      vertex -17.3273 37.1586 64
    endloop
  endfacet
  facet normal -0.461748 0.887011 0
    outer loop
      vertex -20.5 35.507 64
      vertex -17.3273 37.1586 0
      vertex -20.5 35.507 0
    endloop
  endfacet
  facet normal 0 0 1
    outer loop
      vertex 37.5746 10.4 64
      vertex 39.603 10.6116 64
      vertex 38.5274 14.0228 64
    endloop
  endfacet
  facet normal 0 0 1
    outer loop
      vertex 39.603 10.6116 64
      vertex 37.5746 10.4 64
      vertex 39.6499 10.4 64
    endloop
  endfacet
  facet normal 0 0 1
    outer loop
      vertex 36.648 13.3388 64
      vertex 38.5274 14.0228 64
      vertex 37.1586 17.3273 64
    endloop
  endfacet
  facet normal 0 0 1
    outer loop
      vertex 38.5274 14.0228 64
      vertex 36.648 13.3388 64
      vertex 37.5746 10.4 64
    endloop
  endfacet
  facet normal 0 0 1
    outer loop
      vertex 35.346 16.4821 64
      vertex 37.1586 17.3273 64
      vertex 35.507 20.5 64
    endloop
  endfacet
  facet normal 0 0 1
    outer loop
      vertex 37.1586 17.3273 64
      vertex 35.346 16.4821 64
      vertex 36.648 13.3388 64
    endloop
  endfacet
  facet normal 0 0 1
    outer loop
      vertex 35.507 20.5 64
      vertex 33.775 19.5 64
      vertex 35.346 16.4821 64
    endloop
  endfacet
  facet normal 0 0 1
    outer loop
      vertex 33.5852 23.5166 64
      vertex 33.775 19.5 64
      vertex 35.507 20.5 64
    endloop
  endfacet
  facet normal 0 0 1
    outer loop
      vertex 33.5852 23.5166 64
      vertex 31.9469 22.3695 64
      vertex 33.775 19.5 64
    endloop
  endfacet
  facet normal 0 0 1
    outer loop
      vertex 31.4078 26.3543 64
      vertex 31.9469 22.3695 64
      vertex 33.5852 23.5166 64
    endloop
  endfacet
  facet normal 0 0 1
    outer loop
      vertex 31.4078 26.3543 64
      vertex 29.8757 25.0687 64
      vertex 31.9469 22.3695 64
    endloop
  endfacet
  facet normal 0 0 1
    outer loop
      vertex 28.9914 28.9914 64
      vertex 29.8757 25.0687 64
      vertex 31.4078 26.3543 64
    endloop
  endfacet
  facet normal 0 0 1
    outer loop
      vertex 28.9914 28.9914 64
      vertex 27.5772 27.5772 64
      vertex 29.8757 25.0687 64
    endloop
  endfacet
  facet normal 0 0 1
    outer loop
      vertex 26.3543 31.4078 64
      vertex 27.5772 27.5772 64
      vertex 28.9914 28.9914 64
    endloop
  endfacet
  facet normal 0 0 1
    outer loop
      vertex 26.3543 31.4078 64
      vertex 25.0687 29.8757 64
      vertex 27.5772 27.5772 64
    endloop
  endfacet
  facet normal 0 0 1
    outer loop
      vertex 23.5166 33.5852 64
      vertex 25.0687 29.8757 64
      vertex 26.3543 31.4078 64
    endloop
  endfacet
  facet normal 0 0 1
    outer loop
      vertex 23.5166 33.5852 64
      vertex 22.3695 31.9469 64
      vertex 25.0687 29.8757 64
    endloop
  endfacet
  facet normal 0 0 1
    outer loop
      vertex 20.5 35.507 64
      vertex 22.3695 31.9469 64
      vertex 23.5166 33.5852 64
    endloop
  endfacet
  facet normal 0 0 1
    outer loop
      vertex 20.5 35.507 64
      vertex 19.5 33.775 64
      vertex 22.3695 31.9469 64
    endloop
  endfacet
  facet normal 0 0 1
    outer loop
      vertex 17.3273 37.1586 64
      vertex 19.5 33.775 64
      vertex 20.5 35.507 64
    endloop
  endfacet
  facet normal 0 0 1
    outer loop
      vertex 17.3273 37.1586 64
      vertex 16.4821 35.346 64
      vertex 19.5 33.775 64
    endloop
  endfacet
  facet normal 0 0 1
    outer loop
      vertex 14.0228 38.5274 64
      vertex 16.4821 35.346 64
      vertex 17.3273 37.1586 64
    endloop
  endfacet
  facet normal 0 0 1
    outer loop
      vertex 14.0228 38.5274 64
      vertex 13.3388 36.648 64
      vertex 16.4821 35.346 64
    endloop
  endfacet
  facet normal 0 0 1
    outer loop
      vertex 10.4 37.5746 64
      vertex 14.0228 38.5274 64
      vertex 10.6116 39.603 64
    endloop
  endfacet
  facet normal 0 0 1
    outer loop
      vertex 10.4 37.5746 64
      vertex 10.6116 39.603 64
      vertex 10.4 39.6499 64
    endloop
  endfacet
  facet normal 0 0 1
    outer loop
      vertex 14.0228 38.5274 64
      vertex 10.4 37.5746 64
      vertex 13.3388 36.648 64
    endloop
  endfacet
  facet normal -0 0 1
    outer loop
      vertex 37.5746 -10.4 64
      vertex 39.603 -10.6116 64
      vertex 39.6499 -10.4 64
    endloop
  endfacet
  facet normal 0 0 1
    outer loop
      vertex 39.603 -10.6116 64
      vertex 37.5746 -10.4 64
      vertex 38.5274 -14.0228 64
    endloop
  endfacet
  facet normal -0 0 1
    outer loop
      vertex 36.648 -13.3388 64
      vertex 38.5274 -14.0228 64
      vertex 37.5746 -10.4 64
    endloop
  endfacet
  facet normal 0 0 1
    outer loop
      vertex 38.5274 -14.0228 64
      vertex 36.648 -13.3388 64
      vertex 37.1586 -17.3273 64
    endloop
  endfacet
  facet normal -0 0 1
    outer loop
      vertex 35.346 -16.4821 64
      vertex 37.1586 -17.3273 64
      vertex 36.648 -13.3388 64
    endloop
  endfacet
  facet normal 0 0 1
    outer loop
      vertex 37.1586 -17.3273 64
      vertex 35.346 -16.4821 64
      vertex 35.507 -20.5 64
    endloop
  endfacet
  facet normal -0 0 1
    outer loop
      vertex 33.775 -19.5 64
      vertex 35.507 -20.5 64
      vertex 35.346 -16.4821 64
    endloop
  endfacet
  facet normal 0 0 1
    outer loop
      vertex 33.775 -19.5 64
      vertex 33.5852 -23.5166 64
      vertex 35.507 -20.5 64
    endloop
  endfacet
  facet normal -0 0 1
    outer loop
      vertex 31.9469 -22.3695 64
      vertex 33.5852 -23.5166 64
      vertex 33.775 -19.5 64
    endloop
  endfacet
  facet normal 0 0 1
    outer loop
      vertex 31.9469 -22.3695 64
      vertex 31.4078 -26.3543 64
      vertex 33.5852 -23.5166 64
    endloop
  endfacet
  facet normal -0 0 1
    outer loop
      vertex 29.8757 -25.0687 64
      vertex 31.4078 -26.3543 64
      vertex 31.9469 -22.3695 64
    endloop
  endfacet
  facet normal 0 0 1
    outer loop
      vertex 29.8757 -25.0687 64
      vertex 28.9914 -28.9914 64
      vertex 31.4078 -26.3543 64
    endloop
  endfacet
  facet normal -0 0 1
    outer loop
      vertex 27.5772 -27.5772 64
      vertex 28.9914 -28.9914 64
      vertex 29.8757 -25.0687 64
    endloop
  endfacet
  facet normal 0 0 1
    outer loop
      vertex 27.5772 -27.5772 64
      vertex 26.3543 -31.4078 64
      vertex 28.9914 -28.9914 64
    endloop
  endfacet
  facet normal -0 0 1
    outer loop
      vertex 25.0687 -29.8757 64
      vertex 26.3543 -31.4078 64
      vertex 27.5772 -27.5772 64
    endloop
  endfacet
  facet normal 0 0 1
    outer loop
      vertex 25.0687 -29.8757 64
      vertex 23.5166 -33.5852 64
      vertex 26.3543 -31.4078 64
    endloop
  endfacet
  facet normal -0 0 1
    outer loop
      vertex 22.3695 -31.9469 64
      vertex 23.5166 -33.5852 64
      vertex 25.0687 -29.8757 64
    endloop
  endfacet
  facet normal 0 0 1
    outer loop
      vertex 22.3695 -31.9469 64
      vertex 20.5 -35.507 64
      vertex 23.5166 -33.5852 64
    endloop
  endfacet
  facet normal -0 0 1
    outer loop
      vertex 19.5 -33.775 64
      vertex 20.5 -35.507 64
      vertex 22.3695 -31.9469 64
    endloop
  endfacet
  facet normal 0 0 1
    outer loop
      vertex 19.5 -33.775 64
      vertex 17.3273 -37.1586 64
      vertex 20.5 -35.507 64
    endloop
  endfacet
  facet normal -0 0 1
    outer loop
      vertex 16.4821 -35.346 64
      vertex 17.3273 -37.1586 64
      vertex 19.5 -33.775 64
    endloop
  endfacet
  facet normal 0 0 1
    outer loop
      vertex 16.4821 -35.346 64
      vertex 14.0228 -38.5274 64
      vertex 17.3273 -37.1586 64
    endloop
  endfacet
  facet normal -0 0 1
    outer loop
      vertex 13.3388 -36.648 64
      vertex 14.0228 -38.5274 64
      vertex 16.4821 -35.346 64
    endloop
  endfacet
  facet normal -0 0 1
    outer loop
      vertex 10.4 -37.5746 64
      vertex 14.0228 -38.5274 64
      vertex 13.3388 -36.648 64
    endloop
  endfacet
  facet normal 0 0 1
    outer loop
      vertex 14.0228 -38.5274 64
      vertex 10.4 -37.5746 64
      vertex 10.6116 -39.603 64
    endloop
  endfacet
  facet normal 0 0 1
    outer loop
      vertex 10.6116 -39.603 64
      vertex 10.4 -37.5746 64
      vertex 10.4 -39.6499 64
    endloop
  endfacet
  facet normal 0 0 1
    outer loop
      vertex -10.4 -37.5746 64
      vertex -10.6116 -39.603 64
      vertex -10.4 -39.6499 64
    endloop
  endfacet
  facet normal 0 0 1
    outer loop
      vertex -14.0228 -38.5274 64
      vertex -10.4 -37.5746 64
      vertex -13.3388 -36.648 64
    endloop
  endfacet
  facet normal 0 0 1
    outer loop
      vertex -10.4 -37.5746 64
      vertex -14.0228 -38.5274 64
      vertex -10.6116 -39.603 64
    endloop
  endfacet
  facet normal 0 0 1
    outer loop
      vertex -16.4821 -35.346 64
      vertex -14.0228 -38.5274 64
      vertex -13.3388 -36.648 64
    endloop
  endfacet
  facet normal 0 0 1
    outer loop
      vertex -16.4821 -35.346 64
      vertex -17.3273 -37.1586 64
      vertex -14.0228 -38.5274 64
    endloop
  endfacet
  facet normal 0 0 1
    outer loop
      vertex -19.5 -33.775 64
      vertex -17.3273 -37.1586 64
      vertex -16.4821 -35.346 64
    endloop
  endfacet
  facet normal 0 0 1
    outer loop
      vertex -19.5 -33.775 64
      vertex -20.5 -35.507 64
      vertex -17.3273 -37.1586 64
    endloop
  endfacet
  facet normal 0 0 1
    outer loop
      vertex -22.3695 -31.9469 64
      vertex -20.5 -35.507 64
      vertex -19.5 -33.775 64
    endloop
  endfacet
  facet normal 0 0 1
    outer loop
      vertex -22.3695 -31.9469 64
      vertex -23.5166 -33.5852 64
      vertex -20.5 -35.507 64
    endloop
  endfacet
  facet normal 0 0 1
    outer loop
      vertex -25.0687 -29.8757 64
      vertex -23.5166 -33.5852 64
      vertex -22.3695 -31.9469 64
    endloop
  endfacet
  facet normal 0 0 1
    outer loop
      vertex -25.0687 -29.8757 64
      vertex -26.3543 -31.4078 64
      vertex -23.5166 -33.5852 64
    endloop
  endfacet
  facet normal 0 0 1
    outer loop
      vertex -27.5772 -27.5772 64
      vertex -26.3543 -31.4078 64
      vertex -25.0687 -29.8757 64
    endloop
  endfacet
  facet normal 0 0 1
    outer loop
      vertex -27.5772 -27.5772 64
      vertex -28.9914 -28.9914 64
      vertex -26.3543 -31.4078 64
    endloop
  endfacet
  facet normal 0 0 1
    outer loop
      vertex -29.8757 -25.0687 64
      vertex -28.9914 -28.9914 64
      vertex -27.5772 -27.5772 64
    endloop
  endfacet
  facet normal 0 0 1
    outer loop
      vertex -29.8757 -25.0687 64
      vertex -31.4078 -26.3543 64
      vertex -28.9914 -28.9914 64
    endloop
  endfacet
  facet normal 0 0 1
    outer loop
      vertex -31.9469 -22.3695 64
      vertex -31.4078 -26.3543 64
      vertex -29.8757 -25.0687 64
    endloop
  endfacet
  facet normal 0 0 1
    outer loop
      vertex -31.9469 -22.3695 64
      vertex -33.5852 -23.5166 64
      vertex -31.4078 -26.3543 64
    endloop
  endfacet
  facet normal 0 0 1
    outer loop
      vertex -33.775 -19.5 64
      vertex -33.5852 -23.5166 64
      vertex -31.9469 -22.3695 64
    endloop
  endfacet
  facet normal 0 0 1
    outer loop
      vertex -35.507 -20.5 64
      vertex -33.775 -19.5 64
      vertex -35.346 -16.4821 64
    endloop
  endfacet
  facet normal 0 0 1
    outer loop
      vertex -33.775 -19.5 64
      vertex -35.507 -20.5 64
      vertex -33.5852 -23.5166 64
    endloop
  endfacet
  facet normal 0 0 1
    outer loop
      vertex -37.1586 -17.3273 64
      vertex -35.346 -16.4821 64
      vertex -36.648 -13.3388 64
    endloop
  endfacet
  facet normal 0 0 1
    outer loop
      vertex -35.346 -16.4821 64
      vertex -37.1586 -17.3273 64
      vertex -35.507 -20.5 64
    endloop
  endfacet
  facet normal 0 0 1
    outer loop
      vertex -38.5274 -14.0228 64
      vertex -36.648 -13.3388 64
      vertex -37.5746 -10.4 64
    endloop
  endfacet
  facet normal 0 0 1
    outer loop
      vertex -36.648 -13.3388 64
      vertex -38.5274 -14.0228 64
      vertex -37.1586 -17.3273 64
    endloop
  endfacet
  facet normal 0 0 1
    outer loop
      vertex -37.5746 -10.4 64
      vertex -39.603 -10.6116 64
      vertex -38.5274 -14.0228 64
    endloop
  endfacet
  facet normal 0 -0 1
    outer loop
      vertex -39.603 -10.6116 64
      vertex -37.5746 -10.4 64
      vertex -39.6499 -10.4 64
    endloop
  endfacet
  facet normal -0 0 1
    outer loop
      vertex -10.6116 39.603 64
      vertex -10.4 37.5746 64
      vertex -10.4 39.6499 64
    endloop
  endfacet
  facet normal -0 0 1
    outer loop
      vertex -14.0228 38.5274 64
      vertex -10.4 37.5746 64
      vertex -10.6116 39.603 64
    endloop
  endfacet
  facet normal 0 0 1
    outer loop
      vertex -10.4 37.5746 64
      vertex -14.0228 38.5274 64
      vertex -13.3388 36.648 64
    endloop
  endfacet
  facet normal 0 0 1
    outer loop
      vertex -14.0228 38.5274 64
      vertex -16.4821 35.346 64
      vertex -13.3388 36.648 64
    endloop
  endfacet
  facet normal -0 0 1
    outer loop
      vertex -17.3273 37.1586 64
      vertex -16.4821 35.346 64
      vertex -14.0228 38.5274 64
    endloop
  endfacet
  facet normal 0 0 1
    outer loop
      vertex -17.3273 37.1586 64
      vertex -19.5 33.775 64
      vertex -16.4821 35.346 64
    endloop
  endfacet
  facet normal -0 0 1
    outer loop
      vertex -20.5 35.507 64
      vertex -19.5 33.775 64
      vertex -17.3273 37.1586 64
    endloop
  endfacet
  facet normal 0 0 1
    outer loop
      vertex -20.5 35.507 64
      vertex -22.3695 31.9469 64
      vertex -19.5 33.775 64
    endloop
  endfacet
  facet normal -0 0 1
    outer loop
      vertex -23.5166 33.5852 64
      vertex -22.3695 31.9469 64
      vertex -20.5 35.507 64
    endloop
  endfacet
  facet normal 0 0 1
    outer loop
      vertex -23.5166 33.5852 64
      vertex -25.0687 29.8757 64
      vertex -22.3695 31.9469 64
    endloop
  endfacet
  facet normal -0 0 1
    outer loop
      vertex -26.3543 31.4078 64
      vertex -25.0687 29.8757 64
      vertex -23.5166 33.5852 64
    endloop
  endfacet
  facet normal 0 0 1
    outer loop
      vertex -26.3543 31.4078 64
      vertex -27.5772 27.5772 64
      vertex -25.0687 29.8757 64
    endloop
  endfacet
  facet normal -0 0 1
    outer loop
      vertex -28.9914 28.9914 64
      vertex -27.5772 27.5772 64
      vertex -26.3543 31.4078 64
    endloop
  endfacet
  facet normal 0 0 1
    outer loop
      vertex -28.9914 28.9914 64
      vertex -29.8757 25.0687 64
      vertex -27.5772 27.5772 64
    endloop
  endfacet
  facet normal -0 0 1
    outer loop
      vertex -31.4078 26.3543 64
      vertex -29.8757 25.0687 64
      vertex -28.9914 28.9914 64
    endloop
  endfacet
  facet normal 0 0 1
    outer loop
      vertex -31.4078 26.3543 64
      vertex -31.9469 22.3695 64
      vertex -29.8757 25.0687 64
    endloop
  endfacet
  facet normal -0 0 1
    outer loop
      vertex -33.5852 23.5166 64
      vertex -31.9469 22.3695 64
      vertex -31.4078 26.3543 64
    endloop
  endfacet
  facet normal 0 0 1
    outer loop
      vertex -33.5852 23.5166 64
      vertex -33.775 19.5 64
      vertex -31.9469 22.3695 64
    endloop
  endfacet
  facet normal -0 0 1
    outer loop
      vertex -35.507 20.5 64
      vertex -33.775 19.5 64
      vertex -33.5852 23.5166 64
    endloop
  endfacet
  facet normal 0 0 1
    outer loop
      vertex -33.775 19.5 64
      vertex -35.507 20.5 64
      vertex -35.346 16.4821 64
    endloop
  endfacet
  facet normal -0 0 1
    outer loop
      vertex -37.1586 17.3273 64
      vertex -35.346 16.4821 64
      vertex -35.507 20.5 64
    endloop
  endfacet
  facet normal 0 0 1
    outer loop
      vertex -35.346 16.4821 64
      vertex -37.1586 17.3273 64
      vertex -36.648 13.3388 64
    endloop
  endfacet
  facet normal -0 0 1
    outer loop
      vertex -38.5274 14.0228 64
      vertex -36.648 13.3388 64
      vertex -37.1586 17.3273 64
    endloop
  endfacet
  facet normal 0 0 1
    outer loop
      vertex -36.648 13.3388 64
      vertex -38.5274 14.0228 64
      vertex -37.5746 10.4 64
    endloop
  endfacet
  facet normal -0 0 1
    outer loop
      vertex -39.603 10.6116 64
      vertex -37.5746 10.4 64
      vertex -38.5274 14.0228 64
    endloop
  endfacet
  facet normal 0 0 1
    outer loop
      vertex -37.5746 10.4 64
      vertex -39.603 10.6116 64
      vertex -39.6499 10.4 64
    endloop
  endfacet
  facet normal 0.737285 -0.675582 0
    outer loop
      vertex 28.9914 -28.9914 64
      vertex 31.4078 -26.3543 0
      vertex 31.4078 -26.3543 64
    endloop
  endfacet
  facet normal 0.737285 -0.675582 0
    outer loop
      vertex 31.4078 -26.3543 0
      vertex 28.9914 -28.9914 64
      vertex 28.9914 -28.9914 0
    endloop
  endfacet
  facet normal -0.130536 0.991444 0
    outer loop
      vertex -3.57339 40.844 0
      vertex -7.11957 40.3771 7.6
      vertex -3.57339 40.844 7.6
    endloop
  endfacet
  facet normal -0.130536 0.991444 0
    outer loop
      vertex -7.11957 40.3771 7.6
      vertex -3.57339 40.844 0
      vertex -7.11957 40.3771 0
    endloop
  endfacet
  facet normal -0.737285 -0.675582 0
    outer loop
      vertex -28.9914 -28.9914 0
      vertex -31.4078 -26.3543 64
      vertex -31.4078 -26.3543 0
    endloop
  endfacet
  facet normal -0.737285 -0.675582 0
    outer loop
      vertex -31.4078 -26.3543 64
      vertex -28.9914 -28.9914 0
      vertex -28.9914 -28.9914 64
    endloop
  endfacet
  facet normal 0.216393 -0.976306 0
    outer loop
      vertex 10.4 -39.6499 7.6
      vertex 10.6116 -39.603 64
      vertex 10.4 -39.6499 64
    endloop
  endfacet
  facet normal 0.216393 -0.976306 0
    outer loop
      vertex 10.4 -39.6499 7.6
      vertex 10.6116 -39.603 0
      vertex 10.6116 -39.603 64
    endloop
  endfacet
  facet normal 0.216422 -0.9763 8.59081e-07
    outer loop
      vertex 10.6116 -39.603 0
      vertex 10.4 -39.6499 7.6
      vertex 7.11957 -40.3771 0
    endloop
  endfacet
  facet normal 0.216424 -0.976299 0
    outer loop
      vertex 7.11957 -40.3771 7.6
      vertex 7.11957 -40.3771 0
      vertex 10.4 -39.6499 7.6
    endloop
  endfacet
  facet normal -0.737285 0.675582 0
    outer loop
      vertex -31.4078 26.3543 0
      vertex -28.9914 28.9914 64
      vertex -28.9914 28.9914 0
    endloop
  endfacet
  facet normal -0.737285 0.675582 0
    outer loop
      vertex -28.9914 28.9914 64
      vertex -31.4078 26.3543 0
      vertex -31.4078 26.3543 64
    endloop
  endfacet
  facet normal -0.976306 0.216393 0
    outer loop
      vertex -39.603 10.6116 0
      vertex -39.6499 10.4 19.6
      vertex -39.603 10.6116 64
    endloop
  endfacet
  facet normal -0.9763 0.216422 3.33113e-07
    outer loop
      vertex -40.3771 7.11957 0
      vertex -39.6499 10.4 19.6
      vertex -39.603 10.6116 0
    endloop
  endfacet
  facet normal -0.976299 0.216424 0
    outer loop
      vertex -39.6499 10.4 19.6
      vertex -40.3771 7.11957 0
      vertex -40.3771 7.11957 19.6
    endloop
  endfacet
  facet normal -0.976306 0.216393 0
    outer loop
      vertex -39.603 10.6116 64
      vertex -39.6499 10.4 19.6
      vertex -39.6499 10.4 64
    endloop
  endfacet
  facet normal -0.461748 -0.887011 0
    outer loop
      vertex -20.5 -35.507 0
      vertex -17.3273 -37.1586 64
      vertex -20.5 -35.507 64
    endloop
  endfacet
  facet normal -0.461748 -0.887011 -0
    outer loop
      vertex -17.3273 -37.1586 64
      vertex -20.5 -35.507 0
      vertex -17.3273 -37.1586 0
    endloop
  endfacet
  facet normal 0.84339 0.537302 0
    outer loop
      vertex 35.507 20.5 64
      vertex 33.5852 23.5166 0
      vertex 33.5852 23.5166 64
    endloop
  endfacet
  facet normal 0.84339 0.537302 0
    outer loop
      vertex 33.5852 23.5166 0
      vertex 35.507 20.5 64
      vertex 35.507 20.5 0
    endloop
  endfacet
  facet normal -0.0436145 0.999048 0
    outer loop
      vertex 0 41 0
      vertex -3.57339 40.844 7.6
      vertex 0 41 7.6
    endloop
  endfacet
  facet normal -0.0436145 0.999048 0
    outer loop
      vertex -3.57339 40.844 7.6
      vertex 0 41 0
      vertex -3.57339 40.844 0
    endloop
  endfacet
  facet normal 0.537302 0.84339 -0
    outer loop
      vertex 23.5166 33.5852 0
      vertex 20.5 35.507 64
      vertex 23.5166 33.5852 64
    endloop
  endfacet
  facet normal 0.537302 0.84339 0
    outer loop
      vertex 20.5 35.507 64
      vertex 23.5166 33.5852 0
      vertex 20.5 35.507 0
    endloop
  endfacet
  facet normal -0.793359 -0.608754 0
    outer loop
      vertex -31.4078 -26.3543 0
      vertex -33.5852 -23.5166 64
      vertex -33.5852 -23.5166 0
    endloop
  endfacet
  facet normal -0.793359 -0.608754 0
    outer loop
      vertex -33.5852 -23.5166 64
      vertex -31.4078 -26.3543 0
      vertex -31.4078 -26.3543 64
    endloop
  endfacet
  facet normal -0.991444 -0.130536 0
    outer loop
      vertex -40.3771 -7.11957 0
      vertex -40.844 -3.57339 19.6
      vertex -40.844 -3.57339 0
    endloop
  endfacet
  facet normal -0.991444 -0.130536 0
    outer loop
      vertex -40.844 -3.57339 19.6
      vertex -40.3771 -7.11957 0
      vertex -40.3771 -7.11957 19.6
    endloop
  endfacet
  facet normal 0.923876 0.382691 0
    outer loop
      vertex 38.5274 14.0228 64
      vertex 37.1586 17.3273 0
      vertex 37.1586 17.3273 64
    endloop
  endfacet
  facet normal 0.923876 0.382691 0
    outer loop
      vertex 37.1586 17.3273 0
      vertex 38.5274 14.0228 64
      vertex 38.5274 14.0228 0
    endloop
  endfacet
  facet normal -0.999048 0.0436145 0
    outer loop
      vertex -41 0 0
      vertex -40.844 3.57339 19.6
      vertex -40.844 3.57339 0
    endloop
  endfacet
  facet normal -0.999048 0.0436145 0
    outer loop
      vertex -40.844 3.57339 19.6
      vertex -41 0 0
      vertex -41 0 19.6
    endloop
  endfacet
  facet normal -0.537302 0.84339 0
    outer loop
      vertex -20.5 35.507 0
      vertex -23.5166 33.5852 64
      vertex -20.5 35.507 64
    endloop
  endfacet
  facet normal -0.537302 0.84339 0
    outer loop
      vertex -23.5166 33.5852 64
      vertex -20.5 35.507 0
      vertex -23.5166 33.5852 0
    endloop
  endfacet
  facet normal 0.793359 -0.608754 0
    outer loop
      vertex 31.4078 -26.3543 64
      vertex 33.5852 -23.5166 0
      vertex 33.5852 -23.5166 64
    endloop
  endfacet
  facet normal 0.793359 -0.608754 0
    outer loop
      vertex 33.5852 -23.5166 0
      vertex 31.4078 -26.3543 64
      vertex 31.4078 -26.3543 0
    endloop
  endfacet
  facet normal -0.130536 -0.991444 0
    outer loop
      vertex -7.11957 -40.3771 0
      vertex -3.57339 -40.844 7.6
      vertex -7.11957 -40.3771 7.6
    endloop
  endfacet
  facet normal -0.130536 -0.991444 -0
    outer loop
      vertex -3.57339 -40.844 7.6
      vertex -7.11957 -40.3771 0
      vertex -3.57339 -40.844 0
    endloop
  endfacet
  facet normal 0 0 -1
    outer loop
      vertex 16.5 0 0
      vertex 41 0 0
      vertex 40.844 -3.57339 0
    endloop
  endfacet
  facet normal 0 0 -1
    outer loop
      vertex 16.4372 -1.43807 0
      vertex 40.844 -3.57339 0
      vertex 40.3771 -7.11957 0
    endloop
  endfacet
  facet normal 0 0 -1
    outer loop
      vertex 41 0 0
      vertex 16.5 0 0
      vertex 40.844 3.57339 0
    endloop
  endfacet
  facet normal 0 0 -1
    outer loop
      vertex 16.2493 -2.86519 0
      vertex 40.3771 -7.11957 0
      vertex 39.603 -10.6116 0
    endloop
  endfacet
  facet normal 0 0 -1
    outer loop
      vertex 16.4372 1.43807 0
      vertex 40.844 3.57339 0
      vertex 16.5 0 0
    endloop
  endfacet
  facet normal 0 0 -1
    outer loop
      vertex 15.9378 -4.27051 0
      vertex 39.603 -10.6116 0
      vertex 38.5274 -14.0228 0
    endloop
  endfacet
  facet normal -0 0 -1
    outer loop
      vertex 40.844 3.57339 0
      vertex 16.4372 1.43807 0
      vertex 40.3771 7.11957 0
    endloop
  endfacet
  facet normal 0 0 -1
    outer loop
      vertex 15.5049 -5.64333 0
      vertex 38.5274 -14.0228 0
      vertex 37.1586 -17.3273 0
    endloop
  endfacet
  facet normal 0 0 -1
    outer loop
      vertex 16.2493 2.86519 0
      vertex 40.3771 7.11957 0
      vertex 16.4372 1.43807 0
    endloop
  endfacet
  facet normal 0 0 -1
    outer loop
      vertex 14.9541 -6.9732 0
      vertex 37.1586 -17.3273 0
      vertex 35.507 -20.5 0
    endloop
  endfacet
  facet normal -0 0 -1
    outer loop
      vertex 40.3771 7.11957 0
      vertex 16.2493 2.86519 0
      vertex 39.603 10.6116 0
    endloop
  endfacet
  facet normal 0 0 -1
    outer loop
      vertex 14.2894 -8.25 0
      vertex 35.507 -20.5 0
      vertex 33.5852 -23.5166 0
    endloop
  endfacet
  facet normal 0 0 -1
    outer loop
      vertex 15.9378 4.27051 0
      vertex 39.603 10.6116 0
      vertex 16.2493 2.86519 0
    endloop
  endfacet
  facet normal 0 0 -1
    outer loop
      vertex 13.516 -9.46401 0
      vertex 33.5852 -23.5166 0
      vertex 31.4078 -26.3543 0
    endloop
  endfacet
  facet normal -0 0 -1
    outer loop
      vertex 39.603 10.6116 0
      vertex 15.9378 4.27051 0
      vertex 38.5274 14.0228 0
    endloop
  endfacet
  facet normal 0 0 -1
    outer loop
      vertex 12.6397 -10.606 0
      vertex 31.4078 -26.3543 0
      vertex 28.9914 -28.9914 0
    endloop
  endfacet
  facet normal 0 0 -1
    outer loop
      vertex 15.5049 5.64333 0
      vertex 38.5274 14.0228 0
      vertex 15.9378 4.27051 0
    endloop
  endfacet
  facet normal 0 0 -1
    outer loop
      vertex 11.6673 -11.6673 0
      vertex 28.9914 -28.9914 0
      vertex 26.3543 -31.4078 0
    endloop
  endfacet
  facet normal -0 0 -1
    outer loop
      vertex 38.5274 14.0228 0
      vertex 15.5049 5.64333 0
      vertex 37.1586 17.3273 0
    endloop
  endfacet
  facet normal 0 0 -1
    outer loop
      vertex 10.606 -12.6397 0
      vertex 26.3543 -31.4078 0
      vertex 23.5166 -33.5852 0
    endloop
  endfacet
  facet normal 0 0 -1
    outer loop
      vertex 14.9541 6.9732 0
      vertex 37.1586 17.3273 0
      vertex 15.5049 5.64333 0
    endloop
  endfacet
  facet normal 0 0 -1
    outer loop
      vertex 9.46401 -13.516 0
      vertex 23.5166 -33.5852 0
      vertex 20.5 -35.507 0
    endloop
  endfacet
  facet normal -0 0 -1
    outer loop
      vertex 37.1586 17.3273 0
      vertex 14.9541 6.9732 0
      vertex 35.507 20.5 0
    endloop
  endfacet
  facet normal 0 0 -1
    outer loop
      vertex 8.25 -14.2894 0
      vertex 20.5 -35.507 0
      vertex 17.3273 -37.1586 0
    endloop
  endfacet
  facet normal 0 0 -1
    outer loop
      vertex 14.2894 8.25 0
      vertex 35.507 20.5 0
      vertex 14.9541 6.9732 0
    endloop
  endfacet
  facet normal -0 0 -1
    outer loop
      vertex 35.507 20.5 0
      vertex 14.2894 8.25 0
      vertex 33.5852 23.5166 0
    endloop
  endfacet
  facet normal 0 0 -1
    outer loop
      vertex 40.844 -3.57339 0
      vertex 16.4372 -1.43807 0
      vertex 16.5 0 0
    endloop
  endfacet
  facet normal 0 0 -1
    outer loop
      vertex 40.3771 -7.11957 0
      vertex 16.2493 -2.86519 0
      vertex 16.4372 -1.43807 0
    endloop
  endfacet
  facet normal 0 0 -1
    outer loop
      vertex 39.603 -10.6116 0
      vertex 15.9378 -4.27051 0
      vertex 16.2493 -2.86519 0
    endloop
  endfacet
  facet normal 0 0 -1
    outer loop
      vertex 38.5274 -14.0228 0
      vertex 15.5049 -5.64333 0
      vertex 15.9378 -4.27051 0
    endloop
  endfacet
  facet normal 0 0 -1
    outer loop
      vertex 37.1586 -17.3273 0
      vertex 14.9541 -6.9732 0
      vertex 15.5049 -5.64333 0
    endloop
  endfacet
  facet normal 0 0 -1
    outer loop
      vertex 35.507 -20.5 0
      vertex 14.2894 -8.25 0
      vertex 14.9541 -6.9732 0
    endloop
  endfacet
  facet normal 0 0 -1
    outer loop
      vertex 6.9732 -14.9541 0
      vertex 17.3273 -37.1586 0
      vertex 14.0228 -38.5274 0
    endloop
  endfacet
  facet normal 0 0 -1
    outer loop
      vertex 33.5852 -23.5166 0
      vertex 13.516 -9.46401 0
      vertex 14.2894 -8.25 0
    endloop
  endfacet
  facet normal 0 0 -1
    outer loop
      vertex 31.4078 -26.3543 0
      vertex 12.6397 -10.606 0
      vertex 13.516 -9.46401 0
    endloop
  endfacet
  facet normal 0 0 -1
    outer loop
      vertex 28.9914 -28.9914 0
      vertex 11.6673 -11.6673 0
      vertex 12.6397 -10.606 0
    endloop
  endfacet
  facet normal 0 0 -1
    outer loop
      vertex 5.64333 -15.5049 0
      vertex 14.0228 -38.5274 0
      vertex 10.6116 -39.603 0
    endloop
  endfacet
  facet normal 0 0 -1
    outer loop
      vertex 26.3543 -31.4078 0
      vertex 10.606 -12.6397 0
      vertex 11.6673 -11.6673 0
    endloop
  endfacet
  facet normal 0 0 -1
    outer loop
      vertex 23.5166 -33.5852 0
      vertex 9.46401 -13.516 0
      vertex 10.606 -12.6397 0
    endloop
  endfacet
  facet normal 0 0 -1
    outer loop
      vertex 20.5 -35.507 0
      vertex 8.25 -14.2894 0
      vertex 9.46401 -13.516 0
    endloop
  endfacet
  facet normal 0 0 -1
    outer loop
      vertex 4.27051 -15.9378 0
      vertex 10.6116 -39.603 0
      vertex 7.11957 -40.3771 0
    endloop
  endfacet
  facet normal 0 0 -1
    outer loop
      vertex 17.3273 -37.1586 0
      vertex 6.9732 -14.9541 0
      vertex 8.25 -14.2894 0
    endloop
  endfacet
  facet normal 0 0 -1
    outer loop
      vertex 14.0228 -38.5274 0
      vertex 5.64333 -15.5049 0
      vertex 6.9732 -14.9541 0
    endloop
  endfacet
  facet normal 0 0 -1
    outer loop
      vertex 10.6116 -39.603 0
      vertex 4.27051 -15.9378 0
      vertex 5.64333 -15.5049 0
    endloop
  endfacet
  facet normal 0 0 -1
    outer loop
      vertex 2.86519 -16.2493 0
      vertex 7.11957 -40.3771 0
      vertex 3.57339 -40.844 0
    endloop
  endfacet
  facet normal 0 0 -1
    outer loop
      vertex 7.11957 -40.3771 0
      vertex 2.86519 -16.2493 0
      vertex 4.27051 -15.9378 0
    endloop
  endfacet
  facet normal 0 0 -1
    outer loop
      vertex 3.57339 -40.844 0
      vertex 1.43807 -16.4372 0
      vertex 2.86519 -16.2493 0
    endloop
  endfacet
  facet normal 0 0 -1
    outer loop
      vertex 0 -41 0
      vertex 1.43807 -16.4372 0
      vertex 3.57339 -40.844 0
    endloop
  endfacet
  facet normal 0 0 -1
    outer loop
      vertex 0 -41 0
      vertex 0 -16.5 0
      vertex 1.43807 -16.4372 0
    endloop
  endfacet
  facet normal 0 0 -1
    outer loop
      vertex 0 -41 0
      vertex -1.43807 -16.4372 0
      vertex 0 -16.5 0
    endloop
  endfacet
  facet normal 0 0 -1
    outer loop
      vertex -3.57339 -40.844 0
      vertex -1.43807 -16.4372 0
      vertex 0 -41 0
    endloop
  endfacet
  facet normal -0 0 -1
    outer loop
      vertex -1.43807 -16.4372 0
      vertex -3.57339 -40.844 0
      vertex -2.86519 -16.2493 0
    endloop
  endfacet
  facet normal 0 0 -1
    outer loop
      vertex -7.11957 -40.3771 0
      vertex -2.86519 -16.2493 0
      vertex -3.57339 -40.844 0
    endloop
  endfacet
  facet normal -0 0 -1
    outer loop
      vertex -2.86519 -16.2493 0
      vertex -7.11957 -40.3771 0
      vertex -4.27051 -15.9378 0
    endloop
  endfacet
  facet normal 0 0 -1
    outer loop
      vertex -10.6116 -39.603 0
      vertex -4.27051 -15.9378 0
      vertex -7.11957 -40.3771 0
    endloop
  endfacet
  facet normal -0 0 -1
    outer loop
      vertex -4.27051 -15.9378 0
      vertex -10.6116 -39.603 0
      vertex -5.64333 -15.5049 0
    endloop
  endfacet
  facet normal 0 0 -1
    outer loop
      vertex -14.0228 -38.5274 0
      vertex -5.64333 -15.5049 0
      vertex -10.6116 -39.603 0
    endloop
  endfacet
  facet normal -0 0 -1
    outer loop
      vertex -5.64333 -15.5049 0
      vertex -14.0228 -38.5274 0
      vertex -6.9732 -14.9541 0
    endloop
  endfacet
  facet normal 0 0 -1
    outer loop
      vertex -17.3273 -37.1586 0
      vertex -6.9732 -14.9541 0
      vertex -14.0228 -38.5274 0
    endloop
  endfacet
  facet normal -0 0 -1
    outer loop
      vertex -6.9732 -14.9541 0
      vertex -17.3273 -37.1586 0
      vertex -8.25 -14.2894 0
    endloop
  endfacet
  facet normal 0 0 -1
    outer loop
      vertex -20.5 -35.507 0
      vertex -8.25 -14.2894 0
      vertex -17.3273 -37.1586 0
    endloop
  endfacet
  facet normal -0 0 -1
    outer loop
      vertex -8.25 -14.2894 0
      vertex -20.5 -35.507 0
      vertex -9.46401 -13.516 0
    endloop
  endfacet
  facet normal 0 0 -1
    outer loop
      vertex -23.5166 -33.5852 0
      vertex -9.46401 -13.516 0
      vertex -20.5 -35.507 0
    endloop
  endfacet
  facet normal -0 0 -1
    outer loop
      vertex -9.46401 -13.516 0
      vertex -23.5166 -33.5852 0
      vertex -10.606 -12.6397 0
    endloop
  endfacet
  facet normal 0 0 -1
    outer loop
      vertex -26.3543 -31.4078 0
      vertex -10.606 -12.6397 0
      vertex -23.5166 -33.5852 0
    endloop
  endfacet
  facet normal -0 0 -1
    outer loop
      vertex -10.606 -12.6397 0
      vertex -26.3543 -31.4078 0
      vertex -11.6673 -11.6673 0
    endloop
  endfacet
  facet normal 0 0 -1
    outer loop
      vertex -28.9914 -28.9914 0
      vertex -11.6673 -11.6673 0
      vertex -26.3543 -31.4078 0
    endloop
  endfacet
  facet normal -0 0 -1
    outer loop
      vertex -11.6673 -11.6673 0
      vertex -28.9914 -28.9914 0
      vertex -12.6397 -10.606 0
    endloop
  endfacet
  facet normal 0 0 -1
    outer loop
      vertex -31.4078 -26.3543 0
      vertex -12.6397 -10.606 0
      vertex -28.9914 -28.9914 0
    endloop
  endfacet
  facet normal -0 0 -1
    outer loop
      vertex -12.6397 -10.606 0
      vertex -31.4078 -26.3543 0
      vertex -13.516 -9.46401 0
    endloop
  endfacet
  facet normal -0 0 -1
    outer loop
      vertex -13.516 -9.46401 0
      vertex -33.5852 -23.5166 0
      vertex -14.2894 -8.25 0
    endloop
  endfacet
  facet normal 0 0 -1
    outer loop
      vertex -33.5852 -23.5166 0
      vertex -13.516 -9.46401 0
      vertex -31.4078 -26.3543 0
    endloop
  endfacet
  facet normal 0 0 -1
    outer loop
      vertex 13.516 9.46401 0
      vertex 33.5852 23.5166 0
      vertex 14.2894 8.25 0
    endloop
  endfacet
  facet normal -0 0 -1
    outer loop
      vertex 33.5852 23.5166 0
      vertex 13.516 9.46401 0
      vertex 31.4078 26.3543 0
    endloop
  endfacet
  facet normal 0 0 -1
    outer loop
      vertex 12.6397 10.606 0
      vertex 31.4078 26.3543 0
      vertex 13.516 9.46401 0
    endloop
  endfacet
  facet normal -0 0 -1
    outer loop
      vertex 31.4078 26.3543 0
      vertex 12.6397 10.606 0
      vertex 28.9914 28.9914 0
    endloop
  endfacet
  facet normal 0 0 -1
    outer loop
      vertex 11.6673 11.6673 0
      vertex 28.9914 28.9914 0
      vertex 12.6397 10.606 0
    endloop
  endfacet
  facet normal -0 0 -1
    outer loop
      vertex 28.9914 28.9914 0
      vertex 11.6673 11.6673 0
      vertex 26.3543 31.4078 0
    endloop
  endfacet
  facet normal 0 0 -1
    outer loop
      vertex 10.606 12.6397 0
      vertex 26.3543 31.4078 0
      vertex 11.6673 11.6673 0
    endloop
  endfacet
  facet normal -0 0 -1
    outer loop
      vertex 26.3543 31.4078 0
      vertex 10.606 12.6397 0
      vertex 23.5166 33.5852 0
    endloop
  endfacet
  facet normal 0 0 -1
    outer loop
      vertex 9.46401 13.516 0
      vertex 23.5166 33.5852 0
      vertex 10.606 12.6397 0
    endloop
  endfacet
  facet normal -0 0 -1
    outer loop
      vertex 23.5166 33.5852 0
      vertex 9.46401 13.516 0
      vertex 20.5 35.507 0
    endloop
  endfacet
  facet normal 0 0 -1
    outer loop
      vertex 8.25 14.2894 0
      vertex 20.5 35.507 0
      vertex 9.46401 13.516 0
    endloop
  endfacet
  facet normal -0 0 -1
    outer loop
      vertex 20.5 35.507 0
      vertex 8.25 14.2894 0
      vertex 17.3273 37.1586 0
    endloop
  endfacet
  facet normal 0 0 -1
    outer loop
      vertex 6.9732 14.9541 0
      vertex 17.3273 37.1586 0
      vertex 8.25 14.2894 0
    endloop
  endfacet
  facet normal -0 0 -1
    outer loop
      vertex 17.3273 37.1586 0
      vertex 6.9732 14.9541 0
      vertex 14.0228 38.5274 0
    endloop
  endfacet
  facet normal 0 0 -1
    outer loop
      vertex 5.64333 15.5049 0
      vertex 14.0228 38.5274 0
      vertex 6.9732 14.9541 0
    endloop
  endfacet
  facet normal -0 0 -1
    outer loop
      vertex 14.0228 38.5274 0
      vertex 5.64333 15.5049 0
      vertex 10.6116 39.603 0
    endloop
  endfacet
  facet normal 0 0 -1
    outer loop
      vertex 4.27051 15.9378 0
      vertex 10.6116 39.603 0
      vertex 5.64333 15.5049 0
    endloop
  endfacet
  facet normal -0 0 -1
    outer loop
      vertex 10.6116 39.603 0
      vertex 4.27051 15.9378 0
      vertex 7.11957 40.3771 0
    endloop
  endfacet
  facet normal 0 0 -1
    outer loop
      vertex 2.86519 16.2493 0
      vertex 7.11957 40.3771 0
      vertex 4.27051 15.9378 0
    endloop
  endfacet
  facet normal -0 0 -1
    outer loop
      vertex 7.11957 40.3771 0
      vertex 2.86519 16.2493 0
      vertex 3.57339 40.844 0
    endloop
  endfacet
  facet normal 0 0 -1
    outer loop
      vertex 1.43807 16.4372 0
      vertex 3.57339 40.844 0
      vertex 2.86519 16.2493 0
    endloop
  endfacet
  facet normal 0 0 -1
    outer loop
      vertex 0 16.5 0
      vertex 3.57339 40.844 0
      vertex 1.43807 16.4372 0
    endloop
  endfacet
  facet normal 0 0 -1
    outer loop
      vertex 0 16.5 0
      vertex 0 41 0
      vertex 3.57339 40.844 0
    endloop
  endfacet
  facet normal 0 0 -1
    outer loop
      vertex -1.43807 16.4372 0
      vertex 0 41 0
      vertex 0 16.5 0
    endloop
  endfacet
  facet normal 0 0 -1
    outer loop
      vertex -3.57339 40.844 0
      vertex -1.43807 16.4372 0
      vertex -2.86519 16.2493 0
    endloop
  endfacet
  facet normal 0 0 -1
    outer loop
      vertex -1.43807 16.4372 0
      vertex -3.57339 40.844 0
      vertex 0 41 0
    endloop
  endfacet
  facet normal 0 0 -1
    outer loop
      vertex -7.11957 40.3771 0
      vertex -2.86519 16.2493 0
      vertex -4.27051 15.9378 0
    endloop
  endfacet
  facet normal 0 0 -1
    outer loop
      vertex -10.6116 39.603 0
      vertex -4.27051 15.9378 0
      vertex -5.64333 15.5049 0
    endloop
  endfacet
  facet normal 0 0 -1
    outer loop
      vertex -14.0228 38.5274 0
      vertex -5.64333 15.5049 0
      vertex -6.9732 14.9541 0
    endloop
  endfacet
  facet normal 0 0 -1
    outer loop
      vertex -2.86519 16.2493 0
      vertex -7.11957 40.3771 0
      vertex -3.57339 40.844 0
    endloop
  endfacet
  facet normal 0 0 -1
    outer loop
      vertex -17.3273 37.1586 0
      vertex -6.9732 14.9541 0
      vertex -8.25 14.2894 0
    endloop
  endfacet
  facet normal 0 0 -1
    outer loop
      vertex -20.5 35.507 0
      vertex -8.25 14.2894 0
      vertex -9.46401 13.516 0
    endloop
  endfacet
  facet normal 0 0 -1
    outer loop
      vertex -23.5166 33.5852 0
      vertex -9.46401 13.516 0
      vertex -10.606 12.6397 0
    endloop
  endfacet
  facet normal 0 0 -1
    outer loop
      vertex -4.27051 15.9378 0
      vertex -10.6116 39.603 0
      vertex -7.11957 40.3771 0
    endloop
  endfacet
  facet normal 0 0 -1
    outer loop
      vertex -26.3543 31.4078 0
      vertex -10.606 12.6397 0
      vertex -11.6673 11.6673 0
    endloop
  endfacet
  facet normal 0 0 -1
    outer loop
      vertex -28.9914 28.9914 0
      vertex -11.6673 11.6673 0
      vertex -12.6397 10.606 0
    endloop
  endfacet
  facet normal 0 0 -1
    outer loop
      vertex -31.4078 26.3543 0
      vertex -12.6397 10.606 0
      vertex -13.516 9.46401 0
    endloop
  endfacet
  facet normal 0 0 -1
    outer loop
      vertex -5.64333 15.5049 0
      vertex -14.0228 38.5274 0
      vertex -10.6116 39.603 0
    endloop
  endfacet
  facet normal 0 0 -1
    outer loop
      vertex -33.5852 23.5166 0
      vertex -13.516 9.46401 0
      vertex -14.2894 8.25 0
    endloop
  endfacet
  facet normal 0 0 -1
    outer loop
      vertex -35.507 20.5 0
      vertex -14.2894 8.25 0
      vertex -14.9541 6.9732 0
    endloop
  endfacet
  facet normal 0 0 -1
    outer loop
      vertex -37.1586 17.3273 0
      vertex -14.9541 6.9732 0
      vertex -15.5049 5.64333 0
    endloop
  endfacet
  facet normal 0 0 -1
    outer loop
      vertex -38.5274 14.0228 0
      vertex -15.5049 5.64333 0
      vertex -15.9378 4.27051 0
    endloop
  endfacet
  facet normal 0 0 -1
    outer loop
      vertex -39.603 10.6116 0
      vertex -15.9378 4.27051 0
      vertex -16.2493 2.86519 0
    endloop
  endfacet
  facet normal 0 0 -1
    outer loop
      vertex -40.3771 7.11957 0
      vertex -16.2493 2.86519 0
      vertex -16.4372 1.43807 0
    endloop
  endfacet
  facet normal 0 0 -1
    outer loop
      vertex -6.9732 14.9541 0
      vertex -17.3273 37.1586 0
      vertex -14.0228 38.5274 0
    endloop
  endfacet
  facet normal 0 0 -1
    outer loop
      vertex -40.844 3.57339 0
      vertex -16.4372 1.43807 0
      vertex -16.5 0 0
    endloop
  endfacet
  facet normal 0 0 -1
    outer loop
      vertex -35.507 -20.5 0
      vertex -14.2894 -8.25 0
      vertex -33.5852 -23.5166 0
    endloop
  endfacet
  facet normal -0 0 -1
    outer loop
      vertex -14.2894 -8.25 0
      vertex -35.507 -20.5 0
      vertex -14.9541 -6.9732 0
    endloop
  endfacet
  facet normal 0 0 -1
    outer loop
      vertex -8.25 14.2894 0
      vertex -20.5 35.507 0
      vertex -17.3273 37.1586 0
    endloop
  endfacet
  facet normal 0 0 -1
    outer loop
      vertex -37.1586 -17.3273 0
      vertex -14.9541 -6.9732 0
      vertex -35.507 -20.5 0
    endloop
  endfacet
  facet normal 0 0 -1
    outer loop
      vertex -9.46401 13.516 0
      vertex -23.5166 33.5852 0
      vertex -20.5 35.507 0
    endloop
  endfacet
  facet normal -0 0 -1
    outer loop
      vertex -14.9541 -6.9732 0
      vertex -37.1586 -17.3273 0
      vertex -15.5049 -5.64333 0
    endloop
  endfacet
  facet normal 0 0 -1
    outer loop
      vertex -10.606 12.6397 0
      vertex -26.3543 31.4078 0
      vertex -23.5166 33.5852 0
    endloop
  endfacet
  facet normal 0 0 -1
    outer loop
      vertex -38.5274 -14.0228 0
      vertex -15.5049 -5.64333 0
      vertex -37.1586 -17.3273 0
    endloop
  endfacet
  facet normal 0 0 -1
    outer loop
      vertex -11.6673 11.6673 0
      vertex -28.9914 28.9914 0
      vertex -26.3543 31.4078 0
    endloop
  endfacet
  facet normal -0 0 -1
    outer loop
      vertex -15.5049 -5.64333 0
      vertex -38.5274 -14.0228 0
      vertex -15.9378 -4.27051 0
    endloop
  endfacet
  facet normal 0 0 -1
    outer loop
      vertex -12.6397 10.606 0
      vertex -31.4078 26.3543 0
      vertex -28.9914 28.9914 0
    endloop
  endfacet
  facet normal 0 0 -1
    outer loop
      vertex -39.603 -10.6116 0
      vertex -15.9378 -4.27051 0
      vertex -38.5274 -14.0228 0
    endloop
  endfacet
  facet normal 0 0 -1
    outer loop
      vertex -13.516 9.46401 0
      vertex -33.5852 23.5166 0
      vertex -31.4078 26.3543 0
    endloop
  endfacet
  facet normal -0 0 -1
    outer loop
      vertex -15.9378 -4.27051 0
      vertex -39.603 -10.6116 0
      vertex -16.2493 -2.86519 0
    endloop
  endfacet
  facet normal 0 0 -1
    outer loop
      vertex -14.2894 8.25 0
      vertex -35.507 20.5 0
      vertex -33.5852 23.5166 0
    endloop
  endfacet
  facet normal 0 0 -1
    outer loop
      vertex -40.3771 -7.11957 0
      vertex -16.2493 -2.86519 0
      vertex -39.603 -10.6116 0
    endloop
  endfacet
  facet normal 0 0 -1
    outer loop
      vertex -14.9541 6.9732 0
      vertex -37.1586 17.3273 0
      vertex -35.507 20.5 0
    endloop
  endfacet
  facet normal -0 0 -1
    outer loop
      vertex -16.2493 -2.86519 0
      vertex -40.3771 -7.11957 0
      vertex -16.4372 -1.43807 0
    endloop
  endfacet
  facet normal 0 0 -1
    outer loop
      vertex -15.5049 5.64333 0
      vertex -38.5274 14.0228 0
      vertex -37.1586 17.3273 0
    endloop
  endfacet
  facet normal 0 0 -1
    outer loop
      vertex -40.844 -3.57339 0
      vertex -16.4372 -1.43807 0
      vertex -40.3771 -7.11957 0
    endloop
  endfacet
  facet normal 0 0 -1
    outer loop
      vertex -15.9378 4.27051 0
      vertex -39.603 10.6116 0
      vertex -38.5274 14.0228 0
    endloop
  endfacet
  facet normal -0 0 -1
    outer loop
      vertex -16.4372 -1.43807 0
      vertex -40.844 -3.57339 0
      vertex -16.5 0 0
    endloop
  endfacet
  facet normal 0 0 -1
    outer loop
      vertex -16.2493 2.86519 0
      vertex -40.3771 7.11957 0
      vertex -39.603 10.6116 0
    endloop
  endfacet
  facet normal 0 0 -1
    outer loop
      vertex -41 0 0
      vertex -16.5 0 0
      vertex -40.844 -3.57339 0
    endloop
  endfacet
  facet normal 0 0 -1
    outer loop
      vertex -16.4372 1.43807 0
      vertex -40.844 3.57339 0
      vertex -40.3771 7.11957 0
    endloop
  endfacet
  facet normal 0 0 -1
    outer loop
      vertex -16.5 0 0
      vertex -41 0 0
      vertex -40.844 3.57339 0
    endloop
  endfacet
  facet normal -0.84339 0.537302 0
    outer loop
      vertex -35.507 20.5 0
      vertex -33.5852 23.5166 64
      vertex -33.5852 23.5166 0
    endloop
  endfacet
  facet normal -0.84339 0.537302 0
    outer loop
      vertex -33.5852 23.5166 64
      vertex -35.507 20.5 0
      vertex -35.507 20.5 64
    endloop
  endfacet
  facet normal -0.999048 -0.0436145 0
    outer loop
      vertex -40.844 -3.57339 0
      vertex -41 0 19.6
      vertex -41 0 0
    endloop
  endfacet
  facet normal -0.999048 -0.0436145 0
    outer loop
      vertex -41 0 19.6
      vertex -40.844 -3.57339 0
      vertex -40.844 -3.57339 19.6
    endloop
  endfacet
  facet normal -0.382691 0.923876 0
    outer loop
      vertex -14.0228 38.5274 0
      vertex -17.3273 37.1586 64
      vertex -14.0228 38.5274 64
    endloop
  endfacet
  facet normal -0.382691 0.923876 0
    outer loop
      vertex -17.3273 37.1586 64
      vertex -14.0228 38.5274 0
      vertex -17.3273 37.1586 0
    endloop
  endfacet
  facet normal -0.300719 0.953713 0
    outer loop
      vertex -10.6116 39.603 0
      vertex -14.0228 38.5274 64
      vertex -10.6116 39.603 64
    endloop
  endfacet
  facet normal -0.300719 0.953713 0
    outer loop
      vertex -14.0228 38.5274 64
      vertex -10.6116 39.603 0
      vertex -14.0228 38.5274 0
    endloop
  endfacet
  facet normal 0.675582 0.737285 -0
    outer loop
      vertex 28.9914 28.9914 0
      vertex 26.3543 31.4078 64
      vertex 28.9914 28.9914 64
    endloop
  endfacet
  facet normal 0.675582 0.737285 0
    outer loop
      vertex 26.3543 31.4078 64
      vertex 28.9914 28.9914 0
      vertex 26.3543 31.4078 0
    endloop
  endfacet
  facet normal 0.130536 -0.991444 0
    outer loop
      vertex 3.57339 -40.844 0
      vertex 7.11957 -40.3771 7.6
      vertex 3.57339 -40.844 7.6
    endloop
  endfacet
  facet normal 0.130536 -0.991444 0
    outer loop
      vertex 7.11957 -40.3771 7.6
      vertex 3.57339 -40.844 0
      vertex 7.11957 -40.3771 0
    endloop
  endfacet
  facet normal 0.382691 -0.923876 0
    outer loop
      vertex 14.0228 -38.5274 0
      vertex 17.3273 -37.1586 64
      vertex 14.0228 -38.5274 64
    endloop
  endfacet
  facet normal 0.382691 -0.923876 0
    outer loop
      vertex 17.3273 -37.1586 64
      vertex 14.0228 -38.5274 0
      vertex 17.3273 -37.1586 0
    endloop
  endfacet
  facet normal -0.887011 -0.461748 0
    outer loop
      vertex -35.507 -20.5 0
      vertex -37.1586 -17.3273 64
      vertex -37.1586 -17.3273 0
    endloop
  endfacet
  facet normal -0.887011 -0.461748 0
    outer loop
      vertex -37.1586 -17.3273 64
      vertex -35.507 -20.5 0
      vertex -35.507 -20.5 64
    endloop
  endfacet
  facet normal -0.991445 0.130529 0
    outer loop
      vertex 38.4075 -6.77228 2
      vertex 38.8516 -3.39907 19.6
      vertex 38.8516 -3.39907 2
    endloop
  endfacet
  facet normal -0.991445 0.130529 0
    outer loop
      vertex 38.8516 -3.39907 19.6
      vertex 38.4075 -6.77228 2
      vertex 38.4075 -6.77228 19.6
    endloop
  endfacet
  facet normal -0.999048 0.0436175 0
    outer loop
      vertex 38.8516 -3.39907 2
      vertex 39 0 19.6
      vertex 39 0 2
    endloop
  endfacet
  facet normal -0.999048 0.0436175 0
    outer loop
      vertex 39 0 19.6
      vertex 38.8516 -3.39907 2
      vertex 38.8516 -3.39907 19.6
    endloop
  endfacet
  facet normal -0.976295 0.216444 0
    outer loop
      vertex 37.6711 -10.0939 2
      vertex 38.4075 -6.77228 19.6
      vertex 38.4075 -6.77228 2
    endloop
  endfacet
  facet normal -0.976295 0.216444 0
    outer loop
      vertex 38.4075 -6.77228 19.6
      vertex 37.6711 -10.0939 2
      vertex 37.6711 -10.0939 19.6
    endloop
  endfacet
  facet normal -0.216444 -0.976295 0
    outer loop
      vertex 6.77228 38.4075 2
      vertex 10.0939 37.6711 7.6
      vertex 6.77228 38.4075 7.6
    endloop
  endfacet
  facet normal -0.216444 -0.976295 -0
    outer loop
      vertex 10.0939 37.6711 7.6
      vertex 6.77228 38.4075 2
      vertex 10.0939 37.6711 2
    endloop
  endfacet
  facet normal 0.976295 -0.216444 0
    outer loop
      vertex -38.4075 6.77228 19.6
      vertex -37.6711 10.0939 2
      vertex -37.6711 10.0939 19.6
    endloop
  endfacet
  facet normal 0.976295 -0.216444 0
    outer loop
      vertex -37.6711 10.0939 2
      vertex -38.4075 6.77228 19.6
      vertex -38.4075 6.77228 2
    endloop
  endfacet
  facet normal 0.216444 0.976295 -0
    outer loop
      vertex -6.77228 -38.4075 2
      vertex -10.0939 -37.6711 7.6
      vertex -6.77228 -38.4075 7.6
    endloop
  endfacet
  facet normal 0.216444 0.976295 0
    outer loop
      vertex -10.0939 -37.6711 7.6
      vertex -6.77228 -38.4075 2
      vertex -10.0939 -37.6711 2
    endloop
  endfacet
  facet normal -0.991445 -0.130529 0
    outer loop
      vertex 38.8516 3.39907 2
      vertex 38.4075 6.77228 19.6
      vertex 38.4075 6.77228 2
    endloop
  endfacet
  facet normal -0.991445 -0.130529 0
    outer loop
      vertex 38.4075 6.77228 19.6
      vertex 38.8516 3.39907 2
      vertex 38.8516 3.39907 19.6
    endloop
  endfacet
  facet normal 0.887013 -0.461744 0
    outer loop
      vertex -35.346 16.4821 64
      vertex -33.775 19.5 2
      vertex -33.775 19.5 64
    endloop
  endfacet
  facet normal 0.887013 -0.461744 0
    outer loop
      vertex -33.775 19.5 2
      vertex -35.346 16.4821 64
      vertex -35.346 16.4821 2
    endloop
  endfacet
  facet normal 0.887013 0.461744 0
    outer loop
      vertex -33.775 -19.5 64
      vertex -35.346 -16.4821 2
      vertex -35.346 -16.4821 64
    endloop
  endfacet
  facet normal 0.887013 0.461744 0
    outer loop
      vertex -35.346 -16.4821 2
      vertex -33.775 -19.5 64
      vertex -33.775 -19.5 2
    endloop
  endfacet
  facet normal 0.537305 -0.843388 0
    outer loop
      vertex -22.3695 31.9469 2
      vertex -19.5 33.775 64
      vertex -22.3695 31.9469 64
    endloop
  endfacet
  facet normal 0.537305 -0.843388 0
    outer loop
      vertex -19.5 33.775 64
      vertex -22.3695 31.9469 2
      vertex -19.5 33.775 2
    endloop
  endfacet
  facet normal 0.537305 0.843388 -0
    outer loop
      vertex -19.5 -33.775 2
      vertex -22.3695 -31.9469 64
      vertex -19.5 -33.775 64
    endloop
  endfacet
  facet normal 0.537305 0.843388 0
    outer loop
      vertex -22.3695 -31.9469 64
      vertex -19.5 -33.775 2
      vertex -22.3695 -31.9469 2
    endloop
  endfacet
  facet normal -0.130529 -0.991445 0
    outer loop
      vertex 3.39907 38.8516 2
      vertex 6.77228 38.4075 7.6
      vertex 3.39907 38.8516 7.6
    endloop
  endfacet
  facet normal -0.130529 -0.991445 -0
    outer loop
      vertex 6.77228 38.4075 7.6
      vertex 3.39907 38.8516 2
      vertex 6.77228 38.4075 2
    endloop
  endfacet
  facet normal 0.737294 0.675572 0
    outer loop
      vertex -27.5772 -27.5772 64
      vertex -29.8757 -25.0687 2
      vertex -29.8757 -25.0687 64
    endloop
  endfacet
  facet normal 0.737294 0.675572 0
    outer loop
      vertex -29.8757 -25.0687 2
      vertex -27.5772 -27.5772 64
      vertex -27.5772 -27.5772 2
    endloop
  endfacet
  facet normal -0.675572 0.737294 0
    outer loop
      vertex 27.5772 -27.5772 2
      vertex 25.0687 -29.8757 64
      vertex 27.5772 -27.5772 64
    endloop
  endfacet
  facet normal -0.675572 0.737294 0
    outer loop
      vertex 25.0687 -29.8757 64
      vertex 27.5772 -27.5772 2
      vertex 25.0687 -29.8757 2
    endloop
  endfacet
  facet normal 0.923879 -0.382684 0
    outer loop
      vertex -36.648 13.3388 64
      vertex -35.346 16.4821 2
      vertex -35.346 16.4821 64
    endloop
  endfacet
  facet normal 0.923879 -0.382684 0
    outer loop
      vertex -35.346 16.4821 2
      vertex -36.648 13.3388 64
      vertex -36.648 13.3388 2
    endloop
  endfacet
  facet normal -0.737294 -0.675572 0
    outer loop
      vertex 29.8757 25.0687 2
      vertex 27.5772 27.5772 64
      vertex 27.5772 27.5772 2
    endloop
  endfacet
  facet normal -0.737294 -0.675572 0
    outer loop
      vertex 27.5772 27.5772 64
      vertex 29.8757 25.0687 2
      vertex 29.8757 25.0687 64
    endloop
  endfacet
  facet normal -0.843388 0.537305 0
    outer loop
      vertex 31.9469 -22.3695 2
      vertex 33.775 -19.5 64
      vertex 33.775 -19.5 2
    endloop
  endfacet
  facet normal -0.843388 0.537305 0
    outer loop
      vertex 33.775 -19.5 64
      vertex 31.9469 -22.3695 2
      vertex 31.9469 -22.3695 64
    endloop
  endfacet
  facet normal -0.382684 0.923879 0
    outer loop
      vertex 16.4821 -35.346 2
      vertex 13.3388 -36.648 64
      vertex 16.4821 -35.346 64
    endloop
  endfacet
  facet normal -0.382684 0.923879 0
    outer loop
      vertex 13.3388 -36.648 64
      vertex 16.4821 -35.346 2
      vertex 13.3388 -36.648 2
    endloop
  endfacet
  facet normal -0.793349 -0.608767 0
    outer loop
      vertex 31.9469 22.3695 2
      vertex 29.8757 25.0687 64
      vertex 29.8757 25.0687 2
    endloop
  endfacet
  facet normal -0.793349 -0.608767 0
    outer loop
      vertex 29.8757 25.0687 64
      vertex 31.9469 22.3695 2
      vertex 31.9469 22.3695 64
    endloop
  endfacet
  facet normal -0.976295 -0.216444 0
    outer loop
      vertex 38.4075 6.77228 2
      vertex 37.6711 10.0939 19.6
      vertex 37.6711 10.0939 2
    endloop
  endfacet
  facet normal -0.976295 -0.216444 0
    outer loop
      vertex 37.6711 10.0939 19.6
      vertex 38.4075 6.77228 2
      vertex 38.4075 6.77228 19.6
    endloop
  endfacet
  facet normal 0.793349 -0.608767 0
    outer loop
      vertex -31.9469 22.3695 64
      vertex -29.8757 25.0687 2
      vertex -29.8757 25.0687 64
    endloop
  endfacet
  facet normal 0.793349 -0.608767 0
    outer loop
      vertex -29.8757 25.0687 2
      vertex -31.9469 22.3695 64
      vertex -31.9469 22.3695 2
    endloop
  endfacet
  facet normal -0.537305 0.843388 0
    outer loop
      vertex 22.3695 -31.9469 2
      vertex 19.5 -33.775 64
      vertex 22.3695 -31.9469 64
    endloop
  endfacet
  facet normal -0.537305 0.843388 0
    outer loop
      vertex 19.5 -33.775 64
      vertex 22.3695 -31.9469 2
      vertex 19.5 -33.775 2
    endloop
  endfacet
  facet normal -0.608767 0.793349 0
    outer loop
      vertex 25.0687 -29.8757 2
      vertex 22.3695 -31.9469 64
      vertex 25.0687 -29.8757 64
    endloop
  endfacet
  facet normal -0.608767 0.793349 0
    outer loop
      vertex 22.3695 -31.9469 64
      vertex 25.0687 -29.8757 2
      vertex 22.3695 -31.9469 2
    endloop
  endfacet
  facet normal 0.608767 0.793349 -0
    outer loop
      vertex -22.3695 -31.9469 2
      vertex -25.0687 -29.8757 64
      vertex -22.3695 -31.9469 64
    endloop
  endfacet
  facet normal 0.608767 0.793349 0
    outer loop
      vertex -25.0687 -29.8757 64
      vertex -22.3695 -31.9469 2
      vertex -25.0687 -29.8757 2
    endloop
  endfacet
  facet normal -0.953729 0.300669 0
    outer loop
      vertex 37.6711 -10.0939 2
      vertex 37.5746 -10.4 19.6
      vertex 37.6711 -10.0939 19.6
    endloop
  endfacet
  facet normal -0.953718 0.300702 6.35587e-07
    outer loop
      vertex 36.648 -13.3388 2
      vertex 37.5746 -10.4 19.6
      vertex 37.6711 -10.0939 2
    endloop
  endfacet
  facet normal -0.953717 0.300706 0
    outer loop
      vertex 36.648 -13.3388 64
      vertex 37.5746 -10.4 19.6
      vertex 36.648 -13.3388 2
    endloop
  endfacet
  facet normal -0.953717 0.300706 0
    outer loop
      vertex 37.5746 -10.4 19.6
      vertex 36.648 -13.3388 64
      vertex 37.5746 -10.4 64
    endloop
  endfacet
  facet normal -0.923879 -0.382684 0
    outer loop
      vertex 36.648 13.3388 2
      vertex 35.346 16.4821 64
      vertex 35.346 16.4821 2
    endloop
  endfacet
  facet normal -0.923879 -0.382684 0
    outer loop
      vertex 35.346 16.4821 64
      vertex 36.648 13.3388 2
      vertex 36.648 13.3388 64
    endloop
  endfacet
  facet normal -0.461744 0.887013 0
    outer loop
      vertex 19.5 -33.775 2
      vertex 16.4821 -35.346 64
      vertex 19.5 -33.775 64
    endloop
  endfacet
  facet normal -0.461744 0.887013 0
    outer loop
      vertex 16.4821 -35.346 64
      vertex 19.5 -33.775 2
      vertex 16.4821 -35.346 2
    endloop
  endfacet
  facet normal 0.793349 0.608767 0
    outer loop
      vertex -29.8757 -25.0687 64
      vertex -31.9469 -22.3695 2
      vertex -31.9469 -22.3695 64
    endloop
  endfacet
  facet normal 0.793349 0.608767 0
    outer loop
      vertex -31.9469 -22.3695 2
      vertex -29.8757 -25.0687 64
      vertex -29.8757 -25.0687 2
    endloop
  endfacet
  facet normal 0.991445 0.130529 0
    outer loop
      vertex -38.4075 -6.77228 19.6
      vertex -38.8516 -3.39907 2
      vertex -38.8516 -3.39907 19.6
    endloop
  endfacet
  facet normal 0.991445 0.130529 0
    outer loop
      vertex -38.8516 -3.39907 2
      vertex -38.4075 -6.77228 19.6
      vertex -38.4075 -6.77228 2
    endloop
  endfacet
  facet normal 0.608767 -0.793349 0
    outer loop
      vertex -25.0687 29.8757 2
      vertex -22.3695 31.9469 64
      vertex -25.0687 29.8757 64
    endloop
  endfacet
  facet normal 0.608767 -0.793349 0
    outer loop
      vertex -22.3695 31.9469 64
      vertex -25.0687 29.8757 2
      vertex -22.3695 31.9469 2
    endloop
  endfacet
  facet normal -0.537305 -0.843388 0
    outer loop
      vertex 19.5 33.775 2
      vertex 22.3695 31.9469 64
      vertex 19.5 33.775 64
    endloop
  endfacet
  facet normal -0.537305 -0.843388 -0
    outer loop
      vertex 22.3695 31.9469 64
      vertex 19.5 33.775 2
      vertex 22.3695 31.9469 2
    endloop
  endfacet
  facet normal -0.0436175 0.999048 0
    outer loop
      vertex 3.39907 -38.8516 2
      vertex 0 -39 7.6
      vertex 3.39907 -38.8516 7.6
    endloop
  endfacet
  facet normal -0.0436175 0.999048 0
    outer loop
      vertex 0 -39 7.6
      vertex 3.39907 -38.8516 2
      vertex 0 -39 2
    endloop
  endfacet
  facet normal 0.300669 0.953729 0
    outer loop
      vertex -10.0939 -37.6711 7.6
      vertex -10.0939 -37.6711 2
      vertex -10.4 -37.5746 7.6
    endloop
  endfacet
  facet normal 0.300706 0.953717 -0
    outer loop
      vertex -10.4 -37.5746 7.6
      vertex -13.3388 -36.648 64
      vertex -10.4 -37.5746 64
    endloop
  endfacet
  facet normal 0.300706 0.953717 0
    outer loop
      vertex -10.4 -37.5746 7.6
      vertex -13.3388 -36.648 2
      vertex -13.3388 -36.648 64
    endloop
  endfacet
  facet normal 0.300702 0.953718 1.99756e-06
    outer loop
      vertex -13.3388 -36.648 2
      vertex -10.4 -37.5746 7.6
      vertex -10.0939 -37.6711 2
    endloop
  endfacet
  facet normal -0.461744 -0.887013 0
    outer loop
      vertex 16.4821 35.346 2
      vertex 19.5 33.775 64
      vertex 16.4821 35.346 64
    endloop
  endfacet
  facet normal -0.461744 -0.887013 -0
    outer loop
      vertex 19.5 33.775 64
      vertex 16.4821 35.346 2
      vertex 19.5 33.775 2
    endloop
  endfacet
  facet normal 0.216444 -0.976295 0
    outer loop
      vertex -10.0939 37.6711 2
      vertex -6.77228 38.4075 7.6
      vertex -10.0939 37.6711 7.6
    endloop
  endfacet
  facet normal 0.216444 -0.976295 0
    outer loop
      vertex -6.77228 38.4075 7.6
      vertex -10.0939 37.6711 2
      vertex -6.77228 38.4075 2
    endloop
  endfacet
  facet normal -0.0436175 -0.999048 0
    outer loop
      vertex 0 39 2
      vertex 3.39907 38.8516 7.6
      vertex 0 39 7.6
    endloop
  endfacet
  facet normal -0.0436175 -0.999048 -0
    outer loop
      vertex 3.39907 38.8516 7.6
      vertex 0 39 2
      vertex 3.39907 38.8516 2
    endloop
  endfacet
  facet normal -0.953717 -0.300706 0
    outer loop
      vertex 36.648 13.3388 2
      vertex 37.5746 10.4 19.6
      vertex 36.648 13.3388 64
    endloop
  endfacet
  facet normal -0.953718 -0.300702 6.35587e-07
    outer loop
      vertex 37.6711 10.0939 2
      vertex 37.5746 10.4 19.6
      vertex 36.648 13.3388 2
    endloop
  endfacet
  facet normal -0.953729 -0.300669 0
    outer loop
      vertex 37.5746 10.4 19.6
      vertex 37.6711 10.0939 2
      vertex 37.6711 10.0939 19.6
    endloop
  endfacet
  facet normal -0.953717 -0.300706 0
    outer loop
      vertex 36.648 13.3388 64
      vertex 37.5746 10.4 19.6
      vertex 37.5746 10.4 64
    endloop
  endfacet
  facet normal 0.999048 0.0436175 0
    outer loop
      vertex -38.8516 -3.39907 19.6
      vertex -39 0 2
      vertex -39 0 19.6
    endloop
  endfacet
  facet normal 0.999048 0.0436175 0
    outer loop
      vertex -39 0 2
      vertex -38.8516 -3.39907 19.6
      vertex -38.8516 -3.39907 2
    endloop
  endfacet
  facet normal 0.923879 0.382684 0
    outer loop
      vertex -35.346 -16.4821 64
      vertex -36.648 -13.3388 2
      vertex -36.648 -13.3388 64
    endloop
  endfacet
  facet normal 0.923879 0.382684 0
    outer loop
      vertex -36.648 -13.3388 2
      vertex -35.346 -16.4821 64
      vertex -35.346 -16.4821 2
    endloop
  endfacet
  facet normal 0.130529 0.991445 -0
    outer loop
      vertex -3.39907 -38.8516 2
      vertex -6.77228 -38.4075 7.6
      vertex -3.39907 -38.8516 7.6
    endloop
  endfacet
  facet normal 0.130529 0.991445 0
    outer loop
      vertex -6.77228 -38.4075 7.6
      vertex -3.39907 -38.8516 2
      vertex -6.77228 -38.4075 2
    endloop
  endfacet
  facet normal 0.130529 -0.991445 0
    outer loop
      vertex -6.77228 38.4075 2
      vertex -3.39907 38.8516 7.6
      vertex -6.77228 38.4075 7.6
    endloop
  endfacet
  facet normal 0.130529 -0.991445 0
    outer loop
      vertex -3.39907 38.8516 7.6
      vertex -6.77228 38.4075 2
      vertex -3.39907 38.8516 2
    endloop
  endfacet
  facet normal 0.461744 -0.887013 0
    outer loop
      vertex -19.5 33.775 2
      vertex -16.4821 35.346 64
      vertex -19.5 33.775 64
    endloop
  endfacet
  facet normal 0.461744 -0.887013 0
    outer loop
      vertex -16.4821 35.346 64
      vertex -19.5 33.775 2
      vertex -16.4821 35.346 2
    endloop
  endfacet
  facet normal 0.953717 -0.300706 0
    outer loop
      vertex -37.5746 10.4 19.6
      vertex -36.648 13.3388 64
      vertex -37.5746 10.4 64
    endloop
  endfacet
  facet normal 0.953717 -0.300706 0
    outer loop
      vertex -36.648 13.3388 64
      vertex -37.5746 10.4 19.6
      vertex -36.648 13.3388 2
    endloop
  endfacet
  facet normal 0.953729 -0.300669 0
    outer loop
      vertex -37.6711 10.0939 2
      vertex -37.5746 10.4 19.6
      vertex -37.6711 10.0939 19.6
    endloop
  endfacet
  facet normal 0.953718 -0.300702 6.35587e-07
    outer loop
      vertex -37.5746 10.4 19.6
      vertex -37.6711 10.0939 2
      vertex -36.648 13.3388 2
    endloop
  endfacet
  facet normal -0.923879 0.382684 0
    outer loop
      vertex 35.346 -16.4821 2
      vertex 36.648 -13.3388 64
      vertex 36.648 -13.3388 2
    endloop
  endfacet
  facet normal -0.923879 0.382684 0
    outer loop
      vertex 36.648 -13.3388 64
      vertex 35.346 -16.4821 2
      vertex 35.346 -16.4821 64
    endloop
  endfacet
  facet normal -0.999048 -0.0436175 0
    outer loop
      vertex 39 0 2
      vertex 38.8516 3.39907 19.6
      vertex 38.8516 3.39907 2
    endloop
  endfacet
  facet normal -0.999048 -0.0436175 0
    outer loop
      vertex 38.8516 3.39907 19.6
      vertex 39 0 2
      vertex 39 0 19.6
    endloop
  endfacet
  facet normal 0.976295 0.216444 0
    outer loop
      vertex -37.6711 -10.0939 19.6
      vertex -38.4075 -6.77228 2
      vertex -38.4075 -6.77228 19.6
    endloop
  endfacet
  facet normal 0.976295 0.216444 0
    outer loop
      vertex -38.4075 -6.77228 2
      vertex -37.6711 -10.0939 19.6
      vertex -37.6711 -10.0939 2
    endloop
  endfacet
  facet normal -0.887013 0.461744 0
    outer loop
      vertex 33.775 -19.5 2
      vertex 35.346 -16.4821 64
      vertex 35.346 -16.4821 2
    endloop
  endfacet
  facet normal -0.887013 0.461744 0
    outer loop
      vertex 35.346 -16.4821 64
      vertex 33.775 -19.5 2
      vertex 33.775 -19.5 64
    endloop
  endfacet
  facet normal 0.675572 0.737294 -0
    outer loop
      vertex -25.0687 -29.8757 2
      vertex -27.5772 -27.5772 64
      vertex -25.0687 -29.8757 64
    endloop
  endfacet
  facet normal 0.675572 0.737294 0
    outer loop
      vertex -27.5772 -27.5772 64
      vertex -25.0687 -29.8757 2
      vertex -27.5772 -27.5772 2
    endloop
  endfacet
  facet normal 0.382684 0.923879 -0
    outer loop
      vertex -13.3388 -36.648 2
      vertex -16.4821 -35.346 64
      vertex -13.3388 -36.648 64
    endloop
  endfacet
  facet normal 0.382684 0.923879 0
    outer loop
      vertex -16.4821 -35.346 64
      vertex -13.3388 -36.648 2
      vertex -16.4821 -35.346 2
    endloop
  endfacet
  facet normal 0.999048 -0.0436175 0
    outer loop
      vertex -39 0 19.6
      vertex -38.8516 3.39907 2
      vertex -38.8516 3.39907 19.6
    endloop
  endfacet
  facet normal 0.999048 -0.0436175 0
    outer loop
      vertex -38.8516 3.39907 2
      vertex -39 0 19.6
      vertex -39 0 2
    endloop
  endfacet
  facet normal 0.0436175 0.999048 -0
    outer loop
      vertex 0 -39 2
      vertex -3.39907 -38.8516 7.6
      vertex 0 -39 7.6
    endloop
  endfacet
  facet normal 0.0436175 0.999048 0
    outer loop
      vertex -3.39907 -38.8516 7.6
      vertex 0 -39 2
      vertex -3.39907 -38.8516 2
    endloop
  endfacet
  facet normal -0.130529 0.991445 0
    outer loop
      vertex 6.77228 -38.4075 2
      vertex 3.39907 -38.8516 7.6
      vertex 6.77228 -38.4075 7.6
    endloop
  endfacet
  facet normal -0.130529 0.991445 0
    outer loop
      vertex 3.39907 -38.8516 7.6
      vertex 6.77228 -38.4075 2
      vertex 3.39907 -38.8516 2
    endloop
  endfacet
  facet normal -0.382684 -0.923879 0
    outer loop
      vertex 13.3388 36.648 2
      vertex 16.4821 35.346 64
      vertex 13.3388 36.648 64
    endloop
  endfacet
  facet normal -0.382684 -0.923879 -0
    outer loop
      vertex 16.4821 35.346 64
      vertex 13.3388 36.648 2
      vertex 16.4821 35.346 2
    endloop
  endfacet
  facet normal 0.953729 0.300669 0
    outer loop
      vertex -37.5746 -10.4 19.6
      vertex -37.6711 -10.0939 2
      vertex -37.6711 -10.0939 19.6
    endloop
  endfacet
  facet normal 0.953717 0.300706 -0
    outer loop
      vertex -36.648 -13.3388 2
      vertex -37.5746 -10.4 19.6
      vertex -36.648 -13.3388 64
    endloop
  endfacet
  facet normal 0.953718 0.300702 6.35587e-07
    outer loop
      vertex -37.5746 -10.4 19.6
      vertex -36.648 -13.3388 2
      vertex -37.6711 -10.0939 2
    endloop
  endfacet
  facet normal 0.953717 0.300706 0
    outer loop
      vertex -37.5746 -10.4 64
      vertex -36.648 -13.3388 64
      vertex -37.5746 -10.4 19.6
    endloop
  endfacet
  facet normal 0.461744 0.887013 -0
    outer loop
      vertex -16.4821 -35.346 2
      vertex -19.5 -33.775 64
      vertex -16.4821 -35.346 64
    endloop
  endfacet
  facet normal 0.461744 0.887013 0
    outer loop
      vertex -19.5 -33.775 64
      vertex -16.4821 -35.346 2
      vertex -19.5 -33.775 2
    endloop
  endfacet
  facet normal 0.737294 -0.675572 0
    outer loop
      vertex -29.8757 25.0687 64
      vertex -27.5772 27.5772 2
      vertex -27.5772 27.5772 64
    endloop
  endfacet
  facet normal 0.737294 -0.675572 0
    outer loop
      vertex -27.5772 27.5772 2
      vertex -29.8757 25.0687 64
      vertex -29.8757 25.0687 2
    endloop
  endfacet
  facet normal -0.737294 0.675572 0
    outer loop
      vertex 27.5772 -27.5772 2
      vertex 29.8757 -25.0687 64
      vertex 29.8757 -25.0687 2
    endloop
  endfacet
  facet normal -0.737294 0.675572 0
    outer loop
      vertex 29.8757 -25.0687 64
      vertex 27.5772 -27.5772 2
      vertex 27.5772 -27.5772 64
    endloop
  endfacet
  facet normal 0.991445 -0.130529 0
    outer loop
      vertex -38.8516 3.39907 19.6
      vertex -38.4075 6.77228 2
      vertex -38.4075 6.77228 19.6
    endloop
  endfacet
  facet normal 0.991445 -0.130529 0
    outer loop
      vertex -38.4075 6.77228 2
      vertex -38.8516 3.39907 19.6
      vertex -38.8516 3.39907 2
    endloop
  endfacet
  facet normal -0.216444 0.976295 0
    outer loop
      vertex 10.0939 -37.6711 2
      vertex 6.77228 -38.4075 7.6
      vertex 10.0939 -37.6711 7.6
    endloop
  endfacet
  facet normal -0.216444 0.976295 0
    outer loop
      vertex 6.77228 -38.4075 7.6
      vertex 10.0939 -37.6711 2
      vertex 6.77228 -38.4075 2
    endloop
  endfacet
  facet normal -0.843388 -0.537305 0
    outer loop
      vertex 33.775 19.5 2
      vertex 31.9469 22.3695 64
      vertex 31.9469 22.3695 2
    endloop
  endfacet
  facet normal -0.843388 -0.537305 0
    outer loop
      vertex 31.9469 22.3695 64
      vertex 33.775 19.5 2
      vertex 33.775 19.5 64
    endloop
  endfacet
  facet normal -0.887013 -0.461744 0
    outer loop
      vertex 35.346 16.4821 2
      vertex 33.775 19.5 64
      vertex 33.775 19.5 2
    endloop
  endfacet
  facet normal -0.887013 -0.461744 0
    outer loop
      vertex 33.775 19.5 64
      vertex 35.346 16.4821 2
      vertex 35.346 16.4821 64
    endloop
  endfacet
  facet normal -0.300669 -0.953729 -0
    outer loop
      vertex 10.0939 37.6711 7.6
      vertex 10.0939 37.6711 2
      vertex 10.4 37.5746 7.6
    endloop
  endfacet
  facet normal -0.300706 -0.953717 0
    outer loop
      vertex 10.4 37.5746 7.6
      vertex 13.3388 36.648 64
      vertex 10.4 37.5746 64
    endloop
  endfacet
  facet normal -0.300706 -0.953717 0
    outer loop
      vertex 10.4 37.5746 7.6
      vertex 13.3388 36.648 2
      vertex 13.3388 36.648 64
    endloop
  endfacet
  facet normal -0.300702 -0.953718 1.99756e-06
    outer loop
      vertex 13.3388 36.648 2
      vertex 10.4 37.5746 7.6
      vertex 10.0939 37.6711 2
    endloop
  endfacet
  facet normal 0.382684 -0.923879 0
    outer loop
      vertex -16.4821 35.346 2
      vertex -13.3388 36.648 64
      vertex -16.4821 35.346 64
    endloop
  endfacet
  facet normal 0.382684 -0.923879 0
    outer loop
      vertex -13.3388 36.648 64
      vertex -16.4821 35.346 2
      vertex -13.3388 36.648 2
    endloop
  endfacet
  facet normal -0.793349 0.608767 0
    outer loop
      vertex 29.8757 -25.0687 2
      vertex 31.9469 -22.3695 64
      vertex 31.9469 -22.3695 2
    endloop
  endfacet
  facet normal -0.793349 0.608767 0
    outer loop
      vertex 31.9469 -22.3695 64
      vertex 29.8757 -25.0687 2
      vertex 29.8757 -25.0687 64
    endloop
  endfacet
  facet normal 0.300706 -0.953717 0
    outer loop
      vertex -13.3388 36.648 64
      vertex -10.4 37.5746 7.6
      vertex -10.4 37.5746 64
    endloop
  endfacet
  facet normal 0.300706 -0.953717 0
    outer loop
      vertex -13.3388 36.648 2
      vertex -10.4 37.5746 7.6
      vertex -13.3388 36.648 64
    endloop
  endfacet
  facet normal 0.300702 -0.953718 1.99756e-06
    outer loop
      vertex -10.0939 37.6711 2
      vertex -10.4 37.5746 7.6
      vertex -13.3388 36.648 2
    endloop
  endfacet
  facet normal 0.300669 -0.953729 0
    outer loop
      vertex -10.4 37.5746 7.6
      vertex -10.0939 37.6711 2
      vertex -10.0939 37.6711 7.6
    endloop
  endfacet
  facet normal 0.843388 -0.537305 0
    outer loop
      vertex -33.775 19.5 64
      vertex -31.9469 22.3695 2
      vertex -31.9469 22.3695 64
    endloop
  endfacet
  facet normal 0.843388 -0.537305 0
    outer loop
      vertex -31.9469 22.3695 2
      vertex -33.775 19.5 64
      vertex -33.775 19.5 2
    endloop
  endfacet
  facet normal 0 0 1
    outer loop
      vertex 21.5 0 2
      vertex 39 0 2
      vertex 38.8516 3.39907 2
    endloop
  endfacet
  facet normal 0 0 1
    outer loop
      vertex 21.4182 1.87385 2
      vertex 38.8516 3.39907 2
      vertex 38.4075 6.77228 2
    endloop
  endfacet
  facet normal 0 0 1
    outer loop
      vertex 39 0 2
      vertex 21.5 0 2
      vertex 38.8516 -3.39907 2
    endloop
  endfacet
  facet normal 0 0 1
    outer loop
      vertex 21.1734 3.73344 2
      vertex 38.4075 6.77228 2
      vertex 37.6711 10.0939 2
    endloop
  endfacet
  facet normal -0 0 1
    outer loop
      vertex 21.4182 -1.87385 2
      vertex 38.8516 -3.39907 2
      vertex 21.5 0 2
    endloop
  endfacet
  facet normal 0 0 1
    outer loop
      vertex 20.7674 5.56461 2
      vertex 37.6711 10.0939 2
      vertex 36.648 13.3388 2
    endloop
  endfacet
  facet normal 0 0 1
    outer loop
      vertex 38.8516 -3.39907 2
      vertex 21.4182 -1.87385 2
      vertex 38.4075 -6.77228 2
    endloop
  endfacet
  facet normal 0 0 1
    outer loop
      vertex 20.2034 7.35343 2
      vertex 36.648 13.3388 2
      vertex 35.346 16.4821 2
    endloop
  endfacet
  facet normal -0 0 1
    outer loop
      vertex 21.1734 -3.73344 2
      vertex 38.4075 -6.77228 2
      vertex 21.4182 -1.87385 2
    endloop
  endfacet
  facet normal 0 0 1
    outer loop
      vertex 19.4856 9.08629 2
      vertex 35.346 16.4821 2
      vertex 33.775 19.5 2
    endloop
  endfacet
  facet normal 0 0 1
    outer loop
      vertex 38.4075 -6.77228 2
      vertex 21.1734 -3.73344 2
      vertex 37.6711 -10.0939 2
    endloop
  endfacet
  facet normal 0 0 1
    outer loop
      vertex 18.6195 10.75 2
      vertex 33.775 19.5 2
      vertex 31.9469 22.3695 2
    endloop
  endfacet
  facet normal -0 0 1
    outer loop
      vertex 20.7674 -5.56461 2
      vertex 37.6711 -10.0939 2
      vertex 21.1734 -3.73344 2
    endloop
  endfacet
  facet normal 0 0 1
    outer loop
      vertex 17.6118 12.3319 2
      vertex 31.9469 22.3695 2
      vertex 29.8757 25.0687 2
    endloop
  endfacet
  facet normal 0 0 1
    outer loop
      vertex 37.6711 -10.0939 2
      vertex 20.7674 -5.56461 2
      vertex 36.648 -13.3388 2
    endloop
  endfacet
  facet normal 0 0 1
    outer loop
      vertex 16.47 13.8199 2
      vertex 29.8757 25.0687 2
      vertex 27.5772 27.5772 2
    endloop
  endfacet
  facet normal -0 0 1
    outer loop
      vertex 20.2034 -7.35343 2
      vertex 36.648 -13.3388 2
      vertex 20.7674 -5.56461 2
    endloop
  endfacet
  facet normal 0 0 1
    outer loop
      vertex 15.2028 15.2028 2
      vertex 27.5772 27.5772 2
      vertex 25.0687 29.8757 2
    endloop
  endfacet
  facet normal 0 0 1
    outer loop
      vertex 36.648 -13.3388 2
      vertex 20.2034 -7.35343 2
      vertex 35.346 -16.4821 2
    endloop
  endfacet
  facet normal 0 0 1
    outer loop
      vertex 13.8199 16.47 2
      vertex 25.0687 29.8757 2
      vertex 22.3695 31.9469 2
    endloop
  endfacet
  facet normal -0 0 1
    outer loop
      vertex 19.4856 -9.08629 2
      vertex 35.346 -16.4821 2
      vertex 20.2034 -7.35343 2
    endloop
  endfacet
  facet normal 0 0 1
    outer loop
      vertex 35.346 -16.4821 2
      vertex 19.4856 -9.08629 2
      vertex 33.775 -19.5 2
    endloop
  endfacet
  facet normal 0 0 1
    outer loop
      vertex 38.8516 3.39907 2
      vertex 21.4182 1.87385 2
      vertex 21.5 0 2
    endloop
  endfacet
  facet normal 0 0 1
    outer loop
      vertex 38.4075 6.77228 2
      vertex 21.1734 3.73344 2
      vertex 21.4182 1.87385 2
    endloop
  endfacet
  facet normal 0 0 1
    outer loop
      vertex 37.6711 10.0939 2
      vertex 20.7674 5.56461 2
      vertex 21.1734 3.73344 2
    endloop
  endfacet
  facet normal 0 0 1
    outer loop
      vertex 36.648 13.3388 2
      vertex 20.2034 7.35343 2
      vertex 20.7674 5.56461 2
    endloop
  endfacet
  facet normal 0 0 1
    outer loop
      vertex 12.3319 17.6118 2
      vertex 22.3695 31.9469 2
      vertex 19.5 33.775 2
    endloop
  endfacet
  facet normal 0 0 1
    outer loop
      vertex 35.346 16.4821 2
      vertex 19.4856 9.08629 2
      vertex 20.2034 7.35343 2
    endloop
  endfacet
  facet normal 0 0 1
    outer loop
      vertex 33.775 19.5 2
      vertex 18.6195 10.75 2
      vertex 19.4856 9.08629 2
    endloop
  endfacet
  facet normal 0 0 1
    outer loop
      vertex 31.9469 22.3695 2
      vertex 17.6118 12.3319 2
      vertex 18.6195 10.75 2
    endloop
  endfacet
  facet normal 0 0 1
    outer loop
      vertex 10.75 18.6195 2
      vertex 19.5 33.775 2
      vertex 16.4821 35.346 2
    endloop
  endfacet
  facet normal 0 0 1
    outer loop
      vertex 29.8757 25.0687 2
      vertex 16.47 13.8199 2
      vertex 17.6118 12.3319 2
    endloop
  endfacet
  facet normal 0 0 1
    outer loop
      vertex 27.5772 27.5772 2
      vertex 15.2028 15.2028 2
      vertex 16.47 13.8199 2
    endloop
  endfacet
  facet normal 0 0 1
    outer loop
      vertex 25.0687 29.8757 2
      vertex 13.8199 16.47 2
      vertex 15.2028 15.2028 2
    endloop
  endfacet
  facet normal 0 0 1
    outer loop
      vertex 9.08629 19.4856 2
      vertex 16.4821 35.346 2
      vertex 13.3388 36.648 2
    endloop
  endfacet
  facet normal 0 0 1
    outer loop
      vertex 22.3695 31.9469 2
      vertex 12.3319 17.6118 2
      vertex 13.8199 16.47 2
    endloop
  endfacet
  facet normal 0 0 1
    outer loop
      vertex 19.5 33.775 2
      vertex 10.75 18.6195 2
      vertex 12.3319 17.6118 2
    endloop
  endfacet
  facet normal 0 0 1
    outer loop
      vertex 7.35343 20.2034 2
      vertex 13.3388 36.648 2
      vertex 10.0939 37.6711 2
    endloop
  endfacet
  facet normal 0 0 1
    outer loop
      vertex 16.4821 35.346 2
      vertex 9.08629 19.4856 2
      vertex 10.75 18.6195 2
    endloop
  endfacet
  facet normal 0 0 1
    outer loop
      vertex 13.3388 36.648 2
      vertex 7.35343 20.2034 2
      vertex 9.08629 19.4856 2
    endloop
  endfacet
  facet normal 0 0 1
    outer loop
      vertex 5.56461 20.7674 2
      vertex 10.0939 37.6711 2
      vertex 6.77228 38.4075 2
    endloop
  endfacet
  facet normal 0 0 1
    outer loop
      vertex 10.0939 37.6711 2
      vertex 5.56461 20.7674 2
      vertex 7.35343 20.2034 2
    endloop
  endfacet
  facet normal 0 0 1
    outer loop
      vertex 6.77228 38.4075 2
      vertex 3.73344 21.1734 2
      vertex 5.56461 20.7674 2
    endloop
  endfacet
  facet normal 0 0 1
    outer loop
      vertex 3.39907 38.8516 2
      vertex 3.73344 21.1734 2
      vertex 6.77228 38.4075 2
    endloop
  endfacet
  facet normal 0 0 1
    outer loop
      vertex 3.39907 38.8516 2
      vertex 1.87385 21.4182 2
      vertex 3.73344 21.1734 2
    endloop
  endfacet
  facet normal 0 0 1
    outer loop
      vertex 0 39 2
      vertex 1.87385 21.4182 2
      vertex 3.39907 38.8516 2
    endloop
  endfacet
  facet normal 0 0 1
    outer loop
      vertex 0 39 2
      vertex 0 21.5 2
      vertex 1.87385 21.4182 2
    endloop
  endfacet
  facet normal 0 0 1
    outer loop
      vertex 0 39 2
      vertex -1.87385 21.4182 2
      vertex 0 21.5 2
    endloop
  endfacet
  facet normal -0 0 1
    outer loop
      vertex -3.39907 38.8516 2
      vertex -1.87385 21.4182 2
      vertex 0 39 2
    endloop
  endfacet
  facet normal 0 0 1
    outer loop
      vertex -3.39907 38.8516 2
      vertex -3.73344 21.1734 2
      vertex -1.87385 21.4182 2
    endloop
  endfacet
  facet normal -0 0 1
    outer loop
      vertex -6.77228 38.4075 2
      vertex -3.73344 21.1734 2
      vertex -3.39907 38.8516 2
    endloop
  endfacet
  facet normal 0 0 1
    outer loop
      vertex -3.73344 21.1734 2
      vertex -6.77228 38.4075 2
      vertex -5.56461 20.7674 2
    endloop
  endfacet
  facet normal -0 0 1
    outer loop
      vertex -10.0939 37.6711 2
      vertex -5.56461 20.7674 2
      vertex -6.77228 38.4075 2
    endloop
  endfacet
  facet normal 0 0 1
    outer loop
      vertex -5.56461 20.7674 2
      vertex -10.0939 37.6711 2
      vertex -7.35343 20.2034 2
    endloop
  endfacet
  facet normal -0 0 1
    outer loop
      vertex -13.3388 36.648 2
      vertex -7.35343 20.2034 2
      vertex -10.0939 37.6711 2
    endloop
  endfacet
  facet normal 0 0 1
    outer loop
      vertex -7.35343 20.2034 2
      vertex -13.3388 36.648 2
      vertex -9.08629 19.4856 2
    endloop
  endfacet
  facet normal -0 0 1
    outer loop
      vertex -16.4821 35.346 2
      vertex -9.08629 19.4856 2
      vertex -13.3388 36.648 2
    endloop
  endfacet
  facet normal 0 0 1
    outer loop
      vertex -9.08629 19.4856 2
      vertex -16.4821 35.346 2
      vertex -10.75 18.6195 2
    endloop
  endfacet
  facet normal -0 0 1
    outer loop
      vertex -19.5 33.775 2
      vertex -10.75 18.6195 2
      vertex -16.4821 35.346 2
    endloop
  endfacet
  facet normal 0 0 1
    outer loop
      vertex -10.75 18.6195 2
      vertex -19.5 33.775 2
      vertex -12.3319 17.6118 2
    endloop
  endfacet
  facet normal -0 0 1
    outer loop
      vertex -22.3695 31.9469 2
      vertex -12.3319 17.6118 2
      vertex -19.5 33.775 2
    endloop
  endfacet
  facet normal 0 0 1
    outer loop
      vertex -12.3319 17.6118 2
      vertex -22.3695 31.9469 2
      vertex -13.8199 16.47 2
    endloop
  endfacet
  facet normal -0 0 1
    outer loop
      vertex -25.0687 29.8757 2
      vertex -13.8199 16.47 2
      vertex -22.3695 31.9469 2
    endloop
  endfacet
  facet normal 0 0 1
    outer loop
      vertex -13.8199 16.47 2
      vertex -25.0687 29.8757 2
      vertex -15.2028 15.2028 2
    endloop
  endfacet
  facet normal -0 0 1
    outer loop
      vertex -27.5772 27.5772 2
      vertex -15.2028 15.2028 2
      vertex -25.0687 29.8757 2
    endloop
  endfacet
  facet normal 0 0 1
    outer loop
      vertex -15.2028 15.2028 2
      vertex -27.5772 27.5772 2
      vertex -16.47 13.8199 2
    endloop
  endfacet
  facet normal -0 0 1
    outer loop
      vertex -29.8757 25.0687 2
      vertex -16.47 13.8199 2
      vertex -27.5772 27.5772 2
    endloop
  endfacet
  facet normal 0 0 1
    outer loop
      vertex -16.47 13.8199 2
      vertex -29.8757 25.0687 2
      vertex -17.6118 12.3319 2
    endloop
  endfacet
  facet normal -0 0 1
    outer loop
      vertex -31.9469 22.3695 2
      vertex -17.6118 12.3319 2
      vertex -29.8757 25.0687 2
    endloop
  endfacet
  facet normal 0 0 1
    outer loop
      vertex -17.6118 12.3319 2
      vertex -31.9469 22.3695 2
      vertex -18.6195 10.75 2
    endloop
  endfacet
  facet normal 0 0 1
    outer loop
      vertex -18.6195 10.75 2
      vertex -33.775 19.5 2
      vertex -19.4856 9.08629 2
    endloop
  endfacet
  facet normal -0 0 1
    outer loop
      vertex -33.775 19.5 2
      vertex -18.6195 10.75 2
      vertex -31.9469 22.3695 2
    endloop
  endfacet
  facet normal -0 0 1
    outer loop
      vertex 18.6195 -10.75 2
      vertex 33.775 -19.5 2
      vertex 19.4856 -9.08629 2
    endloop
  endfacet
  facet normal 0 0 1
    outer loop
      vertex 33.775 -19.5 2
      vertex 18.6195 -10.75 2
      vertex 31.9469 -22.3695 2
    endloop
  endfacet
  facet normal -0 0 1
    outer loop
      vertex 17.6118 -12.3319 2
      vertex 31.9469 -22.3695 2
      vertex 18.6195 -10.75 2
    endloop
  endfacet
  facet normal 0 0 1
    outer loop
      vertex 31.9469 -22.3695 2
      vertex 17.6118 -12.3319 2
      vertex 29.8757 -25.0687 2
    endloop
  endfacet
  facet normal -0 0 1
    outer loop
      vertex 16.47 -13.8199 2
      vertex 29.8757 -25.0687 2
      vertex 17.6118 -12.3319 2
    endloop
  endfacet
  facet normal 0 0 1
    outer loop
      vertex 29.8757 -25.0687 2
      vertex 16.47 -13.8199 2
      vertex 27.5772 -27.5772 2
    endloop
  endfacet
  facet normal -0 0 1
    outer loop
      vertex 15.2028 -15.2028 2
      vertex 27.5772 -27.5772 2
      vertex 16.47 -13.8199 2
    endloop
  endfacet
  facet normal 0 0 1
    outer loop
      vertex 27.5772 -27.5772 2
      vertex 15.2028 -15.2028 2
      vertex 25.0687 -29.8757 2
    endloop
  endfacet
  facet normal -0 0 1
    outer loop
      vertex 13.8199 -16.47 2
      vertex 25.0687 -29.8757 2
      vertex 15.2028 -15.2028 2
    endloop
  endfacet
  facet normal 0 0 1
    outer loop
      vertex 25.0687 -29.8757 2
      vertex 13.8199 -16.47 2
      vertex 22.3695 -31.9469 2
    endloop
  endfacet
  facet normal -0 0 1
    outer loop
      vertex 12.3319 -17.6118 2
      vertex 22.3695 -31.9469 2
      vertex 13.8199 -16.47 2
    endloop
  endfacet
  facet normal 0 0 1
    outer loop
      vertex 22.3695 -31.9469 2
      vertex 12.3319 -17.6118 2
      vertex 19.5 -33.775 2
    endloop
  endfacet
  facet normal -0 0 1
    outer loop
      vertex 10.75 -18.6195 2
      vertex 19.5 -33.775 2
      vertex 12.3319 -17.6118 2
    endloop
  endfacet
  facet normal 0 0 1
    outer loop
      vertex 19.5 -33.775 2
      vertex 10.75 -18.6195 2
      vertex 16.4821 -35.346 2
    endloop
  endfacet
  facet normal -0 0 1
    outer loop
      vertex 9.08629 -19.4856 2
      vertex 16.4821 -35.346 2
      vertex 10.75 -18.6195 2
    endloop
  endfacet
  facet normal 0 0 1
    outer loop
      vertex 16.4821 -35.346 2
      vertex 9.08629 -19.4856 2
      vertex 13.3388 -36.648 2
    endloop
  endfacet
  facet normal -0 0 1
    outer loop
      vertex 7.35343 -20.2034 2
      vertex 13.3388 -36.648 2
      vertex 9.08629 -19.4856 2
    endloop
  endfacet
  facet normal 0 0 1
    outer loop
      vertex 13.3388 -36.648 2
      vertex 7.35343 -20.2034 2
      vertex 10.0939 -37.6711 2
    endloop
  endfacet
  facet normal -0 0 1
    outer loop
      vertex 5.56461 -20.7674 2
      vertex 10.0939 -37.6711 2
      vertex 7.35343 -20.2034 2
    endloop
  endfacet
  facet normal 0 0 1
    outer loop
      vertex 10.0939 -37.6711 2
      vertex 5.56461 -20.7674 2
      vertex 6.77228 -38.4075 2
    endloop
  endfacet
  facet normal -0 0 1
    outer loop
      vertex 3.73344 -21.1734 2
      vertex 6.77228 -38.4075 2
      vertex 5.56461 -20.7674 2
    endloop
  endfacet
  facet normal 0 0 1
    outer loop
      vertex 3.73344 -21.1734 2
      vertex 3.39907 -38.8516 2
      vertex 6.77228 -38.4075 2
    endloop
  endfacet
  facet normal -0 0 1
    outer loop
      vertex 1.87385 -21.4182 2
      vertex 3.39907 -38.8516 2
      vertex 3.73344 -21.1734 2
    endloop
  endfacet
  facet normal -0 0 1
    outer loop
      vertex 0 -21.5 2
      vertex 3.39907 -38.8516 2
      vertex 1.87385 -21.4182 2
    endloop
  endfacet
  facet normal 0 0 1
    outer loop
      vertex 0 -21.5 2
      vertex 0 -39 2
      vertex 3.39907 -38.8516 2
    endloop
  endfacet
  facet normal 0 0 1
    outer loop
      vertex -1.87385 -21.4182 2
      vertex 0 -39 2
      vertex 0 -21.5 2
    endloop
  endfacet
  facet normal 0 0 1
    outer loop
      vertex -1.87385 -21.4182 2
      vertex -3.39907 -38.8516 2
      vertex 0 -39 2
    endloop
  endfacet
  facet normal 0 0 1
    outer loop
      vertex -3.73344 -21.1734 2
      vertex -3.39907 -38.8516 2
      vertex -1.87385 -21.4182 2
    endloop
  endfacet
  facet normal 0 0 1
    outer loop
      vertex -6.77228 -38.4075 2
      vertex -3.73344 -21.1734 2
      vertex -5.56461 -20.7674 2
    endloop
  endfacet
  facet normal 0 0 1
    outer loop
      vertex -3.73344 -21.1734 2
      vertex -6.77228 -38.4075 2
      vertex -3.39907 -38.8516 2
    endloop
  endfacet
  facet normal 0 0 1
    outer loop
      vertex -10.0939 -37.6711 2
      vertex -5.56461 -20.7674 2
      vertex -7.35343 -20.2034 2
    endloop
  endfacet
  facet normal 0 0 1
    outer loop
      vertex -13.3388 -36.648 2
      vertex -7.35343 -20.2034 2
      vertex -9.08629 -19.4856 2
    endloop
  endfacet
  facet normal 0 0 1
    outer loop
      vertex -5.56461 -20.7674 2
      vertex -10.0939 -37.6711 2
      vertex -6.77228 -38.4075 2
    endloop
  endfacet
  facet normal 0 0 1
    outer loop
      vertex -16.4821 -35.346 2
      vertex -9.08629 -19.4856 2
      vertex -10.75 -18.6195 2
    endloop
  endfacet
  facet normal 0 0 1
    outer loop
      vertex -19.5 -33.775 2
      vertex -10.75 -18.6195 2
      vertex -12.3319 -17.6118 2
    endloop
  endfacet
  facet normal 0 0 1
    outer loop
      vertex -7.35343 -20.2034 2
      vertex -13.3388 -36.648 2
      vertex -10.0939 -37.6711 2
    endloop
  endfacet
  facet normal 0 0 1
    outer loop
      vertex -22.3695 -31.9469 2
      vertex -12.3319 -17.6118 2
      vertex -13.8199 -16.47 2
    endloop
  endfacet
  facet normal 0 0 1
    outer loop
      vertex -25.0687 -29.8757 2
      vertex -13.8199 -16.47 2
      vertex -15.2028 -15.2028 2
    endloop
  endfacet
  facet normal 0 0 1
    outer loop
      vertex -27.5772 -27.5772 2
      vertex -15.2028 -15.2028 2
      vertex -16.47 -13.8199 2
    endloop
  endfacet
  facet normal 0 0 1
    outer loop
      vertex -9.08629 -19.4856 2
      vertex -16.4821 -35.346 2
      vertex -13.3388 -36.648 2
    endloop
  endfacet
  facet normal 0 0 1
    outer loop
      vertex -29.8757 -25.0687 2
      vertex -16.47 -13.8199 2
      vertex -17.6118 -12.3319 2
    endloop
  endfacet
  facet normal 0 0 1
    outer loop
      vertex -31.9469 -22.3695 2
      vertex -17.6118 -12.3319 2
      vertex -18.6195 -10.75 2
    endloop
  endfacet
  facet normal 0 0 1
    outer loop
      vertex -33.775 -19.5 2
      vertex -18.6195 -10.75 2
      vertex -19.4856 -9.08629 2
    endloop
  endfacet
  facet normal 0 0 1
    outer loop
      vertex -10.75 -18.6195 2
      vertex -19.5 -33.775 2
      vertex -16.4821 -35.346 2
    endloop
  endfacet
  facet normal 0 0 1
    outer loop
      vertex -35.346 -16.4821 2
      vertex -19.4856 -9.08629 2
      vertex -20.2034 -7.35343 2
    endloop
  endfacet
  facet normal 0 0 1
    outer loop
      vertex -36.648 -13.3388 2
      vertex -20.2034 -7.35343 2
      vertex -20.7674 -5.56461 2
    endloop
  endfacet
  facet normal 0 0 1
    outer loop
      vertex -37.6711 -10.0939 2
      vertex -20.7674 -5.56461 2
      vertex -21.1734 -3.73344 2
    endloop
  endfacet
  facet normal 0 0 1
    outer loop
      vertex -38.4075 -6.77228 2
      vertex -21.1734 -3.73344 2
      vertex -21.4182 -1.87385 2
    endloop
  endfacet
  facet normal 0 0 1
    outer loop
      vertex -12.3319 -17.6118 2
      vertex -22.3695 -31.9469 2
      vertex -19.5 -33.775 2
    endloop
  endfacet
  facet normal 0 0 1
    outer loop
      vertex -38.8516 -3.39907 2
      vertex -21.4182 -1.87385 2
      vertex -21.5 0 2
    endloop
  endfacet
  facet normal -0 0 1
    outer loop
      vertex -35.346 16.4821 2
      vertex -19.4856 9.08629 2
      vertex -33.775 19.5 2
    endloop
  endfacet
  facet normal 0 0 1
    outer loop
      vertex -19.4856 9.08629 2
      vertex -35.346 16.4821 2
      vertex -20.2034 7.35343 2
    endloop
  endfacet
  facet normal 0 0 1
    outer loop
      vertex -13.8199 -16.47 2
      vertex -25.0687 -29.8757 2
      vertex -22.3695 -31.9469 2
    endloop
  endfacet
  facet normal -0 0 1
    outer loop
      vertex -36.648 13.3388 2
      vertex -20.2034 7.35343 2
      vertex -35.346 16.4821 2
    endloop
  endfacet
  facet normal 0 0 1
    outer loop
      vertex -15.2028 -15.2028 2
      vertex -27.5772 -27.5772 2
      vertex -25.0687 -29.8757 2
    endloop
  endfacet
  facet normal 0 0 1
    outer loop
      vertex -20.2034 7.35343 2
      vertex -36.648 13.3388 2
      vertex -20.7674 5.56461 2
    endloop
  endfacet
  facet normal 0 0 1
    outer loop
      vertex -16.47 -13.8199 2
      vertex -29.8757 -25.0687 2
      vertex -27.5772 -27.5772 2
    endloop
  endfacet
  facet normal -0 0 1
    outer loop
      vertex -37.6711 10.0939 2
      vertex -20.7674 5.56461 2
      vertex -36.648 13.3388 2
    endloop
  endfacet
  facet normal 0 0 1
    outer loop
      vertex -17.6118 -12.3319 2
      vertex -31.9469 -22.3695 2
      vertex -29.8757 -25.0687 2
    endloop
  endfacet
  facet normal 0 0 1
    outer loop
      vertex -20.7674 5.56461 2
      vertex -37.6711 10.0939 2
      vertex -21.1734 3.73344 2
    endloop
  endfacet
  facet normal 0 0 1
    outer loop
      vertex -18.6195 -10.75 2
      vertex -33.775 -19.5 2
      vertex -31.9469 -22.3695 2
    endloop
  endfacet
  facet normal -0 0 1
    outer loop
      vertex -38.4075 6.77228 2
      vertex -21.1734 3.73344 2
      vertex -37.6711 10.0939 2
    endloop
  endfacet
  facet normal 0 0 1
    outer loop
      vertex -19.4856 -9.08629 2
      vertex -35.346 -16.4821 2
      vertex -33.775 -19.5 2
    endloop
  endfacet
  facet normal 0 0 1
    outer loop
      vertex -21.1734 3.73344 2
      vertex -38.4075 6.77228 2
      vertex -21.4182 1.87385 2
    endloop
  endfacet
  facet normal 0 0 1
    outer loop
      vertex -20.2034 -7.35343 2
      vertex -36.648 -13.3388 2
      vertex -35.346 -16.4821 2
    endloop
  endfacet
  facet normal -0 0 1
    outer loop
      vertex -38.8516 3.39907 2
      vertex -21.4182 1.87385 2
      vertex -38.4075 6.77228 2
    endloop
  endfacet
  facet normal 0 0 1
    outer loop
      vertex -20.7674 -5.56461 2
      vertex -37.6711 -10.0939 2
      vertex -36.648 -13.3388 2
    endloop
  endfacet
  facet normal 0 0 1
    outer loop
      vertex -21.4182 1.87385 2
      vertex -38.8516 3.39907 2
      vertex -21.5 0 2
    endloop
  endfacet
  facet normal 0 0 1
    outer loop
      vertex -21.1734 -3.73344 2
      vertex -38.4075 -6.77228 2
      vertex -37.6711 -10.0939 2
    endloop
  endfacet
  facet normal 0 0 1
    outer loop
      vertex -39 0 2
      vertex -21.5 0 2
      vertex -38.8516 3.39907 2
    endloop
  endfacet
  facet normal 0 0 1
    outer loop
      vertex -21.4182 -1.87385 2
      vertex -38.8516 -3.39907 2
      vertex -38.4075 -6.77228 2
    endloop
  endfacet
  facet normal 0 0 1
    outer loop
      vertex -21.5 0 2
      vertex -39 0 2
      vertex -38.8516 -3.39907 2
    endloop
  endfacet
  facet normal 0.675572 -0.737294 0
    outer loop
      vertex -27.5772 27.5772 2
      vertex -25.0687 29.8757 64
      vertex -27.5772 27.5772 64
    endloop
  endfacet
  facet normal 0.675572 -0.737294 0
    outer loop
      vertex -25.0687 29.8757 64
      vertex -27.5772 27.5772 2
      vertex -25.0687 29.8757 2
    endloop
  endfacet
  facet normal 0.0436175 -0.999048 0
    outer loop
      vertex -3.39907 38.8516 2
      vertex 0 39 7.6
      vertex -3.39907 38.8516 7.6
    endloop
  endfacet
  facet normal 0.0436175 -0.999048 0
    outer loop
      vertex 0 39 7.6
      vertex -3.39907 38.8516 2
      vertex 0 39 2
    endloop
  endfacet
  facet normal -0.675572 -0.737294 0
    outer loop
      vertex 25.0687 29.8757 2
      vertex 27.5772 27.5772 64
      vertex 25.0687 29.8757 64
    endloop
  endfacet
  facet normal -0.675572 -0.737294 -0
    outer loop
      vertex 27.5772 27.5772 64
      vertex 25.0687 29.8757 2
      vertex 27.5772 27.5772 2
    endloop
  endfacet
  facet normal -0.608767 -0.793349 0
    outer loop
      vertex 22.3695 31.9469 2
      vertex 25.0687 29.8757 64
      vertex 22.3695 31.9469 64
    endloop
  endfacet
  facet normal -0.608767 -0.793349 -0
    outer loop
      vertex 25.0687 29.8757 64
      vertex 22.3695 31.9469 2
      vertex 25.0687 29.8757 2
    endloop
  endfacet
  facet normal 0.843388 0.537305 0
    outer loop
      vertex -31.9469 -22.3695 64
      vertex -33.775 -19.5 2
      vertex -33.775 -19.5 64
    endloop
  endfacet
  facet normal 0.843388 0.537305 0
    outer loop
      vertex -33.775 -19.5 2
      vertex -31.9469 -22.3695 64
      vertex -31.9469 -22.3695 2
    endloop
  endfacet
  facet normal -0.300706 0.953717 0
    outer loop
      vertex 13.3388 -36.648 64
      vertex 10.4 -37.5746 7.6
      vertex 10.4 -37.5746 64
    endloop
  endfacet
  facet normal -0.300706 0.953717 0
    outer loop
      vertex 13.3388 -36.648 2
      vertex 10.4 -37.5746 7.6
      vertex 13.3388 -36.648 64
    endloop
  endfacet
  facet normal -0.300702 0.953718 1.99756e-06
    outer loop
      vertex 10.0939 -37.6711 2
      vertex 10.4 -37.5746 7.6
      vertex 13.3388 -36.648 2
    endloop
  endfacet
  facet normal -0.300669 0.953729 0
    outer loop
      vertex 10.4 -37.5746 7.6
      vertex 10.0939 -37.6711 2
      vertex 10.0939 -37.6711 7.6
    endloop
  endfacet
  facet normal -0.991443 0.130537 0
    outer loop
      vertex 16.2493 -2.86519 2
      vertex 16.4372 -1.43807 2
      vertex 16.4372 -1.43807 0
    endloop
  endfacet
  facet normal -0.991443 0.130537 0
    outer loop
      vertex 16.2493 -2.86519 2
      vertex 16.4372 -1.43807 0
      vertex 16.2493 -2.86519 0
    endloop
  endfacet
  facet normal -0.991443 0.130537 0
    outer loop
      vertex 16.4372 -1.43807 2
      vertex 16.2493 -2.86519 2
      vertex 16.4372 -1.43807 5.6
    endloop
  endfacet
  facet normal -0.991443 0.130537 0
    outer loop
      vertex 16.4372 -1.43807 5.6
      vertex 16.2493 -2.86519 2
      vertex 16.2493 -2.86519 5.6
    endloop
  endfacet
  facet normal -0.999048 0.0436281 0
    outer loop
      vertex 16.4372 -1.43807 2
      vertex 16.5 0 2
      vertex 16.5 0 0
    endloop
  endfacet
  facet normal -0.999048 0.0436281 0
    outer loop
      vertex 16.4372 -1.43807 2
      vertex 16.5 0 0
      vertex 16.4372 -1.43807 0
    endloop
  endfacet
  facet normal -0.999048 0.0436281 0
    outer loop
      vertex 16.5 0 2
      vertex 16.4372 -1.43807 2
      vertex 16.5 0 5.6
    endloop
  endfacet
  facet normal -0.999048 0.0436281 0
    outer loop
      vertex 16.5 0 5.6
      vertex 16.4372 -1.43807 2
      vertex 16.4372 -1.43807 5.6
    endloop
  endfacet
  facet normal -0.976304 0.216405 0
    outer loop
      vertex 15.9378 -4.27051 2
      vertex 16.2493 -2.86519 2
      vertex 16.2493 -2.86519 0
    endloop
  endfacet
  facet normal -0.976304 0.216405 0
    outer loop
      vertex 15.9378 -4.27051 2
      vertex 16.2493 -2.86519 0
      vertex 15.9378 -4.27051 0
    endloop
  endfacet
  facet normal -0.976304 0.216405 0
    outer loop
      vertex 16.2493 -2.86519 2
      vertex 15.9378 -4.27051 2
      vertex 16.2493 -2.86519 5.6
    endloop
  endfacet
  facet normal -0.976304 0.216405 0
    outer loop
      vertex 16.2493 -2.86519 5.6
      vertex 15.9378 -4.27051 2
      vertex 15.9378 -4.27051 5.6
    endloop
  endfacet
  facet normal -0.130537 0.991443 0
    outer loop
      vertex 2.86519 -16.2493 2
      vertex 1.43807 -16.4372 5.6
      vertex 2.86519 -16.2493 5.6
    endloop
  endfacet
  facet normal -0.130537 0.991443 0
    outer loop
      vertex 2.86519 -16.2493 2
      vertex 1.43807 -16.4372 2
      vertex 1.43807 -16.4372 5.6
    endloop
  endfacet
  facet normal -0.130537 0.991443 0
    outer loop
      vertex 2.86519 -16.2493 0
      vertex 1.43807 -16.4372 2
      vertex 2.86519 -16.2493 2
    endloop
  endfacet
  facet normal -0.130537 0.991443 0
    outer loop
      vertex 1.43807 -16.4372 2
      vertex 2.86519 -16.2493 0
      vertex 1.43807 -16.4372 0
    endloop
  endfacet
  facet normal -0.382654 0.923892 0
    outer loop
      vertex 6.9732 -14.9541 2
      vertex 5.64333 -15.5049 5.6
      vertex 6.9732 -14.9541 5.6
    endloop
  endfacet
  facet normal -0.382654 0.923892 0
    outer loop
      vertex 6.9732 -14.9541 2
      vertex 5.64333 -15.5049 2
      vertex 5.64333 -15.5049 5.6
    endloop
  endfacet
  facet normal -0.382654 0.923892 0
    outer loop
      vertex 6.9732 -14.9541 0
      vertex 5.64333 -15.5049 2
      vertex 6.9732 -14.9541 2
    endloop
  endfacet
  facet normal -0.382654 0.923892 0
    outer loop
      vertex 5.64333 -15.5049 2
      vertex 6.9732 -14.9541 0
      vertex 5.64333 -15.5049 0
    endloop
  endfacet
  facet normal 0.999048 0.0436281 0
    outer loop
      vertex -16.4372 -1.43807 2
      vertex -16.5 0 2
      vertex -16.5 0 5.6
    endloop
  endfacet
  facet normal 0.999048 0.0436281 -0
    outer loop
      vertex -16.4372 -1.43807 2
      vertex -16.5 0 5.6
      vertex -16.4372 -1.43807 5.6
    endloop
  endfacet
  facet normal 0.999048 0.0436281 0
    outer loop
      vertex -16.5 0 2
      vertex -16.4372 -1.43807 2
      vertex -16.5 0 0
    endloop
  endfacet
  facet normal 0.999048 0.0436281 0
    outer loop
      vertex -16.5 0 0
      vertex -16.4372 -1.43807 2
      vertex -16.4372 -1.43807 0
    endloop
  endfacet
  facet normal 0.60877 -0.793347 0
    outer loop
      vertex -10.606 12.6397 2
      vertex -9.46401 13.516 5.6
      vertex -10.606 12.6397 5.6
    endloop
  endfacet
  facet normal 0.60877 -0.793347 0
    outer loop
      vertex -10.606 12.6397 2
      vertex -9.46401 13.516 2
      vertex -9.46401 13.516 5.6
    endloop
  endfacet
  facet normal 0.60877 -0.793347 0
    outer loop
      vertex -10.606 12.6397 0
      vertex -9.46401 13.516 2
      vertex -10.606 12.6397 2
    endloop
  endfacet
  facet normal 0.60877 -0.793347 0
    outer loop
      vertex -9.46401 13.516 2
      vertex -10.606 12.6397 0
      vertex -9.46401 13.516 0
    endloop
  endfacet
  facet normal 0.923892 -0.382654 0
    outer loop
      vertex -15.5049 5.64333 2
      vertex -14.9541 6.9732 2
      vertex -14.9541 6.9732 5.6
    endloop
  endfacet
  facet normal 0.923892 -0.382654 0
    outer loop
      vertex -15.5049 5.64333 2
      vertex -14.9541 6.9732 5.6
      vertex -15.5049 5.64333 5.6
    endloop
  endfacet
  facet normal 0.923892 -0.382654 0
    outer loop
      vertex -14.9541 6.9732 2
      vertex -15.5049 5.64333 2
      vertex -14.9541 6.9732 0
    endloop
  endfacet
  facet normal 0.923892 -0.382654 0
    outer loop
      vertex -14.9541 6.9732 0
      vertex -15.5049 5.64333 2
      vertex -15.5049 5.64333 0
    endloop
  endfacet
  facet normal 0.130537 0.991443 -0
    outer loop
      vertex -1.43807 -16.4372 2
      vertex -2.86519 -16.2493 5.6
      vertex -1.43807 -16.4372 5.6
    endloop
  endfacet
  facet normal 0.130537 0.991443 0
    outer loop
      vertex -1.43807 -16.4372 2
      vertex -2.86519 -16.2493 2
      vertex -2.86519 -16.2493 5.6
    endloop
  endfacet
  facet normal 0.130537 0.991443 -0
    outer loop
      vertex -1.43807 -16.4372 0
      vertex -2.86519 -16.2493 2
      vertex -1.43807 -16.4372 2
    endloop
  endfacet
  facet normal 0.130537 0.991443 0
    outer loop
      vertex -2.86519 -16.2493 2
      vertex -1.43807 -16.4372 0
      vertex -2.86519 -16.2493 0
    endloop
  endfacet
  facet normal 0.300738 0.953707 -0
    outer loop
      vertex -4.27051 -15.9378 2
      vertex -5.64333 -15.5049 5.6
      vertex -4.27051 -15.9378 5.6
    endloop
  endfacet
  facet normal 0.300738 0.953707 0
    outer loop
      vertex -4.27051 -15.9378 2
      vertex -5.64333 -15.5049 2
      vertex -5.64333 -15.5049 5.6
    endloop
  endfacet
  facet normal 0.300738 0.953707 -0
    outer loop
      vertex -4.27051 -15.9378 0
      vertex -5.64333 -15.5049 2
      vertex -4.27051 -15.9378 2
    endloop
  endfacet
  facet normal 0.300738 0.953707 0
    outer loop
      vertex -5.64333 -15.5049 2
      vertex -4.27051 -15.9378 0
      vertex -5.64333 -15.5049 0
    endloop
  endfacet
  facet normal -0.130537 -0.991443 0
    outer loop
      vertex 1.43807 16.4372 2
      vertex 2.86519 16.2493 5.6
      vertex 1.43807 16.4372 5.6
    endloop
  endfacet
  facet normal -0.130537 -0.991443 0
    outer loop
      vertex 1.43807 16.4372 2
      vertex 2.86519 16.2493 2
      vertex 2.86519 16.2493 5.6
    endloop
  endfacet
  facet normal -0.130537 -0.991443 0
    outer loop
      vertex 1.43807 16.4372 0
      vertex 2.86519 16.2493 2
      vertex 1.43807 16.4372 2
    endloop
  endfacet
  facet normal -0.130537 -0.991443 -0
    outer loop
      vertex 2.86519 16.2493 2
      vertex 1.43807 16.4372 0
      vertex 2.86519 16.2493 0
    endloop
  endfacet
  facet normal -0.216405 0.976304 0
    outer loop
      vertex 4.27051 -15.9378 2
      vertex 2.86519 -16.2493 5.6
      vertex 4.27051 -15.9378 5.6
    endloop
  endfacet
  facet normal -0.216405 0.976304 0
    outer loop
      vertex 4.27051 -15.9378 2
      vertex 2.86519 -16.2493 2
      vertex 2.86519 -16.2493 5.6
    endloop
  endfacet
  facet normal -0.216405 0.976304 0
    outer loop
      vertex 4.27051 -15.9378 0
      vertex 2.86519 -16.2493 2
      vertex 4.27051 -15.9378 2
    endloop
  endfacet
  facet normal -0.216405 0.976304 0
    outer loop
      vertex 2.86519 -16.2493 2
      vertex 4.27051 -15.9378 0
      vertex 2.86519 -16.2493 0
    endloop
  endfacet
  facet normal -0.46177 -0.886999 0
    outer loop
      vertex 6.9732 14.9541 2
      vertex 8.25 14.2894 5.6
      vertex 6.9732 14.9541 5.6
    endloop
  endfacet
  facet normal -0.46177 -0.886999 0
    outer loop
      vertex 6.9732 14.9541 2
      vertex 8.25 14.2894 2
      vertex 8.25 14.2894 5.6
    endloop
  endfacet
  facet normal -0.46177 -0.886999 0
    outer loop
      vertex 6.9732 14.9541 0
      vertex 8.25 14.2894 2
      vertex 6.9732 14.9541 2
    endloop
  endfacet
  facet normal -0.46177 -0.886999 -0
    outer loop
      vertex 8.25 14.2894 2
      vertex 6.9732 14.9541 0
      vertex 8.25 14.2894 0
    endloop
  endfacet
  facet normal -0.793347 -0.60877 0
    outer loop
      vertex 13.516 9.46401 2
      vertex 12.6397 10.606 2
      vertex 12.6397 10.606 0
    endloop
  endfacet
  facet normal -0.793347 -0.60877 -0
    outer loop
      vertex 13.516 9.46401 2
      vertex 12.6397 10.606 0
      vertex 13.516 9.46401 0
    endloop
  endfacet
  facet normal -0.793347 -0.60877 0
    outer loop
      vertex 12.6397 10.606 2
      vertex 13.516 9.46401 2
      vertex 12.6397 10.606 5.6
    endloop
  endfacet
  facet normal -0.793347 -0.60877 0
    outer loop
      vertex 12.6397 10.606 5.6
      vertex 13.516 9.46401 2
      vertex 13.516 9.46401 5.6
    endloop
  endfacet
  facet normal -0.0436281 0.999048 0
    outer loop
      vertex 1.43807 -16.4372 2
      vertex 0 -16.5 5.6
      vertex 1.43807 -16.4372 5.6
    endloop
  endfacet
  facet normal -0.0436281 0.999048 0
    outer loop
      vertex 1.43807 -16.4372 2
      vertex 0 -16.5 2
      vertex 0 -16.5 5.6
    endloop
  endfacet
  facet normal -0.0436281 0.999048 0
    outer loop
      vertex 1.43807 -16.4372 0
      vertex 0 -16.5 2
      vertex 1.43807 -16.4372 2
    endloop
  endfacet
  facet normal -0.0436281 0.999048 0
    outer loop
      vertex 0 -16.5 2
      vertex 1.43807 -16.4372 0
      vertex 0 -16.5 0
    endloop
  endfacet
  facet normal 0.976304 -0.216405 0
    outer loop
      vertex -16.2493 2.86519 2
      vertex -15.9378 4.27051 2
      vertex -15.9378 4.27051 5.6
    endloop
  endfacet
  facet normal 0.976304 -0.216405 0
    outer loop
      vertex -16.2493 2.86519 2
      vertex -15.9378 4.27051 5.6
      vertex -16.2493 2.86519 5.6
    endloop
  endfacet
  facet normal 0.976304 -0.216405 0
    outer loop
      vertex -15.9378 4.27051 2
      vertex -16.2493 2.86519 2
      vertex -15.9378 4.27051 0
    endloop
  endfacet
  facet normal 0.976304 -0.216405 0
    outer loop
      vertex -15.9378 4.27051 0
      vertex -16.2493 2.86519 2
      vertex -16.2493 2.86519 0
    endloop
  endfacet
  facet normal -0.991443 -0.130537 0
    outer loop
      vertex 16.4372 1.43807 2
      vertex 16.2493 2.86519 2
      vertex 16.2493 2.86519 0
    endloop
  endfacet
  facet normal -0.991443 -0.130537 -0
    outer loop
      vertex 16.4372 1.43807 2
      vertex 16.2493 2.86519 0
      vertex 16.4372 1.43807 0
    endloop
  endfacet
  facet normal -0.991443 -0.130537 0
    outer loop
      vertex 16.2493 2.86519 2
      vertex 16.4372 1.43807 2
      vertex 16.2493 2.86519 5.6
    endloop
  endfacet
  facet normal -0.991443 -0.130537 0
    outer loop
      vertex 16.2493 2.86519 5.6
      vertex 16.4372 1.43807 2
      vertex 16.4372 1.43807 5.6
    endloop
  endfacet
  facet normal 0.886999 -0.46177 0
    outer loop
      vertex -14.9541 6.9732 2
      vertex -14.2894 8.25 2
      vertex -14.2894 8.25 5.6
    endloop
  endfacet
  facet normal 0.886999 -0.46177 0
    outer loop
      vertex -14.9541 6.9732 2
      vertex -14.2894 8.25 5.6
      vertex -14.9541 6.9732 5.6
    endloop
  endfacet
  facet normal 0.886999 -0.46177 0
    outer loop
      vertex -14.2894 8.25 2
      vertex -14.9541 6.9732 2
      vertex -14.2894 8.25 0
    endloop
  endfacet
  facet normal 0.886999 -0.46177 0
    outer loop
      vertex -14.2894 8.25 0
      vertex -14.9541 6.9732 2
      vertex -14.9541 6.9732 0
    endloop
  endfacet
  facet normal 0.537295 0.843394 -0
    outer loop
      vertex -8.25 -14.2894 2
      vertex -9.46401 -13.516 5.6
      vertex -8.25 -14.2894 5.6
    endloop
  endfacet
  facet normal 0.537295 0.843394 0
    outer loop
      vertex -8.25 -14.2894 2
      vertex -9.46401 -13.516 2
      vertex -9.46401 -13.516 5.6
    endloop
  endfacet
  facet normal 0.537295 0.843394 -0
    outer loop
      vertex -8.25 -14.2894 0
      vertex -9.46401 -13.516 2
      vertex -8.25 -14.2894 2
    endloop
  endfacet
  facet normal 0.537295 0.843394 0
    outer loop
      vertex -9.46401 -13.516 2
      vertex -8.25 -14.2894 0
      vertex -9.46401 -13.516 0
    endloop
  endfacet
  facet normal -0.46177 0.886999 0
    outer loop
      vertex 8.25 -14.2894 2
      vertex 6.9732 -14.9541 5.6
      vertex 8.25 -14.2894 5.6
    endloop
  endfacet
  facet normal -0.46177 0.886999 0
    outer loop
      vertex 8.25 -14.2894 2
      vertex 6.9732 -14.9541 2
      vertex 6.9732 -14.9541 5.6
    endloop
  endfacet
  facet normal -0.46177 0.886999 0
    outer loop
      vertex 8.25 -14.2894 0
      vertex 6.9732 -14.9541 2
      vertex 8.25 -14.2894 2
    endloop
  endfacet
  facet normal -0.46177 0.886999 0
    outer loop
      vertex 6.9732 -14.9541 2
      vertex 8.25 -14.2894 0
      vertex 6.9732 -14.9541 0
    endloop
  endfacet
  facet normal 0.953707 0.300738 0
    outer loop
      vertex -15.5049 -5.64333 2
      vertex -15.9378 -4.27051 2
      vertex -15.9378 -4.27051 5.6
    endloop
  endfacet
  facet normal 0.953707 0.300738 -0
    outer loop
      vertex -15.5049 -5.64333 2
      vertex -15.9378 -4.27051 5.6
      vertex -15.5049 -5.64333 5.6
    endloop
  endfacet
  facet normal 0.953707 0.300738 0
    outer loop
      vertex -15.9378 -4.27051 2
      vertex -15.5049 -5.64333 2
      vertex -15.9378 -4.27051 0
    endloop
  endfacet
  facet normal 0.953707 0.300738 0
    outer loop
      vertex -15.9378 -4.27051 0
      vertex -15.5049 -5.64333 2
      vertex -15.5049 -5.64333 0
    endloop
  endfacet
  facet normal -0.976304 -0.216405 0
    outer loop
      vertex 16.2493 2.86519 2
      vertex 15.9378 4.27051 2
      vertex 15.9378 4.27051 0
    endloop
  endfacet
  facet normal -0.976304 -0.216405 -0
    outer loop
      vertex 16.2493 2.86519 2
      vertex 15.9378 4.27051 0
      vertex 16.2493 2.86519 0
    endloop
  endfacet
  facet normal -0.976304 -0.216405 0
    outer loop
      vertex 15.9378 4.27051 2
      vertex 16.2493 2.86519 2
      vertex 15.9378 4.27051 5.6
    endloop
  endfacet
  facet normal -0.976304 -0.216405 0
    outer loop
      vertex 15.9378 4.27051 5.6
      vertex 16.2493 2.86519 2
      vertex 16.2493 2.86519 5.6
    endloop
  endfacet
  facet normal 0.130537 -0.991443 0
    outer loop
      vertex -2.86519 16.2493 2
      vertex -1.43807 16.4372 5.6
      vertex -2.86519 16.2493 5.6
    endloop
  endfacet
  facet normal 0.130537 -0.991443 0
    outer loop
      vertex -2.86519 16.2493 2
      vertex -1.43807 16.4372 2
      vertex -1.43807 16.4372 5.6
    endloop
  endfacet
  facet normal 0.130537 -0.991443 0
    outer loop
      vertex -2.86519 16.2493 0
      vertex -1.43807 16.4372 2
      vertex -2.86519 16.2493 2
    endloop
  endfacet
  facet normal 0.130537 -0.991443 0
    outer loop
      vertex -1.43807 16.4372 2
      vertex -2.86519 16.2493 0
      vertex -1.43807 16.4372 0
    endloop
  endfacet
  facet normal 0.382654 0.923892 -0
    outer loop
      vertex -5.64333 -15.5049 2
      vertex -6.9732 -14.9541 5.6
      vertex -5.64333 -15.5049 5.6
    endloop
  endfacet
  facet normal 0.382654 0.923892 0
    outer loop
      vertex -5.64333 -15.5049 2
      vertex -6.9732 -14.9541 2
      vertex -6.9732 -14.9541 5.6
    endloop
  endfacet
  facet normal 0.382654 0.923892 -0
    outer loop
      vertex -5.64333 -15.5049 0
      vertex -6.9732 -14.9541 2
      vertex -5.64333 -15.5049 2
    endloop
  endfacet
  facet normal 0.382654 0.923892 0
    outer loop
      vertex -6.9732 -14.9541 2
      vertex -5.64333 -15.5049 0
      vertex -6.9732 -14.9541 0
    endloop
  endfacet
  facet normal 0.60877 0.793347 -0
    outer loop
      vertex -9.46401 -13.516 2
      vertex -10.606 -12.6397 5.6
      vertex -9.46401 -13.516 5.6
    endloop
  endfacet
  facet normal 0.60877 0.793347 0
    outer loop
      vertex -9.46401 -13.516 2
      vertex -10.606 -12.6397 2
      vertex -10.606 -12.6397 5.6
    endloop
  endfacet
  facet normal 0.60877 0.793347 -0
    outer loop
      vertex -9.46401 -13.516 0
      vertex -10.606 -12.6397 2
      vertex -9.46401 -13.516 2
    endloop
  endfacet
  facet normal 0.60877 0.793347 0
    outer loop
      vertex -10.606 -12.6397 2
      vertex -9.46401 -13.516 0
      vertex -10.606 -12.6397 0
    endloop
  endfacet
  facet normal -0.300738 -0.953707 0
    outer loop
      vertex 4.27051 15.9378 2
      vertex 5.64333 15.5049 5.6
      vertex 4.27051 15.9378 5.6
    endloop
  endfacet
  facet normal -0.300738 -0.953707 0
    outer loop
      vertex 4.27051 15.9378 2
      vertex 5.64333 15.5049 2
      vertex 5.64333 15.5049 5.6
    endloop
  endfacet
  facet normal -0.300738 -0.953707 0
    outer loop
      vertex 4.27051 15.9378 0
      vertex 5.64333 15.5049 2
      vertex 4.27051 15.9378 2
    endloop
  endfacet
  facet normal -0.300738 -0.953707 -0
    outer loop
      vertex 5.64333 15.5049 2
      vertex 4.27051 15.9378 0
      vertex 5.64333 15.5049 0
    endloop
  endfacet
  facet normal -0.793347 0.60877 0
    outer loop
      vertex 12.6397 -10.606 2
      vertex 13.516 -9.46401 2
      vertex 13.516 -9.46401 0
    endloop
  endfacet
  facet normal -0.793347 0.60877 0
    outer loop
      vertex 12.6397 -10.606 2
      vertex 13.516 -9.46401 0
      vertex 12.6397 -10.606 0
    endloop
  endfacet
  facet normal -0.793347 0.60877 0
    outer loop
      vertex 13.516 -9.46401 2
      vertex 12.6397 -10.606 2
      vertex 13.516 -9.46401 5.6
    endloop
  endfacet
  facet normal -0.793347 0.60877 0
    outer loop
      vertex 13.516 -9.46401 5.6
      vertex 12.6397 -10.606 2
      vertex 12.6397 -10.606 5.6
    endloop
  endfacet
  facet normal 0.46177 0.886999 -0
    outer loop
      vertex -6.9732 -14.9541 2
      vertex -8.25 -14.2894 5.6
      vertex -6.9732 -14.9541 5.6
    endloop
  endfacet
  facet normal 0.46177 0.886999 0
    outer loop
      vertex -6.9732 -14.9541 2
      vertex -8.25 -14.2894 2
      vertex -8.25 -14.2894 5.6
    endloop
  endfacet
  facet normal 0.46177 0.886999 -0
    outer loop
      vertex -6.9732 -14.9541 0
      vertex -8.25 -14.2894 2
      vertex -6.9732 -14.9541 2
    endloop
  endfacet
  facet normal 0.46177 0.886999 0
    outer loop
      vertex -8.25 -14.2894 2
      vertex -6.9732 -14.9541 0
      vertex -8.25 -14.2894 0
    endloop
  endfacet
  facet normal -0.953707 0.300738 0
    outer loop
      vertex 15.5049 -5.64333 2
      vertex 15.9378 -4.27051 2
      vertex 15.9378 -4.27051 0
    endloop
  endfacet
  facet normal -0.953707 0.300738 0
    outer loop
      vertex 15.5049 -5.64333 2
      vertex 15.9378 -4.27051 0
      vertex 15.5049 -5.64333 0
    endloop
  endfacet
  facet normal -0.953707 0.300738 0
    outer loop
      vertex 15.9378 -4.27051 2
      vertex 15.5049 -5.64333 2
      vertex 15.9378 -4.27051 5.6
    endloop
  endfacet
  facet normal -0.953707 0.300738 0
    outer loop
      vertex 15.9378 -4.27051 5.6
      vertex 15.5049 -5.64333 2
      vertex 15.5049 -5.64333 5.6
    endloop
  endfacet
  facet normal 0.793347 0.60877 0
    outer loop
      vertex -12.6397 -10.606 2
      vertex -13.516 -9.46401 2
      vertex -13.516 -9.46401 5.6
    endloop
  endfacet
  facet normal 0.793347 0.60877 -0
    outer loop
      vertex -12.6397 -10.606 2
      vertex -13.516 -9.46401 5.6
      vertex -12.6397 -10.606 5.6
    endloop
  endfacet
  facet normal 0.793347 0.60877 0
    outer loop
      vertex -13.516 -9.46401 2
      vertex -12.6397 -10.606 2
      vertex -13.516 -9.46401 0
    endloop
  endfacet
  facet normal 0.793347 0.60877 0
    outer loop
      vertex -13.516 -9.46401 0
      vertex -12.6397 -10.606 2
      vertex -12.6397 -10.606 0
    endloop
  endfacet
  facet normal -0.675552 0.737313 0
    outer loop
      vertex 11.6673 -11.6673 2
      vertex 10.606 -12.6397 5.6
      vertex 11.6673 -11.6673 5.6
    endloop
  endfacet
  facet normal -0.675552 0.737313 0
    outer loop
      vertex 11.6673 -11.6673 2
      vertex 10.606 -12.6397 2
      vertex 10.606 -12.6397 5.6
    endloop
  endfacet
  facet normal -0.675552 0.737313 0
    outer loop
      vertex 11.6673 -11.6673 0
      vertex 10.606 -12.6397 2
      vertex 11.6673 -11.6673 2
    endloop
  endfacet
  facet normal -0.675552 0.737313 0
    outer loop
      vertex 10.606 -12.6397 2
      vertex 11.6673 -11.6673 0
      vertex 10.606 -12.6397 0
    endloop
  endfacet
  facet normal 0.675552 -0.737313 0
    outer loop
      vertex -11.6673 11.6673 2
      vertex -10.606 12.6397 5.6
      vertex -11.6673 11.6673 5.6
    endloop
  endfacet
  facet normal 0.675552 -0.737313 0
    outer loop
      vertex -11.6673 11.6673 2
      vertex -10.606 12.6397 2
      vertex -10.606 12.6397 5.6
    endloop
  endfacet
  facet normal 0.675552 -0.737313 0
    outer loop
      vertex -11.6673 11.6673 0
      vertex -10.606 12.6397 2
      vertex -11.6673 11.6673 2
    endloop
  endfacet
  facet normal 0.675552 -0.737313 0
    outer loop
      vertex -10.606 12.6397 2
      vertex -11.6673 11.6673 0
      vertex -10.606 12.6397 0
    endloop
  endfacet
  facet normal -0.923892 0.382654 0
    outer loop
      vertex 14.9541 -6.9732 2
      vertex 15.5049 -5.64333 2
      vertex 15.5049 -5.64333 0
    endloop
  endfacet
  facet normal -0.923892 0.382654 0
    outer loop
      vertex 14.9541 -6.9732 2
      vertex 15.5049 -5.64333 0
      vertex 14.9541 -6.9732 0
    endloop
  endfacet
  facet normal -0.923892 0.382654 0
    outer loop
      vertex 15.5049 -5.64333 2
      vertex 14.9541 -6.9732 2
      vertex 15.5049 -5.64333 5.6
    endloop
  endfacet
  facet normal -0.923892 0.382654 0
    outer loop
      vertex 15.5049 -5.64333 5.6
      vertex 14.9541 -6.9732 2
      vertex 14.9541 -6.9732 5.6
    endloop
  endfacet
  facet normal -0.999048 -0.0436281 0
    outer loop
      vertex 16.5 0 2
      vertex 16.4372 1.43807 2
      vertex 16.4372 1.43807 0
    endloop
  endfacet
  facet normal -0.999048 -0.0436281 -0
    outer loop
      vertex 16.5 0 2
      vertex 16.4372 1.43807 0
      vertex 16.5 0 0
    endloop
  endfacet
  facet normal -0.999048 -0.0436281 0
    outer loop
      vertex 16.4372 1.43807 2
      vertex 16.5 0 2
      vertex 16.4372 1.43807 5.6
    endloop
  endfacet
  facet normal -0.999048 -0.0436281 0
    outer loop
      vertex 16.4372 1.43807 5.6
      vertex 16.5 0 2
      vertex 16.5 0 5.6
    endloop
  endfacet
  facet normal -0.886999 -0.46177 0
    outer loop
      vertex 14.9541 6.9732 2
      vertex 14.2894 8.25 2
      vertex 14.2894 8.25 0
    endloop
  endfacet
  facet normal -0.886999 -0.46177 -0
    outer loop
      vertex 14.9541 6.9732 2
      vertex 14.2894 8.25 0
      vertex 14.9541 6.9732 0
    endloop
  endfacet
  facet normal -0.886999 -0.46177 0
    outer loop
      vertex 14.2894 8.25 2
      vertex 14.9541 6.9732 2
      vertex 14.2894 8.25 5.6
    endloop
  endfacet
  facet normal -0.886999 -0.46177 0
    outer loop
      vertex 14.2894 8.25 5.6
      vertex 14.9541 6.9732 2
      vertex 14.9541 6.9732 5.6
    endloop
  endfacet
  facet normal 0.0436281 -0.999048 0
    outer loop
      vertex -1.43807 16.4372 2
      vertex 0 16.5 5.6
      vertex -1.43807 16.4372 5.6
    endloop
  endfacet
  facet normal 0.0436281 -0.999048 0
    outer loop
      vertex -1.43807 16.4372 2
      vertex 0 16.5 2
      vertex 0 16.5 5.6
    endloop
  endfacet
  facet normal 0.0436281 -0.999048 0
    outer loop
      vertex -1.43807 16.4372 0
      vertex 0 16.5 2
      vertex -1.43807 16.4372 2
    endloop
  endfacet
  facet normal 0.0436281 -0.999048 0
    outer loop
      vertex 0 16.5 2
      vertex -1.43807 16.4372 0
      vertex 0 16.5 0
    endloop
  endfacet
  facet normal 0.537295 -0.843394 0
    outer loop
      vertex -9.46401 13.516 2
      vertex -8.25 14.2894 5.6
      vertex -9.46401 13.516 5.6
    endloop
  endfacet
  facet normal 0.537295 -0.843394 0
    outer loop
      vertex -9.46401 13.516 2
      vertex -8.25 14.2894 2
      vertex -8.25 14.2894 5.6
    endloop
  endfacet
  facet normal 0.537295 -0.843394 0
    outer loop
      vertex -9.46401 13.516 0
      vertex -8.25 14.2894 2
      vertex -9.46401 13.516 2
    endloop
  endfacet
  facet normal 0.537295 -0.843394 0
    outer loop
      vertex -8.25 14.2894 2
      vertex -9.46401 13.516 0
      vertex -8.25 14.2894 0
    endloop
  endfacet
  facet normal 0.216405 -0.976304 0
    outer loop
      vertex -4.27051 15.9378 2
      vertex -2.86519 16.2493 5.6
      vertex -4.27051 15.9378 5.6
    endloop
  endfacet
  facet normal 0.216405 -0.976304 0
    outer loop
      vertex -4.27051 15.9378 2
      vertex -2.86519 16.2493 2
      vertex -2.86519 16.2493 5.6
    endloop
  endfacet
  facet normal 0.216405 -0.976304 0
    outer loop
      vertex -4.27051 15.9378 0
      vertex -2.86519 16.2493 2
      vertex -4.27051 15.9378 2
    endloop
  endfacet
  facet normal 0.216405 -0.976304 0
    outer loop
      vertex -2.86519 16.2493 2
      vertex -4.27051 15.9378 0
      vertex -2.86519 16.2493 0
    endloop
  endfacet
  facet normal -0.60877 0.793347 0
    outer loop
      vertex 10.606 -12.6397 2
      vertex 9.46401 -13.516 5.6
      vertex 10.606 -12.6397 5.6
    endloop
  endfacet
  facet normal -0.60877 0.793347 0
    outer loop
      vertex 10.606 -12.6397 2
      vertex 9.46401 -13.516 2
      vertex 9.46401 -13.516 5.6
    endloop
  endfacet
  facet normal -0.60877 0.793347 0
    outer loop
      vertex 10.606 -12.6397 0
      vertex 9.46401 -13.516 2
      vertex 10.606 -12.6397 2
    endloop
  endfacet
  facet normal -0.60877 0.793347 0
    outer loop
      vertex 9.46401 -13.516 2
      vertex 10.606 -12.6397 0
      vertex 9.46401 -13.516 0
    endloop
  endfacet
  facet normal -0.537295 0.843394 0
    outer loop
      vertex 9.46401 -13.516 2
      vertex 8.25 -14.2894 5.6
      vertex 9.46401 -13.516 5.6
    endloop
  endfacet
  facet normal -0.537295 0.843394 0
    outer loop
      vertex 9.46401 -13.516 2
      vertex 8.25 -14.2894 2
      vertex 8.25 -14.2894 5.6
    endloop
  endfacet
  facet normal -0.537295 0.843394 0
    outer loop
      vertex 9.46401 -13.516 0
      vertex 8.25 -14.2894 2
      vertex 9.46401 -13.516 2
    endloop
  endfacet
  facet normal -0.537295 0.843394 0
    outer loop
      vertex 8.25 -14.2894 2
      vertex 9.46401 -13.516 0
      vertex 8.25 -14.2894 0
    endloop
  endfacet
  facet normal -0.0436281 -0.999048 0
    outer loop
      vertex 0 16.5 2
      vertex 1.43807 16.4372 5.6
      vertex 0 16.5 5.6
    endloop
  endfacet
  facet normal -0.0436281 -0.999048 0
    outer loop
      vertex 0 16.5 2
      vertex 1.43807 16.4372 2
      vertex 1.43807 16.4372 5.6
    endloop
  endfacet
  facet normal -0.0436281 -0.999048 0
    outer loop
      vertex 0 16.5 0
      vertex 1.43807 16.4372 2
      vertex 0 16.5 2
    endloop
  endfacet
  facet normal -0.0436281 -0.999048 -0
    outer loop
      vertex 1.43807 16.4372 2
      vertex 0 16.5 0
      vertex 1.43807 16.4372 0
    endloop
  endfacet
  facet normal -0.843394 -0.537295 0
    outer loop
      vertex 14.2894 8.25 2
      vertex 13.516 9.46401 2
      vertex 13.516 9.46401 0
    endloop
  endfacet
  facet normal -0.843394 -0.537295 -0
    outer loop
      vertex 14.2894 8.25 2
      vertex 13.516 9.46401 0
      vertex 14.2894 8.25 0
    endloop
  endfacet
  facet normal -0.843394 -0.537295 0
    outer loop
      vertex 13.516 9.46401 2
      vertex 14.2894 8.25 2
      vertex 13.516 9.46401 5.6
    endloop
  endfacet
  facet normal -0.843394 -0.537295 0
    outer loop
      vertex 13.516 9.46401 5.6
      vertex 14.2894 8.25 2
      vertex 14.2894 8.25 5.6
    endloop
  endfacet
  facet normal 0.737313 0.675552 0
    outer loop
      vertex -11.6673 -11.6673 2
      vertex -12.6397 -10.606 2
      vertex -12.6397 -10.606 5.6
    endloop
  endfacet
  facet normal 0.737313 0.675552 -0
    outer loop
      vertex -11.6673 -11.6673 2
      vertex -12.6397 -10.606 5.6
      vertex -11.6673 -11.6673 5.6
    endloop
  endfacet
  facet normal 0.737313 0.675552 0
    outer loop
      vertex -12.6397 -10.606 2
      vertex -11.6673 -11.6673 2
      vertex -12.6397 -10.606 0
    endloop
  endfacet
  facet normal 0.737313 0.675552 0
    outer loop
      vertex -12.6397 -10.606 0
      vertex -11.6673 -11.6673 2
      vertex -11.6673 -11.6673 0
    endloop
  endfacet
  facet normal 0.0436281 0.999048 -0
    outer loop
      vertex 0 -16.5 2
      vertex -1.43807 -16.4372 5.6
      vertex 0 -16.5 5.6
    endloop
  endfacet
  facet normal 0.0436281 0.999048 0
    outer loop
      vertex 0 -16.5 2
      vertex -1.43807 -16.4372 2
      vertex -1.43807 -16.4372 5.6
    endloop
  endfacet
  facet normal 0.0436281 0.999048 -0
    outer loop
      vertex 0 -16.5 0
      vertex -1.43807 -16.4372 2
      vertex 0 -16.5 2
    endloop
  endfacet
  facet normal 0.0436281 0.999048 0
    outer loop
      vertex -1.43807 -16.4372 2
      vertex 0 -16.5 0
      vertex -1.43807 -16.4372 0
    endloop
  endfacet
  facet normal 0.382654 -0.923892 0
    outer loop
      vertex -6.9732 14.9541 2
      vertex -5.64333 15.5049 5.6
      vertex -6.9732 14.9541 5.6
    endloop
  endfacet
  facet normal 0.382654 -0.923892 0
    outer loop
      vertex -6.9732 14.9541 2
      vertex -5.64333 15.5049 2
      vertex -5.64333 15.5049 5.6
    endloop
  endfacet
  facet normal 0.382654 -0.923892 0
    outer loop
      vertex -6.9732 14.9541 0
      vertex -5.64333 15.5049 2
      vertex -6.9732 14.9541 2
    endloop
  endfacet
  facet normal 0.382654 -0.923892 0
    outer loop
      vertex -5.64333 15.5049 2
      vertex -6.9732 14.9541 0
      vertex -5.64333 15.5049 0
    endloop
  endfacet
  facet normal -0.886999 0.46177 0
    outer loop
      vertex 14.2894 -8.25 2
      vertex 14.9541 -6.9732 2
      vertex 14.9541 -6.9732 0
    endloop
  endfacet
  facet normal -0.886999 0.46177 0
    outer loop
      vertex 14.2894 -8.25 2
      vertex 14.9541 -6.9732 0
      vertex 14.2894 -8.25 0
    endloop
  endfacet
  facet normal -0.886999 0.46177 0
    outer loop
      vertex 14.9541 -6.9732 2
      vertex 14.2894 -8.25 2
      vertex 14.9541 -6.9732 5.6
    endloop
  endfacet
  facet normal -0.886999 0.46177 0
    outer loop
      vertex 14.9541 -6.9732 5.6
      vertex 14.2894 -8.25 2
      vertex 14.2894 -8.25 5.6
    endloop
  endfacet
  facet normal -0.843394 0.537295 0
    outer loop
      vertex 13.516 -9.46401 2
      vertex 14.2894 -8.25 2
      vertex 14.2894 -8.25 0
    endloop
  endfacet
  facet normal -0.843394 0.537295 0
    outer loop
      vertex 13.516 -9.46401 2
      vertex 14.2894 -8.25 0
      vertex 13.516 -9.46401 0
    endloop
  endfacet
  facet normal -0.843394 0.537295 0
    outer loop
      vertex 14.2894 -8.25 2
      vertex 13.516 -9.46401 2
      vertex 14.2894 -8.25 5.6
    endloop
  endfacet
  facet normal -0.843394 0.537295 0
    outer loop
      vertex 14.2894 -8.25 5.6
      vertex 13.516 -9.46401 2
      vertex 13.516 -9.46401 5.6
    endloop
  endfacet
  facet normal 0.675552 0.737313 -0
    outer loop
      vertex -10.606 -12.6397 2
      vertex -11.6673 -11.6673 5.6
      vertex -10.606 -12.6397 5.6
    endloop
  endfacet
  facet normal 0.675552 0.737313 0
    outer loop
      vertex -10.606 -12.6397 2
      vertex -11.6673 -11.6673 2
      vertex -11.6673 -11.6673 5.6
    endloop
  endfacet
  facet normal 0.675552 0.737313 -0
    outer loop
      vertex -10.606 -12.6397 0
      vertex -11.6673 -11.6673 2
      vertex -10.606 -12.6397 2
    endloop
  endfacet
  facet normal 0.675552 0.737313 0
    outer loop
      vertex -11.6673 -11.6673 2
      vertex -10.606 -12.6397 0
      vertex -11.6673 -11.6673 0
    endloop
  endfacet
  facet normal -0.923892 -0.382654 0
    outer loop
      vertex 15.5049 5.64333 2
      vertex 14.9541 6.9732 2
      vertex 14.9541 6.9732 0
    endloop
  endfacet
  facet normal -0.923892 -0.382654 -0
    outer loop
      vertex 15.5049 5.64333 2
      vertex 14.9541 6.9732 0
      vertex 15.5049 5.64333 0
    endloop
  endfacet
  facet normal -0.923892 -0.382654 0
    outer loop
      vertex 14.9541 6.9732 2
      vertex 15.5049 5.64333 2
      vertex 14.9541 6.9732 5.6
    endloop
  endfacet
  facet normal -0.923892 -0.382654 0
    outer loop
      vertex 14.9541 6.9732 5.6
      vertex 15.5049 5.64333 2
      vertex 15.5049 5.64333 5.6
    endloop
  endfacet
  facet normal 0.923892 0.382654 0
    outer loop
      vertex -14.9541 -6.9732 2
      vertex -15.5049 -5.64333 2
      vertex -15.5049 -5.64333 5.6
    endloop
  endfacet
  facet normal 0.923892 0.382654 -0
    outer loop
      vertex -14.9541 -6.9732 2
      vertex -15.5049 -5.64333 5.6
      vertex -14.9541 -6.9732 5.6
    endloop
  endfacet
  facet normal 0.923892 0.382654 0
    outer loop
      vertex -15.5049 -5.64333 2
      vertex -14.9541 -6.9732 2
      vertex -15.5049 -5.64333 0
    endloop
  endfacet
  facet normal 0.923892 0.382654 0
    outer loop
      vertex -15.5049 -5.64333 0
      vertex -14.9541 -6.9732 2
      vertex -14.9541 -6.9732 0
    endloop
  endfacet
  facet normal -0.216405 -0.976304 0
    outer loop
      vertex 2.86519 16.2493 2
      vertex 4.27051 15.9378 5.6
      vertex 2.86519 16.2493 5.6
    endloop
  endfacet
  facet normal -0.216405 -0.976304 0
    outer loop
      vertex 2.86519 16.2493 2
      vertex 4.27051 15.9378 2
      vertex 4.27051 15.9378 5.6
    endloop
  endfacet
  facet normal -0.216405 -0.976304 0
    outer loop
      vertex 2.86519 16.2493 0
      vertex 4.27051 15.9378 2
      vertex 2.86519 16.2493 2
    endloop
  endfacet
  facet normal -0.216405 -0.976304 -0
    outer loop
      vertex 4.27051 15.9378 2
      vertex 2.86519 16.2493 0
      vertex 4.27051 15.9378 0
    endloop
  endfacet
  facet normal 0.991443 -0.130537 0
    outer loop
      vertex -16.4372 1.43807 2
      vertex -16.2493 2.86519 2
      vertex -16.2493 2.86519 5.6
    endloop
  endfacet
  facet normal 0.991443 -0.130537 0
    outer loop
      vertex -16.4372 1.43807 2
      vertex -16.2493 2.86519 5.6
      vertex -16.4372 1.43807 5.6
    endloop
  endfacet
  facet normal 0.991443 -0.130537 0
    outer loop
      vertex -16.2493 2.86519 2
      vertex -16.4372 1.43807 2
      vertex -16.2493 2.86519 0
    endloop
  endfacet
  facet normal 0.991443 -0.130537 0
    outer loop
      vertex -16.2493 2.86519 0
      vertex -16.4372 1.43807 2
      vertex -16.4372 1.43807 0
    endloop
  endfacet
  facet normal -0.737313 0.675552 0
    outer loop
      vertex 11.6673 -11.6673 2
      vertex 12.6397 -10.606 2
      vertex 12.6397 -10.606 0
    endloop
  endfacet
  facet normal -0.737313 0.675552 0
    outer loop
      vertex 11.6673 -11.6673 2
      vertex 12.6397 -10.606 0
      vertex 11.6673 -11.6673 0
    endloop
  endfacet
  facet normal -0.737313 0.675552 0
    outer loop
      vertex 12.6397 -10.606 2
      vertex 11.6673 -11.6673 2
      vertex 12.6397 -10.606 5.6
    endloop
  endfacet
  facet normal -0.737313 0.675552 0
    outer loop
      vertex 12.6397 -10.606 5.6
      vertex 11.6673 -11.6673 2
      vertex 11.6673 -11.6673 5.6
    endloop
  endfacet
  facet normal 0.886999 0.46177 0
    outer loop
      vertex -14.2894 -8.25 2
      vertex -14.9541 -6.9732 2
      vertex -14.9541 -6.9732 5.6
    endloop
  endfacet
  facet normal 0.886999 0.46177 -0
    outer loop
      vertex -14.2894 -8.25 2
      vertex -14.9541 -6.9732 5.6
      vertex -14.2894 -8.25 5.6
    endloop
  endfacet
  facet normal 0.886999 0.46177 0
    outer loop
      vertex -14.9541 -6.9732 2
      vertex -14.2894 -8.25 2
      vertex -14.9541 -6.9732 0
    endloop
  endfacet
  facet normal 0.886999 0.46177 0
    outer loop
      vertex -14.9541 -6.9732 0
      vertex -14.2894 -8.25 2
      vertex -14.2894 -8.25 0
    endloop
  endfacet
  facet normal 0.737313 -0.675552 0
    outer loop
      vertex -12.6397 10.606 2
      vertex -11.6673 11.6673 2
      vertex -11.6673 11.6673 5.6
    endloop
  endfacet
  facet normal 0.737313 -0.675552 0
    outer loop
      vertex -12.6397 10.606 2
      vertex -11.6673 11.6673 5.6
      vertex -12.6397 10.606 5.6
    endloop
  endfacet
  facet normal 0.737313 -0.675552 0
    outer loop
      vertex -11.6673 11.6673 2
      vertex -12.6397 10.606 2
      vertex -11.6673 11.6673 0
    endloop
  endfacet
  facet normal 0.737313 -0.675552 0
    outer loop
      vertex -11.6673 11.6673 0
      vertex -12.6397 10.606 2
      vertex -12.6397 10.606 0
    endloop
  endfacet
  facet normal 0.793347 -0.60877 0
    outer loop
      vertex -13.516 9.46401 2
      vertex -12.6397 10.606 2
      vertex -12.6397 10.606 5.6
    endloop
  endfacet
  facet normal 0.793347 -0.60877 0
    outer loop
      vertex -13.516 9.46401 2
      vertex -12.6397 10.606 5.6
      vertex -13.516 9.46401 5.6
    endloop
  endfacet
  facet normal 0.793347 -0.60877 0
    outer loop
      vertex -12.6397 10.606 2
      vertex -13.516 9.46401 2
      vertex -12.6397 10.606 0
    endloop
  endfacet
  facet normal 0.793347 -0.60877 0
    outer loop
      vertex -12.6397 10.606 0
      vertex -13.516 9.46401 2
      vertex -13.516 9.46401 0
    endloop
  endfacet
  facet normal -0.382654 -0.923892 0
    outer loop
      vertex 5.64333 15.5049 2
      vertex 6.9732 14.9541 5.6
      vertex 5.64333 15.5049 5.6
    endloop
  endfacet
  facet normal -0.382654 -0.923892 0
    outer loop
      vertex 5.64333 15.5049 2
      vertex 6.9732 14.9541 2
      vertex 6.9732 14.9541 5.6
    endloop
  endfacet
  facet normal -0.382654 -0.923892 0
    outer loop
      vertex 5.64333 15.5049 0
      vertex 6.9732 14.9541 2
      vertex 5.64333 15.5049 2
    endloop
  endfacet
  facet normal -0.382654 -0.923892 -0
    outer loop
      vertex 6.9732 14.9541 2
      vertex 5.64333 15.5049 0
      vertex 6.9732 14.9541 0
    endloop
  endfacet
  facet normal 0.999048 -0.0436281 0
    outer loop
      vertex -16.5 0 2
      vertex -16.4372 1.43807 2
      vertex -16.4372 1.43807 5.6
    endloop
  endfacet
  facet normal 0.999048 -0.0436281 0
    outer loop
      vertex -16.5 0 2
      vertex -16.4372 1.43807 5.6
      vertex -16.5 0 5.6
    endloop
  endfacet
  facet normal 0.999048 -0.0436281 0
    outer loop
      vertex -16.4372 1.43807 2
      vertex -16.5 0 2
      vertex -16.4372 1.43807 0
    endloop
  endfacet
  facet normal 0.999048 -0.0436281 0
    outer loop
      vertex -16.4372 1.43807 0
      vertex -16.5 0 2
      vertex -16.5 0 0
    endloop
  endfacet
  facet normal 0.953707 -0.300738 0
    outer loop
      vertex -15.9378 4.27051 2
      vertex -15.5049 5.64333 2
      vertex -15.5049 5.64333 5.6
    endloop
  endfacet
  facet normal 0.953707 -0.300738 0
    outer loop
      vertex -15.9378 4.27051 2
      vertex -15.5049 5.64333 5.6
      vertex -15.9378 4.27051 5.6
    endloop
  endfacet
  facet normal 0.953707 -0.300738 0
    outer loop
      vertex -15.5049 5.64333 2
      vertex -15.9378 4.27051 2
      vertex -15.5049 5.64333 0
    endloop
  endfacet
  facet normal 0.953707 -0.300738 0
    outer loop
      vertex -15.5049 5.64333 0
      vertex -15.9378 4.27051 2
      vertex -15.9378 4.27051 0
    endloop
  endfacet
  facet normal -0.537295 -0.843394 0
    outer loop
      vertex 8.25 14.2894 2
      vertex 9.46401 13.516 5.6
      vertex 8.25 14.2894 5.6
    endloop
  endfacet
  facet normal -0.537295 -0.843394 0
    outer loop
      vertex 8.25 14.2894 2
      vertex 9.46401 13.516 2
      vertex 9.46401 13.516 5.6
    endloop
  endfacet
  facet normal -0.537295 -0.843394 0
    outer loop
      vertex 8.25 14.2894 0
      vertex 9.46401 13.516 2
      vertex 8.25 14.2894 2
    endloop
  endfacet
  facet normal -0.537295 -0.843394 -0
    outer loop
      vertex 9.46401 13.516 2
      vertex 8.25 14.2894 0
      vertex 9.46401 13.516 0
    endloop
  endfacet
  facet normal -0.300738 0.953707 0
    outer loop
      vertex 5.64333 -15.5049 2
      vertex 4.27051 -15.9378 5.6
      vertex 5.64333 -15.5049 5.6
    endloop
  endfacet
  facet normal -0.300738 0.953707 0
    outer loop
      vertex 5.64333 -15.5049 2
      vertex 4.27051 -15.9378 2
      vertex 4.27051 -15.9378 5.6
    endloop
  endfacet
  facet normal -0.300738 0.953707 0
    outer loop
      vertex 5.64333 -15.5049 0
      vertex 4.27051 -15.9378 2
      vertex 5.64333 -15.5049 2
    endloop
  endfacet
  facet normal -0.300738 0.953707 0
    outer loop
      vertex 4.27051 -15.9378 2
      vertex 5.64333 -15.5049 0
      vertex 4.27051 -15.9378 0
    endloop
  endfacet
  facet normal 0.300738 -0.953707 0
    outer loop
      vertex -5.64333 15.5049 2
      vertex -4.27051 15.9378 5.6
      vertex -5.64333 15.5049 5.6
    endloop
  endfacet
  facet normal 0.300738 -0.953707 0
    outer loop
      vertex -5.64333 15.5049 2
      vertex -4.27051 15.9378 2
      vertex -4.27051 15.9378 5.6
    endloop
  endfacet
  facet normal 0.300738 -0.953707 0
    outer loop
      vertex -5.64333 15.5049 0
      vertex -4.27051 15.9378 2
      vertex -5.64333 15.5049 2
    endloop
  endfacet
  facet normal 0.300738 -0.953707 0
    outer loop
      vertex -4.27051 15.9378 2
      vertex -5.64333 15.5049 0
      vertex -4.27051 15.9378 0
    endloop
  endfacet
  facet normal 0.843394 -0.537295 0
    outer loop
      vertex -14.2894 8.25 2
      vertex -13.516 9.46401 2
      vertex -13.516 9.46401 5.6
    endloop
  endfacet
  facet normal 0.843394 -0.537295 0
    outer loop
      vertex -14.2894 8.25 2
      vertex -13.516 9.46401 5.6
      vertex -14.2894 8.25 5.6
    endloop
  endfacet
  facet normal 0.843394 -0.537295 0
    outer loop
      vertex -13.516 9.46401 2
      vertex -14.2894 8.25 2
      vertex -13.516 9.46401 0
    endloop
  endfacet
  facet normal 0.843394 -0.537295 0
    outer loop
      vertex -13.516 9.46401 0
      vertex -14.2894 8.25 2
      vertex -14.2894 8.25 0
    endloop
  endfacet
  facet normal -0.60877 -0.793347 0
    outer loop
      vertex 9.46401 13.516 2
      vertex 10.606 12.6397 5.6
      vertex 9.46401 13.516 5.6
    endloop
  endfacet
  facet normal -0.60877 -0.793347 0
    outer loop
      vertex 9.46401 13.516 2
      vertex 10.606 12.6397 2
      vertex 10.606 12.6397 5.6
    endloop
  endfacet
  facet normal -0.60877 -0.793347 0
    outer loop
      vertex 9.46401 13.516 0
      vertex 10.606 12.6397 2
      vertex 9.46401 13.516 2
    endloop
  endfacet
  facet normal -0.60877 -0.793347 -0
    outer loop
      vertex 10.606 12.6397 2
      vertex 9.46401 13.516 0
      vertex 10.606 12.6397 0
    endloop
  endfacet
  facet normal 0.991443 0.130537 0
    outer loop
      vertex -16.2493 -2.86519 2
      vertex -16.4372 -1.43807 2
      vertex -16.4372 -1.43807 5.6
    endloop
  endfacet
  facet normal 0.991443 0.130537 -0
    outer loop
      vertex -16.2493 -2.86519 2
      vertex -16.4372 -1.43807 5.6
      vertex -16.2493 -2.86519 5.6
    endloop
  endfacet
  facet normal 0.991443 0.130537 0
    outer loop
      vertex -16.4372 -1.43807 2
      vertex -16.2493 -2.86519 2
      vertex -16.4372 -1.43807 0
    endloop
  endfacet
  facet normal 0.991443 0.130537 0
    outer loop
      vertex -16.4372 -1.43807 0
      vertex -16.2493 -2.86519 2
      vertex -16.2493 -2.86519 0
    endloop
  endfacet
  facet normal -0.953707 -0.300738 0
    outer loop
      vertex 15.9378 4.27051 2
      vertex 15.5049 5.64333 2
      vertex 15.5049 5.64333 0
    endloop
  endfacet
  facet normal -0.953707 -0.300738 -0
    outer loop
      vertex 15.9378 4.27051 2
      vertex 15.5049 5.64333 0
      vertex 15.9378 4.27051 0
    endloop
  endfacet
  facet normal -0.953707 -0.300738 0
    outer loop
      vertex 15.5049 5.64333 2
      vertex 15.9378 4.27051 2
      vertex 15.5049 5.64333 5.6
    endloop
  endfacet
  facet normal -0.953707 -0.300738 0
    outer loop
      vertex 15.5049 5.64333 5.6
      vertex 15.9378 4.27051 2
      vertex 15.9378 4.27051 5.6
    endloop
  endfacet
  facet normal -0.737313 -0.675552 0
    outer loop
      vertex 12.6397 10.606 2
      vertex 11.6673 11.6673 2
      vertex 11.6673 11.6673 0
    endloop
  endfacet
  facet normal -0.737313 -0.675552 -0
    outer loop
      vertex 12.6397 10.606 2
      vertex 11.6673 11.6673 0
      vertex 12.6397 10.606 0
    endloop
  endfacet
  facet normal -0.737313 -0.675552 0
    outer loop
      vertex 11.6673 11.6673 2
      vertex 12.6397 10.606 2
      vertex 11.6673 11.6673 5.6
    endloop
  endfacet
  facet normal -0.737313 -0.675552 0
    outer loop
      vertex 11.6673 11.6673 5.6
      vertex 12.6397 10.606 2
      vertex 12.6397 10.606 5.6
    endloop
  endfacet
  facet normal 0.843394 0.537295 0
    outer loop
      vertex -13.516 -9.46401 2
      vertex -14.2894 -8.25 2
      vertex -14.2894 -8.25 5.6
    endloop
  endfacet
  facet normal 0.843394 0.537295 -0
    outer loop
      vertex -13.516 -9.46401 2
      vertex -14.2894 -8.25 5.6
      vertex -13.516 -9.46401 5.6
    endloop
  endfacet
  facet normal 0.843394 0.537295 0
    outer loop
      vertex -14.2894 -8.25 2
      vertex -13.516 -9.46401 2
      vertex -14.2894 -8.25 0
    endloop
  endfacet
  facet normal 0.843394 0.537295 0
    outer loop
      vertex -14.2894 -8.25 0
      vertex -13.516 -9.46401 2
      vertex -13.516 -9.46401 0
    endloop
  endfacet
  facet normal 0.216405 0.976304 -0
    outer loop
      vertex -2.86519 -16.2493 2
      vertex -4.27051 -15.9378 5.6
      vertex -2.86519 -16.2493 5.6
    endloop
  endfacet
  facet normal 0.216405 0.976304 0
    outer loop
      vertex -2.86519 -16.2493 2
      vertex -4.27051 -15.9378 2
      vertex -4.27051 -15.9378 5.6
    endloop
  endfacet
  facet normal 0.216405 0.976304 -0
    outer loop
      vertex -2.86519 -16.2493 0
      vertex -4.27051 -15.9378 2
      vertex -2.86519 -16.2493 2
    endloop
  endfacet
  facet normal 0.216405 0.976304 0
    outer loop
      vertex -4.27051 -15.9378 2
      vertex -2.86519 -16.2493 0
      vertex -4.27051 -15.9378 0
    endloop
  endfacet
  facet normal -0.675552 -0.737313 0
    outer loop
      vertex 10.606 12.6397 2
      vertex 11.6673 11.6673 5.6
      vertex 10.606 12.6397 5.6
    endloop
  endfacet
  facet normal -0.675552 -0.737313 0
    outer loop
      vertex 10.606 12.6397 2
      vertex 11.6673 11.6673 2
      vertex 11.6673 11.6673 5.6
    endloop
  endfacet
  facet normal -0.675552 -0.737313 0
    outer loop
      vertex 10.606 12.6397 0
      vertex 11.6673 11.6673 2
      vertex 10.606 12.6397 2
    endloop
  endfacet
  facet normal -0.675552 -0.737313 -0
    outer loop
      vertex 11.6673 11.6673 2
      vertex 10.606 12.6397 0
      vertex 11.6673 11.6673 0
    endloop
  endfacet
  facet normal 0.976304 0.216405 0
    outer loop
      vertex -15.9378 -4.27051 2
      vertex -16.2493 -2.86519 2
      vertex -16.2493 -2.86519 5.6
    endloop
  endfacet
  facet normal 0.976304 0.216405 -0
    outer loop
      vertex -15.9378 -4.27051 2
      vertex -16.2493 -2.86519 5.6
      vertex -15.9378 -4.27051 5.6
    endloop
  endfacet
  facet normal 0.976304 0.216405 0
    outer loop
      vertex -16.2493 -2.86519 2
      vertex -15.9378 -4.27051 2
      vertex -16.2493 -2.86519 0
    endloop
  endfacet
  facet normal 0.976304 0.216405 0
    outer loop
      vertex -16.2493 -2.86519 0
      vertex -15.9378 -4.27051 2
      vertex -15.9378 -4.27051 0
    endloop
  endfacet
  facet normal 0.46177 -0.886999 0
    outer loop
      vertex -8.25 14.2894 2
      vertex -6.9732 14.9541 5.6
      vertex -8.25 14.2894 5.6
    endloop
  endfacet
  facet normal 0.46177 -0.886999 0
    outer loop
      vertex -8.25 14.2894 2
      vertex -6.9732 14.9541 2
      vertex -6.9732 14.9541 5.6
    endloop
  endfacet
  facet normal 0.46177 -0.886999 0
    outer loop
      vertex -8.25 14.2894 0
      vertex -6.9732 14.9541 2
      vertex -8.25 14.2894 2
    endloop
  endfacet
  facet normal 0.46177 -0.886999 0
    outer loop
      vertex -6.9732 14.9541 2
      vertex -8.25 14.2894 0
      vertex -6.9732 14.9541 0
    endloop
  endfacet
  facet normal 0.976292 -0.21646 0
    outer loop
      vertex 20.7674 -5.56461 5.6
      vertex 21.1734 -3.73344 2
      vertex 21.1734 -3.73344 5.6
    endloop
  endfacet
  facet normal 0.976292 -0.21646 0
    outer loop
      vertex 21.1734 -3.73344 2
      vertex 20.7674 -5.56461 5.6
      vertex 20.7674 -5.56461 2
    endloop
  endfacet
  facet normal -0.130516 0.991446 0
    outer loop
      vertex -1.87385 21.4182 2
      vertex -3.73344 21.1734 5.6
      vertex -1.87385 21.4182 5.6
    endloop
  endfacet
  facet normal -0.130516 0.991446 0
    outer loop
      vertex -3.73344 21.1734 5.6
      vertex -1.87385 21.4182 2
      vertex -3.73344 21.1734 2
    endloop
  endfacet
  facet normal 0.991446 -0.130516 0
    outer loop
      vertex 21.1734 -3.73344 5.6
      vertex 21.4182 -1.87385 2
      vertex 21.4182 -1.87385 5.6
    endloop
  endfacet
  facet normal 0.991446 -0.130516 0
    outer loop
      vertex 21.4182 -1.87385 2
      vertex 21.1734 -3.73344 5.6
      vertex 21.1734 -3.73344 2
    endloop
  endfacet
  facet normal 0.999049 -0.0436119 0
    outer loop
      vertex 21.4182 -1.87385 5.6
      vertex 21.5 0 2
      vertex 21.5 0 5.6
    endloop
  endfacet
  facet normal 0.999049 -0.0436119 0
    outer loop
      vertex 21.5 0 2
      vertex 21.4182 -1.87385 5.6
      vertex 21.4182 -1.87385 2
    endloop
  endfacet
  facet normal 0.382695 0.923875 -0
    outer loop
      vertex 9.08629 19.4856 2
      vertex 7.35343 20.2034 5.6
      vertex 9.08629 19.4856 5.6
    endloop
  endfacet
  facet normal 0.382695 0.923875 0
    outer loop
      vertex 7.35343 20.2034 5.6
      vertex 9.08629 19.4856 2
      vertex 7.35343 20.2034 2
    endloop
  endfacet
  facet normal -0.793349 0.608767 0
    outer loop
      vertex -17.6118 12.3319 2
      vertex -16.47 13.8199 5.6
      vertex -16.47 13.8199 2
    endloop
  endfacet
  facet normal -0.793349 0.608767 0
    outer loop
      vertex -16.47 13.8199 5.6
      vertex -17.6118 12.3319 2
      vertex -17.6118 12.3319 5.6
    endloop
  endfacet
  facet normal -0.537269 -0.843411 0
    outer loop
      vertex -12.3319 -17.6118 2
      vertex -10.75 -18.6195 5.6
      vertex -12.3319 -17.6118 5.6
    endloop
  endfacet
  facet normal -0.537269 -0.843411 -0
    outer loop
      vertex -10.75 -18.6195 5.6
      vertex -12.3319 -17.6118 2
      vertex -10.75 -18.6195 2
    endloop
  endfacet
  facet normal 0.130516 -0.991446 0
    outer loop
      vertex 1.87385 -21.4182 2
      vertex 3.73344 -21.1734 5.6
      vertex 1.87385 -21.4182 5.6
    endloop
  endfacet
  facet normal 0.130516 -0.991446 0
    outer loop
      vertex 3.73344 -21.1734 5.6
      vertex 1.87385 -21.4182 2
      vertex 3.73344 -21.1734 2
    endloop
  endfacet
  facet normal -0.976292 -0.21646 0
    outer loop
      vertex -20.7674 -5.56461 2
      vertex -21.1734 -3.73344 5.6
      vertex -21.1734 -3.73344 2
    endloop
  endfacet
  facet normal -0.976292 -0.21646 0
    outer loop
      vertex -21.1734 -3.73344 5.6
      vertex -20.7674 -5.56461 2
      vertex -20.7674 -5.56461 5.6
    endloop
  endfacet
  facet normal -0.21646 -0.976292 0
    outer loop
      vertex -5.56461 -20.7674 2
      vertex -3.73344 -21.1734 5.6
      vertex -5.56461 -20.7674 5.6
    endloop
  endfacet
  facet normal -0.21646 -0.976292 -0
    outer loop
      vertex -3.73344 -21.1734 5.6
      vertex -5.56461 -20.7674 2
      vertex -3.73344 -21.1734 2
    endloop
  endfacet
  facet normal -0.923875 0.382695 0
    outer loop
      vertex -20.2034 7.35343 2
      vertex -19.4856 9.08629 5.6
      vertex -19.4856 9.08629 2
    endloop
  endfacet
  facet normal -0.923875 0.382695 0
    outer loop
      vertex -19.4856 9.08629 5.6
      vertex -20.2034 7.35343 2
      vertex -20.2034 7.35343 5.6
    endloop
  endfacet
  facet normal -0.843411 -0.537269 0
    outer loop
      vertex -17.6118 -12.3319 2
      vertex -18.6195 -10.75 5.6
      vertex -18.6195 -10.75 2
    endloop
  endfacet
  facet normal -0.843411 -0.537269 0
    outer loop
      vertex -18.6195 -10.75 5.6
      vertex -17.6118 -12.3319 2
      vertex -17.6118 -12.3319 5.6
    endloop
  endfacet
  facet normal 0.130516 0.991446 -0
    outer loop
      vertex 3.73344 21.1734 2
      vertex 1.87385 21.4182 5.6
      vertex 3.73344 21.1734 5.6
    endloop
  endfacet
  facet normal 0.130516 0.991446 0
    outer loop
      vertex 1.87385 21.4182 5.6
      vertex 3.73344 21.1734 2
      vertex 1.87385 21.4182 2
    endloop
  endfacet
  facet normal 0.953719 -0.3007 0
    outer loop
      vertex 20.2034 -7.35343 5.6
      vertex 20.7674 -5.56461 2
      vertex 20.7674 -5.56461 5.6
    endloop
  endfacet
  facet normal 0.953719 -0.3007 0
    outer loop
      vertex 20.7674 -5.56461 2
      vertex 20.2034 -7.35343 5.6
      vertex 20.2034 -7.35343 2
    endloop
  endfacet
  facet normal -0.46176 -0.887005 0
    outer loop
      vertex -10.75 -18.6195 2
      vertex -9.08629 -19.4856 5.6
      vertex -10.75 -18.6195 5.6
    endloop
  endfacet
  facet normal -0.46176 -0.887005 -0
    outer loop
      vertex -9.08629 -19.4856 5.6
      vertex -10.75 -18.6195 2
      vertex -9.08629 -19.4856 2
    endloop
  endfacet
  facet normal 0.608767 -0.793349 0
    outer loop
      vertex 12.3319 -17.6118 2
      vertex 13.8199 -16.47 5.6
      vertex 12.3319 -17.6118 5.6
    endloop
  endfacet
  facet normal 0.608767 -0.793349 0
    outer loop
      vertex 13.8199 -16.47 5.6
      vertex 12.3319 -17.6118 2
      vertex 13.8199 -16.47 2
    endloop
  endfacet
  facet normal -0.953719 0.3007 0
    outer loop
      vertex -20.7674 5.56461 2
      vertex -20.2034 7.35343 5.6
      vertex -20.2034 7.35343 2
    endloop
  endfacet
  facet normal -0.953719 0.3007 0
    outer loop
      vertex -20.2034 7.35343 5.6
      vertex -20.7674 5.56461 2
      vertex -20.7674 5.56461 5.6
    endloop
  endfacet
  facet normal 0.793349 0.608767 0
    outer loop
      vertex 17.6118 12.3319 5.6
      vertex 16.47 13.8199 2
      vertex 16.47 13.8199 5.6
    endloop
  endfacet
  facet normal 0.793349 0.608767 0
    outer loop
      vertex 16.47 13.8199 2
      vertex 17.6118 12.3319 5.6
      vertex 17.6118 12.3319 2
    endloop
  endfacet
  facet normal 0.793349 -0.608767 0
    outer loop
      vertex 16.47 -13.8199 5.6
      vertex 17.6118 -12.3319 2
      vertex 17.6118 -12.3319 5.6
    endloop
  endfacet
  facet normal 0.793349 -0.608767 0
    outer loop
      vertex 17.6118 -12.3319 2
      vertex 16.47 -13.8199 5.6
      vertex 16.47 -13.8199 2
    endloop
  endfacet
  facet normal -0.843411 0.537269 0
    outer loop
      vertex -18.6195 10.75 2
      vertex -17.6118 12.3319 5.6
      vertex -17.6118 12.3319 2
    endloop
  endfacet
  facet normal -0.843411 0.537269 0
    outer loop
      vertex -17.6118 12.3319 5.6
      vertex -18.6195 10.75 2
      vertex -18.6195 10.75 5.6
    endloop
  endfacet
  facet normal 0.976292 0.21646 0
    outer loop
      vertex 21.1734 3.73344 5.6
      vertex 20.7674 5.56461 2
      vertex 20.7674 5.56461 5.6
    endloop
  endfacet
  facet normal 0.976292 0.21646 0
    outer loop
      vertex 20.7674 5.56461 2
      vertex 21.1734 3.73344 5.6
      vertex 21.1734 3.73344 2
    endloop
  endfacet
  facet normal -0.3007 0.953719 0
    outer loop
      vertex -5.56461 20.7674 2
      vertex -7.35343 20.2034 5.6
      vertex -5.56461 20.7674 5.6
    endloop
  endfacet
  facet normal -0.3007 0.953719 0
    outer loop
      vertex -7.35343 20.2034 5.6
      vertex -5.56461 20.7674 2
      vertex -7.35343 20.2034 2
    endloop
  endfacet
  facet normal 0.46176 -0.887005 0
    outer loop
      vertex 9.08629 -19.4856 2
      vertex 10.75 -18.6195 5.6
      vertex 9.08629 -19.4856 5.6
    endloop
  endfacet
  facet normal 0.46176 -0.887005 0
    outer loop
      vertex 10.75 -18.6195 5.6
      vertex 9.08629 -19.4856 2
      vertex 10.75 -18.6195 2
    endloop
  endfacet
  facet normal 0.537269 -0.843411 0
    outer loop
      vertex 10.75 -18.6195 2
      vertex 12.3319 -17.6118 5.6
      vertex 10.75 -18.6195 5.6
    endloop
  endfacet
  facet normal 0.537269 -0.843411 0
    outer loop
      vertex 12.3319 -17.6118 5.6
      vertex 10.75 -18.6195 2
      vertex 12.3319 -17.6118 2
    endloop
  endfacet
  facet normal 0.923875 -0.382695 0
    outer loop
      vertex 19.4856 -9.08629 5.6
      vertex 20.2034 -7.35343 2
      vertex 20.2034 -7.35343 5.6
    endloop
  endfacet
  facet normal 0.923875 -0.382695 0
    outer loop
      vertex 20.2034 -7.35343 2
      vertex 19.4856 -9.08629 5.6
      vertex 19.4856 -9.08629 2
    endloop
  endfacet
  facet normal 0.923875 0.382695 0
    outer loop
      vertex 20.2034 7.35343 5.6
      vertex 19.4856 9.08629 2
      vertex 19.4856 9.08629 5.6
    endloop
  endfacet
  facet normal 0.923875 0.382695 0
    outer loop
      vertex 19.4856 9.08629 2
      vertex 20.2034 7.35343 5.6
      vertex 20.2034 7.35343 2
    endloop
  endfacet
  facet normal 0.3007 -0.953719 0
    outer loop
      vertex 5.56461 -20.7674 2
      vertex 7.35343 -20.2034 5.6
      vertex 5.56461 -20.7674 5.6
    endloop
  endfacet
  facet normal 0.3007 -0.953719 0
    outer loop
      vertex 7.35343 -20.2034 5.6
      vertex 5.56461 -20.7674 2
      vertex 7.35343 -20.2034 2
    endloop
  endfacet
  facet normal 0.382695 -0.923875 0
    outer loop
      vertex 7.35343 -20.2034 2
      vertex 9.08629 -19.4856 5.6
      vertex 7.35343 -20.2034 5.6
    endloop
  endfacet
  facet normal 0.382695 -0.923875 0
    outer loop
      vertex 9.08629 -19.4856 5.6
      vertex 7.35343 -20.2034 2
      vertex 9.08629 -19.4856 2
    endloop
  endfacet
  facet normal -0.737276 -0.675592 0
    outer loop
      vertex -15.2028 -15.2028 2
      vertex -16.47 -13.8199 5.6
      vertex -16.47 -13.8199 2
    endloop
  endfacet
  facet normal -0.737276 -0.675592 0
    outer loop
      vertex -16.47 -13.8199 5.6
      vertex -15.2028 -15.2028 2
      vertex -15.2028 -15.2028 5.6
    endloop
  endfacet
  facet normal 0.3007 0.953719 -0
    outer loop
      vertex 7.35343 20.2034 2
      vertex 5.56461 20.7674 5.6
      vertex 7.35343 20.2034 5.6
    endloop
  endfacet
  facet normal 0.3007 0.953719 0
    outer loop
      vertex 5.56461 20.7674 5.6
      vertex 7.35343 20.2034 2
      vertex 5.56461 20.7674 2
    endloop
  endfacet
  facet normal 0.991446 0.130516 0
    outer loop
      vertex 21.4182 1.87385 5.6
      vertex 21.1734 3.73344 2
      vertex 21.1734 3.73344 5.6
    endloop
  endfacet
  facet normal 0.991446 0.130516 0
    outer loop
      vertex 21.1734 3.73344 2
      vertex 21.4182 1.87385 5.6
      vertex 21.4182 1.87385 2
    endloop
  endfacet
  facet normal 0.999049 0.0436119 0
    outer loop
      vertex 21.5 0 5.6
      vertex 21.4182 1.87385 2
      vertex 21.4182 1.87385 5.6
    endloop
  endfacet
  facet normal 0.999049 0.0436119 0
    outer loop
      vertex 21.4182 1.87385 2
      vertex 21.5 0 5.6
      vertex 21.5 0 2
    endloop
  endfacet
  facet normal 0.737276 -0.675592 0
    outer loop
      vertex 15.2028 -15.2028 5.6
      vertex 16.47 -13.8199 2
      vertex 16.47 -13.8199 5.6
    endloop
  endfacet
  facet normal 0.737276 -0.675592 0
    outer loop
      vertex 16.47 -13.8199 2
      vertex 15.2028 -15.2028 5.6
      vertex 15.2028 -15.2028 2
    endloop
  endfacet
  facet normal 0.21646 -0.976292 0
    outer loop
      vertex 3.73344 -21.1734 2
      vertex 5.56461 -20.7674 5.6
      vertex 3.73344 -21.1734 5.6
    endloop
  endfacet
  facet normal 0.21646 -0.976292 0
    outer loop
      vertex 5.56461 -20.7674 5.6
      vertex 3.73344 -21.1734 2
      vertex 5.56461 -20.7674 2
    endloop
  endfacet
  facet normal 0.537269 0.843411 -0
    outer loop
      vertex 12.3319 17.6118 2
      vertex 10.75 18.6195 5.6
      vertex 12.3319 17.6118 5.6
    endloop
  endfacet
  facet normal 0.537269 0.843411 0
    outer loop
      vertex 10.75 18.6195 5.6
      vertex 12.3319 17.6118 2
      vertex 10.75 18.6195 2
    endloop
  endfacet
  facet normal -0.737276 0.675592 0
    outer loop
      vertex -16.47 13.8199 2
      vertex -15.2028 15.2028 5.6
      vertex -15.2028 15.2028 2
    endloop
  endfacet
  facet normal -0.737276 0.675592 0
    outer loop
      vertex -15.2028 15.2028 5.6
      vertex -16.47 13.8199 2
      vertex -16.47 13.8199 5.6
    endloop
  endfacet
  facet normal -0.675592 0.737276 0
    outer loop
      vertex -13.8199 16.47 2
      vertex -15.2028 15.2028 5.6
      vertex -13.8199 16.47 5.6
    endloop
  endfacet
  facet normal -0.675592 0.737276 0
    outer loop
      vertex -15.2028 15.2028 5.6
      vertex -13.8199 16.47 2
      vertex -15.2028 15.2028 2
    endloop
  endfacet
  facet normal 0.46176 0.887005 -0
    outer loop
      vertex 10.75 18.6195 2
      vertex 9.08629 19.4856 5.6
      vertex 10.75 18.6195 5.6
    endloop
  endfacet
  facet normal 0.46176 0.887005 0
    outer loop
      vertex 9.08629 19.4856 5.6
      vertex 10.75 18.6195 2
      vertex 9.08629 19.4856 2
    endloop
  endfacet
  facet normal 0.0436119 0.999049 -0
    outer loop
      vertex 1.87385 21.4182 2
      vertex 0 21.5 5.6
      vertex 1.87385 21.4182 5.6
    endloop
  endfacet
  facet normal 0.0436119 0.999049 0
    outer loop
      vertex 0 21.5 5.6
      vertex 1.87385 21.4182 2
      vertex 0 21.5 2
    endloop
  endfacet
  facet normal 0.953719 0.3007 0
    outer loop
      vertex 20.7674 5.56461 5.6
      vertex 20.2034 7.35343 2
      vertex 20.2034 7.35343 5.6
    endloop
  endfacet
  facet normal 0.953719 0.3007 0
    outer loop
      vertex 20.2034 7.35343 2
      vertex 20.7674 5.56461 5.6
      vertex 20.7674 5.56461 2
    endloop
  endfacet
  facet normal 0.843411 0.537269 0
    outer loop
      vertex 18.6195 10.75 5.6
      vertex 17.6118 12.3319 2
      vertex 17.6118 12.3319 5.6
    endloop
  endfacet
  facet normal 0.843411 0.537269 0
    outer loop
      vertex 17.6118 12.3319 2
      vertex 18.6195 10.75 5.6
      vertex 18.6195 10.75 2
    endloop
  endfacet
  facet normal -0.887005 0.46176 0
    outer loop
      vertex -19.4856 9.08629 2
      vertex -18.6195 10.75 5.6
      vertex -18.6195 10.75 2
    endloop
  endfacet
  facet normal -0.887005 0.46176 0
    outer loop
      vertex -18.6195 10.75 5.6
      vertex -19.4856 9.08629 2
      vertex -19.4856 9.08629 5.6
    endloop
  endfacet
  facet normal -0.130516 -0.991446 0
    outer loop
      vertex -3.73344 -21.1734 2
      vertex -1.87385 -21.4182 5.6
      vertex -3.73344 -21.1734 5.6
    endloop
  endfacet
  facet normal -0.130516 -0.991446 -0
    outer loop
      vertex -1.87385 -21.4182 5.6
      vertex -3.73344 -21.1734 2
      vertex -1.87385 -21.4182 2
    endloop
  endfacet
  facet normal 0.608767 0.793349 -0
    outer loop
      vertex 13.8199 16.47 2
      vertex 12.3319 17.6118 5.6
      vertex 13.8199 16.47 5.6
    endloop
  endfacet
  facet normal 0.608767 0.793349 0
    outer loop
      vertex 12.3319 17.6118 5.6
      vertex 13.8199 16.47 2
      vertex 12.3319 17.6118 2
    endloop
  endfacet
  facet normal -0.887005 -0.46176 0
    outer loop
      vertex -18.6195 -10.75 2
      vertex -19.4856 -9.08629 5.6
      vertex -19.4856 -9.08629 2
    endloop
  endfacet
  facet normal -0.887005 -0.46176 0
    outer loop
      vertex -19.4856 -9.08629 5.6
      vertex -18.6195 -10.75 2
      vertex -18.6195 -10.75 5.6
    endloop
  endfacet
  facet normal -0.0436119 0.999049 0
    outer loop
      vertex 0 21.5 2
      vertex -1.87385 21.4182 5.6
      vertex 0 21.5 5.6
    endloop
  endfacet
  facet normal -0.0436119 0.999049 0
    outer loop
      vertex -1.87385 21.4182 5.6
      vertex 0 21.5 2
      vertex -1.87385 21.4182 2
    endloop
  endfacet
  facet normal -0.976292 0.21646 0
    outer loop
      vertex -21.1734 3.73344 2
      vertex -20.7674 5.56461 5.6
      vertex -20.7674 5.56461 2
    endloop
  endfacet
  facet normal -0.976292 0.21646 0
    outer loop
      vertex -20.7674 5.56461 5.6
      vertex -21.1734 3.73344 2
      vertex -21.1734 3.73344 5.6
    endloop
  endfacet
  facet normal 0.887005 -0.46176 0
    outer loop
      vertex 18.6195 -10.75 5.6
      vertex 19.4856 -9.08629 2
      vertex 19.4856 -9.08629 5.6
    endloop
  endfacet
  facet normal 0.887005 -0.46176 0
    outer loop
      vertex 19.4856 -9.08629 2
      vertex 18.6195 -10.75 5.6
      vertex 18.6195 -10.75 2
    endloop
  endfacet
  facet normal -0.382695 -0.923875 0
    outer loop
      vertex -9.08629 -19.4856 2
      vertex -7.35343 -20.2034 5.6
      vertex -9.08629 -19.4856 5.6
    endloop
  endfacet
  facet normal -0.382695 -0.923875 -0
    outer loop
      vertex -7.35343 -20.2034 5.6
      vertex -9.08629 -19.4856 2
      vertex -7.35343 -20.2034 2
    endloop
  endfacet
  facet normal 0.843411 -0.537269 0
    outer loop
      vertex 17.6118 -12.3319 5.6
      vertex 18.6195 -10.75 2
      vertex 18.6195 -10.75 5.6
    endloop
  endfacet
  facet normal 0.843411 -0.537269 0
    outer loop
      vertex 18.6195 -10.75 2
      vertex 17.6118 -12.3319 5.6
      vertex 17.6118 -12.3319 2
    endloop
  endfacet
  facet normal -0.608767 -0.793349 0
    outer loop
      vertex -13.8199 -16.47 2
      vertex -12.3319 -17.6118 5.6
      vertex -13.8199 -16.47 5.6
    endloop
  endfacet
  facet normal -0.608767 -0.793349 -0
    outer loop
      vertex -12.3319 -17.6118 5.6
      vertex -13.8199 -16.47 2
      vertex -12.3319 -17.6118 2
    endloop
  endfacet
  facet normal 0.0436119 -0.999049 0
    outer loop
      vertex 0 -21.5 2
      vertex 1.87385 -21.4182 5.6
      vertex 0 -21.5 5.6
    endloop
  endfacet
  facet normal 0.0436119 -0.999049 0
    outer loop
      vertex 1.87385 -21.4182 5.6
      vertex 0 -21.5 2
      vertex 1.87385 -21.4182 2
    endloop
  endfacet
  facet normal -0.675592 -0.737276 0
    outer loop
      vertex -15.2028 -15.2028 2
      vertex -13.8199 -16.47 5.6
      vertex -15.2028 -15.2028 5.6
    endloop
  endfacet
  facet normal -0.675592 -0.737276 -0
    outer loop
      vertex -13.8199 -16.47 5.6
      vertex -15.2028 -15.2028 2
      vertex -13.8199 -16.47 2
    endloop
  endfacet
  facet normal 0.737276 0.675592 0
    outer loop
      vertex 16.47 13.8199 5.6
      vertex 15.2028 15.2028 2
      vertex 15.2028 15.2028 5.6
    endloop
  endfacet
  facet normal 0.737276 0.675592 0
    outer loop
      vertex 15.2028 15.2028 2
      vertex 16.47 13.8199 5.6
      vertex 16.47 13.8199 2
    endloop
  endfacet
  facet normal -0.3007 -0.953719 0
    outer loop
      vertex -7.35343 -20.2034 2
      vertex -5.56461 -20.7674 5.6
      vertex -7.35343 -20.2034 5.6
    endloop
  endfacet
  facet normal -0.3007 -0.953719 -0
    outer loop
      vertex -5.56461 -20.7674 5.6
      vertex -7.35343 -20.2034 2
      vertex -5.56461 -20.7674 2
    endloop
  endfacet
  facet normal -0.999049 0.0436119 0
    outer loop
      vertex -21.5 0 2
      vertex -21.4182 1.87385 5.6
      vertex -21.4182 1.87385 2
    endloop
  endfacet
  facet normal -0.999049 0.0436119 0
    outer loop
      vertex -21.4182 1.87385 5.6
      vertex -21.5 0 2
      vertex -21.5 0 5.6
    endloop
  endfacet
  facet normal -0.21646 0.976292 0
    outer loop
      vertex -3.73344 21.1734 2
      vertex -5.56461 20.7674 5.6
      vertex -3.73344 21.1734 5.6
    endloop
  endfacet
  facet normal -0.21646 0.976292 0
    outer loop
      vertex -5.56461 20.7674 5.6
      vertex -3.73344 21.1734 2
      vertex -5.56461 20.7674 2
    endloop
  endfacet
  facet normal -0.0436119 -0.999049 0
    outer loop
      vertex -1.87385 -21.4182 2
      vertex 0 -21.5 5.6
      vertex -1.87385 -21.4182 5.6
    endloop
  endfacet
  facet normal -0.0436119 -0.999049 -0
    outer loop
      vertex 0 -21.5 5.6
      vertex -1.87385 -21.4182 2
      vertex 0 -21.5 2
    endloop
  endfacet
  facet normal -0.991446 0.130516 0
    outer loop
      vertex -21.4182 1.87385 2
      vertex -21.1734 3.73344 5.6
      vertex -21.1734 3.73344 2
    endloop
  endfacet
  facet normal -0.991446 0.130516 0
    outer loop
      vertex -21.1734 3.73344 5.6
      vertex -21.4182 1.87385 2
      vertex -21.4182 1.87385 5.6
    endloop
  endfacet
  facet normal -0.953719 -0.3007 0
    outer loop
      vertex -20.2034 -7.35343 2
      vertex -20.7674 -5.56461 5.6
      vertex -20.7674 -5.56461 2
    endloop
  endfacet
  facet normal -0.953719 -0.3007 0
    outer loop
      vertex -20.7674 -5.56461 5.6
      vertex -20.2034 -7.35343 2
      vertex -20.2034 -7.35343 5.6
    endloop
  endfacet
  facet normal -0.608767 0.793349 0
    outer loop
      vertex -12.3319 17.6118 2
      vertex -13.8199 16.47 5.6
      vertex -12.3319 17.6118 5.6
    endloop
  endfacet
  facet normal -0.608767 0.793349 0
    outer loop
      vertex -13.8199 16.47 5.6
      vertex -12.3319 17.6118 2
      vertex -13.8199 16.47 2
    endloop
  endfacet
  facet normal 0.887005 0.46176 0
    outer loop
      vertex 19.4856 9.08629 5.6
      vertex 18.6195 10.75 2
      vertex 18.6195 10.75 5.6
    endloop
  endfacet
  facet normal 0.887005 0.46176 0
    outer loop
      vertex 18.6195 10.75 2
      vertex 19.4856 9.08629 5.6
      vertex 19.4856 9.08629 2
    endloop
  endfacet
  facet normal 0.21646 0.976292 -0
    outer loop
      vertex 5.56461 20.7674 2
      vertex 3.73344 21.1734 5.6
      vertex 5.56461 20.7674 5.6
    endloop
  endfacet
  facet normal 0.21646 0.976292 0
    outer loop
      vertex 3.73344 21.1734 5.6
      vertex 5.56461 20.7674 2
      vertex 3.73344 21.1734 2
    endloop
  endfacet
  facet normal 0.675592 -0.737276 0
    outer loop
      vertex 13.8199 -16.47 2
      vertex 15.2028 -15.2028 5.6
      vertex 13.8199 -16.47 5.6
    endloop
  endfacet
  facet normal 0.675592 -0.737276 0
    outer loop
      vertex 15.2028 -15.2028 5.6
      vertex 13.8199 -16.47 2
      vertex 15.2028 -15.2028 2
    endloop
  endfacet
  facet normal -0.991446 -0.130516 0
    outer loop
      vertex -21.1734 -3.73344 2
      vertex -21.4182 -1.87385 5.6
      vertex -21.4182 -1.87385 2
    endloop
  endfacet
  facet normal -0.991446 -0.130516 0
    outer loop
      vertex -21.4182 -1.87385 5.6
      vertex -21.1734 -3.73344 2
      vertex -21.1734 -3.73344 5.6
    endloop
  endfacet
  facet normal -0.999049 -0.0436119 0
    outer loop
      vertex -21.4182 -1.87385 2
      vertex -21.5 0 5.6
      vertex -21.5 0 2
    endloop
  endfacet
  facet normal -0.999049 -0.0436119 0
    outer loop
      vertex -21.5 0 5.6
      vertex -21.4182 -1.87385 2
      vertex -21.4182 -1.87385 5.6
    endloop
  endfacet
  facet normal 0.675592 0.737276 -0
    outer loop
      vertex 15.2028 15.2028 2
      vertex 13.8199 16.47 5.6
      vertex 15.2028 15.2028 5.6
    endloop
  endfacet
  facet normal 0.675592 0.737276 0
    outer loop
      vertex 13.8199 16.47 5.6
      vertex 15.2028 15.2028 2
      vertex 13.8199 16.47 2
    endloop
  endfacet
  facet normal -0.537269 0.843411 0
    outer loop
      vertex -10.75 18.6195 2
      vertex -12.3319 17.6118 5.6
      vertex -10.75 18.6195 5.6
    endloop
  endfacet
  facet normal -0.537269 0.843411 0
    outer loop
      vertex -12.3319 17.6118 5.6
      vertex -10.75 18.6195 2
      vertex -12.3319 17.6118 2
    endloop
  endfacet
  facet normal -0.923875 -0.382695 0
    outer loop
      vertex -19.4856 -9.08629 2
      vertex -20.2034 -7.35343 5.6
      vertex -20.2034 -7.35343 2
    endloop
  endfacet
  facet normal -0.923875 -0.382695 0
    outer loop
      vertex -20.2034 -7.35343 5.6
      vertex -19.4856 -9.08629 2
      vertex -19.4856 -9.08629 5.6
    endloop
  endfacet
  facet normal -0.46176 0.887005 0
    outer loop
      vertex -9.08629 19.4856 2
      vertex -10.75 18.6195 5.6
      vertex -9.08629 19.4856 5.6
    endloop
  endfacet
  facet normal -0.46176 0.887005 0
    outer loop
      vertex -10.75 18.6195 5.6
      vertex -9.08629 19.4856 2
      vertex -10.75 18.6195 2
    endloop
  endfacet
  facet normal 0 0 1
    outer loop
      vertex 16.5 0 5.6
      vertex 21.5 0 5.6
      vertex 21.4182 1.87385 5.6
    endloop
  endfacet
  facet normal 0 0 1
    outer loop
      vertex 16.4372 1.43807 5.6
      vertex 21.4182 1.87385 5.6
      vertex 21.1734 3.73344 5.6
    endloop
  endfacet
  facet normal 0 0 1
    outer loop
      vertex 21.5 0 5.6
      vertex 16.5 0 5.6
      vertex 21.4182 -1.87385 5.6
    endloop
  endfacet
  facet normal 0 0 1
    outer loop
      vertex 16.2493 2.86519 5.6
      vertex 21.1734 3.73344 5.6
      vertex 20.7674 5.56461 5.6
    endloop
  endfacet
  facet normal -0 0 1
    outer loop
      vertex 16.4372 -1.43807 5.6
      vertex 21.4182 -1.87385 5.6
      vertex 16.5 0 5.6
    endloop
  endfacet
  facet normal 0 0 1
    outer loop
      vertex 15.9378 4.27051 5.6
      vertex 20.7674 5.56461 5.6
      vertex 20.2034 7.35343 5.6
    endloop
  endfacet
  facet normal 0 0 1
    outer loop
      vertex 21.4182 -1.87385 5.6
      vertex 16.4372 -1.43807 5.6
      vertex 21.1734 -3.73344 5.6
    endloop
  endfacet
  facet normal 0 0 1
    outer loop
      vertex 15.5049 5.64333 5.6
      vertex 20.2034 7.35343 5.6
      vertex 19.4856 9.08629 5.6
    endloop
  endfacet
  facet normal -0 0 1
    outer loop
      vertex 16.2493 -2.86519 5.6
      vertex 21.1734 -3.73344 5.6
      vertex 16.4372 -1.43807 5.6
    endloop
  endfacet
  facet normal 0 0 1
    outer loop
      vertex 14.9541 6.9732 5.6
      vertex 19.4856 9.08629 5.6
      vertex 18.6195 10.75 5.6
    endloop
  endfacet
  facet normal 0 0 1
    outer loop
      vertex 21.1734 -3.73344 5.6
      vertex 16.2493 -2.86519 5.6
      vertex 20.7674 -5.56461 5.6
    endloop
  endfacet
  facet normal 0 0 1
    outer loop
      vertex 14.2894 8.25 5.6
      vertex 18.6195 10.75 5.6
      vertex 17.6118 12.3319 5.6
    endloop
  endfacet
  facet normal -0 0 1
    outer loop
      vertex 15.9378 -4.27051 5.6
      vertex 20.7674 -5.56461 5.6
      vertex 16.2493 -2.86519 5.6
    endloop
  endfacet
  facet normal 0 0 1
    outer loop
      vertex 20.7674 -5.56461 5.6
      vertex 15.9378 -4.27051 5.6
      vertex 20.2034 -7.35343 5.6
    endloop
  endfacet
  facet normal 0 0 1
    outer loop
      vertex 13.516 9.46401 5.6
      vertex 17.6118 12.3319 5.6
      vertex 16.47 13.8199 5.6
    endloop
  endfacet
  facet normal 0 0 1
    outer loop
      vertex 21.4182 1.87385 5.6
      vertex 16.4372 1.43807 5.6
      vertex 16.5 0 5.6
    endloop
  endfacet
  facet normal 0 0 1
    outer loop
      vertex 21.1734 3.73344 5.6
      vertex 16.2493 2.86519 5.6
      vertex 16.4372 1.43807 5.6
    endloop
  endfacet
  facet normal 0 0 1
    outer loop
      vertex 20.7674 5.56461 5.6
      vertex 15.9378 4.27051 5.6
      vertex 16.2493 2.86519 5.6
    endloop
  endfacet
  facet normal 0 0 1
    outer loop
      vertex 20.2034 7.35343 5.6
      vertex 15.5049 5.64333 5.6
      vertex 15.9378 4.27051 5.6
    endloop
  endfacet
  facet normal 0 0 1
    outer loop
      vertex 12.6397 10.606 5.6
      vertex 16.47 13.8199 5.6
      vertex 15.2028 15.2028 5.6
    endloop
  endfacet
  facet normal 0 0 1
    outer loop
      vertex 19.4856 9.08629 5.6
      vertex 14.9541 6.9732 5.6
      vertex 15.5049 5.64333 5.6
    endloop
  endfacet
  facet normal 0 0 1
    outer loop
      vertex 18.6195 10.75 5.6
      vertex 14.2894 8.25 5.6
      vertex 14.9541 6.9732 5.6
    endloop
  endfacet
  facet normal 0 0 1
    outer loop
      vertex 11.6673 11.6673 5.6
      vertex 15.2028 15.2028 5.6
      vertex 13.8199 16.47 5.6
    endloop
  endfacet
  facet normal 0 0 1
    outer loop
      vertex 17.6118 12.3319 5.6
      vertex 13.516 9.46401 5.6
      vertex 14.2894 8.25 5.6
    endloop
  endfacet
  facet normal 0 0 1
    outer loop
      vertex 16.47 13.8199 5.6
      vertex 12.6397 10.606 5.6
      vertex 13.516 9.46401 5.6
    endloop
  endfacet
  facet normal 0 0 1
    outer loop
      vertex 10.606 12.6397 5.6
      vertex 13.8199 16.47 5.6
      vertex 12.3319 17.6118 5.6
    endloop
  endfacet
  facet normal 0 0 1
    outer loop
      vertex 15.2028 15.2028 5.6
      vertex 11.6673 11.6673 5.6
      vertex 12.6397 10.606 5.6
    endloop
  endfacet
  facet normal 0 0 1
    outer loop
      vertex 9.46401 13.516 5.6
      vertex 12.3319 17.6118 5.6
      vertex 10.75 18.6195 5.6
    endloop
  endfacet
  facet normal 0 0 1
    outer loop
      vertex 13.8199 16.47 5.6
      vertex 10.606 12.6397 5.6
      vertex 11.6673 11.6673 5.6
    endloop
  endfacet
  facet normal 0 0 1
    outer loop
      vertex 12.3319 17.6118 5.6
      vertex 9.46401 13.516 5.6
      vertex 10.606 12.6397 5.6
    endloop
  endfacet
  facet normal 0 0 1
    outer loop
      vertex 8.25 14.2894 5.6
      vertex 10.75 18.6195 5.6
      vertex 9.08629 19.4856 5.6
    endloop
  endfacet
  facet normal 0 0 1
    outer loop
      vertex 10.75 18.6195 5.6
      vertex 8.25 14.2894 5.6
      vertex 9.46401 13.516 5.6
    endloop
  endfacet
  facet normal 0 0 1
    outer loop
      vertex 6.9732 14.9541 5.6
      vertex 9.08629 19.4856 5.6
      vertex 7.35343 20.2034 5.6
    endloop
  endfacet
  facet normal 0 0 1
    outer loop
      vertex 9.08629 19.4856 5.6
      vertex 6.9732 14.9541 5.6
      vertex 8.25 14.2894 5.6
    endloop
  endfacet
  facet normal 0 0 1
    outer loop
      vertex 7.35343 20.2034 5.6
      vertex 5.64333 15.5049 5.6
      vertex 6.9732 14.9541 5.6
    endloop
  endfacet
  facet normal 0 0 1
    outer loop
      vertex 5.56461 20.7674 5.6
      vertex 5.64333 15.5049 5.6
      vertex 7.35343 20.2034 5.6
    endloop
  endfacet
  facet normal 0 0 1
    outer loop
      vertex 5.56461 20.7674 5.6
      vertex 4.27051 15.9378 5.6
      vertex 5.64333 15.5049 5.6
    endloop
  endfacet
  facet normal 0 0 1
    outer loop
      vertex 3.73344 21.1734 5.6
      vertex 4.27051 15.9378 5.6
      vertex 5.56461 20.7674 5.6
    endloop
  endfacet
  facet normal 0 0 1
    outer loop
      vertex 3.73344 21.1734 5.6
      vertex 2.86519 16.2493 5.6
      vertex 4.27051 15.9378 5.6
    endloop
  endfacet
  facet normal 0 0 1
    outer loop
      vertex 1.87385 21.4182 5.6
      vertex 2.86519 16.2493 5.6
      vertex 3.73344 21.1734 5.6
    endloop
  endfacet
  facet normal 0 0 1
    outer loop
      vertex 1.87385 21.4182 5.6
      vertex 1.43807 16.4372 5.6
      vertex 2.86519 16.2493 5.6
    endloop
  endfacet
  facet normal 0 0 1
    outer loop
      vertex 0 21.5 5.6
      vertex 1.43807 16.4372 5.6
      vertex 1.87385 21.4182 5.6
    endloop
  endfacet
  facet normal 0 0 1
    outer loop
      vertex 0 21.5 5.6
      vertex 0 16.5 5.6
      vertex 1.43807 16.4372 5.6
    endloop
  endfacet
  facet normal 0 0 1
    outer loop
      vertex 0 21.5 5.6
      vertex -1.43807 16.4372 5.6
      vertex 0 16.5 5.6
    endloop
  endfacet
  facet normal -0 0 1
    outer loop
      vertex -1.87385 21.4182 5.6
      vertex -1.43807 16.4372 5.6
      vertex 0 21.5 5.6
    endloop
  endfacet
  facet normal 0 0 1
    outer loop
      vertex -1.87385 21.4182 5.6
      vertex -2.86519 16.2493 5.6
      vertex -1.43807 16.4372 5.6
    endloop
  endfacet
  facet normal -0 0 1
    outer loop
      vertex -3.73344 21.1734 5.6
      vertex -2.86519 16.2493 5.6
      vertex -1.87385 21.4182 5.6
    endloop
  endfacet
  facet normal 0 0 1
    outer loop
      vertex -3.73344 21.1734 5.6
      vertex -4.27051 15.9378 5.6
      vertex -2.86519 16.2493 5.6
    endloop
  endfacet
  facet normal -0 0 1
    outer loop
      vertex -5.56461 20.7674 5.6
      vertex -4.27051 15.9378 5.6
      vertex -3.73344 21.1734 5.6
    endloop
  endfacet
  facet normal 0 0 1
    outer loop
      vertex -5.56461 20.7674 5.6
      vertex -5.64333 15.5049 5.6
      vertex -4.27051 15.9378 5.6
    endloop
  endfacet
  facet normal -0 0 1
    outer loop
      vertex -7.35343 20.2034 5.6
      vertex -5.64333 15.5049 5.6
      vertex -5.56461 20.7674 5.6
    endloop
  endfacet
  facet normal 0 0 1
    outer loop
      vertex -5.64333 15.5049 5.6
      vertex -7.35343 20.2034 5.6
      vertex -6.9732 14.9541 5.6
    endloop
  endfacet
  facet normal -0 0 1
    outer loop
      vertex -9.08629 19.4856 5.6
      vertex -6.9732 14.9541 5.6
      vertex -7.35343 20.2034 5.6
    endloop
  endfacet
  facet normal 0 0 1
    outer loop
      vertex -6.9732 14.9541 5.6
      vertex -9.08629 19.4856 5.6
      vertex -8.25 14.2894 5.6
    endloop
  endfacet
  facet normal -0 0 1
    outer loop
      vertex -10.75 18.6195 5.6
      vertex -8.25 14.2894 5.6
      vertex -9.08629 19.4856 5.6
    endloop
  endfacet
  facet normal 0 0 1
    outer loop
      vertex -8.25 14.2894 5.6
      vertex -10.75 18.6195 5.6
      vertex -9.46401 13.516 5.6
    endloop
  endfacet
  facet normal -0 0 1
    outer loop
      vertex -12.3319 17.6118 5.6
      vertex -9.46401 13.516 5.6
      vertex -10.75 18.6195 5.6
    endloop
  endfacet
  facet normal 0 0 1
    outer loop
      vertex -9.46401 13.516 5.6
      vertex -12.3319 17.6118 5.6
      vertex -10.606 12.6397 5.6
    endloop
  endfacet
  facet normal -0 0 1
    outer loop
      vertex -13.8199 16.47 5.6
      vertex -10.606 12.6397 5.6
      vertex -12.3319 17.6118 5.6
    endloop
  endfacet
  facet normal 0 0 1
    outer loop
      vertex -10.606 12.6397 5.6
      vertex -13.8199 16.47 5.6
      vertex -11.6673 11.6673 5.6
    endloop
  endfacet
  facet normal -0 0 1
    outer loop
      vertex -15.2028 15.2028 5.6
      vertex -11.6673 11.6673 5.6
      vertex -13.8199 16.47 5.6
    endloop
  endfacet
  facet normal 0 0 1
    outer loop
      vertex -11.6673 11.6673 5.6
      vertex -15.2028 15.2028 5.6
      vertex -12.6397 10.606 5.6
    endloop
  endfacet
  facet normal -0 0 1
    outer loop
      vertex -16.47 13.8199 5.6
      vertex -12.6397 10.606 5.6
      vertex -15.2028 15.2028 5.6
    endloop
  endfacet
  facet normal 0 0 1
    outer loop
      vertex -12.6397 10.606 5.6
      vertex -16.47 13.8199 5.6
      vertex -13.516 9.46401 5.6
    endloop
  endfacet
  facet normal -0 0 1
    outer loop
      vertex -17.6118 12.3319 5.6
      vertex -13.516 9.46401 5.6
      vertex -16.47 13.8199 5.6
    endloop
  endfacet
  facet normal 0 0 1
    outer loop
      vertex -13.516 9.46401 5.6
      vertex -17.6118 12.3319 5.6
      vertex -14.2894 8.25 5.6
    endloop
  endfacet
  facet normal -0 0 1
    outer loop
      vertex -18.6195 10.75 5.6
      vertex -14.2894 8.25 5.6
      vertex -17.6118 12.3319 5.6
    endloop
  endfacet
  facet normal 0 0 1
    outer loop
      vertex -14.2894 8.25 5.6
      vertex -18.6195 10.75 5.6
      vertex -14.9541 6.9732 5.6
    endloop
  endfacet
  facet normal -0 0 1
    outer loop
      vertex -19.4856 9.08629 5.6
      vertex -14.9541 6.9732 5.6
      vertex -18.6195 10.75 5.6
    endloop
  endfacet
  facet normal 0 0 1
    outer loop
      vertex -14.9541 6.9732 5.6
      vertex -19.4856 9.08629 5.6
      vertex -15.5049 5.64333 5.6
    endloop
  endfacet
  facet normal -0 0 1
    outer loop
      vertex -20.2034 7.35343 5.6
      vertex -15.5049 5.64333 5.6
      vertex -19.4856 9.08629 5.6
    endloop
  endfacet
  facet normal 0 0 1
    outer loop
      vertex -15.5049 5.64333 5.6
      vertex -20.2034 7.35343 5.6
      vertex -15.9378 4.27051 5.6
    endloop
  endfacet
  facet normal -0 0 1
    outer loop
      vertex 15.5049 -5.64333 5.6
      vertex 20.2034 -7.35343 5.6
      vertex 15.9378 -4.27051 5.6
    endloop
  endfacet
  facet normal 0 0 1
    outer loop
      vertex 20.2034 -7.35343 5.6
      vertex 15.5049 -5.64333 5.6
      vertex 19.4856 -9.08629 5.6
    endloop
  endfacet
  facet normal -0 0 1
    outer loop
      vertex 14.9541 -6.9732 5.6
      vertex 19.4856 -9.08629 5.6
      vertex 15.5049 -5.64333 5.6
    endloop
  endfacet
  facet normal 0 0 1
    outer loop
      vertex 19.4856 -9.08629 5.6
      vertex 14.9541 -6.9732 5.6
      vertex 18.6195 -10.75 5.6
    endloop
  endfacet
  facet normal -0 0 1
    outer loop
      vertex 14.2894 -8.25 5.6
      vertex 18.6195 -10.75 5.6
      vertex 14.9541 -6.9732 5.6
    endloop
  endfacet
  facet normal 0 0 1
    outer loop
      vertex 18.6195 -10.75 5.6
      vertex 14.2894 -8.25 5.6
      vertex 17.6118 -12.3319 5.6
    endloop
  endfacet
  facet normal -0 0 1
    outer loop
      vertex 13.516 -9.46401 5.6
      vertex 17.6118 -12.3319 5.6
      vertex 14.2894 -8.25 5.6
    endloop
  endfacet
  facet normal 0 0 1
    outer loop
      vertex 17.6118 -12.3319 5.6
      vertex 13.516 -9.46401 5.6
      vertex 16.47 -13.8199 5.6
    endloop
  endfacet
  facet normal -0 0 1
    outer loop
      vertex 12.6397 -10.606 5.6
      vertex 16.47 -13.8199 5.6
      vertex 13.516 -9.46401 5.6
    endloop
  endfacet
  facet normal 0 0 1
    outer loop
      vertex 16.47 -13.8199 5.6
      vertex 12.6397 -10.606 5.6
      vertex 15.2028 -15.2028 5.6
    endloop
  endfacet
  facet normal -0 0 1
    outer loop
      vertex 11.6673 -11.6673 5.6
      vertex 15.2028 -15.2028 5.6
      vertex 12.6397 -10.606 5.6
    endloop
  endfacet
  facet normal 0 0 1
    outer loop
      vertex 15.2028 -15.2028 5.6
      vertex 11.6673 -11.6673 5.6
      vertex 13.8199 -16.47 5.6
    endloop
  endfacet
  facet normal -0 0 1
    outer loop
      vertex 10.606 -12.6397 5.6
      vertex 13.8199 -16.47 5.6
      vertex 11.6673 -11.6673 5.6
    endloop
  endfacet
  facet normal 0 0 1
    outer loop
      vertex 13.8199 -16.47 5.6
      vertex 10.606 -12.6397 5.6
      vertex 12.3319 -17.6118 5.6
    endloop
  endfacet
  facet normal -0 0 1
    outer loop
      vertex 9.46401 -13.516 5.6
      vertex 12.3319 -17.6118 5.6
      vertex 10.606 -12.6397 5.6
    endloop
  endfacet
  facet normal 0 0 1
    outer loop
      vertex 12.3319 -17.6118 5.6
      vertex 9.46401 -13.516 5.6
      vertex 10.75 -18.6195 5.6
    endloop
  endfacet
  facet normal -0 0 1
    outer loop
      vertex 8.25 -14.2894 5.6
      vertex 10.75 -18.6195 5.6
      vertex 9.46401 -13.516 5.6
    endloop
  endfacet
  facet normal 0 0 1
    outer loop
      vertex 10.75 -18.6195 5.6
      vertex 8.25 -14.2894 5.6
      vertex 9.08629 -19.4856 5.6
    endloop
  endfacet
  facet normal -0 0 1
    outer loop
      vertex 6.9732 -14.9541 5.6
      vertex 9.08629 -19.4856 5.6
      vertex 8.25 -14.2894 5.6
    endloop
  endfacet
  facet normal 0 0 1
    outer loop
      vertex 9.08629 -19.4856 5.6
      vertex 6.9732 -14.9541 5.6
      vertex 7.35343 -20.2034 5.6
    endloop
  endfacet
  facet normal -0 0 1
    outer loop
      vertex 5.64333 -15.5049 5.6
      vertex 7.35343 -20.2034 5.6
      vertex 6.9732 -14.9541 5.6
    endloop
  endfacet
  facet normal 0 0 1
    outer loop
      vertex 5.64333 -15.5049 5.6
      vertex 5.56461 -20.7674 5.6
      vertex 7.35343 -20.2034 5.6
    endloop
  endfacet
  facet normal -0 0 1
    outer loop
      vertex 4.27051 -15.9378 5.6
      vertex 5.56461 -20.7674 5.6
      vertex 5.64333 -15.5049 5.6
    endloop
  endfacet
  facet normal 0 0 1
    outer loop
      vertex 4.27051 -15.9378 5.6
      vertex 3.73344 -21.1734 5.6
      vertex 5.56461 -20.7674 5.6
    endloop
  endfacet
  facet normal -0 0 1
    outer loop
      vertex 2.86519 -16.2493 5.6
      vertex 3.73344 -21.1734 5.6
      vertex 4.27051 -15.9378 5.6
    endloop
  endfacet
  facet normal 0 0 1
    outer loop
      vertex 2.86519 -16.2493 5.6
      vertex 1.87385 -21.4182 5.6
      vertex 3.73344 -21.1734 5.6
    endloop
  endfacet
  facet normal -0 0 1
    outer loop
      vertex 1.43807 -16.4372 5.6
      vertex 1.87385 -21.4182 5.6
      vertex 2.86519 -16.2493 5.6
    endloop
  endfacet
  facet normal -0 0 1
    outer loop
      vertex 0 -16.5 5.6
      vertex 1.87385 -21.4182 5.6
      vertex 1.43807 -16.4372 5.6
    endloop
  endfacet
  facet normal 0 0 1
    outer loop
      vertex 0 -16.5 5.6
      vertex 0 -21.5 5.6
      vertex 1.87385 -21.4182 5.6
    endloop
  endfacet
  facet normal 0 0 1
    outer loop
      vertex -1.43807 -16.4372 5.6
      vertex 0 -21.5 5.6
      vertex 0 -16.5 5.6
    endloop
  endfacet
  facet normal 0 0 1
    outer loop
      vertex -1.43807 -16.4372 5.6
      vertex -1.87385 -21.4182 5.6
      vertex 0 -21.5 5.6
    endloop
  endfacet
  facet normal 0 0 1
    outer loop
      vertex -2.86519 -16.2493 5.6
      vertex -1.87385 -21.4182 5.6
      vertex -1.43807 -16.4372 5.6
    endloop
  endfacet
  facet normal 0 0 1
    outer loop
      vertex -2.86519 -16.2493 5.6
      vertex -3.73344 -21.1734 5.6
      vertex -1.87385 -21.4182 5.6
    endloop
  endfacet
  facet normal 0 0 1
    outer loop
      vertex -4.27051 -15.9378 5.6
      vertex -3.73344 -21.1734 5.6
      vertex -2.86519 -16.2493 5.6
    endloop
  endfacet
  facet normal 0 0 1
    outer loop
      vertex -4.27051 -15.9378 5.6
      vertex -5.56461 -20.7674 5.6
      vertex -3.73344 -21.1734 5.6
    endloop
  endfacet
  facet normal 0 0 1
    outer loop
      vertex -5.64333 -15.5049 5.6
      vertex -5.56461 -20.7674 5.6
      vertex -4.27051 -15.9378 5.6
    endloop
  endfacet
  facet normal 0 0 1
    outer loop
      vertex -7.35343 -20.2034 5.6
      vertex -5.64333 -15.5049 5.6
      vertex -6.9732 -14.9541 5.6
    endloop
  endfacet
  facet normal 0 0 1
    outer loop
      vertex -5.64333 -15.5049 5.6
      vertex -7.35343 -20.2034 5.6
      vertex -5.56461 -20.7674 5.6
    endloop
  endfacet
  facet normal 0 0 1
    outer loop
      vertex -9.08629 -19.4856 5.6
      vertex -6.9732 -14.9541 5.6
      vertex -8.25 -14.2894 5.6
    endloop
  endfacet
  facet normal 0 0 1
    outer loop
      vertex -6.9732 -14.9541 5.6
      vertex -9.08629 -19.4856 5.6
      vertex -7.35343 -20.2034 5.6
    endloop
  endfacet
  facet normal 0 0 1
    outer loop
      vertex -10.75 -18.6195 5.6
      vertex -8.25 -14.2894 5.6
      vertex -9.46401 -13.516 5.6
    endloop
  endfacet
  facet normal 0 0 1
    outer loop
      vertex -12.3319 -17.6118 5.6
      vertex -9.46401 -13.516 5.6
      vertex -10.606 -12.6397 5.6
    endloop
  endfacet
  facet normal 0 0 1
    outer loop
      vertex -8.25 -14.2894 5.6
      vertex -10.75 -18.6195 5.6
      vertex -9.08629 -19.4856 5.6
    endloop
  endfacet
  facet normal 0 0 1
    outer loop
      vertex -13.8199 -16.47 5.6
      vertex -10.606 -12.6397 5.6
      vertex -11.6673 -11.6673 5.6
    endloop
  endfacet
  facet normal 0 0 1
    outer loop
      vertex -9.46401 -13.516 5.6
      vertex -12.3319 -17.6118 5.6
      vertex -10.75 -18.6195 5.6
    endloop
  endfacet
  facet normal 0 0 1
    outer loop
      vertex -15.2028 -15.2028 5.6
      vertex -11.6673 -11.6673 5.6
      vertex -12.6397 -10.606 5.6
    endloop
  endfacet
  facet normal 0 0 1
    outer loop
      vertex -16.47 -13.8199 5.6
      vertex -12.6397 -10.606 5.6
      vertex -13.516 -9.46401 5.6
    endloop
  endfacet
  facet normal 0 0 1
    outer loop
      vertex -10.606 -12.6397 5.6
      vertex -13.8199 -16.47 5.6
      vertex -12.3319 -17.6118 5.6
    endloop
  endfacet
  facet normal 0 0 1
    outer loop
      vertex -17.6118 -12.3319 5.6
      vertex -13.516 -9.46401 5.6
      vertex -14.2894 -8.25 5.6
    endloop
  endfacet
  facet normal 0 0 1
    outer loop
      vertex -18.6195 -10.75 5.6
      vertex -14.2894 -8.25 5.6
      vertex -14.9541 -6.9732 5.6
    endloop
  endfacet
  facet normal 0 0 1
    outer loop
      vertex -11.6673 -11.6673 5.6
      vertex -15.2028 -15.2028 5.6
      vertex -13.8199 -16.47 5.6
    endloop
  endfacet
  facet normal 0 0 1
    outer loop
      vertex -19.4856 -9.08629 5.6
      vertex -14.9541 -6.9732 5.6
      vertex -15.5049 -5.64333 5.6
    endloop
  endfacet
  facet normal 0 0 1
    outer loop
      vertex -20.2034 -7.35343 5.6
      vertex -15.5049 -5.64333 5.6
      vertex -15.9378 -4.27051 5.6
    endloop
  endfacet
  facet normal 0 0 1
    outer loop
      vertex -20.7674 -5.56461 5.6
      vertex -15.9378 -4.27051 5.6
      vertex -16.2493 -2.86519 5.6
    endloop
  endfacet
  facet normal 0 0 1
    outer loop
      vertex -21.1734 -3.73344 5.6
      vertex -16.2493 -2.86519 5.6
      vertex -16.4372 -1.43807 5.6
    endloop
  endfacet
  facet normal 0 0 1
    outer loop
      vertex -12.6397 -10.606 5.6
      vertex -16.47 -13.8199 5.6
      vertex -15.2028 -15.2028 5.6
    endloop
  endfacet
  facet normal 0 0 1
    outer loop
      vertex -21.4182 -1.87385 5.6
      vertex -16.4372 -1.43807 5.6
      vertex -16.5 0 5.6
    endloop
  endfacet
  facet normal -0 0 1
    outer loop
      vertex -20.7674 5.56461 5.6
      vertex -15.9378 4.27051 5.6
      vertex -20.2034 7.35343 5.6
    endloop
  endfacet
  facet normal 0 0 1
    outer loop
      vertex -13.516 -9.46401 5.6
      vertex -17.6118 -12.3319 5.6
      vertex -16.47 -13.8199 5.6
    endloop
  endfacet
  facet normal 0 0 1
    outer loop
      vertex -15.9378 4.27051 5.6
      vertex -20.7674 5.56461 5.6
      vertex -16.2493 2.86519 5.6
    endloop
  endfacet
  facet normal 0 0 1
    outer loop
      vertex -14.2894 -8.25 5.6
      vertex -18.6195 -10.75 5.6
      vertex -17.6118 -12.3319 5.6
    endloop
  endfacet
  facet normal -0 0 1
    outer loop
      vertex -21.1734 3.73344 5.6
      vertex -16.2493 2.86519 5.6
      vertex -20.7674 5.56461 5.6
    endloop
  endfacet
  facet normal 0 0 1
    outer loop
      vertex -14.9541 -6.9732 5.6
      vertex -19.4856 -9.08629 5.6
      vertex -18.6195 -10.75 5.6
    endloop
  endfacet
  facet normal 0 0 1
    outer loop
      vertex -16.2493 2.86519 5.6
      vertex -21.1734 3.73344 5.6
      vertex -16.4372 1.43807 5.6
    endloop
  endfacet
  facet normal 0 0 1
    outer loop
      vertex -15.5049 -5.64333 5.6
      vertex -20.2034 -7.35343 5.6
      vertex -19.4856 -9.08629 5.6
    endloop
  endfacet
  facet normal -0 0 1
    outer loop
      vertex -21.4182 1.87385 5.6
      vertex -16.4372 1.43807 5.6
      vertex -21.1734 3.73344 5.6
    endloop
  endfacet
  facet normal 0 0 1
    outer loop
      vertex -15.9378 -4.27051 5.6
      vertex -20.7674 -5.56461 5.6
      vertex -20.2034 -7.35343 5.6
    endloop
  endfacet
  facet normal 0 0 1
    outer loop
      vertex -16.4372 1.43807 5.6
      vertex -21.4182 1.87385 5.6
      vertex -16.5 0 5.6
    endloop
  endfacet
  facet normal 0 0 1
    outer loop
      vertex -16.2493 -2.86519 5.6
      vertex -21.1734 -3.73344 5.6
      vertex -20.7674 -5.56461 5.6
    endloop
  endfacet
  facet normal 0 0 1
    outer loop
      vertex -21.5 0 5.6
      vertex -16.5 0 5.6
      vertex -21.4182 1.87385 5.6
    endloop
  endfacet
  facet normal 0 0 1
    outer loop
      vertex -16.4372 -1.43807 5.6
      vertex -21.4182 -1.87385 5.6
      vertex -21.1734 -3.73344 5.6
    endloop
  endfacet
  facet normal 0 0 1
    outer loop
      vertex -16.5 0 5.6
      vertex -21.5 0 5.6
      vertex -21.4182 -1.87385 5.6
    endloop
  endfacet
  facet normal -0.382695 0.923875 0
    outer loop
      vertex -7.35343 20.2034 2
      vertex -9.08629 19.4856 5.6
      vertex -7.35343 20.2034 5.6
    endloop
  endfacet
  facet normal -0.382695 0.923875 0
    outer loop
      vertex -9.08629 19.4856 5.6
      vertex -7.35343 20.2034 2
      vertex -9.08629 19.4856 2
    endloop
  endfacet
  facet normal -0.793349 -0.608767 0
    outer loop
      vertex -16.47 -13.8199 2
      vertex -17.6118 -12.3319 5.6
      vertex -17.6118 -12.3319 2
    endloop
  endfacet
  facet normal -0.793349 -0.608767 0
    outer loop
      vertex -17.6118 -12.3319 5.6
      vertex -16.47 -13.8199 2
      vertex -16.47 -13.8199 5.6
    endloop
  endfacet
endsolid OpenSCAD_Model
