solid OpenSCAD_Model
  facet normal 0.991443 0.130541 0
    outer loop
      vertex 16.9353 1.48165 22
      vertex 16.7417 2.95202 0
      vertex 16.7417 2.95202 22
    endloop
  endfacet
  facet normal 0.991443 0.130541 0
    outer loop
      vertex 16.7417 2.95202 0
      vertex 16.9353 1.48165 22
      vertex 16.9353 1.48165 0
    endloop
  endfacet
  facet normal 0.999048 0.043626 0
    outer loop
      vertex 17 0 22
      vertex 16.9353 1.48165 0
      vertex 16.9353 1.48165 22
    endloop
  endfacet
  facet normal 0.999048 0.043626 0
    outer loop
      vertex 16.9353 1.48165 0
      vertex 17 0 22
      vertex 17 0 0
    endloop
  endfacet
  facet normal 0.976295 0.216445 0
    outer loop
      vertex 16.7417 2.95202 22
      vertex 16.4207 4.39992 0
      vertex 16.4207 4.39992 22
    endloop
  endfacet
  facet normal 0.976295 0.216445 0
    outer loop
      vertex 16.4207 4.39992 0
      vertex 16.7417 2.95202 22
      vertex 16.7417 2.95202 0
    endloop
  endfacet
  facet normal 0.216445 -0.976295 0
    outer loop
      vertex 2.95202 -16.7417 0
      vertex 4.39992 -16.4207 22
      vertex 2.95202 -16.7417 22
    endloop
  endfacet
  facet normal 0.216445 -0.976295 0
    outer loop
      vertex 4.39992 -16.4207 22
      vertex 2.95202 -16.7417 0
      vertex 4.39992 -16.4207 0
    endloop
  endfacet
  facet normal -0.976295 -0.216445 0
    outer loop
      vertex -16.4207 -4.39992 0
      vertex -16.7417 -2.95202 22
      vertex -16.7417 -2.95202 0
    endloop
  endfacet
  facet normal -0.976295 -0.216445 0
    outer loop
      vertex -16.7417 -2.95202 22
      vertex -16.4207 -4.39992 0
      vertex -16.4207 -4.39992 22
    endloop
  endfacet
  facet normal -0.216445 0.976295 0
    outer loop
      vertex -2.95202 16.7417 0
      vertex -4.39992 16.4207 22
      vertex -2.95202 16.7417 22
    endloop
  endfacet
  facet normal -0.216445 0.976295 0
    outer loop
      vertex -4.39992 16.4207 22
      vertex -2.95202 16.7417 0
      vertex -4.39992 16.4207 0
    endloop
  endfacet
  facet normal -0.887011 -0.461748 0
    outer loop
      vertex -14.7224 -8.5 0
      vertex -15.4072 -7.18451 22
      vertex -15.4072 -7.18451 0
    endloop
  endfacet
  facet normal -0.887011 -0.461748 0
    outer loop
      vertex -15.4072 -7.18451 22
      vertex -14.7224 -8.5 0
      vertex -14.7224 -8.5 22
    endloop
  endfacet
  facet normal -0.887011 0.461748 0
    outer loop
      vertex -15.4072 7.18451 0
      vertex -14.7224 8.5 22
      vertex -14.7224 8.5 0
    endloop
  endfacet
  facet normal -0.887011 0.461748 0
    outer loop
      vertex -14.7224 8.5 22
      vertex -15.4072 7.18451 0
      vertex -15.4072 7.18451 22
    endloop
  endfacet
  facet normal -0.537277 -0.843406 0
    outer loop
      vertex -9.7508 -13.9256 0
      vertex -8.5 -14.7224 22
      vertex -9.7508 -13.9256 22
    endloop
  endfacet
  facet normal -0.537277 -0.843406 -0
    outer loop
      vertex -8.5 -14.7224 22
      vertex -9.7508 -13.9256 0
      vertex -8.5 -14.7224 0
    endloop
  endfacet
  facet normal -0.537277 0.843406 0
    outer loop
      vertex -8.5 14.7224 0
      vertex -9.7508 13.9256 22
      vertex -8.5 14.7224 22
    endloop
  endfacet
  facet normal -0.537277 0.843406 0
    outer loop
      vertex -9.7508 13.9256 22
      vertex -8.5 14.7224 0
      vertex -9.7508 13.9256 0
    endloop
  endfacet
  facet normal 0.130541 -0.991443 0
    outer loop
      vertex 1.48165 -16.9353 0
      vertex 2.95202 -16.7417 22
      vertex 1.48165 -16.9353 22
    endloop
  endfacet
  facet normal 0.130541 -0.991443 0
    outer loop
      vertex 2.95202 -16.7417 22
      vertex 1.48165 -16.9353 0
      vertex 2.95202 -16.7417 0
    endloop
  endfacet
  facet normal -0.737249 0.675621 0
    outer loop
      vertex -13.0228 10.9274 0
      vertex -12.0208 12.0208 22
      vertex -12.0208 12.0208 0
    endloop
  endfacet
  facet normal -0.737249 0.675621 0
    outer loop
      vertex -12.0208 12.0208 22
      vertex -13.0228 10.9274 0
      vertex -13.0228 10.9274 22
    endloop
  endfacet
  facet normal 0.675992 0.736909 -0
    outer loop
      vertex 12.0208 12.0208 0
      vertex 11.9083 12.124 12.2567
      vertex 12.0208 12.0208 12.25
    endloop
  endfacet
  facet normal 0.675621 0.737249 -6.26483e-06
    outer loop
      vertex 10.9274 13.0228 0
      vertex 11.9083 12.124 12.2567
      vertex 12.0208 12.0208 0
    endloop
  endfacet
  facet normal 0.675398 0.737453 2.64955e-05
    outer loop
      vertex 11.9083 12.124 12.2567
      vertex 10.9274 13.0228 0
      vertex 11.7966 12.2263 12.2766
    endloop
  endfacet
  facet normal 0.675603 0.737265 -1.92454e-07
    outer loop
      vertex 11.7966 12.2263 12.2766
      vertex 10.9274 13.0228 0
      vertex 11.6866 12.3271 12.3096
    endloop
  endfacet
  facet normal 0.67557 0.737296 3.55584e-06
    outer loop
      vertex 11.6866 12.3271 12.3096
      vertex 10.9274 13.0228 0
      vertex 11.5791 12.4256 12.3555
    endloop
  endfacet
  facet normal 0.675254 0.737586 3.42579e-05
    outer loop
      vertex 11.5791 12.4256 12.3555
      vertex 10.9274 13.0228 0
      vertex 11.475 12.5209 12.414
    endloop
  endfacet
  facet normal 0.67582 0.737066 -1.17295e-05
    outer loop
      vertex 11.475 12.5209 12.414
      vertex 10.9274 13.0228 0
      vertex 11.3751 12.6125 12.4845
    endloop
  endfacet
  facet normal 0.67579 0.737094 -9.74763e-06
    outer loop
      vertex 11.3751 12.6125 12.4845
      vertex 10.9274 13.0228 0
      vertex 11.2801 12.6996 12.5665
    endloop
  endfacet
  facet normal 0.675503 0.737357 5.07e-06
    outer loop
      vertex 11.2801 12.6996 12.5665
      vertex 10.9274 13.0228 0
      vertex 11.1907 12.7815 12.6594
    endloop
  endfacet
  facet normal 0.67537 0.737479 1.01823e-05
    outer loop
      vertex 11.1907 12.7815 12.6594
      vertex 10.9274 13.0228 0
      vertex 11.1076 12.8576 12.7626
    endloop
  endfacet
  facet normal 0.67594 0.736957 -4.638e-06
    outer loop
      vertex 11.1076 12.8576 12.7626
      vertex 10.9274 13.0228 0
      vertex 11.0315 12.9274 12.8751
    endloop
  endfacet
  facet normal 0.675243 0.737595 5.73057e-06
    outer loop
      vertex 11.0315 12.9274 12.8751
      vertex 10.9274 13.0228 0
      vertex 10.9629 12.9902 12.9962
    endloop
  endfacet
  facet normal 0.676382 0.736551 0
    outer loop
      vertex 10.9629 12.9902 12.9962
      vertex 10.9274 13.0228 0
      vertex 10.9274 13.0228 13.0718
    endloop
  endfacet
  facet normal 0.675992 0.736909 0
    outer loop
      vertex 11.9083 12.124 15.7433
      vertex 12.0208 12.0208 22
      vertex 12.0208 12.0208 15.75
    endloop
  endfacet
  facet normal 0.675621 0.737249 1.22726e-05
    outer loop
      vertex 12.0208 12.0208 22
      vertex 11.9083 12.124 15.7433
      vertex 10.9274 13.0228 22
    endloop
  endfacet
  facet normal 0.675401 0.737451 -5.12135e-05
    outer loop
      vertex 11.7966 12.2263 15.7234
      vertex 10.9274 13.0228 22
      vertex 11.9083 12.124 15.7433
    endloop
  endfacet
  facet normal 0.675603 0.737265 3.69089e-07
    outer loop
      vertex 11.6866 12.3271 15.6904
      vertex 10.9274 13.0228 22
      vertex 11.7966 12.2263 15.7234
    endloop
  endfacet
  facet normal 0.675571 0.737295 -6.77196e-06
    outer loop
      vertex 11.5791 12.4256 15.6445
      vertex 10.9274 13.0228 22
      vertex 11.6866 12.3271 15.6904
    endloop
  endfacet
  facet normal 0.675263 0.737577 -6.48368e-05
    outer loop
      vertex 11.475 12.5209 15.586
      vertex 10.9274 13.0228 22
      vertex 11.5791 12.4256 15.6445
    endloop
  endfacet
  facet normal 0.675816 0.73707 2.20785e-05
    outer loop
      vertex 11.3751 12.6125 15.5155
      vertex 10.9274 13.0228 22
      vertex 11.475 12.5209 15.586
    endloop
  endfacet
  facet normal 0.675786 0.737098 1.82598e-05
    outer loop
      vertex 11.2801 12.6996 15.4335
      vertex 10.9274 13.0228 22
      vertex 11.3751 12.6125 15.5155
    endloop
  endfacet
  facet normal 0.675506 0.737355 -9.45767e-06
    outer loop
      vertex 11.1907 12.7815 15.3406
      vertex 10.9274 13.0228 22
      vertex 11.2801 12.6996 15.4335
    endloop
  endfacet
  facet normal 0.675376 0.737474 -1.89269e-05
    outer loop
      vertex 11.1076 12.8576 15.2374
      vertex 10.9274 13.0228 22
      vertex 11.1907 12.7815 15.3406
    endloop
  endfacet
  facet normal 0.675937 0.736959 8.59707e-06
    outer loop
      vertex 11.0315 12.9274 15.1249
      vertex 10.9274 13.0228 22
      vertex 11.1076 12.8576 15.2374
    endloop
  endfacet
  facet normal 0.675248 0.737591 -1.06015e-05
    outer loop
      vertex 10.9629 12.9902 15.0038
      vertex 10.9274 13.0228 22
      vertex 11.0315 12.9274 15.1249
    endloop
  endfacet
  facet normal 0.676382 0.736551 0
    outer loop
      vertex 10.9274 13.0228 22
      vertex 10.9629 12.9902 15.0038
      vertex 10.9274 13.0228 14.9282
    endloop
  endfacet
  facet normal -0.923866 -0.382716 0
    outer loop
      vertex -15.4072 -7.18451 0
      vertex -15.9748 -5.81434 22
      vertex -15.9748 -5.81434 0
    endloop
  endfacet
  facet normal -0.923866 -0.382716 0
    outer loop
      vertex -15.9748 -5.81434 22
      vertex -15.4072 -7.18451 0
      vertex -15.4072 -7.18451 22
    endloop
  endfacet
  facet normal 0.737249 -0.675621 0
    outer loop
      vertex 12.0208 -12.0208 22
      vertex 13.0228 -10.9274 0
      vertex 13.0228 -10.9274 22
    endloop
  endfacet
  facet normal 0.737249 -0.675621 0
    outer loop
      vertex 13.0228 -10.9274 0
      vertex 12.0208 -12.0208 22
      vertex 12.0208 -12.0208 0
    endloop
  endfacet
  facet normal 0.843406 0.537277 0
    outer loop
      vertex 14.7224 8.5 22
      vertex 13.9256 9.7508 0
      vertex 13.9256 9.7508 22
    endloop
  endfacet
  facet normal 0.843406 0.537277 0
    outer loop
      vertex 13.9256 9.7508 0
      vertex 14.7224 8.5 22
      vertex 14.7224 8.5 0
    endloop
  endfacet
  facet normal 0.887011 0.461748 0
    outer loop
      vertex 15.4072 7.18451 22
      vertex 14.7224 8.5 0
      vertex 14.7224 8.5 22
    endloop
  endfacet
  facet normal 0.887011 0.461748 0
    outer loop
      vertex 14.7224 8.5 0
      vertex 15.4072 7.18451 22
      vertex 15.4072 7.18451 0
    endloop
  endfacet
  facet normal 0.382716 0.923866 -0
    outer loop
      vertex 7.18451 15.4072 0
      vertex 5.81434 15.9748 22
      vertex 7.18451 15.4072 22
    endloop
  endfacet
  facet normal 0.382716 0.923866 0
    outer loop
      vertex 5.81434 15.9748 22
      vertex 7.18451 15.4072 0
      vertex 5.81434 15.9748 0
    endloop
  endfacet
  facet normal 0.793365 -0.608746 0
    outer loop
      vertex 13.0228 -10.9274 22
      vertex 13.9256 -9.7508 0
      vertex 13.9256 -9.7508 22
    endloop
  endfacet
  facet normal 0.793365 -0.608746 0
    outer loop
      vertex 13.9256 -9.7508 0
      vertex 13.0228 -10.9274 22
      vertex 13.0228 -10.9274 0
    endloop
  endfacet
  facet normal 0.976295 -0.216445 0
    outer loop
      vertex 16.4207 -4.39992 22
      vertex 16.7417 -2.95202 0
      vertex 16.7417 -2.95202 22
    endloop
  endfacet
  facet normal 0.976295 -0.216445 0
    outer loop
      vertex 16.7417 -2.95202 0
      vertex 16.4207 -4.39992 22
      vertex 16.4207 -4.39992 0
    endloop
  endfacet
  facet normal -0.793337 -0.608783 0
    outer loop
      vertex -13.1834 -10.718 13.8475
      vertex -13.9256 -9.7508 22
      vertex -13.9256 -9.7508 0
    endloop
  endfacet
  facet normal -0.794324 -0.607495 -0.000242662
    outer loop
      vertex -13.9256 -9.7508 22
      vertex -13.1834 -10.718 13.8475
      vertex -13.1875 -10.7127 14
    endloop
  endfacet
  facet normal -0.793354 -0.608761 2.467e-06
    outer loop
      vertex -13.9256 -9.7508 0
      vertex -13.1712 -10.7339 13.6961
      vertex -13.1834 -10.718 13.8475
    endloop
  endfacet
  facet normal -0.793701 -0.608308 5.40166e-05
    outer loop
      vertex -13.9256 -9.7508 0
      vertex -13.1509 -10.7604 13.5471
      vertex -13.1712 -10.7339 13.6961
    endloop
  endfacet
  facet normal -0.793038 -0.609173 -4.82956e-05
    outer loop
      vertex -13.9256 -9.7508 0
      vertex -13.1227 -10.7971 13.4015
      vertex -13.1509 -10.7604 13.5471
    endloop
  endfacet
  facet normal -0.794085 -0.607806 0.000121118
    outer loop
      vertex -13.9256 -9.7508 0
      vertex -13.0869 -10.8439 13.2604
      vertex -13.1227 -10.7971 13.4015
    endloop
  endfacet
  facet normal -0.793228 -0.608925 -2.52783e-05
    outer loop
      vertex -13.9256 -9.7508 0
      vertex -13.0436 -10.9003 13.125
      vertex -13.0869 -10.8439 13.2604
    endloop
  endfacet
  facet normal -0.793365 -0.608746 -0
    outer loop
      vertex -13.0228 -10.9274 13.0718
      vertex -13.9256 -9.7508 0
      vertex -13.0228 -10.9274 0
    endloop
  endfacet
  facet normal -0.79329 -0.608844 -1.40829e-05
    outer loop
      vertex -13.9256 -9.7508 0
      vertex -13.0228 -10.9274 13.0718
      vertex -13.0436 -10.9003 13.125
    endloop
  endfacet
  facet normal -0.792813 -0.609465 0.000133582
    outer loop
      vertex -13.1834 -10.718 14.1525
      vertex -13.9256 -9.7508 22
      vertex -13.1875 -10.7127 14
    endloop
  endfacet
  facet normal -0.79335 -0.608766 -3.33476e-06
    outer loop
      vertex -13.1712 -10.7339 14.3039
      vertex -13.9256 -9.7508 22
      vertex -13.1834 -10.718 14.1525
    endloop
  endfacet
  facet normal -0.793634 -0.608395 -7.8519e-05
    outer loop
      vertex -13.1509 -10.7604 14.4529
      vertex -13.9256 -9.7508 22
      vertex -13.1712 -10.7339 14.3039
    endloop
  endfacet
  facet normal -0.793086 -0.60911 7.33832e-05
    outer loop
      vertex -13.1227 -10.7971 14.5985
      vertex -13.9256 -9.7508 22
      vertex -13.1509 -10.7604 14.4529
    endloop
  endfacet
  facet normal -0.793985 -0.607937 -0.000189937
    outer loop
      vertex -13.0869 -10.8439 14.7396
      vertex -13.9256 -9.7508 22
      vertex -13.1227 -10.7971 14.5985
    endloop
  endfacet
  facet normal -0.793246 -0.608901 4.06233e-05
    outer loop
      vertex -13.0436 -10.9003 14.875
      vertex -13.9256 -9.7508 22
      vertex -13.0869 -10.8439 14.7396
    endloop
  endfacet
  facet normal -0.793298 -0.608833 2.30899e-05
    outer loop
      vertex -13.0228 -10.9274 14.9282
      vertex -13.9256 -9.7508 22
      vertex -13.0436 -10.9003 14.875
    endloop
  endfacet
  facet normal -0.793365 -0.608746 0
    outer loop
      vertex -13.9256 -9.7508 22
      vertex -13.0228 -10.9274 14.9282
      vertex -13.0228 -10.9274 22
    endloop
  endfacet
  facet normal 0.537277 0.843406 -0
    outer loop
      vertex 9.7508 13.9256 0
      vertex 8.5 14.7224 22
      vertex 9.7508 13.9256 22
    endloop
  endfacet
  facet normal 0.537277 0.843406 0
    outer loop
      vertex 8.5 14.7224 22
      vertex 9.7508 13.9256 0
      vertex 8.5 14.7224 0
    endloop
  endfacet
  facet normal 0.608746 0.793365 -0
    outer loop
      vertex 10.9274 13.0228 14.9282
      vertex 9.7508 13.9256 22
      vertex 10.9274 13.0228 22
    endloop
  endfacet
  facet normal 0.608833 0.793298 2.30899e-05
    outer loop
      vertex 10.9003 13.0436 14.875
      vertex 9.7508 13.9256 22
      vertex 10.9274 13.0228 14.9282
    endloop
  endfacet
  facet normal 0.608901 0.793246 4.06233e-05
    outer loop
      vertex 10.8439 13.0869 14.7396
      vertex 9.7508 13.9256 22
      vertex 10.9003 13.0436 14.875
    endloop
  endfacet
  facet normal 0.607937 0.793985 -0.000189937
    outer loop
      vertex 10.7971 13.1227 14.5985
      vertex 9.7508 13.9256 22
      vertex 10.8439 13.0869 14.7396
    endloop
  endfacet
  facet normal 0.60911 0.793086 7.33832e-05
    outer loop
      vertex 10.7604 13.1509 14.4529
      vertex 9.7508 13.9256 22
      vertex 10.7971 13.1227 14.5985
    endloop
  endfacet
  facet normal 0.608395 0.793634 -7.8519e-05
    outer loop
      vertex 10.7339 13.1712 14.3039
      vertex 9.7508 13.9256 22
      vertex 10.7604 13.1509 14.4529
    endloop
  endfacet
  facet normal 0.608766 0.79335 -3.33476e-06
    outer loop
      vertex 10.718 13.1834 14.1525
      vertex 9.7508 13.9256 22
      vertex 10.7339 13.1712 14.3039
    endloop
  endfacet
  facet normal 0.609465 0.792813 0.000133582
    outer loop
      vertex 10.7127 13.1875 14
      vertex 9.7508 13.9256 22
      vertex 10.718 13.1834 14.1525
    endloop
  endfacet
  facet normal 0.607495 0.794324 -0.000242662
    outer loop
      vertex 10.718 13.1834 13.8475
      vertex 9.7508 13.9256 22
      vertex 10.7127 13.1875 14
    endloop
  endfacet
  facet normal 0.608761 0.793354 2.467e-06
    outer loop
      vertex 9.7508 13.9256 0
      vertex 10.718 13.1834 13.8475
      vertex 10.7339 13.1712 13.6961
    endloop
  endfacet
  facet normal 0.608746 0.793365 0
    outer loop
      vertex 9.7508 13.9256 0
      vertex 10.9274 13.0228 13.0718
      vertex 10.9274 13.0228 0
    endloop
  endfacet
  facet normal 0.608844 0.79329 -1.40829e-05
    outer loop
      vertex 10.9274 13.0228 13.0718
      vertex 9.7508 13.9256 0
      vertex 10.9003 13.0436 13.125
    endloop
  endfacet
  facet normal 0.608925 0.793228 -2.52783e-05
    outer loop
      vertex 10.9003 13.0436 13.125
      vertex 9.7508 13.9256 0
      vertex 10.8439 13.0869 13.2604
    endloop
  endfacet
  facet normal 0.607806 0.794085 0.000121118
    outer loop
      vertex 10.8439 13.0869 13.2604
      vertex 9.7508 13.9256 0
      vertex 10.7971 13.1227 13.4015
    endloop
  endfacet
  facet normal 0.609173 0.793038 -4.82956e-05
    outer loop
      vertex 10.7971 13.1227 13.4015
      vertex 9.7508 13.9256 0
      vertex 10.7604 13.1509 13.5471
    endloop
  endfacet
  facet normal 0.608308 0.793701 5.40166e-05
    outer loop
      vertex 10.7604 13.1509 13.5471
      vertex 9.7508 13.9256 0
      vertex 10.7339 13.1712 13.6961
    endloop
  endfacet
  facet normal 0.608783 0.793337 0
    outer loop
      vertex 10.718 13.1834 13.8475
      vertex 9.7508 13.9256 0
      vertex 9.7508 13.9256 22
    endloop
  endfacet
  facet normal -0.608746 0.793365 0
    outer loop
      vertex -9.7508 13.9256 0
      vertex -10.9274 13.0228 22
      vertex -9.7508 13.9256 22
    endloop
  endfacet
  facet normal -0.608746 0.793365 0
    outer loop
      vertex -10.9274 13.0228 22
      vertex -9.7508 13.9256 0
      vertex -10.9274 13.0228 0
    endloop
  endfacet
  facet normal 0.95373 0.300666 0
    outer loop
      vertex 16.4207 4.39992 22
      vertex 15.9748 5.81434 0
      vertex 15.9748 5.81434 22
    endloop
  endfacet
  facet normal 0.95373 0.300666 0
    outer loop
      vertex 15.9748 5.81434 0
      vertex 16.4207 4.39992 22
      vertex 16.4207 4.39992 0
    endloop
  endfacet
  facet normal 0.923866 -0.382716 0
    outer loop
      vertex 15.4072 -7.18451 22
      vertex 15.9748 -5.81434 0
      vertex 15.9748 -5.81434 22
    endloop
  endfacet
  facet normal 0.923866 -0.382716 0
    outer loop
      vertex 15.9748 -5.81434 0
      vertex 15.4072 -7.18451 22
      vertex 15.4072 -7.18451 0
    endloop
  endfacet
  facet normal 0.461748 0.887011 -0
    outer loop
      vertex 8.5 14.7224 0
      vertex 7.18451 15.4072 22
      vertex 8.5 14.7224 22
    endloop
  endfacet
  facet normal 0.461748 0.887011 0
    outer loop
      vertex 7.18451 15.4072 22
      vertex 8.5 14.7224 0
      vertex 7.18451 15.4072 0
    endloop
  endfacet
  facet normal -0.793365 0.608746 0
    outer loop
      vertex -13.9256 9.7508 0
      vertex -13.0228 10.9274 22
      vertex -13.0228 10.9274 0
    endloop
  endfacet
  facet normal -0.793365 0.608746 0
    outer loop
      vertex -13.0228 10.9274 22
      vertex -13.9256 9.7508 0
      vertex -13.9256 9.7508 22
    endloop
  endfacet
  facet normal -0.991443 0.130541 0
    outer loop
      vertex -16.9353 1.48165 0
      vertex -16.7417 2.95202 22
      vertex -16.7417 2.95202 0
    endloop
  endfacet
  facet normal -0.991443 0.130541 0
    outer loop
      vertex -16.7417 2.95202 22
      vertex -16.9353 1.48165 0
      vertex -16.9353 1.48165 22
    endloop
  endfacet
  facet normal -0.608746 -0.793365 0
    outer loop
      vertex -10.9274 -13.0228 14.9282
      vertex -9.7508 -13.9256 22
      vertex -10.9274 -13.0228 22
    endloop
  endfacet
  facet normal -0.608833 -0.793298 2.30899e-05
    outer loop
      vertex -10.9003 -13.0436 14.875
      vertex -9.7508 -13.9256 22
      vertex -10.9274 -13.0228 14.9282
    endloop
  endfacet
  facet normal -0.608901 -0.793246 4.06233e-05
    outer loop
      vertex -10.8439 -13.0869 14.7396
      vertex -9.7508 -13.9256 22
      vertex -10.9003 -13.0436 14.875
    endloop
  endfacet
  facet normal -0.607937 -0.793985 -0.000189937
    outer loop
      vertex -10.7971 -13.1227 14.5985
      vertex -9.7508 -13.9256 22
      vertex -10.8439 -13.0869 14.7396
    endloop
  endfacet
  facet normal -0.60911 -0.793086 7.33832e-05
    outer loop
      vertex -10.7604 -13.1509 14.4529
      vertex -9.7508 -13.9256 22
      vertex -10.7971 -13.1227 14.5985
    endloop
  endfacet
  facet normal -0.608395 -0.793634 -7.8519e-05
    outer loop
      vertex -10.7339 -13.1712 14.3039
      vertex -9.7508 -13.9256 22
      vertex -10.7604 -13.1509 14.4529
    endloop
  endfacet
  facet normal -0.608766 -0.79335 -3.33476e-06
    outer loop
      vertex -10.718 -13.1834 14.1525
      vertex -9.7508 -13.9256 22
      vertex -10.7339 -13.1712 14.3039
    endloop
  endfacet
  facet normal -0.609465 -0.792813 0.000133582
    outer loop
      vertex -10.7127 -13.1875 14
      vertex -9.7508 -13.9256 22
      vertex -10.718 -13.1834 14.1525
    endloop
  endfacet
  facet normal -0.607495 -0.794324 -0.000242662
    outer loop
      vertex -10.718 -13.1834 13.8475
      vertex -9.7508 -13.9256 22
      vertex -10.7127 -13.1875 14
    endloop
  endfacet
  facet normal -0.608761 -0.793354 2.467e-06
    outer loop
      vertex -9.7508 -13.9256 0
      vertex -10.718 -13.1834 13.8475
      vertex -10.7339 -13.1712 13.6961
    endloop
  endfacet
  facet normal -0.608746 -0.793365 0
    outer loop
      vertex -9.7508 -13.9256 0
      vertex -10.9274 -13.0228 13.0718
      vertex -10.9274 -13.0228 0
    endloop
  endfacet
  facet normal -0.608844 -0.79329 -1.40829e-05
    outer loop
      vertex -10.9274 -13.0228 13.0718
      vertex -9.7508 -13.9256 0
      vertex -10.9003 -13.0436 13.125
    endloop
  endfacet
  facet normal -0.608925 -0.793228 -2.52783e-05
    outer loop
      vertex -10.9003 -13.0436 13.125
      vertex -9.7508 -13.9256 0
      vertex -10.8439 -13.0869 13.2604
    endloop
  endfacet
  facet normal -0.607806 -0.794085 0.000121118
    outer loop
      vertex -10.8439 -13.0869 13.2604
      vertex -9.7508 -13.9256 0
      vertex -10.7971 -13.1227 13.4015
    endloop
  endfacet
  facet normal -0.609173 -0.793038 -4.82956e-05
    outer loop
      vertex -10.7971 -13.1227 13.4015
      vertex -9.7508 -13.9256 0
      vertex -10.7604 -13.1509 13.5471
    endloop
  endfacet
  facet normal -0.608308 -0.793701 5.40166e-05
    outer loop
      vertex -10.7604 -13.1509 13.5471
      vertex -9.7508 -13.9256 0
      vertex -10.7339 -13.1712 13.6961
    endloop
  endfacet
  facet normal -0.608783 -0.793337 0
    outer loop
      vertex -10.718 -13.1834 13.8475
      vertex -9.7508 -13.9256 0
      vertex -9.7508 -13.9256 22
    endloop
  endfacet
  facet normal 0.537277 -0.843406 0
    outer loop
      vertex 8.5 -14.7224 0
      vertex 9.7508 -13.9256 22
      vertex 8.5 -14.7224 22
    endloop
  endfacet
  facet normal 0.537277 -0.843406 0
    outer loop
      vertex 9.7508 -13.9256 22
      vertex 8.5 -14.7224 0
      vertex 9.7508 -13.9256 0
    endloop
  endfacet
  facet normal 0.043626 0.999048 -0
    outer loop
      vertex 1.48165 16.9353 0
      vertex 0 17 22
      vertex 1.48165 16.9353 22
    endloop
  endfacet
  facet normal 0.043626 0.999048 0
    outer loop
      vertex 0 17 22
      vertex 1.48165 16.9353 0
      vertex 0 17 0
    endloop
  endfacet
  facet normal 0.461748 -0.887011 0
    outer loop
      vertex 7.18451 -15.4072 0
      vertex 8.5 -14.7224 22
      vertex 7.18451 -15.4072 22
    endloop
  endfacet
  facet normal 0.461748 -0.887011 0
    outer loop
      vertex 8.5 -14.7224 22
      vertex 7.18451 -15.4072 0
      vertex 8.5 -14.7224 0
    endloop
  endfacet
  facet normal -0.216445 -0.976295 0
    outer loop
      vertex -4.39992 -16.4207 0
      vertex -2.95202 -16.7417 22
      vertex -4.39992 -16.4207 22
    endloop
  endfacet
  facet normal -0.216445 -0.976295 -0
    outer loop
      vertex -2.95202 -16.7417 22
      vertex -4.39992 -16.4207 0
      vertex -2.95202 -16.7417 0
    endloop
  endfacet
  facet normal 0.043626 -0.999048 0
    outer loop
      vertex 0 -17 0
      vertex 1.48165 -16.9353 22
      vertex 0 -17 22
    endloop
  endfacet
  facet normal 0.043626 -0.999048 0
    outer loop
      vertex 1.48165 -16.9353 22
      vertex 0 -17 0
      vertex 1.48165 -16.9353 0
    endloop
  endfacet
  facet normal 0.95373 -0.300666 0
    outer loop
      vertex 15.9748 -5.81434 22
      vertex 16.4207 -4.39992 0
      vertex 16.4207 -4.39992 22
    endloop
  endfacet
  facet normal 0.95373 -0.300666 0
    outer loop
      vertex 16.4207 -4.39992 0
      vertex 15.9748 -5.81434 22
      vertex 15.9748 -5.81434 0
    endloop
  endfacet
  facet normal -0.923866 0.382716 0
    outer loop
      vertex -15.9748 5.81434 0
      vertex -15.4072 7.18451 22
      vertex -15.4072 7.18451 0
    endloop
  endfacet
  facet normal -0.923866 0.382716 0
    outer loop
      vertex -15.4072 7.18451 22
      vertex -15.9748 5.81434 0
      vertex -15.9748 5.81434 22
    endloop
  endfacet
  facet normal -0.130541 0.991443 0
    outer loop
      vertex -1.48165 16.9353 0
      vertex -2.95202 16.7417 22
      vertex -1.48165 16.9353 22
    endloop
  endfacet
  facet normal -0.130541 0.991443 0
    outer loop
      vertex -2.95202 16.7417 22
      vertex -1.48165 16.9353 0
      vertex -2.95202 16.7417 0
    endloop
  endfacet
  facet normal -0.130541 -0.991443 0
    outer loop
      vertex -2.95202 -16.7417 0
      vertex -1.48165 -16.9353 22
      vertex -2.95202 -16.7417 22
    endloop
  endfacet
  facet normal -0.130541 -0.991443 -0
    outer loop
      vertex -1.48165 -16.9353 22
      vertex -2.95202 -16.7417 0
      vertex -1.48165 -16.9353 0
    endloop
  endfacet
  facet normal -0.461748 -0.887011 0
    outer loop
      vertex -8.5 -14.7224 0
      vertex -7.18451 -15.4072 22
      vertex -8.5 -14.7224 22
    endloop
  endfacet
  facet normal -0.461748 -0.887011 -0
    outer loop
      vertex -7.18451 -15.4072 22
      vertex -8.5 -14.7224 0
      vertex -7.18451 -15.4072 0
    endloop
  endfacet
  facet normal -0.95373 -0.300666 0
    outer loop
      vertex -15.9748 -5.81434 0
      vertex -16.4207 -4.39992 22
      vertex -16.4207 -4.39992 0
    endloop
  endfacet
  facet normal -0.95373 -0.300666 0
    outer loop
      vertex -16.4207 -4.39992 22
      vertex -15.9748 -5.81434 0
      vertex -15.9748 -5.81434 22
    endloop
  endfacet
  facet normal 0.923866 0.382716 0
    outer loop
      vertex 15.9748 5.81434 22
      vertex 15.4072 7.18451 0
      vertex 15.4072 7.18451 22
    endloop
  endfacet
  facet normal 0.923866 0.382716 0
    outer loop
      vertex 15.4072 7.18451 0
      vertex 15.9748 5.81434 22
      vertex 15.9748 5.81434 0
    endloop
  endfacet
  facet normal 0.999048 -0.043626 0
    outer loop
      vertex 16.9353 -1.48165 22
      vertex 17 0 0
      vertex 17 0 22
    endloop
  endfacet
  facet normal 0.999048 -0.043626 0
    outer loop
      vertex 17 0 0
      vertex 16.9353 -1.48165 22
      vertex 16.9353 -1.48165 0
    endloop
  endfacet
  facet normal -0.976295 0.216445 0
    outer loop
      vertex -16.7417 2.95202 0
      vertex -16.4207 4.39992 22
      vertex -16.4207 4.39992 0
    endloop
  endfacet
  facet normal -0.976295 0.216445 0
    outer loop
      vertex -16.4207 4.39992 22
      vertex -16.7417 2.95202 0
      vertex -16.7417 2.95202 22
    endloop
  endfacet
  facet normal 0.991443 -0.130541 0
    outer loop
      vertex 16.7417 -2.95202 22
      vertex 16.9353 -1.48165 0
      vertex 16.9353 -1.48165 22
    endloop
  endfacet
  facet normal 0.991443 -0.130541 0
    outer loop
      vertex 16.9353 -1.48165 0
      vertex 16.7417 -2.95202 22
      vertex 16.7417 -2.95202 0
    endloop
  endfacet
  facet normal -0.675621 0.737249 0
    outer loop
      vertex -10.9274 13.0228 0
      vertex -12.0208 12.0208 22
      vertex -10.9274 13.0228 22
    endloop
  endfacet
  facet normal -0.675621 0.737249 0
    outer loop
      vertex -12.0208 12.0208 22
      vertex -10.9274 13.0228 0
      vertex -12.0208 12.0208 0
    endloop
  endfacet
  facet normal -0.382716 0.923866 0
    outer loop
      vertex -5.81434 15.9748 0
      vertex -7.18451 15.4072 22
      vertex -5.81434 15.9748 22
    endloop
  endfacet
  facet normal -0.382716 0.923866 0
    outer loop
      vertex -7.18451 15.4072 22
      vertex -5.81434 15.9748 0
      vertex -7.18451 15.4072 0
    endloop
  endfacet
  facet normal -0.999048 -0.043626 0
    outer loop
      vertex -16.9353 -1.48165 0
      vertex -17 0 22
      vertex -17 0 0
    endloop
  endfacet
  facet normal -0.999048 -0.043626 0
    outer loop
      vertex -17 0 22
      vertex -16.9353 -1.48165 0
      vertex -16.9353 -1.48165 22
    endloop
  endfacet
  facet normal -0.043626 0.999048 0
    outer loop
      vertex 0 17 0
      vertex -1.48165 16.9353 22
      vertex 0 17 22
    endloop
  endfacet
  facet normal -0.043626 0.999048 0
    outer loop
      vertex -1.48165 16.9353 22
      vertex 0 17 0
      vertex -1.48165 16.9353 0
    endloop
  endfacet
  facet normal 0.130541 0.991443 -0
    outer loop
      vertex 2.95202 16.7417 0
      vertex 1.48165 16.9353 22
      vertex 2.95202 16.7417 22
    endloop
  endfacet
  facet normal 0.130541 0.991443 0
    outer loop
      vertex 1.48165 16.9353 22
      vertex 2.95202 16.7417 0
      vertex 1.48165 16.9353 0
    endloop
  endfacet
  facet normal 0.382716 -0.923866 0
    outer loop
      vertex 5.81434 -15.9748 0
      vertex 7.18451 -15.4072 22
      vertex 5.81434 -15.9748 22
    endloop
  endfacet
  facet normal 0.382716 -0.923866 0
    outer loop
      vertex 7.18451 -15.4072 22
      vertex 5.81434 -15.9748 0
      vertex 7.18451 -15.4072 0
    endloop
  endfacet
  facet normal -0.95373 0.300666 0
    outer loop
      vertex -16.4207 4.39992 0
      vertex -15.9748 5.81434 22
      vertex -15.9748 5.81434 0
    endloop
  endfacet
  facet normal -0.95373 0.300666 0
    outer loop
      vertex -15.9748 5.81434 22
      vertex -16.4207 4.39992 0
      vertex -16.4207 4.39992 22
    endloop
  endfacet
  facet normal -0.461748 0.887011 0
    outer loop
      vertex -7.18451 15.4072 0
      vertex -8.5 14.7224 22
      vertex -7.18451 15.4072 22
    endloop
  endfacet
  facet normal -0.461748 0.887011 0
    outer loop
      vertex -8.5 14.7224 22
      vertex -7.18451 15.4072 0
      vertex -8.5 14.7224 0
    endloop
  endfacet
  facet normal -0.736551 -0.676382 0
    outer loop
      vertex -13.0228 -10.9274 0
      vertex -12.9902 -10.9629 12.9962
      vertex -13.0228 -10.9274 13.0718
    endloop
  endfacet
  facet normal -0.737595 -0.675243 5.73057e-06
    outer loop
      vertex -13.0228 -10.9274 0
      vertex -12.9274 -11.0315 12.8751
      vertex -12.9902 -10.9629 12.9962
    endloop
  endfacet
  facet normal -0.736957 -0.67594 -4.638e-06
    outer loop
      vertex -13.0228 -10.9274 0
      vertex -12.8576 -11.1076 12.7626
      vertex -12.9274 -11.0315 12.8751
    endloop
  endfacet
  facet normal -0.737479 -0.67537 1.01823e-05
    outer loop
      vertex -13.0228 -10.9274 0
      vertex -12.7815 -11.1907 12.6594
      vertex -12.8576 -11.1076 12.7626
    endloop
  endfacet
  facet normal -0.737357 -0.675503 5.07e-06
    outer loop
      vertex -13.0228 -10.9274 0
      vertex -12.6996 -11.2801 12.5665
      vertex -12.7815 -11.1907 12.6594
    endloop
  endfacet
  facet normal -0.737094 -0.67579 -9.74763e-06
    outer loop
      vertex -13.0228 -10.9274 0
      vertex -12.6125 -11.3751 12.4845
      vertex -12.6996 -11.2801 12.5665
    endloop
  endfacet
  facet normal -0.737066 -0.67582 -1.17295e-05
    outer loop
      vertex -13.0228 -10.9274 0
      vertex -12.5209 -11.475 12.414
      vertex -12.6125 -11.3751 12.4845
    endloop
  endfacet
  facet normal -0.737586 -0.675254 3.42579e-05
    outer loop
      vertex -13.0228 -10.9274 0
      vertex -12.4256 -11.5791 12.3555
      vertex -12.5209 -11.475 12.414
    endloop
  endfacet
  facet normal -0.737296 -0.67557 3.55584e-06
    outer loop
      vertex -13.0228 -10.9274 0
      vertex -12.3271 -11.6866 12.3096
      vertex -12.4256 -11.5791 12.3555
    endloop
  endfacet
  facet normal -0.737265 -0.675603 -1.92454e-07
    outer loop
      vertex -13.0228 -10.9274 0
      vertex -12.2263 -11.7966 12.2766
      vertex -12.3271 -11.6866 12.3096
    endloop
  endfacet
  facet normal -0.737453 -0.675398 2.64955e-05
    outer loop
      vertex -13.0228 -10.9274 0
      vertex -12.124 -11.9083 12.2567
      vertex -12.2263 -11.7966 12.2766
    endloop
  endfacet
  facet normal -0.737249 -0.675621 -6.26483e-06
    outer loop
      vertex -12.0208 -12.0208 0
      vertex -12.124 -11.9083 12.2567
      vertex -13.0228 -10.9274 0
    endloop
  endfacet
  facet normal -0.736909 -0.675992 0
    outer loop
      vertex -12.124 -11.9083 12.2567
      vertex -12.0208 -12.0208 0
      vertex -12.0208 -12.0208 12.25
    endloop
  endfacet
  facet normal -0.736551 -0.676382 0
    outer loop
      vertex -12.9902 -10.9629 15.0038
      vertex -13.0228 -10.9274 22
      vertex -13.0228 -10.9274 14.9282
    endloop
  endfacet
  facet normal -0.737591 -0.675248 -1.06015e-05
    outer loop
      vertex -12.9274 -11.0315 15.1249
      vertex -13.0228 -10.9274 22
      vertex -12.9902 -10.9629 15.0038
    endloop
  endfacet
  facet normal -0.736959 -0.675937 8.59707e-06
    outer loop
      vertex -12.8576 -11.1076 15.2374
      vertex -13.0228 -10.9274 22
      vertex -12.9274 -11.0315 15.1249
    endloop
  endfacet
  facet normal -0.737474 -0.675376 -1.89269e-05
    outer loop
      vertex -12.7815 -11.1907 15.3406
      vertex -13.0228 -10.9274 22
      vertex -12.8576 -11.1076 15.2374
    endloop
  endfacet
  facet normal -0.737355 -0.675506 -9.45767e-06
    outer loop
      vertex -12.6996 -11.2801 15.4335
      vertex -13.0228 -10.9274 22
      vertex -12.7815 -11.1907 15.3406
    endloop
  endfacet
  facet normal -0.737098 -0.675786 1.82598e-05
    outer loop
      vertex -12.6125 -11.3751 15.5155
      vertex -13.0228 -10.9274 22
      vertex -12.6996 -11.2801 15.4335
    endloop
  endfacet
  facet normal -0.73707 -0.675816 2.20785e-05
    outer loop
      vertex -12.5209 -11.475 15.586
      vertex -13.0228 -10.9274 22
      vertex -12.6125 -11.3751 15.5155
    endloop
  endfacet
  facet normal -0.737577 -0.675263 -6.48368e-05
    outer loop
      vertex -12.4256 -11.5791 15.6445
      vertex -13.0228 -10.9274 22
      vertex -12.5209 -11.475 15.586
    endloop
  endfacet
  facet normal -0.737295 -0.675571 -6.77196e-06
    outer loop
      vertex -12.3271 -11.6866 15.6904
      vertex -13.0228 -10.9274 22
      vertex -12.4256 -11.5791 15.6445
    endloop
  endfacet
  facet normal -0.737265 -0.675603 3.69089e-07
    outer loop
      vertex -12.2263 -11.7966 15.7234
      vertex -13.0228 -10.9274 22
      vertex -12.3271 -11.6866 15.6904
    endloop
  endfacet
  facet normal -0.737451 -0.675401 -5.12135e-05
    outer loop
      vertex -12.124 -11.9083 15.7433
      vertex -13.0228 -10.9274 22
      vertex -12.2263 -11.7966 15.7234
    endloop
  endfacet
  facet normal -0.736909 -0.675992 -0
    outer loop
      vertex -12.0208 -12.0208 22
      vertex -12.124 -11.9083 15.7433
      vertex -12.0208 -12.0208 15.75
    endloop
  endfacet
  facet normal -0.737249 -0.675621 1.22726e-05
    outer loop
      vertex -12.124 -11.9083 15.7433
      vertex -12.0208 -12.0208 22
      vertex -13.0228 -10.9274 22
    endloop
  endfacet
  facet normal 0.736909 0.675992 0
    outer loop
      vertex 12.124 11.9083 12.2567
      vertex 12.0208 12.0208 0
      vertex 12.0208 12.0208 12.25
    endloop
  endfacet
  facet normal 0.737453 0.675398 2.64955e-05
    outer loop
      vertex 13.0228 10.9274 0
      vertex 12.124 11.9083 12.2567
      vertex 12.2263 11.7966 12.2766
    endloop
  endfacet
  facet normal 0.737265 0.675603 -1.92454e-07
    outer loop
      vertex 13.0228 10.9274 0
      vertex 12.2263 11.7966 12.2766
      vertex 12.3271 11.6866 12.3096
    endloop
  endfacet
  facet normal 0.737296 0.67557 3.55584e-06
    outer loop
      vertex 13.0228 10.9274 0
      vertex 12.3271 11.6866 12.3096
      vertex 12.4256 11.5791 12.3555
    endloop
  endfacet
  facet normal 0.737586 0.675254 3.42579e-05
    outer loop
      vertex 13.0228 10.9274 0
      vertex 12.4256 11.5791 12.3555
      vertex 12.5209 11.475 12.414
    endloop
  endfacet
  facet normal 0.737066 0.67582 -1.17295e-05
    outer loop
      vertex 13.0228 10.9274 0
      vertex 12.5209 11.475 12.414
      vertex 12.6125 11.3751 12.4845
    endloop
  endfacet
  facet normal 0.737094 0.67579 -9.74763e-06
    outer loop
      vertex 13.0228 10.9274 0
      vertex 12.6125 11.3751 12.4845
      vertex 12.6996 11.2801 12.5665
    endloop
  endfacet
  facet normal 0.737357 0.675503 5.07e-06
    outer loop
      vertex 13.0228 10.9274 0
      vertex 12.6996 11.2801 12.5665
      vertex 12.7815 11.1907 12.6594
    endloop
  endfacet
  facet normal 0.737479 0.67537 1.01823e-05
    outer loop
      vertex 13.0228 10.9274 0
      vertex 12.7815 11.1907 12.6594
      vertex 12.8576 11.1076 12.7626
    endloop
  endfacet
  facet normal 0.736957 0.67594 -4.638e-06
    outer loop
      vertex 13.0228 10.9274 0
      vertex 12.8576 11.1076 12.7626
      vertex 12.9274 11.0315 12.8751
    endloop
  endfacet
  facet normal 0.737595 0.675243 5.73057e-06
    outer loop
      vertex 13.0228 10.9274 0
      vertex 12.9274 11.0315 12.8751
      vertex 12.9902 10.9629 12.9962
    endloop
  endfacet
  facet normal 0.736551 0.676382 -0
    outer loop
      vertex 13.0228 10.9274 0
      vertex 12.9902 10.9629 12.9962
      vertex 13.0228 10.9274 13.0718
    endloop
  endfacet
  facet normal 0.737249 0.675621 -6.26483e-06
    outer loop
      vertex 12.124 11.9083 12.2567
      vertex 13.0228 10.9274 0
      vertex 12.0208 12.0208 0
    endloop
  endfacet
  facet normal 0.736909 0.675992 0
    outer loop
      vertex 12.0208 12.0208 22
      vertex 12.124 11.9083 15.7433
      vertex 12.0208 12.0208 15.75
    endloop
  endfacet
  facet normal 0.737249 0.675621 1.22726e-05
    outer loop
      vertex 13.0228 10.9274 22
      vertex 12.124 11.9083 15.7433
      vertex 12.0208 12.0208 22
    endloop
  endfacet
  facet normal 0.737451 0.675401 -5.12135e-05
    outer loop
      vertex 12.124 11.9083 15.7433
      vertex 13.0228 10.9274 22
      vertex 12.2263 11.7966 15.7234
    endloop
  endfacet
  facet normal 0.737265 0.675603 3.69089e-07
    outer loop
      vertex 12.2263 11.7966 15.7234
      vertex 13.0228 10.9274 22
      vertex 12.3271 11.6866 15.6904
    endloop
  endfacet
  facet normal 0.737295 0.675571 -6.77196e-06
    outer loop
      vertex 12.3271 11.6866 15.6904
      vertex 13.0228 10.9274 22
      vertex 12.4256 11.5791 15.6445
    endloop
  endfacet
  facet normal 0.737577 0.675263 -6.48368e-05
    outer loop
      vertex 12.4256 11.5791 15.6445
      vertex 13.0228 10.9274 22
      vertex 12.5209 11.475 15.586
    endloop
  endfacet
  facet normal 0.73707 0.675816 2.20785e-05
    outer loop
      vertex 12.5209 11.475 15.586
      vertex 13.0228 10.9274 22
      vertex 12.6125 11.3751 15.5155
    endloop
  endfacet
  facet normal 0.737098 0.675786 1.82598e-05
    outer loop
      vertex 12.6125 11.3751 15.5155
      vertex 13.0228 10.9274 22
      vertex 12.6996 11.2801 15.4335
    endloop
  endfacet
  facet normal 0.737355 0.675506 -9.45767e-06
    outer loop
      vertex 12.6996 11.2801 15.4335
      vertex 13.0228 10.9274 22
      vertex 12.7815 11.1907 15.3406
    endloop
  endfacet
  facet normal 0.737474 0.675376 -1.89269e-05
    outer loop
      vertex 12.7815 11.1907 15.3406
      vertex 13.0228 10.9274 22
      vertex 12.8576 11.1076 15.2374
    endloop
  endfacet
  facet normal 0.736959 0.675937 8.59707e-06
    outer loop
      vertex 12.8576 11.1076 15.2374
      vertex 13.0228 10.9274 22
      vertex 12.9274 11.0315 15.1249
    endloop
  endfacet
  facet normal 0.737591 0.675248 -1.06015e-05
    outer loop
      vertex 12.9274 11.0315 15.1249
      vertex 13.0228 10.9274 22
      vertex 12.9902 10.9629 15.0038
    endloop
  endfacet
  facet normal 0.736551 0.676382 0
    outer loop
      vertex 12.9902 10.9629 15.0038
      vertex 13.0228 10.9274 22
      vertex 13.0228 10.9274 14.9282
    endloop
  endfacet
  facet normal -0.991443 -0.130541 0
    outer loop
      vertex -16.7417 -2.95202 0
      vertex -16.9353 -1.48165 22
      vertex -16.9353 -1.48165 0
    endloop
  endfacet
  facet normal -0.991443 -0.130541 0
    outer loop
      vertex -16.9353 -1.48165 22
      vertex -16.7417 -2.95202 0
      vertex -16.7417 -2.95202 22
    endloop
  endfacet
  facet normal 0.216445 0.976295 -0
    outer loop
      vertex 4.39992 16.4207 0
      vertex 2.95202 16.7417 22
      vertex 4.39992 16.4207 22
    endloop
  endfacet
  facet normal 0.216445 0.976295 0
    outer loop
      vertex 2.95202 16.7417 22
      vertex 4.39992 16.4207 0
      vertex 2.95202 16.7417 0
    endloop
  endfacet
  facet normal 0.843406 -0.537277 0
    outer loop
      vertex 13.9256 -9.7508 22
      vertex 14.7224 -8.5 0
      vertex 14.7224 -8.5 22
    endloop
  endfacet
  facet normal 0.843406 -0.537277 0
    outer loop
      vertex 14.7224 -8.5 0
      vertex 13.9256 -9.7508 22
      vertex 13.9256 -9.7508 0
    endloop
  endfacet
  facet normal 0.887011 -0.461748 0
    outer loop
      vertex 14.7224 -8.5 22
      vertex 15.4072 -7.18451 0
      vertex 15.4072 -7.18451 22
    endloop
  endfacet
  facet normal 0.887011 -0.461748 0
    outer loop
      vertex 15.4072 -7.18451 0
      vertex 14.7224 -8.5 22
      vertex 14.7224 -8.5 0
    endloop
  endfacet
  facet normal 0 0 -1
    outer loop
      vertex -6.5 11.2583 0
      vertex -5.7 12 0
      vertex -5.65993 11.6956 0
    endloop
  endfacet
  facet normal 0 0 -1
    outer loop
      vertex -8.5 14.7224 0
      vertex -5.64207 12.44 0
      vertex -6.5 11.2583 0
    endloop
  endfacet
  facet normal 0 0 -1
    outer loop
      vertex -5.64207 12.44 0
      vertex -7.18451 15.4072 0
      vertex -5.81434 15.9748 0
    endloop
  endfacet
  facet normal 0 0 -1
    outer loop
      vertex -8.5 14.7224 0
      vertex -6.5 11.2583 0
      vertex -7.45649 10.649 0
    endloop
  endfacet
  facet normal 0 0 -1
    outer loop
      vertex -9.7508 13.9256 0
      vertex -7.45649 10.649 0
      vertex -8.35624 9.95858 0
    endloop
  endfacet
  facet normal 0 0 -1
    outer loop
      vertex -5.64207 12.44 0
      vertex -8.5 14.7224 0
      vertex -7.18451 15.4072 0
    endloop
  endfacet
  facet normal 0 0 -1
    outer loop
      vertex -10.9274 13.0228 0
      vertex -8.35624 9.95858 0
      vertex -9.19239 9.19239 0
    endloop
  endfacet
  facet normal 0 0 -1
    outer loop
      vertex -7.45649 10.649 0
      vertex -9.7508 13.9256 0
      vertex -8.5 14.7224 0
    endloop
  endfacet
  facet normal 0 0 -1
    outer loop
      vertex -12.0208 12.0208 0
      vertex -9.19239 9.19239 0
      vertex -9.95858 8.35624 0
    endloop
  endfacet
  facet normal 0 0 -1
    outer loop
      vertex -13.0228 10.9274 0
      vertex -9.95858 8.35624 0
      vertex -10.649 7.45649 0
    endloop
  endfacet
  facet normal 0 0 -1
    outer loop
      vertex -8.35624 9.95858 0
      vertex -10.9274 13.0228 0
      vertex -9.7508 13.9256 0
    endloop
  endfacet
  facet normal 0 0 -1
    outer loop
      vertex -13.9256 9.7508 0
      vertex -10.649 7.45649 0
      vertex -11.2583 6.5 0
    endloop
  endfacet
  facet normal 0 0 -1
    outer loop
      vertex -14.7224 8.5 0
      vertex -11.2583 6.5 0
      vertex -11.782 5.49404 0
    endloop
  endfacet
  facet normal 0 0 -1
    outer loop
      vertex -9.19239 9.19239 0
      vertex -12.0208 12.0208 0
      vertex -10.9274 13.0228 0
    endloop
  endfacet
  facet normal 0 0 -1
    outer loop
      vertex -15.4072 7.18451 0
      vertex -11.782 5.49404 0
      vertex -12.216 4.44626 0
    endloop
  endfacet
  facet normal 0 0 -1
    outer loop
      vertex -15.9748 5.81434 0
      vertex -12.216 4.44626 0
      vertex -12.557 3.36465 0
    endloop
  endfacet
  facet normal 0 0 -1
    outer loop
      vertex -16.4207 4.39992 0
      vertex -12.557 3.36465 0
      vertex -12.8025 2.25743 0
    endloop
  endfacet
  facet normal 0 0 -1
    outer loop
      vertex -16.7417 2.95202 0
      vertex -12.8025 2.25743 0
      vertex -12.9505 1.13302 0
    endloop
  endfacet
  facet normal 0 0 -1
    outer loop
      vertex -9.95858 8.35624 0
      vertex -13.0228 10.9274 0
      vertex -12.0208 12.0208 0
    endloop
  endfacet
  facet normal 0 0 -1
    outer loop
      vertex -16.9353 1.48165 0
      vertex -12.9505 1.13302 0
      vertex -13 0 0
    endloop
  endfacet
  facet normal -0 0 -1
    outer loop
      vertex -12.216 -4.44626 0
      vertex -15.9748 -5.81434 0
      vertex -12.557 -3.36465 0
    endloop
  endfacet
  facet normal 0 0 -1
    outer loop
      vertex -16.4207 -4.39992 0
      vertex -12.557 -3.36465 0
      vertex -15.9748 -5.81434 0
    endloop
  endfacet
  facet normal 0 0 -1
    outer loop
      vertex -10.649 7.45649 0
      vertex -13.9256 9.7508 0
      vertex -13.0228 10.9274 0
    endloop
  endfacet
  facet normal -0 0 -1
    outer loop
      vertex -12.557 -3.36465 0
      vertex -16.4207 -4.39992 0
      vertex -12.8025 -2.25743 0
    endloop
  endfacet
  facet normal 0 0 -1
    outer loop
      vertex -11.2583 6.5 0
      vertex -14.7224 8.5 0
      vertex -13.9256 9.7508 0
    endloop
  endfacet
  facet normal 0 0 -1
    outer loop
      vertex -16.7417 -2.95202 0
      vertex -12.8025 -2.25743 0
      vertex -16.4207 -4.39992 0
    endloop
  endfacet
  facet normal 0 0 -1
    outer loop
      vertex -11.782 5.49404 0
      vertex -15.4072 7.18451 0
      vertex -14.7224 8.5 0
    endloop
  endfacet
  facet normal -0 0 -1
    outer loop
      vertex -12.8025 -2.25743 0
      vertex -16.7417 -2.95202 0
      vertex -12.9505 -1.13302 0
    endloop
  endfacet
  facet normal 0 0 -1
    outer loop
      vertex -12.216 4.44626 0
      vertex -15.9748 5.81434 0
      vertex -15.4072 7.18451 0
    endloop
  endfacet
  facet normal 0 0 -1
    outer loop
      vertex -16.9353 -1.48165 0
      vertex -12.9505 -1.13302 0
      vertex -16.7417 -2.95202 0
    endloop
  endfacet
  facet normal 0 0 -1
    outer loop
      vertex -12.557 3.36465 0
      vertex -16.4207 4.39992 0
      vertex -15.9748 5.81434 0
    endloop
  endfacet
  facet normal -0 0 -1
    outer loop
      vertex -12.9505 -1.13302 0
      vertex -16.9353 -1.48165 0
      vertex -13 0 0
    endloop
  endfacet
  facet normal 0 0 -1
    outer loop
      vertex -12.8025 2.25743 0
      vertex -16.7417 2.95202 0
      vertex -16.4207 4.39992 0
    endloop
  endfacet
  facet normal 0 0 -1
    outer loop
      vertex -17 0 0
      vertex -13 0 0
      vertex -16.9353 -1.48165 0
    endloop
  endfacet
  facet normal 0 0 -1
    outer loop
      vertex -12.9505 1.13302 0
      vertex -16.9353 1.48165 0
      vertex -16.7417 2.95202 0
    endloop
  endfacet
  facet normal 0 0 -1
    outer loop
      vertex -13 0 0
      vertex -17 0 0
      vertex -16.9353 1.48165 0
    endloop
  endfacet
  facet normal 0 0 -1
    outer loop
      vertex 16.9353 -1.48165 0
      vertex 12.9505 -1.13302 0
      vertex 13 0 0
    endloop
  endfacet
  facet normal 0 0 -1
    outer loop
      vertex 13.9256 -9.7508 0
      vertex 12.8025 -2.25743 0
      vertex 12.9505 -1.13302 0
    endloop
  endfacet
  facet normal 0 0 -1
    outer loop
      vertex 13.9256 -9.7508 0
      vertex 12.557 -3.36465 0
      vertex 12.8025 -2.25743 0
    endloop
  endfacet
  facet normal 0 0 -1
    outer loop
      vertex 13.9256 -9.7508 0
      vertex 12.216 -4.44626 0
      vertex 12.557 -3.36465 0
    endloop
  endfacet
  facet normal 0 0 -1
    outer loop
      vertex 9.95858 -8.35624 0
      vertex 13.0228 -10.9274 0
      vertex 12.0208 -12.0208 0
    endloop
  endfacet
  facet normal 0 0 -1
    outer loop
      vertex 13.9256 -9.7508 0
      vertex 11.782 -5.49404 0
      vertex 12.216 -4.44626 0
    endloop
  endfacet
  facet normal 0 0 -1
    outer loop
      vertex 13.9256 -9.7508 0
      vertex 11.2583 -6.5 0
      vertex 11.782 -5.49404 0
    endloop
  endfacet
  facet normal 0 0 -1
    outer loop
      vertex 9.19239 -9.19239 0
      vertex 12.0208 -12.0208 0
      vertex 10.9274 -13.0228 0
    endloop
  endfacet
  facet normal 0 0 -1
    outer loop
      vertex 13.9256 -9.7508 0
      vertex 10.649 -7.45649 0
      vertex 11.2583 -6.5 0
    endloop
  endfacet
  facet normal 0 0 -1
    outer loop
      vertex 13.0228 -10.9274 0
      vertex 9.95858 -8.35624 0
      vertex 10.649 -7.45649 0
    endloop
  endfacet
  facet normal 0 0 -1
    outer loop
      vertex 8.35624 -9.95858 0
      vertex 10.9274 -13.0228 0
      vertex 9.7508 -13.9256 0
    endloop
  endfacet
  facet normal 0 0 -1
    outer loop
      vertex 12.0208 -12.0208 0
      vertex 9.19239 -9.19239 0
      vertex 9.95858 -8.35624 0
    endloop
  endfacet
  facet normal 0 0 -1
    outer loop
      vertex 7.45649 -10.649 0
      vertex 9.7508 -13.9256 0
      vertex 8.5 -14.7224 0
    endloop
  endfacet
  facet normal 0 0 -1
    outer loop
      vertex 10.9274 -13.0228 0
      vertex 8.35624 -9.95858 0
      vertex 9.19239 -9.19239 0
    endloop
  endfacet
  facet normal 0 0 -1
    outer loop
      vertex 9.7508 -13.9256 0
      vertex 7.45649 -10.649 0
      vertex 8.35624 -9.95858 0
    endloop
  endfacet
  facet normal 0 0 -1
    outer loop
      vertex 6.5 -11.2583 0
      vertex 8.5 -14.7224 0
      vertex 7.18451 -15.4072 0
    endloop
  endfacet
  facet normal 0 0 -1
    outer loop
      vertex 8.5 -14.7224 0
      vertex 6.5 -11.2583 0
      vertex 7.45649 -10.649 0
    endloop
  endfacet
  facet normal 0 0 -1
    outer loop
      vertex 5.49404 -11.782 0
      vertex 7.18451 -15.4072 0
      vertex 5.81434 -15.9748 0
    endloop
  endfacet
  facet normal 0 0 -1
    outer loop
      vertex 7.18451 -15.4072 0
      vertex 5.49404 -11.782 0
      vertex 6.5 -11.2583 0
    endloop
  endfacet
  facet normal 0 0 -1
    outer loop
      vertex 5.81434 -15.9748 0
      vertex 4.44626 -12.216 0
      vertex 5.49404 -11.782 0
    endloop
  endfacet
  facet normal 0 0 -1
    outer loop
      vertex 4.39992 -16.4207 0
      vertex 4.44626 -12.216 0
      vertex 5.81434 -15.9748 0
    endloop
  endfacet
  facet normal 0 0 -1
    outer loop
      vertex 4.39992 -16.4207 0
      vertex 3.36465 -12.557 0
      vertex 4.44626 -12.216 0
    endloop
  endfacet
  facet normal 0 0 -1
    outer loop
      vertex 2.95202 -16.7417 0
      vertex 3.36465 -12.557 0
      vertex 4.39992 -16.4207 0
    endloop
  endfacet
  facet normal 0 0 -1
    outer loop
      vertex 2.95202 -16.7417 0
      vertex 2.25743 -12.8025 0
      vertex 3.36465 -12.557 0
    endloop
  endfacet
  facet normal 0 0 -1
    outer loop
      vertex 1.48165 -16.9353 0
      vertex 2.25743 -12.8025 0
      vertex 2.95202 -16.7417 0
    endloop
  endfacet
  facet normal 0 0 -1
    outer loop
      vertex 1.48165 -16.9353 0
      vertex 1.13302 -12.9505 0
      vertex 2.25743 -12.8025 0
    endloop
  endfacet
  facet normal 0 0 -1
    outer loop
      vertex 0 -17 0
      vertex 1.13302 -12.9505 0
      vertex 1.48165 -16.9353 0
    endloop
  endfacet
  facet normal 0 0 -1
    outer loop
      vertex 0 -17 0
      vertex 0 -13 0
      vertex 1.13302 -12.9505 0
    endloop
  endfacet
  facet normal 0 0 -1
    outer loop
      vertex 0 -17 0
      vertex -1.13302 -12.9505 0
      vertex 0 -13 0
    endloop
  endfacet
  facet normal 0 0 -1
    outer loop
      vertex -1.48165 -16.9353 0
      vertex -1.13302 -12.9505 0
      vertex 0 -17 0
    endloop
  endfacet
  facet normal 0 0 -1
    outer loop
      vertex -1.48165 -16.9353 0
      vertex -2.25743 -12.8025 0
      vertex -1.13302 -12.9505 0
    endloop
  endfacet
  facet normal 0 0 -1
    outer loop
      vertex -2.95202 -16.7417 0
      vertex -2.25743 -12.8025 0
      vertex -1.48165 -16.9353 0
    endloop
  endfacet
  facet normal 0 0 -1
    outer loop
      vertex -2.95202 -16.7417 0
      vertex -3.36465 -12.557 0
      vertex -2.25743 -12.8025 0
    endloop
  endfacet
  facet normal 0 0 -1
    outer loop
      vertex -4.39992 -16.4207 0
      vertex -3.36465 -12.557 0
      vertex -2.95202 -16.7417 0
    endloop
  endfacet
  facet normal 0 0 -1
    outer loop
      vertex -4.39992 -16.4207 0
      vertex -4.44626 -12.216 0
      vertex -3.36465 -12.557 0
    endloop
  endfacet
  facet normal 0 0 -1
    outer loop
      vertex -5.81434 -15.9748 0
      vertex -4.44626 -12.216 0
      vertex -4.39992 -16.4207 0
    endloop
  endfacet
  facet normal -0 0 -1
    outer loop
      vertex -4.44626 -12.216 0
      vertex -5.81434 -15.9748 0
      vertex -5.49404 -11.782 0
    endloop
  endfacet
  facet normal 0 0 -1
    outer loop
      vertex -7.18451 -15.4072 0
      vertex -5.49404 -11.782 0
      vertex -5.81434 -15.9748 0
    endloop
  endfacet
  facet normal -0 0 -1
    outer loop
      vertex -5.49404 -11.782 0
      vertex -7.18451 -15.4072 0
      vertex -6.5 -11.2583 0
    endloop
  endfacet
  facet normal 0 0 -1
    outer loop
      vertex -8.5 -14.7224 0
      vertex -6.5 -11.2583 0
      vertex -7.18451 -15.4072 0
    endloop
  endfacet
  facet normal -0 0 -1
    outer loop
      vertex -6.5 -11.2583 0
      vertex -8.5 -14.7224 0
      vertex -7.45649 -10.649 0
    endloop
  endfacet
  facet normal 0 0 -1
    outer loop
      vertex -9.7508 -13.9256 0
      vertex -7.45649 -10.649 0
      vertex -8.5 -14.7224 0
    endloop
  endfacet
  facet normal -0 0 -1
    outer loop
      vertex -7.45649 -10.649 0
      vertex -9.7508 -13.9256 0
      vertex -8.35624 -9.95858 0
    endloop
  endfacet
  facet normal 0 0 -1
    outer loop
      vertex -10.9274 -13.0228 0
      vertex -8.35624 -9.95858 0
      vertex -9.7508 -13.9256 0
    endloop
  endfacet
  facet normal -0 0 -1
    outer loop
      vertex -8.35624 -9.95858 0
      vertex -10.9274 -13.0228 0
      vertex -9.19239 -9.19239 0
    endloop
  endfacet
  facet normal 0 0 -1
    outer loop
      vertex -12.0208 -12.0208 0
      vertex -9.19239 -9.19239 0
      vertex -10.9274 -13.0228 0
    endloop
  endfacet
  facet normal -0 0 -1
    outer loop
      vertex -9.19239 -9.19239 0
      vertex -12.0208 -12.0208 0
      vertex -9.95858 -8.35624 0
    endloop
  endfacet
  facet normal 0 0 -1
    outer loop
      vertex -13.0228 -10.9274 0
      vertex -9.95858 -8.35624 0
      vertex -12.0208 -12.0208 0
    endloop
  endfacet
  facet normal -0 0 -1
    outer loop
      vertex -9.95858 -8.35624 0
      vertex -13.0228 -10.9274 0
      vertex -10.649 -7.45649 0
    endloop
  endfacet
  facet normal 0 0 -1
    outer loop
      vertex -13.9256 -9.7508 0
      vertex -10.649 -7.45649 0
      vertex -13.0228 -10.9274 0
    endloop
  endfacet
  facet normal -0 0 -1
    outer loop
      vertex -10.649 -7.45649 0
      vertex -13.9256 -9.7508 0
      vertex -11.2583 -6.5 0
    endloop
  endfacet
  facet normal 0 0 -1
    outer loop
      vertex -14.7224 -8.5 0
      vertex -11.2583 -6.5 0
      vertex -13.9256 -9.7508 0
    endloop
  endfacet
  facet normal -0 0 -1
    outer loop
      vertex -11.2583 -6.5 0
      vertex -14.7224 -8.5 0
      vertex -11.782 -5.49404 0
    endloop
  endfacet
  facet normal 0 0 -1
    outer loop
      vertex -15.4072 -7.18451 0
      vertex -11.782 -5.49404 0
      vertex -14.7224 -8.5 0
    endloop
  endfacet
  facet normal 0 0 -1
    outer loop
      vertex -15.9748 -5.81434 0
      vertex -12.216 -4.44626 0
      vertex -15.4072 -7.18451 0
    endloop
  endfacet
  facet normal -0 0 -1
    outer loop
      vertex -11.782 -5.49404 0
      vertex -15.4072 -7.18451 0
      vertex -12.216 -4.44626 0
    endloop
  endfacet
  facet normal 0 0 -1
    outer loop
      vertex 13 0 0
      vertex 17 0 0
      vertex 16.9353 -1.48165 0
    endloop
  endfacet
  facet normal 0 0 -1
    outer loop
      vertex 12.9505 -1.13302 0
      vertex 16.9353 -1.48165 0
      vertex 16.7417 -2.95202 0
    endloop
  endfacet
  facet normal 0 0 -1
    outer loop
      vertex 17 0 0
      vertex 13 0 0
      vertex 16.9353 1.48165 0
    endloop
  endfacet
  facet normal 0 0 -1
    outer loop
      vertex 12.9505 -1.13302 0
      vertex 16.7417 -2.95202 0
      vertex 16.4207 -4.39992 0
    endloop
  endfacet
  facet normal 0 0 -1
    outer loop
      vertex 12.9505 1.13302 0
      vertex 16.9353 1.48165 0
      vertex 13 0 0
    endloop
  endfacet
  facet normal 0 0 -1
    outer loop
      vertex 12.9505 -1.13302 0
      vertex 16.4207 -4.39992 0
      vertex 15.9748 -5.81434 0
    endloop
  endfacet
  facet normal 0 -0 -1
    outer loop
      vertex 13.2021 2.79792 0
      vertex 16.9353 1.48165 0
      vertex 12.9505 1.13302 0
    endloop
  endfacet
  facet normal 0 0 -1
    outer loop
      vertex 12.9505 -1.13302 0
      vertex 15.9748 -5.81434 0
      vertex 15.4072 -7.18451 0
    endloop
  endfacet
  facet normal 0 0 -1
    outer loop
      vertex 16.9353 1.48165 0
      vertex 13.4722 3.15 0
      vertex 16.7417 2.95202 0
    endloop
  endfacet
  facet normal 0 0 -1
    outer loop
      vertex 12.9505 -1.13302 0
      vertex 15.4072 -7.18451 0
      vertex 14.7224 -8.5 0
    endloop
  endfacet
  facet normal 0 0 -1
    outer loop
      vertex 16.7417 2.95202 0
      vertex 13.6421 3.56001 0
      vertex 16.4207 4.39992 0
    endloop
  endfacet
  facet normal 0 0 -1
    outer loop
      vertex 12.9505 -1.13302 0
      vertex 14.7224 -8.5 0
      vertex 13.9256 -9.7508 0
    endloop
  endfacet
  facet normal 0 0 -1
    outer loop
      vertex 16.4207 4.39992 0
      vertex 13.6421 4.43999 0
      vertex 15.9748 5.81434 0
    endloop
  endfacet
  facet normal 0 0 -1
    outer loop
      vertex 13.2021 5.20208 0
      vertex 15.9748 5.81434 0
      vertex 13.4722 4.85 0
    endloop
  endfacet
  facet normal 0 0 -1
    outer loop
      vertex 13.4722 4.85 0
      vertex 15.9748 5.81434 0
      vertex 13.6421 4.43999 0
    endloop
  endfacet
  facet normal 0 0 -1
    outer loop
      vertex 13.6421 4.43999 0
      vertex 16.4207 4.39992 0
      vertex 13.7 4 0
    endloop
  endfacet
  facet normal 0 -0 -1
    outer loop
      vertex 13.7 4 0
      vertex 16.4207 4.39992 0
      vertex 13.6421 3.56001 0
    endloop
  endfacet
  facet normal 0 0 -1
    outer loop
      vertex 10.649 -7.45649 0
      vertex 13.9256 -9.7508 0
      vertex 13.0228 -10.9274 0
    endloop
  endfacet
  facet normal 0 -0 -1
    outer loop
      vertex 13.6421 3.56001 0
      vertex 16.7417 2.95202 0
      vertex 13.4722 3.15 0
    endloop
  endfacet
  facet normal 0 0 -1
    outer loop
      vertex 16.9353 1.48165 0
      vertex 13.2021 2.79792 0
      vertex 13.4722 3.15 0
    endloop
  endfacet
  facet normal 0 0 -1
    outer loop
      vertex 12.8025 2.25743 0
      vertex 13.2021 2.79792 0
      vertex 12.9505 1.13302 0
    endloop
  endfacet
  facet normal 0 0 -1
    outer loop
      vertex 13.2021 2.79792 0
      vertex 12.8025 2.25743 0
      vertex 12.85 2.52776 0
    endloop
  endfacet
  facet normal 0 0 -1
    outer loop
      vertex 12.85 2.52776 0
      vertex 12.8025 2.25743 0
      vertex 12.7516 2.487 0
    endloop
  endfacet
  facet normal -0 0 -1
    outer loop
      vertex 15.9748 5.81434 0
      vertex 13.2021 5.20208 0
      vertex 15.4072 7.18451 0
    endloop
  endfacet
  facet normal 0 0 -1
    outer loop
      vertex 12.85 5.47224 0
      vertex 15.4072 7.18451 0
      vertex 13.2021 5.20208 0
    endloop
  endfacet
  facet normal -0 0 -1
    outer loop
      vertex 15.4072 7.18451 0
      vertex 12.85 5.47224 0
      vertex 14.7224 8.5 0
    endloop
  endfacet
  facet normal 0 0 -1
    outer loop
      vertex 12.44 5.64207 0
      vertex 14.7224 8.5 0
      vertex 12.85 5.47224 0
    endloop
  endfacet
  facet normal 0 0 -1
    outer loop
      vertex 11.2583 6.5 0
      vertex 14.7224 8.5 0
      vertex 12.44 5.64207 0
    endloop
  endfacet
  facet normal -0 0 -1
    outer loop
      vertex 14.7224 8.5 0
      vertex 11.2583 6.5 0
      vertex 13.9256 9.7508 0
    endloop
  endfacet
  facet normal 0 0 -1
    outer loop
      vertex 10.649 7.45649 0
      vertex 13.9256 9.7508 0
      vertex 11.2583 6.5 0
    endloop
  endfacet
  facet normal 0 0 -1
    outer loop
      vertex 11.2583 6.5 0
      vertex 12.44 5.64207 0
      vertex 12 5.7 0
    endloop
  endfacet
  facet normal 0 0 -1
    outer loop
      vertex 11.2583 6.5 0
      vertex 12 5.7 0
      vertex 11.6956 5.65993 0
    endloop
  endfacet
  facet normal -0 0 -1
    outer loop
      vertex 13.9256 9.7508 0
      vertex 10.649 7.45649 0
      vertex 13.0228 10.9274 0
    endloop
  endfacet
  facet normal 0 0 -1
    outer loop
      vertex 9.95858 8.35624 0
      vertex 13.0228 10.9274 0
      vertex 10.649 7.45649 0
    endloop
  endfacet
  facet normal -0 0 -1
    outer loop
      vertex 13.0228 10.9274 0
      vertex 9.95858 8.35624 0
      vertex 12.0208 12.0208 0
    endloop
  endfacet
  facet normal 0 0 -1
    outer loop
      vertex 9.19239 9.19239 0
      vertex 12.0208 12.0208 0
      vertex 9.95858 8.35624 0
    endloop
  endfacet
  facet normal -0 0 -1
    outer loop
      vertex 12.0208 12.0208 0
      vertex 9.19239 9.19239 0
      vertex 10.9274 13.0228 0
    endloop
  endfacet
  facet normal 0 0 -1
    outer loop
      vertex 8.35624 9.95858 0
      vertex 10.9274 13.0228 0
      vertex 9.19239 9.19239 0
    endloop
  endfacet
  facet normal -0 0 -1
    outer loop
      vertex 10.9274 13.0228 0
      vertex 8.35624 9.95858 0
      vertex 9.7508 13.9256 0
    endloop
  endfacet
  facet normal 0 0 -1
    outer loop
      vertex 7.45649 10.649 0
      vertex 9.7508 13.9256 0
      vertex 8.35624 9.95858 0
    endloop
  endfacet
  facet normal -0 0 -1
    outer loop
      vertex 9.7508 13.9256 0
      vertex 7.45649 10.649 0
      vertex 8.5 14.7224 0
    endloop
  endfacet
  facet normal 0 0 -1
    outer loop
      vertex 6.5 11.2583 0
      vertex 8.5 14.7224 0
      vertex 7.45649 10.649 0
    endloop
  endfacet
  facet normal -0 0 -1
    outer loop
      vertex 8.5 14.7224 0
      vertex 6.5 11.2583 0
      vertex 7.18451 15.4072 0
    endloop
  endfacet
  facet normal 0 0 -1
    outer loop
      vertex 5.49404 11.782 0
      vertex 7.18451 15.4072 0
      vertex 6.5 11.2583 0
    endloop
  endfacet
  facet normal -0 0 -1
    outer loop
      vertex 7.18451 15.4072 0
      vertex 5.49404 11.782 0
      vertex 5.81434 15.9748 0
    endloop
  endfacet
  facet normal 0 0 -1
    outer loop
      vertex 4.44626 12.216 0
      vertex 5.81434 15.9748 0
      vertex 5.49404 11.782 0
    endloop
  endfacet
  facet normal 0 0 -1
    outer loop
      vertex 4.44626 12.216 0
      vertex 4.39992 16.4207 0
      vertex 5.81434 15.9748 0
    endloop
  endfacet
  facet normal 0 0 -1
    outer loop
      vertex 3.36465 12.557 0
      vertex 4.39992 16.4207 0
      vertex 4.44626 12.216 0
    endloop
  endfacet
  facet normal 0 0 -1
    outer loop
      vertex 3.36465 12.557 0
      vertex 2.95202 16.7417 0
      vertex 4.39992 16.4207 0
    endloop
  endfacet
  facet normal 0 0 -1
    outer loop
      vertex 2.25743 12.8025 0
      vertex 2.95202 16.7417 0
      vertex 3.36465 12.557 0
    endloop
  endfacet
  facet normal 0 0 -1
    outer loop
      vertex 2.25743 12.8025 0
      vertex 1.48165 16.9353 0
      vertex 2.95202 16.7417 0
    endloop
  endfacet
  facet normal 0 0 -1
    outer loop
      vertex 1.13302 12.9505 0
      vertex 1.48165 16.9353 0
      vertex 2.25743 12.8025 0
    endloop
  endfacet
  facet normal 0 0 -1
    outer loop
      vertex 0 13 0
      vertex 1.48165 16.9353 0
      vertex 1.13302 12.9505 0
    endloop
  endfacet
  facet normal 0 0 -1
    outer loop
      vertex 0 13 0
      vertex 0 17 0
      vertex 1.48165 16.9353 0
    endloop
  endfacet
  facet normal 0 0 -1
    outer loop
      vertex -1.13302 12.9505 0
      vertex 0 17 0
      vertex 0 13 0
    endloop
  endfacet
  facet normal 0 0 -1
    outer loop
      vertex -1.13302 12.9505 0
      vertex -1.48165 16.9353 0
      vertex 0 17 0
    endloop
  endfacet
  facet normal 0 0 -1
    outer loop
      vertex -2.79792 13.2021 0
      vertex -1.13302 12.9505 0
      vertex -2.25743 12.8025 0
    endloop
  endfacet
  facet normal 0 0 -1
    outer loop
      vertex -2.52776 12.85 0
      vertex -2.25743 12.8025 0
      vertex -2.487 12.7516 0
    endloop
  endfacet
  facet normal 0 0 -1
    outer loop
      vertex -2.79792 13.2021 0
      vertex -2.25743 12.8025 0
      vertex -2.52776 12.85 0
    endloop
  endfacet
  facet normal 0 0 -1
    outer loop
      vertex -1.13302 12.9505 0
      vertex -2.79792 13.2021 0
      vertex -1.48165 16.9353 0
    endloop
  endfacet
  facet normal 0 0 -1
    outer loop
      vertex -3.15 13.4722 0
      vertex -1.48165 16.9353 0
      vertex -2.79792 13.2021 0
    endloop
  endfacet
  facet normal 0 0 -1
    outer loop
      vertex -1.48165 16.9353 0
      vertex -3.15 13.4722 0
      vertex -2.95202 16.7417 0
    endloop
  endfacet
  facet normal 0 0 -1
    outer loop
      vertex -3.56001 13.6421 0
      vertex -2.95202 16.7417 0
      vertex -3.15 13.4722 0
    endloop
  endfacet
  facet normal 0 0 -1
    outer loop
      vertex -4.39992 16.4207 0
      vertex -3.56001 13.6421 0
      vertex -4 13.7 0
    endloop
  endfacet
  facet normal 0 0 -1
    outer loop
      vertex -3.56001 13.6421 0
      vertex -4.39992 16.4207 0
      vertex -2.95202 16.7417 0
    endloop
  endfacet
  facet normal 0 0 -1
    outer loop
      vertex -4.43999 13.6421 0
      vertex -4.39992 16.4207 0
      vertex -4 13.7 0
    endloop
  endfacet
  facet normal 0 0 -1
    outer loop
      vertex -5.81434 15.9748 0
      vertex -4.43999 13.6421 0
      vertex -4.85 13.4722 0
    endloop
  endfacet
  facet normal 0 0 -1
    outer loop
      vertex -5.81434 15.9748 0
      vertex -4.85 13.4722 0
      vertex -5.20208 13.2021 0
    endloop
  endfacet
  facet normal 0 0 -1
    outer loop
      vertex -5.81434 15.9748 0
      vertex -5.20208 13.2021 0
      vertex -5.47224 12.85 0
    endloop
  endfacet
  facet normal 0 0 -1
    outer loop
      vertex -5.81434 15.9748 0
      vertex -5.47224 12.85 0
      vertex -5.64207 12.44 0
    endloop
  endfacet
  facet normal 0 0 -1
    outer loop
      vertex -4.43999 13.6421 0
      vertex -5.81434 15.9748 0
      vertex -4.39992 16.4207 0
    endloop
  endfacet
  facet normal 0 0 -1
    outer loop
      vertex -6.5 11.2583 0
      vertex -5.64207 12.44 0
      vertex -5.7 12 0
    endloop
  endfacet
  facet normal 0.300666 -0.95373 0
    outer loop
      vertex 4.39992 -16.4207 0
      vertex 5.81434 -15.9748 22
      vertex 4.39992 -16.4207 22
    endloop
  endfacet
  facet normal 0.300666 -0.95373 0
    outer loop
      vertex 5.81434 -15.9748 22
      vertex 4.39992 -16.4207 0
      vertex 5.81434 -15.9748 0
    endloop
  endfacet
  facet normal -0.382716 -0.923866 0
    outer loop
      vertex -7.18451 -15.4072 0
      vertex -5.81434 -15.9748 22
      vertex -7.18451 -15.4072 22
    endloop
  endfacet
  facet normal -0.382716 -0.923866 -0
    outer loop
      vertex -5.81434 -15.9748 22
      vertex -7.18451 -15.4072 0
      vertex -5.81434 -15.9748 0
    endloop
  endfacet
  facet normal 0.793365 0.608746 0
    outer loop
      vertex 13.9256 9.7508 22
      vertex 13.0228 10.9274 14.9282
      vertex 13.0228 10.9274 22
    endloop
  endfacet
  facet normal 0.793298 0.608833 2.30899e-05
    outer loop
      vertex 13.0228 10.9274 14.9282
      vertex 13.9256 9.7508 22
      vertex 13.0436 10.9003 14.875
    endloop
  endfacet
  facet normal 0.793246 0.608901 4.06233e-05
    outer loop
      vertex 13.0436 10.9003 14.875
      vertex 13.9256 9.7508 22
      vertex 13.0869 10.8439 14.7396
    endloop
  endfacet
  facet normal 0.793985 0.607937 -0.000189937
    outer loop
      vertex 13.0869 10.8439 14.7396
      vertex 13.9256 9.7508 22
      vertex 13.1227 10.7971 14.5985
    endloop
  endfacet
  facet normal 0.793086 0.60911 7.33832e-05
    outer loop
      vertex 13.1227 10.7971 14.5985
      vertex 13.9256 9.7508 22
      vertex 13.1509 10.7604 14.4529
    endloop
  endfacet
  facet normal 0.793634 0.608395 -7.8519e-05
    outer loop
      vertex 13.1509 10.7604 14.4529
      vertex 13.9256 9.7508 22
      vertex 13.1712 10.7339 14.3039
    endloop
  endfacet
  facet normal 0.79335 0.608766 -3.33476e-06
    outer loop
      vertex 13.1712 10.7339 14.3039
      vertex 13.9256 9.7508 22
      vertex 13.1834 10.718 14.1525
    endloop
  endfacet
  facet normal 0.792813 0.609465 0.000133582
    outer loop
      vertex 13.1834 10.718 14.1525
      vertex 13.9256 9.7508 22
      vertex 13.1875 10.7127 14
    endloop
  endfacet
  facet normal 0.79329 0.608844 -1.40829e-05
    outer loop
      vertex 13.9256 9.7508 0
      vertex 13.0228 10.9274 13.0718
      vertex 13.0436 10.9003 13.125
    endloop
  endfacet
  facet normal 0.793228 0.608925 -2.52783e-05
    outer loop
      vertex 13.9256 9.7508 0
      vertex 13.0436 10.9003 13.125
      vertex 13.0869 10.8439 13.2604
    endloop
  endfacet
  facet normal 0.794085 0.607806 0.000121118
    outer loop
      vertex 13.9256 9.7508 0
      vertex 13.0869 10.8439 13.2604
      vertex 13.1227 10.7971 13.4015
    endloop
  endfacet
  facet normal 0.793038 0.609173 -4.82956e-05
    outer loop
      vertex 13.9256 9.7508 0
      vertex 13.1227 10.7971 13.4015
      vertex 13.1509 10.7604 13.5471
    endloop
  endfacet
  facet normal 0.793701 0.608308 5.40166e-05
    outer loop
      vertex 13.9256 9.7508 0
      vertex 13.1509 10.7604 13.5471
      vertex 13.1712 10.7339 13.6961
    endloop
  endfacet
  facet normal 0.793354 0.608761 2.467e-06
    outer loop
      vertex 13.9256 9.7508 0
      vertex 13.1712 10.7339 13.6961
      vertex 13.1834 10.718 13.8475
    endloop
  endfacet
  facet normal 0.794324 0.607495 -0.000242662
    outer loop
      vertex 13.9256 9.7508 22
      vertex 13.1834 10.718 13.8475
      vertex 13.1875 10.7127 14
    endloop
  endfacet
  facet normal 0.793337 0.608783 0
    outer loop
      vertex 13.1834 10.718 13.8475
      vertex 13.9256 9.7508 22
      vertex 13.9256 9.7508 0
    endloop
  endfacet
  facet normal 0.793365 0.608746 0
    outer loop
      vertex 13.0228 10.9274 13.0718
      vertex 13.9256 9.7508 0
      vertex 13.0228 10.9274 0
    endloop
  endfacet
  facet normal -0.300666 -0.95373 0
    outer loop
      vertex -5.81434 -15.9748 0
      vertex -4.39992 -16.4207 22
      vertex -5.81434 -15.9748 22
    endloop
  endfacet
  facet normal -0.300666 -0.95373 -0
    outer loop
      vertex -4.39992 -16.4207 22
      vertex -5.81434 -15.9748 0
      vertex -4.39992 -16.4207 0
    endloop
  endfacet
  facet normal -0.300666 0.95373 0
    outer loop
      vertex -4.39992 16.4207 0
      vertex -5.81434 15.9748 22
      vertex -4.39992 16.4207 22
    endloop
  endfacet
  facet normal -0.300666 0.95373 0
    outer loop
      vertex -5.81434 15.9748 22
      vertex -4.39992 16.4207 0
      vertex -5.81434 15.9748 0
    endloop
  endfacet
  facet normal -0.843406 -0.537277 0
    outer loop
      vertex -13.9256 -9.7508 0
      vertex -14.7224 -8.5 22
      vertex -14.7224 -8.5 0
    endloop
  endfacet
  facet normal -0.843406 -0.537277 0
    outer loop
      vertex -14.7224 -8.5 22
      vertex -13.9256 -9.7508 0
      vertex -13.9256 -9.7508 22
    endloop
  endfacet
  facet normal -0.999048 0.043626 0
    outer loop
      vertex -17 0 0
      vertex -16.9353 1.48165 22
      vertex -16.9353 1.48165 0
    endloop
  endfacet
  facet normal -0.999048 0.043626 0
    outer loop
      vertex -16.9353 1.48165 22
      vertex -17 0 0
      vertex -17 0 22
    endloop
  endfacet
  facet normal -0.675992 -0.736909 0
    outer loop
      vertex -12.0208 -12.0208 0
      vertex -11.9083 -12.124 12.2567
      vertex -12.0208 -12.0208 12.25
    endloop
  endfacet
  facet normal -0.675621 -0.737249 -6.26483e-06
    outer loop
      vertex -10.9274 -13.0228 0
      vertex -11.9083 -12.124 12.2567
      vertex -12.0208 -12.0208 0
    endloop
  endfacet
  facet normal -0.675398 -0.737453 2.64955e-05
    outer loop
      vertex -11.9083 -12.124 12.2567
      vertex -10.9274 -13.0228 0
      vertex -11.7966 -12.2263 12.2766
    endloop
  endfacet
  facet normal -0.675603 -0.737265 -1.92454e-07
    outer loop
      vertex -11.7966 -12.2263 12.2766
      vertex -10.9274 -13.0228 0
      vertex -11.6866 -12.3271 12.3096
    endloop
  endfacet
  facet normal -0.67557 -0.737296 3.55584e-06
    outer loop
      vertex -11.6866 -12.3271 12.3096
      vertex -10.9274 -13.0228 0
      vertex -11.5791 -12.4256 12.3555
    endloop
  endfacet
  facet normal -0.675254 -0.737586 3.42579e-05
    outer loop
      vertex -11.5791 -12.4256 12.3555
      vertex -10.9274 -13.0228 0
      vertex -11.475 -12.5209 12.414
    endloop
  endfacet
  facet normal -0.67582 -0.737066 -1.17295e-05
    outer loop
      vertex -11.475 -12.5209 12.414
      vertex -10.9274 -13.0228 0
      vertex -11.3751 -12.6125 12.4845
    endloop
  endfacet
  facet normal -0.67579 -0.737094 -9.74763e-06
    outer loop
      vertex -11.3751 -12.6125 12.4845
      vertex -10.9274 -13.0228 0
      vertex -11.2801 -12.6996 12.5665
    endloop
  endfacet
  facet normal -0.675503 -0.737357 5.07e-06
    outer loop
      vertex -11.2801 -12.6996 12.5665
      vertex -10.9274 -13.0228 0
      vertex -11.1907 -12.7815 12.6594
    endloop
  endfacet
  facet normal -0.67537 -0.737479 1.01823e-05
    outer loop
      vertex -11.1907 -12.7815 12.6594
      vertex -10.9274 -13.0228 0
      vertex -11.1076 -12.8576 12.7626
    endloop
  endfacet
  facet normal -0.67594 -0.736957 -4.638e-06
    outer loop
      vertex -11.1076 -12.8576 12.7626
      vertex -10.9274 -13.0228 0
      vertex -11.0315 -12.9274 12.8751
    endloop
  endfacet
  facet normal -0.675243 -0.737595 5.73057e-06
    outer loop
      vertex -11.0315 -12.9274 12.8751
      vertex -10.9274 -13.0228 0
      vertex -10.9629 -12.9902 12.9962
    endloop
  endfacet
  facet normal -0.676382 -0.736551 0
    outer loop
      vertex -10.9629 -12.9902 12.9962
      vertex -10.9274 -13.0228 0
      vertex -10.9274 -13.0228 13.0718
    endloop
  endfacet
  facet normal -0.675992 -0.736909 0
    outer loop
      vertex -11.9083 -12.124 15.7433
      vertex -12.0208 -12.0208 22
      vertex -12.0208 -12.0208 15.75
    endloop
  endfacet
  facet normal -0.675621 -0.737249 1.22726e-05
    outer loop
      vertex -12.0208 -12.0208 22
      vertex -11.9083 -12.124 15.7433
      vertex -10.9274 -13.0228 22
    endloop
  endfacet
  facet normal -0.675401 -0.737451 -5.12135e-05
    outer loop
      vertex -11.7966 -12.2263 15.7234
      vertex -10.9274 -13.0228 22
      vertex -11.9083 -12.124 15.7433
    endloop
  endfacet
  facet normal -0.675603 -0.737265 3.69089e-07
    outer loop
      vertex -11.6866 -12.3271 15.6904
      vertex -10.9274 -13.0228 22
      vertex -11.7966 -12.2263 15.7234
    endloop
  endfacet
  facet normal -0.675571 -0.737295 -6.77196e-06
    outer loop
      vertex -11.5791 -12.4256 15.6445
      vertex -10.9274 -13.0228 22
      vertex -11.6866 -12.3271 15.6904
    endloop
  endfacet
  facet normal -0.675263 -0.737577 -6.48368e-05
    outer loop
      vertex -11.475 -12.5209 15.586
      vertex -10.9274 -13.0228 22
      vertex -11.5791 -12.4256 15.6445
    endloop
  endfacet
  facet normal -0.675816 -0.73707 2.20785e-05
    outer loop
      vertex -11.3751 -12.6125 15.5155
      vertex -10.9274 -13.0228 22
      vertex -11.475 -12.5209 15.586
    endloop
  endfacet
  facet normal -0.675786 -0.737098 1.82598e-05
    outer loop
      vertex -11.2801 -12.6996 15.4335
      vertex -10.9274 -13.0228 22
      vertex -11.3751 -12.6125 15.5155
    endloop
  endfacet
  facet normal -0.675506 -0.737355 -9.45767e-06
    outer loop
      vertex -11.1907 -12.7815 15.3406
      vertex -10.9274 -13.0228 22
      vertex -11.2801 -12.6996 15.4335
    endloop
  endfacet
  facet normal -0.675376 -0.737474 -1.89269e-05
    outer loop
      vertex -11.1076 -12.8576 15.2374
      vertex -10.9274 -13.0228 22
      vertex -11.1907 -12.7815 15.3406
    endloop
  endfacet
  facet normal -0.675937 -0.736959 8.59707e-06
    outer loop
      vertex -11.0315 -12.9274 15.1249
      vertex -10.9274 -13.0228 22
      vertex -11.1076 -12.8576 15.2374
    endloop
  endfacet
  facet normal -0.675248 -0.737591 -1.06015e-05
    outer loop
      vertex -10.9629 -12.9902 15.0038
      vertex -10.9274 -13.0228 22
      vertex -11.0315 -12.9274 15.1249
    endloop
  endfacet
  facet normal -0.676382 -0.736551 -0
    outer loop
      vertex -10.9274 -13.0228 22
      vertex -10.9629 -12.9902 15.0038
      vertex -10.9274 -13.0228 14.9282
    endloop
  endfacet
  facet normal -0.043626 -0.999048 0
    outer loop
      vertex -1.48165 -16.9353 0
      vertex 0 -17 22
      vertex -1.48165 -16.9353 22
    endloop
  endfacet
  facet normal -0.043626 -0.999048 -0
    outer loop
      vertex 0 -17 22
      vertex -1.48165 -16.9353 0
      vertex 0 -17 0
    endloop
  endfacet
  facet normal 0.675621 -0.737249 0
    outer loop
      vertex 10.9274 -13.0228 0
      vertex 12.0208 -12.0208 22
      vertex 10.9274 -13.0228 22
    endloop
  endfacet
  facet normal 0.675621 -0.737249 0
    outer loop
      vertex 12.0208 -12.0208 22
      vertex 10.9274 -13.0228 0
      vertex 12.0208 -12.0208 0
    endloop
  endfacet
  facet normal 0.608746 -0.793365 0
    outer loop
      vertex 9.7508 -13.9256 0
      vertex 10.9274 -13.0228 22
      vertex 9.7508 -13.9256 22
    endloop
  endfacet
  facet normal 0.608746 -0.793365 0
    outer loop
      vertex 10.9274 -13.0228 22
      vertex 9.7508 -13.9256 0
      vertex 10.9274 -13.0228 0
    endloop
  endfacet
  facet normal -0.843406 0.537277 0
    outer loop
      vertex -14.7224 8.5 0
      vertex -13.9256 9.7508 22
      vertex -13.9256 9.7508 0
    endloop
  endfacet
  facet normal -0.843406 0.537277 0
    outer loop
      vertex -13.9256 9.7508 22
      vertex -14.7224 8.5 0
      vertex -14.7224 8.5 22
    endloop
  endfacet
  facet normal 0.300666 0.95373 -0
    outer loop
      vertex 5.81434 15.9748 0
      vertex 4.39992 16.4207 22
      vertex 5.81434 15.9748 22
    endloop
  endfacet
  facet normal 0.300666 0.95373 0
    outer loop
      vertex 4.39992 16.4207 22
      vertex 5.81434 15.9748 0
      vertex 4.39992 16.4207 0
    endloop
  endfacet
  facet normal 1 -0 0
    outer loop
      vertex 17 2.15773 30.4292
      vertex 17 17 22
      vertex 17 17 46
    endloop
  endfacet
  facet normal 1 0 0
    outer loop
      vertex 17 17 22
      vertex 17 2.15773 30.4292
      vertex 17 2.2 30
    endloop
  endfacet
  facet normal 1 0 0
    outer loop
      vertex 17 17 46
      vertex 17 2.03253 30.8419
      vertex 17 2.15773 30.4292
    endloop
  endfacet
  facet normal 1 0 0
    outer loop
      vertex 17 17 46
      vertex 17 1.82923 31.2223
      vertex 17 2.03253 30.8419
    endloop
  endfacet
  facet normal 1 0 0
    outer loop
      vertex 17 17 46
      vertex 17 1.55563 31.5556
      vertex 17 1.82923 31.2223
    endloop
  endfacet
  facet normal 1 0 0
    outer loop
      vertex 17 17 46
      vertex 17 1.22225 31.8292
      vertex 17 1.55563 31.5556
    endloop
  endfacet
  facet normal 1 0 0
    outer loop
      vertex 17 17 46
      vertex 17 0.841903 32.0325
      vertex 17 1.22225 31.8292
    endloop
  endfacet
  facet normal 1 0 0
    outer loop
      vertex 17 17 46
      vertex 17 0.429198 32.1577
      vertex 17 0.841903 32.0325
    endloop
  endfacet
  facet normal 1 0 0
    outer loop
      vertex 17 17 46
      vertex 17 0 32.2
      vertex 17 0.429198 32.1577
    endloop
  endfacet
  facet normal 1 -0 0
    outer loop
      vertex 17 -17 46
      vertex 17 0 32.2
      vertex 17 17 46
    endloop
  endfacet
  facet normal 1 0 0
    outer loop
      vertex 17 0 32.2
      vertex 17 -17 46
      vertex 17 -0.429198 32.1577
    endloop
  endfacet
  facet normal 1 0 0
    outer loop
      vertex 17 -0.429198 32.1577
      vertex 17 -17 46
      vertex 17 -0.841903 32.0325
    endloop
  endfacet
  facet normal 1 0 0
    outer loop
      vertex 17 -17 22
      vertex 17 -2.15773 30.4292
      vertex 17 -17 46
    endloop
  endfacet
  facet normal 1 0 0
    outer loop
      vertex 17 -2.03253 30.8419
      vertex 17 -17 46
      vertex 17 -2.15773 30.4292
    endloop
  endfacet
  facet normal 1 0 0
    outer loop
      vertex 17 -1.82923 31.2223
      vertex 17 -17 46
      vertex 17 -2.03253 30.8419
    endloop
  endfacet
  facet normal 1 0 0
    outer loop
      vertex 17 -1.55563 31.5556
      vertex 17 -17 46
      vertex 17 -1.82923 31.2223
    endloop
  endfacet
  facet normal 1 0 0
    outer loop
      vertex 17 -1.22225 31.8292
      vertex 17 -17 46
      vertex 17 -1.55563 31.5556
    endloop
  endfacet
  facet normal 1 0 0
    outer loop
      vertex 17 -0.841903 32.0325
      vertex 17 -17 46
      vertex 17 -1.22225 31.8292
    endloop
  endfacet
  facet normal 1 -0 0
    outer loop
      vertex 17 2.15773 29.5708
      vertex 17 17 22
      vertex 17 2.2 30
    endloop
  endfacet
  facet normal 1 -0 0
    outer loop
      vertex 17 2.03253 29.1581
      vertex 17 17 22
      vertex 17 2.15773 29.5708
    endloop
  endfacet
  facet normal 1 -0 0
    outer loop
      vertex 17 1.82923 28.7777
      vertex 17 17 22
      vertex 17 2.03253 29.1581
    endloop
  endfacet
  facet normal 1 0 0
    outer loop
      vertex 17 0 22
      vertex 17 1.82923 28.7777
      vertex 17 1.55563 28.4444
    endloop
  endfacet
  facet normal 1 0 0
    outer loop
      vertex 17 0 22
      vertex 17 1.55563 28.4444
      vertex 17 1.22225 28.1708
    endloop
  endfacet
  facet normal 1 0 0
    outer loop
      vertex 17 0 22
      vertex 17 1.22225 28.1708
      vertex 17 0.841903 27.9675
    endloop
  endfacet
  facet normal 1 0 0
    outer loop
      vertex 17 0 22
      vertex 17 0.841903 27.9675
      vertex 17 0.429198 27.8423
    endloop
  endfacet
  facet normal 1 0 0
    outer loop
      vertex 17 0 22
      vertex 17 0.429198 27.8423
      vertex 17 0 27.8
    endloop
  endfacet
  facet normal 1 0 0
    outer loop
      vertex 17 1.82923 28.7777
      vertex 17 0 22
      vertex 17 17 22
    endloop
  endfacet
  facet normal 1 0 0
    outer loop
      vertex 17 -0.429198 27.8423
      vertex 17 0 22
      vertex 17 0 27.8
    endloop
  endfacet
  facet normal 1 0 0
    outer loop
      vertex 17 -0.841903 27.9675
      vertex 17 0 22
      vertex 17 -0.429198 27.8423
    endloop
  endfacet
  facet normal 1 0 0
    outer loop
      vertex 17 -1.22225 28.1708
      vertex 17 0 22
      vertex 17 -0.841903 27.9675
    endloop
  endfacet
  facet normal 1 0 0
    outer loop
      vertex 17 -1.55563 28.4444
      vertex 17 0 22
      vertex 17 -1.22225 28.1708
    endloop
  endfacet
  facet normal 1 0 0
    outer loop
      vertex 17 -1.82923 28.7777
      vertex 17 0 22
      vertex 17 -1.55563 28.4444
    endloop
  endfacet
  facet normal 1 0 0
    outer loop
      vertex 17 -17 22
      vertex 17 -1.82923 28.7777
      vertex 17 -2.03253 29.1581
    endloop
  endfacet
  facet normal 1 0 0
    outer loop
      vertex 17 -17 22
      vertex 17 -2.03253 29.1581
      vertex 17 -2.15773 29.5708
    endloop
  endfacet
  facet normal 1 0 0
    outer loop
      vertex 17 -2.15773 30.4292
      vertex 17 -17 22
      vertex 17 -2.2 30
    endloop
  endfacet
  facet normal 1 0 0
    outer loop
      vertex 17 -2.2 30
      vertex 17 -17 22
      vertex 17 -2.15773 29.5708
    endloop
  endfacet
  facet normal 1 0 0
    outer loop
      vertex 17 -1.82923 28.7777
      vertex 17 -17 22
      vertex 17 0 22
    endloop
  endfacet
  facet normal 0 0 1
    outer loop
      vertex 17 17 46
      vertex 13.7 4 46
      vertex 17 -17 46
    endloop
  endfacet
  facet normal 0 0 1
    outer loop
      vertex 17 17 46
      vertex 13.6421 4.43999 46
      vertex 13.7 4 46
    endloop
  endfacet
  facet normal 0 0 1
    outer loop
      vertex 17 17 46
      vertex 13.4722 4.85 46
      vertex 13.6421 4.43999 46
    endloop
  endfacet
  facet normal 0 0 1
    outer loop
      vertex 17 17 46
      vertex 13.2021 5.20208 46
      vertex 13.4722 4.85 46
    endloop
  endfacet
  facet normal 0 0 1
    outer loop
      vertex 17 17 46
      vertex 12.85 5.47224 46
      vertex 13.2021 5.20208 46
    endloop
  endfacet
  facet normal 0 0 1
    outer loop
      vertex 17 17 46
      vertex 12.44 5.64207 46
      vertex 12.85 5.47224 46
    endloop
  endfacet
  facet normal 0 0 1
    outer loop
      vertex 17 17 46
      vertex 12 5.7 46
      vertex 12.44 5.64207 46
    endloop
  endfacet
  facet normal 0 0 1
    outer loop
      vertex 17 17 46
      vertex 11.56 5.64207 46
      vertex 12 5.7 46
    endloop
  endfacet
  facet normal 0 0 1
    outer loop
      vertex 17 17 46
      vertex 11.15 5.47224 46
      vertex 11.56 5.64207 46
    endloop
  endfacet
  facet normal -0 0 1
    outer loop
      vertex -2.35793 12.44 46
      vertex 11.15 5.47224 46
      vertex 17 17 46
    endloop
  endfacet
  facet normal -0 -0 1
    outer loop
      vertex -2.3 12 46
      vertex 11.15 5.47224 46
      vertex -2.35793 12.44 46
    endloop
  endfacet
  facet normal -0 0 1
    outer loop
      vertex -2.52776 11.15 46
      vertex 10.5278 4.85 46
      vertex -2.35793 11.56 46
    endloop
  endfacet
  facet normal 0 0 1
    outer loop
      vertex 10.7979 5.20208 46
      vertex -2.35793 11.56 46
      vertex 10.5278 4.85 46
    endloop
  endfacet
  facet normal 0 0 1
    outer loop
      vertex 11.15 5.47224 46
      vertex -2.3 12 46
      vertex 10.7979 5.20208 46
    endloop
  endfacet
  facet normal -0 0 1
    outer loop
      vertex -2.35793 11.56 46
      vertex 10.7979 5.20208 46
      vertex -2.3 12 46
    endloop
  endfacet
  facet normal 0 0 1
    outer loop
      vertex 17 17 46
      vertex -2.52776 12.85 46
      vertex -2.35793 12.44 46
    endloop
  endfacet
  facet normal 0 0 1
    outer loop
      vertex 17 17 46
      vertex -2.79792 13.2021 46
      vertex -2.52776 12.85 46
    endloop
  endfacet
  facet normal 0 0 1
    outer loop
      vertex 17 17 46
      vertex -3.15 13.4722 46
      vertex -2.79792 13.2021 46
    endloop
  endfacet
  facet normal 0 0 1
    outer loop
      vertex 17 17 46
      vertex -3.56001 13.6421 46
      vertex -3.15 13.4722 46
    endloop
  endfacet
  facet normal 0 0 1
    outer loop
      vertex 17 17 46
      vertex -4 13.7 46
      vertex -3.56001 13.6421 46
    endloop
  endfacet
  facet normal -0 0 1
    outer loop
      vertex -17 17 46
      vertex -4 13.7 46
      vertex 17 17 46
    endloop
  endfacet
  facet normal 0 0 1
    outer loop
      vertex -5.64207 12.44 46
      vertex -17 17 46
      vertex -5.7 12 46
    endloop
  endfacet
  facet normal 0 0 1
    outer loop
      vertex -5.47224 12.85 46
      vertex -17 17 46
      vertex -5.64207 12.44 46
    endloop
  endfacet
  facet normal 0 0 1
    outer loop
      vertex -5.20208 13.2021 46
      vertex -17 17 46
      vertex -5.47224 12.85 46
    endloop
  endfacet
  facet normal 0 0 1
    outer loop
      vertex -4.85 13.4722 46
      vertex -17 17 46
      vertex -5.20208 13.2021 46
    endloop
  endfacet
  facet normal 0 0 1
    outer loop
      vertex -4.43999 13.6421 46
      vertex -17 17 46
      vertex -4.85 13.4722 46
    endloop
  endfacet
  facet normal 0 0 1
    outer loop
      vertex -4 13.7 46
      vertex -17 17 46
      vertex -4.43999 13.6421 46
    endloop
  endfacet
  facet normal -0 0 1
    outer loop
      vertex 13.6421 3.56001 46
      vertex 17 -17 46
      vertex 13.7 4 46
    endloop
  endfacet
  facet normal -0 0 1
    outer loop
      vertex 13.4722 3.15 46
      vertex 17 -17 46
      vertex 13.6421 3.56001 46
    endloop
  endfacet
  facet normal -0 0 1
    outer loop
      vertex 13.2021 2.79792 46
      vertex 17 -17 46
      vertex 13.4722 3.15 46
    endloop
  endfacet
  facet normal -0 0 1
    outer loop
      vertex 12.85 2.52776 46
      vertex 17 -17 46
      vertex 13.2021 2.79792 46
    endloop
  endfacet
  facet normal -0 0 1
    outer loop
      vertex 12.44 2.35793 46
      vertex 17 -17 46
      vertex 12.85 2.52776 46
    endloop
  endfacet
  facet normal -0 0 1
    outer loop
      vertex 12 2.3 46
      vertex 17 -17 46
      vertex 12.44 2.35793 46
    endloop
  endfacet
  facet normal 0 0 1
    outer loop
      vertex 11.56 2.35793 46
      vertex 17 -17 46
      vertex 12 2.3 46
    endloop
  endfacet
  facet normal 0 0 1
    outer loop
      vertex 11.15 2.52776 46
      vertex 17 -17 46
      vertex 11.56 2.35793 46
    endloop
  endfacet
  facet normal 0 0 1
    outer loop
      vertex 10.7979 2.79792 46
      vertex 17 -17 46
      vertex 11.15 2.52776 46
    endloop
  endfacet
  facet normal 0 0 1
    outer loop
      vertex -17 -17 46
      vertex 10.7979 2.79792 46
      vertex 10.5278 3.15 46
    endloop
  endfacet
  facet normal 0 0 1
    outer loop
      vertex -3.56001 10.3579 46
      vertex 10.5278 3.15 46
      vertex 10.3579 3.56001 46
    endloop
  endfacet
  facet normal 0 0 1
    outer loop
      vertex 10.5278 4.85 46
      vertex -2.52776 11.15 46
      vertex 10.3579 4.43999 46
    endloop
  endfacet
  facet normal -0 0 1
    outer loop
      vertex -2.79792 10.7979 46
      vertex 10.3579 4.43999 46
      vertex -2.52776 11.15 46
    endloop
  endfacet
  facet normal 0 0 1
    outer loop
      vertex 10.3579 4.43999 46
      vertex -2.79792 10.7979 46
      vertex 10.3 4 46
    endloop
  endfacet
  facet normal -0 0 1
    outer loop
      vertex -3.15 10.5278 46
      vertex 10.3 4 46
      vertex -2.79792 10.7979 46
    endloop
  endfacet
  facet normal 0 0 1
    outer loop
      vertex 10.3 4 46
      vertex -3.15 10.5278 46
      vertex 10.3579 3.56001 46
    endloop
  endfacet
  facet normal -0 0 1
    outer loop
      vertex -3.56001 10.3579 46
      vertex 10.3579 3.56001 46
      vertex -3.15 10.5278 46
    endloop
  endfacet
  facet normal 0 0 1
    outer loop
      vertex 10.5278 3.15 46
      vertex -3.56001 10.3579 46
      vertex -4 10.3 46
    endloop
  endfacet
  facet normal 0 0 1
    outer loop
      vertex 10.5278 3.15 46
      vertex -4 10.3 46
      vertex -17 -17 46
    endloop
  endfacet
  facet normal 0 0 1
    outer loop
      vertex -17 -17 46
      vertex -4 10.3 46
      vertex -4.43999 10.3579 46
    endloop
  endfacet
  facet normal 0 0 1
    outer loop
      vertex -17 -17 46
      vertex -4.43999 10.3579 46
      vertex -4.85 10.5278 46
    endloop
  endfacet
  facet normal 0 0 1
    outer loop
      vertex -17 -17 46
      vertex -4.85 10.5278 46
      vertex -5.20208 10.7979 46
    endloop
  endfacet
  facet normal 0 0 1
    outer loop
      vertex -17 17 46
      vertex -5.64207 11.56 46
      vertex -5.7 12 46
    endloop
  endfacet
  facet normal 0 0 1
    outer loop
      vertex -17 17 46
      vertex -5.47224 11.15 46
      vertex -5.64207 11.56 46
    endloop
  endfacet
  facet normal 0 0 1
    outer loop
      vertex -17 17 46
      vertex -5.20208 10.7979 46
      vertex -5.47224 11.15 46
    endloop
  endfacet
  facet normal 0 0 1
    outer loop
      vertex -17 -17 46
      vertex -5.20208 10.7979 46
      vertex -17 17 46
    endloop
  endfacet
  facet normal 0 0 1
    outer loop
      vertex 10.7979 2.79792 46
      vertex -17 -17 46
      vertex 17 -17 46
    endloop
  endfacet
  facet normal 0 0 -1
    outer loop
      vertex 16.9353 1.48165 22
      vertex 17 17 22
      vertex 17 0 22
    endloop
  endfacet
  facet normal 0 0 -1
    outer loop
      vertex 16.7417 2.95202 22
      vertex 17 17 22
      vertex 16.9353 1.48165 22
    endloop
  endfacet
  facet normal 0 0 -1
    outer loop
      vertex 16.4207 4.39992 22
      vertex 17 17 22
      vertex 16.7417 2.95202 22
    endloop
  endfacet
  facet normal 0 0 -1
    outer loop
      vertex 15.9748 5.81434 22
      vertex 17 17 22
      vertex 16.4207 4.39992 22
    endloop
  endfacet
  facet normal 0 0 -1
    outer loop
      vertex 15.4072 7.18451 22
      vertex 17 17 22
      vertex 15.9748 5.81434 22
    endloop
  endfacet
  facet normal 0 0 -1
    outer loop
      vertex 14.7224 8.5 22
      vertex 17 17 22
      vertex 15.4072 7.18451 22
    endloop
  endfacet
  facet normal 0 0 -1
    outer loop
      vertex 13.9256 9.7508 22
      vertex 17 17 22
      vertex 14.7224 8.5 22
    endloop
  endfacet
  facet normal 0 0 -1
    outer loop
      vertex 13.0228 10.9274 22
      vertex 17 17 22
      vertex 13.9256 9.7508 22
    endloop
  endfacet
  facet normal 0 0 -1
    outer loop
      vertex 12.0208 12.0208 22
      vertex 17 17 22
      vertex 13.0228 10.9274 22
    endloop
  endfacet
  facet normal 0 0 -1
    outer loop
      vertex 10.9274 13.0228 22
      vertex 17 17 22
      vertex 12.0208 12.0208 22
    endloop
  endfacet
  facet normal 0 0 -1
    outer loop
      vertex 9.7508 13.9256 22
      vertex 17 17 22
      vertex 10.9274 13.0228 22
    endloop
  endfacet
  facet normal 0 0 -1
    outer loop
      vertex 8.5 14.7224 22
      vertex 17 17 22
      vertex 9.7508 13.9256 22
    endloop
  endfacet
  facet normal 0 0 -1
    outer loop
      vertex 7.18451 15.4072 22
      vertex 17 17 22
      vertex 8.5 14.7224 22
    endloop
  endfacet
  facet normal 0 0 -1
    outer loop
      vertex 5.81434 15.9748 22
      vertex 17 17 22
      vertex 7.18451 15.4072 22
    endloop
  endfacet
  facet normal 0 0 -1
    outer loop
      vertex 4.39992 16.4207 22
      vertex 17 17 22
      vertex 5.81434 15.9748 22
    endloop
  endfacet
  facet normal 0 0 -1
    outer loop
      vertex 2.95202 16.7417 22
      vertex 17 17 22
      vertex 4.39992 16.4207 22
    endloop
  endfacet
  facet normal 0 0 -1
    outer loop
      vertex 1.48165 16.9353 22
      vertex 17 17 22
      vertex 2.95202 16.7417 22
    endloop
  endfacet
  facet normal -0 0 -1
    outer loop
      vertex 17 17 22
      vertex 1.48165 16.9353 22
      vertex 0 17 22
    endloop
  endfacet
  facet normal 0 0 -1
    outer loop
      vertex 17 -17 22
      vertex 16.9353 -1.48165 22
      vertex 17 0 22
    endloop
  endfacet
  facet normal 0 0 -1
    outer loop
      vertex 17 -17 22
      vertex 16.7417 -2.95202 22
      vertex 16.9353 -1.48165 22
    endloop
  endfacet
  facet normal 0 0 -1
    outer loop
      vertex 17 -17 22
      vertex 16.4207 -4.39992 22
      vertex 16.7417 -2.95202 22
    endloop
  endfacet
  facet normal 0 0 -1
    outer loop
      vertex 17 -17 22
      vertex 15.9748 -5.81434 22
      vertex 16.4207 -4.39992 22
    endloop
  endfacet
  facet normal 0 0 -1
    outer loop
      vertex 17 -17 22
      vertex 15.4072 -7.18451 22
      vertex 15.9748 -5.81434 22
    endloop
  endfacet
  facet normal 0 0 -1
    outer loop
      vertex 17 -17 22
      vertex 14.7224 -8.5 22
      vertex 15.4072 -7.18451 22
    endloop
  endfacet
  facet normal 0 0 -1
    outer loop
      vertex 17 -17 22
      vertex 13.9256 -9.7508 22
      vertex 14.7224 -8.5 22
    endloop
  endfacet
  facet normal 0 0 -1
    outer loop
      vertex 17 -17 22
      vertex 13.0228 -10.9274 22
      vertex 13.9256 -9.7508 22
    endloop
  endfacet
  facet normal 0 0 -1
    outer loop
      vertex 17 -17 22
      vertex 12.0208 -12.0208 22
      vertex 13.0228 -10.9274 22
    endloop
  endfacet
  facet normal 0 0 -1
    outer loop
      vertex 17 -17 22
      vertex 10.9274 -13.0228 22
      vertex 12.0208 -12.0208 22
    endloop
  endfacet
  facet normal 0 0 -1
    outer loop
      vertex 17 -17 22
      vertex 9.7508 -13.9256 22
      vertex 10.9274 -13.0228 22
    endloop
  endfacet
  facet normal 0 0 -1
    outer loop
      vertex 17 -17 22
      vertex 8.5 -14.7224 22
      vertex 9.7508 -13.9256 22
    endloop
  endfacet
  facet normal 0 0 -1
    outer loop
      vertex 17 -17 22
      vertex 7.18451 -15.4072 22
      vertex 8.5 -14.7224 22
    endloop
  endfacet
  facet normal 0 0 -1
    outer loop
      vertex 17 -17 22
      vertex 5.81434 -15.9748 22
      vertex 7.18451 -15.4072 22
    endloop
  endfacet
  facet normal 0 0 -1
    outer loop
      vertex 17 -17 22
      vertex 4.39992 -16.4207 22
      vertex 5.81434 -15.9748 22
    endloop
  endfacet
  facet normal 0 0 -1
    outer loop
      vertex 17 -17 22
      vertex 2.95202 -16.7417 22
      vertex 4.39992 -16.4207 22
    endloop
  endfacet
  facet normal 0 0 -1
    outer loop
      vertex 17 -17 22
      vertex 1.48165 -16.9353 22
      vertex 2.95202 -16.7417 22
    endloop
  endfacet
  facet normal 0 -0 -1
    outer loop
      vertex 1.48165 -16.9353 22
      vertex 17 -17 22
      vertex 0 -17 22
    endloop
  endfacet
  facet normal 0 0 -1
    outer loop
      vertex -17 -17 22
      vertex -1.48165 -16.9353 22
      vertex 0 -17 22
    endloop
  endfacet
  facet normal 0 0 -1
    outer loop
      vertex -17 -17 22
      vertex -2.95202 -16.7417 22
      vertex -1.48165 -16.9353 22
    endloop
  endfacet
  facet normal 0 0 -1
    outer loop
      vertex -17 -17 22
      vertex -4.39992 -16.4207 22
      vertex -2.95202 -16.7417 22
    endloop
  endfacet
  facet normal 0 0 -1
    outer loop
      vertex -17 -17 22
      vertex -5.81434 -15.9748 22
      vertex -4.39992 -16.4207 22
    endloop
  endfacet
  facet normal 0 0 -1
    outer loop
      vertex -17 -17 22
      vertex -7.18451 -15.4072 22
      vertex -5.81434 -15.9748 22
    endloop
  endfacet
  facet normal 0 0 -1
    outer loop
      vertex -17 -17 22
      vertex -8.5 -14.7224 22
      vertex -7.18451 -15.4072 22
    endloop
  endfacet
  facet normal 0 0 -1
    outer loop
      vertex -17 -17 22
      vertex -9.7508 -13.9256 22
      vertex -8.5 -14.7224 22
    endloop
  endfacet
  facet normal 0 0 -1
    outer loop
      vertex -17 -17 22
      vertex -10.9274 -13.0228 22
      vertex -9.7508 -13.9256 22
    endloop
  endfacet
  facet normal 0 0 -1
    outer loop
      vertex -17 -17 22
      vertex -12.0208 -12.0208 22
      vertex -10.9274 -13.0228 22
    endloop
  endfacet
  facet normal 0 0 -1
    outer loop
      vertex -17 -17 22
      vertex -13.0228 -10.9274 22
      vertex -12.0208 -12.0208 22
    endloop
  endfacet
  facet normal 0 0 -1
    outer loop
      vertex -17 -17 22
      vertex -13.9256 -9.7508 22
      vertex -13.0228 -10.9274 22
    endloop
  endfacet
  facet normal 0 0 -1
    outer loop
      vertex -17 -17 22
      vertex -14.7224 -8.5 22
      vertex -13.9256 -9.7508 22
    endloop
  endfacet
  facet normal 0 0 -1
    outer loop
      vertex -17 -17 22
      vertex -15.4072 -7.18451 22
      vertex -14.7224 -8.5 22
    endloop
  endfacet
  facet normal 0 0 -1
    outer loop
      vertex -17 -17 22
      vertex -15.9748 -5.81434 22
      vertex -15.4072 -7.18451 22
    endloop
  endfacet
  facet normal 0 0 -1
    outer loop
      vertex -17 -17 22
      vertex -16.4207 -4.39992 22
      vertex -15.9748 -5.81434 22
    endloop
  endfacet
  facet normal 0 0 -1
    outer loop
      vertex -17 -17 22
      vertex -16.7417 -2.95202 22
      vertex -16.4207 -4.39992 22
    endloop
  endfacet
  facet normal 0 0 -1
    outer loop
      vertex -17 -17 22
      vertex -16.9353 -1.48165 22
      vertex -16.7417 -2.95202 22
    endloop
  endfacet
  facet normal -0 0 -1
    outer loop
      vertex -16.9353 -1.48165 22
      vertex -17 -17 22
      vertex -17 0 22
    endloop
  endfacet
  facet normal 0 0 -1
    outer loop
      vertex -1.48165 16.9353 22
      vertex -17 17 22
      vertex 0 17 22
    endloop
  endfacet
  facet normal 0 0 -1
    outer loop
      vertex -2.95202 16.7417 22
      vertex -17 17 22
      vertex -1.48165 16.9353 22
    endloop
  endfacet
  facet normal 0 0 -1
    outer loop
      vertex -4.39992 16.4207 22
      vertex -17 17 22
      vertex -2.95202 16.7417 22
    endloop
  endfacet
  facet normal 0 0 -1
    outer loop
      vertex -5.81434 15.9748 22
      vertex -17 17 22
      vertex -4.39992 16.4207 22
    endloop
  endfacet
  facet normal 0 0 -1
    outer loop
      vertex -7.18451 15.4072 22
      vertex -17 17 22
      vertex -5.81434 15.9748 22
    endloop
  endfacet
  facet normal 0 0 -1
    outer loop
      vertex -8.5 14.7224 22
      vertex -17 17 22
      vertex -7.18451 15.4072 22
    endloop
  endfacet
  facet normal 0 0 -1
    outer loop
      vertex -9.7508 13.9256 22
      vertex -17 17 22
      vertex -8.5 14.7224 22
    endloop
  endfacet
  facet normal 0 0 -1
    outer loop
      vertex -10.9274 13.0228 22
      vertex -17 17 22
      vertex -9.7508 13.9256 22
    endloop
  endfacet
  facet normal 0 0 -1
    outer loop
      vertex -12.0208 12.0208 22
      vertex -17 17 22
      vertex -10.9274 13.0228 22
    endloop
  endfacet
  facet normal 0 0 -1
    outer loop
      vertex -13.0228 10.9274 22
      vertex -17 17 22
      vertex -12.0208 12.0208 22
    endloop
  endfacet
  facet normal 0 0 -1
    outer loop
      vertex -13.9256 9.7508 22
      vertex -17 17 22
      vertex -13.0228 10.9274 22
    endloop
  endfacet
  facet normal 0 0 -1
    outer loop
      vertex -14.7224 8.5 22
      vertex -17 17 22
      vertex -13.9256 9.7508 22
    endloop
  endfacet
  facet normal 0 0 -1
    outer loop
      vertex -15.4072 7.18451 22
      vertex -17 17 22
      vertex -14.7224 8.5 22
    endloop
  endfacet
  facet normal 0 0 -1
    outer loop
      vertex -15.9748 5.81434 22
      vertex -17 17 22
      vertex -15.4072 7.18451 22
    endloop
  endfacet
  facet normal 0 0 -1
    outer loop
      vertex -16.4207 4.39992 22
      vertex -17 17 22
      vertex -15.9748 5.81434 22
    endloop
  endfacet
  facet normal 0 0 -1
    outer loop
      vertex -16.7417 2.95202 22
      vertex -17 17 22
      vertex -16.4207 4.39992 22
    endloop
  endfacet
  facet normal 0 0 -1
    outer loop
      vertex -16.9353 1.48165 22
      vertex -17 17 22
      vertex -16.7417 2.95202 22
    endloop
  endfacet
  facet normal 0 0 -1
    outer loop
      vertex -17 17 22
      vertex -16.9353 1.48165 22
      vertex -17 0 22
    endloop
  endfacet
  facet normal -1 0 0
    outer loop
      vertex -17 2.15773 30.4292
      vertex -17 17 22
      vertex -17 2.2 30
    endloop
  endfacet
  facet normal -1 0 0
    outer loop
      vertex -17 17 22
      vertex -17 2.15773 29.5708
      vertex -17 2.2 30
    endloop
  endfacet
  facet normal -1 0 0
    outer loop
      vertex -17 17 22
      vertex -17 2.03253 29.1581
      vertex -17 2.15773 29.5708
    endloop
  endfacet
  facet normal -1 0 0
    outer loop
      vertex -17 17 22
      vertex -17 1.82923 28.7777
      vertex -17 2.03253 29.1581
    endloop
  endfacet
  facet normal -1 0 0
    outer loop
      vertex -17 0 22
      vertex -17 1.82923 28.7777
      vertex -17 17 22
    endloop
  endfacet
  facet normal -1 0 0
    outer loop
      vertex -17 1.82923 28.7777
      vertex -17 0 22
      vertex -17 1.55563 28.4444
    endloop
  endfacet
  facet normal -1 0 0
    outer loop
      vertex -17 1.55563 28.4444
      vertex -17 0 22
      vertex -17 1.22225 28.1708
    endloop
  endfacet
  facet normal -1 0 0
    outer loop
      vertex -17 1.22225 28.1708
      vertex -17 0 22
      vertex -17 0.841903 27.9675
    endloop
  endfacet
  facet normal -1 0 0
    outer loop
      vertex -17 0.841903 27.9675
      vertex -17 0 22
      vertex -17 0.429198 27.8423
    endloop
  endfacet
  facet normal -1 0 0
    outer loop
      vertex -17 0 22
      vertex -17 0 27.8
      vertex -17 0.429198 27.8423
    endloop
  endfacet
  facet normal -1 0 0
    outer loop
      vertex -17 0 22
      vertex -17 -0.429198 27.8423
      vertex -17 0 27.8
    endloop
  endfacet
  facet normal -1 0 0
    outer loop
      vertex -17 0 22
      vertex -17 -0.841903 27.9675
      vertex -17 -0.429198 27.8423
    endloop
  endfacet
  facet normal -1 0 0
    outer loop
      vertex -17 0 22
      vertex -17 -1.22225 28.1708
      vertex -17 -0.841903 27.9675
    endloop
  endfacet
  facet normal -1 0 0
    outer loop
      vertex -17 0 22
      vertex -17 -1.55563 28.4444
      vertex -17 -1.22225 28.1708
    endloop
  endfacet
  facet normal -1 0 0
    outer loop
      vertex -17 0 22
      vertex -17 -1.82923 28.7777
      vertex -17 -1.55563 28.4444
    endloop
  endfacet
  facet normal -1 0 0
    outer loop
      vertex -17 -17 22
      vertex -17 -1.82923 28.7777
      vertex -17 0 22
    endloop
  endfacet
  facet normal -1 -0 0
    outer loop
      vertex -17 -1.82923 28.7777
      vertex -17 -17 22
      vertex -17 -2.03253 29.1581
    endloop
  endfacet
  facet normal -1 -0 0
    outer loop
      vertex -17 -2.15773 29.5708
      vertex -17 -17 22
      vertex -17 -2.2 30
    endloop
  endfacet
  facet normal -1 -0 0
    outer loop
      vertex -17 -2.03253 29.1581
      vertex -17 -17 22
      vertex -17 -2.15773 29.5708
    endloop
  endfacet
  facet normal -1 0 0
    outer loop
      vertex -17 17 22
      vertex -17 2.15773 30.4292
      vertex -17 17 46
    endloop
  endfacet
  facet normal -1 0 0
    outer loop
      vertex -17 2.03253 30.8419
      vertex -17 17 46
      vertex -17 2.15773 30.4292
    endloop
  endfacet
  facet normal -1 0 0
    outer loop
      vertex -17 1.82923 31.2223
      vertex -17 17 46
      vertex -17 2.03253 30.8419
    endloop
  endfacet
  facet normal -1 0 0
    outer loop
      vertex -17 1.55563 31.5556
      vertex -17 17 46
      vertex -17 1.82923 31.2223
    endloop
  endfacet
  facet normal -1 0 0
    outer loop
      vertex -17 1.22225 31.8292
      vertex -17 17 46
      vertex -17 1.55563 31.5556
    endloop
  endfacet
  facet normal -1 0 0
    outer loop
      vertex -17 0.841903 32.0325
      vertex -17 17 46
      vertex -17 1.22225 31.8292
    endloop
  endfacet
  facet normal -1 0 0
    outer loop
      vertex -17 0.429198 32.1577
      vertex -17 17 46
      vertex -17 0.841903 32.0325
    endloop
  endfacet
  facet normal -1 0 0
    outer loop
      vertex -17 0 32.2
      vertex -17 17 46
      vertex -17 0.429198 32.1577
    endloop
  endfacet
  facet normal -1 0 0
    outer loop
      vertex -17 -17 46
      vertex -17 0 32.2
      vertex -17 -0.429198 32.1577
    endloop
  endfacet
  facet normal -1 0 0
    outer loop
      vertex -17 -17 46
      vertex -17 -0.429198 32.1577
      vertex -17 -0.841903 32.0325
    endloop
  endfacet
  facet normal -1 0 0
    outer loop
      vertex -17 -17 46
      vertex -17 -0.841903 32.0325
      vertex -17 -1.22225 31.8292
    endloop
  endfacet
  facet normal -1 0 0
    outer loop
      vertex -17 -17 22
      vertex -17 -2.15773 30.4292
      vertex -17 -2.2 30
    endloop
  endfacet
  facet normal -1 0 0
    outer loop
      vertex -17 -17 46
      vertex -17 -2.15773 30.4292
      vertex -17 -17 22
    endloop
  endfacet
  facet normal -1 0 0
    outer loop
      vertex -17 -2.15773 30.4292
      vertex -17 -17 46
      vertex -17 -2.03253 30.8419
    endloop
  endfacet
  facet normal -1 0 0
    outer loop
      vertex -17 -2.03253 30.8419
      vertex -17 -17 46
      vertex -17 -1.82923 31.2223
    endloop
  endfacet
  facet normal -1 0 0
    outer loop
      vertex -17 -1.82923 31.2223
      vertex -17 -17 46
      vertex -17 -1.55563 31.5556
    endloop
  endfacet
  facet normal -1 0 0
    outer loop
      vertex -17 -1.55563 31.5556
      vertex -17 -17 46
      vertex -17 -1.22225 31.8292
    endloop
  endfacet
  facet normal -1 0 0
    outer loop
      vertex -17 0 32.2
      vertex -17 -17 46
      vertex -17 17 46
    endloop
  endfacet
  facet normal 0 1 0
    outer loop
      vertex 17 17 46
      vertex 0 17 40.2
      vertex -17 17 46
    endloop
  endfacet
  facet normal 0 1 0
    outer loop
      vertex 17 17 46
      vertex 0.429198 17 40.1577
      vertex 0 17 40.2
    endloop
  endfacet
  facet normal 0 1 0
    outer loop
      vertex 17 17 46
      vertex 0.841903 17 40.0325
      vertex 0.429198 17 40.1577
    endloop
  endfacet
  facet normal 0 1 0
    outer loop
      vertex 17 17 46
      vertex 1.22225 17 39.8292
      vertex 0.841903 17 40.0325
    endloop
  endfacet
  facet normal 0 1 0
    outer loop
      vertex 17 17 46
      vertex 1.55563 17 39.5556
      vertex 1.22225 17 39.8292
    endloop
  endfacet
  facet normal 0 1 0
    outer loop
      vertex 17 17 46
      vertex 1.82923 17 39.2223
      vertex 1.55563 17 39.5556
    endloop
  endfacet
  facet normal 0 1 0
    outer loop
      vertex 17 17 46
      vertex 2.03253 17 38.8419
      vertex 1.82923 17 39.2223
    endloop
  endfacet
  facet normal 0 1 0
    outer loop
      vertex 17 17 46
      vertex 2.15773 17 38.4292
      vertex 2.03253 17 38.8419
    endloop
  endfacet
  facet normal 0 1 0
    outer loop
      vertex 17 17 46
      vertex 2.2 17 38
      vertex 2.15773 17 38.4292
    endloop
  endfacet
  facet normal 0 1 0
    outer loop
      vertex 17 17 46
      vertex 2.15773 17 37.5708
      vertex 2.2 17 38
    endloop
  endfacet
  facet normal 0 1 -0
    outer loop
      vertex 17 17 22
      vertex 2.15773 17 37.5708
      vertex 17 17 46
    endloop
  endfacet
  facet normal 0 1 0
    outer loop
      vertex 2.15773 17 37.5708
      vertex 17 17 22
      vertex 2.03253 17 37.1581
    endloop
  endfacet
  facet normal 0 1 0
    outer loop
      vertex 2.03253 17 37.1581
      vertex 17 17 22
      vertex 1.82923 17 36.7777
    endloop
  endfacet
  facet normal 0 1 0
    outer loop
      vertex 1.82923 17 36.7777
      vertex 17 17 22
      vertex 1.55563 17 36.4444
    endloop
  endfacet
  facet normal 0 1 0
    outer loop
      vertex 0.841903 17 35.9675
      vertex 0 17 22
      vertex 0.429198 17 35.8423
    endloop
  endfacet
  facet normal 0 1 0
    outer loop
      vertex 1.22225 17 36.1708
      vertex 0 17 22
      vertex 0.841903 17 35.9675
    endloop
  endfacet
  facet normal 0 1 0
    outer loop
      vertex 1.55563 17 36.4444
      vertex 0 17 22
      vertex 1.22225 17 36.1708
    endloop
  endfacet
  facet normal 0 1 0
    outer loop
      vertex 0 17 22
      vertex 1.55563 17 36.4444
      vertex 17 17 22
    endloop
  endfacet
  facet normal 0 1 -0
    outer loop
      vertex -0.429198 17 40.1577
      vertex -17 17 46
      vertex 0 17 40.2
    endloop
  endfacet
  facet normal 0 1 -0
    outer loop
      vertex -0.841903 17 40.0325
      vertex -17 17 46
      vertex -0.429198 17 40.1577
    endloop
  endfacet
  facet normal 0 1 -0
    outer loop
      vertex -1.22225 17 39.8292
      vertex -17 17 46
      vertex -0.841903 17 40.0325
    endloop
  endfacet
  facet normal 0 1 -0
    outer loop
      vertex -1.55563 17 39.5556
      vertex -17 17 46
      vertex -1.22225 17 39.8292
    endloop
  endfacet
  facet normal 0 1 -0
    outer loop
      vertex -1.82923 17 39.2223
      vertex -17 17 46
      vertex -1.55563 17 39.5556
    endloop
  endfacet
  facet normal 0 1 -0
    outer loop
      vertex -2.03253 17 38.8419
      vertex -17 17 46
      vertex -1.82923 17 39.2223
    endloop
  endfacet
  facet normal 0 1 -0
    outer loop
      vertex -2.15773 17 38.4292
      vertex -17 17 46
      vertex -2.03253 17 38.8419
    endloop
  endfacet
  facet normal 0 1 -0
    outer loop
      vertex -2.2 17 38
      vertex -17 17 46
      vertex -2.15773 17 38.4292
    endloop
  endfacet
  facet normal 0 1 0
    outer loop
      vertex -2.15773 17 37.5708
      vertex -17 17 46
      vertex -2.2 17 38
    endloop
  endfacet
  facet normal 0 1 0
    outer loop
      vertex -17 17 22
      vertex -2.15773 17 37.5708
      vertex -2.03253 17 37.1581
    endloop
  endfacet
  facet normal 0 1 0
    outer loop
      vertex -17 17 22
      vertex -2.03253 17 37.1581
      vertex -1.82923 17 36.7777
    endloop
  endfacet
  facet normal 0 1 0
    outer loop
      vertex -17 17 22
      vertex -1.82923 17 36.7777
      vertex -1.55563 17 36.4444
    endloop
  endfacet
  facet normal 0 1 0
    outer loop
      vertex 0 17 22
      vertex -1.55563 17 36.4444
      vertex -1.22225 17 36.1708
    endloop
  endfacet
  facet normal 0 1 0
    outer loop
      vertex 0.429198 17 35.8423
      vertex 0 17 22
      vertex 0 17 35.8
    endloop
  endfacet
  facet normal 0 1 0
    outer loop
      vertex 0 17 35.8
      vertex 0 17 22
      vertex -0.429198 17 35.8423
    endloop
  endfacet
  facet normal 0 1 0
    outer loop
      vertex -0.429198 17 35.8423
      vertex 0 17 22
      vertex -0.841903 17 35.9675
    endloop
  endfacet
  facet normal 0 1 0
    outer loop
      vertex -0.841903 17 35.9675
      vertex 0 17 22
      vertex -1.22225 17 36.1708
    endloop
  endfacet
  facet normal 0 1 0
    outer loop
      vertex -1.55563 17 36.4444
      vertex 0 17 22
      vertex -17 17 22
    endloop
  endfacet
  facet normal 0 1 0
    outer loop
      vertex -2.15773 17 37.5708
      vertex -17 17 22
      vertex -17 17 46
    endloop
  endfacet
  facet normal 0 -1 0
    outer loop
      vertex -17 -17 46
      vertex 0 -17 40.2
      vertex 17 -17 46
    endloop
  endfacet
  facet normal 0 -1 0
    outer loop
      vertex -17 -17 46
      vertex -0.429198 -17 40.1577
      vertex 0 -17 40.2
    endloop
  endfacet
  facet normal 0 -1 0
    outer loop
      vertex -17 -17 46
      vertex -0.841903 -17 40.0325
      vertex -0.429198 -17 40.1577
    endloop
  endfacet
  facet normal 0 -1 0
    outer loop
      vertex -17 -17 46
      vertex -1.22225 -17 39.8292
      vertex -0.841903 -17 40.0325
    endloop
  endfacet
  facet normal 0 -1 0
    outer loop
      vertex -17 -17 46
      vertex -1.55563 -17 39.5556
      vertex -1.22225 -17 39.8292
    endloop
  endfacet
  facet normal 0 -1 0
    outer loop
      vertex -17 -17 46
      vertex -1.82923 -17 39.2223
      vertex -1.55563 -17 39.5556
    endloop
  endfacet
  facet normal 0 -1 0
    outer loop
      vertex -17 -17 46
      vertex -2.03253 -17 38.8419
      vertex -1.82923 -17 39.2223
    endloop
  endfacet
  facet normal 0 -1 0
    outer loop
      vertex -17 -17 46
      vertex -2.15773 -17 38.4292
      vertex -2.03253 -17 38.8419
    endloop
  endfacet
  facet normal 0 -1 0
    outer loop
      vertex -17 -17 46
      vertex -2.2 -17 38
      vertex -2.15773 -17 38.4292
    endloop
  endfacet
  facet normal 0 -1 0
    outer loop
      vertex -17 -17 46
      vertex -2.15773 -17 37.5708
      vertex -2.2 -17 38
    endloop
  endfacet
  facet normal 0 -1 0
    outer loop
      vertex -17 -17 22
      vertex -2.15773 -17 37.5708
      vertex -17 -17 46
    endloop
  endfacet
  facet normal 0 -1 -0
    outer loop
      vertex -2.15773 -17 37.5708
      vertex -17 -17 22
      vertex -2.03253 -17 37.1581
    endloop
  endfacet
  facet normal 0 -1 -0
    outer loop
      vertex -2.03253 -17 37.1581
      vertex -17 -17 22
      vertex -1.82923 -17 36.7777
    endloop
  endfacet
  facet normal 0 -1 -0
    outer loop
      vertex -1.82923 -17 36.7777
      vertex -17 -17 22
      vertex -1.55563 -17 36.4444
    endloop
  endfacet
  facet normal 0 -1 0
    outer loop
      vertex -0.841903 -17 35.9675
      vertex 0 -17 22
      vertex -0.429198 -17 35.8423
    endloop
  endfacet
  facet normal 0 -1 0
    outer loop
      vertex -1.22225 -17 36.1708
      vertex 0 -17 22
      vertex -0.841903 -17 35.9675
    endloop
  endfacet
  facet normal 0 -1 0
    outer loop
      vertex -1.55563 -17 36.4444
      vertex 0 -17 22
      vertex -1.22225 -17 36.1708
    endloop
  endfacet
  facet normal 0 -1 0
    outer loop
      vertex 0 -17 22
      vertex -1.55563 -17 36.4444
      vertex -17 -17 22
    endloop
  endfacet
  facet normal 0 -1 0
    outer loop
      vertex 0.429198 -17 40.1577
      vertex 17 -17 46
      vertex 0 -17 40.2
    endloop
  endfacet
  facet normal 0 -1 0
    outer loop
      vertex 0.841903 -17 40.0325
      vertex 17 -17 46
      vertex 0.429198 -17 40.1577
    endloop
  endfacet
  facet normal 0 -1 0
    outer loop
      vertex 1.22225 -17 39.8292
      vertex 17 -17 46
      vertex 0.841903 -17 40.0325
    endloop
  endfacet
  facet normal 0 -1 0
    outer loop
      vertex 1.55563 -17 39.5556
      vertex 17 -17 46
      vertex 1.22225 -17 39.8292
    endloop
  endfacet
  facet normal 0 -1 0
    outer loop
      vertex 1.82923 -17 39.2223
      vertex 17 -17 46
      vertex 1.55563 -17 39.5556
    endloop
  endfacet
  facet normal 0 -1 0
    outer loop
      vertex 2.03253 -17 38.8419
      vertex 17 -17 46
      vertex 1.82923 -17 39.2223
    endloop
  endfacet
  facet normal 0 -1 0
    outer loop
      vertex 2.15773 -17 38.4292
      vertex 17 -17 46
      vertex 2.03253 -17 38.8419
    endloop
  endfacet
  facet normal 0 -1 0
    outer loop
      vertex 2.2 -17 38
      vertex 17 -17 46
      vertex 2.15773 -17 38.4292
    endloop
  endfacet
  facet normal 0 -1 0
    outer loop
      vertex 2.15773 -17 37.5708
      vertex 17 -17 46
      vertex 2.2 -17 38
    endloop
  endfacet
  facet normal 0 -1 0
    outer loop
      vertex 17 -17 22
      vertex 2.15773 -17 37.5708
      vertex 2.03253 -17 37.1581
    endloop
  endfacet
  facet normal 0 -1 0
    outer loop
      vertex 17 -17 22
      vertex 2.03253 -17 37.1581
      vertex 1.82923 -17 36.7777
    endloop
  endfacet
  facet normal 0 -1 0
    outer loop
      vertex 17 -17 22
      vertex 1.82923 -17 36.7777
      vertex 1.55563 -17 36.4444
    endloop
  endfacet
  facet normal 0 -1 0
    outer loop
      vertex 0 -17 22
      vertex 1.55563 -17 36.4444
      vertex 1.22225 -17 36.1708
    endloop
  endfacet
  facet normal 0 -1 0
    outer loop
      vertex -0.429198 -17 35.8423
      vertex 0 -17 22
      vertex 0 -17 35.8
    endloop
  endfacet
  facet normal 0 -1 0
    outer loop
      vertex 0 -17 35.8
      vertex 0 -17 22
      vertex 0.429198 -17 35.8423
    endloop
  endfacet
  facet normal 0 -1 -0
    outer loop
      vertex 0.429198 -17 35.8423
      vertex 0 -17 22
      vertex 0.841903 -17 35.9675
    endloop
  endfacet
  facet normal 0 -1 -0
    outer loop
      vertex 0.841903 -17 35.9675
      vertex 0 -17 22
      vertex 1.22225 -17 36.1708
    endloop
  endfacet
  facet normal 0 -1 -0
    outer loop
      vertex 1.55563 -17 36.4444
      vertex 0 -17 22
      vertex 17 -17 22
    endloop
  endfacet
  facet normal 0 -1 0
    outer loop
      vertex 2.15773 -17 37.5708
      vertex 17 -17 22
      vertex 17 -17 46
    endloop
  endfacet
  facet normal 0.923825 0.382815 0
    outer loop
      vertex 10.5278 3.15 46
      vertex 10.3579 3.56001 22
      vertex 10.3579 3.56001 46
    endloop
  endfacet
  facet normal 0.923825 0.382815 0
    outer loop
      vertex 10.3579 3.56001 22
      vertex 10.5278 3.15 46
      vertex 10.5278 3.15 22
    endloop
  endfacet
  facet normal -0.923825 -0.382815 0
    outer loop
      vertex 13.6421 4.43999 0
      vertex 13.4722 4.85 46
      vertex 13.4722 4.85 0
    endloop
  endfacet
  facet normal -0.923825 -0.382815 0
    outer loop
      vertex 13.4722 4.85 46
      vertex 13.6421 4.43999 0
      vertex 13.6421 4.43999 46
    endloop
  endfacet
  facet normal -0.991452 -0.130469 0
    outer loop
      vertex 13.7 4 0
      vertex 13.6421 4.43999 46
      vertex 13.6421 4.43999 0
    endloop
  endfacet
  facet normal -0.991452 -0.130469 0
    outer loop
      vertex 13.6421 4.43999 46
      vertex 13.7 4 0
      vertex 13.7 4 46
    endloop
  endfacet
  facet normal -0.793419 -0.608676 0
    outer loop
      vertex 13.4722 4.85 0
      vertex 13.2021 5.20208 46
      vertex 13.2021 5.20208 0
    endloop
  endfacet
  facet normal -0.793419 -0.608676 0
    outer loop
      vertex 13.2021 5.20208 46
      vertex 13.4722 4.85 0
      vertex 13.4722 4.85 46
    endloop
  endfacet
  facet normal -0.608739 -0.793371 0
    outer loop
      vertex 12.85 5.47224 0
      vertex 13.2021 5.20208 46
      vertex 12.85 5.47224 46
    endloop
  endfacet
  facet normal -0.608739 -0.793371 -0
    outer loop
      vertex 13.2021 5.20208 46
      vertex 12.85 5.47224 0
      vertex 13.2021 5.20208 0
    endloop
  endfacet
  facet normal -0.130533 -0.991444 0
    outer loop
      vertex 12 5.7 0
      vertex 12.44 5.64207 46
      vertex 12 5.7 46
    endloop
  endfacet
  facet normal -0.130533 -0.991444 -0
    outer loop
      vertex 12.44 5.64207 46
      vertex 12 5.7 0
      vertex 12.44 5.64207 0
    endloop
  endfacet
  facet normal 0.991452 -0.130469 0
    outer loop
      vertex 10.3 4 46
      vertex 10.3579 4.43999 22
      vertex 10.3579 4.43999 46
    endloop
  endfacet
  facet normal 0.991452 -0.130469 0
    outer loop
      vertex 10.3579 4.43999 22
      vertex 10.3 4 46
      vertex 10.3 4 22
    endloop
  endfacet
  facet normal 0.382688 0.923878 -0
    outer loop
      vertex 11.56 2.35793 22
      vertex 11.15 2.52776 46
      vertex 11.56 2.35793 46
    endloop
  endfacet
  facet normal 0.382688 0.923878 0
    outer loop
      vertex 11.15 2.52776 46
      vertex 11.56 2.35793 22
      vertex 11.15 2.52776 22
    endloop
  endfacet
  facet normal -0.382688 0.923878 -3.07959e-08
    outer loop
      vertex 12.85 2.52776 46
      vertex 12.7516 2.487 22
      vertex 12.44 2.35793 46
    endloop
  endfacet
  facet normal -0.382695 0.923875 0
    outer loop
      vertex 12.85 2.52776 0
      vertex 12.7516 2.487 22
      vertex 12.85 2.52776 46
    endloop
  endfacet
  facet normal -0.382695 0.923875 0
    outer loop
      vertex 12.7516 2.487 22
      vertex 12.85 2.52776 0
      vertex 12.7516 2.487 0
    endloop
  endfacet
  facet normal -0.382686 0.923878 0
    outer loop
      vertex 12.44 2.35793 46
      vertex 12.7516 2.487 22
      vertex 12.44 2.35793 22
    endloop
  endfacet
  facet normal 0.382688 -0.923878 0
    outer loop
      vertex 11.15 5.47224 22
      vertex 11.56 5.64207 46
      vertex 11.15 5.47224 46
    endloop
  endfacet
  facet normal 0.382688 -0.923878 0
    outer loop
      vertex 11.56 5.64207 46
      vertex 11.15 5.47224 22
      vertex 11.56 5.64207 22
    endloop
  endfacet
  facet normal 0.608739 -0.793371 0
    outer loop
      vertex 10.7979 5.20208 22
      vertex 11.15 5.47224 46
      vertex 10.7979 5.20208 46
    endloop
  endfacet
  facet normal 0.608739 -0.793371 0
    outer loop
      vertex 11.15 5.47224 46
      vertex 10.7979 5.20208 22
      vertex 11.15 5.47224 22
    endloop
  endfacet
  facet normal -0.991452 0.130469 0
    outer loop
      vertex 13.6421 3.56001 0
      vertex 13.7 4 46
      vertex 13.7 4 0
    endloop
  endfacet
  facet normal -0.991452 0.130469 0
    outer loop
      vertex 13.7 4 46
      vertex 13.6421 3.56001 0
      vertex 13.6421 3.56001 46
    endloop
  endfacet
  facet normal -0.382688 -0.923878 0
    outer loop
      vertex 12.44 5.64207 0
      vertex 12.85 5.47224 46
      vertex 12.44 5.64207 46
    endloop
  endfacet
  facet normal -0.382688 -0.923878 -0
    outer loop
      vertex 12.85 5.47224 46
      vertex 12.44 5.64207 0
      vertex 12.85 5.47224 0
    endloop
  endfacet
  facet normal 0.130583 -0.991437 0
    outer loop
      vertex 11.6956 5.65993 22
      vertex 11.56 5.64207 46
      vertex 11.56 5.64207 22
    endloop
  endfacet
  facet normal 0.130533 -0.991444 -2.90298e-07
    outer loop
      vertex 11.56 5.64207 46
      vertex 11.6956 5.65993 22
      vertex 12 5.7 46
    endloop
  endfacet
  facet normal 0.13051 -0.991447 0
    outer loop
      vertex 12 5.7 0
      vertex 11.6956 5.65993 22
      vertex 11.6956 5.65993 0
    endloop
  endfacet
  facet normal 0.13051 -0.991447 0
    outer loop
      vertex 11.6956 5.65993 22
      vertex 12 5.7 0
      vertex 12 5.7 46
    endloop
  endfacet
  facet normal -0.793419 0.608676 0
    outer loop
      vertex 13.2021 2.79792 0
      vertex 13.4722 3.15 46
      vertex 13.4722 3.15 0
    endloop
  endfacet
  facet normal -0.793419 0.608676 0
    outer loop
      vertex 13.4722 3.15 46
      vertex 13.2021 2.79792 0
      vertex 13.2021 2.79792 46
    endloop
  endfacet
  facet normal 0.923825 -0.382815 0
    outer loop
      vertex 10.3579 4.43999 46
      vertex 10.5278 4.85 22
      vertex 10.5278 4.85 46
    endloop
  endfacet
  facet normal 0.923825 -0.382815 0
    outer loop
      vertex 10.5278 4.85 22
      vertex 10.3579 4.43999 46
      vertex 10.3579 4.43999 22
    endloop
  endfacet
  facet normal -0.130533 0.991444 0
    outer loop
      vertex 12.44 2.35793 22
      vertex 12 2.3 46
      vertex 12.44 2.35793 46
    endloop
  endfacet
  facet normal -0.130533 0.991444 0
    outer loop
      vertex 12 2.3 46
      vertex 12.44 2.35793 22
      vertex 12 2.3 22
    endloop
  endfacet
  facet normal 0.608739 0.793371 -0
    outer loop
      vertex 11.15 2.52776 22
      vertex 10.7979 2.79792 46
      vertex 11.15 2.52776 46
    endloop
  endfacet
  facet normal 0.608739 0.793371 0
    outer loop
      vertex 10.7979 2.79792 46
      vertex 11.15 2.52776 22
      vertex 10.7979 2.79792 22
    endloop
  endfacet
  facet normal 0.991452 0.130469 0
    outer loop
      vertex 10.3579 3.56001 46
      vertex 10.3 4 22
      vertex 10.3 4 46
    endloop
  endfacet
  facet normal 0.991452 0.130469 0
    outer loop
      vertex 10.3 4 22
      vertex 10.3579 3.56001 46
      vertex 10.3579 3.56001 22
    endloop
  endfacet
  facet normal -0.608739 0.793371 0
    outer loop
      vertex 13.2021 2.79792 0
      vertex 12.85 2.52776 46
      vertex 13.2021 2.79792 46
    endloop
  endfacet
  facet normal -0.608739 0.793371 0
    outer loop
      vertex 12.85 2.52776 46
      vertex 13.2021 2.79792 0
      vertex 12.85 2.52776 0
    endloop
  endfacet
  facet normal 0.793419 0.608676 0
    outer loop
      vertex 10.7979 2.79792 46
      vertex 10.5278 3.15 22
      vertex 10.5278 3.15 46
    endloop
  endfacet
  facet normal 0.793419 0.608676 0
    outer loop
      vertex 10.5278 3.15 22
      vertex 10.7979 2.79792 46
      vertex 10.7979 2.79792 22
    endloop
  endfacet
  facet normal -0.923825 0.382815 0
    outer loop
      vertex 13.4722 3.15 0
      vertex 13.6421 3.56001 46
      vertex 13.6421 3.56001 0
    endloop
  endfacet
  facet normal -0.923825 0.382815 0
    outer loop
      vertex 13.6421 3.56001 46
      vertex 13.4722 3.15 0
      vertex 13.4722 3.15 46
    endloop
  endfacet
  facet normal 0.130533 0.991444 -0
    outer loop
      vertex 12 2.3 22
      vertex 11.56 2.35793 46
      vertex 12 2.3 46
    endloop
  endfacet
  facet normal 0.130533 0.991444 0
    outer loop
      vertex 11.56 2.35793 46
      vertex 12 2.3 22
      vertex 11.56 2.35793 22
    endloop
  endfacet
  facet normal 0.793419 -0.608676 0
    outer loop
      vertex 10.5278 4.85 46
      vertex 10.7979 5.20208 22
      vertex 10.7979 5.20208 46
    endloop
  endfacet
  facet normal 0.793419 -0.608676 0
    outer loop
      vertex 10.7979 5.20208 22
      vertex 10.5278 4.85 46
      vertex 10.5278 4.85 22
    endloop
  endfacet
  facet normal -0.999047 0.0436469 0
    outer loop
      vertex 12.9505 -1.13302 0
      vertex 13 0 22
      vertex 13 0 0
    endloop
  endfacet
  facet normal -0.999047 0.0436469 0
    outer loop
      vertex 13 0 22
      vertex 12.9505 -1.13302 0
      vertex 12.9505 -1.13302 22
    endloop
  endfacet
  facet normal -0.991448 -0.130499 0
    outer loop
      vertex 12.9505 1.13302 0
      vertex 12.8025 2.25743 22
      vertex 12.8025 2.25743 0
    endloop
  endfacet
  facet normal -0.991448 -0.130499 0
    outer loop
      vertex 12.8025 2.25743 22
      vertex 12.9505 1.13302 0
      vertex 12.9505 1.13302 22
    endloop
  endfacet
  facet normal -0.999047 -0.0436469 0
    outer loop
      vertex 13 0 0
      vertex 12.9505 1.13302 22
      vertex 12.9505 1.13302 0
    endloop
  endfacet
  facet normal -0.999047 -0.0436469 0
    outer loop
      vertex 12.9505 1.13302 22
      vertex 13 0 0
      vertex 13 0 22
    endloop
  endfacet
  facet normal -0.976291 -0.216462 0
    outer loop
      vertex 12.8025 2.25743 0
      vertex 12.7516 2.487 22
      vertex 12.7516 2.487 0
    endloop
  endfacet
  facet normal -0.976291 -0.216462 0
    outer loop
      vertex 12.7516 2.487 22
      vertex 12.8025 2.25743 0
      vertex 12.8025 2.25743 22
    endloop
  endfacet
  facet normal 0.130499 -0.991448 0
    outer loop
      vertex -2.25743 12.8025 0
      vertex -1.13302 12.9505 22
      vertex -2.25743 12.8025 22
    endloop
  endfacet
  facet normal 0.130499 -0.991448 0
    outer loop
      vertex -1.13302 12.9505 22
      vertex -2.25743 12.8025 0
      vertex -1.13302 12.9505 0
    endloop
  endfacet
  facet normal -0.0436469 -0.999047 0
    outer loop
      vertex 0 13 0
      vertex 1.13302 12.9505 22
      vertex 0 13 22
    endloop
  endfacet
  facet normal -0.0436469 -0.999047 -0
    outer loop
      vertex 1.13302 12.9505 22
      vertex 0 13 0
      vertex 1.13302 12.9505 0
    endloop
  endfacet
  facet normal -0.216469 0.976289 0
    outer loop
      vertex 3.36465 -12.557 0
      vertex 2.25743 -12.8025 22
      vertex 3.36465 -12.557 22
    endloop
  endfacet
  facet normal -0.216469 0.976289 0
    outer loop
      vertex 2.25743 -12.8025 22
      vertex 3.36465 -12.557 0
      vertex 2.25743 -12.8025 0
    endloop
  endfacet
  facet normal 0.608771 -0.793346 0
    outer loop
      vertex -8.35624 9.95858 0
      vertex -7.45649 10.649 22
      vertex -8.35624 9.95858 22
    endloop
  endfacet
  facet normal 0.608771 -0.793346 0
    outer loop
      vertex -7.45649 10.649 22
      vertex -8.35624 9.95858 0
      vertex -7.45649 10.649 0
    endloop
  endfacet
  facet normal 0.737277 -0.67559 0
    outer loop
      vertex -9.95858 8.35624 22
      vertex -9.19239 9.19239 0
      vertex -9.19239 9.19239 22
    endloop
  endfacet
  facet normal 0.737277 -0.67559 0
    outer loop
      vertex -9.19239 9.19239 0
      vertex -9.95858 8.35624 22
      vertex -9.95858 8.35624 0
    endloop
  endfacet
  facet normal -0.130499 0.991448 0
    outer loop
      vertex 2.25743 -12.8025 0
      vertex 1.13302 -12.9505 22
      vertex 2.25743 -12.8025 22
    endloop
  endfacet
  facet normal -0.130499 0.991448 0
    outer loop
      vertex 1.13302 -12.9505 22
      vertex 2.25743 -12.8025 0
      vertex 1.13302 -12.9505 0
    endloop
  endfacet
  facet normal 0.843412 0.537267 0
    outer loop
      vertex -10.649 -7.45649 22
      vertex -11.2583 -6.5 0
      vertex -11.2583 -6.5 22
    endloop
  endfacet
  facet normal 0.843412 0.537267 0
    outer loop
      vertex -11.2583 -6.5 0
      vertex -10.649 -7.45649 22
      vertex -10.649 -7.45649 0
    endloop
  endfacet
  facet normal -0.46177 0.887 0
    outer loop
      vertex 6.5 -11.2583 0
      vertex 5.49404 -11.782 22
      vertex 6.5 -11.2583 22
    endloop
  endfacet
  facet normal -0.46177 0.887 0
    outer loop
      vertex 5.49404 -11.782 22
      vertex 6.5 -11.2583 0
      vertex 5.49404 -11.782 0
    endloop
  endfacet
  facet normal -0.737277 0.67559 0
    outer loop
      vertex 9.19239 -9.19239 0
      vertex 9.95858 -8.35624 22
      vertex 9.95858 -8.35624 0
    endloop
  endfacet
  facet normal -0.737277 0.67559 0
    outer loop
      vertex 9.95858 -8.35624 22
      vertex 9.19239 -9.19239 0
      vertex 9.19239 -9.19239 22
    endloop
  endfacet
  facet normal -0.923881 0.38268 0
    outer loop
      vertex 11.782 -5.49404 0
      vertex 12.216 -4.44626 22
      vertex 12.216 -4.44626 0
    endloop
  endfacet
  facet normal -0.923881 0.38268 0
    outer loop
      vertex 12.216 -4.44626 22
      vertex 11.782 -5.49404 0
      vertex 11.782 -5.49404 22
    endloop
  endfacet
  facet normal -0.67559 -0.737277 2.58662e-07
    outer loop
      vertex 9.07983 9.29553 15.7433
      vertex 9.19239 9.19239 22
      vertex 8.35624 9.95858 22
    endloop
  endfacet
  facet normal -0.675582 -0.737285 -0
    outer loop
      vertex 9.19239 9.19239 22
      vertex 9.07983 9.29553 15.7433
      vertex 9.19239 9.19239 15.75
    endloop
  endfacet
  facet normal -0.675575 -0.737291 3.35789e-06
    outer loop
      vertex 8.35624 9.95858 22
      vertex 8.96813 9.39788 15.7234
      vertex 9.07983 9.29553 15.7433
    endloop
  endfacet
  facet normal -0.675603 -0.737266 -1.5687e-06
    outer loop
      vertex 8.35624 9.95858 22
      vertex 8.85813 9.49868 15.6904
      vertex 8.96813 9.39788 15.7234
    endloop
  endfacet
  facet normal -0.675591 -0.737277 1.74169e-07
    outer loop
      vertex 8.35624 9.95858 22
      vertex 8.75068 9.59714 15.6445
      vertex 8.85813 9.49868 15.6904
    endloop
  endfacet
  facet normal -0.675587 -0.73728 6.48737e-07
    outer loop
      vertex 8.35624 9.95858 22
      vertex 8.64659 9.69252 15.586
      vertex 8.75068 9.59714 15.6445
    endloop
  endfacet
  facet normal -0.675594 -0.737274 2.93161e-08
    outer loop
      vertex 8.35624 9.95858 22
      vertex 8.54666 9.78409 15.5155
      vertex 8.64659 9.69252 15.586
    endloop
  endfacet
  facet normal -0.675554 -0.737311 2.23503e-06
    outer loop
      vertex 8.35624 9.95858 22
      vertex 8.45163 9.87116 15.4335
      vertex 8.54666 9.78409 15.5155
    endloop
  endfacet
  facet normal -0.675628 -0.737243 2.53306e-07
    outer loop
      vertex 8.35624 9.95858 22
      vertex 8.36225 9.95307 15.3406
      vertex 8.45163 9.87116 15.4335
    endloop
  endfacet
  facet normal -0.67578 -0.737103 0
    outer loop
      vertex 8.36225 9.95307 15.3406
      vertex 8.35624 9.95858 22
      vertex 8.35624 9.95858 15.3331
    endloop
  endfacet
  facet normal -0.67578 -0.737103 0
    outer loop
      vertex 8.35624 9.95858 0
      vertex 8.36225 9.95307 12.6594
      vertex 8.35624 9.95858 12.6669
    endloop
  endfacet
  facet normal -0.675628 -0.737243 -1.33309e-07
    outer loop
      vertex 8.35624 9.95858 0
      vertex 8.45163 9.87116 12.5665
      vertex 8.36225 9.95307 12.6594
    endloop
  endfacet
  facet normal -0.675553 -0.737311 -1.17484e-06
    outer loop
      vertex 8.35624 9.95858 0
      vertex 8.54666 9.78409 12.4845
      vertex 8.45163 9.87116 12.5665
    endloop
  endfacet
  facet normal -0.675594 -0.737274 -1.53769e-08
    outer loop
      vertex 8.35624 9.95858 0
      vertex 8.64659 9.69252 12.414
      vertex 8.54666 9.78409 12.4845
    endloop
  endfacet
  facet normal -0.675587 -0.73728 -3.39254e-07
    outer loop
      vertex 8.35624 9.95858 0
      vertex 8.75068 9.59714 12.3555
      vertex 8.64659 9.69252 12.414
    endloop
  endfacet
  facet normal -0.675591 -0.737277 -9.0728e-08
    outer loop
      vertex 8.35624 9.95858 0
      vertex 8.85813 9.49868 12.3096
      vertex 8.75068 9.59714 12.3555
    endloop
  endfacet
  facet normal -0.675603 -0.737266 8.13316e-07
    outer loop
      vertex 8.35624 9.95858 0
      vertex 8.96813 9.39788 12.2766
      vertex 8.85813 9.49868 12.3096
    endloop
  endfacet
  facet normal -0.675575 -0.737291 -1.73122e-06
    outer loop
      vertex 8.35624 9.95858 0
      vertex 9.07983 9.29553 12.2567
      vertex 8.96813 9.39788 12.2766
    endloop
  endfacet
  facet normal -0.675582 -0.737285 -9.77428e-07
    outer loop
      vertex 8.35624 9.95858 0
      vertex 9.19239 9.19239 12.25
      vertex 9.07983 9.29553 12.2567
    endloop
  endfacet
  facet normal -0.67559 -0.737277 -0
    outer loop
      vertex 9.19239 9.19239 12.25
      vertex 8.35624 9.95858 0
      vertex 9.19239 9.19239 0
    endloop
  endfacet
  facet normal 0.976289 -0.216469 0
    outer loop
      vertex -12.8025 2.25743 22
      vertex -12.557 3.36465 0
      vertex -12.557 3.36465 22
    endloop
  endfacet
  facet normal 0.976289 -0.216469 0
    outer loop
      vertex -12.557 3.36465 0
      vertex -12.8025 2.25743 22
      vertex -12.8025 2.25743 0
    endloop
  endfacet
  facet normal 0.38268 0.923881 -0
    outer loop
      vertex -4.44626 -12.216 0
      vertex -5.49404 -11.782 22
      vertex -4.44626 -12.216 22
    endloop
  endfacet
  facet normal 0.38268 0.923881 0
    outer loop
      vertex -5.49404 -11.782 22
      vertex -4.44626 -12.216 0
      vertex -5.49404 -11.782 0
    endloop
  endfacet
  facet normal -0.843412 -0.537267 0
    outer loop
      vertex 11.2583 6.5 0
      vertex 10.649 7.45649 22
      vertex 10.649 7.45649 0
    endloop
  endfacet
  facet normal -0.843412 -0.537267 0
    outer loop
      vertex 10.649 7.45649 22
      vertex 11.2583 6.5 0
      vertex 11.2583 6.5 22
    endloop
  endfacet
  facet normal -0.38268 -0.923881 0
    outer loop
      vertex 4.44626 12.216 0
      vertex 5.49404 11.782 22
      vertex 4.44626 12.216 22
    endloop
  endfacet
  facet normal -0.38268 -0.923881 -0
    outer loop
      vertex 5.49404 11.782 22
      vertex 4.44626 12.216 0
      vertex 5.49404 11.782 0
    endloop
  endfacet
  facet normal 0.0436469 -0.999047 0
    outer loop
      vertex -1.13302 12.9505 0
      vertex 0 13 22
      vertex -1.13302 12.9505 22
    endloop
  endfacet
  facet normal 0.0436469 -0.999047 0
    outer loop
      vertex 0 13 22
      vertex -1.13302 12.9505 0
      vertex 0 13 0
    endloop
  endfacet
  facet normal -0.608771 -0.793346 0
    outer loop
      vertex 7.45649 10.649 22
      vertex 8.35624 9.95858 15.3331
      vertex 8.35624 9.95858 22
    endloop
  endfacet
  facet normal -0.608814 -0.793313 -9.1022e-06
    outer loop
      vertex 7.45649 10.649 22
      vertex 8.27269 10.0227 15.2374
      vertex 8.35624 9.95858 15.3331
    endloop
  endfacet
  facet normal -0.608619 -0.793462 2.81754e-05
    outer loop
      vertex 7.45649 10.649 22
      vertex 8.19016 10.086 15.1249
      vertex 8.27269 10.0227 15.2374
    endloop
  endfacet
  facet normal -0.608959 -0.793202 -2.94033e-05
    outer loop
      vertex 7.45649 10.649 22
      vertex 8.11579 10.1431 15.0038
      vertex 8.19016 10.086 15.1249
    endloop
  endfacet
  facet normal -0.608329 -0.793685 6.48865e-05
    outer loop
      vertex 7.45649 10.649 22
      vertex 8.05015 10.1934 14.875
      vertex 8.11579 10.1431 15.0038
    endloop
  endfacet
  facet normal -0.608882 -0.793261 -8.35855e-06
    outer loop
      vertex 7.45649 10.649 22
      vertex 7.99374 10.2367 14.7396
      vertex 8.05015 10.1934 14.875
    endloop
  endfacet
  facet normal -0.60901 -0.793162 -2.33997e-05
    outer loop
      vertex 7.45649 10.649 22
      vertex 7.94699 10.2726 14.5985
      vertex 7.99374 10.2367 14.7396
    endloop
  endfacet
  facet normal -0.608857 -0.79328 -7.31019e-06
    outer loop
      vertex 7.45649 10.649 22
      vertex 7.91025 10.3008 14.4529
      vertex 7.94699 10.2726 14.5985
    endloop
  endfacet
  facet normal -0.608934 -0.793221 -1.46081e-05
    outer loop
      vertex 7.45649 10.649 22
      vertex 7.88381 10.3211 14.3039
      vertex 7.91025 10.3008 14.4529
    endloop
  endfacet
  facet normal -0.607966 -0.793963 7.07391e-05
    outer loop
      vertex 7.45649 10.649 22
      vertex 7.86786 10.3333 14.1525
      vertex 7.88381 10.3211 14.3039
    endloop
  endfacet
  facet normal -0.609462 -0.792816 -5.38218e-05
    outer loop
      vertex 7.45649 10.649 22
      vertex 7.86254 10.3374 14
      vertex 7.86786 10.3333 14.1525
    endloop
  endfacet
  facet normal -0.608794 -0.793328 0
    outer loop
      vertex 7.45649 10.649 0
      vertex 7.86254 10.3374 14
      vertex 7.45649 10.649 22
    endloop
  endfacet
  facet normal -0.609689 -0.792641 4.12177e-05
    outer loop
      vertex 7.86254 10.3374 14
      vertex 7.45649 10.649 0
      vertex 7.86786 10.3333 13.8475
    endloop
  endfacet
  facet normal -0.607823 -0.794073 -4.68368e-05
    outer loop
      vertex 7.45649 10.649 0
      vertex 7.88381 10.3211 13.6961
      vertex 7.86786 10.3333 13.8475
    endloop
  endfacet
  facet normal -0.608953 -0.793206 9.16537e-06
    outer loop
      vertex 7.45649 10.649 0
      vertex 7.91025 10.3008 13.5471
      vertex 7.88381 10.3211 13.6961
    endloop
  endfacet
  facet normal -0.608865 -0.793274 4.45189e-06
    outer loop
      vertex 7.45649 10.649 0
      vertex 7.94699 10.2726 13.4015
      vertex 7.91025 10.3008 13.5471
    endloop
  endfacet
  facet normal -0.609028 -0.793149 1.39653e-05
    outer loop
      vertex 7.45649 10.649 0
      vertex 7.99374 10.2367 13.2604
      vertex 7.94699 10.2726 13.4015
    endloop
  endfacet
  facet normal -0.608888 -0.793257 4.91169e-06
    outer loop
      vertex 7.45649 10.649 0
      vertex 8.05015 10.1934 13.125
      vertex 7.99374 10.2367 13.2604
    endloop
  endfacet
  facet normal -0.608295 -0.793711 -3.76433e-05
    outer loop
      vertex 7.45649 10.649 0
      vertex 8.11579 10.1431 12.9962
      vertex 8.05015 10.1934 13.125
    endloop
  endfacet
  facet normal -0.608972 -0.793192 1.68642e-05
    outer loop
      vertex 7.45649 10.649 0
      vertex 8.19016 10.086 12.8751
      vertex 8.11579 10.1431 12.9962
    endloop
  endfacet
  facet normal -0.608609 -0.79347 -1.59918e-05
    outer loop
      vertex 7.45649 10.649 0
      vertex 8.27269 10.0227 12.7626
      vertex 8.19016 10.086 12.8751
    endloop
  endfacet
  facet normal -0.608816 -0.793311 5.11509e-06
    outer loop
      vertex 7.45649 10.649 0
      vertex 8.35624 9.95858 12.6669
      vertex 8.27269 10.0227 12.7626
    endloop
  endfacet
  facet normal -0.608771 -0.793346 -0
    outer loop
      vertex 8.35624 9.95858 12.6669
      vertex 7.45649 10.649 0
      vertex 8.35624 9.95858 0
    endloop
  endfacet
  facet normal -0.46177 -0.887 0
    outer loop
      vertex 5.49404 11.782 0
      vertex 6.5 11.2583 22
      vertex 5.49404 11.782 22
    endloop
  endfacet
  facet normal -0.46177 -0.887 -0
    outer loop
      vertex 6.5 11.2583 22
      vertex 5.49404 11.782 0
      vertex 6.5 11.2583 0
    endloop
  endfacet
  facet normal 0.976289 0.216469 0
    outer loop
      vertex -12.557 -3.36465 22
      vertex -12.8025 -2.25743 0
      vertex -12.8025 -2.25743 22
    endloop
  endfacet
  facet normal 0.976289 0.216469 0
    outer loop
      vertex -12.8025 -2.25743 0
      vertex -12.557 -3.36465 22
      vertex -12.557 -3.36465 0
    endloop
  endfacet
  facet normal 0.300681 0.953725 -0
    outer loop
      vertex -3.36465 -12.557 0
      vertex -4.44626 -12.216 22
      vertex -3.36465 -12.557 22
    endloop
  endfacet
  facet normal 0.300681 0.953725 0
    outer loop
      vertex -4.44626 -12.216 22
      vertex -3.36465 -12.557 0
      vertex -4.44626 -12.216 0
    endloop
  endfacet
  facet normal -0.843412 0.537267 0
    outer loop
      vertex 10.649 -7.45649 0
      vertex 11.2583 -6.5 22
      vertex 11.2583 -6.5 0
    endloop
  endfacet
  facet normal -0.843412 0.537267 0
    outer loop
      vertex 11.2583 -6.5 22
      vertex 10.649 -7.45649 0
      vertex 10.649 -7.45649 22
    endloop
  endfacet
  facet normal 0.608771 0.793346 0
    outer loop
      vertex -7.45649 -10.649 22
      vertex -8.35624 -9.95858 15.3331
      vertex -8.35624 -9.95858 22
    endloop
  endfacet
  facet normal 0.608814 0.793313 -9.1022e-06
    outer loop
      vertex -7.45649 -10.649 22
      vertex -8.27269 -10.0227 15.2374
      vertex -8.35624 -9.95858 15.3331
    endloop
  endfacet
  facet normal 0.608619 0.793462 2.81754e-05
    outer loop
      vertex -7.45649 -10.649 22
      vertex -8.19016 -10.086 15.1249
      vertex -8.27269 -10.0227 15.2374
    endloop
  endfacet
  facet normal 0.608959 0.793202 -2.94033e-05
    outer loop
      vertex -7.45649 -10.649 22
      vertex -8.11579 -10.1431 15.0038
      vertex -8.19016 -10.086 15.1249
    endloop
  endfacet
  facet normal 0.608329 0.793685 6.48865e-05
    outer loop
      vertex -7.45649 -10.649 22
      vertex -8.05015 -10.1934 14.875
      vertex -8.11579 -10.1431 15.0038
    endloop
  endfacet
  facet normal 0.608882 0.793261 -8.35855e-06
    outer loop
      vertex -7.45649 -10.649 22
      vertex -7.99374 -10.2367 14.7396
      vertex -8.05015 -10.1934 14.875
    endloop
  endfacet
  facet normal 0.60901 0.793162 -2.33997e-05
    outer loop
      vertex -7.45649 -10.649 22
      vertex -7.94699 -10.2726 14.5985
      vertex -7.99374 -10.2367 14.7396
    endloop
  endfacet
  facet normal 0.608857 0.79328 -7.31019e-06
    outer loop
      vertex -7.45649 -10.649 22
      vertex -7.91025 -10.3008 14.4529
      vertex -7.94699 -10.2726 14.5985
    endloop
  endfacet
  facet normal 0.608934 0.793221 -1.46081e-05
    outer loop
      vertex -7.45649 -10.649 22
      vertex -7.88381 -10.3211 14.3039
      vertex -7.91025 -10.3008 14.4529
    endloop
  endfacet
  facet normal 0.607966 0.793963 7.07391e-05
    outer loop
      vertex -7.45649 -10.649 22
      vertex -7.86786 -10.3333 14.1525
      vertex -7.88381 -10.3211 14.3039
    endloop
  endfacet
  facet normal 0.609462 0.792816 -5.38218e-05
    outer loop
      vertex -7.45649 -10.649 22
      vertex -7.86254 -10.3374 14
      vertex -7.86786 -10.3333 14.1525
    endloop
  endfacet
  facet normal 0.608794 0.793328 -0
    outer loop
      vertex -7.45649 -10.649 0
      vertex -7.86254 -10.3374 14
      vertex -7.45649 -10.649 22
    endloop
  endfacet
  facet normal 0.609689 0.792641 4.12177e-05
    outer loop
      vertex -7.86254 -10.3374 14
      vertex -7.45649 -10.649 0
      vertex -7.86786 -10.3333 13.8475
    endloop
  endfacet
  facet normal 0.607823 0.794073 -4.68368e-05
    outer loop
      vertex -7.45649 -10.649 0
      vertex -7.88381 -10.3211 13.6961
      vertex -7.86786 -10.3333 13.8475
    endloop
  endfacet
  facet normal 0.608953 0.793206 9.16537e-06
    outer loop
      vertex -7.45649 -10.649 0
      vertex -7.91025 -10.3008 13.5471
      vertex -7.88381 -10.3211 13.6961
    endloop
  endfacet
  facet normal 0.608865 0.793274 4.45189e-06
    outer loop
      vertex -7.45649 -10.649 0
      vertex -7.94699 -10.2726 13.4015
      vertex -7.91025 -10.3008 13.5471
    endloop
  endfacet
  facet normal 0.609028 0.793149 1.39653e-05
    outer loop
      vertex -7.45649 -10.649 0
      vertex -7.99374 -10.2367 13.2604
      vertex -7.94699 -10.2726 13.4015
    endloop
  endfacet
  facet normal 0.608888 0.793257 4.91169e-06
    outer loop
      vertex -7.45649 -10.649 0
      vertex -8.05015 -10.1934 13.125
      vertex -7.99374 -10.2367 13.2604
    endloop
  endfacet
  facet normal 0.608295 0.793711 -3.76433e-05
    outer loop
      vertex -7.45649 -10.649 0
      vertex -8.11579 -10.1431 12.9962
      vertex -8.05015 -10.1934 13.125
    endloop
  endfacet
  facet normal 0.608972 0.793192 1.68642e-05
    outer loop
      vertex -7.45649 -10.649 0
      vertex -8.19016 -10.086 12.8751
      vertex -8.11579 -10.1431 12.9962
    endloop
  endfacet
  facet normal 0.608609 0.79347 -1.59918e-05
    outer loop
      vertex -7.45649 -10.649 0
      vertex -8.27269 -10.0227 12.7626
      vertex -8.19016 -10.086 12.8751
    endloop
  endfacet
  facet normal 0.608816 0.793311 5.11509e-06
    outer loop
      vertex -7.45649 -10.649 0
      vertex -8.35624 -9.95858 12.6669
      vertex -8.27269 -10.0227 12.7626
    endloop
  endfacet
  facet normal 0.608771 0.793346 0
    outer loop
      vertex -8.35624 -9.95858 12.6669
      vertex -7.45649 -10.649 0
      vertex -8.35624 -9.95858 0
    endloop
  endfacet
  facet normal 0.0436469 0.999047 -0
    outer loop
      vertex 0 -13 0
      vertex -1.13302 -12.9505 22
      vertex 0 -13 22
    endloop
  endfacet
  facet normal 0.0436469 0.999047 0
    outer loop
      vertex -1.13302 -12.9505 22
      vertex 0 -13 0
      vertex -1.13302 -12.9505 0
    endloop
  endfacet
  facet normal 0.953725 0.300681 0
    outer loop
      vertex -12.216 -4.44626 22
      vertex -12.557 -3.36465 0
      vertex -12.557 -3.36465 22
    endloop
  endfacet
  facet normal 0.953725 0.300681 0
    outer loop
      vertex -12.557 -3.36465 0
      vertex -12.216 -4.44626 22
      vertex -12.216 -4.44626 0
    endloop
  endfacet
  facet normal 0.130499 0.991448 -0
    outer loop
      vertex -1.13302 -12.9505 0
      vertex -2.25743 -12.8025 22
      vertex -1.13302 -12.9505 22
    endloop
  endfacet
  facet normal 0.130499 0.991448 0
    outer loop
      vertex -2.25743 -12.8025 22
      vertex -1.13302 -12.9505 0
      vertex -2.25743 -12.8025 0
    endloop
  endfacet
  facet normal 0.953725 -0.300681 0
    outer loop
      vertex -12.557 3.36465 22
      vertex -12.216 4.44626 0
      vertex -12.216 4.44626 22
    endloop
  endfacet
  facet normal 0.953725 -0.300681 0
    outer loop
      vertex -12.216 4.44626 0
      vertex -12.557 3.36465 22
      vertex -12.557 3.36465 0
    endloop
  endfacet
  facet normal -0.953725 0.300681 0
    outer loop
      vertex 12.216 -4.44626 0
      vertex 12.557 -3.36465 22
      vertex 12.557 -3.36465 0
    endloop
  endfacet
  facet normal -0.953725 0.300681 0
    outer loop
      vertex 12.557 -3.36465 22
      vertex 12.216 -4.44626 0
      vertex 12.216 -4.44626 22
    endloop
  endfacet
  facet normal -0.976289 0.216469 0
    outer loop
      vertex 12.557 -3.36465 0
      vertex 12.8025 -2.25743 22
      vertex 12.8025 -2.25743 0
    endloop
  endfacet
  facet normal -0.976289 0.216469 0
    outer loop
      vertex 12.8025 -2.25743 22
      vertex 12.557 -3.36465 0
      vertex 12.557 -3.36465 22
    endloop
  endfacet
  facet normal 0.887 0.46177 0
    outer loop
      vertex -11.2583 -6.5 22
      vertex -11.782 -5.49404 0
      vertex -11.782 -5.49404 22
    endloop
  endfacet
  facet normal 0.887 0.46177 0
    outer loop
      vertex -11.782 -5.49404 0
      vertex -11.2583 -6.5 22
      vertex -11.2583 -6.5 0
    endloop
  endfacet
  facet normal 0.843412 -0.537267 0
    outer loop
      vertex -11.2583 6.5 22
      vertex -10.649 7.45649 0
      vertex -10.649 7.45649 22
    endloop
  endfacet
  facet normal 0.843412 -0.537267 0
    outer loop
      vertex -10.649 7.45649 0
      vertex -11.2583 6.5 22
      vertex -11.2583 6.5 0
    endloop
  endfacet
  facet normal -0.991448 0.130499 0
    outer loop
      vertex 12.8025 -2.25743 0
      vertex 12.9505 -1.13302 22
      vertex 12.9505 -1.13302 0
    endloop
  endfacet
  facet normal -0.991448 0.130499 0
    outer loop
      vertex 12.9505 -1.13302 22
      vertex 12.8025 -2.25743 0
      vertex 12.8025 -2.25743 22
    endloop
  endfacet
  facet normal 0.216462 -0.976291 0
    outer loop
      vertex -2.487 12.7516 0
      vertex -2.25743 12.8025 22
      vertex -2.487 12.7516 22
    endloop
  endfacet
  facet normal 0.216462 -0.976291 0
    outer loop
      vertex -2.25743 12.8025 22
      vertex -2.487 12.7516 0
      vertex -2.25743 12.8025 0
    endloop
  endfacet
  facet normal -0.0436469 0.999047 0
    outer loop
      vertex 1.13302 -12.9505 0
      vertex 0 -13 22
      vertex 1.13302 -12.9505 22
    endloop
  endfacet
  facet normal -0.0436469 0.999047 0
    outer loop
      vertex 0 -13 22
      vertex 1.13302 -12.9505 0
      vertex 0 -13 0
    endloop
  endfacet
  facet normal -0.793346 0.608771 0
    outer loop
      vertex 9.95858 -8.35624 0
      vertex 10.649 -7.45649 22
      vertex 10.649 -7.45649 0
    endloop
  endfacet
  facet normal -0.793346 0.608771 0
    outer loop
      vertex 10.649 -7.45649 22
      vertex 9.95858 -8.35624 0
      vertex 9.95858 -8.35624 22
    endloop
  endfacet
  facet normal 0.537267 -0.843412 0
    outer loop
      vertex -7.45649 10.649 0
      vertex -6.5 11.2583 22
      vertex -7.45649 10.649 22
    endloop
  endfacet
  facet normal 0.537267 -0.843412 0
    outer loop
      vertex -6.5 11.2583 22
      vertex -7.45649 10.649 0
      vertex -6.5 11.2583 0
    endloop
  endfacet
  facet normal -0.537267 -0.843412 0
    outer loop
      vertex 6.5 11.2583 0
      vertex 7.45649 10.649 22
      vertex 6.5 11.2583 22
    endloop
  endfacet
  facet normal -0.537267 -0.843412 -0
    outer loop
      vertex 7.45649 10.649 22
      vertex 6.5 11.2583 0
      vertex 7.45649 10.649 0
    endloop
  endfacet
  facet normal -0.737285 -0.675582 0
    outer loop
      vertex 9.29553 9.07983 15.7433
      vertex 9.19239 9.19239 22
      vertex 9.19239 9.19239 15.75
    endloop
  endfacet
  facet normal -0.737291 -0.675575 3.35789e-06
    outer loop
      vertex 9.95858 8.35624 22
      vertex 9.29553 9.07983 15.7433
      vertex 9.39788 8.96813 15.7234
    endloop
  endfacet
  facet normal -0.737266 -0.675603 -1.5687e-06
    outer loop
      vertex 9.95858 8.35624 22
      vertex 9.39788 8.96813 15.7234
      vertex 9.49868 8.85813 15.6904
    endloop
  endfacet
  facet normal -0.737277 -0.675591 1.74169e-07
    outer loop
      vertex 9.95858 8.35624 22
      vertex 9.49868 8.85813 15.6904
      vertex 9.59714 8.75068 15.6445
    endloop
  endfacet
  facet normal -0.73728 -0.675587 6.48737e-07
    outer loop
      vertex 9.95858 8.35624 22
      vertex 9.59714 8.75068 15.6445
      vertex 9.69252 8.64659 15.586
    endloop
  endfacet
  facet normal -0.737274 -0.675594 2.93161e-08
    outer loop
      vertex 9.95858 8.35624 22
      vertex 9.69252 8.64659 15.586
      vertex 9.78409 8.54666 15.5155
    endloop
  endfacet
  facet normal -0.737311 -0.675554 2.23503e-06
    outer loop
      vertex 9.95858 8.35624 22
      vertex 9.78409 8.54666 15.5155
      vertex 9.87116 8.45163 15.4335
    endloop
  endfacet
  facet normal -0.737243 -0.675628 2.53306e-07
    outer loop
      vertex 9.95858 8.35624 22
      vertex 9.87116 8.45163 15.4335
      vertex 9.95307 8.36225 15.3406
    endloop
  endfacet
  facet normal -0.737103 -0.67578 -0
    outer loop
      vertex 9.95858 8.35624 22
      vertex 9.95307 8.36225 15.3406
      vertex 9.95858 8.35624 15.3331
    endloop
  endfacet
  facet normal -0.737277 -0.67559 2.58662e-07
    outer loop
      vertex 9.29553 9.07983 15.7433
      vertex 9.95858 8.35624 22
      vertex 9.19239 9.19239 22
    endloop
  endfacet
  facet normal -0.737285 -0.675582 0
    outer loop
      vertex 9.19239 9.19239 0
      vertex 9.29553 9.07983 12.2567
      vertex 9.19239 9.19239 12.25
    endloop
  endfacet
  facet normal -0.737277 -0.67559 -1.3204e-07
    outer loop
      vertex 9.95858 8.35624 0
      vertex 9.29553 9.07983 12.2567
      vertex 9.19239 9.19239 0
    endloop
  endfacet
  facet normal -0.737291 -0.675575 -1.73122e-06
    outer loop
      vertex 9.29553 9.07983 12.2567
      vertex 9.95858 8.35624 0
      vertex 9.39788 8.96813 12.2766
    endloop
  endfacet
  facet normal -0.737266 -0.675603 8.13316e-07
    outer loop
      vertex 9.39788 8.96813 12.2766
      vertex 9.95858 8.35624 0
      vertex 9.49868 8.85813 12.3096
    endloop
  endfacet
  facet normal -0.737277 -0.675591 -9.0728e-08
    outer loop
      vertex 9.49868 8.85813 12.3096
      vertex 9.95858 8.35624 0
      vertex 9.59714 8.75068 12.3555
    endloop
  endfacet
  facet normal -0.73728 -0.675587 -3.39254e-07
    outer loop
      vertex 9.59714 8.75068 12.3555
      vertex 9.95858 8.35624 0
      vertex 9.69252 8.64659 12.414
    endloop
  endfacet
  facet normal -0.737274 -0.675594 -1.53769e-08
    outer loop
      vertex 9.69252 8.64659 12.414
      vertex 9.95858 8.35624 0
      vertex 9.78409 8.54666 12.4845
    endloop
  endfacet
  facet normal -0.737311 -0.675553 -1.17484e-06
    outer loop
      vertex 9.78409 8.54666 12.4845
      vertex 9.95858 8.35624 0
      vertex 9.87116 8.45163 12.5665
    endloop
  endfacet
  facet normal -0.737243 -0.675628 -1.33309e-07
    outer loop
      vertex 9.87116 8.45163 12.5665
      vertex 9.95858 8.35624 0
      vertex 9.95307 8.36225 12.6594
    endloop
  endfacet
  facet normal -0.737103 -0.67578 0
    outer loop
      vertex 9.95307 8.36225 12.6594
      vertex 9.95858 8.35624 0
      vertex 9.95858 8.35624 12.6669
    endloop
  endfacet
  facet normal -0.130499 -0.991448 0
    outer loop
      vertex 1.13302 12.9505 0
      vertex 2.25743 12.8025 22
      vertex 1.13302 12.9505 22
    endloop
  endfacet
  facet normal -0.130499 -0.991448 -0
    outer loop
      vertex 2.25743 12.8025 22
      vertex 1.13302 12.9505 0
      vertex 2.25743 12.8025 0
    endloop
  endfacet
  facet normal -0.887016 -0.461738 0
    outer loop
      vertex 11.6956 5.65993 0
      vertex 11.2583 6.5 22
      vertex 11.2583 6.5 0
    endloop
  endfacet
  facet normal -0.887016 -0.461738 0
    outer loop
      vertex 11.2583 6.5 22
      vertex 11.6956 5.65993 0
      vertex 11.6956 5.65993 22
    endloop
  endfacet
  facet normal 0.537267 0.843412 -0
    outer loop
      vertex -6.5 -11.2583 0
      vertex -7.45649 -10.649 22
      vertex -6.5 -11.2583 22
    endloop
  endfacet
  facet normal 0.537267 0.843412 0
    outer loop
      vertex -7.45649 -10.649 22
      vertex -6.5 -11.2583 0
      vertex -7.45649 -10.649 0
    endloop
  endfacet
  facet normal -0.887 0.46177 0
    outer loop
      vertex 11.2583 -6.5 0
      vertex 11.782 -5.49404 22
      vertex 11.782 -5.49404 0
    endloop
  endfacet
  facet normal -0.887 0.46177 0
    outer loop
      vertex 11.782 -5.49404 22
      vertex 11.2583 -6.5 0
      vertex 11.2583 -6.5 22
    endloop
  endfacet
  facet normal 0.216469 0.976289 -0
    outer loop
      vertex -2.25743 -12.8025 0
      vertex -3.36465 -12.557 22
      vertex -2.25743 -12.8025 22
    endloop
  endfacet
  facet normal 0.216469 0.976289 0
    outer loop
      vertex -3.36465 -12.557 22
      vertex -2.25743 -12.8025 0
      vertex -3.36465 -12.557 0
    endloop
  endfacet
  facet normal 0.67559 -0.737277 0
    outer loop
      vertex -9.19239 9.19239 0
      vertex -8.35624 9.95858 22
      vertex -9.19239 9.19239 22
    endloop
  endfacet
  facet normal 0.67559 -0.737277 0
    outer loop
      vertex -8.35624 9.95858 22
      vertex -9.19239 9.19239 0
      vertex -8.35624 9.95858 0
    endloop
  endfacet
  facet normal -0.793346 -0.608771 0
    outer loop
      vertex 10.649 7.45649 0
      vertex 9.95858 8.35624 12.6669
      vertex 9.95858 8.35624 0
    endloop
  endfacet
  facet normal -0.793311 -0.608816 5.11509e-06
    outer loop
      vertex 9.95858 8.35624 12.6669
      vertex 10.649 7.45649 0
      vertex 10.0227 8.27269 12.7626
    endloop
  endfacet
  facet normal -0.79347 -0.608609 -1.59918e-05
    outer loop
      vertex 10.0227 8.27269 12.7626
      vertex 10.649 7.45649 0
      vertex 10.086 8.19016 12.8751
    endloop
  endfacet
  facet normal -0.793192 -0.608972 1.68642e-05
    outer loop
      vertex 10.086 8.19016 12.8751
      vertex 10.649 7.45649 0
      vertex 10.1431 8.11579 12.9962
    endloop
  endfacet
  facet normal -0.793711 -0.608295 -3.76433e-05
    outer loop
      vertex 10.1431 8.11579 12.9962
      vertex 10.649 7.45649 0
      vertex 10.1934 8.05015 13.125
    endloop
  endfacet
  facet normal -0.793257 -0.608888 4.91169e-06
    outer loop
      vertex 10.1934 8.05015 13.125
      vertex 10.649 7.45649 0
      vertex 10.2367 7.99374 13.2604
    endloop
  endfacet
  facet normal -0.793149 -0.609028 1.39653e-05
    outer loop
      vertex 10.2367 7.99374 13.2604
      vertex 10.649 7.45649 0
      vertex 10.2726 7.94699 13.4015
    endloop
  endfacet
  facet normal -0.793274 -0.608865 4.45189e-06
    outer loop
      vertex 10.2726 7.94699 13.4015
      vertex 10.649 7.45649 0
      vertex 10.3008 7.91025 13.5471
    endloop
  endfacet
  facet normal -0.793206 -0.608953 9.16537e-06
    outer loop
      vertex 10.3008 7.91025 13.5471
      vertex 10.649 7.45649 0
      vertex 10.3211 7.88381 13.6961
    endloop
  endfacet
  facet normal -0.792641 -0.609689 4.12177e-05
    outer loop
      vertex 10.3333 7.86786 13.8475
      vertex 10.649 7.45649 0
      vertex 10.3374 7.86254 14
    endloop
  endfacet
  facet normal -0.794073 -0.607823 -4.68368e-05
    outer loop
      vertex 10.3211 7.88381 13.6961
      vertex 10.649 7.45649 0
      vertex 10.3333 7.86786 13.8475
    endloop
  endfacet
  facet normal -0.793313 -0.608814 -9.1022e-06
    outer loop
      vertex 10.649 7.45649 22
      vertex 9.95858 8.35624 15.3331
      vertex 10.0227 8.27269 15.2374
    endloop
  endfacet
  facet normal -0.793462 -0.608619 2.81754e-05
    outer loop
      vertex 10.649 7.45649 22
      vertex 10.0227 8.27269 15.2374
      vertex 10.086 8.19016 15.1249
    endloop
  endfacet
  facet normal -0.793202 -0.608959 -2.94033e-05
    outer loop
      vertex 10.649 7.45649 22
      vertex 10.086 8.19016 15.1249
      vertex 10.1431 8.11579 15.0038
    endloop
  endfacet
  facet normal -0.793685 -0.608329 6.48865e-05
    outer loop
      vertex 10.649 7.45649 22
      vertex 10.1431 8.11579 15.0038
      vertex 10.1934 8.05015 14.875
    endloop
  endfacet
  facet normal -0.793261 -0.608882 -8.35855e-06
    outer loop
      vertex 10.649 7.45649 22
      vertex 10.1934 8.05015 14.875
      vertex 10.2367 7.99374 14.7396
    endloop
  endfacet
  facet normal -0.793162 -0.60901 -2.33997e-05
    outer loop
      vertex 10.649 7.45649 22
      vertex 10.2367 7.99374 14.7396
      vertex 10.2726 7.94699 14.5985
    endloop
  endfacet
  facet normal -0.79328 -0.608857 -7.31019e-06
    outer loop
      vertex 10.649 7.45649 22
      vertex 10.2726 7.94699 14.5985
      vertex 10.3008 7.91025 14.4529
    endloop
  endfacet
  facet normal -0.793221 -0.608934 -1.46081e-05
    outer loop
      vertex 10.649 7.45649 22
      vertex 10.3008 7.91025 14.4529
      vertex 10.3211 7.88381 14.3039
    endloop
  endfacet
  facet normal -0.793963 -0.607966 7.07391e-05
    outer loop
      vertex 10.649 7.45649 22
      vertex 10.3211 7.88381 14.3039
      vertex 10.3333 7.86786 14.1525
    endloop
  endfacet
  facet normal -0.793346 -0.608771 0
    outer loop
      vertex 9.95858 8.35624 15.3331
      vertex 10.649 7.45649 22
      vertex 9.95858 8.35624 22
    endloop
  endfacet
  facet normal -0.792816 -0.609462 -5.38218e-05
    outer loop
      vertex 10.3374 7.86254 14
      vertex 10.649 7.45649 22
      vertex 10.3333 7.86786 14.1525
    endloop
  endfacet
  facet normal -0.793328 -0.608794 -0
    outer loop
      vertex 10.649 7.45649 22
      vertex 10.3374 7.86254 14
      vertex 10.649 7.45649 0
    endloop
  endfacet
  facet normal 0.737103 0.67578 0
    outer loop
      vertex -9.95858 -8.35624 22
      vertex -9.95307 -8.36225 15.3406
      vertex -9.95858 -8.35624 15.3331
    endloop
  endfacet
  facet normal 0.737243 0.675628 2.53306e-07
    outer loop
      vertex -9.95858 -8.35624 22
      vertex -9.87116 -8.45163 15.4335
      vertex -9.95307 -8.36225 15.3406
    endloop
  endfacet
  facet normal 0.737311 0.675554 2.23503e-06
    outer loop
      vertex -9.95858 -8.35624 22
      vertex -9.78409 -8.54666 15.5155
      vertex -9.87116 -8.45163 15.4335
    endloop
  endfacet
  facet normal 0.737274 0.675594 2.93161e-08
    outer loop
      vertex -9.95858 -8.35624 22
      vertex -9.69252 -8.64659 15.586
      vertex -9.78409 -8.54666 15.5155
    endloop
  endfacet
  facet normal 0.73728 0.675587 6.48737e-07
    outer loop
      vertex -9.95858 -8.35624 22
      vertex -9.59714 -8.75068 15.6445
      vertex -9.69252 -8.64659 15.586
    endloop
  endfacet
  facet normal 0.737277 0.675591 1.74169e-07
    outer loop
      vertex -9.95858 -8.35624 22
      vertex -9.49868 -8.85813 15.6904
      vertex -9.59714 -8.75068 15.6445
    endloop
  endfacet
  facet normal 0.737266 0.675603 -1.5687e-06
    outer loop
      vertex -9.95858 -8.35624 22
      vertex -9.39788 -8.96813 15.7234
      vertex -9.49868 -8.85813 15.6904
    endloop
  endfacet
  facet normal 0.737291 0.675575 3.35789e-06
    outer loop
      vertex -9.95858 -8.35624 22
      vertex -9.29553 -9.07983 15.7433
      vertex -9.39788 -8.96813 15.7234
    endloop
  endfacet
  facet normal 0.737277 0.67559 2.58662e-07
    outer loop
      vertex -9.19239 -9.19239 22
      vertex -9.29553 -9.07983 15.7433
      vertex -9.95858 -8.35624 22
    endloop
  endfacet
  facet normal 0.737285 0.675582 0
    outer loop
      vertex -9.29553 -9.07983 15.7433
      vertex -9.19239 -9.19239 22
      vertex -9.19239 -9.19239 15.75
    endloop
  endfacet
  facet normal 0.737103 0.67578 0
    outer loop
      vertex -9.95307 -8.36225 12.6594
      vertex -9.95858 -8.35624 0
      vertex -9.95858 -8.35624 12.6669
    endloop
  endfacet
  facet normal 0.737243 0.675628 -1.33309e-07
    outer loop
      vertex -9.87116 -8.45163 12.5665
      vertex -9.95858 -8.35624 0
      vertex -9.95307 -8.36225 12.6594
    endloop
  endfacet
  facet normal 0.737311 0.675553 -1.17484e-06
    outer loop
      vertex -9.78409 -8.54666 12.4845
      vertex -9.95858 -8.35624 0
      vertex -9.87116 -8.45163 12.5665
    endloop
  endfacet
  facet normal 0.737274 0.675594 -1.53769e-08
    outer loop
      vertex -9.69252 -8.64659 12.414
      vertex -9.95858 -8.35624 0
      vertex -9.78409 -8.54666 12.4845
    endloop
  endfacet
  facet normal 0.73728 0.675587 -3.39254e-07
    outer loop
      vertex -9.59714 -8.75068 12.3555
      vertex -9.95858 -8.35624 0
      vertex -9.69252 -8.64659 12.414
    endloop
  endfacet
  facet normal 0.737277 0.675591 -9.0728e-08
    outer loop
      vertex -9.49868 -8.85813 12.3096
      vertex -9.95858 -8.35624 0
      vertex -9.59714 -8.75068 12.3555
    endloop
  endfacet
  facet normal 0.737266 0.675603 8.13316e-07
    outer loop
      vertex -9.39788 -8.96813 12.2766
      vertex -9.95858 -8.35624 0
      vertex -9.49868 -8.85813 12.3096
    endloop
  endfacet
  facet normal 0.737291 0.675575 -1.73122e-06
    outer loop
      vertex -9.29553 -9.07983 12.2567
      vertex -9.95858 -8.35624 0
      vertex -9.39788 -8.96813 12.2766
    endloop
  endfacet
  facet normal 0.737285 0.675582 -9.77428e-07
    outer loop
      vertex -9.19239 -9.19239 12.25
      vertex -9.95858 -8.35624 0
      vertex -9.29553 -9.07983 12.2567
    endloop
  endfacet
  facet normal 0.737277 0.67559 0
    outer loop
      vertex -9.95858 -8.35624 0
      vertex -9.19239 -9.19239 12.25
      vertex -9.19239 -9.19239 0
    endloop
  endfacet
  facet normal 0.887 -0.46177 0
    outer loop
      vertex -11.782 5.49404 22
      vertex -11.2583 6.5 0
      vertex -11.2583 6.5 22
    endloop
  endfacet
  facet normal 0.887 -0.46177 0
    outer loop
      vertex -11.2583 6.5 0
      vertex -11.782 5.49404 22
      vertex -11.782 5.49404 0
    endloop
  endfacet
  facet normal 0.991448 0.130499 0
    outer loop
      vertex -12.8025 -2.25743 22
      vertex -12.9505 -1.13302 0
      vertex -12.9505 -1.13302 22
    endloop
  endfacet
  facet normal 0.991448 0.130499 0
    outer loop
      vertex -12.9505 -1.13302 0
      vertex -12.8025 -2.25743 22
      vertex -12.8025 -2.25743 0
    endloop
  endfacet
  facet normal -0.300681 -0.953725 0
    outer loop
      vertex 3.36465 12.557 0
      vertex 4.44626 12.216 22
      vertex 3.36465 12.557 22
    endloop
  endfacet
  facet normal -0.300681 -0.953725 -0
    outer loop
      vertex 4.44626 12.216 22
      vertex 3.36465 12.557 0
      vertex 4.44626 12.216 0
    endloop
  endfacet
  facet normal 0.793328 0.608794 0
    outer loop
      vertex -10.649 -7.45649 22
      vertex -10.3374 -7.86254 14
      vertex -10.649 -7.45649 0
    endloop
  endfacet
  facet normal 0.792816 0.609462 -5.38218e-05
    outer loop
      vertex -10.649 -7.45649 22
      vertex -10.3333 -7.86786 14.1525
      vertex -10.3374 -7.86254 14
    endloop
  endfacet
  facet normal 0.793963 0.607966 7.07391e-05
    outer loop
      vertex -10.649 -7.45649 22
      vertex -10.3211 -7.88381 14.3039
      vertex -10.3333 -7.86786 14.1525
    endloop
  endfacet
  facet normal 0.793221 0.608934 -1.46081e-05
    outer loop
      vertex -10.649 -7.45649 22
      vertex -10.3008 -7.91025 14.4529
      vertex -10.3211 -7.88381 14.3039
    endloop
  endfacet
  facet normal 0.79328 0.608857 -7.31019e-06
    outer loop
      vertex -10.649 -7.45649 22
      vertex -10.2726 -7.94699 14.5985
      vertex -10.3008 -7.91025 14.4529
    endloop
  endfacet
  facet normal 0.793162 0.60901 -2.33997e-05
    outer loop
      vertex -10.649 -7.45649 22
      vertex -10.2367 -7.99374 14.7396
      vertex -10.2726 -7.94699 14.5985
    endloop
  endfacet
  facet normal 0.793261 0.608882 -8.35855e-06
    outer loop
      vertex -10.649 -7.45649 22
      vertex -10.1934 -8.05015 14.875
      vertex -10.2367 -7.99374 14.7396
    endloop
  endfacet
  facet normal 0.793685 0.608329 6.48865e-05
    outer loop
      vertex -10.649 -7.45649 22
      vertex -10.1431 -8.11579 15.0038
      vertex -10.1934 -8.05015 14.875
    endloop
  endfacet
  facet normal 0.793202 0.608959 -2.94033e-05
    outer loop
      vertex -10.649 -7.45649 22
      vertex -10.086 -8.19016 15.1249
      vertex -10.1431 -8.11579 15.0038
    endloop
  endfacet
  facet normal 0.793462 0.608619 2.81754e-05
    outer loop
      vertex -10.649 -7.45649 22
      vertex -10.0227 -8.27269 15.2374
      vertex -10.086 -8.19016 15.1249
    endloop
  endfacet
  facet normal 0.793346 0.608771 -0
    outer loop
      vertex -9.95858 -8.35624 15.3331
      vertex -10.649 -7.45649 22
      vertex -9.95858 -8.35624 22
    endloop
  endfacet
  facet normal 0.793313 0.608814 -9.1022e-06
    outer loop
      vertex -10.649 -7.45649 22
      vertex -9.95858 -8.35624 15.3331
      vertex -10.0227 -8.27269 15.2374
    endloop
  endfacet
  facet normal 0.792641 0.609689 4.12177e-05
    outer loop
      vertex -10.3333 -7.86786 13.8475
      vertex -10.649 -7.45649 0
      vertex -10.3374 -7.86254 14
    endloop
  endfacet
  facet normal 0.794073 0.607823 -4.68368e-05
    outer loop
      vertex -10.3211 -7.88381 13.6961
      vertex -10.649 -7.45649 0
      vertex -10.3333 -7.86786 13.8475
    endloop
  endfacet
  facet normal 0.793206 0.608953 9.16537e-06
    outer loop
      vertex -10.3008 -7.91025 13.5471
      vertex -10.649 -7.45649 0
      vertex -10.3211 -7.88381 13.6961
    endloop
  endfacet
  facet normal 0.793274 0.608865 4.45189e-06
    outer loop
      vertex -10.2726 -7.94699 13.4015
      vertex -10.649 -7.45649 0
      vertex -10.3008 -7.91025 13.5471
    endloop
  endfacet
  facet normal 0.793149 0.609028 1.39653e-05
    outer loop
      vertex -10.2367 -7.99374 13.2604
      vertex -10.649 -7.45649 0
      vertex -10.2726 -7.94699 13.4015
    endloop
  endfacet
  facet normal 0.793257 0.608888 4.91169e-06
    outer loop
      vertex -10.1934 -8.05015 13.125
      vertex -10.649 -7.45649 0
      vertex -10.2367 -7.99374 13.2604
    endloop
  endfacet
  facet normal 0.793711 0.608295 -3.76433e-05
    outer loop
      vertex -10.1431 -8.11579 12.9962
      vertex -10.649 -7.45649 0
      vertex -10.1934 -8.05015 13.125
    endloop
  endfacet
  facet normal 0.793192 0.608972 1.68642e-05
    outer loop
      vertex -10.086 -8.19016 12.8751
      vertex -10.649 -7.45649 0
      vertex -10.1431 -8.11579 12.9962
    endloop
  endfacet
  facet normal 0.79347 0.608609 -1.59918e-05
    outer loop
      vertex -10.0227 -8.27269 12.7626
      vertex -10.649 -7.45649 0
      vertex -10.086 -8.19016 12.8751
    endloop
  endfacet
  facet normal 0.793311 0.608816 5.11509e-06
    outer loop
      vertex -9.95858 -8.35624 12.6669
      vertex -10.649 -7.45649 0
      vertex -10.0227 -8.27269 12.7626
    endloop
  endfacet
  facet normal 0.793346 0.608771 0
    outer loop
      vertex -10.649 -7.45649 0
      vertex -9.95858 -8.35624 12.6669
      vertex -9.95858 -8.35624 0
    endloop
  endfacet
  facet normal -0.300681 0.953725 0
    outer loop
      vertex 4.44626 -12.216 0
      vertex 3.36465 -12.557 22
      vertex 4.44626 -12.216 22
    endloop
  endfacet
  facet normal -0.300681 0.953725 0
    outer loop
      vertex 3.36465 -12.557 22
      vertex 4.44626 -12.216 0
      vertex 3.36465 -12.557 0
    endloop
  endfacet
  facet normal 0.999047 0.0436469 0
    outer loop
      vertex -12.9505 -1.13302 22
      vertex -13 0 0
      vertex -13 0 22
    endloop
  endfacet
  facet normal 0.999047 0.0436469 0
    outer loop
      vertex -13 0 0
      vertex -12.9505 -1.13302 22
      vertex -12.9505 -1.13302 0
    endloop
  endfacet
  facet normal 0.67559 0.737277 2.58662e-07
    outer loop
      vertex -9.07983 -9.29553 15.7433
      vertex -9.19239 -9.19239 22
      vertex -8.35624 -9.95858 22
    endloop
  endfacet
  facet normal 0.675582 0.737285 0
    outer loop
      vertex -9.19239 -9.19239 22
      vertex -9.07983 -9.29553 15.7433
      vertex -9.19239 -9.19239 15.75
    endloop
  endfacet
  facet normal 0.675575 0.737291 3.35789e-06
    outer loop
      vertex -8.35624 -9.95858 22
      vertex -8.96813 -9.39788 15.7234
      vertex -9.07983 -9.29553 15.7433
    endloop
  endfacet
  facet normal 0.675603 0.737266 -1.5687e-06
    outer loop
      vertex -8.35624 -9.95858 22
      vertex -8.85813 -9.49868 15.6904
      vertex -8.96813 -9.39788 15.7234
    endloop
  endfacet
  facet normal 0.675591 0.737277 1.74169e-07
    outer loop
      vertex -8.35624 -9.95858 22
      vertex -8.75068 -9.59714 15.6445
      vertex -8.85813 -9.49868 15.6904
    endloop
  endfacet
  facet normal 0.675587 0.73728 6.48737e-07
    outer loop
      vertex -8.35624 -9.95858 22
      vertex -8.64659 -9.69252 15.586
      vertex -8.75068 -9.59714 15.6445
    endloop
  endfacet
  facet normal 0.675594 0.737274 2.93161e-08
    outer loop
      vertex -8.35624 -9.95858 22
      vertex -8.54666 -9.78409 15.5155
      vertex -8.64659 -9.69252 15.586
    endloop
  endfacet
  facet normal 0.675554 0.737311 2.23503e-06
    outer loop
      vertex -8.35624 -9.95858 22
      vertex -8.45163 -9.87116 15.4335
      vertex -8.54666 -9.78409 15.5155
    endloop
  endfacet
  facet normal 0.675628 0.737243 2.53306e-07
    outer loop
      vertex -8.35624 -9.95858 22
      vertex -8.36225 -9.95307 15.3406
      vertex -8.45163 -9.87116 15.4335
    endloop
  endfacet
  facet normal 0.67578 0.737103 0
    outer loop
      vertex -8.36225 -9.95307 15.3406
      vertex -8.35624 -9.95858 22
      vertex -8.35624 -9.95858 15.3331
    endloop
  endfacet
  facet normal 0.67578 0.737103 -0
    outer loop
      vertex -8.35624 -9.95858 0
      vertex -8.36225 -9.95307 12.6594
      vertex -8.35624 -9.95858 12.6669
    endloop
  endfacet
  facet normal 0.675628 0.737243 -1.33309e-07
    outer loop
      vertex -8.35624 -9.95858 0
      vertex -8.45163 -9.87116 12.5665
      vertex -8.36225 -9.95307 12.6594
    endloop
  endfacet
  facet normal 0.675553 0.737311 -1.17484e-06
    outer loop
      vertex -8.35624 -9.95858 0
      vertex -8.54666 -9.78409 12.4845
      vertex -8.45163 -9.87116 12.5665
    endloop
  endfacet
  facet normal 0.675594 0.737274 -1.53769e-08
    outer loop
      vertex -8.35624 -9.95858 0
      vertex -8.64659 -9.69252 12.414
      vertex -8.54666 -9.78409 12.4845
    endloop
  endfacet
  facet normal 0.675587 0.73728 -3.39254e-07
    outer loop
      vertex -8.35624 -9.95858 0
      vertex -8.75068 -9.59714 12.3555
      vertex -8.64659 -9.69252 12.414
    endloop
  endfacet
  facet normal 0.675591 0.737277 -9.0728e-08
    outer loop
      vertex -8.35624 -9.95858 0
      vertex -8.85813 -9.49868 12.3096
      vertex -8.75068 -9.59714 12.3555
    endloop
  endfacet
  facet normal 0.675603 0.737266 8.13316e-07
    outer loop
      vertex -8.35624 -9.95858 0
      vertex -8.96813 -9.39788 12.2766
      vertex -8.85813 -9.49868 12.3096
    endloop
  endfacet
  facet normal 0.675575 0.737291 -1.73122e-06
    outer loop
      vertex -8.35624 -9.95858 0
      vertex -9.07983 -9.29553 12.2567
      vertex -8.96813 -9.39788 12.2766
    endloop
  endfacet
  facet normal 0.675582 0.737285 -9.77428e-07
    outer loop
      vertex -8.35624 -9.95858 0
      vertex -9.19239 -9.19239 12.25
      vertex -9.07983 -9.29553 12.2567
    endloop
  endfacet
  facet normal 0.67559 0.737277 0
    outer loop
      vertex -9.19239 -9.19239 12.25
      vertex -8.35624 -9.95858 0
      vertex -9.19239 -9.19239 0
    endloop
  endfacet
  facet normal -0.537267 0.843412 0
    outer loop
      vertex 7.45649 -10.649 0
      vertex 6.5 -11.2583 22
      vertex 7.45649 -10.649 22
    endloop
  endfacet
  facet normal -0.537267 0.843412 0
    outer loop
      vertex 6.5 -11.2583 22
      vertex 7.45649 -10.649 0
      vertex 6.5 -11.2583 0
    endloop
  endfacet
  facet normal -0.216469 -0.976289 0
    outer loop
      vertex 2.25743 12.8025 0
      vertex 3.36465 12.557 22
      vertex 2.25743 12.8025 22
    endloop
  endfacet
  facet normal -0.216469 -0.976289 -0
    outer loop
      vertex 3.36465 12.557 22
      vertex 2.25743 12.8025 0
      vertex 3.36465 12.557 0
    endloop
  endfacet
  facet normal 0.923881 0.38268 0
    outer loop
      vertex -11.782 -5.49404 22
      vertex -12.216 -4.44626 0
      vertex -12.216 -4.44626 22
    endloop
  endfacet
  facet normal 0.923881 0.38268 0
    outer loop
      vertex -12.216 -4.44626 0
      vertex -11.782 -5.49404 22
      vertex -11.782 -5.49404 0
    endloop
  endfacet
  facet normal 0.793346 -0.608771 0
    outer loop
      vertex -10.649 7.45649 22
      vertex -9.95858 8.35624 0
      vertex -9.95858 8.35624 22
    endloop
  endfacet
  facet normal 0.793346 -0.608771 0
    outer loop
      vertex -9.95858 8.35624 0
      vertex -10.649 7.45649 22
      vertex -10.649 7.45649 0
    endloop
  endfacet
  facet normal -0.38268 0.923881 0
    outer loop
      vertex 5.49404 -11.782 0
      vertex 4.44626 -12.216 22
      vertex 5.49404 -11.782 22
    endloop
  endfacet
  facet normal -0.38268 0.923881 0
    outer loop
      vertex 4.44626 -12.216 22
      vertex 5.49404 -11.782 0
      vertex 4.44626 -12.216 0
    endloop
  endfacet
  facet normal 0.991448 -0.130499 0
    outer loop
      vertex -12.9505 1.13302 22
      vertex -12.8025 2.25743 0
      vertex -12.8025 2.25743 22
    endloop
  endfacet
  facet normal 0.991448 -0.130499 0
    outer loop
      vertex -12.8025 2.25743 0
      vertex -12.9505 1.13302 22
      vertex -12.9505 1.13302 0
    endloop
  endfacet
  facet normal 0.999047 -0.0436469 0
    outer loop
      vertex -13 0 22
      vertex -12.9505 1.13302 0
      vertex -12.9505 1.13302 22
    endloop
  endfacet
  facet normal 0.999047 -0.0436469 0
    outer loop
      vertex -12.9505 1.13302 0
      vertex -13 0 22
      vertex -13 0 0
    endloop
  endfacet
  facet normal -0.67559 0.737277 0
    outer loop
      vertex 9.19239 -9.19239 0
      vertex 8.35624 -9.95858 22
      vertex 9.19239 -9.19239 22
    endloop
  endfacet
  facet normal -0.67559 0.737277 0
    outer loop
      vertex 8.35624 -9.95858 22
      vertex 9.19239 -9.19239 0
      vertex 8.35624 -9.95858 0
    endloop
  endfacet
  facet normal -0.608771 0.793346 0
    outer loop
      vertex 8.35624 -9.95858 0
      vertex 7.45649 -10.649 22
      vertex 8.35624 -9.95858 22
    endloop
  endfacet
  facet normal -0.608771 0.793346 0
    outer loop
      vertex 7.45649 -10.649 22
      vertex 8.35624 -9.95858 0
      vertex 7.45649 -10.649 0
    endloop
  endfacet
  facet normal 0 0 -1
    outer loop
      vertex 11.15 2.52776 22
      vertex 13 0 22
      vertex 12.9505 -1.13302 22
    endloop
  endfacet
  facet normal 0 0 -1
    outer loop
      vertex 11.15 2.52776 22
      vertex 12.9505 -1.13302 22
      vertex 12.8025 -2.25743 22
    endloop
  endfacet
  facet normal 0 0 -1
    outer loop
      vertex 13 0 22
      vertex 11.56 2.35793 22
      vertex 12.9505 1.13302 22
    endloop
  endfacet
  facet normal 0 -0 -1
    outer loop
      vertex 12.44 2.35793 22
      vertex 12.9505 1.13302 22
      vertex 12 2.3 22
    endloop
  endfacet
  facet normal 0 0 -1
    outer loop
      vertex 10.7979 2.79792 22
      vertex 12.8025 -2.25743 22
      vertex 12.557 -3.36465 22
    endloop
  endfacet
  facet normal 0 0 -1
    outer loop
      vertex 12.8025 2.25743 22
      vertex 12.44 2.35793 22
      vertex 12.7516 2.487 22
    endloop
  endfacet
  facet normal 0 0 -1
    outer loop
      vertex 10.7979 2.79792 22
      vertex 12.557 -3.36465 22
      vertex 12.216 -4.44626 22
    endloop
  endfacet
  facet normal 0 0 -1
    outer loop
      vertex 12.9505 1.13302 22
      vertex 12.44 2.35793 22
      vertex 12.8025 2.25743 22
    endloop
  endfacet
  facet normal 0 0 -1
    outer loop
      vertex 10.7979 2.79792 22
      vertex 12.216 -4.44626 22
      vertex 11.782 -5.49404 22
    endloop
  endfacet
  facet normal 0 0 -1
    outer loop
      vertex 12.9505 1.13302 22
      vertex 11.56 2.35793 22
      vertex 12 2.3 22
    endloop
  endfacet
  facet normal 0 0 -1
    outer loop
      vertex 10.7979 2.79792 22
      vertex 11.782 -5.49404 22
      vertex 11.2583 -6.5 22
    endloop
  endfacet
  facet normal 0 0 -1
    outer loop
      vertex 13 0 22
      vertex 11.15 2.52776 22
      vertex 11.56 2.35793 22
    endloop
  endfacet
  facet normal 0 0 -1
    outer loop
      vertex 12.8025 -2.25743 22
      vertex 10.7979 2.79792 22
      vertex 11.15 2.52776 22
    endloop
  endfacet
  facet normal 0 0 -1
    outer loop
      vertex 10.5278 3.15 22
      vertex 11.2583 -6.5 22
      vertex 10.649 -7.45649 22
    endloop
  endfacet
  facet normal 0 0 -1
    outer loop
      vertex 11.2583 -6.5 22
      vertex 10.5278 3.15 22
      vertex 10.7979 2.79792 22
    endloop
  endfacet
  facet normal 0 0 -1
    outer loop
      vertex 9.95858 -8.35624 22
      vertex 10.5278 3.15 22
      vertex 10.649 -7.45649 22
    endloop
  endfacet
  facet normal 0 0 -1
    outer loop
      vertex 9.19239 -9.19239 22
      vertex 10.5278 3.15 22
      vertex 9.95858 -8.35624 22
    endloop
  endfacet
  facet normal 0 0 -1
    outer loop
      vertex 8.35624 -9.95858 22
      vertex 10.5278 3.15 22
      vertex 9.19239 -9.19239 22
    endloop
  endfacet
  facet normal 0 0 -1
    outer loop
      vertex 11.56 5.64207 22
      vertex 11.2583 6.5 22
      vertex 11.6956 5.65993 22
    endloop
  endfacet
  facet normal 0 0 -1
    outer loop
      vertex 11.15 5.47224 22
      vertex 11.2583 6.5 22
      vertex 11.56 5.64207 22
    endloop
  endfacet
  facet normal 0 0 -1
    outer loop
      vertex 10.7979 5.20208 22
      vertex 11.2583 6.5 22
      vertex 11.15 5.47224 22
    endloop
  endfacet
  facet normal 0 0 -1
    outer loop
      vertex 10.7979 5.20208 22
      vertex 10.649 7.45649 22
      vertex 11.2583 6.5 22
    endloop
  endfacet
  facet normal 0 0 -1
    outer loop
      vertex 10.5278 4.85 22
      vertex 10.649 7.45649 22
      vertex 10.7979 5.20208 22
    endloop
  endfacet
  facet normal 0 0 -1
    outer loop
      vertex 9.95858 8.35624 22
      vertex 10.5278 4.85 22
      vertex 10.3579 4.43999 22
    endloop
  endfacet
  facet normal 0 0 -1
    outer loop
      vertex 7.45649 10.649 22
      vertex 10.3579 4.43999 22
      vertex 10.3 4 22
    endloop
  endfacet
  facet normal 0 0 -1
    outer loop
      vertex 10.5278 4.85 22
      vertex 9.95858 8.35624 22
      vertex 10.649 7.45649 22
    endloop
  endfacet
  facet normal 0 0 -1
    outer loop
      vertex 7.45649 -10.649 22
      vertex 10.5278 3.15 22
      vertex 8.35624 -9.95858 22
    endloop
  endfacet
  facet normal 0 0 -1
    outer loop
      vertex 6.5 -11.2583 22
      vertex 10.5278 3.15 22
      vertex 7.45649 -10.649 22
    endloop
  endfacet
  facet normal 0 -0 -1
    outer loop
      vertex -2.79792 10.7979 22
      vertex 10.3 4 22
      vertex -3.15 10.5278 22
    endloop
  endfacet
  facet normal 0 0 -1
    outer loop
      vertex 5.49404 -11.782 22
      vertex 10.5278 3.15 22
      vertex 6.5 -11.2583 22
    endloop
  endfacet
  facet normal 0 0 -1
    outer loop
      vertex 10.3579 4.43999 22
      vertex 9.19239 9.19239 22
      vertex 9.95858 8.35624 22
    endloop
  endfacet
  facet normal 0 0 -1
    outer loop
      vertex 4.44626 -12.216 22
      vertex 10.5278 3.15 22
      vertex 5.49404 -11.782 22
    endloop
  endfacet
  facet normal 0 0 -1
    outer loop
      vertex 10.3579 4.43999 22
      vertex 8.35624 9.95858 22
      vertex 9.19239 9.19239 22
    endloop
  endfacet
  facet normal 0 0 -1
    outer loop
      vertex 3.36465 -12.557 22
      vertex 10.5278 3.15 22
      vertex 4.44626 -12.216 22
    endloop
  endfacet
  facet normal 0 0 -1
    outer loop
      vertex 10.3579 4.43999 22
      vertex 7.45649 10.649 22
      vertex 8.35624 9.95858 22
    endloop
  endfacet
  facet normal 0 0 -1
    outer loop
      vertex 2.25743 -12.8025 22
      vertex 10.5278 3.15 22
      vertex 3.36465 -12.557 22
    endloop
  endfacet
  facet normal 0 0 -1
    outer loop
      vertex 10.3 4 22
      vertex 6.5 11.2583 22
      vertex 7.45649 10.649 22
    endloop
  endfacet
  facet normal 0 0 -1
    outer loop
      vertex 1.13302 -12.9505 22
      vertex 10.5278 3.15 22
      vertex 2.25743 -12.8025 22
    endloop
  endfacet
  facet normal 0 -0 -1
    outer loop
      vertex 5.49404 11.782 22
      vertex 10.3 4 22
      vertex -2.79792 10.7979 22
    endloop
  endfacet
  facet normal 0 0 -1
    outer loop
      vertex 0 -13 22
      vertex 10.5278 3.15 22
      vertex 1.13302 -12.9505 22
    endloop
  endfacet
  facet normal 0 0 -1
    outer loop
      vertex 10.3 4 22
      vertex 5.49404 11.782 22
      vertex 6.5 11.2583 22
    endloop
  endfacet
  facet normal 0 0 -1
    outer loop
      vertex -1.13302 -12.9505 22
      vertex 10.5278 3.15 22
      vertex 0 -13 22
    endloop
  endfacet
  facet normal -0 0 -1
    outer loop
      vertex 5.49404 11.782 22
      vertex -2.79792 10.7979 22
      vertex 4.44626 12.216 22
    endloop
  endfacet
  facet normal 0 0 -1
    outer loop
      vertex -2.25743 -12.8025 22
      vertex 10.5278 3.15 22
      vertex -1.13302 -12.9505 22
    endloop
  endfacet
  facet normal -0 0 -1
    outer loop
      vertex 4.44626 12.216 22
      vertex -2.79792 10.7979 22
      vertex 3.36465 12.557 22
    endloop
  endfacet
  facet normal 0 0 -1
    outer loop
      vertex -3.36465 -12.557 22
      vertex 10.5278 3.15 22
      vertex -2.25743 -12.8025 22
    endloop
  endfacet
  facet normal 0 -0 -1
    outer loop
      vertex -2.52776 11.15 22
      vertex 2.25743 12.8025 22
      vertex -2.79792 10.7979 22
    endloop
  endfacet
  facet normal -0 0 -1
    outer loop
      vertex 10.5278 3.15 22
      vertex -3.36465 -12.557 22
      vertex 10.3579 3.56001 22
    endloop
  endfacet
  facet normal -0 0 -1
    outer loop
      vertex 2.25743 12.8025 22
      vertex -2.52776 11.15 22
      vertex 1.13302 12.9505 22
    endloop
  endfacet
  facet normal 0 0 -1
    outer loop
      vertex -4.44626 -12.216 22
      vertex 10.3579 3.56001 22
      vertex -3.36465 -12.557 22
    endloop
  endfacet
  facet normal 0 -0 -1
    outer loop
      vertex -2.35793 11.56 22
      vertex 0 13 22
      vertex -2.52776 11.15 22
    endloop
  endfacet
  facet normal 0 0 -1
    outer loop
      vertex -2.35793 12.44 22
      vertex -1.13302 12.9505 22
      vertex -2.3 12 22
    endloop
  endfacet
  facet normal 0 0 -1
    outer loop
      vertex -1.13302 12.9505 22
      vertex -2.35793 11.56 22
      vertex -2.3 12 22
    endloop
  endfacet
  facet normal 0 0 -1
    outer loop
      vertex 0 13 22
      vertex -2.35793 11.56 22
      vertex -1.13302 12.9505 22
    endloop
  endfacet
  facet normal -0 0 -1
    outer loop
      vertex 1.13302 12.9505 22
      vertex -2.52776 11.15 22
      vertex 0 13 22
    endloop
  endfacet
  facet normal -0 0 -1
    outer loop
      vertex 3.36465 12.557 22
      vertex -2.79792 10.7979 22
      vertex 2.25743 12.8025 22
    endloop
  endfacet
  facet normal 0 -0 -1
    outer loop
      vertex -3.15 10.5278 22
      vertex 10.3579 3.56001 22
      vertex -3.56001 10.3579 22
    endloop
  endfacet
  facet normal 0 0 -1
    outer loop
      vertex 10.3579 3.56001 22
      vertex -3.15 10.5278 22
      vertex 10.3 4 22
    endloop
  endfacet
  facet normal -0 0 -1
    outer loop
      vertex 10.3579 3.56001 22
      vertex -4.44626 -12.216 22
      vertex -3.56001 10.3579 22
    endloop
  endfacet
  facet normal 0 0 -1
    outer loop
      vertex -5.49404 -11.782 22
      vertex -3.56001 10.3579 22
      vertex -4.44626 -12.216 22
    endloop
  endfacet
  facet normal 0 0 -1
    outer loop
      vertex -6.5 -11.2583 22
      vertex -3.56001 10.3579 22
      vertex -5.49404 -11.782 22
    endloop
  endfacet
  facet normal 0 0 -1
    outer loop
      vertex -7.45649 -10.649 22
      vertex -3.56001 10.3579 22
      vertex -6.5 -11.2583 22
    endloop
  endfacet
  facet normal 0 0 -1
    outer loop
      vertex -8.35624 -9.95858 22
      vertex -3.56001 10.3579 22
      vertex -7.45649 -10.649 22
    endloop
  endfacet
  facet normal 0 0 -1
    outer loop
      vertex -9.19239 -9.19239 22
      vertex -3.56001 10.3579 22
      vertex -8.35624 -9.95858 22
    endloop
  endfacet
  facet normal 0 0 -1
    outer loop
      vertex -9.95858 -8.35624 22
      vertex -3.56001 10.3579 22
      vertex -9.19239 -9.19239 22
    endloop
  endfacet
  facet normal 0 0 -1
    outer loop
      vertex -10.649 -7.45649 22
      vertex -3.56001 10.3579 22
      vertex -9.95858 -8.35624 22
    endloop
  endfacet
  facet normal 0 0 -1
    outer loop
      vertex -11.2583 -6.5 22
      vertex -3.56001 10.3579 22
      vertex -10.649 -7.45649 22
    endloop
  endfacet
  facet normal 0 0 -1
    outer loop
      vertex -11.782 -5.49404 22
      vertex -3.56001 10.3579 22
      vertex -11.2583 -6.5 22
    endloop
  endfacet
  facet normal -0 0 -1
    outer loop
      vertex -5.64207 11.56 22
      vertex -6.5 11.2583 22
      vertex -5.65993 11.6956 22
    endloop
  endfacet
  facet normal 0 0 -1
    outer loop
      vertex -12.216 -4.44626 22
      vertex -3.56001 10.3579 22
      vertex -11.782 -5.49404 22
    endloop
  endfacet
  facet normal 0 0 -1
    outer loop
      vertex -5.47224 11.15 22
      vertex -6.5 11.2583 22
      vertex -5.64207 11.56 22
    endloop
  endfacet
  facet normal 0 0 -1
    outer loop
      vertex -12.557 -3.36465 22
      vertex -3.56001 10.3579 22
      vertex -12.216 -4.44626 22
    endloop
  endfacet
  facet normal 0 0 -1
    outer loop
      vertex -5.20208 10.7979 22
      vertex -6.5 11.2583 22
      vertex -5.47224 11.15 22
    endloop
  endfacet
  facet normal 0 0 -1
    outer loop
      vertex -12.8025 -2.25743 22
      vertex -3.56001 10.3579 22
      vertex -12.557 -3.36465 22
    endloop
  endfacet
  facet normal 0 -0 -1
    outer loop
      vertex -6.5 11.2583 22
      vertex -5.20208 10.7979 22
      vertex -7.45649 10.649 22
    endloop
  endfacet
  facet normal 0 0 -1
    outer loop
      vertex -12.9505 -1.13302 22
      vertex -3.56001 10.3579 22
      vertex -12.8025 -2.25743 22
    endloop
  endfacet
  facet normal 0 0 -1
    outer loop
      vertex -4.85 10.5278 22
      vertex -7.45649 10.649 22
      vertex -5.20208 10.7979 22
    endloop
  endfacet
  facet normal 0 0 -1
    outer loop
      vertex -3.56001 10.3579 22
      vertex -12.9505 -1.13302 22
      vertex -4 10.3 22
    endloop
  endfacet
  facet normal 0 -0 -1
    outer loop
      vertex -7.45649 10.649 22
      vertex -4.85 10.5278 22
      vertex -8.35624 9.95858 22
    endloop
  endfacet
  facet normal 0 0 -1
    outer loop
      vertex -13 0 22
      vertex -4 10.3 22
      vertex -12.9505 -1.13302 22
    endloop
  endfacet
  facet normal -0 0 -1
    outer loop
      vertex -4.43999 10.3579 22
      vertex -8.35624 9.95858 22
      vertex -4.85 10.5278 22
    endloop
  endfacet
  facet normal 0 -0 -1
    outer loop
      vertex -9.19239 9.19239 22
      vertex -4.43999 10.3579 22
      vertex -9.95858 8.35624 22
    endloop
  endfacet
  facet normal 0 -0 -1
    outer loop
      vertex -8.35624 9.95858 22
      vertex -4.43999 10.3579 22
      vertex -9.19239 9.19239 22
    endloop
  endfacet
  facet normal 0 -0 -1
    outer loop
      vertex -12.9505 1.13302 22
      vertex -4 10.3 22
      vertex -13 0 22
    endloop
  endfacet
  facet normal 0 -0 -1
    outer loop
      vertex -9.95858 8.35624 22
      vertex -4.43999 10.3579 22
      vertex -10.649 7.45649 22
    endloop
  endfacet
  facet normal 0 -0 -1
    outer loop
      vertex -12.8025 2.25743 22
      vertex -4 10.3 22
      vertex -12.9505 1.13302 22
    endloop
  endfacet
  facet normal -0 0 -1
    outer loop
      vertex -4 10.3 22
      vertex -10.649 7.45649 22
      vertex -4.43999 10.3579 22
    endloop
  endfacet
  facet normal 0 -0 -1
    outer loop
      vertex -12.557 3.36465 22
      vertex -4 10.3 22
      vertex -12.8025 2.25743 22
    endloop
  endfacet
  facet normal 0 -0 -1
    outer loop
      vertex -10.649 7.45649 22
      vertex -4 10.3 22
      vertex -11.2583 6.5 22
    endloop
  endfacet
  facet normal 0 -0 -1
    outer loop
      vertex -11.782 5.49404 22
      vertex -4 10.3 22
      vertex -12.216 4.44626 22
    endloop
  endfacet
  facet normal 0 -0 -1
    outer loop
      vertex -11.2583 6.5 22
      vertex -4 10.3 22
      vertex -11.782 5.49404 22
    endloop
  endfacet
  facet normal 0 -0 -1
    outer loop
      vertex -12.216 4.44626 22
      vertex -4 10.3 22
      vertex -12.557 3.36465 22
    endloop
  endfacet
  facet normal 0 0 -1
    outer loop
      vertex -1.13302 12.9505 22
      vertex -2.35793 12.44 22
      vertex -2.25743 12.8025 22
    endloop
  endfacet
  facet normal 0 0 -1
    outer loop
      vertex -2.25743 12.8025 22
      vertex -2.35793 12.44 22
      vertex -2.487 12.7516 22
    endloop
  endfacet
  facet normal 0.461738 -0.887016 0
    outer loop
      vertex -6.5 11.2583 0
      vertex -5.65993 11.6956 22
      vertex -6.5 11.2583 22
    endloop
  endfacet
  facet normal 0.461738 -0.887016 0
    outer loop
      vertex -5.65993 11.6956 22
      vertex -6.5 11.2583 0
      vertex -5.65993 11.6956 0
    endloop
  endfacet
  facet normal 0.923881 -0.38268 0
    outer loop
      vertex -12.216 4.44626 22
      vertex -11.782 5.49404 0
      vertex -11.782 5.49404 22
    endloop
  endfacet
  facet normal 0.923881 -0.38268 0
    outer loop
      vertex -11.782 5.49404 0
      vertex -12.216 4.44626 22
      vertex -12.216 4.44626 0
    endloop
  endfacet
  facet normal 0.46177 0.887 -0
    outer loop
      vertex -5.49404 -11.782 0
      vertex -6.5 -11.2583 22
      vertex -5.49404 -11.782 22
    endloop
  endfacet
  facet normal 0.46177 0.887 0
    outer loop
      vertex -6.5 -11.2583 22
      vertex -5.49404 -11.782 0
      vertex -6.5 -11.2583 0
    endloop
  endfacet
  facet normal 0 -0.995185 0.0980114
    outer loop
      vertex -17 2.15773 29.5708
      vertex 17 2.2 30
      vertex -17 2.2 30
    endloop
  endfacet
  facet normal 0 -0.995185 0.0980114
    outer loop
      vertex 17 2.2 30
      vertex -17 2.15773 29.5708
      vertex 17 2.15773 29.5708
    endloop
  endfacet
  facet normal 0 0.772933 0.634487
    outer loop
      vertex 17 -1.55563 28.4444
      vertex -17 -1.82923 28.7777
      vertex 17 -1.82923 28.7777
    endloop
  endfacet
  facet normal 0 0.772933 0.634487
    outer loop
      vertex -17 -1.82923 28.7777
      vertex 17 -1.55563 28.4444
      vertex -17 -1.55563 28.4444
    endloop
  endfacet
  facet normal 0 0.956935 0.290303
    outer loop
      vertex 17 -2.03253 29.1581
      vertex -17 -2.15773 29.5708
      vertex 17 -2.15773 29.5708
    endloop
  endfacet
  facet normal 0 0.956935 0.290303
    outer loop
      vertex -17 -2.15773 29.5708
      vertex 17 -2.03253 29.1581
      vertex -17 -2.03253 29.1581
    endloop
  endfacet
  facet normal 0 0.995185 0.0980114
    outer loop
      vertex 17 -2.15773 29.5708
      vertex -17 -2.2 30
      vertex 17 -2.2 30
    endloop
  endfacet
  facet normal 0 0.995185 0.0980114
    outer loop
      vertex -17 -2.2 30
      vertex 17 -2.15773 29.5708
      vertex -17 -2.15773 29.5708
    endloop
  endfacet
  facet normal 0 0.881948 -0.471346
    outer loop
      vertex 17 -2.03253 30.8419
      vertex -17 -1.82923 31.2223
      vertex 17 -1.82923 31.2223
    endloop
  endfacet
  facet normal 0 0.881948 -0.471346
    outer loop
      vertex -17 -1.82923 31.2223
      vertex 17 -2.03253 30.8419
      vertex -17 -2.03253 30.8419
    endloop
  endfacet
  facet normal 0 -0.0980807 0.995178
    outer loop
      vertex -17 0.429198 27.8423
      vertex 17 0 27.8
      vertex 17 0.429198 27.8423
    endloop
  endfacet
  facet normal 0 -0.0980807 0.995178
    outer loop
      vertex 17 0 27.8
      vertex -17 0.429198 27.8423
      vertex -17 0 27.8
    endloop
  endfacet
  facet normal 0 -0.0980807 -0.995178
    outer loop
      vertex -17 0 32.2
      vertex 17 0.429198 32.1577
      vertex 17 0 32.2
    endloop
  endfacet
  facet normal -0 -0.0980807 -0.995178
    outer loop
      vertex 17 0.429198 32.1577
      vertex -17 0 32.2
      vertex -17 0.429198 32.1577
    endloop
  endfacet
  facet normal 0 0.772933 -0.634487
    outer loop
      vertex 17 -1.82923 31.2223
      vertex -17 -1.55563 31.5556
      vertex 17 -1.55563 31.5556
    endloop
  endfacet
  facet normal 0 0.772933 -0.634487
    outer loop
      vertex -17 -1.55563 31.5556
      vertex 17 -1.82923 31.2223
      vertex -17 -1.82923 31.2223
    endloop
  endfacet
  facet normal 0 -0.772933 -0.634487
    outer loop
      vertex -17 1.82923 31.2223
      vertex 17 1.55563 31.5556
      vertex -17 1.55563 31.5556
    endloop
  endfacet
  facet normal 0 -0.772933 -0.634487
    outer loop
      vertex 17 1.55563 31.5556
      vertex -17 1.82923 31.2223
      vertex 17 1.82923 31.2223
    endloop
  endfacet
  facet normal 0 -0.881948 0.471346
    outer loop
      vertex -17 1.82923 28.7777
      vertex 17 2.03253 29.1581
      vertex -17 2.03253 29.1581
    endloop
  endfacet
  facet normal 0 -0.881948 0.471346
    outer loop
      vertex 17 2.03253 29.1581
      vertex -17 1.82923 28.7777
      vertex 17 1.82923 28.7777
    endloop
  endfacet
  facet normal 0 -0.2903 0.956936
    outer loop
      vertex -17 0.841903 27.9675
      vertex 17 0.429198 27.8423
      vertex 17 0.841903 27.9675
    endloop
  endfacet
  facet normal 0 -0.2903 0.956936
    outer loop
      vertex 17 0.429198 27.8423
      vertex -17 0.841903 27.9675
      vertex -17 0.429198 27.8423
    endloop
  endfacet
  facet normal 0 0.2903 -0.956936
    outer loop
      vertex -17 -0.841903 32.0325
      vertex 17 -0.429198 32.1577
      vertex 17 -0.841903 32.0325
    endloop
  endfacet
  facet normal 0 0.2903 -0.956936
    outer loop
      vertex 17 -0.429198 32.1577
      vertex -17 -0.841903 32.0325
      vertex -17 -0.429198 32.1577
    endloop
  endfacet
  facet normal -0 0.2903 0.956936
    outer loop
      vertex -17 -0.429198 27.8423
      vertex 17 -0.841903 27.9675
      vertex 17 -0.429198 27.8423
    endloop
  endfacet
  facet normal 0 0.2903 0.956936
    outer loop
      vertex 17 -0.841903 27.9675
      vertex -17 -0.429198 27.8423
      vertex -17 -0.841903 27.9675
    endloop
  endfacet
  facet normal 0 -0.634396 -0.773008
    outer loop
      vertex -17 1.22225 31.8292
      vertex 17 1.55563 31.5556
      vertex 17 1.22225 31.8292
    endloop
  endfacet
  facet normal -0 -0.634396 -0.773008
    outer loop
      vertex 17 1.55563 31.5556
      vertex -17 1.22225 31.8292
      vertex -17 1.55563 31.5556
    endloop
  endfacet
  facet normal 0 0.471397 -0.881921
    outer loop
      vertex -17 -1.22225 31.8292
      vertex 17 -0.841903 32.0325
      vertex 17 -1.22225 31.8292
    endloop
  endfacet
  facet normal 0 0.471397 -0.881921
    outer loop
      vertex 17 -0.841903 32.0325
      vertex -17 -1.22225 31.8292
      vertex -17 -0.841903 32.0325
    endloop
  endfacet
  facet normal 0 0.634396 -0.773008
    outer loop
      vertex -17 -1.55563 31.5556
      vertex 17 -1.22225 31.8292
      vertex 17 -1.55563 31.5556
    endloop
  endfacet
  facet normal 0 0.634396 -0.773008
    outer loop
      vertex 17 -1.22225 31.8292
      vertex -17 -1.55563 31.5556
      vertex -17 -1.22225 31.8292
    endloop
  endfacet
  facet normal 0 -0.881948 -0.471346
    outer loop
      vertex -17 2.03253 30.8419
      vertex 17 1.82923 31.2223
      vertex -17 1.82923 31.2223
    endloop
  endfacet
  facet normal 0 -0.881948 -0.471346
    outer loop
      vertex 17 1.82923 31.2223
      vertex -17 2.03253 30.8419
      vertex 17 2.03253 30.8419
    endloop
  endfacet
  facet normal 0 -0.772933 0.634487
    outer loop
      vertex -17 1.55563 28.4444
      vertex 17 1.82923 28.7777
      vertex -17 1.82923 28.7777
    endloop
  endfacet
  facet normal 0 -0.772933 0.634487
    outer loop
      vertex 17 1.82923 28.7777
      vertex -17 1.55563 28.4444
      vertex 17 1.55563 28.4444
    endloop
  endfacet
  facet normal 0 -0.634396 0.773008
    outer loop
      vertex -17 1.55563 28.4444
      vertex 17 1.22225 28.1708
      vertex 17 1.55563 28.4444
    endloop
  endfacet
  facet normal 0 -0.634396 0.773008
    outer loop
      vertex 17 1.22225 28.1708
      vertex -17 1.55563 28.4444
      vertex -17 1.22225 28.1708
    endloop
  endfacet
  facet normal -0 0.634396 0.773008
    outer loop
      vertex -17 -1.22225 28.1708
      vertex 17 -1.55563 28.4444
      vertex 17 -1.22225 28.1708
    endloop
  endfacet
  facet normal 0 0.634396 0.773008
    outer loop
      vertex 17 -1.55563 28.4444
      vertex -17 -1.22225 28.1708
      vertex -17 -1.55563 28.4444
    endloop
  endfacet
  facet normal 0 0.881948 0.471346
    outer loop
      vertex 17 -1.82923 28.7777
      vertex -17 -2.03253 29.1581
      vertex 17 -2.03253 29.1581
    endloop
  endfacet
  facet normal 0 0.881948 0.471346
    outer loop
      vertex -17 -2.03253 29.1581
      vertex 17 -1.82923 28.7777
      vertex -17 -1.82923 28.7777
    endloop
  endfacet
  facet normal 0 -0.2903 -0.956936
    outer loop
      vertex -17 0.429198 32.1577
      vertex 17 0.841903 32.0325
      vertex 17 0.429198 32.1577
    endloop
  endfacet
  facet normal -0 -0.2903 -0.956936
    outer loop
      vertex 17 0.841903 32.0325
      vertex -17 0.429198 32.1577
      vertex -17 0.841903 32.0325
    endloop
  endfacet
  facet normal -0 0.0980807 0.995178
    outer loop
      vertex -17 0 27.8
      vertex 17 -0.429198 27.8423
      vertex 17 0 27.8
    endloop
  endfacet
  facet normal 0 0.0980807 0.995178
    outer loop
      vertex 17 -0.429198 27.8423
      vertex -17 0 27.8
      vertex -17 -0.429198 27.8423
    endloop
  endfacet
  facet normal 0 -0.471397 0.881921
    outer loop
      vertex -17 1.22225 28.1708
      vertex 17 0.841903 27.9675
      vertex 17 1.22225 28.1708
    endloop
  endfacet
  facet normal 0 -0.471397 0.881921
    outer loop
      vertex 17 0.841903 27.9675
      vertex -17 1.22225 28.1708
      vertex -17 0.841903 27.9675
    endloop
  endfacet
  facet normal 0 -0.956935 -0.290303
    outer loop
      vertex -17 2.15773 30.4292
      vertex 17 2.03253 30.8419
      vertex -17 2.03253 30.8419
    endloop
  endfacet
  facet normal 0 -0.956935 -0.290303
    outer loop
      vertex 17 2.03253 30.8419
      vertex -17 2.15773 30.4292
      vertex 17 2.15773 30.4292
    endloop
  endfacet
  facet normal 0 -0.995185 -0.0980114
    outer loop
      vertex -17 2.2 30
      vertex 17 2.15773 30.4292
      vertex -17 2.15773 30.4292
    endloop
  endfacet
  facet normal 0 -0.995185 -0.0980114
    outer loop
      vertex 17 2.15773 30.4292
      vertex -17 2.2 30
      vertex 17 2.2 30
    endloop
  endfacet
  facet normal -0 0.471397 0.881921
    outer loop
      vertex -17 -0.841903 27.9675
      vertex 17 -1.22225 28.1708
      vertex 17 -0.841903 27.9675
    endloop
  endfacet
  facet normal 0 0.471397 0.881921
    outer loop
      vertex 17 -1.22225 28.1708
      vertex -17 -0.841903 27.9675
      vertex -17 -1.22225 28.1708
    endloop
  endfacet
  facet normal 0 -0.471397 -0.881921
    outer loop
      vertex -17 0.841903 32.0325
      vertex 17 1.22225 31.8292
      vertex 17 0.841903 32.0325
    endloop
  endfacet
  facet normal -0 -0.471397 -0.881921
    outer loop
      vertex 17 1.22225 31.8292
      vertex -17 0.841903 32.0325
      vertex -17 1.22225 31.8292
    endloop
  endfacet
  facet normal 0 0.0980807 -0.995178
    outer loop
      vertex -17 -0.429198 32.1577
      vertex 17 0 32.2
      vertex 17 -0.429198 32.1577
    endloop
  endfacet
  facet normal 0 0.0980807 -0.995178
    outer loop
      vertex 17 0 32.2
      vertex -17 -0.429198 32.1577
      vertex -17 0 32.2
    endloop
  endfacet
  facet normal 0 0.956935 -0.290303
    outer loop
      vertex 17 -2.15773 30.4292
      vertex -17 -2.03253 30.8419
      vertex 17 -2.03253 30.8419
    endloop
  endfacet
  facet normal 0 0.956935 -0.290303
    outer loop
      vertex -17 -2.03253 30.8419
      vertex 17 -2.15773 30.4292
      vertex -17 -2.15773 30.4292
    endloop
  endfacet
  facet normal 0 -0.956935 0.290303
    outer loop
      vertex -17 2.03253 29.1581
      vertex 17 2.15773 29.5708
      vertex -17 2.15773 29.5708
    endloop
  endfacet
  facet normal 0 -0.956935 0.290303
    outer loop
      vertex 17 2.15773 29.5708
      vertex -17 2.03253 29.1581
      vertex 17 2.03253 29.1581
    endloop
  endfacet
  facet normal 0 0.995185 -0.0980114
    outer loop
      vertex 17 -2.2 30
      vertex -17 -2.15773 30.4292
      vertex 17 -2.15773 30.4292
    endloop
  endfacet
  facet normal 0 0.995185 -0.0980114
    outer loop
      vertex -17 -2.15773 30.4292
      vertex 17 -2.2 30
      vertex -17 -2.2 30
    endloop
  endfacet
  facet normal 0.995185 -0 0.0980114
    outer loop
      vertex -2.2 -17 38
      vertex -2.15773 17 37.5708
      vertex -2.2 17 38
    endloop
  endfacet
  facet normal 0.995185 0 0.0980114
    outer loop
      vertex -2.15773 17 37.5708
      vertex -2.2 -17 38
      vertex -2.15773 -17 37.5708
    endloop
  endfacet
  facet normal 0.2903 0 0.956936
    outer loop
      vertex -0.841903 17 35.9675
      vertex -0.429198 -17 35.8423
      vertex -0.429198 17 35.8423
    endloop
  endfacet
  facet normal 0.2903 0 0.956936
    outer loop
      vertex -0.429198 -17 35.8423
      vertex -0.841903 17 35.9675
      vertex -0.841903 -17 35.9675
    endloop
  endfacet
  facet normal 0.0980807 0 0.995178
    outer loop
      vertex -0.429198 17 35.8423
      vertex 0 -17 35.8
      vertex 0 17 35.8
    endloop
  endfacet
  facet normal 0.0980807 0 0.995178
    outer loop
      vertex 0 -17 35.8
      vertex -0.429198 17 35.8423
      vertex -0.429198 -17 35.8423
    endloop
  endfacet
  facet normal -0.956935 0 0.290303
    outer loop
      vertex 2.03253 -17 37.1581
      vertex 2.15773 17 37.5708
      vertex 2.03253 17 37.1581
    endloop
  endfacet
  facet normal -0.956935 0 0.290303
    outer loop
      vertex 2.15773 17 37.5708
      vertex 2.03253 -17 37.1581
      vertex 2.15773 -17 37.5708
    endloop
  endfacet
  facet normal 0.0980807 0 -0.995178
    outer loop
      vertex -0.429198 -17 40.1577
      vertex 0 17 40.2
      vertex 0 -17 40.2
    endloop
  endfacet
  facet normal 0.0980807 0 -0.995178
    outer loop
      vertex 0 17 40.2
      vertex -0.429198 -17 40.1577
      vertex -0.429198 17 40.1577
    endloop
  endfacet
  facet normal 0.956935 0 -0.290303
    outer loop
      vertex -2.03253 -17 38.8419
      vertex -2.15773 17 38.4292
      vertex -2.03253 17 38.8419
    endloop
  endfacet
  facet normal 0.956935 0 -0.290303
    outer loop
      vertex -2.15773 17 38.4292
      vertex -2.03253 -17 38.8419
      vertex -2.15773 -17 38.4292
    endloop
  endfacet
  facet normal -0.772933 0 -0.634487
    outer loop
      vertex 1.82923 -17 39.2223
      vertex 1.55563 17 39.5556
      vertex 1.82923 17 39.2223
    endloop
  endfacet
  facet normal -0.772933 -0 -0.634487
    outer loop
      vertex 1.55563 17 39.5556
      vertex 1.82923 -17 39.2223
      vertex 1.55563 -17 39.5556
    endloop
  endfacet
  facet normal 0.956935 -0 0.290303
    outer loop
      vertex -2.15773 -17 37.5708
      vertex -2.03253 17 37.1581
      vertex -2.15773 17 37.5708
    endloop
  endfacet
  facet normal 0.956935 0 0.290303
    outer loop
      vertex -2.03253 17 37.1581
      vertex -2.15773 -17 37.5708
      vertex -2.03253 -17 37.1581
    endloop
  endfacet
  facet normal 0.2903 0 -0.956936
    outer loop
      vertex -0.841903 -17 40.0325
      vertex -0.429198 17 40.1577
      vertex -0.429198 -17 40.1577
    endloop
  endfacet
  facet normal 0.2903 0 -0.956936
    outer loop
      vertex -0.429198 17 40.1577
      vertex -0.841903 -17 40.0325
      vertex -0.841903 17 40.0325
    endloop
  endfacet
  facet normal -0.995185 0 0.0980114
    outer loop
      vertex 2.15773 -17 37.5708
      vertex 2.2 17 38
      vertex 2.15773 17 37.5708
    endloop
  endfacet
  facet normal -0.995185 0 0.0980114
    outer loop
      vertex 2.2 17 38
      vertex 2.15773 -17 37.5708
      vertex 2.2 -17 38
    endloop
  endfacet
  facet normal 0.634396 0 -0.773008
    outer loop
      vertex -1.55563 -17 39.5556
      vertex -1.22225 17 39.8292
      vertex -1.22225 -17 39.8292
    endloop
  endfacet
  facet normal 0.634396 0 -0.773008
    outer loop
      vertex -1.22225 17 39.8292
      vertex -1.55563 -17 39.5556
      vertex -1.55563 17 39.5556
    endloop
  endfacet
  facet normal -0.471397 0 -0.881921
    outer loop
      vertex 0.841903 -17 40.0325
      vertex 1.22225 17 39.8292
      vertex 1.22225 -17 39.8292
    endloop
  endfacet
  facet normal -0.471397 0 -0.881921
    outer loop
      vertex 1.22225 17 39.8292
      vertex 0.841903 -17 40.0325
      vertex 0.841903 17 40.0325
    endloop
  endfacet
  facet normal 0.881948 0 -0.471346
    outer loop
      vertex -1.82923 -17 39.2223
      vertex -2.03253 17 38.8419
      vertex -1.82923 17 39.2223
    endloop
  endfacet
  facet normal 0.881948 0 -0.471346
    outer loop
      vertex -2.03253 17 38.8419
      vertex -1.82923 -17 39.2223
      vertex -2.03253 -17 38.8419
    endloop
  endfacet
  facet normal 0.772933 -0 0.634487
    outer loop
      vertex -1.82923 -17 36.7777
      vertex -1.55563 17 36.4444
      vertex -1.82923 17 36.7777
    endloop
  endfacet
  facet normal 0.772933 0 0.634487
    outer loop
      vertex -1.55563 17 36.4444
      vertex -1.82923 -17 36.7777
      vertex -1.55563 -17 36.4444
    endloop
  endfacet
  facet normal 0.881948 -0 0.471346
    outer loop
      vertex -2.03253 -17 37.1581
      vertex -1.82923 17 36.7777
      vertex -2.03253 17 37.1581
    endloop
  endfacet
  facet normal 0.881948 0 0.471346
    outer loop
      vertex -1.82923 17 36.7777
      vertex -2.03253 -17 37.1581
      vertex -1.82923 -17 36.7777
    endloop
  endfacet
  facet normal 0.772933 0 -0.634487
    outer loop
      vertex -1.55563 -17 39.5556
      vertex -1.82923 17 39.2223
      vertex -1.55563 17 39.5556
    endloop
  endfacet
  facet normal 0.772933 0 -0.634487
    outer loop
      vertex -1.82923 17 39.2223
      vertex -1.55563 -17 39.5556
      vertex -1.82923 -17 39.2223
    endloop
  endfacet
  facet normal 0.634396 0 0.773008
    outer loop
      vertex -1.55563 17 36.4444
      vertex -1.22225 -17 36.1708
      vertex -1.22225 17 36.1708
    endloop
  endfacet
  facet normal 0.634396 0 0.773008
    outer loop
      vertex -1.22225 -17 36.1708
      vertex -1.55563 17 36.4444
      vertex -1.55563 -17 36.4444
    endloop
  endfacet
  facet normal -0.634396 0 0.773008
    outer loop
      vertex 1.22225 17 36.1708
      vertex 1.55563 -17 36.4444
      vertex 1.55563 17 36.4444
    endloop
  endfacet
  facet normal -0.634396 0 0.773008
    outer loop
      vertex 1.55563 -17 36.4444
      vertex 1.22225 17 36.1708
      vertex 1.22225 -17 36.1708
    endloop
  endfacet
  facet normal 0.471397 0 -0.881921
    outer loop
      vertex -1.22225 -17 39.8292
      vertex -0.841903 17 40.0325
      vertex -0.841903 -17 40.0325
    endloop
  endfacet
  facet normal 0.471397 0 -0.881921
    outer loop
      vertex -0.841903 17 40.0325
      vertex -1.22225 -17 39.8292
      vertex -1.22225 17 39.8292
    endloop
  endfacet
  facet normal -0.881948 0 0.471346
    outer loop
      vertex 1.82923 -17 36.7777
      vertex 2.03253 17 37.1581
      vertex 1.82923 17 36.7777
    endloop
  endfacet
  facet normal -0.881948 0 0.471346
    outer loop
      vertex 2.03253 17 37.1581
      vertex 1.82923 -17 36.7777
      vertex 2.03253 -17 37.1581
    endloop
  endfacet
  facet normal -0.2903 0 0.956936
    outer loop
      vertex 0.429198 17 35.8423
      vertex 0.841903 -17 35.9675
      vertex 0.841903 17 35.9675
    endloop
  endfacet
  facet normal -0.2903 0 0.956936
    outer loop
      vertex 0.841903 -17 35.9675
      vertex 0.429198 17 35.8423
      vertex 0.429198 -17 35.8423
    endloop
  endfacet
  facet normal -0.772933 0 0.634487
    outer loop
      vertex 1.55563 -17 36.4444
      vertex 1.82923 17 36.7777
      vertex 1.55563 17 36.4444
    endloop
  endfacet
  facet normal -0.772933 0 0.634487
    outer loop
      vertex 1.82923 17 36.7777
      vertex 1.55563 -17 36.4444
      vertex 1.82923 -17 36.7777
    endloop
  endfacet
  facet normal 0.471397 0 0.881921
    outer loop
      vertex -1.22225 17 36.1708
      vertex -0.841903 -17 35.9675
      vertex -0.841903 17 35.9675
    endloop
  endfacet
  facet normal 0.471397 0 0.881921
    outer loop
      vertex -0.841903 -17 35.9675
      vertex -1.22225 17 36.1708
      vertex -1.22225 -17 36.1708
    endloop
  endfacet
  facet normal 0.995185 0 -0.0980114
    outer loop
      vertex -2.15773 -17 38.4292
      vertex -2.2 17 38
      vertex -2.15773 17 38.4292
    endloop
  endfacet
  facet normal 0.995185 0 -0.0980114
    outer loop
      vertex -2.2 17 38
      vertex -2.15773 -17 38.4292
      vertex -2.2 -17 38
    endloop
  endfacet
  facet normal -0.471397 0 0.881921
    outer loop
      vertex 0.841903 17 35.9675
      vertex 1.22225 -17 36.1708
      vertex 1.22225 17 36.1708
    endloop
  endfacet
  facet normal -0.471397 0 0.881921
    outer loop
      vertex 1.22225 -17 36.1708
      vertex 0.841903 17 35.9675
      vertex 0.841903 -17 35.9675
    endloop
  endfacet
  facet normal -0.2903 0 -0.956936
    outer loop
      vertex 0.429198 -17 40.1577
      vertex 0.841903 17 40.0325
      vertex 0.841903 -17 40.0325
    endloop
  endfacet
  facet normal -0.2903 0 -0.956936
    outer loop
      vertex 0.841903 17 40.0325
      vertex 0.429198 -17 40.1577
      vertex 0.429198 17 40.1577
    endloop
  endfacet
  facet normal -0.0980807 0 -0.995178
    outer loop
      vertex 0 -17 40.2
      vertex 0.429198 17 40.1577
      vertex 0.429198 -17 40.1577
    endloop
  endfacet
  facet normal -0.0980807 0 -0.995178
    outer loop
      vertex 0.429198 17 40.1577
      vertex 0 -17 40.2
      vertex 0 17 40.2
    endloop
  endfacet
  facet normal -0.634396 0 -0.773008
    outer loop
      vertex 1.22225 -17 39.8292
      vertex 1.55563 17 39.5556
      vertex 1.55563 -17 39.5556
    endloop
  endfacet
  facet normal -0.634396 0 -0.773008
    outer loop
      vertex 1.55563 17 39.5556
      vertex 1.22225 -17 39.8292
      vertex 1.22225 17 39.8292
    endloop
  endfacet
  facet normal -0.881948 0 -0.471346
    outer loop
      vertex 2.03253 -17 38.8419
      vertex 1.82923 17 39.2223
      vertex 2.03253 17 38.8419
    endloop
  endfacet
  facet normal -0.881948 -0 -0.471346
    outer loop
      vertex 1.82923 17 39.2223
      vertex 2.03253 -17 38.8419
      vertex 1.82923 -17 39.2223
    endloop
  endfacet
  facet normal -0.0980807 0 0.995178
    outer loop
      vertex 0 17 35.8
      vertex 0.429198 -17 35.8423
      vertex 0.429198 17 35.8423
    endloop
  endfacet
  facet normal -0.0980807 0 0.995178
    outer loop
      vertex 0.429198 -17 35.8423
      vertex 0 17 35.8
      vertex 0 -17 35.8
    endloop
  endfacet
  facet normal -0.995185 0 -0.0980114
    outer loop
      vertex 2.2 -17 38
      vertex 2.15773 17 38.4292
      vertex 2.2 17 38
    endloop
  endfacet
  facet normal -0.995185 -0 -0.0980114
    outer loop
      vertex 2.15773 17 38.4292
      vertex 2.2 -17 38
      vertex 2.15773 -17 38.4292
    endloop
  endfacet
  facet normal -0.956935 0 -0.290303
    outer loop
      vertex 2.15773 -17 38.4292
      vertex 2.03253 17 38.8419
      vertex 2.15773 17 38.4292
    endloop
  endfacet
  facet normal -0.956935 -0 -0.290303
    outer loop
      vertex 2.03253 17 38.8419
      vertex 2.15773 -17 38.4292
      vertex 2.03253 -17 38.8419
    endloop
  endfacet
  facet normal 0.991444 -0.130533 0
    outer loop
      vertex -5.7 12 46
      vertex -5.64207 12.44 0
      vertex -5.64207 12.44 46
    endloop
  endfacet
  facet normal 0.991444 -0.130533 0
    outer loop
      vertex -5.64207 12.44 0
      vertex -5.7 12 46
      vertex -5.7 12 0
    endloop
  endfacet
  facet normal -0.923875 -0.382695 -0
    outer loop
      vertex -2.487 12.7516 22
      vertex -2.52776 12.85 0
      vertex -2.487 12.7516 0
    endloop
  endfacet
  facet normal -0.923875 -0.382695 0
    outer loop
      vertex -2.52776 12.85 0
      vertex -2.487 12.7516 22
      vertex -2.52776 12.85 46
    endloop
  endfacet
  facet normal -0.923878 -0.382686 -4.0521e-08
    outer loop
      vertex -2.35793 12.44 22
      vertex -2.52776 12.85 46
      vertex -2.487 12.7516 22
    endloop
  endfacet
  facet normal -0.923878 -0.382688 0
    outer loop
      vertex -2.52776 12.85 46
      vertex -2.35793 12.44 22
      vertex -2.35793 12.44 46
    endloop
  endfacet
  facet normal -0.991444 -0.130533 0
    outer loop
      vertex -2.3 12 22
      vertex -2.35793 12.44 46
      vertex -2.35793 12.44 22
    endloop
  endfacet
  facet normal -0.991444 -0.130533 0
    outer loop
      vertex -2.35793 12.44 46
      vertex -2.3 12 22
      vertex -2.3 12 46
    endloop
  endfacet
  facet normal -0.793371 -0.608739 0
    outer loop
      vertex -2.52776 12.85 0
      vertex -2.79792 13.2021 46
      vertex -2.79792 13.2021 0
    endloop
  endfacet
  facet normal -0.793371 -0.608739 0
    outer loop
      vertex -2.79792 13.2021 46
      vertex -2.52776 12.85 0
      vertex -2.52776 12.85 46
    endloop
  endfacet
  facet normal -0.991444 0.130533 0
    outer loop
      vertex -2.35793 11.56 22
      vertex -2.3 12 46
      vertex -2.3 12 22
    endloop
  endfacet
  facet normal -0.991444 0.130533 0
    outer loop
      vertex -2.3 12 46
      vertex -2.35793 11.56 22
      vertex -2.35793 11.56 46
    endloop
  endfacet
  facet normal 0.793371 -0.608739 0
    outer loop
      vertex -5.47224 12.85 46
      vertex -5.20208 13.2021 0
      vertex -5.20208 13.2021 46
    endloop
  endfacet
  facet normal 0.793371 -0.608739 0
    outer loop
      vertex -5.20208 13.2021 0
      vertex -5.47224 12.85 46
      vertex -5.47224 12.85 0
    endloop
  endfacet
  facet normal 0.130469 0.991452 -0
    outer loop
      vertex -4 10.3 22
      vertex -4.43999 10.3579 46
      vertex -4 10.3 46
    endloop
  endfacet
  facet normal 0.130469 0.991452 0
    outer loop
      vertex -4.43999 10.3579 46
      vertex -4 10.3 22
      vertex -4.43999 10.3579 22
    endloop
  endfacet
  facet normal 0.382815 0.923825 -0
    outer loop
      vertex -4.43999 10.3579 22
      vertex -4.85 10.5278 46
      vertex -4.43999 10.3579 46
    endloop
  endfacet
  facet normal 0.382815 0.923825 0
    outer loop
      vertex -4.85 10.5278 46
      vertex -4.43999 10.3579 22
      vertex -4.85 10.5278 22
    endloop
  endfacet
  facet normal -0.608676 -0.793419 0
    outer loop
      vertex -3.15 13.4722 0
      vertex -2.79792 13.2021 46
      vertex -3.15 13.4722 46
    endloop
  endfacet
  facet normal -0.608676 -0.793419 -0
    outer loop
      vertex -2.79792 13.2021 46
      vertex -3.15 13.4722 0
      vertex -2.79792 13.2021 0
    endloop
  endfacet
  facet normal 0.923878 0.382688 0
    outer loop
      vertex -5.47224 11.15 46
      vertex -5.64207 11.56 22
      vertex -5.64207 11.56 46
    endloop
  endfacet
  facet normal 0.923878 0.382688 0
    outer loop
      vertex -5.64207 11.56 22
      vertex -5.47224 11.15 46
      vertex -5.47224 11.15 22
    endloop
  endfacet
  facet normal -0.382815 0.923825 0
    outer loop
      vertex -3.15 10.5278 22
      vertex -3.56001 10.3579 46
      vertex -3.15 10.5278 46
    endloop
  endfacet
  facet normal -0.382815 0.923825 0
    outer loop
      vertex -3.56001 10.3579 46
      vertex -3.15 10.5278 22
      vertex -3.56001 10.3579 22
    endloop
  endfacet
  facet normal 0.923878 -0.382688 0
    outer loop
      vertex -5.64207 12.44 46
      vertex -5.47224 12.85 0
      vertex -5.47224 12.85 46
    endloop
  endfacet
  facet normal 0.923878 -0.382688 0
    outer loop
      vertex -5.47224 12.85 0
      vertex -5.64207 12.44 46
      vertex -5.64207 12.44 0
    endloop
  endfacet
  facet normal -0.923878 0.382688 0
    outer loop
      vertex -2.52776 11.15 22
      vertex -2.35793 11.56 46
      vertex -2.35793 11.56 22
    endloop
  endfacet
  facet normal -0.923878 0.382688 0
    outer loop
      vertex -2.35793 11.56 46
      vertex -2.52776 11.15 22
      vertex -2.52776 11.15 46
    endloop
  endfacet
  facet normal 0.608676 -0.793419 0
    outer loop
      vertex -5.20208 13.2021 0
      vertex -4.85 13.4722 46
      vertex -5.20208 13.2021 46
    endloop
  endfacet
  facet normal 0.608676 -0.793419 0
    outer loop
      vertex -4.85 13.4722 46
      vertex -5.20208 13.2021 0
      vertex -4.85 13.4722 0
    endloop
  endfacet
  facet normal -0.608676 0.793419 0
    outer loop
      vertex -2.79792 10.7979 22
      vertex -3.15 10.5278 46
      vertex -2.79792 10.7979 46
    endloop
  endfacet
  facet normal -0.608676 0.793419 0
    outer loop
      vertex -3.15 10.5278 46
      vertex -2.79792 10.7979 22
      vertex -3.15 10.5278 22
    endloop
  endfacet
  facet normal 0.382815 -0.923825 0
    outer loop
      vertex -4.85 13.4722 0
      vertex -4.43999 13.6421 46
      vertex -4.85 13.4722 46
    endloop
  endfacet
  facet normal 0.382815 -0.923825 0
    outer loop
      vertex -4.43999 13.6421 46
      vertex -4.85 13.4722 0
      vertex -4.43999 13.6421 0
    endloop
  endfacet
  facet normal -0.130469 -0.991452 0
    outer loop
      vertex -4 13.7 0
      vertex -3.56001 13.6421 46
      vertex -4 13.7 46
    endloop
  endfacet
  facet normal -0.130469 -0.991452 -0
    outer loop
      vertex -3.56001 13.6421 46
      vertex -4 13.7 0
      vertex -3.56001 13.6421 0
    endloop
  endfacet
  facet normal -0.793371 0.608739 0
    outer loop
      vertex -2.79792 10.7979 22
      vertex -2.52776 11.15 46
      vertex -2.52776 11.15 22
    endloop
  endfacet
  facet normal -0.793371 0.608739 0
    outer loop
      vertex -2.52776 11.15 46
      vertex -2.79792 10.7979 22
      vertex -2.79792 10.7979 46
    endloop
  endfacet
  facet normal -0.382815 -0.923825 0
    outer loop
      vertex -3.56001 13.6421 0
      vertex -3.15 13.4722 46
      vertex -3.56001 13.6421 46
    endloop
  endfacet
  facet normal -0.382815 -0.923825 -0
    outer loop
      vertex -3.15 13.4722 46
      vertex -3.56001 13.6421 0
      vertex -3.15 13.4722 0
    endloop
  endfacet
  facet normal 0.608676 0.793419 -0
    outer loop
      vertex -4.85 10.5278 22
      vertex -5.20208 10.7979 46
      vertex -4.85 10.5278 46
    endloop
  endfacet
  facet normal 0.608676 0.793419 0
    outer loop
      vertex -5.20208 10.7979 46
      vertex -4.85 10.5278 22
      vertex -5.20208 10.7979 22
    endloop
  endfacet
  facet normal 0.991447 0.13051 0
    outer loop
      vertex -5.7 12 46
      vertex -5.65993 11.6956 22
      vertex -5.7 12 0
    endloop
  endfacet
  facet normal 0.991444 0.130533 -2.90298e-07
    outer loop
      vertex -5.64207 11.56 46
      vertex -5.65993 11.6956 22
      vertex -5.7 12 46
    endloop
  endfacet
  facet normal 0.991437 0.130583 0
    outer loop
      vertex -5.65993 11.6956 22
      vertex -5.64207 11.56 46
      vertex -5.64207 11.56 22
    endloop
  endfacet
  facet normal 0.991447 0.13051 0
    outer loop
      vertex -5.7 12 0
      vertex -5.65993 11.6956 22
      vertex -5.65993 11.6956 0
    endloop
  endfacet
  facet normal 0.130469 -0.991452 0
    outer loop
      vertex -4.43999 13.6421 0
      vertex -4 13.7 46
      vertex -4.43999 13.6421 46
    endloop
  endfacet
  facet normal 0.130469 -0.991452 0
    outer loop
      vertex -4 13.7 46
      vertex -4.43999 13.6421 0
      vertex -4 13.7 0
    endloop
  endfacet
  facet normal 0.793371 0.608739 0
    outer loop
      vertex -5.20208 10.7979 46
      vertex -5.47224 11.15 22
      vertex -5.47224 11.15 46
    endloop
  endfacet
  facet normal 0.793371 0.608739 0
    outer loop
      vertex -5.47224 11.15 22
      vertex -5.20208 10.7979 46
      vertex -5.20208 10.7979 22
    endloop
  endfacet
  facet normal -0.130469 0.991452 0
    outer loop
      vertex -3.56001 10.3579 22
      vertex -4 10.3 46
      vertex -3.56001 10.3579 46
    endloop
  endfacet
  facet normal -0.130469 0.991452 0
    outer loop
      vertex -4 10.3 46
      vertex -3.56001 10.3579 22
      vertex -4 10.3 22
    endloop
  endfacet
  facet normal -0.0921749 0.0921765 0.991467
    outer loop
      vertex -9.07983 -9.29553 12.2567
      vertex -11.7966 -12.2263 12.2766
      vertex -8.96813 -9.39788 12.2766
    endloop
  endfacet
  facet normal -0.0921968 0.0921968 0.991463
    outer loop
      vertex -11.7966 -12.2263 12.2766
      vertex -9.07983 -9.29553 12.2567
      vertex -11.9083 -12.124 12.2567
    endloop
  endfacet
  facet normal -0.0921968 0.0921968 0.991463
    outer loop
      vertex 9.29553 9.07983 12.2567
      vertex 12.2263 11.7966 12.2766
      vertex 12.124 11.9083 12.2567
    endloop
  endfacet
  facet normal -0.0921765 0.0921749 0.991467
    outer loop
      vertex 12.2263 11.7966 12.2766
      vertex 9.29553 9.07983 12.2567
      vertex 9.39788 8.96813 12.2766
    endloop
  endfacet
  facet normal 0.0310317 -0.0310317 0.999037
    outer loop
      vertex -12.124 -11.9083 12.2567
      vertex -9.19239 -9.19239 12.25
      vertex -9.29553 -9.07983 12.2567
    endloop
  endfacet
  facet normal 0.0310317 -0.0310317 0.999037
    outer loop
      vertex -9.19239 -9.19239 12.25
      vertex -12.124 -11.9083 12.2567
      vertex -12.0208 -12.0208 12.25
    endloop
  endfacet
  facet normal 0.0310317 -0.0310317 0.999037
    outer loop
      vertex 11.9083 12.124 12.2567
      vertex 9.19239 9.19239 12.25
      vertex 12.0208 12.0208 12.25
    endloop
  endfacet
  facet normal 0.0310317 -0.0310317 0.999037
    outer loop
      vertex 9.19239 9.19239 12.25
      vertex 11.9083 12.124 12.2567
      vertex 9.07983 9.29553 12.2567
    endloop
  endfacet
  facet normal 0.0310317 -0.0310317 -0.999037
    outer loop
      vertex -12.124 -11.9083 15.7433
      vertex -9.19239 -9.19239 15.75
      vertex -12.0208 -12.0208 15.75
    endloop
  endfacet
  facet normal 0.0310317 -0.0310317 -0.999037
    outer loop
      vertex -9.19239 -9.19239 15.75
      vertex -12.124 -11.9083 15.7433
      vertex -9.29553 -9.07983 15.7433
    endloop
  endfacet
  facet normal 0.0310317 -0.0310317 -0.999037
    outer loop
      vertex 9.19239 9.19239 15.75
      vertex 11.9083 12.124 15.7433
      vertex 12.0208 12.0208 15.75
    endloop
  endfacet
  facet normal 0.0310317 -0.0310317 -0.999037
    outer loop
      vertex 11.9083 12.124 15.7433
      vertex 9.19239 9.19239 15.75
      vertex 9.07983 9.29553 15.7433
    endloop
  endfacet
  facet normal 0.0921968 -0.0921968 -0.991463
    outer loop
      vertex -12.2263 -11.7966 15.7234
      vertex -9.29553 -9.07983 15.7433
      vertex -12.124 -11.9083 15.7433
    endloop
  endfacet
  facet normal 0.0921765 -0.0921749 -0.991467
    outer loop
      vertex -9.29553 -9.07983 15.7433
      vertex -12.2263 -11.7966 15.7234
      vertex -9.39788 -8.96813 15.7234
    endloop
  endfacet
  facet normal 0.0921968 -0.0921968 -0.991463
    outer loop
      vertex 9.07983 9.29553 15.7433
      vertex 11.7966 12.2263 15.7234
      vertex 11.9083 12.124 15.7433
    endloop
  endfacet
  facet normal 0.0921749 -0.0921765 -0.991467
    outer loop
      vertex 11.7966 12.2263 15.7234
      vertex 9.07983 9.29553 15.7433
      vertex 8.96813 9.39788 15.7234
    endloop
  endfacet
  facet normal 0.706441 -0.706426 -0.0436367
    outer loop
      vertex -10.3333 -7.86786 14.1525
      vertex -13.1875 -10.7127 14
      vertex -10.3374 -7.86254 14
    endloop
  endfacet
  facet normal 0.706441 -0.706431 -0.0435442
    outer loop
      vertex -13.1875 -10.7127 14
      vertex -10.3333 -7.86786 14.1525
      vertex -13.1834 -10.718 14.1525
    endloop
  endfacet
  facet normal 0.706429 -0.706444 -0.0435442
    outer loop
      vertex 10.718 13.1834 14.1525
      vertex 7.86254 10.3374 14
      vertex 10.7127 13.1875 14
    endloop
  endfacet
  facet normal 0.706428 -0.706438 -0.0436367
    outer loop
      vertex 7.86254 10.3374 14
      vertex 10.718 13.1834 14.1525
      vertex 7.86786 10.3333 14.1525
    endloop
  endfacet
  facet normal -0.701069 0.701079 -0.130351
    outer loop
      vertex -10.718 -13.1834 14.1525
      vertex -7.88381 -10.3211 14.3039
      vertex -7.86786 -10.3333 14.1525
    endloop
  endfacet
  facet normal -0.701096 0.701094 -0.130124
    outer loop
      vertex -7.88381 -10.3211 14.3039
      vertex -10.718 -13.1834 14.1525
      vertex -10.7339 -13.1712 14.3039
    endloop
  endfacet
  facet normal -0.701094 0.701096 -0.130124
    outer loop
      vertex 13.1834 10.718 14.1525
      vertex 10.3211 7.88381 14.3039
      vertex 13.1712 10.7339 14.3039
    endloop
  endfacet
  facet normal -0.701079 0.701069 -0.130351
    outer loop
      vertex 10.3211 7.88381 14.3039
      vertex 13.1834 10.718 14.1525
      vertex 10.3333 7.86786 14.1525
    endloop
  endfacet
  facet normal -0.706426 0.706441 0.0436367
    outer loop
      vertex -7.86786 -10.3333 13.8475
      vertex -10.7127 -13.1875 14
      vertex -7.86254 -10.3374 14
    endloop
  endfacet
  facet normal -0.706431 0.706441 0.0435442
    outer loop
      vertex -10.7127 -13.1875 14
      vertex -7.86786 -10.3333 13.8475
      vertex -10.718 -13.1834 13.8475
    endloop
  endfacet
  facet normal -0.706444 0.706429 0.0435442
    outer loop
      vertex 13.1834 10.718 13.8475
      vertex 10.3374 7.86254 14
      vertex 13.1875 10.7127 14
    endloop
  endfacet
  facet normal -0.706438 0.706428 0.0436367
    outer loop
      vertex 10.3374 7.86254 14
      vertex 13.1834 10.718 13.8475
      vertex 10.3333 7.86786 13.8475
    endloop
  endfacet
  facet normal 0.212597 -0.2126 0.953731
    outer loop
      vertex -12.4256 -11.5791 12.3555
      vertex -9.49868 -8.85813 12.3096
      vertex -9.59714 -8.75068 12.3555
    endloop
  endfacet
  facet normal 0.212516 -0.212513 0.953769
    outer loop
      vertex -9.49868 -8.85813 12.3096
      vertex -12.4256 -11.5791 12.3555
      vertex -12.3271 -11.6866 12.3096
    endloop
  endfacet
  facet normal 0.212513 -0.212516 0.953769
    outer loop
      vertex 11.5791 12.4256 12.3555
      vertex 8.85813 9.49868 12.3096
      vertex 11.6866 12.3271 12.3096
    endloop
  endfacet
  facet normal 0.2126 -0.212597 0.953731
    outer loop
      vertex 8.85813 9.49868 12.3096
      vertex 11.5791 12.4256 12.3555
      vertex 8.75068 9.59714 12.3555
    endloop
  endfacet
  facet normal -0.152844 0.152847 0.976359
    outer loop
      vertex -8.96813 -9.39788 12.2766
      vertex -11.6866 -12.3271 12.3096
      vertex -8.85813 -9.49868 12.3096
    endloop
  endfacet
  facet normal -0.152844 0.152847 0.976359
    outer loop
      vertex -11.6866 -12.3271 12.3096
      vertex -8.96813 -9.39788 12.2766
      vertex -11.7966 -12.2263 12.2766
    endloop
  endfacet
  facet normal -0.152847 0.152844 0.976359
    outer loop
      vertex 9.39788 8.96813 12.2766
      vertex 12.3271 11.6866 12.3096
      vertex 12.2263 11.7966 12.2766
    endloop
  endfacet
  facet normal -0.152847 0.152844 0.976359
    outer loop
      vertex 12.3271 11.6866 12.3096
      vertex 9.39788 8.96813 12.2766
      vertex 9.49868 8.85813 12.3096
    endloop
  endfacet
  facet normal -0.627177 0.627166 0.461856
    outer loop
      vertex -10.9003 -13.0436 13.125
      vertex -7.99374 -10.2367 13.2604
      vertex -8.05015 -10.1934 13.125
    endloop
  endfacet
  facet normal -0.62719 0.627181 0.46182
    outer loop
      vertex -7.99374 -10.2367 13.2604
      vertex -10.9003 -13.0436 13.125
      vertex -10.8439 -13.0869 13.2604
    endloop
  endfacet
  facet normal -0.62718 0.627191 0.46182
    outer loop
      vertex 10.1934 8.05015 13.125
      vertex 13.0869 10.8439 13.2604
      vertex 13.0436 10.9003 13.125
    endloop
  endfacet
  facet normal -0.627167 0.627176 0.461856
    outer loop
      vertex 13.0869 10.8439 13.2604
      vertex 10.1934 8.05015 13.125
      vertex 10.2367 7.99374 13.2604
    endloop
  endfacet
  facet normal 0.326542 -0.326539 -0.886985
    outer loop
      vertex -12.6125 -11.3751 15.5155
      vertex -9.69252 -8.64659 15.586
      vertex -12.5209 -11.475 15.586
    endloop
  endfacet
  facet normal 0.326542 -0.326539 -0.886985
    outer loop
      vertex -9.69252 -8.64659 15.586
      vertex -12.6125 -11.3751 15.5155
      vertex -9.78409 -8.54666 15.5155
    endloop
  endfacet
  facet normal 0.326539 -0.326542 -0.886985
    outer loop
      vertex 8.64659 9.69252 15.586
      vertex 11.3751 12.6125 15.5155
      vertex 11.475 12.5209 15.586
    endloop
  endfacet
  facet normal 0.326539 -0.326542 -0.886985
    outer loop
      vertex 11.3751 12.6125 15.5155
      vertex 8.64659 9.69252 15.586
      vertex 8.54666 9.78409 15.5155
    endloop
  endfacet
  facet normal -0.653291 0.653282 0.382666
    outer loop
      vertex -10.8439 -13.0869 13.2604
      vertex -7.94699 -10.2726 13.4015
      vertex -7.99374 -10.2367 13.2604
    endloop
  endfacet
  facet normal -0.653343 0.653346 0.382468
    outer loop
      vertex -7.94699 -10.2726 13.4015
      vertex -10.8439 -13.0869 13.2604
      vertex -10.7971 -13.1227 13.4015
    endloop
  endfacet
  facet normal -0.653346 0.653343 0.382468
    outer loop
      vertex 13.0869 10.8439 13.2604
      vertex 10.2726 7.94699 13.4015
      vertex 13.1227 10.7971 13.4015
    endloop
  endfacet
  facet normal -0.653282 0.653291 0.382666
    outer loop
      vertex 10.2726 7.94699 13.4015
      vertex 13.0869 10.8439 13.2604
      vertex 10.2367 7.99374 13.2604
    endloop
  endfacet
  facet normal 0.627167 -0.627176 -0.461856
    outer loop
      vertex -10.1934 -8.05015 14.875
      vertex -13.0869 -10.8439 14.7396
      vertex -10.2367 -7.99374 14.7396
    endloop
  endfacet
  facet normal 0.62718 -0.627191 -0.46182
    outer loop
      vertex -13.0869 -10.8439 14.7396
      vertex -10.1934 -8.05015 14.875
      vertex -13.0436 -10.9003 14.875
    endloop
  endfacet
  facet normal 0.62719 -0.627181 -0.46182
    outer loop
      vertex 10.9003 13.0436 14.875
      vertex 7.99374 10.2367 14.7396
      vertex 10.8439 13.0869 14.7396
    endloop
  endfacet
  facet normal 0.627177 -0.627166 -0.461856
    outer loop
      vertex 7.99374 10.2367 14.7396
      vertex 10.9003 13.0436 14.875
      vertex 8.05015 10.1934 14.875
    endloop
  endfacet
  facet normal 0.430347 -0.430344 0.793476
    outer loop
      vertex -12.7815 -11.1907 12.6594
      vertex -9.87116 -8.45163 12.5665
      vertex -9.95307 -8.36225 12.6594
    endloop
  endfacet
  facet normal 0.430332 -0.430328 0.793493
    outer loop
      vertex -9.87116 -8.45163 12.5665
      vertex -12.7815 -11.1907 12.6594
      vertex -12.6996 -11.2801 12.5665
    endloop
  endfacet
  facet normal 0.430328 -0.430332 0.793493
    outer loop
      vertex 11.1907 12.7815 12.6594
      vertex 8.45163 9.87116 12.5665
      vertex 11.2801 12.6996 12.5665
    endloop
  endfacet
  facet normal 0.430344 -0.430347 0.793476
    outer loop
      vertex 8.45163 9.87116 12.5665
      vertex 11.1907 12.7815 12.6594
      vertex 8.36225 9.95307 12.6594
    endloop
  endfacet
  facet normal -0.674363 0.674365 -0.300777
    outer loop
      vertex -7.91025 -10.3008 14.4529
      vertex -10.7971 -13.1227 14.5985
      vertex -7.94699 -10.2726 14.5985
    endloop
  endfacet
  facet normal -0.674395 0.674407 -0.300609
    outer loop
      vertex -10.7971 -13.1227 14.5985
      vertex -7.91025 -10.3008 14.4529
      vertex -10.7604 -13.1509 14.4529
    endloop
  endfacet
  facet normal -0.674407 0.674395 -0.300609
    outer loop
      vertex 10.3008 7.91025 14.4529
      vertex 13.1227 10.7971 14.5985
      vertex 13.1509 10.7604 14.4529
    endloop
  endfacet
  facet normal -0.674365 0.674363 -0.300777
    outer loop
      vertex 13.1227 10.7971 14.5985
      vertex 10.3008 7.91025 14.4529
      vertex 10.2726 7.94699 14.5985
    endloop
  endfacet
  facet normal 0.690327 -0.690329 0.21655
    outer loop
      vertex -13.1712 -10.7339 13.6961
      vertex -10.3008 -7.91025 13.5471
      vertex -10.3211 -7.88381 13.6961
    endloop
  endfacet
  facet normal 0.690293 -0.690281 0.216815
    outer loop
      vertex -10.3008 -7.91025 13.5471
      vertex -13.1712 -10.7339 13.6961
      vertex -13.1509 -10.7604 13.5471
    endloop
  endfacet
  facet normal 0.690288 -0.690285 0.216815
    outer loop
      vertex 7.88381 10.3211 13.6961
      vertex 10.7604 13.1509 13.5471
      vertex 10.7339 13.1712 13.6961
    endloop
  endfacet
  facet normal 0.690322 -0.690334 0.21655
    outer loop
      vertex 10.7604 13.1509 13.5471
      vertex 7.88381 10.3211 13.6961
      vertex 7.91025 10.3008 13.5471
    endloop
  endfacet
  facet normal 0.521151 -0.521149 -0.675874
    outer loop
      vertex -12.9274 -11.0315 15.1249
      vertex -10.0227 -8.27269 15.2374
      vertex -12.8576 -11.1076 15.2374
    endloop
  endfacet
  facet normal 0.521258 -0.521269 -0.675698
    outer loop
      vertex -10.0227 -8.27269 15.2374
      vertex -12.9274 -11.0315 15.1249
      vertex -10.086 -8.19016 15.1249
    endloop
  endfacet
  facet normal 0.521149 -0.521151 -0.675874
    outer loop
      vertex 8.27269 10.0227 15.2374
      vertex 11.0315 12.9274 15.1249
      vertex 11.1076 12.8576 15.2374
    endloop
  endfacet
  facet normal 0.521269 -0.521258 -0.675698
    outer loop
      vertex 11.0315 12.9274 15.1249
      vertex 8.27269 10.0227 15.2374
      vertex 8.19016 10.086 15.1249
    endloop
  endfacet
  facet normal 0.430332 -0.430328 -0.793493
    outer loop
      vertex -12.7815 -11.1907 15.3406
      vertex -9.87116 -8.45163 15.4335
      vertex -12.6996 -11.2801 15.4335
    endloop
  endfacet
  facet normal 0.430347 -0.430344 -0.793476
    outer loop
      vertex -9.87116 -8.45163 15.4335
      vertex -12.7815 -11.1907 15.3406
      vertex -9.95307 -8.36225 15.3406
    endloop
  endfacet
  facet normal 0.430328 -0.430332 -0.793493
    outer loop
      vertex 8.45163 9.87116 15.4335
      vertex 11.1907 12.7815 15.3406
      vertex 11.2801 12.6996 15.4335
    endloop
  endfacet
  facet normal 0.430344 -0.430347 -0.793476
    outer loop
      vertex 11.1907 12.7815 15.3406
      vertex 8.45163 9.87116 15.4335
      vertex 8.36225 9.95307 15.3406
    endloop
  endfacet
  facet normal 0.706441 -0.706426 0.0436367
    outer loop
      vertex -13.1875 -10.7127 14
      vertex -10.3333 -7.86786 13.8475
      vertex -10.3374 -7.86254 14
    endloop
  endfacet
  facet normal 0.706441 -0.706431 0.0435442
    outer loop
      vertex -10.3333 -7.86786 13.8475
      vertex -13.1875 -10.7127 14
      vertex -13.1834 -10.718 13.8475
    endloop
  endfacet
  facet normal 0.706429 -0.706444 0.0435442
    outer loop
      vertex 7.86254 10.3374 14
      vertex 10.718 13.1834 13.8475
      vertex 10.7127 13.1875 14
    endloop
  endfacet
  facet normal 0.706428 -0.706438 0.0436367
    outer loop
      vertex 10.718 13.1834 13.8475
      vertex 7.86254 10.3374 14
      vertex 7.86786 10.3333 13.8475
    endloop
  endfacet
  facet normal 0.561001 -0.561013 -0.608723
    outer loop
      vertex -12.9902 -10.9629 15.0038
      vertex -10.086 -8.19016 15.1249
      vertex -12.9274 -11.0315 15.1249
    endloop
  endfacet
  facet normal 0.560897 -0.560895 -0.608926
    outer loop
      vertex -10.086 -8.19016 15.1249
      vertex -12.9902 -10.9629 15.0038
      vertex -10.1431 -8.11579 15.0038
    endloop
  endfacet
  facet normal 0.561013 -0.561001 -0.608723
    outer loop
      vertex 8.19016 10.086 15.1249
      vertex 10.9629 12.9902 15.0038
      vertex 11.0315 12.9274 15.1249
    endloop
  endfacet
  facet normal 0.560895 -0.560897 -0.608926
    outer loop
      vertex 10.9629 12.9902 15.0038
      vertex 8.19016 10.086 15.1249
      vertex 8.11579 10.1431 15.0038
    endloop
  endfacet
  facet normal -0.477763 0.477764 -0.737214
    outer loop
      vertex -11.1076 -12.8576 15.2374
      vertex -8.35624 -9.95858 15.3331
      vertex -8.27269 -10.0227 15.2374
    endloop
  endfacet
  facet normal -0.479007 0.478894 -0.735672
    outer loop
      vertex -11.1076 -12.8576 15.2374
      vertex -8.36225 -9.95307 15.3406
      vertex -8.35624 -9.95858 15.3331
    endloop
  endfacet
  facet normal -0.477832 0.477835 -0.737123
    outer loop
      vertex -8.36225 -9.95307 15.3406
      vertex -11.1076 -12.8576 15.2374
      vertex -11.1907 -12.7815 15.3406
    endloop
  endfacet
  facet normal -0.477764 0.477763 -0.737214
    outer loop
      vertex 9.95858 8.35624 15.3331
      vertex 12.8576 11.1076 15.2374
      vertex 10.0227 8.27269 15.2374
    endloop
  endfacet
  facet normal -0.478894 0.479007 -0.735672
    outer loop
      vertex 9.95307 8.36225 15.3406
      vertex 12.8576 11.1076 15.2374
      vertex 9.95858 8.35624 15.3331
    endloop
  endfacet
  facet normal -0.477835 0.477832 -0.737123
    outer loop
      vertex 12.8576 11.1076 15.2374
      vertex 9.95307 8.36225 15.3406
      vertex 12.7815 11.1907 15.3406
    endloop
  endfacet
  facet normal -0.706426 0.706441 -0.0436367
    outer loop
      vertex -10.7127 -13.1875 14
      vertex -7.86786 -10.3333 14.1525
      vertex -7.86254 -10.3374 14
    endloop
  endfacet
  facet normal -0.706431 0.706441 -0.0435442
    outer loop
      vertex -7.86786 -10.3333 14.1525
      vertex -10.7127 -13.1875 14
      vertex -10.718 -13.1834 14.1525
    endloop
  endfacet
  facet normal -0.706441 0.706431 -0.0435442
    outer loop
      vertex 13.1875 10.7127 14
      vertex 10.3333 7.86786 14.1525
      vertex 13.1834 10.718 14.1525
    endloop
  endfacet
  facet normal -0.706441 0.706426 -0.0436367
    outer loop
      vertex 10.3333 7.86786 14.1525
      vertex 13.1875 10.7127 14
      vertex 10.3374 7.86254 14
    endloop
  endfacet
  facet normal -0.430344 0.430347 0.793476
    outer loop
      vertex -8.45163 -9.87116 12.5665
      vertex -11.1907 -12.7815 12.6594
      vertex -8.36225 -9.95307 12.6594
    endloop
  endfacet
  facet normal -0.430328 0.430332 0.793493
    outer loop
      vertex -11.1907 -12.7815 12.6594
      vertex -8.45163 -9.87116 12.5665
      vertex -11.2801 -12.6996 12.5665
    endloop
  endfacet
  facet normal -0.430332 0.430328 0.793493
    outer loop
      vertex 9.87116 8.45163 12.5665
      vertex 12.7815 11.1907 12.6594
      vertex 12.6996 11.2801 12.5665
    endloop
  endfacet
  facet normal -0.430347 0.430344 0.793476
    outer loop
      vertex 12.7815 11.1907 12.6594
      vertex 9.87116 8.45163 12.5665
      vertex 9.95307 8.36225 12.6594
    endloop
  endfacet
  facet normal 0.152847 -0.152844 0.976359
    outer loop
      vertex -12.3271 -11.6866 12.3096
      vertex -9.39788 -8.96813 12.2766
      vertex -9.49868 -8.85813 12.3096
    endloop
  endfacet
  facet normal 0.152847 -0.152844 0.976359
    outer loop
      vertex -9.39788 -8.96813 12.2766
      vertex -12.3271 -11.6866 12.3096
      vertex -12.2263 -11.7966 12.2766
    endloop
  endfacet
  facet normal 0.152844 -0.152847 0.976359
    outer loop
      vertex 11.6866 12.3271 12.3096
      vertex 8.96813 9.39788 12.2766
      vertex 11.7966 12.2263 12.2766
    endloop
  endfacet
  facet normal 0.152844 -0.152847 0.976359
    outer loop
      vertex 8.96813 9.39788 12.2766
      vertex 11.6866 12.3271 12.3096
      vertex 8.85813 9.49868 12.3096
    endloop
  endfacet
  facet normal 0.270902 -0.270899 0.923702
    outer loop
      vertex -12.5209 -11.475 12.414
      vertex -9.59714 -8.75068 12.3555
      vertex -9.69252 -8.64659 12.414
    endloop
  endfacet
  facet normal 0.27098 -0.270984 0.923655
    outer loop
      vertex -9.59714 -8.75068 12.3555
      vertex -12.5209 -11.475 12.414
      vertex -12.4256 -11.5791 12.3555
    endloop
  endfacet
  facet normal 0.270984 -0.27098 0.923655
    outer loop
      vertex 11.475 12.5209 12.414
      vertex 8.75068 9.59714 12.3555
      vertex 11.5791 12.4256 12.3555
    endloop
  endfacet
  facet normal 0.270899 -0.270902 0.923702
    outer loop
      vertex 8.75068 9.59714 12.3555
      vertex 11.475 12.5209 12.414
      vertex 8.64659 9.69252 12.414
    endloop
  endfacet
  facet normal -0.521269 0.521258 -0.675698
    outer loop
      vertex -11.0315 -12.9274 15.1249
      vertex -8.27269 -10.0227 15.2374
      vertex -8.19016 -10.086 15.1249
    endloop
  endfacet
  facet normal -0.521149 0.521151 -0.675874
    outer loop
      vertex -8.27269 -10.0227 15.2374
      vertex -11.0315 -12.9274 15.1249
      vertex -11.1076 -12.8576 15.2374
    endloop
  endfacet
  facet normal -0.521258 0.521269 -0.675698
    outer loop
      vertex 10.0227 8.27269 15.2374
      vertex 12.9274 11.0315 15.1249
      vertex 10.086 8.19016 15.1249
    endloop
  endfacet
  facet normal -0.521151 0.521149 -0.675874
    outer loop
      vertex 12.9274 11.0315 15.1249
      vertex 10.0227 8.27269 15.2374
      vertex 12.8576 11.1076 15.2374
    endloop
  endfacet
  facet normal 0.521258 -0.521269 0.675698
    outer loop
      vertex -12.9274 -11.0315 12.8751
      vertex -10.0227 -8.27269 12.7626
      vertex -10.086 -8.19016 12.8751
    endloop
  endfacet
  facet normal 0.521151 -0.521149 0.675874
    outer loop
      vertex -10.0227 -8.27269 12.7626
      vertex -12.9274 -11.0315 12.8751
      vertex -12.8576 -11.1076 12.7626
    endloop
  endfacet
  facet normal 0.521149 -0.521151 0.675874
    outer loop
      vertex 11.0315 12.9274 12.8751
      vertex 8.27269 10.0227 12.7626
      vertex 11.1076 12.8576 12.7626
    endloop
  endfacet
  facet normal 0.521269 -0.521258 0.675698
    outer loop
      vertex 8.27269 10.0227 12.7626
      vertex 11.0315 12.9274 12.8751
      vertex 8.19016 10.086 12.8751
    endloop
  endfacet
  facet normal 0.701079 -0.701069 0.130351
    outer loop
      vertex -13.1834 -10.718 13.8475
      vertex -10.3211 -7.88381 13.6961
      vertex -10.3333 -7.86786 13.8475
    endloop
  endfacet
  facet normal 0.701094 -0.701096 0.130124
    outer loop
      vertex -10.3211 -7.88381 13.6961
      vertex -13.1834 -10.718 13.8475
      vertex -13.1712 -10.7339 13.6961
    endloop
  endfacet
  facet normal 0.701069 -0.701079 0.130351
    outer loop
      vertex 7.88381 10.3211 13.6961
      vertex 10.718 13.1834 13.8475
      vertex 7.86786 10.3333 13.8475
    endloop
  endfacet
  facet normal 0.701096 -0.701094 0.130124
    outer loop
      vertex 10.718 13.1834 13.8475
      vertex 7.88381 10.3211 13.6961
      vertex 10.7339 13.1712 13.6961
    endloop
  endfacet
  facet normal 0.596515 -0.596525 0.536961
    outer loop
      vertex -13.0436 -10.9003 13.125
      vertex -10.1431 -8.11579 12.9962
      vertex -10.1934 -8.05015 13.125
    endloop
  endfacet
  facet normal 0.596476 -0.59648 0.537055
    outer loop
      vertex -13.0228 -10.9274 13.0718
      vertex -10.1431 -8.11579 12.9962
      vertex -13.0436 -10.9003 13.125
    endloop
  endfacet
  facet normal 0.596399 -0.596397 0.537232
    outer loop
      vertex -10.1431 -8.11579 12.9962
      vertex -13.0228 -10.9274 13.0718
      vertex -12.9902 -10.9629 12.9962
    endloop
  endfacet
  facet normal 0.596483 -0.596473 0.537055
    outer loop
      vertex 8.05015 10.1934 13.125
      vertex 10.9274 13.0228 13.0718
      vertex 10.9003 13.0436 13.125
    endloop
  endfacet
  facet normal 0.596406 -0.596391 0.537232
    outer loop
      vertex 10.9274 13.0228 13.0718
      vertex 8.05015 10.1934 13.125
      vertex 10.9629 12.9902 12.9962
    endloop
  endfacet
  facet normal 0.596519 -0.596521 0.536961
    outer loop
      vertex 10.9629 12.9902 12.9962
      vertex 8.05015 10.1934 13.125
      vertex 8.11579 10.1431 12.9962
    endloop
  endfacet
  facet normal -0.0310317 0.0310317 0.999037
    outer loop
      vertex -9.19239 -9.19239 12.25
      vertex -11.9083 -12.124 12.2567
      vertex -9.07983 -9.29553 12.2567
    endloop
  endfacet
  facet normal -0.0310317 0.0310317 0.999037
    outer loop
      vertex -11.9083 -12.124 12.2567
      vertex -9.19239 -9.19239 12.25
      vertex -12.0208 -12.0208 12.25
    endloop
  endfacet
  facet normal -0.0310317 0.0310317 0.999037
    outer loop
      vertex 9.19239 9.19239 12.25
      vertex 12.124 11.9083 12.2567
      vertex 12.0208 12.0208 12.25
    endloop
  endfacet
  facet normal -0.0310317 0.0310317 0.999037
    outer loop
      vertex 12.124 11.9083 12.2567
      vertex 9.19239 9.19239 12.25
      vertex 9.29553 9.07983 12.2567
    endloop
  endfacet
  facet normal -0.379821 0.379825 0.843486
    outer loop
      vertex -8.54666 -9.78409 12.4845
      vertex -11.2801 -12.6996 12.5665
      vertex -8.45163 -9.87116 12.5665
    endloop
  endfacet
  facet normal -0.379821 0.379825 0.843486
    outer loop
      vertex -11.2801 -12.6996 12.5665
      vertex -8.54666 -9.78409 12.4845
      vertex -11.3751 -12.6125 12.4845
    endloop
  endfacet
  facet normal -0.379825 0.379821 0.843486
    outer loop
      vertex 9.78409 8.54666 12.4845
      vertex 12.6996 11.2801 12.5665
      vertex 12.6125 11.3751 12.4845
    endloop
  endfacet
  facet normal -0.379825 0.379821 0.843486
    outer loop
      vertex 12.6996 11.2801 12.5665
      vertex 9.78409 8.54666 12.4845
      vertex 9.87116 8.45163 12.5665
    endloop
  endfacet
  facet normal -0.326539 0.326542 0.886985
    outer loop
      vertex -8.64659 -9.69252 12.414
      vertex -11.3751 -12.6125 12.4845
      vertex -8.54666 -9.78409 12.4845
    endloop
  endfacet
  facet normal -0.326539 0.326542 0.886985
    outer loop
      vertex -11.3751 -12.6125 12.4845
      vertex -8.64659 -9.69252 12.414
      vertex -11.475 -12.5209 12.414
    endloop
  endfacet
  facet normal -0.326542 0.326539 0.886985
    outer loop
      vertex 9.69252 8.64659 12.414
      vertex 12.6125 11.3751 12.4845
      vertex 12.5209 11.475 12.414
    endloop
  endfacet
  facet normal -0.326542 0.326539 0.886985
    outer loop
      vertex 12.6125 11.3751 12.4845
      vertex 9.69252 8.64659 12.414
      vertex 9.78409 8.54666 12.4845
    endloop
  endfacet
  facet normal -0.379821 0.379825 -0.843486
    outer loop
      vertex -11.2801 -12.6996 15.4335
      vertex -8.54666 -9.78409 15.5155
      vertex -8.45163 -9.87116 15.4335
    endloop
  endfacet
  facet normal -0.379821 0.379825 -0.843486
    outer loop
      vertex -8.54666 -9.78409 15.5155
      vertex -11.2801 -12.6996 15.4335
      vertex -11.3751 -12.6125 15.5155
    endloop
  endfacet
  facet normal -0.379825 0.379821 -0.843486
    outer loop
      vertex 9.78409 8.54666 15.5155
      vertex 12.6996 11.2801 15.4335
      vertex 9.87116 8.45163 15.4335
    endloop
  endfacet
  facet normal -0.379825 0.379821 -0.843486
    outer loop
      vertex 12.6996 11.2801 15.4335
      vertex 9.78409 8.54666 15.5155
      vertex 12.6125 11.3751 15.5155
    endloop
  endfacet
  facet normal -0.270899 0.270902 -0.923702
    outer loop
      vertex -11.475 -12.5209 15.586
      vertex -8.75068 -9.59714 15.6445
      vertex -8.64659 -9.69252 15.586
    endloop
  endfacet
  facet normal -0.270984 0.27098 -0.923655
    outer loop
      vertex -8.75068 -9.59714 15.6445
      vertex -11.475 -12.5209 15.586
      vertex -11.5791 -12.4256 15.6445
    endloop
  endfacet
  facet normal -0.270902 0.270899 -0.923702
    outer loop
      vertex 9.59714 8.75068 15.6445
      vertex 12.5209 11.475 15.586
      vertex 9.69252 8.64659 15.586
    endloop
  endfacet
  facet normal -0.27098 0.270984 -0.923655
    outer loop
      vertex 12.5209 11.475 15.586
      vertex 9.59714 8.75068 15.6445
      vertex 12.4256 11.5791 15.6445
    endloop
  endfacet
  facet normal -0.560895 0.560897 0.608926
    outer loop
      vertex -8.19016 -10.086 12.8751
      vertex -10.9629 -12.9902 12.9962
      vertex -8.11579 -10.1431 12.9962
    endloop
  endfacet
  facet normal -0.561013 0.561001 0.608723
    outer loop
      vertex -10.9629 -12.9902 12.9962
      vertex -8.19016 -10.086 12.8751
      vertex -11.0315 -12.9274 12.8751
    endloop
  endfacet
  facet normal -0.561001 0.561013 0.608723
    outer loop
      vertex 10.086 8.19016 12.8751
      vertex 12.9902 10.9629 12.9962
      vertex 12.9274 11.0315 12.8751
    endloop
  endfacet
  facet normal -0.560897 0.560895 0.608926
    outer loop
      vertex 12.9902 10.9629 12.9962
      vertex 10.086 8.19016 12.8751
      vertex 10.1431 8.11579 12.9962
    endloop
  endfacet
  facet normal -0.521269 0.521258 0.675698
    outer loop
      vertex -8.27269 -10.0227 12.7626
      vertex -11.0315 -12.9274 12.8751
      vertex -8.19016 -10.086 12.8751
    endloop
  endfacet
  facet normal -0.521149 0.521151 0.675874
    outer loop
      vertex -11.0315 -12.9274 12.8751
      vertex -8.27269 -10.0227 12.7626
      vertex -11.1076 -12.8576 12.7626
    endloop
  endfacet
  facet normal -0.521151 0.521149 0.675874
    outer loop
      vertex 10.0227 8.27269 12.7626
      vertex 12.9274 11.0315 12.8751
      vertex 12.8576 11.1076 12.7626
    endloop
  endfacet
  facet normal -0.521258 0.521269 0.675698
    outer loop
      vertex 12.9274 11.0315 12.8751
      vertex 10.0227 8.27269 12.7626
      vertex 10.086 8.19016 12.8751
    endloop
  endfacet
  facet normal -0.690329 0.690327 0.21655
    outer loop
      vertex -7.91025 -10.3008 13.5471
      vertex -10.7339 -13.1712 13.6961
      vertex -7.88381 -10.3211 13.6961
    endloop
  endfacet
  facet normal -0.690281 0.690293 0.216815
    outer loop
      vertex -10.7339 -13.1712 13.6961
      vertex -7.91025 -10.3008 13.5471
      vertex -10.7604 -13.1509 13.5471
    endloop
  endfacet
  facet normal -0.690293 0.690281 0.216815
    outer loop
      vertex 10.3008 7.91025 13.5471
      vertex 13.1712 10.7339 13.6961
      vertex 13.1509 10.7604 13.5471
    endloop
  endfacet
  facet normal -0.690327 0.690329 0.21655
    outer loop
      vertex 13.1712 10.7339 13.6961
      vertex 10.3008 7.91025 13.5471
      vertex 10.3211 7.88381 13.6961
    endloop
  endfacet
  facet normal -0.430344 0.430347 -0.793476
    outer loop
      vertex -11.1907 -12.7815 15.3406
      vertex -8.45163 -9.87116 15.4335
      vertex -8.36225 -9.95307 15.3406
    endloop
  endfacet
  facet normal -0.430328 0.430332 -0.793493
    outer loop
      vertex -8.45163 -9.87116 15.4335
      vertex -11.1907 -12.7815 15.3406
      vertex -11.2801 -12.6996 15.4335
    endloop
  endfacet
  facet normal -0.430347 0.430344 -0.793476
    outer loop
      vertex 9.87116 8.45163 15.4335
      vertex 12.7815 11.1907 15.3406
      vertex 9.95307 8.36225 15.3406
    endloop
  endfacet
  facet normal -0.430332 0.430328 -0.793493
    outer loop
      vertex 12.7815 11.1907 15.3406
      vertex 9.87116 8.45163 15.4335
      vertex 12.6996 11.2801 15.4335
    endloop
  endfacet
  facet normal 0.653346 -0.653343 0.382468
    outer loop
      vertex -13.0869 -10.8439 13.2604
      vertex -10.2726 -7.94699 13.4015
      vertex -13.1227 -10.7971 13.4015
    endloop
  endfacet
  facet normal 0.653282 -0.653291 0.382666
    outer loop
      vertex -10.2726 -7.94699 13.4015
      vertex -13.0869 -10.8439 13.2604
      vertex -10.2367 -7.99374 13.2604
    endloop
  endfacet
  facet normal 0.653343 -0.653346 0.382468
    outer loop
      vertex 7.94699 10.2726 13.4015
      vertex 10.8439 13.0869 13.2604
      vertex 10.7971 13.1227 13.4015
    endloop
  endfacet
  facet normal 0.653291 -0.653282 0.382666
    outer loop
      vertex 10.8439 13.0869 13.2604
      vertex 7.94699 10.2726 13.4015
      vertex 7.99374 10.2367 13.2604
    endloop
  endfacet
  facet normal 0.152847 -0.152844 -0.976359
    outer loop
      vertex -12.3271 -11.6866 15.6904
      vertex -9.39788 -8.96813 15.7234
      vertex -12.2263 -11.7966 15.7234
    endloop
  endfacet
  facet normal 0.152847 -0.152844 -0.976359
    outer loop
      vertex -9.39788 -8.96813 15.7234
      vertex -12.3271 -11.6866 15.6904
      vertex -9.49868 -8.85813 15.6904
    endloop
  endfacet
  facet normal 0.152844 -0.152847 -0.976359
    outer loop
      vertex 8.96813 9.39788 15.7234
      vertex 11.6866 12.3271 15.6904
      vertex 11.7966 12.2263 15.7234
    endloop
  endfacet
  facet normal 0.152844 -0.152847 -0.976359
    outer loop
      vertex 11.6866 12.3271 15.6904
      vertex 8.96813 9.39788 15.7234
      vertex 8.85813 9.49868 15.6904
    endloop
  endfacet
  facet normal -0.0921749 0.0921765 -0.991467
    outer loop
      vertex -11.7966 -12.2263 15.7234
      vertex -9.07983 -9.29553 15.7433
      vertex -8.96813 -9.39788 15.7234
    endloop
  endfacet
  facet normal -0.0921968 0.0921968 -0.991463
    outer loop
      vertex -9.07983 -9.29553 15.7433
      vertex -11.7966 -12.2263 15.7234
      vertex -11.9083 -12.124 15.7433
    endloop
  endfacet
  facet normal -0.0921765 0.0921749 -0.991467
    outer loop
      vertex 9.29553 9.07983 15.7433
      vertex 12.2263 11.7966 15.7234
      vertex 9.39788 8.96813 15.7234
    endloop
  endfacet
  facet normal -0.0921968 0.0921968 -0.991463
    outer loop
      vertex 12.2263 11.7966 15.7234
      vertex 9.29553 9.07983 15.7433
      vertex 12.124 11.9083 15.7433
    endloop
  endfacet
  facet normal 0.212516 -0.212513 -0.953769
    outer loop
      vertex -12.4256 -11.5791 15.6445
      vertex -9.49868 -8.85813 15.6904
      vertex -12.3271 -11.6866 15.6904
    endloop
  endfacet
  facet normal 0.212597 -0.2126 -0.953731
    outer loop
      vertex -9.49868 -8.85813 15.6904
      vertex -12.4256 -11.5791 15.6445
      vertex -9.59714 -8.75068 15.6445
    endloop
  endfacet
  facet normal 0.212513 -0.212516 -0.953769
    outer loop
      vertex 8.85813 9.49868 15.6904
      vertex 11.5791 12.4256 15.6445
      vertex 11.6866 12.3271 15.6904
    endloop
  endfacet
  facet normal 0.2126 -0.212597 -0.953731
    outer loop
      vertex 11.5791 12.4256 15.6445
      vertex 8.85813 9.49868 15.6904
      vertex 8.75068 9.59714 15.6445
    endloop
  endfacet
  facet normal -0.477763 0.477764 0.737214
    outer loop
      vertex -8.35624 -9.95858 12.6669
      vertex -11.1076 -12.8576 12.7626
      vertex -8.27269 -10.0227 12.7626
    endloop
  endfacet
  facet normal -0.479007 0.478894 0.735672
    outer loop
      vertex -8.36225 -9.95307 12.6594
      vertex -11.1076 -12.8576 12.7626
      vertex -8.35624 -9.95858 12.6669
    endloop
  endfacet
  facet normal -0.477832 0.477835 0.737123
    outer loop
      vertex -11.1076 -12.8576 12.7626
      vertex -8.36225 -9.95307 12.6594
      vertex -11.1907 -12.7815 12.6594
    endloop
  endfacet
  facet normal -0.477835 0.477832 0.737123
    outer loop
      vertex 9.95307 8.36225 12.6594
      vertex 12.8576 11.1076 12.7626
      vertex 12.7815 11.1907 12.6594
    endloop
  endfacet
  facet normal -0.477764 0.477763 0.737214
    outer loop
      vertex 12.8576 11.1076 12.7626
      vertex 9.95858 8.35624 12.6669
      vertex 10.0227 8.27269 12.7626
    endloop
  endfacet
  facet normal -0.478894 0.479007 0.735672
    outer loop
      vertex 12.8576 11.1076 12.7626
      vertex 9.95307 8.36225 12.6594
      vertex 9.95858 8.35624 12.6669
    endloop
  endfacet
  facet normal -0.270899 0.270902 0.923702
    outer loop
      vertex -8.75068 -9.59714 12.3555
      vertex -11.475 -12.5209 12.414
      vertex -8.64659 -9.69252 12.414
    endloop
  endfacet
  facet normal -0.270984 0.27098 0.923655
    outer loop
      vertex -11.475 -12.5209 12.414
      vertex -8.75068 -9.59714 12.3555
      vertex -11.5791 -12.4256 12.3555
    endloop
  endfacet
  facet normal -0.27098 0.270984 0.923655
    outer loop
      vertex 9.59714 8.75068 12.3555
      vertex 12.5209 11.475 12.414
      vertex 12.4256 11.5791 12.3555
    endloop
  endfacet
  facet normal -0.270902 0.270899 0.923702
    outer loop
      vertex 12.5209 11.475 12.414
      vertex 9.59714 8.75068 12.3555
      vertex 9.69252 8.64659 12.414
    endloop
  endfacet
  facet normal 0.477835 -0.477832 -0.737123
    outer loop
      vertex -12.8576 -11.1076 15.2374
      vertex -9.95307 -8.36225 15.3406
      vertex -12.7815 -11.1907 15.3406
    endloop
  endfacet
  facet normal 0.478894 -0.479007 -0.735672
    outer loop
      vertex -9.95307 -8.36225 15.3406
      vertex -12.8576 -11.1076 15.2374
      vertex -9.95858 -8.35624 15.3331
    endloop
  endfacet
  facet normal 0.477764 -0.477763 -0.737214
    outer loop
      vertex -9.95858 -8.35624 15.3331
      vertex -12.8576 -11.1076 15.2374
      vertex -10.0227 -8.27269 15.2374
    endloop
  endfacet
  facet normal 0.477832 -0.477835 -0.737123
    outer loop
      vertex 8.36225 9.95307 15.3406
      vertex 11.1076 12.8576 15.2374
      vertex 11.1907 12.7815 15.3406
    endloop
  endfacet
  facet normal 0.479007 -0.478894 -0.735672
    outer loop
      vertex 8.35624 9.95858 15.3331
      vertex 11.1076 12.8576 15.2374
      vertex 8.36225 9.95307 15.3406
    endloop
  endfacet
  facet normal 0.477763 -0.477764 -0.737214
    outer loop
      vertex 11.1076 12.8576 15.2374
      vertex 8.35624 9.95858 15.3331
      vertex 8.27269 10.0227 15.2374
    endloop
  endfacet
  facet normal -0.152844 0.152847 -0.976359
    outer loop
      vertex -11.6866 -12.3271 15.6904
      vertex -8.96813 -9.39788 15.7234
      vertex -8.85813 -9.49868 15.6904
    endloop
  endfacet
  facet normal -0.152844 0.152847 -0.976359
    outer loop
      vertex -8.96813 -9.39788 15.7234
      vertex -11.6866 -12.3271 15.6904
      vertex -11.7966 -12.2263 15.7234
    endloop
  endfacet
  facet normal -0.152847 0.152844 -0.976359
    outer loop
      vertex 9.39788 8.96813 15.7234
      vertex 12.3271 11.6866 15.6904
      vertex 9.49868 8.85813 15.6904
    endloop
  endfacet
  facet normal -0.152847 0.152844 -0.976359
    outer loop
      vertex 12.3271 11.6866 15.6904
      vertex 9.39788 8.96813 15.7234
      vertex 12.2263 11.7966 15.7234
    endloop
  endfacet
  facet normal -0.690329 0.690327 -0.21655
    outer loop
      vertex -10.7339 -13.1712 14.3039
      vertex -7.91025 -10.3008 14.4529
      vertex -7.88381 -10.3211 14.3039
    endloop
  endfacet
  facet normal -0.690281 0.690293 -0.216815
    outer loop
      vertex -7.91025 -10.3008 14.4529
      vertex -10.7339 -13.1712 14.3039
      vertex -10.7604 -13.1509 14.4529
    endloop
  endfacet
  facet normal -0.690293 0.690281 -0.216815
    outer loop
      vertex 13.1712 10.7339 14.3039
      vertex 10.3008 7.91025 14.4529
      vertex 13.1509 10.7604 14.4529
    endloop
  endfacet
  facet normal -0.690327 0.690329 -0.21655
    outer loop
      vertex 10.3008 7.91025 14.4529
      vertex 13.1712 10.7339 14.3039
      vertex 10.3211 7.88381 14.3039
    endloop
  endfacet
  facet normal -0.596519 0.596521 0.536961
    outer loop
      vertex -10.9629 -12.9902 12.9962
      vertex -8.05015 -10.1934 13.125
      vertex -8.11579 -10.1431 12.9962
    endloop
  endfacet
  facet normal -0.596406 0.596391 0.537232
    outer loop
      vertex -10.9274 -13.0228 13.0718
      vertex -8.05015 -10.1934 13.125
      vertex -10.9629 -12.9902 12.9962
    endloop
  endfacet
  facet normal -0.596483 0.596473 0.537055
    outer loop
      vertex -8.05015 -10.1934 13.125
      vertex -10.9274 -13.0228 13.0718
      vertex -10.9003 -13.0436 13.125
    endloop
  endfacet
  facet normal -0.596399 0.596397 0.537232
    outer loop
      vertex 10.1431 8.11579 12.9962
      vertex 13.0228 10.9274 13.0718
      vertex 12.9902 10.9629 12.9962
    endloop
  endfacet
  facet normal -0.596476 0.59648 0.537055
    outer loop
      vertex 13.0228 10.9274 13.0718
      vertex 10.1431 8.11579 12.9962
      vertex 13.0436 10.9003 13.125
    endloop
  endfacet
  facet normal -0.596515 0.596525 0.536961
    outer loop
      vertex 13.0436 10.9003 13.125
      vertex 10.1431 8.11579 12.9962
      vertex 10.1934 8.05015 13.125
    endloop
  endfacet
  facet normal -0.701069 0.701079 0.130351
    outer loop
      vertex -7.88381 -10.3211 13.6961
      vertex -10.718 -13.1834 13.8475
      vertex -7.86786 -10.3333 13.8475
    endloop
  endfacet
  facet normal -0.701096 0.701094 0.130124
    outer loop
      vertex -10.718 -13.1834 13.8475
      vertex -7.88381 -10.3211 13.6961
      vertex -10.7339 -13.1712 13.6961
    endloop
  endfacet
  facet normal -0.701094 0.701096 0.130124
    outer loop
      vertex 10.3211 7.88381 13.6961
      vertex 13.1834 10.718 13.8475
      vertex 13.1712 10.7339 13.6961
    endloop
  endfacet
  facet normal -0.701079 0.701069 0.130351
    outer loop
      vertex 13.1834 10.718 13.8475
      vertex 10.3211 7.88381 13.6961
      vertex 10.3333 7.86786 13.8475
    endloop
  endfacet
  facet normal 0.379825 -0.379821 0.843486
    outer loop
      vertex -12.6996 -11.2801 12.5665
      vertex -9.78409 -8.54666 12.4845
      vertex -9.87116 -8.45163 12.5665
    endloop
  endfacet
  facet normal 0.379825 -0.379821 0.843486
    outer loop
      vertex -9.78409 -8.54666 12.4845
      vertex -12.6996 -11.2801 12.5665
      vertex -12.6125 -11.3751 12.4845
    endloop
  endfacet
  facet normal 0.379821 -0.379825 0.843486
    outer loop
      vertex 11.2801 12.6996 12.5665
      vertex 8.54666 9.78409 12.4845
      vertex 11.3751 12.6125 12.4845
    endloop
  endfacet
  facet normal 0.379821 -0.379825 0.843486
    outer loop
      vertex 8.54666 9.78409 12.4845
      vertex 11.2801 12.6996 12.5665
      vertex 8.45163 9.87116 12.5665
    endloop
  endfacet
  facet normal 0.478894 -0.479007 0.735672
    outer loop
      vertex -12.8576 -11.1076 12.7626
      vertex -9.95307 -8.36225 12.6594
      vertex -9.95858 -8.35624 12.6669
    endloop
  endfacet
  facet normal 0.477764 -0.477763 0.737214
    outer loop
      vertex -12.8576 -11.1076 12.7626
      vertex -9.95858 -8.35624 12.6669
      vertex -10.0227 -8.27269 12.7626
    endloop
  endfacet
  facet normal 0.477835 -0.477832 0.737123
    outer loop
      vertex -9.95307 -8.36225 12.6594
      vertex -12.8576 -11.1076 12.7626
      vertex -12.7815 -11.1907 12.6594
    endloop
  endfacet
  facet normal 0.477832 -0.477835 0.737123
    outer loop
      vertex 11.1076 12.8576 12.7626
      vertex 8.36225 9.95307 12.6594
      vertex 11.1907 12.7815 12.6594
    endloop
  endfacet
  facet normal 0.479007 -0.478894 0.735672
    outer loop
      vertex 11.1076 12.8576 12.7626
      vertex 8.35624 9.95858 12.6669
      vertex 8.36225 9.95307 12.6594
    endloop
  endfacet
  facet normal 0.477763 -0.477764 0.737214
    outer loop
      vertex 8.35624 9.95858 12.6669
      vertex 11.1076 12.8576 12.7626
      vertex 8.27269 10.0227 12.7626
    endloop
  endfacet
  facet normal -0.0310317 0.0310317 -0.999037
    outer loop
      vertex -11.9083 -12.124 15.7433
      vertex -9.19239 -9.19239 15.75
      vertex -9.07983 -9.29553 15.7433
    endloop
  endfacet
  facet normal -0.0310317 0.0310317 -0.999037
    outer loop
      vertex -9.19239 -9.19239 15.75
      vertex -11.9083 -12.124 15.7433
      vertex -12.0208 -12.0208 15.75
    endloop
  endfacet
  facet normal -0.0310317 0.0310317 -0.999037
    outer loop
      vertex 9.19239 9.19239 15.75
      vertex 12.124 11.9083 15.7433
      vertex 9.29553 9.07983 15.7433
    endloop
  endfacet
  facet normal -0.0310317 0.0310317 -0.999037
    outer loop
      vertex 12.124 11.9083 15.7433
      vertex 9.19239 9.19239 15.75
      vertex 12.0208 12.0208 15.75
    endloop
  endfacet
  facet normal 0.379825 -0.379821 -0.843486
    outer loop
      vertex -12.6996 -11.2801 15.4335
      vertex -9.78409 -8.54666 15.5155
      vertex -12.6125 -11.3751 15.5155
    endloop
  endfacet
  facet normal 0.379825 -0.379821 -0.843486
    outer loop
      vertex -9.78409 -8.54666 15.5155
      vertex -12.6996 -11.2801 15.4335
      vertex -9.87116 -8.45163 15.4335
    endloop
  endfacet
  facet normal 0.379821 -0.379825 -0.843486
    outer loop
      vertex 8.54666 9.78409 15.5155
      vertex 11.2801 12.6996 15.4335
      vertex 11.3751 12.6125 15.5155
    endloop
  endfacet
  facet normal 0.379821 -0.379825 -0.843486
    outer loop
      vertex 11.2801 12.6996 15.4335
      vertex 8.54666 9.78409 15.5155
      vertex 8.45163 9.87116 15.4335
    endloop
  endfacet
  facet normal -0.2126 0.212597 0.953731
    outer loop
      vertex -8.85813 -9.49868 12.3096
      vertex -11.5791 -12.4256 12.3555
      vertex -8.75068 -9.59714 12.3555
    endloop
  endfacet
  facet normal -0.212513 0.212516 0.953769
    outer loop
      vertex -11.5791 -12.4256 12.3555
      vertex -8.85813 -9.49868 12.3096
      vertex -11.6866 -12.3271 12.3096
    endloop
  endfacet
  facet normal -0.212516 0.212513 0.953769
    outer loop
      vertex 9.49868 8.85813 12.3096
      vertex 12.4256 11.5791 12.3555
      vertex 12.3271 11.6866 12.3096
    endloop
  endfacet
  facet normal -0.212597 0.2126 0.953731
    outer loop
      vertex 12.4256 11.5791 12.3555
      vertex 9.49868 8.85813 12.3096
      vertex 9.59714 8.75068 12.3555
    endloop
  endfacet
  facet normal 0.627167 -0.627176 0.461856
    outer loop
      vertex -13.0869 -10.8439 13.2604
      vertex -10.1934 -8.05015 13.125
      vertex -10.2367 -7.99374 13.2604
    endloop
  endfacet
  facet normal 0.62718 -0.627191 0.46182
    outer loop
      vertex -10.1934 -8.05015 13.125
      vertex -13.0869 -10.8439 13.2604
      vertex -13.0436 -10.9003 13.125
    endloop
  endfacet
  facet normal 0.62719 -0.627181 0.46182
    outer loop
      vertex 7.99374 10.2367 13.2604
      vertex 10.9003 13.0436 13.125
      vertex 10.8439 13.0869 13.2604
    endloop
  endfacet
  facet normal 0.627177 -0.627166 0.461856
    outer loop
      vertex 10.9003 13.0436 13.125
      vertex 7.99374 10.2367 13.2604
      vertex 8.05015 10.1934 13.125
    endloop
  endfacet
  facet normal -0.2126 0.212597 -0.953731
    outer loop
      vertex -11.5791 -12.4256 15.6445
      vertex -8.85813 -9.49868 15.6904
      vertex -8.75068 -9.59714 15.6445
    endloop
  endfacet
  facet normal -0.212513 0.212516 -0.953769
    outer loop
      vertex -8.85813 -9.49868 15.6904
      vertex -11.5791 -12.4256 15.6445
      vertex -11.6866 -12.3271 15.6904
    endloop
  endfacet
  facet normal -0.212597 0.2126 -0.953731
    outer loop
      vertex 9.49868 8.85813 15.6904
      vertex 12.4256 11.5791 15.6445
      vertex 9.59714 8.75068 15.6445
    endloop
  endfacet
  facet normal -0.212516 0.212513 -0.953769
    outer loop
      vertex 12.4256 11.5791 15.6445
      vertex 9.49868 8.85813 15.6904
      vertex 12.3271 11.6866 15.6904
    endloop
  endfacet
  facet normal -0.326539 0.326542 -0.886985
    outer loop
      vertex -11.3751 -12.6125 15.5155
      vertex -8.64659 -9.69252 15.586
      vertex -8.54666 -9.78409 15.5155
    endloop
  endfacet
  facet normal -0.326539 0.326542 -0.886985
    outer loop
      vertex -8.64659 -9.69252 15.586
      vertex -11.3751 -12.6125 15.5155
      vertex -11.475 -12.5209 15.586
    endloop
  endfacet
  facet normal -0.326542 0.326539 -0.886985
    outer loop
      vertex 9.69252 8.64659 15.586
      vertex 12.6125 11.3751 15.5155
      vertex 9.78409 8.54666 15.5155
    endloop
  endfacet
  facet normal -0.326542 0.326539 -0.886985
    outer loop
      vertex 12.6125 11.3751 15.5155
      vertex 9.69252 8.64659 15.586
      vertex 12.5209 11.475 15.586
    endloop
  endfacet
  facet normal -0.627177 0.627166 -0.461856
    outer loop
      vertex -7.99374 -10.2367 14.7396
      vertex -10.9003 -13.0436 14.875
      vertex -8.05015 -10.1934 14.875
    endloop
  endfacet
  facet normal -0.62719 0.627181 -0.46182
    outer loop
      vertex -10.9003 -13.0436 14.875
      vertex -7.99374 -10.2367 14.7396
      vertex -10.8439 -13.0869 14.7396
    endloop
  endfacet
  facet normal -0.62718 0.627191 -0.46182
    outer loop
      vertex 13.0869 10.8439 14.7396
      vertex 10.1934 8.05015 14.875
      vertex 13.0436 10.9003 14.875
    endloop
  endfacet
  facet normal -0.627167 0.627176 -0.461856
    outer loop
      vertex 10.1934 8.05015 14.875
      vertex 13.0869 10.8439 14.7396
      vertex 10.2367 7.99374 14.7396
    endloop
  endfacet
  facet normal -0.596519 0.596521 -0.536961
    outer loop
      vertex -8.05015 -10.1934 14.875
      vertex -10.9629 -12.9902 15.0038
      vertex -8.11579 -10.1431 15.0038
    endloop
  endfacet
  facet normal -0.596406 0.596391 -0.537232
    outer loop
      vertex -8.05015 -10.1934 14.875
      vertex -10.9274 -13.0228 14.9282
      vertex -10.9629 -12.9902 15.0038
    endloop
  endfacet
  facet normal -0.596483 0.596473 -0.537055
    outer loop
      vertex -10.9274 -13.0228 14.9282
      vertex -8.05015 -10.1934 14.875
      vertex -10.9003 -13.0436 14.875
    endloop
  endfacet
  facet normal -0.596476 0.59648 -0.537055
    outer loop
      vertex 10.1431 8.11579 15.0038
      vertex 13.0228 10.9274 14.9282
      vertex 13.0436 10.9003 14.875
    endloop
  endfacet
  facet normal -0.596399 0.596397 -0.537232
    outer loop
      vertex 13.0228 10.9274 14.9282
      vertex 10.1431 8.11579 15.0038
      vertex 12.9902 10.9629 15.0038
    endloop
  endfacet
  facet normal -0.596515 0.596525 -0.536961
    outer loop
      vertex 10.1431 8.11579 15.0038
      vertex 13.0436 10.9003 14.875
      vertex 10.1934 8.05015 14.875
    endloop
  endfacet
  facet normal -0.674363 0.674365 0.300777
    outer loop
      vertex -10.7971 -13.1227 13.4015
      vertex -7.91025 -10.3008 13.5471
      vertex -7.94699 -10.2726 13.4015
    endloop
  endfacet
  facet normal -0.674395 0.674407 0.300609
    outer loop
      vertex -7.91025 -10.3008 13.5471
      vertex -10.7971 -13.1227 13.4015
      vertex -10.7604 -13.1509 13.5471
    endloop
  endfacet
  facet normal -0.674407 0.674395 0.300609
    outer loop
      vertex 13.1227 10.7971 13.4015
      vertex 10.3008 7.91025 13.5471
      vertex 13.1509 10.7604 13.5471
    endloop
  endfacet
  facet normal -0.674365 0.674363 0.300777
    outer loop
      vertex 10.3008 7.91025 13.5471
      vertex 13.1227 10.7971 13.4015
      vertex 10.2726 7.94699 13.4015
    endloop
  endfacet
  facet normal 0.326542 -0.326539 0.886985
    outer loop
      vertex -12.6125 -11.3751 12.4845
      vertex -9.69252 -8.64659 12.414
      vertex -9.78409 -8.54666 12.4845
    endloop
  endfacet
  facet normal 0.326542 -0.326539 0.886985
    outer loop
      vertex -9.69252 -8.64659 12.414
      vertex -12.6125 -11.3751 12.4845
      vertex -12.5209 -11.475 12.414
    endloop
  endfacet
  facet normal 0.326539 -0.326542 0.886985
    outer loop
      vertex 11.3751 12.6125 12.4845
      vertex 8.64659 9.69252 12.414
      vertex 11.475 12.5209 12.414
    endloop
  endfacet
  facet normal 0.326539 -0.326542 0.886985
    outer loop
      vertex 8.64659 9.69252 12.414
      vertex 11.3751 12.6125 12.4845
      vertex 8.54666 9.78409 12.4845
    endloop
  endfacet
  facet normal 0.690327 -0.690329 -0.21655
    outer loop
      vertex -10.3008 -7.91025 14.4529
      vertex -13.1712 -10.7339 14.3039
      vertex -10.3211 -7.88381 14.3039
    endloop
  endfacet
  facet normal 0.690293 -0.690281 -0.216815
    outer loop
      vertex -13.1712 -10.7339 14.3039
      vertex -10.3008 -7.91025 14.4529
      vertex -13.1509 -10.7604 14.4529
    endloop
  endfacet
  facet normal 0.690288 -0.690285 -0.216815
    outer loop
      vertex 10.7604 13.1509 14.4529
      vertex 7.88381 10.3211 14.3039
      vertex 10.7339 13.1712 14.3039
    endloop
  endfacet
  facet normal 0.690322 -0.690334 -0.21655
    outer loop
      vertex 7.88381 10.3211 14.3039
      vertex 10.7604 13.1509 14.4529
      vertex 7.91025 10.3008 14.4529
    endloop
  endfacet
  facet normal 0.596515 -0.596525 -0.536961
    outer loop
      vertex -10.1431 -8.11579 15.0038
      vertex -13.0436 -10.9003 14.875
      vertex -10.1934 -8.05015 14.875
    endloop
  endfacet
  facet normal 0.596476 -0.59648 -0.537055
    outer loop
      vertex -10.1431 -8.11579 15.0038
      vertex -13.0228 -10.9274 14.9282
      vertex -13.0436 -10.9003 14.875
    endloop
  endfacet
  facet normal 0.596399 -0.596397 -0.537232
    outer loop
      vertex -13.0228 -10.9274 14.9282
      vertex -10.1431 -8.11579 15.0038
      vertex -12.9902 -10.9629 15.0038
    endloop
  endfacet
  facet normal 0.596406 -0.596391 -0.537232
    outer loop
      vertex 8.05015 10.1934 14.875
      vertex 10.9274 13.0228 14.9282
      vertex 10.9629 12.9902 15.0038
    endloop
  endfacet
  facet normal 0.596483 -0.596473 -0.537055
    outer loop
      vertex 10.9274 13.0228 14.9282
      vertex 8.05015 10.1934 14.875
      vertex 10.9003 13.0436 14.875
    endloop
  endfacet
  facet normal 0.596519 -0.596521 -0.536961
    outer loop
      vertex 8.05015 10.1934 14.875
      vertex 10.9629 12.9902 15.0038
      vertex 8.11579 10.1431 15.0038
    endloop
  endfacet
  facet normal 0.27098 -0.270984 -0.923655
    outer loop
      vertex -12.5209 -11.475 15.586
      vertex -9.59714 -8.75068 15.6445
      vertex -12.4256 -11.5791 15.6445
    endloop
  endfacet
  facet normal 0.270902 -0.270899 -0.923702
    outer loop
      vertex -9.59714 -8.75068 15.6445
      vertex -12.5209 -11.475 15.586
      vertex -9.69252 -8.64659 15.586
    endloop
  endfacet
  facet normal 0.270984 -0.27098 -0.923655
    outer loop
      vertex 8.75068 9.59714 15.6445
      vertex 11.475 12.5209 15.586
      vertex 11.5791 12.4256 15.6445
    endloop
  endfacet
  facet normal 0.270899 -0.270902 -0.923702
    outer loop
      vertex 11.475 12.5209 15.586
      vertex 8.75068 9.59714 15.6445
      vertex 8.64659 9.69252 15.586
    endloop
  endfacet
  facet normal -0.560895 0.560897 -0.608926
    outer loop
      vertex -10.9629 -12.9902 15.0038
      vertex -8.19016 -10.086 15.1249
      vertex -8.11579 -10.1431 15.0038
    endloop
  endfacet
  facet normal -0.561013 0.561001 -0.608723
    outer loop
      vertex -8.19016 -10.086 15.1249
      vertex -10.9629 -12.9902 15.0038
      vertex -11.0315 -12.9274 15.1249
    endloop
  endfacet
  facet normal -0.560897 0.560895 -0.608926
    outer loop
      vertex 10.086 8.19016 15.1249
      vertex 12.9902 10.9629 15.0038
      vertex 10.1431 8.11579 15.0038
    endloop
  endfacet
  facet normal -0.561001 0.561013 -0.608723
    outer loop
      vertex 12.9902 10.9629 15.0038
      vertex 10.086 8.19016 15.1249
      vertex 12.9274 11.0315 15.1249
    endloop
  endfacet
  facet normal 0.0921765 -0.0921749 0.991467
    outer loop
      vertex -12.2263 -11.7966 12.2766
      vertex -9.29553 -9.07983 12.2567
      vertex -9.39788 -8.96813 12.2766
    endloop
  endfacet
  facet normal 0.0921968 -0.0921968 0.991463
    outer loop
      vertex -9.29553 -9.07983 12.2567
      vertex -12.2263 -11.7966 12.2766
      vertex -12.124 -11.9083 12.2567
    endloop
  endfacet
  facet normal 0.0921968 -0.0921968 0.991463
    outer loop
      vertex 11.7966 12.2263 12.2766
      vertex 9.07983 9.29553 12.2567
      vertex 11.9083 12.124 12.2567
    endloop
  endfacet
  facet normal 0.0921749 -0.0921765 0.991467
    outer loop
      vertex 9.07983 9.29553 12.2567
      vertex 11.7966 12.2263 12.2766
      vertex 8.96813 9.39788 12.2766
    endloop
  endfacet
  facet normal 0.674407 -0.674395 0.300609
    outer loop
      vertex -13.1227 -10.7971 13.4015
      vertex -10.3008 -7.91025 13.5471
      vertex -13.1509 -10.7604 13.5471
    endloop
  endfacet
  facet normal 0.674365 -0.674363 0.300777
    outer loop
      vertex -10.3008 -7.91025 13.5471
      vertex -13.1227 -10.7971 13.4015
      vertex -10.2726 -7.94699 13.4015
    endloop
  endfacet
  facet normal 0.674395 -0.674407 0.300609
    outer loop
      vertex 7.91025 10.3008 13.5471
      vertex 10.7971 13.1227 13.4015
      vertex 10.7604 13.1509 13.5471
    endloop
  endfacet
  facet normal 0.674363 -0.674365 0.300777
    outer loop
      vertex 10.7971 13.1227 13.4015
      vertex 7.91025 10.3008 13.5471
      vertex 7.94699 10.2726 13.4015
    endloop
  endfacet
  facet normal 0.560897 -0.560895 0.608926
    outer loop
      vertex -12.9902 -10.9629 12.9962
      vertex -10.086 -8.19016 12.8751
      vertex -10.1431 -8.11579 12.9962
    endloop
  endfacet
  facet normal 0.561001 -0.561013 0.608723
    outer loop
      vertex -10.086 -8.19016 12.8751
      vertex -12.9902 -10.9629 12.9962
      vertex -12.9274 -11.0315 12.8751
    endloop
  endfacet
  facet normal 0.561013 -0.561001 0.608723
    outer loop
      vertex 10.9629 12.9902 12.9962
      vertex 8.19016 10.086 12.8751
      vertex 11.0315 12.9274 12.8751
    endloop
  endfacet
  facet normal 0.560895 -0.560897 0.608926
    outer loop
      vertex 8.19016 10.086 12.8751
      vertex 10.9629 12.9902 12.9962
      vertex 8.11579 10.1431 12.9962
    endloop
  endfacet
  facet normal 0.701079 -0.701069 -0.130351
    outer loop
      vertex -10.3211 -7.88381 14.3039
      vertex -13.1834 -10.718 14.1525
      vertex -10.3333 -7.86786 14.1525
    endloop
  endfacet
  facet normal 0.701094 -0.701096 -0.130124
    outer loop
      vertex -13.1834 -10.718 14.1525
      vertex -10.3211 -7.88381 14.3039
      vertex -13.1712 -10.7339 14.3039
    endloop
  endfacet
  facet normal 0.701069 -0.701079 -0.130351
    outer loop
      vertex 10.718 13.1834 14.1525
      vertex 7.88381 10.3211 14.3039
      vertex 7.86786 10.3333 14.1525
    endloop
  endfacet
  facet normal 0.701096 -0.701094 -0.130124
    outer loop
      vertex 7.88381 10.3211 14.3039
      vertex 10.718 13.1834 14.1525
      vertex 10.7339 13.1712 14.3039
    endloop
  endfacet
  facet normal -0.653291 0.653282 -0.382666
    outer loop
      vertex -7.94699 -10.2726 14.5985
      vertex -10.8439 -13.0869 14.7396
      vertex -7.99374 -10.2367 14.7396
    endloop
  endfacet
  facet normal -0.653343 0.653346 -0.382468
    outer loop
      vertex -10.8439 -13.0869 14.7396
      vertex -7.94699 -10.2726 14.5985
      vertex -10.7971 -13.1227 14.5985
    endloop
  endfacet
  facet normal -0.653346 0.653343 -0.382468
    outer loop
      vertex 10.2726 7.94699 14.5985
      vertex 13.0869 10.8439 14.7396
      vertex 13.1227 10.7971 14.5985
    endloop
  endfacet
  facet normal -0.653282 0.653291 -0.382666
    outer loop
      vertex 13.0869 10.8439 14.7396
      vertex 10.2726 7.94699 14.5985
      vertex 10.2367 7.99374 14.7396
    endloop
  endfacet
  facet normal 0.674407 -0.674395 -0.300609
    outer loop
      vertex -10.3008 -7.91025 14.4529
      vertex -13.1227 -10.7971 14.5985
      vertex -13.1509 -10.7604 14.4529
    endloop
  endfacet
  facet normal 0.674365 -0.674363 -0.300777
    outer loop
      vertex -13.1227 -10.7971 14.5985
      vertex -10.3008 -7.91025 14.4529
      vertex -10.2726 -7.94699 14.5985
    endloop
  endfacet
  facet normal 0.674395 -0.674407 -0.300609
    outer loop
      vertex 10.7971 13.1227 14.5985
      vertex 7.91025 10.3008 14.4529
      vertex 10.7604 13.1509 14.4529
    endloop
  endfacet
  facet normal 0.674363 -0.674365 -0.300777
    outer loop
      vertex 7.91025 10.3008 14.4529
      vertex 10.7971 13.1227 14.5985
      vertex 7.94699 10.2726 14.5985
    endloop
  endfacet
  facet normal 0.653346 -0.653343 -0.382468
    outer loop
      vertex -10.2726 -7.94699 14.5985
      vertex -13.0869 -10.8439 14.7396
      vertex -13.1227 -10.7971 14.5985
    endloop
  endfacet
  facet normal 0.653282 -0.653291 -0.382666
    outer loop
      vertex -13.0869 -10.8439 14.7396
      vertex -10.2726 -7.94699 14.5985
      vertex -10.2367 -7.99374 14.7396
    endloop
  endfacet
  facet normal 0.653343 -0.653346 -0.382468
    outer loop
      vertex 10.8439 13.0869 14.7396
      vertex 7.94699 10.2726 14.5985
      vertex 10.7971 13.1227 14.5985
    endloop
  endfacet
  facet normal 0.653291 -0.653282 -0.382666
    outer loop
      vertex 7.94699 10.2726 14.5985
      vertex 10.8439 13.0869 14.7396
      vertex 7.99374 10.2367 14.7396
    endloop
  endfacet
endsolid OpenSCAD_Model
