solid OpenSCAD_Model
  facet normal 0.976292 0.21646 0
    outer loop
      vertex 21.1734 3.73344 30
      vertex 20.7674 5.56461 0
      vertex 20.7674 5.56461 30
    endloop
  endfacet
  facet normal 0.976292 0.21646 0
    outer loop
      vertex 20.7674 5.56461 0
      vertex 21.1734 3.73344 30
      vertex 21.1734 3.73344 0
    endloop
  endfacet
  facet normal -0.130516 -0.991446 0
    outer loop
      vertex -3.73344 -21.1734 0
      vertex -1.87385 -21.4182 30
      vertex -3.73344 -21.1734 30
    endloop
  endfacet
  facet normal -0.130516 -0.991446 -0
    outer loop
      vertex -1.87385 -21.4182 30
      vertex -3.73344 -21.1734 0
      vertex -1.87385 -21.4182 0
    endloop
  endfacet
  facet normal 0.991446 0.130516 0
    outer loop
      vertex 21.4182 1.87385 30
      vertex 21.1734 3.73344 0
      vertex 21.1734 3.73344 30
    endloop
  endfacet
  facet normal 0.991446 0.130516 0
    outer loop
      vertex 21.1734 3.73344 0
      vertex 21.4182 1.87385 30
      vertex 21.4182 1.87385 0
    endloop
  endfacet
  facet normal 0.999049 0.0436119 0
    outer loop
      vertex 21.5 0 30
      vertex 21.4182 1.87385 0
      vertex 21.4182 1.87385 30
    endloop
  endfacet
  facet normal 0.999049 0.0436119 0
    outer loop
      vertex 21.4182 1.87385 0
      vertex 21.5 0 30
      vertex 21.5 0 0
    endloop
  endfacet
  facet normal 0.382695 -0.923875 0
    outer loop
      vertex 7.35343 -20.2034 0
      vertex 9.08629 -19.4856 30
      vertex 7.35343 -20.2034 30
    endloop
  endfacet
  facet normal 0.382695 -0.923875 0
    outer loop
      vertex 9.08629 -19.4856 30
      vertex 7.35343 -20.2034 0
      vertex 9.08629 -19.4856 0
    endloop
  endfacet
  facet normal -0.793349 -0.608767 0
    outer loop
      vertex -16.47 -13.8199 0
      vertex -17.6118 -12.3319 30
      vertex -17.6118 -12.3319 0
    endloop
  endfacet
  facet normal -0.793349 -0.608767 0
    outer loop
      vertex -17.6118 -12.3319 30
      vertex -16.47 -13.8199 0
      vertex -16.47 -13.8199 30
    endloop
  endfacet
  facet normal -0.537269 0.843411 0
    outer loop
      vertex -10.75 18.6195 0
      vertex -12.3319 17.6118 30
      vertex -10.75 18.6195 30
    endloop
  endfacet
  facet normal -0.537269 0.843411 0
    outer loop
      vertex -12.3319 17.6118 30
      vertex -10.75 18.6195 0
      vertex -12.3319 17.6118 0
    endloop
  endfacet
  facet normal 0.130516 0.991446 -0
    outer loop
      vertex 3.73344 21.1734 0
      vertex 1.87385 21.4182 30
      vertex 3.73344 21.1734 30
    endloop
  endfacet
  facet normal 0.130516 0.991446 0
    outer loop
      vertex 1.87385 21.4182 30
      vertex 3.73344 21.1734 0
      vertex 1.87385 21.4182 0
    endloop
  endfacet
  facet normal -0.976292 0.21646 0
    outer loop
      vertex -21.1734 3.73344 0
      vertex -20.7674 5.56461 30
      vertex -20.7674 5.56461 0
    endloop
  endfacet
  facet normal -0.976292 0.21646 0
    outer loop
      vertex -20.7674 5.56461 30
      vertex -21.1734 3.73344 0
      vertex -21.1734 3.73344 30
    endloop
  endfacet
  facet normal -0.21646 0.976292 0
    outer loop
      vertex -3.73344 21.1734 0
      vertex -5.56461 20.7674 30
      vertex -3.73344 21.1734 30
    endloop
  endfacet
  facet normal -0.21646 0.976292 0
    outer loop
      vertex -5.56461 20.7674 30
      vertex -3.73344 21.1734 0
      vertex -5.56461 20.7674 0
    endloop
  endfacet
  facet normal -0.923875 -0.382695 0
    outer loop
      vertex -19.4856 -9.08629 0
      vertex -20.2034 -7.35343 30
      vertex -20.2034 -7.35343 0
    endloop
  endfacet
  facet normal -0.923875 -0.382695 0
    outer loop
      vertex -20.2034 -7.35343 30
      vertex -19.4856 -9.08629 0
      vertex -19.4856 -9.08629 30
    endloop
  endfacet
  facet normal -0.843411 0.537269 0
    outer loop
      vertex -18.6195 10.75 0
      vertex -17.6118 12.3319 30
      vertex -17.6118 12.3319 0
    endloop
  endfacet
  facet normal -0.843411 0.537269 0
    outer loop
      vertex -17.6118 12.3319 30
      vertex -18.6195 10.75 0
      vertex -18.6195 10.75 30
    endloop
  endfacet
  facet normal 0.130516 -0.991446 0
    outer loop
      vertex 1.87385 -21.4182 0
      vertex 3.73344 -21.1734 30
      vertex 1.87385 -21.4182 30
    endloop
  endfacet
  facet normal 0.130516 -0.991446 0
    outer loop
      vertex 3.73344 -21.1734 30
      vertex 1.87385 -21.4182 0
      vertex 3.73344 -21.1734 0
    endloop
  endfacet
  facet normal 0.953719 0.3007 0
    outer loop
      vertex 20.7674 5.56461 30
      vertex 20.2034 7.35343 0
      vertex 20.2034 7.35343 30
    endloop
  endfacet
  facet normal 0.953719 0.3007 0
    outer loop
      vertex 20.2034 7.35343 0
      vertex 20.7674 5.56461 30
      vertex 20.7674 5.56461 0
    endloop
  endfacet
  facet normal -0.46176 0.887005 0
    outer loop
      vertex -9.08629 19.4856 0
      vertex -10.75 18.6195 30
      vertex -9.08629 19.4856 30
    endloop
  endfacet
  facet normal -0.46176 0.887005 0
    outer loop
      vertex -10.75 18.6195 30
      vertex -9.08629 19.4856 0
      vertex -10.75 18.6195 0
    endloop
  endfacet
  facet normal 0.608767 0.793349 -0
    outer loop
      vertex 13.8199 16.47 0
      vertex 12.3319 17.6118 30
      vertex 13.8199 16.47 30
    endloop
  endfacet
  facet normal 0.608767 0.793349 0
    outer loop
      vertex 12.3319 17.6118 30
      vertex 13.8199 16.47 0
      vertex 12.3319 17.6118 0
    endloop
  endfacet
  facet normal -0.953719 -0.3007 0
    outer loop
      vertex -20.2034 -7.35343 0
      vertex -20.7674 -5.56461 30
      vertex -20.7674 -5.56461 0
    endloop
  endfacet
  facet normal -0.953719 -0.3007 0
    outer loop
      vertex -20.7674 -5.56461 30
      vertex -20.2034 -7.35343 0
      vertex -20.2034 -7.35343 30
    endloop
  endfacet
  facet normal 0.793349 -0.608767 0
    outer loop
      vertex 16.47 -13.8199 30
      vertex 17.6118 -12.3319 0
      vertex 17.6118 -12.3319 30
    endloop
  endfacet
  facet normal 0.793349 -0.608767 0
    outer loop
      vertex 17.6118 -12.3319 0
      vertex 16.47 -13.8199 30
      vertex 16.47 -13.8199 0
    endloop
  endfacet
  facet normal 0.793349 0.608767 0
    outer loop
      vertex 17.6118 12.3319 30
      vertex 16.47 13.8199 0
      vertex 16.47 13.8199 30
    endloop
  endfacet
  facet normal 0.793349 0.608767 0
    outer loop
      vertex 16.47 13.8199 0
      vertex 17.6118 12.3319 30
      vertex 17.6118 12.3319 0
    endloop
  endfacet
  facet normal -0.843411 -0.537269 0
    outer loop
      vertex -17.6118 -12.3319 0
      vertex -18.6195 -10.75 30
      vertex -18.6195 -10.75 0
    endloop
  endfacet
  facet normal -0.843411 -0.537269 0
    outer loop
      vertex -18.6195 -10.75 30
      vertex -17.6118 -12.3319 0
      vertex -17.6118 -12.3319 30
    endloop
  endfacet
  facet normal 0.976292 -0.21646 0
    outer loop
      vertex 20.7674 -5.56461 30
      vertex 21.1734 -3.73344 0
      vertex 21.1734 -3.73344 30
    endloop
  endfacet
  facet normal 0.976292 -0.21646 0
    outer loop
      vertex 21.1734 -3.73344 0
      vertex 20.7674 -5.56461 30
      vertex 20.7674 -5.56461 0
    endloop
  endfacet
  facet normal -0.3007 -0.953719 0
    outer loop
      vertex -7.35343 -20.2034 0
      vertex -5.56461 -20.7674 30
      vertex -7.35343 -20.2034 30
    endloop
  endfacet
  facet normal -0.3007 -0.953719 -0
    outer loop
      vertex -5.56461 -20.7674 30
      vertex -7.35343 -20.2034 0
      vertex -5.56461 -20.7674 0
    endloop
  endfacet
  facet normal 0.46176 0.887005 -0
    outer loop
      vertex 10.75 18.6195 0
      vertex 9.08629 19.4856 30
      vertex 10.75 18.6195 30
    endloop
  endfacet
  facet normal 0.46176 0.887005 0
    outer loop
      vertex 9.08629 19.4856 30
      vertex 10.75 18.6195 0
      vertex 9.08629 19.4856 0
    endloop
  endfacet
  facet normal 0.537269 0.843411 -0
    outer loop
      vertex 12.3319 17.6118 0
      vertex 10.75 18.6195 30
      vertex 12.3319 17.6118 30
    endloop
  endfacet
  facet normal 0.537269 0.843411 0
    outer loop
      vertex 10.75 18.6195 30
      vertex 12.3319 17.6118 0
      vertex 10.75 18.6195 0
    endloop
  endfacet
  facet normal 0.923875 0.382695 0
    outer loop
      vertex 20.2034 7.35343 30
      vertex 19.4856 9.08629 0
      vertex 19.4856 9.08629 30
    endloop
  endfacet
  facet normal 0.923875 0.382695 0
    outer loop
      vertex 19.4856 9.08629 0
      vertex 20.2034 7.35343 30
      vertex 20.2034 7.35343 0
    endloop
  endfacet
  facet normal 0.923875 -0.382695 0
    outer loop
      vertex 19.4856 -9.08629 30
      vertex 20.2034 -7.35343 0
      vertex 20.2034 -7.35343 30
    endloop
  endfacet
  facet normal 0.923875 -0.382695 0
    outer loop
      vertex 20.2034 -7.35343 0
      vertex 19.4856 -9.08629 30
      vertex 19.4856 -9.08629 0
    endloop
  endfacet
  facet normal 0.3007 0.953719 -0
    outer loop
      vertex 7.35343 20.2034 0
      vertex 5.56461 20.7674 30
      vertex 7.35343 20.2034 30
    endloop
  endfacet
  facet normal 0.3007 0.953719 0
    outer loop
      vertex 5.56461 20.7674 30
      vertex 7.35343 20.2034 0
      vertex 5.56461 20.7674 0
    endloop
  endfacet
  facet normal 0.382695 0.923875 -0
    outer loop
      vertex 9.08629 19.4856 0
      vertex 7.35343 20.2034 30
      vertex 9.08629 19.4856 30
    endloop
  endfacet
  facet normal 0.382695 0.923875 0
    outer loop
      vertex 7.35343 20.2034 30
      vertex 9.08629 19.4856 0
      vertex 7.35343 20.2034 0
    endloop
  endfacet
  facet normal -0.737276 0.675592 0
    outer loop
      vertex -16.47 13.8199 0
      vertex -15.2028 15.2028 30
      vertex -15.2028 15.2028 0
    endloop
  endfacet
  facet normal -0.737276 0.675592 0
    outer loop
      vertex -15.2028 15.2028 30
      vertex -16.47 13.8199 0
      vertex -16.47 13.8199 30
    endloop
  endfacet
  facet normal 0.3007 -0.953719 0
    outer loop
      vertex 5.56461 -20.7674 0
      vertex 7.35343 -20.2034 30
      vertex 5.56461 -20.7674 30
    endloop
  endfacet
  facet normal 0.3007 -0.953719 0
    outer loop
      vertex 7.35343 -20.2034 30
      vertex 5.56461 -20.7674 0
      vertex 7.35343 -20.2034 0
    endloop
  endfacet
  facet normal 0.991446 -0.130516 0
    outer loop
      vertex 21.1734 -3.73344 30
      vertex 21.4182 -1.87385 0
      vertex 21.4182 -1.87385 30
    endloop
  endfacet
  facet normal 0.991446 -0.130516 0
    outer loop
      vertex 21.4182 -1.87385 0
      vertex 21.1734 -3.73344 30
      vertex 21.1734 -3.73344 0
    endloop
  endfacet
  facet normal 0.999049 -0.0436119 0
    outer loop
      vertex 21.4182 -1.87385 30
      vertex 21.5 0 0
      vertex 21.5 0 30
    endloop
  endfacet
  facet normal 0.999049 -0.0436119 0
    outer loop
      vertex 21.5 0 0
      vertex 21.4182 -1.87385 30
      vertex 21.4182 -1.87385 0
    endloop
  endfacet
  facet normal 0.737535 0.675309 0
    outer loop
      vertex 15.2028 15.2028 30
      vertex 15.3059 15.0902 23.7433
      vertex 15.2028 15.2028 23.75
    endloop
  endfacet
  facet normal 0.737276 0.675592 -9.35017e-06
    outer loop
      vertex 16.47 13.8199 30
      vertex 15.3059 15.0902 23.7433
      vertex 15.2028 15.2028 30
    endloop
  endfacet
  facet normal 0.737131 0.67575 4.96237e-05
    outer loop
      vertex 15.3059 15.0902 23.7433
      vertex 16.47 13.8199 30
      vertex 15.4083 14.9785 23.7234
    endloop
  endfacet
  facet normal 0.737265 0.675603 -1.21417e-07
    outer loop
      vertex 15.4083 14.9785 23.7234
      vertex 16.47 13.8199 30
      vertex 15.5091 14.8685 23.6904
    endloop
  endfacet
  facet normal 0.737321 0.675542 -1.87129e-05
    outer loop
      vertex 15.5091 14.8685 23.6904
      vertex 16.47 13.8199 30
      vertex 15.6075 14.7611 23.6445
    endloop
  endfacet
  facet normal 0.737244 0.675627 4.35144e-06
    outer loop
      vertex 15.6075 14.7611 23.6445
      vertex 16.47 13.8199 30
      vertex 15.7029 14.657 23.586
    endloop
  endfacet
  facet normal 0.737079 0.675807 4.74727e-05
    outer loop
      vertex 15.7029 14.657 23.586
      vertex 16.47 13.8199 30
      vertex 15.7945 14.5571 23.5155
    endloop
  endfacet
  facet normal 0.73743 0.675424 -3.25955e-05
    outer loop
      vertex 15.7945 14.5571 23.5155
      vertex 16.47 13.8199 30
      vertex 15.8816 14.462 23.4335
    endloop
  endfacet
  facet normal 0.737009 0.675883 5.00474e-05
    outer loop
      vertex 15.8816 14.462 23.4335
      vertex 16.47 13.8199 30
      vertex 15.9635 14.3727 23.3406
    endloop
  endfacet
  facet normal 0.737469 0.675381 -2.66624e-05
    outer loop
      vertex 15.9635 14.3727 23.3406
      vertex 16.47 13.8199 30
      vertex 16.0396 14.2896 23.2374
    endloop
  endfacet
  facet normal 0.737421 0.675433 -1.9947e-05
    outer loop
      vertex 16.0396 14.2896 23.2374
      vertex 16.47 13.8199 30
      vertex 16.1093 14.2135 23.1249
    endloop
  endfacet
  facet normal 0.737082 0.675804 1.90481e-05
    outer loop
      vertex 16.1093 14.2135 23.1249
      vertex 16.47 13.8199 30
      vertex 16.1722 14.1449 23.0038
    endloop
  endfacet
  facet normal 0.736936 0.675963 3.26379e-05
    outer loop
      vertex 16.1722 14.1449 23.0038
      vertex 16.47 13.8199 30
      vertex 16.2277 14.0844 22.875
    endloop
  endfacet
  facet normal 0.738192 0.674591 -6.09922e-05
    outer loop
      vertex 16.2277 14.0844 22.875
      vertex 16.47 13.8199 30
      vertex 16.2753 14.0323 22.7396
    endloop
  endfacet
  facet normal 0.737219 0.675654 -3.8055e-06
    outer loop
      vertex 16.2753 14.0323 22.7396
      vertex 16.47 13.8199 30
      vertex 16.3148 13.9892 22.5985
    endloop
  endfacet
  facet normal 0.736676 0.676246 9.42706e-06
    outer loop
      vertex 16.3817 13.9162 22.1525
      vertex 16.47 13.8199 30
      vertex 16.3862 13.9113 22
    endloop
  endfacet
  facet normal 0.738614 0.674128 -3.83651e-05
    outer loop
      vertex 16.3682 13.931 22.3039
      vertex 16.47 13.8199 30
      vertex 16.3817 13.9162 22.1525
    endloop
  endfacet
  facet normal 0.736818 0.676091 1.37179e-05
    outer loop
      vertex 16.3459 13.9553 22.4529
      vertex 16.47 13.8199 30
      vertex 16.3682 13.931 22.3039
    endloop
  endfacet
  facet normal 0.736906 0.675995 1.05631e-05
    outer loop
      vertex 16.3148 13.9892 22.5985
      vertex 16.47 13.8199 30
      vertex 16.3459 13.9553 22.4529
    endloop
  endfacet
  facet normal 0.737535 0.675309 0
    outer loop
      vertex 15.3059 15.0902 20.2567
      vertex 15.2028 15.2028 0
      vertex 15.2028 15.2028 20.25
    endloop
  endfacet
  facet normal 0.737128 0.675753 -1.57062e-05
    outer loop
      vertex 16.47 13.8199 0
      vertex 15.3059 15.0902 20.2567
      vertex 15.4083 14.9785 20.2766
    endloop
  endfacet
  facet normal 0.737265 0.675603 3.89974e-08
    outer loop
      vertex 16.47 13.8199 0
      vertex 15.4083 14.9785 20.2766
      vertex 15.5091 14.8685 20.3096
    endloop
  endfacet
  facet normal 0.737324 0.675539 6.09205e-06
    outer loop
      vertex 16.47 13.8199 0
      vertex 15.5091 14.8685 20.3096
      vertex 15.6075 14.7611 20.3555
    endloop
  endfacet
  facet normal 0.737243 0.675628 -1.43442e-06
    outer loop
      vertex 16.47 13.8199 0
      vertex 15.6075 14.7611 20.3555
      vertex 15.7029 14.657 20.414
    endloop
  endfacet
  facet normal 0.737068 0.675819 -1.58311e-05
    outer loop
      vertex 16.47 13.8199 0
      vertex 15.7029 14.657 20.414
      vertex 15.7945 14.5571 20.4845
    endloop
  endfacet
  facet normal 0.737439 0.675414 1.09889e-05
    outer loop
      vertex 16.47 13.8199 0
      vertex 15.7945 14.5571 20.4845
      vertex 15.8816 14.462 20.5665
    endloop
  endfacet
  facet normal 0.736992 0.675902 -1.70505e-05
    outer loop
      vertex 16.47 13.8199 0
      vertex 15.8816 14.462 20.5665
      vertex 15.9635 14.3727 20.6594
    endloop
  endfacet
  facet normal 0.73748 0.675369 9.17565e-06
    outer loop
      vertex 16.47 13.8199 0
      vertex 15.9635 14.3727 20.6594
      vertex 16.0396 14.2896 20.7626
    endloop
  endfacet
  facet normal 0.737431 0.675423 6.93229e-06
    outer loop
      vertex 16.47 13.8199 0
      vertex 16.0396 14.2896 20.7626
      vertex 16.1093 14.2135 20.8751
    endloop
  endfacet
  facet normal 0.737071 0.675816 -6.68481e-06
    outer loop
      vertex 16.47 13.8199 0
      vertex 16.1093 14.2135 20.8751
      vertex 16.1722 14.1449 20.9962
    endloop
  endfacet
  facet normal 0.736914 0.675987 -1.15693e-05
    outer loop
      vertex 16.47 13.8199 0
      vertex 16.1722 14.1449 20.9962
      vertex 16.2277 14.0844 21.125
    endloop
  endfacet
  facet normal 0.738242 0.674535 2.18466e-05
    outer loop
      vertex 16.47 13.8199 0
      vertex 16.2277 14.0844 21.125
      vertex 16.2753 14.0323 21.2604
    endloop
  endfacet
  facet normal 0.737223 0.67565 1.37894e-06
    outer loop
      vertex 16.47 13.8199 0
      vertex 16.2753 14.0323 21.2604
      vertex 16.3148 13.9892 21.4015
    endloop
  endfacet
  facet normal 0.736892 0.676011 -3.88013e-06
    outer loop
      vertex 16.47 13.8199 0
      vertex 16.3148 13.9892 21.4015
      vertex 16.3459 13.9553 21.5471
    endloop
  endfacet
  facet normal 0.736792 0.676119 -5.13535e-06
    outer loop
      vertex 16.47 13.8199 0
      vertex 16.3459 13.9553 21.5471
      vertex 16.3682 13.931 21.6961
    endloop
  endfacet
  facet normal 0.738734 0.673997 1.48436e-05
    outer loop
      vertex 16.47 13.8199 0
      vertex 16.3682 13.931 21.6961
      vertex 16.3817 13.9162 21.8475
    endloop
  endfacet
  facet normal 0.737276 0.675592 2.88799e-06
    outer loop
      vertex 15.3059 15.0902 20.2567
      vertex 16.47 13.8199 0
      vertex 15.2028 15.2028 0
    endloop
  endfacet
  facet normal 0.736594 0.676336 -4.11442e-06
    outer loop
      vertex 16.3862 13.9113 22
      vertex 16.47 13.8199 0
      vertex 16.3817 13.9162 21.8475
    endloop
  endfacet
  facet normal 0.737087 0.675798 -0
    outer loop
      vertex 16.47 13.8199 0
      vertex 16.3862 13.9113 22
      vertex 16.47 13.8199 30
    endloop
  endfacet
  facet normal 0.21646 0.976292 -0
    outer loop
      vertex 5.56461 20.7674 0
      vertex 3.73344 21.1734 30
      vertex 5.56461 20.7674 30
    endloop
  endfacet
  facet normal 0.21646 0.976292 0
    outer loop
      vertex 3.73344 21.1734 30
      vertex 5.56461 20.7674 0
      vertex 3.73344 21.1734 0
    endloop
  endfacet
  facet normal 0.537269 -0.843411 0
    outer loop
      vertex 10.75 -18.6195 0
      vertex 12.3319 -17.6118 30
      vertex 10.75 -18.6195 30
    endloop
  endfacet
  facet normal 0.537269 -0.843411 0
    outer loop
      vertex 12.3319 -17.6118 30
      vertex 10.75 -18.6195 0
      vertex 12.3319 -17.6118 0
    endloop
  endfacet
  facet normal -0.675309 -0.737535 0
    outer loop
      vertex -15.0902 -15.3059 23.7433
      vertex -15.2028 -15.2028 30
      vertex -15.2028 -15.2028 23.75
    endloop
  endfacet
  facet normal -0.675592 -0.737276 -9.35017e-06
    outer loop
      vertex -15.2028 -15.2028 30
      vertex -15.0902 -15.3059 23.7433
      vertex -13.8199 -16.47 30
    endloop
  endfacet
  facet normal -0.67575 -0.737131 4.96237e-05
    outer loop
      vertex -14.9785 -15.4083 23.7234
      vertex -13.8199 -16.47 30
      vertex -15.0902 -15.3059 23.7433
    endloop
  endfacet
  facet normal -0.675603 -0.737265 -1.21417e-07
    outer loop
      vertex -14.8685 -15.5091 23.6904
      vertex -13.8199 -16.47 30
      vertex -14.9785 -15.4083 23.7234
    endloop
  endfacet
  facet normal -0.675542 -0.737321 -1.87129e-05
    outer loop
      vertex -14.7611 -15.6075 23.6445
      vertex -13.8199 -16.47 30
      vertex -14.8685 -15.5091 23.6904
    endloop
  endfacet
  facet normal -0.675627 -0.737244 4.35144e-06
    outer loop
      vertex -14.657 -15.7029 23.586
      vertex -13.8199 -16.47 30
      vertex -14.7611 -15.6075 23.6445
    endloop
  endfacet
  facet normal -0.675807 -0.737079 4.74727e-05
    outer loop
      vertex -14.5571 -15.7945 23.5155
      vertex -13.8199 -16.47 30
      vertex -14.657 -15.7029 23.586
    endloop
  endfacet
  facet normal -0.675424 -0.73743 -3.25955e-05
    outer loop
      vertex -14.462 -15.8816 23.4335
      vertex -13.8199 -16.47 30
      vertex -14.5571 -15.7945 23.5155
    endloop
  endfacet
  facet normal -0.675883 -0.737009 5.00474e-05
    outer loop
      vertex -14.3727 -15.9635 23.3406
      vertex -13.8199 -16.47 30
      vertex -14.462 -15.8816 23.4335
    endloop
  endfacet
  facet normal -0.675381 -0.737469 -2.66624e-05
    outer loop
      vertex -14.2896 -16.0396 23.2374
      vertex -13.8199 -16.47 30
      vertex -14.3727 -15.9635 23.3406
    endloop
  endfacet
  facet normal -0.675433 -0.737421 -1.9947e-05
    outer loop
      vertex -14.2135 -16.1093 23.1249
      vertex -13.8199 -16.47 30
      vertex -14.2896 -16.0396 23.2374
    endloop
  endfacet
  facet normal -0.675804 -0.737082 1.90481e-05
    outer loop
      vertex -14.1449 -16.1722 23.0038
      vertex -13.8199 -16.47 30
      vertex -14.2135 -16.1093 23.1249
    endloop
  endfacet
  facet normal -0.675963 -0.736936 3.26379e-05
    outer loop
      vertex -14.0844 -16.2277 22.875
      vertex -13.8199 -16.47 30
      vertex -14.1449 -16.1722 23.0038
    endloop
  endfacet
  facet normal -0.674591 -0.738192 -6.09922e-05
    outer loop
      vertex -14.0323 -16.2753 22.7396
      vertex -13.8199 -16.47 30
      vertex -14.0844 -16.2277 22.875
    endloop
  endfacet
  facet normal -0.675654 -0.737219 -3.8055e-06
    outer loop
      vertex -13.9892 -16.3148 22.5985
      vertex -13.8199 -16.47 30
      vertex -14.0323 -16.2753 22.7396
    endloop
  endfacet
  facet normal -0.675995 -0.736906 1.05631e-05
    outer loop
      vertex -13.9553 -16.3459 22.4529
      vertex -13.8199 -16.47 30
      vertex -13.9892 -16.3148 22.5985
    endloop
  endfacet
  facet normal -0.676091 -0.736818 1.37179e-05
    outer loop
      vertex -13.931 -16.3682 22.3039
      vertex -13.8199 -16.47 30
      vertex -13.9553 -16.3459 22.4529
    endloop
  endfacet
  facet normal -0.674128 -0.738614 -3.83651e-05
    outer loop
      vertex -13.9162 -16.3817 22.1525
      vertex -13.8199 -16.47 30
      vertex -13.931 -16.3682 22.3039
    endloop
  endfacet
  facet normal -0.676246 -0.736676 9.42706e-06
    outer loop
      vertex -13.9113 -16.3862 22
      vertex -13.8199 -16.47 30
      vertex -13.9162 -16.3817 22.1525
    endloop
  endfacet
  facet normal -0.675309 -0.737535 0
    outer loop
      vertex -15.2028 -15.2028 0
      vertex -15.0902 -15.3059 20.2567
      vertex -15.2028 -15.2028 20.25
    endloop
  endfacet
  facet normal -0.675592 -0.737276 2.88799e-06
    outer loop
      vertex -13.8199 -16.47 0
      vertex -15.0902 -15.3059 20.2567
      vertex -15.2028 -15.2028 0
    endloop
  endfacet
  facet normal -0.675753 -0.737128 -1.57062e-05
    outer loop
      vertex -15.0902 -15.3059 20.2567
      vertex -13.8199 -16.47 0
      vertex -14.9785 -15.4083 20.2766
    endloop
  endfacet
  facet normal -0.675603 -0.737265 3.89974e-08
    outer loop
      vertex -14.9785 -15.4083 20.2766
      vertex -13.8199 -16.47 0
      vertex -14.8685 -15.5091 20.3096
    endloop
  endfacet
  facet normal -0.675539 -0.737324 6.09205e-06
    outer loop
      vertex -14.8685 -15.5091 20.3096
      vertex -13.8199 -16.47 0
      vertex -14.7611 -15.6075 20.3555
    endloop
  endfacet
  facet normal -0.675628 -0.737243 -1.43442e-06
    outer loop
      vertex -14.7611 -15.6075 20.3555
      vertex -13.8199 -16.47 0
      vertex -14.657 -15.7029 20.414
    endloop
  endfacet
  facet normal -0.675819 -0.737068 -1.58311e-05
    outer loop
      vertex -14.657 -15.7029 20.414
      vertex -13.8199 -16.47 0
      vertex -14.5571 -15.7945 20.4845
    endloop
  endfacet
  facet normal -0.675414 -0.737439 1.09889e-05
    outer loop
      vertex -14.5571 -15.7945 20.4845
      vertex -13.8199 -16.47 0
      vertex -14.462 -15.8816 20.5665
    endloop
  endfacet
  facet normal -0.675902 -0.736992 -1.70505e-05
    outer loop
      vertex -14.462 -15.8816 20.5665
      vertex -13.8199 -16.47 0
      vertex -14.3727 -15.9635 20.6594
    endloop
  endfacet
  facet normal -0.675369 -0.73748 9.17565e-06
    outer loop
      vertex -14.3727 -15.9635 20.6594
      vertex -13.8199 -16.47 0
      vertex -14.2896 -16.0396 20.7626
    endloop
  endfacet
  facet normal -0.675423 -0.737431 6.93229e-06
    outer loop
      vertex -14.2896 -16.0396 20.7626
      vertex -13.8199 -16.47 0
      vertex -14.2135 -16.1093 20.8751
    endloop
  endfacet
  facet normal -0.675816 -0.737071 -6.68481e-06
    outer loop
      vertex -14.2135 -16.1093 20.8751
      vertex -13.8199 -16.47 0
      vertex -14.1449 -16.1722 20.9962
    endloop
  endfacet
  facet normal -0.675987 -0.736914 -1.15693e-05
    outer loop
      vertex -14.1449 -16.1722 20.9962
      vertex -13.8199 -16.47 0
      vertex -14.0844 -16.2277 21.125
    endloop
  endfacet
  facet normal -0.674535 -0.738242 2.18466e-05
    outer loop
      vertex -14.0844 -16.2277 21.125
      vertex -13.8199 -16.47 0
      vertex -14.0323 -16.2753 21.2604
    endloop
  endfacet
  facet normal -0.67565 -0.737223 1.37894e-06
    outer loop
      vertex -14.0323 -16.2753 21.2604
      vertex -13.8199 -16.47 0
      vertex -13.9892 -16.3148 21.4015
    endloop
  endfacet
  facet normal -0.676011 -0.736892 -3.88013e-06
    outer loop
      vertex -13.9892 -16.3148 21.4015
      vertex -13.8199 -16.47 0
      vertex -13.9553 -16.3459 21.5471
    endloop
  endfacet
  facet normal -0.676119 -0.736792 -5.13535e-06
    outer loop
      vertex -13.9553 -16.3459 21.5471
      vertex -13.8199 -16.47 0
      vertex -13.931 -16.3682 21.6961
    endloop
  endfacet
  facet normal -0.675798 -0.737087 0
    outer loop
      vertex -13.9113 -16.3862 22
      vertex -13.8199 -16.47 0
      vertex -13.8199 -16.47 30
    endloop
  endfacet
  facet normal -0.676336 -0.736594 -4.11442e-06
    outer loop
      vertex -13.9162 -16.3817 21.8475
      vertex -13.8199 -16.47 0
      vertex -13.9113 -16.3862 22
    endloop
  endfacet
  facet normal -0.673997 -0.738734 1.48436e-05
    outer loop
      vertex -13.931 -16.3682 21.6961
      vertex -13.8199 -16.47 0
      vertex -13.9162 -16.3817 21.8475
    endloop
  endfacet
  facet normal 0.46176 -0.887005 0
    outer loop
      vertex 9.08629 -19.4856 0
      vertex 10.75 -18.6195 30
      vertex 9.08629 -19.4856 30
    endloop
  endfacet
  facet normal 0.46176 -0.887005 0
    outer loop
      vertex 10.75 -18.6195 30
      vertex 9.08629 -19.4856 0
      vertex 10.75 -18.6195 0
    endloop
  endfacet
  facet normal 0.0436119 -0.999049 0
    outer loop
      vertex 0 -21.5 0
      vertex 1.87385 -21.4182 30
      vertex 0 -21.5 30
    endloop
  endfacet
  facet normal 0.0436119 -0.999049 0
    outer loop
      vertex 1.87385 -21.4182 30
      vertex 0 -21.5 0
      vertex 1.87385 -21.4182 0
    endloop
  endfacet
  facet normal 0.953719 -0.3007 0
    outer loop
      vertex 20.2034 -7.35343 30
      vertex 20.7674 -5.56461 0
      vertex 20.7674 -5.56461 30
    endloop
  endfacet
  facet normal 0.953719 -0.3007 0
    outer loop
      vertex 20.7674 -5.56461 0
      vertex 20.2034 -7.35343 30
      vertex 20.2034 -7.35343 0
    endloop
  endfacet
  facet normal 0.843411 -0.537269 0
    outer loop
      vertex 17.6118 -12.3319 30
      vertex 18.6195 -10.75 0
      vertex 18.6195 -10.75 30
    endloop
  endfacet
  facet normal 0.843411 -0.537269 0
    outer loop
      vertex 18.6195 -10.75 0
      vertex 17.6118 -12.3319 30
      vertex 17.6118 -12.3319 0
    endloop
  endfacet
  facet normal -0.887005 -0.46176 0
    outer loop
      vertex -18.6195 -10.75 0
      vertex -19.4856 -9.08629 30
      vertex -19.4856 -9.08629 0
    endloop
  endfacet
  facet normal -0.887005 -0.46176 0
    outer loop
      vertex -19.4856 -9.08629 30
      vertex -18.6195 -10.75 0
      vertex -18.6195 -10.75 30
    endloop
  endfacet
  facet normal -0.130516 0.991446 0
    outer loop
      vertex -1.87385 21.4182 0
      vertex -3.73344 21.1734 30
      vertex -1.87385 21.4182 30
    endloop
  endfacet
  facet normal -0.130516 0.991446 0
    outer loop
      vertex -3.73344 21.1734 30
      vertex -1.87385 21.4182 0
      vertex -3.73344 21.1734 0
    endloop
  endfacet
  facet normal 0.608767 -0.793349 0
    outer loop
      vertex 12.3319 -17.6118 0
      vertex 13.8199 -16.47 30
      vertex 12.3319 -17.6118 30
    endloop
  endfacet
  facet normal 0.608767 -0.793349 0
    outer loop
      vertex 13.8199 -16.47 30
      vertex 12.3319 -17.6118 0
      vertex 13.8199 -16.47 0
    endloop
  endfacet
  facet normal -0.887005 0.46176 0
    outer loop
      vertex -19.4856 9.08629 0
      vertex -18.6195 10.75 30
      vertex -18.6195 10.75 0
    endloop
  endfacet
  facet normal -0.887005 0.46176 0
    outer loop
      vertex -18.6195 10.75 30
      vertex -19.4856 9.08629 0
      vertex -19.4856 9.08629 30
    endloop
  endfacet
  facet normal -0.0436119 -0.999049 0
    outer loop
      vertex -1.87385 -21.4182 0
      vertex 0 -21.5 30
      vertex -1.87385 -21.4182 30
    endloop
  endfacet
  facet normal -0.0436119 -0.999049 -0
    outer loop
      vertex 0 -21.5 30
      vertex -1.87385 -21.4182 0
      vertex 0 -21.5 0
    endloop
  endfacet
  facet normal -0.976292 -0.21646 0
    outer loop
      vertex -20.7674 -5.56461 0
      vertex -21.1734 -3.73344 30
      vertex -21.1734 -3.73344 0
    endloop
  endfacet
  facet normal -0.976292 -0.21646 0
    outer loop
      vertex -21.1734 -3.73344 30
      vertex -20.7674 -5.56461 0
      vertex -20.7674 -5.56461 30
    endloop
  endfacet
  facet normal 0.887005 0.46176 0
    outer loop
      vertex 19.4856 9.08629 30
      vertex 18.6195 10.75 0
      vertex 18.6195 10.75 30
    endloop
  endfacet
  facet normal 0.887005 0.46176 0
    outer loop
      vertex 18.6195 10.75 0
      vertex 19.4856 9.08629 30
      vertex 19.4856 9.08629 0
    endloop
  endfacet
  facet normal -0.382695 0.923875 0
    outer loop
      vertex -7.35343 20.2034 0
      vertex -9.08629 19.4856 30
      vertex -7.35343 20.2034 30
    endloop
  endfacet
  facet normal -0.382695 0.923875 0
    outer loop
      vertex -9.08629 19.4856 30
      vertex -7.35343 20.2034 0
      vertex -9.08629 19.4856 0
    endloop
  endfacet
  facet normal 0.843411 0.537269 0
    outer loop
      vertex 18.6195 10.75 30
      vertex 17.6118 12.3319 0
      vertex 17.6118 12.3319 30
    endloop
  endfacet
  facet normal 0.843411 0.537269 0
    outer loop
      vertex 17.6118 12.3319 0
      vertex 18.6195 10.75 30
      vertex 18.6195 10.75 0
    endloop
  endfacet
  facet normal -0.608767 0.793349 0
    outer loop
      vertex -12.3319 17.6118 0
      vertex -13.8199 16.47 30
      vertex -12.3319 17.6118 30
    endloop
  endfacet
  facet normal -0.608767 0.793349 0
    outer loop
      vertex -13.8199 16.47 30
      vertex -12.3319 17.6118 0
      vertex -13.8199 16.47 0
    endloop
  endfacet
  facet normal 0.0436119 0.999049 -0
    outer loop
      vertex 1.87385 21.4182 0
      vertex 0 21.5 30
      vertex 1.87385 21.4182 30
    endloop
  endfacet
  facet normal 0.0436119 0.999049 0
    outer loop
      vertex 0 21.5 30
      vertex 1.87385 21.4182 0
      vertex 0 21.5 0
    endloop
  endfacet
  facet normal -0.675592 0.737276 0
    outer loop
      vertex -13.8199 16.47 0
      vertex -15.2028 15.2028 30
      vertex -13.8199 16.47 30
    endloop
  endfacet
  facet normal -0.675592 0.737276 0
    outer loop
      vertex -15.2028 15.2028 30
      vertex -13.8199 16.47 0
      vertex -15.2028 15.2028 0
    endloop
  endfacet
  facet normal 0.737276 -0.675592 0
    outer loop
      vertex 15.2028 -15.2028 30
      vertex 16.47 -13.8199 0
      vertex 16.47 -13.8199 30
    endloop
  endfacet
  facet normal 0.737276 -0.675592 0
    outer loop
      vertex 16.47 -13.8199 0
      vertex 15.2028 -15.2028 30
      vertex 15.2028 -15.2028 0
    endloop
  endfacet
  facet normal -0.3007 0.953719 0
    outer loop
      vertex -5.56461 20.7674 0
      vertex -7.35343 20.2034 30
      vertex -5.56461 20.7674 30
    endloop
  endfacet
  facet normal -0.3007 0.953719 0
    outer loop
      vertex -7.35343 20.2034 30
      vertex -5.56461 20.7674 0
      vertex -7.35343 20.2034 0
    endloop
  endfacet
  facet normal -0.999049 -0.0436119 0
    outer loop
      vertex -21.4182 -1.87385 0
      vertex -21.5 0 30
      vertex -21.5 0 0
    endloop
  endfacet
  facet normal -0.999049 -0.0436119 0
    outer loop
      vertex -21.5 0 30
      vertex -21.4182 -1.87385 0
      vertex -21.4182 -1.87385 30
    endloop
  endfacet
  facet normal -0.21646 -0.976292 0
    outer loop
      vertex -5.56461 -20.7674 0
      vertex -3.73344 -21.1734 30
      vertex -5.56461 -20.7674 30
    endloop
  endfacet
  facet normal -0.21646 -0.976292 -0
    outer loop
      vertex -3.73344 -21.1734 30
      vertex -5.56461 -20.7674 0
      vertex -3.73344 -21.1734 0
    endloop
  endfacet
  facet normal -0.0436119 0.999049 0
    outer loop
      vertex 0 21.5 0
      vertex -1.87385 21.4182 30
      vertex 0 21.5 30
    endloop
  endfacet
  facet normal -0.0436119 0.999049 0
    outer loop
      vertex -1.87385 21.4182 30
      vertex 0 21.5 0
      vertex -1.87385 21.4182 0
    endloop
  endfacet
  facet normal -0.737087 -0.675798 0
    outer loop
      vertex -16.47 -13.8199 0
      vertex -16.3862 -13.9113 22
      vertex -16.47 -13.8199 30
    endloop
  endfacet
  facet normal -0.736594 -0.676336 -4.11442e-06
    outer loop
      vertex -16.47 -13.8199 0
      vertex -16.3817 -13.9162 21.8475
      vertex -16.3862 -13.9113 22
    endloop
  endfacet
  facet normal -0.738734 -0.673997 1.48436e-05
    outer loop
      vertex -16.47 -13.8199 0
      vertex -16.3682 -13.931 21.6961
      vertex -16.3817 -13.9162 21.8475
    endloop
  endfacet
  facet normal -0.736792 -0.676119 -5.13535e-06
    outer loop
      vertex -16.47 -13.8199 0
      vertex -16.3459 -13.9553 21.5471
      vertex -16.3682 -13.931 21.6961
    endloop
  endfacet
  facet normal -0.736892 -0.676011 -3.88013e-06
    outer loop
      vertex -16.47 -13.8199 0
      vertex -16.3148 -13.9892 21.4015
      vertex -16.3459 -13.9553 21.5471
    endloop
  endfacet
  facet normal -0.737223 -0.67565 1.37894e-06
    outer loop
      vertex -16.47 -13.8199 0
      vertex -16.2753 -14.0323 21.2604
      vertex -16.3148 -13.9892 21.4015
    endloop
  endfacet
  facet normal -0.738242 -0.674535 2.18466e-05
    outer loop
      vertex -16.47 -13.8199 0
      vertex -16.2277 -14.0844 21.125
      vertex -16.2753 -14.0323 21.2604
    endloop
  endfacet
  facet normal -0.736914 -0.675987 -1.15693e-05
    outer loop
      vertex -16.47 -13.8199 0
      vertex -16.1722 -14.1449 20.9962
      vertex -16.2277 -14.0844 21.125
    endloop
  endfacet
  facet normal -0.737071 -0.675816 -6.68481e-06
    outer loop
      vertex -16.47 -13.8199 0
      vertex -16.1093 -14.2135 20.8751
      vertex -16.1722 -14.1449 20.9962
    endloop
  endfacet
  facet normal -0.737431 -0.675423 6.93229e-06
    outer loop
      vertex -16.47 -13.8199 0
      vertex -16.0396 -14.2896 20.7626
      vertex -16.1093 -14.2135 20.8751
    endloop
  endfacet
  facet normal -0.73748 -0.675369 9.17565e-06
    outer loop
      vertex -16.47 -13.8199 0
      vertex -15.9635 -14.3727 20.6594
      vertex -16.0396 -14.2896 20.7626
    endloop
  endfacet
  facet normal -0.736992 -0.675902 -1.70505e-05
    outer loop
      vertex -16.47 -13.8199 0
      vertex -15.8816 -14.462 20.5665
      vertex -15.9635 -14.3727 20.6594
    endloop
  endfacet
  facet normal -0.737439 -0.675414 1.09889e-05
    outer loop
      vertex -16.47 -13.8199 0
      vertex -15.7945 -14.5571 20.4845
      vertex -15.8816 -14.462 20.5665
    endloop
  endfacet
  facet normal -0.737068 -0.675819 -1.58311e-05
    outer loop
      vertex -16.47 -13.8199 0
      vertex -15.7029 -14.657 20.414
      vertex -15.7945 -14.5571 20.4845
    endloop
  endfacet
  facet normal -0.737243 -0.675628 -1.43442e-06
    outer loop
      vertex -16.47 -13.8199 0
      vertex -15.6075 -14.7611 20.3555
      vertex -15.7029 -14.657 20.414
    endloop
  endfacet
  facet normal -0.737324 -0.675539 6.09205e-06
    outer loop
      vertex -16.47 -13.8199 0
      vertex -15.5091 -14.8685 20.3096
      vertex -15.6075 -14.7611 20.3555
    endloop
  endfacet
  facet normal -0.737265 -0.675603 3.89974e-08
    outer loop
      vertex -16.47 -13.8199 0
      vertex -15.4083 -14.9785 20.2766
      vertex -15.5091 -14.8685 20.3096
    endloop
  endfacet
  facet normal -0.737128 -0.675753 -1.57062e-05
    outer loop
      vertex -16.47 -13.8199 0
      vertex -15.3059 -15.0902 20.2567
      vertex -15.4083 -14.9785 20.2766
    endloop
  endfacet
  facet normal -0.737276 -0.675592 2.88799e-06
    outer loop
      vertex -15.2028 -15.2028 0
      vertex -15.3059 -15.0902 20.2567
      vertex -16.47 -13.8199 0
    endloop
  endfacet
  facet normal -0.737535 -0.675309 0
    outer loop
      vertex -15.3059 -15.0902 20.2567
      vertex -15.2028 -15.2028 0
      vertex -15.2028 -15.2028 20.25
    endloop
  endfacet
  facet normal -0.736676 -0.676246 9.42706e-06
    outer loop
      vertex -16.3817 -13.9162 22.1525
      vertex -16.47 -13.8199 30
      vertex -16.3862 -13.9113 22
    endloop
  endfacet
  facet normal -0.738614 -0.674128 -3.83651e-05
    outer loop
      vertex -16.3682 -13.931 22.3039
      vertex -16.47 -13.8199 30
      vertex -16.3817 -13.9162 22.1525
    endloop
  endfacet
  facet normal -0.736818 -0.676091 1.37179e-05
    outer loop
      vertex -16.3459 -13.9553 22.4529
      vertex -16.47 -13.8199 30
      vertex -16.3682 -13.931 22.3039
    endloop
  endfacet
  facet normal -0.736906 -0.675995 1.05631e-05
    outer loop
      vertex -16.3148 -13.9892 22.5985
      vertex -16.47 -13.8199 30
      vertex -16.3459 -13.9553 22.4529
    endloop
  endfacet
  facet normal -0.737219 -0.675654 -3.8055e-06
    outer loop
      vertex -16.2753 -14.0323 22.7396
      vertex -16.47 -13.8199 30
      vertex -16.3148 -13.9892 22.5985
    endloop
  endfacet
  facet normal -0.738192 -0.674591 -6.09922e-05
    outer loop
      vertex -16.2277 -14.0844 22.875
      vertex -16.47 -13.8199 30
      vertex -16.2753 -14.0323 22.7396
    endloop
  endfacet
  facet normal -0.736936 -0.675963 3.26379e-05
    outer loop
      vertex -16.1722 -14.1449 23.0038
      vertex -16.47 -13.8199 30
      vertex -16.2277 -14.0844 22.875
    endloop
  endfacet
  facet normal -0.737082 -0.675804 1.90481e-05
    outer loop
      vertex -16.1093 -14.2135 23.1249
      vertex -16.47 -13.8199 30
      vertex -16.1722 -14.1449 23.0038
    endloop
  endfacet
  facet normal -0.737421 -0.675433 -1.9947e-05
    outer loop
      vertex -16.0396 -14.2896 23.2374
      vertex -16.47 -13.8199 30
      vertex -16.1093 -14.2135 23.1249
    endloop
  endfacet
  facet normal -0.737469 -0.675381 -2.66624e-05
    outer loop
      vertex -15.9635 -14.3727 23.3406
      vertex -16.47 -13.8199 30
      vertex -16.0396 -14.2896 23.2374
    endloop
  endfacet
  facet normal -0.737009 -0.675883 5.00474e-05
    outer loop
      vertex -15.8816 -14.462 23.4335
      vertex -16.47 -13.8199 30
      vertex -15.9635 -14.3727 23.3406
    endloop
  endfacet
  facet normal -0.73743 -0.675424 -3.25955e-05
    outer loop
      vertex -15.7945 -14.5571 23.5155
      vertex -16.47 -13.8199 30
      vertex -15.8816 -14.462 23.4335
    endloop
  endfacet
  facet normal -0.737079 -0.675807 4.74727e-05
    outer loop
      vertex -15.7029 -14.657 23.586
      vertex -16.47 -13.8199 30
      vertex -15.7945 -14.5571 23.5155
    endloop
  endfacet
  facet normal -0.737244 -0.675627 4.35144e-06
    outer loop
      vertex -15.6075 -14.7611 23.6445
      vertex -16.47 -13.8199 30
      vertex -15.7029 -14.657 23.586
    endloop
  endfacet
  facet normal -0.737321 -0.675542 -1.87129e-05
    outer loop
      vertex -15.5091 -14.8685 23.6904
      vertex -16.47 -13.8199 30
      vertex -15.6075 -14.7611 23.6445
    endloop
  endfacet
  facet normal -0.737265 -0.675603 -1.21417e-07
    outer loop
      vertex -15.4083 -14.9785 23.7234
      vertex -16.47 -13.8199 30
      vertex -15.5091 -14.8685 23.6904
    endloop
  endfacet
  facet normal -0.737131 -0.67575 4.96237e-05
    outer loop
      vertex -15.3059 -15.0902 23.7433
      vertex -16.47 -13.8199 30
      vertex -15.4083 -14.9785 23.7234
    endloop
  endfacet
  facet normal -0.737535 -0.675309 -0
    outer loop
      vertex -15.2028 -15.2028 30
      vertex -15.3059 -15.0902 23.7433
      vertex -15.2028 -15.2028 23.75
    endloop
  endfacet
  facet normal -0.737276 -0.675592 -9.35017e-06
    outer loop
      vertex -15.3059 -15.0902 23.7433
      vertex -15.2028 -15.2028 30
      vertex -16.47 -13.8199 30
    endloop
  endfacet
  facet normal -0.991446 -0.130516 0
    outer loop
      vertex -21.1734 -3.73344 0
      vertex -21.4182 -1.87385 30
      vertex -21.4182 -1.87385 0
    endloop
  endfacet
  facet normal -0.991446 -0.130516 0
    outer loop
      vertex -21.4182 -1.87385 30
      vertex -21.1734 -3.73344 0
      vertex -21.1734 -3.73344 30
    endloop
  endfacet
  facet normal -0.953719 0.3007 0
    outer loop
      vertex -20.7674 5.56461 0
      vertex -20.2034 7.35343 30
      vertex -20.2034 7.35343 0
    endloop
  endfacet
  facet normal -0.953719 0.3007 0
    outer loop
      vertex -20.2034 7.35343 30
      vertex -20.7674 5.56461 0
      vertex -20.7674 5.56461 30
    endloop
  endfacet
  facet normal -0.608767 -0.793349 0
    outer loop
      vertex -13.8199 -16.47 0
      vertex -12.3319 -17.6118 30
      vertex -13.8199 -16.47 30
    endloop
  endfacet
  facet normal -0.608767 -0.793349 -0
    outer loop
      vertex -12.3319 -17.6118 30
      vertex -13.8199 -16.47 0
      vertex -12.3319 -17.6118 0
    endloop
  endfacet
  facet normal 0.887005 -0.46176 0
    outer loop
      vertex 18.6195 -10.75 30
      vertex 19.4856 -9.08629 0
      vertex 19.4856 -9.08629 30
    endloop
  endfacet
  facet normal 0.887005 -0.46176 0
    outer loop
      vertex 19.4856 -9.08629 0
      vertex 18.6195 -10.75 30
      vertex 18.6195 -10.75 0
    endloop
  endfacet
  facet normal 0.21646 -0.976292 0
    outer loop
      vertex 3.73344 -21.1734 0
      vertex 5.56461 -20.7674 30
      vertex 3.73344 -21.1734 30
    endloop
  endfacet
  facet normal 0.21646 -0.976292 0
    outer loop
      vertex 5.56461 -20.7674 30
      vertex 3.73344 -21.1734 0
      vertex 5.56461 -20.7674 0
    endloop
  endfacet
  facet normal 0.675309 0.737535 0
    outer loop
      vertex 15.0902 15.3059 23.7433
      vertex 15.2028 15.2028 30
      vertex 15.2028 15.2028 23.75
    endloop
  endfacet
  facet normal 0.675592 0.737276 -9.35017e-06
    outer loop
      vertex 15.2028 15.2028 30
      vertex 15.0902 15.3059 23.7433
      vertex 13.8199 16.47 30
    endloop
  endfacet
  facet normal 0.67575 0.737131 4.96237e-05
    outer loop
      vertex 14.9785 15.4083 23.7234
      vertex 13.8199 16.47 30
      vertex 15.0902 15.3059 23.7433
    endloop
  endfacet
  facet normal 0.675603 0.737265 -1.21417e-07
    outer loop
      vertex 14.8685 15.5091 23.6904
      vertex 13.8199 16.47 30
      vertex 14.9785 15.4083 23.7234
    endloop
  endfacet
  facet normal 0.675542 0.737321 -1.87129e-05
    outer loop
      vertex 14.7611 15.6075 23.6445
      vertex 13.8199 16.47 30
      vertex 14.8685 15.5091 23.6904
    endloop
  endfacet
  facet normal 0.675627 0.737244 4.35144e-06
    outer loop
      vertex 14.657 15.7029 23.586
      vertex 13.8199 16.47 30
      vertex 14.7611 15.6075 23.6445
    endloop
  endfacet
  facet normal 0.675807 0.737079 4.74727e-05
    outer loop
      vertex 14.5571 15.7945 23.5155
      vertex 13.8199 16.47 30
      vertex 14.657 15.7029 23.586
    endloop
  endfacet
  facet normal 0.675424 0.73743 -3.25955e-05
    outer loop
      vertex 14.462 15.8816 23.4335
      vertex 13.8199 16.47 30
      vertex 14.5571 15.7945 23.5155
    endloop
  endfacet
  facet normal 0.675883 0.737009 5.00474e-05
    outer loop
      vertex 14.3727 15.9635 23.3406
      vertex 13.8199 16.47 30
      vertex 14.462 15.8816 23.4335
    endloop
  endfacet
  facet normal 0.675381 0.737469 -2.66624e-05
    outer loop
      vertex 14.2896 16.0396 23.2374
      vertex 13.8199 16.47 30
      vertex 14.3727 15.9635 23.3406
    endloop
  endfacet
  facet normal 0.675433 0.737421 -1.9947e-05
    outer loop
      vertex 14.2135 16.1093 23.1249
      vertex 13.8199 16.47 30
      vertex 14.2896 16.0396 23.2374
    endloop
  endfacet
  facet normal 0.675804 0.737082 1.90481e-05
    outer loop
      vertex 14.1449 16.1722 23.0038
      vertex 13.8199 16.47 30
      vertex 14.2135 16.1093 23.1249
    endloop
  endfacet
  facet normal 0.675963 0.736936 3.26379e-05
    outer loop
      vertex 14.0844 16.2277 22.875
      vertex 13.8199 16.47 30
      vertex 14.1449 16.1722 23.0038
    endloop
  endfacet
  facet normal 0.674591 0.738192 -6.09922e-05
    outer loop
      vertex 14.0323 16.2753 22.7396
      vertex 13.8199 16.47 30
      vertex 14.0844 16.2277 22.875
    endloop
  endfacet
  facet normal 0.675654 0.737219 -3.8055e-06
    outer loop
      vertex 13.9892 16.3148 22.5985
      vertex 13.8199 16.47 30
      vertex 14.0323 16.2753 22.7396
    endloop
  endfacet
  facet normal 0.675995 0.736906 1.05631e-05
    outer loop
      vertex 13.9553 16.3459 22.4529
      vertex 13.8199 16.47 30
      vertex 13.9892 16.3148 22.5985
    endloop
  endfacet
  facet normal 0.676091 0.736818 1.37179e-05
    outer loop
      vertex 13.931 16.3682 22.3039
      vertex 13.8199 16.47 30
      vertex 13.9553 16.3459 22.4529
    endloop
  endfacet
  facet normal 0.674128 0.738614 -3.83651e-05
    outer loop
      vertex 13.9162 16.3817 22.1525
      vertex 13.8199 16.47 30
      vertex 13.931 16.3682 22.3039
    endloop
  endfacet
  facet normal 0.676246 0.736676 9.42706e-06
    outer loop
      vertex 13.9113 16.3862 22
      vertex 13.8199 16.47 30
      vertex 13.9162 16.3817 22.1525
    endloop
  endfacet
  facet normal 0.675309 0.737535 -0
    outer loop
      vertex 15.2028 15.2028 0
      vertex 15.0902 15.3059 20.2567
      vertex 15.2028 15.2028 20.25
    endloop
  endfacet
  facet normal 0.675592 0.737276 2.88799e-06
    outer loop
      vertex 13.8199 16.47 0
      vertex 15.0902 15.3059 20.2567
      vertex 15.2028 15.2028 0
    endloop
  endfacet
  facet normal 0.675753 0.737128 -1.57062e-05
    outer loop
      vertex 15.0902 15.3059 20.2567
      vertex 13.8199 16.47 0
      vertex 14.9785 15.4083 20.2766
    endloop
  endfacet
  facet normal 0.675603 0.737265 3.89974e-08
    outer loop
      vertex 14.9785 15.4083 20.2766
      vertex 13.8199 16.47 0
      vertex 14.8685 15.5091 20.3096
    endloop
  endfacet
  facet normal 0.675539 0.737324 6.09205e-06
    outer loop
      vertex 14.8685 15.5091 20.3096
      vertex 13.8199 16.47 0
      vertex 14.7611 15.6075 20.3555
    endloop
  endfacet
  facet normal 0.675628 0.737243 -1.43442e-06
    outer loop
      vertex 14.7611 15.6075 20.3555
      vertex 13.8199 16.47 0
      vertex 14.657 15.7029 20.414
    endloop
  endfacet
  facet normal 0.675819 0.737068 -1.58311e-05
    outer loop
      vertex 14.657 15.7029 20.414
      vertex 13.8199 16.47 0
      vertex 14.5571 15.7945 20.4845
    endloop
  endfacet
  facet normal 0.675414 0.737439 1.09889e-05
    outer loop
      vertex 14.5571 15.7945 20.4845
      vertex 13.8199 16.47 0
      vertex 14.462 15.8816 20.5665
    endloop
  endfacet
  facet normal 0.675902 0.736992 -1.70505e-05
    outer loop
      vertex 14.462 15.8816 20.5665
      vertex 13.8199 16.47 0
      vertex 14.3727 15.9635 20.6594
    endloop
  endfacet
  facet normal 0.675369 0.73748 9.17565e-06
    outer loop
      vertex 14.3727 15.9635 20.6594
      vertex 13.8199 16.47 0
      vertex 14.2896 16.0396 20.7626
    endloop
  endfacet
  facet normal 0.675423 0.737431 6.93229e-06
    outer loop
      vertex 14.2896 16.0396 20.7626
      vertex 13.8199 16.47 0
      vertex 14.2135 16.1093 20.8751
    endloop
  endfacet
  facet normal 0.675816 0.737071 -6.68481e-06
    outer loop
      vertex 14.2135 16.1093 20.8751
      vertex 13.8199 16.47 0
      vertex 14.1449 16.1722 20.9962
    endloop
  endfacet
  facet normal 0.675987 0.736914 -1.15693e-05
    outer loop
      vertex 14.1449 16.1722 20.9962
      vertex 13.8199 16.47 0
      vertex 14.0844 16.2277 21.125
    endloop
  endfacet
  facet normal 0.674535 0.738242 2.18466e-05
    outer loop
      vertex 14.0844 16.2277 21.125
      vertex 13.8199 16.47 0
      vertex 14.0323 16.2753 21.2604
    endloop
  endfacet
  facet normal 0.67565 0.737223 1.37894e-06
    outer loop
      vertex 14.0323 16.2753 21.2604
      vertex 13.8199 16.47 0
      vertex 13.9892 16.3148 21.4015
    endloop
  endfacet
  facet normal 0.676011 0.736892 -3.88013e-06
    outer loop
      vertex 13.9892 16.3148 21.4015
      vertex 13.8199 16.47 0
      vertex 13.9553 16.3459 21.5471
    endloop
  endfacet
  facet normal 0.676119 0.736792 -5.13535e-06
    outer loop
      vertex 13.9553 16.3459 21.5471
      vertex 13.8199 16.47 0
      vertex 13.931 16.3682 21.6961
    endloop
  endfacet
  facet normal 0.675798 0.737087 0
    outer loop
      vertex 13.9113 16.3862 22
      vertex 13.8199 16.47 0
      vertex 13.8199 16.47 30
    endloop
  endfacet
  facet normal 0.676336 0.736594 -4.11442e-06
    outer loop
      vertex 13.9162 16.3817 21.8475
      vertex 13.8199 16.47 0
      vertex 13.9113 16.3862 22
    endloop
  endfacet
  facet normal 0.673997 0.738734 1.48436e-05
    outer loop
      vertex 13.931 16.3682 21.6961
      vertex 13.8199 16.47 0
      vertex 13.9162 16.3817 21.8475
    endloop
  endfacet
  facet normal -0.991446 0.130516 0
    outer loop
      vertex -21.4182 1.87385 0
      vertex -21.1734 3.73344 30
      vertex -21.1734 3.73344 0
    endloop
  endfacet
  facet normal -0.991446 0.130516 0
    outer loop
      vertex -21.1734 3.73344 30
      vertex -21.4182 1.87385 0
      vertex -21.4182 1.87385 30
    endloop
  endfacet
  facet normal -0.999049 0.0436119 0
    outer loop
      vertex -21.5 0 0
      vertex -21.4182 1.87385 30
      vertex -21.4182 1.87385 0
    endloop
  endfacet
  facet normal -0.999049 0.0436119 0
    outer loop
      vertex -21.4182 1.87385 30
      vertex -21.5 0 0
      vertex -21.5 0 30
    endloop
  endfacet
  facet normal 0.675592 -0.737276 0
    outer loop
      vertex 13.8199 -16.47 0
      vertex 15.2028 -15.2028 30
      vertex 13.8199 -16.47 30
    endloop
  endfacet
  facet normal 0.675592 -0.737276 0
    outer loop
      vertex 15.2028 -15.2028 30
      vertex 13.8199 -16.47 0
      vertex 15.2028 -15.2028 0
    endloop
  endfacet
  facet normal -0.537269 -0.843411 0
    outer loop
      vertex -12.3319 -17.6118 0
      vertex -10.75 -18.6195 30
      vertex -12.3319 -17.6118 30
    endloop
  endfacet
  facet normal -0.537269 -0.843411 -0
    outer loop
      vertex -10.75 -18.6195 30
      vertex -12.3319 -17.6118 0
      vertex -10.75 -18.6195 0
    endloop
  endfacet
  facet normal -0.923875 0.382695 0
    outer loop
      vertex -20.2034 7.35343 0
      vertex -19.4856 9.08629 30
      vertex -19.4856 9.08629 0
    endloop
  endfacet
  facet normal -0.923875 0.382695 0
    outer loop
      vertex -19.4856 9.08629 30
      vertex -20.2034 7.35343 0
      vertex -20.2034 7.35343 30
    endloop
  endfacet
  facet normal -0.46176 -0.887005 0
    outer loop
      vertex -10.75 -18.6195 0
      vertex -9.08629 -19.4856 30
      vertex -10.75 -18.6195 30
    endloop
  endfacet
  facet normal -0.46176 -0.887005 -0
    outer loop
      vertex -9.08629 -19.4856 30
      vertex -10.75 -18.6195 0
      vertex -9.08629 -19.4856 0
    endloop
  endfacet
  facet normal -0 0 -1
    outer loop
      vertex -2.17889 16.3397 0
      vertex -2.86519 16.2493 0
      vertex -2.2 16.5 0
    endloop
  endfacet
  facet normal 0 0 -1
    outer loop
      vertex 2.86519 16.2493 0
      vertex 2.17889 16.3397 0
      vertex 2.2 16.5 0
    endloop
  endfacet
  facet normal 0 0 -1
    outer loop
      vertex 18.625 -0.569402 0
      vertex 21.5 0 0
      vertex 21.4182 -1.87385 0
    endloop
  endfacet
  facet normal 0 0 -1
    outer loop
      vertex 18.0556 -1.55563 0
      vertex 21.4182 -1.87385 0
      vertex 21.1734 -3.73344 0
    endloop
  endfacet
  facet normal -0 0 -1
    outer loop
      vertex 21.5 0 0
      vertex 18.625 -0.569402 0
      vertex 18.7 0 0
    endloop
  endfacet
  facet normal 0 0 -1
    outer loop
      vertex 17.6 -1.90526 0
      vertex 21.1734 -3.73344 0
      vertex 20.7674 -5.56461 0
    endloop
  endfacet
  facet normal 0 0 -1
    outer loop
      vertex 21.5 0 0
      vertex 18.625 0.569402 0
      vertex 21.4182 1.87385 0
    endloop
  endfacet
  facet normal 0 0 -1
    outer loop
      vertex 15.9378 -4.27051 0
      vertex 20.7674 -5.56461 0
      vertex 20.2034 -7.35343 0
    endloop
  endfacet
  facet normal 0 0 -1
    outer loop
      vertex 18.4053 1.1 0
      vertex 21.4182 1.87385 0
      vertex 18.625 0.569402 0
    endloop
  endfacet
  facet normal 0 0 -1
    outer loop
      vertex 15.5049 -5.64333 0
      vertex 20.2034 -7.35343 0
      vertex 19.4856 -9.08629 0
    endloop
  endfacet
  facet normal 0 0 -1
    outer loop
      vertex 18.0556 1.55563 0
      vertex 21.4182 1.87385 0
      vertex 18.4053 1.1 0
    endloop
  endfacet
  facet normal -0 0 -1
    outer loop
      vertex 21.4182 1.87385 0
      vertex 18.0556 1.55563 0
      vertex 21.1734 3.73344 0
    endloop
  endfacet
  facet normal 0 0 -1
    outer loop
      vertex 18.625 0.569402 0
      vertex 21.5 0 0
      vertex 18.7 0 0
    endloop
  endfacet
  facet normal 0 0 -1
    outer loop
      vertex 14.9541 -6.9732 0
      vertex 19.4856 -9.08629 0
      vertex 18.6195 -10.75 0
    endloop
  endfacet
  facet normal 0 0 -1
    outer loop
      vertex 21.4182 -1.87385 0
      vertex 18.4053 -1.1 0
      vertex 18.625 -0.569402 0
    endloop
  endfacet
  facet normal 0 0 -1
    outer loop
      vertex 21.4182 -1.87385 0
      vertex 18.0556 -1.55563 0
      vertex 18.4053 -1.1 0
    endloop
  endfacet
  facet normal 0 0 -1
    outer loop
      vertex 14.2894 -8.25 0
      vertex 18.6195 -10.75 0
      vertex 17.6118 -12.3319 0
    endloop
  endfacet
  facet normal 0 0 -1
    outer loop
      vertex 20.2034 -7.35343 0
      vertex 15.5049 -5.64333 0
      vertex 15.9378 -4.27051 0
    endloop
  endfacet
  facet normal 0 0 -1
    outer loop
      vertex 21.1734 -3.73344 0
      vertex 17.6 -1.90526 0
      vertex 18.0556 -1.55563 0
    endloop
  endfacet
  facet normal 0 0 -1
    outer loop
      vertex 17.6 -1.90526 0
      vertex 15.9378 -4.27051 0
      vertex 17.0694 -2.12504 0
    endloop
  endfacet
  facet normal 0 0 -1
    outer loop
      vertex 13.516 -9.46401 0
      vertex 17.6118 -12.3319 0
      vertex 16.47 -13.8199 0
    endloop
  endfacet
  facet normal 0 -0 -1
    outer loop
      vertex 16.2493 -2.86519 0
      vertex 17.0694 -2.12504 0
      vertex 15.9378 -4.27051 0
    endloop
  endfacet
  facet normal -0 0 -1
    outer loop
      vertex 16.5 -2.2 0
      vertex 16.2493 -2.86519 0
      vertex 16.3397 -2.17889 0
    endloop
  endfacet
  facet normal 0 0 -1
    outer loop
      vertex 17.0694 -2.12504 0
      vertex 16.2493 -2.86519 0
      vertex 16.5 -2.2 0
    endloop
  endfacet
  facet normal 0 0 -1
    outer loop
      vertex 20.7674 -5.56461 0
      vertex 15.9378 -4.27051 0
      vertex 17.6 -1.90526 0
    endloop
  endfacet
  facet normal 0 0 -1
    outer loop
      vertex 12.6397 -10.606 0
      vertex 16.47 -13.8199 0
      vertex 15.2028 -15.2028 0
    endloop
  endfacet
  facet normal 0 0 -1
    outer loop
      vertex 19.4856 -9.08629 0
      vertex 14.9541 -6.9732 0
      vertex 15.5049 -5.64333 0
    endloop
  endfacet
  facet normal 0 0 -1
    outer loop
      vertex 18.6195 -10.75 0
      vertex 14.2894 -8.25 0
      vertex 14.9541 -6.9732 0
    endloop
  endfacet
  facet normal 0 0 -1
    outer loop
      vertex 11.6673 -11.6673 0
      vertex 15.2028 -15.2028 0
      vertex 13.8199 -16.47 0
    endloop
  endfacet
  facet normal 0 0 -1
    outer loop
      vertex 17.6118 -12.3319 0
      vertex 13.516 -9.46401 0
      vertex 14.2894 -8.25 0
    endloop
  endfacet
  facet normal 0 0 -1
    outer loop
      vertex 16.47 -13.8199 0
      vertex 12.6397 -10.606 0
      vertex 13.516 -9.46401 0
    endloop
  endfacet
  facet normal 0 0 -1
    outer loop
      vertex 10.606 -12.6397 0
      vertex 13.8199 -16.47 0
      vertex 12.3319 -17.6118 0
    endloop
  endfacet
  facet normal 0 0 -1
    outer loop
      vertex 15.2028 -15.2028 0
      vertex 11.6673 -11.6673 0
      vertex 12.6397 -10.606 0
    endloop
  endfacet
  facet normal 0 0 -1
    outer loop
      vertex 9.46401 -13.516 0
      vertex 12.3319 -17.6118 0
      vertex 10.75 -18.6195 0
    endloop
  endfacet
  facet normal 0 0 -1
    outer loop
      vertex 13.8199 -16.47 0
      vertex 10.606 -12.6397 0
      vertex 11.6673 -11.6673 0
    endloop
  endfacet
  facet normal 0 0 -1
    outer loop
      vertex 12.3319 -17.6118 0
      vertex 9.46401 -13.516 0
      vertex 10.606 -12.6397 0
    endloop
  endfacet
  facet normal 0 0 -1
    outer loop
      vertex 8.25 -14.2894 0
      vertex 10.75 -18.6195 0
      vertex 9.08629 -19.4856 0
    endloop
  endfacet
  facet normal 0 0 -1
    outer loop
      vertex 10.75 -18.6195 0
      vertex 8.25 -14.2894 0
      vertex 9.46401 -13.516 0
    endloop
  endfacet
  facet normal 0 0 -1
    outer loop
      vertex 6.9732 -14.9541 0
      vertex 9.08629 -19.4856 0
      vertex 7.35343 -20.2034 0
    endloop
  endfacet
  facet normal 0 0 -1
    outer loop
      vertex 9.08629 -19.4856 0
      vertex 6.9732 -14.9541 0
      vertex 8.25 -14.2894 0
    endloop
  endfacet
  facet normal 0 0 -1
    outer loop
      vertex 7.35343 -20.2034 0
      vertex 5.64333 -15.5049 0
      vertex 6.9732 -14.9541 0
    endloop
  endfacet
  facet normal 0 0 -1
    outer loop
      vertex 5.56461 -20.7674 0
      vertex 5.64333 -15.5049 0
      vertex 7.35343 -20.2034 0
    endloop
  endfacet
  facet normal 0 0 -1
    outer loop
      vertex 5.56461 -20.7674 0
      vertex 4.27051 -15.9378 0
      vertex 5.64333 -15.5049 0
    endloop
  endfacet
  facet normal 0 0 -1
    outer loop
      vertex 3.73344 -21.1734 0
      vertex 4.27051 -15.9378 0
      vertex 5.56461 -20.7674 0
    endloop
  endfacet
  facet normal 0 0 -1
    outer loop
      vertex 3.73344 -21.1734 0
      vertex 2.86519 -16.2493 0
      vertex 4.27051 -15.9378 0
    endloop
  endfacet
  facet normal 0 0 -1
    outer loop
      vertex 1.87385 -21.4182 0
      vertex 2.86519 -16.2493 0
      vertex 3.73344 -21.1734 0
    endloop
  endfacet
  facet normal 0 0 -1
    outer loop
      vertex 1.87385 -21.4182 0
      vertex 1.43807 -16.4372 0
      vertex 2.86519 -16.2493 0
    endloop
  endfacet
  facet normal 0 0 -1
    outer loop
      vertex 0 -21.5 0
      vertex 1.43807 -16.4372 0
      vertex 1.87385 -21.4182 0
    endloop
  endfacet
  facet normal 0 0 -1
    outer loop
      vertex 0 -21.5 0
      vertex 0 -16.5 0
      vertex 1.43807 -16.4372 0
    endloop
  endfacet
  facet normal 0 0 -1
    outer loop
      vertex 0 -21.5 0
      vertex -1.43807 -16.4372 0
      vertex 0 -16.5 0
    endloop
  endfacet
  facet normal 0 0 -1
    outer loop
      vertex -1.87385 -21.4182 0
      vertex -1.43807 -16.4372 0
      vertex 0 -21.5 0
    endloop
  endfacet
  facet normal 0 0 -1
    outer loop
      vertex -1.87385 -21.4182 0
      vertex -2.86519 -16.2493 0
      vertex -1.43807 -16.4372 0
    endloop
  endfacet
  facet normal 0 0 -1
    outer loop
      vertex -3.73344 -21.1734 0
      vertex -2.86519 -16.2493 0
      vertex -1.87385 -21.4182 0
    endloop
  endfacet
  facet normal 0 0 -1
    outer loop
      vertex -3.73344 -21.1734 0
      vertex -4.27051 -15.9378 0
      vertex -2.86519 -16.2493 0
    endloop
  endfacet
  facet normal 0 0 -1
    outer loop
      vertex -5.56461 -20.7674 0
      vertex -4.27051 -15.9378 0
      vertex -3.73344 -21.1734 0
    endloop
  endfacet
  facet normal 0 0 -1
    outer loop
      vertex -5.56461 -20.7674 0
      vertex -5.64333 -15.5049 0
      vertex -4.27051 -15.9378 0
    endloop
  endfacet
  facet normal 0 0 -1
    outer loop
      vertex -7.35343 -20.2034 0
      vertex -5.64333 -15.5049 0
      vertex -5.56461 -20.7674 0
    endloop
  endfacet
  facet normal -0 0 -1
    outer loop
      vertex -5.64333 -15.5049 0
      vertex -7.35343 -20.2034 0
      vertex -6.9732 -14.9541 0
    endloop
  endfacet
  facet normal 0 0 -1
    outer loop
      vertex -9.08629 -19.4856 0
      vertex -6.9732 -14.9541 0
      vertex -7.35343 -20.2034 0
    endloop
  endfacet
  facet normal -0 0 -1
    outer loop
      vertex -6.9732 -14.9541 0
      vertex -9.08629 -19.4856 0
      vertex -8.25 -14.2894 0
    endloop
  endfacet
  facet normal 0 0 -1
    outer loop
      vertex -10.75 -18.6195 0
      vertex -8.25 -14.2894 0
      vertex -9.08629 -19.4856 0
    endloop
  endfacet
  facet normal -0 0 -1
    outer loop
      vertex -8.25 -14.2894 0
      vertex -10.75 -18.6195 0
      vertex -9.46401 -13.516 0
    endloop
  endfacet
  facet normal 0 0 -1
    outer loop
      vertex -12.3319 -17.6118 0
      vertex -9.46401 -13.516 0
      vertex -10.75 -18.6195 0
    endloop
  endfacet
  facet normal -0 0 -1
    outer loop
      vertex -9.46401 -13.516 0
      vertex -12.3319 -17.6118 0
      vertex -10.606 -12.6397 0
    endloop
  endfacet
  facet normal 0 0 -1
    outer loop
      vertex -13.8199 -16.47 0
      vertex -10.606 -12.6397 0
      vertex -12.3319 -17.6118 0
    endloop
  endfacet
  facet normal -0 0 -1
    outer loop
      vertex -10.606 -12.6397 0
      vertex -13.8199 -16.47 0
      vertex -11.6673 -11.6673 0
    endloop
  endfacet
  facet normal 0 0 -1
    outer loop
      vertex -15.2028 -15.2028 0
      vertex -11.6673 -11.6673 0
      vertex -13.8199 -16.47 0
    endloop
  endfacet
  facet normal -0 0 -1
    outer loop
      vertex -11.6673 -11.6673 0
      vertex -15.2028 -15.2028 0
      vertex -12.6397 -10.606 0
    endloop
  endfacet
  facet normal 0 0 -1
    outer loop
      vertex -16.47 -13.8199 0
      vertex -12.6397 -10.606 0
      vertex -15.2028 -15.2028 0
    endloop
  endfacet
  facet normal -0 0 -1
    outer loop
      vertex -12.6397 -10.606 0
      vertex -16.47 -13.8199 0
      vertex -13.516 -9.46401 0
    endloop
  endfacet
  facet normal 0 0 -1
    outer loop
      vertex -17.6118 -12.3319 0
      vertex -13.516 -9.46401 0
      vertex -16.47 -13.8199 0
    endloop
  endfacet
  facet normal -0 0 -1
    outer loop
      vertex -13.516 -9.46401 0
      vertex -17.6118 -12.3319 0
      vertex -14.2894 -8.25 0
    endloop
  endfacet
  facet normal 0 0 -1
    outer loop
      vertex -18.6195 -10.75 0
      vertex -14.2894 -8.25 0
      vertex -17.6118 -12.3319 0
    endloop
  endfacet
  facet normal -0 0 -1
    outer loop
      vertex -14.2894 -8.25 0
      vertex -18.6195 -10.75 0
      vertex -14.9541 -6.9732 0
    endloop
  endfacet
  facet normal 0 0 -1
    outer loop
      vertex -19.4856 -9.08629 0
      vertex -14.9541 -6.9732 0
      vertex -18.6195 -10.75 0
    endloop
  endfacet
  facet normal -0 0 -1
    outer loop
      vertex -14.9541 -6.9732 0
      vertex -19.4856 -9.08629 0
      vertex -15.5049 -5.64333 0
    endloop
  endfacet
  facet normal 0 0 -1
    outer loop
      vertex -20.2034 -7.35343 0
      vertex -15.5049 -5.64333 0
      vertex -19.4856 -9.08629 0
    endloop
  endfacet
  facet normal -0 0 -1
    outer loop
      vertex -15.5049 -5.64333 0
      vertex -20.2034 -7.35343 0
      vertex -15.9378 -4.27051 0
    endloop
  endfacet
  facet normal 0 0 -1
    outer loop
      vertex 17.6 1.90526 0
      vertex 21.1734 3.73344 0
      vertex 18.0556 1.55563 0
    endloop
  endfacet
  facet normal -0 0 -1
    outer loop
      vertex 21.1734 3.73344 0
      vertex 17.6 1.90526 0
      vertex 20.7674 5.56461 0
    endloop
  endfacet
  facet normal 0 0 -1
    outer loop
      vertex 15.9378 4.27051 0
      vertex 20.7674 5.56461 0
      vertex 17.6 1.90526 0
    endloop
  endfacet
  facet normal -0 0 -1
    outer loop
      vertex 20.7674 5.56461 0
      vertex 15.9378 4.27051 0
      vertex 20.2034 7.35343 0
    endloop
  endfacet
  facet normal 0 0 -1
    outer loop
      vertex 15.5049 5.64333 0
      vertex 20.2034 7.35343 0
      vertex 15.9378 4.27051 0
    endloop
  endfacet
  facet normal -0 0 -1
    outer loop
      vertex 20.2034 7.35343 0
      vertex 15.5049 5.64333 0
      vertex 19.4856 9.08629 0
    endloop
  endfacet
  facet normal 0 0 -1
    outer loop
      vertex 15.9378 4.27051 0
      vertex 17.6 1.90526 0
      vertex 17.0694 2.12504 0
    endloop
  endfacet
  facet normal 0 0 -1
    outer loop
      vertex 16.2493 2.86519 0
      vertex 17.0694 2.12504 0
      vertex 16.5 2.2 0
    endloop
  endfacet
  facet normal 0 0 -1
    outer loop
      vertex 14.9541 6.9732 0
      vertex 19.4856 9.08629 0
      vertex 15.5049 5.64333 0
    endloop
  endfacet
  facet normal 0 0 -1
    outer loop
      vertex 16.2493 2.86519 0
      vertex 16.5 2.2 0
      vertex 16.3397 2.17889 0
    endloop
  endfacet
  facet normal 0 0 -1
    outer loop
      vertex 17.0694 2.12504 0
      vertex 16.2493 2.86519 0
      vertex 15.9378 4.27051 0
    endloop
  endfacet
  facet normal -0 0 -1
    outer loop
      vertex 19.4856 9.08629 0
      vertex 14.9541 6.9732 0
      vertex 18.6195 10.75 0
    endloop
  endfacet
  facet normal 0 0 -1
    outer loop
      vertex 14.2894 8.25 0
      vertex 18.6195 10.75 0
      vertex 14.9541 6.9732 0
    endloop
  endfacet
  facet normal -0 0 -1
    outer loop
      vertex 18.6195 10.75 0
      vertex 14.2894 8.25 0
      vertex 17.6118 12.3319 0
    endloop
  endfacet
  facet normal 0 0 -1
    outer loop
      vertex 13.516 9.46401 0
      vertex 17.6118 12.3319 0
      vertex 14.2894 8.25 0
    endloop
  endfacet
  facet normal -0 0 -1
    outer loop
      vertex 17.6118 12.3319 0
      vertex 13.516 9.46401 0
      vertex 16.47 13.8199 0
    endloop
  endfacet
  facet normal 0 0 -1
    outer loop
      vertex 12.6397 10.606 0
      vertex 16.47 13.8199 0
      vertex 13.516 9.46401 0
    endloop
  endfacet
  facet normal -0 0 -1
    outer loop
      vertex 16.47 13.8199 0
      vertex 12.6397 10.606 0
      vertex 15.2028 15.2028 0
    endloop
  endfacet
  facet normal 0 0 -1
    outer loop
      vertex 11.6673 11.6673 0
      vertex 15.2028 15.2028 0
      vertex 12.6397 10.606 0
    endloop
  endfacet
  facet normal -0 0 -1
    outer loop
      vertex 15.2028 15.2028 0
      vertex 11.6673 11.6673 0
      vertex 13.8199 16.47 0
    endloop
  endfacet
  facet normal 0 0 -1
    outer loop
      vertex 10.606 12.6397 0
      vertex 13.8199 16.47 0
      vertex 11.6673 11.6673 0
    endloop
  endfacet
  facet normal -0 0 -1
    outer loop
      vertex 13.8199 16.47 0
      vertex 10.606 12.6397 0
      vertex 12.3319 17.6118 0
    endloop
  endfacet
  facet normal 0 0 -1
    outer loop
      vertex 9.46401 13.516 0
      vertex 12.3319 17.6118 0
      vertex 10.606 12.6397 0
    endloop
  endfacet
  facet normal -0 0 -1
    outer loop
      vertex 12.3319 17.6118 0
      vertex 9.46401 13.516 0
      vertex 10.75 18.6195 0
    endloop
  endfacet
  facet normal 0 0 -1
    outer loop
      vertex 8.25 14.2894 0
      vertex 10.75 18.6195 0
      vertex 9.46401 13.516 0
    endloop
  endfacet
  facet normal -0 0 -1
    outer loop
      vertex 10.75 18.6195 0
      vertex 8.25 14.2894 0
      vertex 9.08629 19.4856 0
    endloop
  endfacet
  facet normal 0 0 -1
    outer loop
      vertex 6.9732 14.9541 0
      vertex 9.08629 19.4856 0
      vertex 8.25 14.2894 0
    endloop
  endfacet
  facet normal -0 0 -1
    outer loop
      vertex 9.08629 19.4856 0
      vertex 6.9732 14.9541 0
      vertex 7.35343 20.2034 0
    endloop
  endfacet
  facet normal 0 0 -1
    outer loop
      vertex 5.64333 15.5049 0
      vertex 7.35343 20.2034 0
      vertex 6.9732 14.9541 0
    endloop
  endfacet
  facet normal 0 0 -1
    outer loop
      vertex 5.64333 15.5049 0
      vertex 5.56461 20.7674 0
      vertex 7.35343 20.2034 0
    endloop
  endfacet
  facet normal 0 0 -1
    outer loop
      vertex 4.27051 15.9378 0
      vertex 5.56461 20.7674 0
      vertex 5.64333 15.5049 0
    endloop
  endfacet
  facet normal 0 0 -1
    outer loop
      vertex 1.90526 17.6 0
      vertex 5.56461 20.7674 0
      vertex 4.27051 15.9378 0
    endloop
  endfacet
  facet normal 0 0 -1
    outer loop
      vertex 2.12504 17.0694 0
      vertex 4.27051 15.9378 0
      vertex 2.86519 16.2493 0
    endloop
  endfacet
  facet normal 0 0 -1
    outer loop
      vertex 2.12504 17.0694 0
      vertex 2.86519 16.2493 0
      vertex 2.2 16.5 0
    endloop
  endfacet
  facet normal 0 0 -1
    outer loop
      vertex 4.27051 15.9378 0
      vertex 2.12504 17.0694 0
      vertex 1.90526 17.6 0
    endloop
  endfacet
  facet normal -0 0 -1
    outer loop
      vertex 5.56461 20.7674 0
      vertex 1.90526 17.6 0
      vertex 3.73344 21.1734 0
    endloop
  endfacet
  facet normal 0 0 -1
    outer loop
      vertex 1.55563 18.0556 0
      vertex 3.73344 21.1734 0
      vertex 1.90526 17.6 0
    endloop
  endfacet
  facet normal -0 0 -1
    outer loop
      vertex 3.73344 21.1734 0
      vertex 1.55563 18.0556 0
      vertex 1.87385 21.4182 0
    endloop
  endfacet
  facet normal 0 0 -1
    outer loop
      vertex 1.1 18.4053 0
      vertex 1.87385 21.4182 0
      vertex 1.55563 18.0556 0
    endloop
  endfacet
  facet normal 0 0 -1
    outer loop
      vertex 0.569402 18.625 0
      vertex 1.87385 21.4182 0
      vertex 1.1 18.4053 0
    endloop
  endfacet
  facet normal 0 0 -1
    outer loop
      vertex 0 21.5 0
      vertex 0.569402 18.625 0
      vertex 0 18.7 0
    endloop
  endfacet
  facet normal 0 0 -1
    outer loop
      vertex 0.569402 18.625 0
      vertex 0 21.5 0
      vertex 1.87385 21.4182 0
    endloop
  endfacet
  facet normal 0 0 -1
    outer loop
      vertex -0.569402 18.625 0
      vertex 0 21.5 0
      vertex 0 18.7 0
    endloop
  endfacet
  facet normal 0 0 -1
    outer loop
      vertex -1.87385 21.4182 0
      vertex -0.569402 18.625 0
      vertex -1.1 18.4053 0
    endloop
  endfacet
  facet normal 0 0 -1
    outer loop
      vertex -1.87385 21.4182 0
      vertex -1.1 18.4053 0
      vertex -1.55563 18.0556 0
    endloop
  endfacet
  facet normal 0 0 -1
    outer loop
      vertex -0.569402 18.625 0
      vertex -1.87385 21.4182 0
      vertex 0 21.5 0
    endloop
  endfacet
  facet normal 0 0 -1
    outer loop
      vertex -3.73344 21.1734 0
      vertex -1.55563 18.0556 0
      vertex -1.90526 17.6 0
    endloop
  endfacet
  facet normal 0 0 -1
    outer loop
      vertex -4.27051 15.9378 0
      vertex -1.90526 17.6 0
      vertex -2.12504 17.0694 0
    endloop
  endfacet
  facet normal 0 0 -1
    outer loop
      vertex -2.86519 16.2493 0
      vertex -2.12504 17.0694 0
      vertex -2.2 16.5 0
    endloop
  endfacet
  facet normal 0 0 -1
    outer loop
      vertex -4.27051 15.9378 0
      vertex -2.12504 17.0694 0
      vertex -2.86519 16.2493 0
    endloop
  endfacet
  facet normal 0 0 -1
    outer loop
      vertex -1.55563 18.0556 0
      vertex -3.73344 21.1734 0
      vertex -1.87385 21.4182 0
    endloop
  endfacet
  facet normal -0 0 -1
    outer loop
      vertex -1.90526 17.6 0
      vertex -4.27051 15.9378 0
      vertex -5.56461 20.7674 0
    endloop
  endfacet
  facet normal 0 0 -1
    outer loop
      vertex -1.90526 17.6 0
      vertex -5.56461 20.7674 0
      vertex -3.73344 21.1734 0
    endloop
  endfacet
  facet normal 0 0 -1
    outer loop
      vertex -5.64333 15.5049 0
      vertex -5.56461 20.7674 0
      vertex -4.27051 15.9378 0
    endloop
  endfacet
  facet normal 0 0 -1
    outer loop
      vertex -7.35343 20.2034 0
      vertex -5.64333 15.5049 0
      vertex -6.9732 14.9541 0
    endloop
  endfacet
  facet normal 0 0 -1
    outer loop
      vertex -5.64333 15.5049 0
      vertex -7.35343 20.2034 0
      vertex -5.56461 20.7674 0
    endloop
  endfacet
  facet normal 0 0 -1
    outer loop
      vertex -9.08629 19.4856 0
      vertex -6.9732 14.9541 0
      vertex -8.25 14.2894 0
    endloop
  endfacet
  facet normal 0 0 -1
    outer loop
      vertex -6.9732 14.9541 0
      vertex -9.08629 19.4856 0
      vertex -7.35343 20.2034 0
    endloop
  endfacet
  facet normal 0 0 -1
    outer loop
      vertex -10.75 18.6195 0
      vertex -8.25 14.2894 0
      vertex -9.46401 13.516 0
    endloop
  endfacet
  facet normal 0 0 -1
    outer loop
      vertex -12.3319 17.6118 0
      vertex -9.46401 13.516 0
      vertex -10.606 12.6397 0
    endloop
  endfacet
  facet normal 0 0 -1
    outer loop
      vertex -8.25 14.2894 0
      vertex -10.75 18.6195 0
      vertex -9.08629 19.4856 0
    endloop
  endfacet
  facet normal 0 0 -1
    outer loop
      vertex -13.8199 16.47 0
      vertex -10.606 12.6397 0
      vertex -11.6673 11.6673 0
    endloop
  endfacet
  facet normal 0 0 -1
    outer loop
      vertex -9.46401 13.516 0
      vertex -12.3319 17.6118 0
      vertex -10.75 18.6195 0
    endloop
  endfacet
  facet normal 0 0 -1
    outer loop
      vertex -15.2028 15.2028 0
      vertex -11.6673 11.6673 0
      vertex -12.6397 10.606 0
    endloop
  endfacet
  facet normal 0 0 -1
    outer loop
      vertex -16.47 13.8199 0
      vertex -12.6397 10.606 0
      vertex -13.516 9.46401 0
    endloop
  endfacet
  facet normal 0 0 -1
    outer loop
      vertex -10.606 12.6397 0
      vertex -13.8199 16.47 0
      vertex -12.3319 17.6118 0
    endloop
  endfacet
  facet normal 0 0 -1
    outer loop
      vertex -17.6118 12.3319 0
      vertex -13.516 9.46401 0
      vertex -14.2894 8.25 0
    endloop
  endfacet
  facet normal 0 0 -1
    outer loop
      vertex -18.6195 10.75 0
      vertex -14.2894 8.25 0
      vertex -14.9541 6.9732 0
    endloop
  endfacet
  facet normal 0 0 -1
    outer loop
      vertex -11.6673 11.6673 0
      vertex -15.2028 15.2028 0
      vertex -13.8199 16.47 0
    endloop
  endfacet
  facet normal 0 0 -1
    outer loop
      vertex -19.4856 9.08629 0
      vertex -14.9541 6.9732 0
      vertex -15.5049 5.64333 0
    endloop
  endfacet
  facet normal 0 0 -1
    outer loop
      vertex -20.2034 7.35343 0
      vertex -15.5049 5.64333 0
      vertex -15.9378 4.27051 0
    endloop
  endfacet
  facet normal 0 0 -1
    outer loop
      vertex -20.7674 5.56461 0
      vertex -15.9378 4.27051 0
      vertex -16.2493 2.86519 0
    endloop
  endfacet
  facet normal 0 0 -1
    outer loop
      vertex -21.1734 3.73344 0
      vertex -16.2493 2.86519 0
      vertex -16.4372 1.43807 0
    endloop
  endfacet
  facet normal 0 0 -1
    outer loop
      vertex -12.6397 10.606 0
      vertex -16.47 13.8199 0
      vertex -15.2028 15.2028 0
    endloop
  endfacet
  facet normal 0 0 -1
    outer loop
      vertex -21.4182 1.87385 0
      vertex -16.4372 1.43807 0
      vertex -16.5 0 0
    endloop
  endfacet
  facet normal 0 0 -1
    outer loop
      vertex -20.7674 -5.56461 0
      vertex -15.9378 -4.27051 0
      vertex -20.2034 -7.35343 0
    endloop
  endfacet
  facet normal 0 0 -1
    outer loop
      vertex -13.516 9.46401 0
      vertex -17.6118 12.3319 0
      vertex -16.47 13.8199 0
    endloop
  endfacet
  facet normal -0 0 -1
    outer loop
      vertex -15.9378 -4.27051 0
      vertex -20.7674 -5.56461 0
      vertex -16.2493 -2.86519 0
    endloop
  endfacet
  facet normal 0 0 -1
    outer loop
      vertex -14.2894 8.25 0
      vertex -18.6195 10.75 0
      vertex -17.6118 12.3319 0
    endloop
  endfacet
  facet normal 0 0 -1
    outer loop
      vertex -21.1734 -3.73344 0
      vertex -16.2493 -2.86519 0
      vertex -20.7674 -5.56461 0
    endloop
  endfacet
  facet normal 0 0 -1
    outer loop
      vertex -14.9541 6.9732 0
      vertex -19.4856 9.08629 0
      vertex -18.6195 10.75 0
    endloop
  endfacet
  facet normal -0 0 -1
    outer loop
      vertex -16.2493 -2.86519 0
      vertex -21.1734 -3.73344 0
      vertex -16.4372 -1.43807 0
    endloop
  endfacet
  facet normal 0 0 -1
    outer loop
      vertex -15.5049 5.64333 0
      vertex -20.2034 7.35343 0
      vertex -19.4856 9.08629 0
    endloop
  endfacet
  facet normal 0 0 -1
    outer loop
      vertex -21.4182 -1.87385 0
      vertex -16.4372 -1.43807 0
      vertex -21.1734 -3.73344 0
    endloop
  endfacet
  facet normal 0 0 -1
    outer loop
      vertex -15.9378 4.27051 0
      vertex -20.7674 5.56461 0
      vertex -20.2034 7.35343 0
    endloop
  endfacet
  facet normal -0 0 -1
    outer loop
      vertex -16.4372 -1.43807 0
      vertex -21.4182 -1.87385 0
      vertex -16.5 0 0
    endloop
  endfacet
  facet normal 0 0 -1
    outer loop
      vertex -16.2493 2.86519 0
      vertex -21.1734 3.73344 0
      vertex -20.7674 5.56461 0
    endloop
  endfacet
  facet normal 0 0 -1
    outer loop
      vertex -21.5 0 0
      vertex -16.5 0 0
      vertex -21.4182 -1.87385 0
    endloop
  endfacet
  facet normal 0 0 -1
    outer loop
      vertex -16.4372 1.43807 0
      vertex -21.4182 1.87385 0
      vertex -21.1734 3.73344 0
    endloop
  endfacet
  facet normal 0 0 -1
    outer loop
      vertex -16.5 0 0
      vertex -21.5 0 0
      vertex -21.4182 1.87385 0
    endloop
  endfacet
  facet normal -0.382695 -0.923875 0
    outer loop
      vertex -9.08629 -19.4856 0
      vertex -7.35343 -20.2034 30
      vertex -9.08629 -19.4856 30
    endloop
  endfacet
  facet normal -0.382695 -0.923875 -0
    outer loop
      vertex -7.35343 -20.2034 30
      vertex -9.08629 -19.4856 0
      vertex -7.35343 -20.2034 0
    endloop
  endfacet
  facet normal -0.793349 0.608767 0
    outer loop
      vertex -17.6118 12.3319 0
      vertex -16.47 13.8199 30
      vertex -16.47 13.8199 0
    endloop
  endfacet
  facet normal -0.793349 0.608767 0
    outer loop
      vertex -16.47 13.8199 30
      vertex -17.6118 12.3319 0
      vertex -17.6118 12.3319 30
    endloop
  endfacet
  facet normal 1 0 0
    outer loop
      vertex 21.5 21.5 62
      vertex 21.5 5.3 41.2
      vertex 21.5 21.5 30
    endloop
  endfacet
  facet normal 1 0 0
    outer loop
      vertex 21.5 21.5 62
      vertex 21.5 -5.3 41.2
      vertex 21.5 5.3 41.2
    endloop
  endfacet
  facet normal 1 0 0
    outer loop
      vertex 21.5 -21.5 30
      vertex 21.5 -5.3 41.2
      vertex 21.5 -21.5 62
    endloop
  endfacet
  facet normal 1 -0 0
    outer loop
      vertex 21.5 -21.5 62
      vertex 21.5 -5.3 41.2
      vertex 21.5 21.5 62
    endloop
  endfacet
  facet normal 1 -0 0
    outer loop
      vertex 21.5 5.3 38.8
      vertex 21.5 21.5 30
      vertex 21.5 5.3 41.2
    endloop
  endfacet
  facet normal 1 0 0
    outer loop
      vertex 21.5 5.3 38.8
      vertex 21.5 0 30
      vertex 21.5 21.5 30
    endloop
  endfacet
  facet normal 1 -0 0
    outer loop
      vertex 21.5 -5.3 38.8
      vertex 21.5 0 30
      vertex 21.5 5.3 38.8
    endloop
  endfacet
  facet normal 1 0 0
    outer loop
      vertex 21.5 -5.3 41.2
      vertex 21.5 -21.5 30
      vertex 21.5 -5.3 38.8
    endloop
  endfacet
  facet normal 1 0 0
    outer loop
      vertex 21.5 -5.3 38.8
      vertex 21.5 -21.5 30
      vertex 21.5 0 30
    endloop
  endfacet
  facet normal 0 0 1
    outer loop
      vertex 21.5 21.5 62
      vertex 18.7 0 62
      vertex 21.5 -21.5 62
    endloop
  endfacet
  facet normal 0 0 1
    outer loop
      vertex 21.5 21.5 62
      vertex 18.625 0.569402 62
      vertex 18.7 0 62
    endloop
  endfacet
  facet normal 0 0 1
    outer loop
      vertex 21.5 21.5 62
      vertex 18.4053 1.1 62
      vertex 18.625 0.569402 62
    endloop
  endfacet
  facet normal 0 0 1
    outer loop
      vertex 21.5 21.5 62
      vertex 18.0556 1.55563 62
      vertex 18.4053 1.1 62
    endloop
  endfacet
  facet normal 0 0 1
    outer loop
      vertex 21.5 21.5 62
      vertex 17.6 1.90526 62
      vertex 18.0556 1.55563 62
    endloop
  endfacet
  facet normal 0 0 1
    outer loop
      vertex 21.5 21.5 62
      vertex 17.0694 2.12504 62
      vertex 17.6 1.90526 62
    endloop
  endfacet
  facet normal 0 0 1
    outer loop
      vertex 21.5 21.5 62
      vertex 16.5 2.2 62
      vertex 17.0694 2.12504 62
    endloop
  endfacet
  facet normal 0 0 1
    outer loop
      vertex 21.5 21.5 62
      vertex 15.9306 2.12504 62
      vertex 16.5 2.2 62
    endloop
  endfacet
  facet normal -0 0 1
    outer loop
      vertex 2.12504 15.9306 62
      vertex 15.9306 2.12504 62
      vertex 21.5 21.5 62
    endloop
  endfacet
  facet normal 0 0 1
    outer loop
      vertex 15.9306 2.12504 62
      vertex 2.12504 15.9306 62
      vertex 15.4 1.90526 62
    endloop
  endfacet
  facet normal -0 0 1
    outer loop
      vertex 1.90526 15.4 62
      vertex 15.4 1.90526 62
      vertex 2.12504 15.9306 62
    endloop
  endfacet
  facet normal 0 0 1
    outer loop
      vertex 15.4 1.90526 62
      vertex 1.90526 15.4 62
      vertex 14.9444 1.55563 62
    endloop
  endfacet
  facet normal -0 0 1
    outer loop
      vertex 1.55563 14.9444 62
      vertex 14.9444 1.55563 62
      vertex 1.90526 15.4 62
    endloop
  endfacet
  facet normal 0 0 1
    outer loop
      vertex 2.12504 15.9306 62
      vertex 21.5 21.5 62
      vertex 2.2 16.5 62
    endloop
  endfacet
  facet normal 0 0 1
    outer loop
      vertex 21.5 21.5 62
      vertex 2.12504 17.0694 62
      vertex 2.2 16.5 62
    endloop
  endfacet
  facet normal 0 0 1
    outer loop
      vertex 21.5 21.5 62
      vertex 1.90526 17.6 62
      vertex 2.12504 17.0694 62
    endloop
  endfacet
  facet normal 0 0 1
    outer loop
      vertex 21.5 21.5 62
      vertex 1.55563 18.0556 62
      vertex 1.90526 17.6 62
    endloop
  endfacet
  facet normal 0 0 1
    outer loop
      vertex 21.5 21.5 62
      vertex 1.1 18.4053 62
      vertex 1.55563 18.0556 62
    endloop
  endfacet
  facet normal 0 0 1
    outer loop
      vertex 21.5 21.5 62
      vertex 0.569402 18.625 62
      vertex 1.1 18.4053 62
    endloop
  endfacet
  facet normal 0 0 1
    outer loop
      vertex 21.5 21.5 62
      vertex 0 18.7 62
      vertex 0.569402 18.625 62
    endloop
  endfacet
  facet normal 0 0 1
    outer loop
      vertex -2.12504 17.0694 62
      vertex -21.5 21.5 62
      vertex -2.2 16.5 62
    endloop
  endfacet
  facet normal 0 0 1
    outer loop
      vertex -1.90526 17.6 62
      vertex -21.5 21.5 62
      vertex -2.12504 17.0694 62
    endloop
  endfacet
  facet normal 0 0 1
    outer loop
      vertex -1.55563 18.0556 62
      vertex -21.5 21.5 62
      vertex -1.90526 17.6 62
    endloop
  endfacet
  facet normal 0 0 1
    outer loop
      vertex -1.1 18.4053 62
      vertex -21.5 21.5 62
      vertex -1.55563 18.0556 62
    endloop
  endfacet
  facet normal 0 0 1
    outer loop
      vertex -0.569402 18.625 62
      vertex -21.5 21.5 62
      vertex -1.1 18.4053 62
    endloop
  endfacet
  facet normal 0 0 1
    outer loop
      vertex 0 18.7 62
      vertex -21.5 21.5 62
      vertex -0.569402 18.625 62
    endloop
  endfacet
  facet normal -0 0 1
    outer loop
      vertex -21.5 21.5 62
      vertex 0 18.7 62
      vertex 21.5 21.5 62
    endloop
  endfacet
  facet normal -0 0 1
    outer loop
      vertex 18.625 -0.569402 62
      vertex 21.5 -21.5 62
      vertex 18.7 0 62
    endloop
  endfacet
  facet normal -0 0 1
    outer loop
      vertex 18.4053 -1.1 62
      vertex 21.5 -21.5 62
      vertex 18.625 -0.569402 62
    endloop
  endfacet
  facet normal -0 0 1
    outer loop
      vertex 18.0556 -1.55563 62
      vertex 21.5 -21.5 62
      vertex 18.4053 -1.1 62
    endloop
  endfacet
  facet normal -0 0 1
    outer loop
      vertex 17.6 -1.90526 62
      vertex 21.5 -21.5 62
      vertex 18.0556 -1.55563 62
    endloop
  endfacet
  facet normal -0 0 1
    outer loop
      vertex 17.0694 -2.12504 62
      vertex 21.5 -21.5 62
      vertex 17.6 -1.90526 62
    endloop
  endfacet
  facet normal -0 0 1
    outer loop
      vertex 16.5 -2.2 62
      vertex 21.5 -21.5 62
      vertex 17.0694 -2.12504 62
    endloop
  endfacet
  facet normal 0 0 1
    outer loop
      vertex 15.9306 -2.12504 62
      vertex 21.5 -21.5 62
      vertex 16.5 -2.2 62
    endloop
  endfacet
  facet normal 0 0 1
    outer loop
      vertex 15.4 -1.90526 62
      vertex 21.5 -21.5 62
      vertex 15.9306 -2.12504 62
    endloop
  endfacet
  facet normal 0 0 1
    outer loop
      vertex 14.9444 -1.55563 62
      vertex 21.5 -21.5 62
      vertex 15.4 -1.90526 62
    endloop
  endfacet
  facet normal 0 0 1
    outer loop
      vertex -21.5 -21.5 62
      vertex 14.9444 -1.55563 62
      vertex 14.5947 -1.1 62
    endloop
  endfacet
  facet normal 0 0 1
    outer loop
      vertex -21.5 -21.5 62
      vertex 14.5947 -1.1 62
      vertex 14.375 -0.569402 62
    endloop
  endfacet
  facet normal 0 0 1
    outer loop
      vertex 14.9444 1.55563 62
      vertex 1.55563 14.9444 62
      vertex 14.5947 1.1 62
    endloop
  endfacet
  facet normal -0 0 1
    outer loop
      vertex 1.1 14.5947 62
      vertex 14.5947 1.1 62
      vertex 1.55563 14.9444 62
    endloop
  endfacet
  facet normal 0 0 1
    outer loop
      vertex 14.5947 1.1 62
      vertex 1.1 14.5947 62
      vertex 14.375 0.569402 62
    endloop
  endfacet
  facet normal -0 0 1
    outer loop
      vertex 0.569402 14.375 62
      vertex 14.375 0.569402 62
      vertex 1.1 14.5947 62
    endloop
  endfacet
  facet normal 0 0 1
    outer loop
      vertex 14.375 0.569402 62
      vertex 0.569402 14.375 62
      vertex 14.3 0 62
    endloop
  endfacet
  facet normal -0 0 1
    outer loop
      vertex 0 14.3 62
      vertex 14.3 0 62
      vertex 0.569402 14.375 62
    endloop
  endfacet
  facet normal 0 0 1
    outer loop
      vertex 14.3 0 62
      vertex 0 14.3 62
      vertex 14.375 -0.569402 62
    endloop
  endfacet
  facet normal 0 0 1
    outer loop
      vertex -0.569402 14.375 62
      vertex 14.375 -0.569402 62
      vertex 0 14.3 62
    endloop
  endfacet
  facet normal 0 0 1
    outer loop
      vertex 14.375 -0.569402 62
      vertex -0.569402 14.375 62
      vertex -21.5 -21.5 62
    endloop
  endfacet
  facet normal 0 0 1
    outer loop
      vertex -21.5 -21.5 62
      vertex -0.569402 14.375 62
      vertex -1.1 14.5947 62
    endloop
  endfacet
  facet normal 0 0 1
    outer loop
      vertex -21.5 -21.5 62
      vertex -1.1 14.5947 62
      vertex -1.55563 14.9444 62
    endloop
  endfacet
  facet normal 0 0 1
    outer loop
      vertex -21.5 21.5 62
      vertex -1.55563 14.9444 62
      vertex -1.90526 15.4 62
    endloop
  endfacet
  facet normal 0 0 1
    outer loop
      vertex -21.5 21.5 62
      vertex -2.12504 15.9306 62
      vertex -2.2 16.5 62
    endloop
  endfacet
  facet normal 0 0 1
    outer loop
      vertex -21.5 21.5 62
      vertex -1.90526 15.4 62
      vertex -2.12504 15.9306 62
    endloop
  endfacet
  facet normal 0 0 1
    outer loop
      vertex -1.55563 14.9444 62
      vertex -21.5 21.5 62
      vertex -21.5 -21.5 62
    endloop
  endfacet
  facet normal 0 0 1
    outer loop
      vertex 14.9444 -1.55563 62
      vertex -21.5 -21.5 62
      vertex 21.5 -21.5 62
    endloop
  endfacet
  facet normal 0 0 -1
    outer loop
      vertex 21.4182 1.87385 30
      vertex 21.5 21.5 30
      vertex 21.5 0 30
    endloop
  endfacet
  facet normal 0 0 -1
    outer loop
      vertex 21.1734 3.73344 30
      vertex 21.5 21.5 30
      vertex 21.4182 1.87385 30
    endloop
  endfacet
  facet normal 0 0 -1
    outer loop
      vertex 20.7674 5.56461 30
      vertex 21.5 21.5 30
      vertex 21.1734 3.73344 30
    endloop
  endfacet
  facet normal 0 0 -1
    outer loop
      vertex 20.2034 7.35343 30
      vertex 21.5 21.5 30
      vertex 20.7674 5.56461 30
    endloop
  endfacet
  facet normal 0 0 -1
    outer loop
      vertex 19.4856 9.08629 30
      vertex 21.5 21.5 30
      vertex 20.2034 7.35343 30
    endloop
  endfacet
  facet normal 0 0 -1
    outer loop
      vertex 18.6195 10.75 30
      vertex 21.5 21.5 30
      vertex 19.4856 9.08629 30
    endloop
  endfacet
  facet normal 0 0 -1
    outer loop
      vertex 17.6118 12.3319 30
      vertex 21.5 21.5 30
      vertex 18.6195 10.75 30
    endloop
  endfacet
  facet normal 0 0 -1
    outer loop
      vertex 16.47 13.8199 30
      vertex 21.5 21.5 30
      vertex 17.6118 12.3319 30
    endloop
  endfacet
  facet normal 0 0 -1
    outer loop
      vertex 15.2028 15.2028 30
      vertex 21.5 21.5 30
      vertex 16.47 13.8199 30
    endloop
  endfacet
  facet normal 0 0 -1
    outer loop
      vertex 13.8199 16.47 30
      vertex 21.5 21.5 30
      vertex 15.2028 15.2028 30
    endloop
  endfacet
  facet normal 0 0 -1
    outer loop
      vertex 12.3319 17.6118 30
      vertex 21.5 21.5 30
      vertex 13.8199 16.47 30
    endloop
  endfacet
  facet normal 0 0 -1
    outer loop
      vertex 10.75 18.6195 30
      vertex 21.5 21.5 30
      vertex 12.3319 17.6118 30
    endloop
  endfacet
  facet normal 0 0 -1
    outer loop
      vertex 9.08629 19.4856 30
      vertex 21.5 21.5 30
      vertex 10.75 18.6195 30
    endloop
  endfacet
  facet normal 0 0 -1
    outer loop
      vertex 7.35343 20.2034 30
      vertex 21.5 21.5 30
      vertex 9.08629 19.4856 30
    endloop
  endfacet
  facet normal 0 0 -1
    outer loop
      vertex 5.56461 20.7674 30
      vertex 21.5 21.5 30
      vertex 7.35343 20.2034 30
    endloop
  endfacet
  facet normal 0 0 -1
    outer loop
      vertex 3.73344 21.1734 30
      vertex 21.5 21.5 30
      vertex 5.56461 20.7674 30
    endloop
  endfacet
  facet normal 0 0 -1
    outer loop
      vertex 1.87385 21.4182 30
      vertex 21.5 21.5 30
      vertex 3.73344 21.1734 30
    endloop
  endfacet
  facet normal -0 0 -1
    outer loop
      vertex 21.5 21.5 30
      vertex 1.87385 21.4182 30
      vertex 0 21.5 30
    endloop
  endfacet
  facet normal 0 0 -1
    outer loop
      vertex 21.5 -21.5 30
      vertex 21.4182 -1.87385 30
      vertex 21.5 0 30
    endloop
  endfacet
  facet normal 0 0 -1
    outer loop
      vertex 21.5 -21.5 30
      vertex 21.1734 -3.73344 30
      vertex 21.4182 -1.87385 30
    endloop
  endfacet
  facet normal 0 0 -1
    outer loop
      vertex 21.5 -21.5 30
      vertex 20.7674 -5.56461 30
      vertex 21.1734 -3.73344 30
    endloop
  endfacet
  facet normal 0 0 -1
    outer loop
      vertex 21.5 -21.5 30
      vertex 20.2034 -7.35343 30
      vertex 20.7674 -5.56461 30
    endloop
  endfacet
  facet normal 0 0 -1
    outer loop
      vertex 21.5 -21.5 30
      vertex 19.4856 -9.08629 30
      vertex 20.2034 -7.35343 30
    endloop
  endfacet
  facet normal 0 0 -1
    outer loop
      vertex 21.5 -21.5 30
      vertex 18.6195 -10.75 30
      vertex 19.4856 -9.08629 30
    endloop
  endfacet
  facet normal 0 0 -1
    outer loop
      vertex 21.5 -21.5 30
      vertex 17.6118 -12.3319 30
      vertex 18.6195 -10.75 30
    endloop
  endfacet
  facet normal 0 0 -1
    outer loop
      vertex 21.5 -21.5 30
      vertex 16.47 -13.8199 30
      vertex 17.6118 -12.3319 30
    endloop
  endfacet
  facet normal 0 0 -1
    outer loop
      vertex 21.5 -21.5 30
      vertex 15.2028 -15.2028 30
      vertex 16.47 -13.8199 30
    endloop
  endfacet
  facet normal 0 0 -1
    outer loop
      vertex 21.5 -21.5 30
      vertex 13.8199 -16.47 30
      vertex 15.2028 -15.2028 30
    endloop
  endfacet
  facet normal 0 0 -1
    outer loop
      vertex 21.5 -21.5 30
      vertex 12.3319 -17.6118 30
      vertex 13.8199 -16.47 30
    endloop
  endfacet
  facet normal 0 0 -1
    outer loop
      vertex 21.5 -21.5 30
      vertex 10.75 -18.6195 30
      vertex 12.3319 -17.6118 30
    endloop
  endfacet
  facet normal 0 0 -1
    outer loop
      vertex 21.5 -21.5 30
      vertex 9.08629 -19.4856 30
      vertex 10.75 -18.6195 30
    endloop
  endfacet
  facet normal 0 0 -1
    outer loop
      vertex 21.5 -21.5 30
      vertex 7.35343 -20.2034 30
      vertex 9.08629 -19.4856 30
    endloop
  endfacet
  facet normal 0 0 -1
    outer loop
      vertex 21.5 -21.5 30
      vertex 5.56461 -20.7674 30
      vertex 7.35343 -20.2034 30
    endloop
  endfacet
  facet normal 0 0 -1
    outer loop
      vertex 21.5 -21.5 30
      vertex 3.73344 -21.1734 30
      vertex 5.56461 -20.7674 30
    endloop
  endfacet
  facet normal 0 0 -1
    outer loop
      vertex 21.5 -21.5 30
      vertex 1.87385 -21.4182 30
      vertex 3.73344 -21.1734 30
    endloop
  endfacet
  facet normal 0 -0 -1
    outer loop
      vertex 1.87385 -21.4182 30
      vertex 21.5 -21.5 30
      vertex 0 -21.5 30
    endloop
  endfacet
  facet normal 0 0 -1
    outer loop
      vertex -21.5 -21.5 30
      vertex -1.87385 -21.4182 30
      vertex 0 -21.5 30
    endloop
  endfacet
  facet normal 0 0 -1
    outer loop
      vertex -21.5 -21.5 30
      vertex -3.73344 -21.1734 30
      vertex -1.87385 -21.4182 30
    endloop
  endfacet
  facet normal 0 0 -1
    outer loop
      vertex -21.5 -21.5 30
      vertex -5.56461 -20.7674 30
      vertex -3.73344 -21.1734 30
    endloop
  endfacet
  facet normal 0 0 -1
    outer loop
      vertex -21.5 -21.5 30
      vertex -7.35343 -20.2034 30
      vertex -5.56461 -20.7674 30
    endloop
  endfacet
  facet normal 0 0 -1
    outer loop
      vertex -21.5 -21.5 30
      vertex -9.08629 -19.4856 30
      vertex -7.35343 -20.2034 30
    endloop
  endfacet
  facet normal 0 0 -1
    outer loop
      vertex -21.5 -21.5 30
      vertex -10.75 -18.6195 30
      vertex -9.08629 -19.4856 30
    endloop
  endfacet
  facet normal 0 0 -1
    outer loop
      vertex -21.5 -21.5 30
      vertex -12.3319 -17.6118 30
      vertex -10.75 -18.6195 30
    endloop
  endfacet
  facet normal 0 0 -1
    outer loop
      vertex -21.5 -21.5 30
      vertex -13.8199 -16.47 30
      vertex -12.3319 -17.6118 30
    endloop
  endfacet
  facet normal 0 0 -1
    outer loop
      vertex -21.5 -21.5 30
      vertex -15.2028 -15.2028 30
      vertex -13.8199 -16.47 30
    endloop
  endfacet
  facet normal 0 0 -1
    outer loop
      vertex -21.5 -21.5 30
      vertex -16.47 -13.8199 30
      vertex -15.2028 -15.2028 30
    endloop
  endfacet
  facet normal 0 0 -1
    outer loop
      vertex -21.5 -21.5 30
      vertex -17.6118 -12.3319 30
      vertex -16.47 -13.8199 30
    endloop
  endfacet
  facet normal 0 0 -1
    outer loop
      vertex -21.5 -21.5 30
      vertex -18.6195 -10.75 30
      vertex -17.6118 -12.3319 30
    endloop
  endfacet
  facet normal 0 0 -1
    outer loop
      vertex -21.5 -21.5 30
      vertex -19.4856 -9.08629 30
      vertex -18.6195 -10.75 30
    endloop
  endfacet
  facet normal 0 0 -1
    outer loop
      vertex -21.5 -21.5 30
      vertex -20.2034 -7.35343 30
      vertex -19.4856 -9.08629 30
    endloop
  endfacet
  facet normal 0 0 -1
    outer loop
      vertex -21.5 -21.5 30
      vertex -20.7674 -5.56461 30
      vertex -20.2034 -7.35343 30
    endloop
  endfacet
  facet normal 0 0 -1
    outer loop
      vertex -21.5 -21.5 30
      vertex -21.1734 -3.73344 30
      vertex -20.7674 -5.56461 30
    endloop
  endfacet
  facet normal 0 0 -1
    outer loop
      vertex -21.5 -21.5 30
      vertex -21.4182 -1.87385 30
      vertex -21.1734 -3.73344 30
    endloop
  endfacet
  facet normal -0 0 -1
    outer loop
      vertex -21.4182 -1.87385 30
      vertex -21.5 -21.5 30
      vertex -21.5 0 30
    endloop
  endfacet
  facet normal 0 0 -1
    outer loop
      vertex -1.87385 21.4182 30
      vertex -21.5 21.5 30
      vertex 0 21.5 30
    endloop
  endfacet
  facet normal 0 0 -1
    outer loop
      vertex -3.73344 21.1734 30
      vertex -21.5 21.5 30
      vertex -1.87385 21.4182 30
    endloop
  endfacet
  facet normal 0 0 -1
    outer loop
      vertex -5.56461 20.7674 30
      vertex -21.5 21.5 30
      vertex -3.73344 21.1734 30
    endloop
  endfacet
  facet normal 0 0 -1
    outer loop
      vertex -7.35343 20.2034 30
      vertex -21.5 21.5 30
      vertex -5.56461 20.7674 30
    endloop
  endfacet
  facet normal 0 0 -1
    outer loop
      vertex -9.08629 19.4856 30
      vertex -21.5 21.5 30
      vertex -7.35343 20.2034 30
    endloop
  endfacet
  facet normal 0 0 -1
    outer loop
      vertex -10.75 18.6195 30
      vertex -21.5 21.5 30
      vertex -9.08629 19.4856 30
    endloop
  endfacet
  facet normal 0 0 -1
    outer loop
      vertex -12.3319 17.6118 30
      vertex -21.5 21.5 30
      vertex -10.75 18.6195 30
    endloop
  endfacet
  facet normal 0 0 -1
    outer loop
      vertex -13.8199 16.47 30
      vertex -21.5 21.5 30
      vertex -12.3319 17.6118 30
    endloop
  endfacet
  facet normal 0 0 -1
    outer loop
      vertex -15.2028 15.2028 30
      vertex -21.5 21.5 30
      vertex -13.8199 16.47 30
    endloop
  endfacet
  facet normal 0 0 -1
    outer loop
      vertex -16.47 13.8199 30
      vertex -21.5 21.5 30
      vertex -15.2028 15.2028 30
    endloop
  endfacet
  facet normal 0 0 -1
    outer loop
      vertex -17.6118 12.3319 30
      vertex -21.5 21.5 30
      vertex -16.47 13.8199 30
    endloop
  endfacet
  facet normal 0 0 -1
    outer loop
      vertex -18.6195 10.75 30
      vertex -21.5 21.5 30
      vertex -17.6118 12.3319 30
    endloop
  endfacet
  facet normal 0 0 -1
    outer loop
      vertex -19.4856 9.08629 30
      vertex -21.5 21.5 30
      vertex -18.6195 10.75 30
    endloop
  endfacet
  facet normal 0 0 -1
    outer loop
      vertex -20.2034 7.35343 30
      vertex -21.5 21.5 30
      vertex -19.4856 9.08629 30
    endloop
  endfacet
  facet normal 0 0 -1
    outer loop
      vertex -20.7674 5.56461 30
      vertex -21.5 21.5 30
      vertex -20.2034 7.35343 30
    endloop
  endfacet
  facet normal 0 0 -1
    outer loop
      vertex -21.1734 3.73344 30
      vertex -21.5 21.5 30
      vertex -20.7674 5.56461 30
    endloop
  endfacet
  facet normal 0 0 -1
    outer loop
      vertex -21.4182 1.87385 30
      vertex -21.5 21.5 30
      vertex -21.1734 3.73344 30
    endloop
  endfacet
  facet normal 0 0 -1
    outer loop
      vertex -21.5 21.5 30
      vertex -21.4182 1.87385 30
      vertex -21.5 0 30
    endloop
  endfacet
  facet normal -1 0 0
    outer loop
      vertex -21.5 5.3 41.2
      vertex -21.5 21.5 30
      vertex -21.5 5.3 38.8
    endloop
  endfacet
  facet normal -1 0 0
    outer loop
      vertex -21.5 0 30
      vertex -21.5 5.3 38.8
      vertex -21.5 21.5 30
    endloop
  endfacet
  facet normal -1 0 0
    outer loop
      vertex -21.5 0 30
      vertex -21.5 -5.3 38.8
      vertex -21.5 5.3 38.8
    endloop
  endfacet
  facet normal -1 -0 0
    outer loop
      vertex -21.5 -5.3 38.8
      vertex -21.5 -21.5 30
      vertex -21.5 -5.3 41.2
    endloop
  endfacet
  facet normal -1 0 0
    outer loop
      vertex -21.5 -21.5 30
      vertex -21.5 -5.3 38.8
      vertex -21.5 0 30
    endloop
  endfacet
  facet normal -1 0 0
    outer loop
      vertex -21.5 21.5 30
      vertex -21.5 5.3 41.2
      vertex -21.5 21.5 62
    endloop
  endfacet
  facet normal -1 0 0
    outer loop
      vertex -21.5 -5.3 41.2
      vertex -21.5 21.5 62
      vertex -21.5 5.3 41.2
    endloop
  endfacet
  facet normal -1 0 0
    outer loop
      vertex -21.5 -21.5 62
      vertex -21.5 -5.3 41.2
      vertex -21.5 -21.5 30
    endloop
  endfacet
  facet normal -1 0 0
    outer loop
      vertex -21.5 -5.3 41.2
      vertex -21.5 -21.5 62
      vertex -21.5 21.5 62
    endloop
  endfacet
  facet normal 0 1 0
    outer loop
      vertex 21.5 21.5 62
      vertex 5.3 21.5 53.2
      vertex -21.5 21.5 62
    endloop
  endfacet
  facet normal 0 1 0
    outer loop
      vertex 21.5 21.5 62
      vertex 5.3 21.5 50.8
      vertex 5.3 21.5 53.2
    endloop
  endfacet
  facet normal 0 1 0
    outer loop
      vertex 0 21.5 30
      vertex 5.3 21.5 50.8
      vertex 21.5 21.5 30
    endloop
  endfacet
  facet normal 0 1 -0
    outer loop
      vertex 21.5 21.5 30
      vertex 5.3 21.5 50.8
      vertex 21.5 21.5 62
    endloop
  endfacet
  facet normal 0 1 -0
    outer loop
      vertex -5.3 21.5 53.2
      vertex -21.5 21.5 62
      vertex 5.3 21.5 53.2
    endloop
  endfacet
  facet normal 0 1 -0
    outer loop
      vertex -5.3 21.5 50.8
      vertex -21.5 21.5 62
      vertex -5.3 21.5 53.2
    endloop
  endfacet
  facet normal 0 1 0
    outer loop
      vertex 5.3 21.5 50.8
      vertex 0 21.5 30
      vertex -5.3 21.5 50.8
    endloop
  endfacet
  facet normal 0 1 0
    outer loop
      vertex -21.5 21.5 30
      vertex -5.3 21.5 50.8
      vertex 0 21.5 30
    endloop
  endfacet
  facet normal 0 1 0
    outer loop
      vertex -5.3 21.5 50.8
      vertex -21.5 21.5 30
      vertex -21.5 21.5 62
    endloop
  endfacet
  facet normal 0 -1 0
    outer loop
      vertex -21.5 -21.5 62
      vertex -5.3 -21.5 53.2
      vertex 21.5 -21.5 62
    endloop
  endfacet
  facet normal 0 -1 0
    outer loop
      vertex -21.5 -21.5 62
      vertex -5.3 -21.5 50.8
      vertex -5.3 -21.5 53.2
    endloop
  endfacet
  facet normal 0 -1 0
    outer loop
      vertex 0 -21.5 30
      vertex -5.3 -21.5 50.8
      vertex -21.5 -21.5 30
    endloop
  endfacet
  facet normal 0 -1 0
    outer loop
      vertex -21.5 -21.5 30
      vertex -5.3 -21.5 50.8
      vertex -21.5 -21.5 62
    endloop
  endfacet
  facet normal 0 -1 0
    outer loop
      vertex 5.3 -21.5 53.2
      vertex 21.5 -21.5 62
      vertex -5.3 -21.5 53.2
    endloop
  endfacet
  facet normal 0 -1 0
    outer loop
      vertex 5.3 -21.5 50.8
      vertex 21.5 -21.5 62
      vertex 5.3 -21.5 53.2
    endloop
  endfacet
  facet normal 0 -1 0
    outer loop
      vertex -5.3 -21.5 50.8
      vertex 0 -21.5 30
      vertex 5.3 -21.5 50.8
    endloop
  endfacet
  facet normal 0 -1 0
    outer loop
      vertex 21.5 -21.5 30
      vertex 5.3 -21.5 50.8
      vertex 0 -21.5 30
    endloop
  endfacet
  facet normal 0 -1 0
    outer loop
      vertex 5.3 -21.5 50.8
      vertex 21.5 -21.5 30
      vertex 21.5 -21.5 62
    endloop
  endfacet
  facet normal 0.991437 -0.130589 0
    outer loop
      vertex 14.3 0 62
      vertex 14.375 0.569402 41.2
      vertex 14.375 0.569402 62
    endloop
  endfacet
  facet normal 0.991437 -0.130589 0
    outer loop
      vertex 14.375 0.569402 41.2
      vertex 14.3 0 62
      vertex 14.3 0 41.2
    endloop
  endfacet
  facet normal 0.991437 -0.130589 0
    outer loop
      vertex 14.3 0 38.8
      vertex 14.375 0.569402 30
      vertex 14.375 0.569402 38.8
    endloop
  endfacet
  facet normal 0.991437 -0.130589 0
    outer loop
      vertex 14.375 0.569402 30
      vertex 14.3 0 38.8
      vertex 14.3 0 30
    endloop
  endfacet
  facet normal -0.923929 -0.382563 0
    outer loop
      vertex 18.625 0.569402 0
      vertex 18.4053 1.1 38.8
      vertex 18.4053 1.1 0
    endloop
  endfacet
  facet normal -0.923929 -0.382563 0
    outer loop
      vertex 18.4053 1.1 38.8
      vertex 18.625 0.569402 0
      vertex 18.625 0.569402 38.8
    endloop
  endfacet
  facet normal -0.923929 -0.382563 0
    outer loop
      vertex 18.625 0.569402 41.2
      vertex 18.4053 1.1 62
      vertex 18.4053 1.1 41.2
    endloop
  endfacet
  facet normal -0.923929 -0.382563 0
    outer loop
      vertex 18.4053 1.1 62
      vertex 18.625 0.569402 41.2
      vertex 18.625 0.569402 62
    endloop
  endfacet
  facet normal -0.991437 -0.130589 0
    outer loop
      vertex 18.7 0 0
      vertex 18.625 0.569402 38.8
      vertex 18.625 0.569402 0
    endloop
  endfacet
  facet normal -0.991437 -0.130589 0
    outer loop
      vertex 18.625 0.569402 38.8
      vertex 18.7 0 0
      vertex 18.7 0 38.8
    endloop
  endfacet
  facet normal -0.991437 -0.130589 0
    outer loop
      vertex 18.7 0 41.2
      vertex 18.625 0.569402 62
      vertex 18.625 0.569402 41.2
    endloop
  endfacet
  facet normal -0.991437 -0.130589 0
    outer loop
      vertex 18.625 0.569402 62
      vertex 18.7 0 41.2
      vertex 18.7 0 62
    endloop
  endfacet
  facet normal -0.793284 -0.608852 0
    outer loop
      vertex 18.4053 1.1 0
      vertex 18.0556 1.55563 38.8
      vertex 18.0556 1.55563 0
    endloop
  endfacet
  facet normal -0.793284 -0.608852 0
    outer loop
      vertex 18.0556 1.55563 38.8
      vertex 18.4053 1.1 0
      vertex 18.4053 1.1 38.8
    endloop
  endfacet
  facet normal -0.793284 -0.608852 0
    outer loop
      vertex 18.4053 1.1 41.2
      vertex 18.0556 1.55563 62
      vertex 18.0556 1.55563 41.2
    endloop
  endfacet
  facet normal -0.793284 -0.608852 0
    outer loop
      vertex 18.0556 1.55563 62
      vertex 18.4053 1.1 41.2
      vertex 18.4053 1.1 62
    endloop
  endfacet
  facet normal -0.991437 0.130589 0
    outer loop
      vertex 18.625 -0.569402 0
      vertex 18.7 0 38.8
      vertex 18.7 0 0
    endloop
  endfacet
  facet normal -0.991437 0.130589 0
    outer loop
      vertex 18.7 0 38.8
      vertex 18.625 -0.569402 0
      vertex 18.625 -0.569402 38.8
    endloop
  endfacet
  facet normal -0.991437 0.130589 0
    outer loop
      vertex 18.625 -0.569402 41.2
      vertex 18.7 0 62
      vertex 18.7 0 41.2
    endloop
  endfacet
  facet normal -0.991437 0.130589 0
    outer loop
      vertex 18.7 0 62
      vertex 18.625 -0.569402 41.2
      vertex 18.625 -0.569402 62
    endloop
  endfacet
  facet normal -0.130521 0.991446 0
    outer loop
      vertex 17.0694 -2.12504 0
      vertex 16.5 -2.2 38.8
      vertex 17.0694 -2.12504 38.8
    endloop
  endfacet
  facet normal -0.130521 0.991446 0
    outer loop
      vertex 16.5 -2.2 38.8
      vertex 17.0694 -2.12504 0
      vertex 16.5 -2.2 0
    endloop
  endfacet
  facet normal -0.130521 0.991446 0
    outer loop
      vertex 17.0694 -2.12504 41.2
      vertex 16.5 -2.2 62
      vertex 17.0694 -2.12504 62
    endloop
  endfacet
  facet normal -0.130521 0.991446 0
    outer loop
      vertex 16.5 -2.2 62
      vertex 17.0694 -2.12504 41.2
      vertex 16.5 -2.2 41.2
    endloop
  endfacet
  facet normal 0.923929 -0.382563 0
    outer loop
      vertex 14.375 0.569402 62
      vertex 14.5947 1.1 41.2
      vertex 14.5947 1.1 62
    endloop
  endfacet
  facet normal 0.923929 -0.382563 0
    outer loop
      vertex 14.5947 1.1 41.2
      vertex 14.375 0.569402 62
      vertex 14.375 0.569402 41.2
    endloop
  endfacet
  facet normal 0.923929 -0.382563 0
    outer loop
      vertex 14.375 0.569402 38.8
      vertex 14.5947 1.1 30
      vertex 14.5947 1.1 38.8
    endloop
  endfacet
  facet normal 0.923929 -0.382563 0
    outer loop
      vertex 14.5947 1.1 30
      vertex 14.375 0.569402 38.8
      vertex 14.375 0.569402 30
    endloop
  endfacet
  facet normal -0.608801 0.793323 0
    outer loop
      vertex 18.0556 -1.55563 0
      vertex 17.6 -1.90526 38.8
      vertex 18.0556 -1.55563 38.8
    endloop
  endfacet
  facet normal -0.608801 0.793323 0
    outer loop
      vertex 17.6 -1.90526 38.8
      vertex 18.0556 -1.55563 0
      vertex 17.6 -1.90526 0
    endloop
  endfacet
  facet normal -0.608801 0.793323 0
    outer loop
      vertex 18.0556 -1.55563 41.2
      vertex 17.6 -1.90526 62
      vertex 18.0556 -1.55563 62
    endloop
  endfacet
  facet normal -0.608801 0.793323 0
    outer loop
      vertex 17.6 -1.90526 62
      vertex 18.0556 -1.55563 41.2
      vertex 17.6 -1.90526 41.2
    endloop
  endfacet
  facet normal -0.382681 -0.923881 0
    outer loop
      vertex 17.0694 2.12504 0
      vertex 17.6 1.90526 38.8
      vertex 17.0694 2.12504 38.8
    endloop
  endfacet
  facet normal -0.382681 -0.923881 -0
    outer loop
      vertex 17.6 1.90526 38.8
      vertex 17.0694 2.12504 0
      vertex 17.6 1.90526 0
    endloop
  endfacet
  facet normal -0.382681 -0.923881 0
    outer loop
      vertex 17.0694 2.12504 41.2
      vertex 17.6 1.90526 62
      vertex 17.0694 2.12504 62
    endloop
  endfacet
  facet normal -0.382681 -0.923881 -0
    outer loop
      vertex 17.6 1.90526 62
      vertex 17.0694 2.12504 41.2
      vertex 17.6 1.90526 41.2
    endloop
  endfacet
  facet normal 0.923929 0.382563 0
    outer loop
      vertex 14.5947 -1.1 62
      vertex 14.375 -0.569402 41.2
      vertex 14.375 -0.569402 62
    endloop
  endfacet
  facet normal 0.923929 0.382563 0
    outer loop
      vertex 14.375 -0.569402 41.2
      vertex 14.5947 -1.1 62
      vertex 14.5947 -1.1 41.2
    endloop
  endfacet
  facet normal 0.923929 0.382563 0
    outer loop
      vertex 14.5947 -1.1 38.8
      vertex 14.375 -0.569402 30
      vertex 14.375 -0.569402 38.8
    endloop
  endfacet
  facet normal 0.923929 0.382563 0
    outer loop
      vertex 14.375 -0.569402 30
      vertex 14.5947 -1.1 38.8
      vertex 14.5947 -1.1 30
    endloop
  endfacet
  facet normal -0.130521 -0.991446 0
    outer loop
      vertex 16.5 2.2 0
      vertex 17.0694 2.12504 38.8
      vertex 16.5 2.2 38.8
    endloop
  endfacet
  facet normal -0.130521 -0.991446 -0
    outer loop
      vertex 17.0694 2.12504 38.8
      vertex 16.5 2.2 0
      vertex 17.0694 2.12504 0
    endloop
  endfacet
  facet normal -0.130521 -0.991446 0
    outer loop
      vertex 16.5 2.2 41.2
      vertex 17.0694 2.12504 62
      vertex 16.5 2.2 62
    endloop
  endfacet
  facet normal -0.130521 -0.991446 -0
    outer loop
      vertex 17.0694 2.12504 62
      vertex 16.5 2.2 41.2
      vertex 17.0694 2.12504 41.2
    endloop
  endfacet
  facet normal 0.382681 -0.923881 0
    outer loop
      vertex 15.4 1.90526 41.2
      vertex 15.9306 2.12504 62
      vertex 15.4 1.90526 62
    endloop
  endfacet
  facet normal 0.382681 -0.923881 0
    outer loop
      vertex 15.9306 2.12504 62
      vertex 15.4 1.90526 41.2
      vertex 15.9306 2.12504 41.2
    endloop
  endfacet
  facet normal 0.382681 -0.923881 0
    outer loop
      vertex 15.4 1.90526 30
      vertex 15.9306 2.12504 38.8
      vertex 15.4 1.90526 38.8
    endloop
  endfacet
  facet normal 0.382681 -0.923881 0
    outer loop
      vertex 15.9306 2.12504 38.8
      vertex 15.4 1.90526 30
      vertex 15.9306 2.12504 30
    endloop
  endfacet
  facet normal 0.130505 -0.991448 0
    outer loop
      vertex 16.3397 2.17889 30
      vertex 15.9306 2.12504 38.8
      vertex 15.9306 2.12504 30
    endloop
  endfacet
  facet normal 0.130521 -0.991446 7.80775e-07
    outer loop
      vertex 15.9306 2.12504 38.8
      vertex 16.3397 2.17889 30
      vertex 16.5 2.2 38.8
    endloop
  endfacet
  facet normal 0.130563 -0.99144 0
    outer loop
      vertex 16.5 2.2 0
      vertex 16.3397 2.17889 30
      vertex 16.3397 2.17889 0
    endloop
  endfacet
  facet normal 0.130563 -0.99144 0
    outer loop
      vertex 16.3397 2.17889 30
      vertex 16.5 2.2 0
      vertex 16.5 2.2 38.8
    endloop
  endfacet
  facet normal 0.130521 -0.991446 0
    outer loop
      vertex 15.9306 2.12504 41.2
      vertex 16.5 2.2 62
      vertex 15.9306 2.12504 62
    endloop
  endfacet
  facet normal 0.130521 -0.991446 0
    outer loop
      vertex 16.5 2.2 62
      vertex 15.9306 2.12504 41.2
      vertex 16.5 2.2 41.2
    endloop
  endfacet
  facet normal 0.608801 0.793323 -0
    outer loop
      vertex 15.4 -1.90526 41.2
      vertex 14.9444 -1.55563 62
      vertex 15.4 -1.90526 62
    endloop
  endfacet
  facet normal 0.608801 0.793323 0
    outer loop
      vertex 14.9444 -1.55563 62
      vertex 15.4 -1.90526 41.2
      vertex 14.9444 -1.55563 41.2
    endloop
  endfacet
  facet normal 0.608801 0.793323 -0
    outer loop
      vertex 15.4 -1.90526 30
      vertex 14.9444 -1.55563 38.8
      vertex 15.4 -1.90526 38.8
    endloop
  endfacet
  facet normal 0.608801 0.793323 0
    outer loop
      vertex 14.9444 -1.55563 38.8
      vertex 15.4 -1.90526 30
      vertex 14.9444 -1.55563 30
    endloop
  endfacet
  facet normal 0.608801 -0.793323 0
    outer loop
      vertex 14.9444 1.55563 41.2
      vertex 15.4 1.90526 62
      vertex 14.9444 1.55563 62
    endloop
  endfacet
  facet normal 0.608801 -0.793323 0
    outer loop
      vertex 15.4 1.90526 62
      vertex 14.9444 1.55563 41.2
      vertex 15.4 1.90526 41.2
    endloop
  endfacet
  facet normal 0.608801 -0.793323 0
    outer loop
      vertex 14.9444 1.55563 30
      vertex 15.4 1.90526 38.8
      vertex 14.9444 1.55563 38.8
    endloop
  endfacet
  facet normal 0.608801 -0.793323 0
    outer loop
      vertex 15.4 1.90526 38.8
      vertex 14.9444 1.55563 30
      vertex 15.4 1.90526 30
    endloop
  endfacet
  facet normal -0.923929 0.382563 0
    outer loop
      vertex 18.4053 -1.1 0
      vertex 18.625 -0.569402 38.8
      vertex 18.625 -0.569402 0
    endloop
  endfacet
  facet normal -0.923929 0.382563 0
    outer loop
      vertex 18.625 -0.569402 38.8
      vertex 18.4053 -1.1 0
      vertex 18.4053 -1.1 38.8
    endloop
  endfacet
  facet normal -0.923929 0.382563 0
    outer loop
      vertex 18.4053 -1.1 41.2
      vertex 18.625 -0.569402 62
      vertex 18.625 -0.569402 41.2
    endloop
  endfacet
  facet normal -0.923929 0.382563 0
    outer loop
      vertex 18.625 -0.569402 62
      vertex 18.4053 -1.1 41.2
      vertex 18.4053 -1.1 62
    endloop
  endfacet
  facet normal -0.793284 0.608852 0
    outer loop
      vertex 18.0556 -1.55563 0
      vertex 18.4053 -1.1 38.8
      vertex 18.4053 -1.1 0
    endloop
  endfacet
  facet normal -0.793284 0.608852 0
    outer loop
      vertex 18.4053 -1.1 38.8
      vertex 18.0556 -1.55563 0
      vertex 18.0556 -1.55563 38.8
    endloop
  endfacet
  facet normal -0.793284 0.608852 0
    outer loop
      vertex 18.0556 -1.55563 41.2
      vertex 18.4053 -1.1 62
      vertex 18.4053 -1.1 41.2
    endloop
  endfacet
  facet normal -0.793284 0.608852 0
    outer loop
      vertex 18.4053 -1.1 62
      vertex 18.0556 -1.55563 41.2
      vertex 18.0556 -1.55563 62
    endloop
  endfacet
  facet normal -0.608801 -0.793323 0
    outer loop
      vertex 17.6 1.90526 0
      vertex 18.0556 1.55563 38.8
      vertex 17.6 1.90526 38.8
    endloop
  endfacet
  facet normal -0.608801 -0.793323 -0
    outer loop
      vertex 18.0556 1.55563 38.8
      vertex 17.6 1.90526 0
      vertex 18.0556 1.55563 0
    endloop
  endfacet
  facet normal -0.608801 -0.793323 0
    outer loop
      vertex 17.6 1.90526 41.2
      vertex 18.0556 1.55563 62
      vertex 17.6 1.90526 62
    endloop
  endfacet
  facet normal -0.608801 -0.793323 -0
    outer loop
      vertex 18.0556 1.55563 62
      vertex 17.6 1.90526 41.2
      vertex 18.0556 1.55563 41.2
    endloop
  endfacet
  facet normal 0.991437 0.130589 0
    outer loop
      vertex 14.375 -0.569402 62
      vertex 14.3 0 41.2
      vertex 14.3 0 62
    endloop
  endfacet
  facet normal 0.991437 0.130589 0
    outer loop
      vertex 14.3 0 41.2
      vertex 14.375 -0.569402 62
      vertex 14.375 -0.569402 41.2
    endloop
  endfacet
  facet normal 0.991437 0.130589 0
    outer loop
      vertex 14.375 -0.569402 38.8
      vertex 14.3 0 30
      vertex 14.3 0 38.8
    endloop
  endfacet
  facet normal 0.991437 0.130589 0
    outer loop
      vertex 14.3 0 30
      vertex 14.375 -0.569402 38.8
      vertex 14.375 -0.569402 30
    endloop
  endfacet
  facet normal -0.382681 0.923881 0
    outer loop
      vertex 17.6 -1.90526 0
      vertex 17.0694 -2.12504 38.8
      vertex 17.6 -1.90526 38.8
    endloop
  endfacet
  facet normal -0.382681 0.923881 0
    outer loop
      vertex 17.0694 -2.12504 38.8
      vertex 17.6 -1.90526 0
      vertex 17.0694 -2.12504 0
    endloop
  endfacet
  facet normal -0.382681 0.923881 0
    outer loop
      vertex 17.6 -1.90526 41.2
      vertex 17.0694 -2.12504 62
      vertex 17.6 -1.90526 62
    endloop
  endfacet
  facet normal -0.382681 0.923881 0
    outer loop
      vertex 17.0694 -2.12504 62
      vertex 17.6 -1.90526 41.2
      vertex 17.0694 -2.12504 41.2
    endloop
  endfacet
  facet normal 0.793284 0.608852 0
    outer loop
      vertex 14.9444 -1.55563 62
      vertex 14.5947 -1.1 41.2
      vertex 14.5947 -1.1 62
    endloop
  endfacet
  facet normal 0.793284 0.608852 0
    outer loop
      vertex 14.5947 -1.1 41.2
      vertex 14.9444 -1.55563 62
      vertex 14.9444 -1.55563 41.2
    endloop
  endfacet
  facet normal 0.793284 0.608852 0
    outer loop
      vertex 14.9444 -1.55563 38.8
      vertex 14.5947 -1.1 30
      vertex 14.5947 -1.1 38.8
    endloop
  endfacet
  facet normal 0.793284 0.608852 0
    outer loop
      vertex 14.5947 -1.1 30
      vertex 14.9444 -1.55563 38.8
      vertex 14.9444 -1.55563 30
    endloop
  endfacet
  facet normal 0.382681 0.923881 -0
    outer loop
      vertex 15.9306 -2.12504 41.2
      vertex 15.4 -1.90526 62
      vertex 15.9306 -2.12504 62
    endloop
  endfacet
  facet normal 0.382681 0.923881 0
    outer loop
      vertex 15.4 -1.90526 62
      vertex 15.9306 -2.12504 41.2
      vertex 15.4 -1.90526 41.2
    endloop
  endfacet
  facet normal 0.382681 0.923881 -0
    outer loop
      vertex 15.9306 -2.12504 30
      vertex 15.4 -1.90526 38.8
      vertex 15.9306 -2.12504 38.8
    endloop
  endfacet
  facet normal 0.382681 0.923881 0
    outer loop
      vertex 15.4 -1.90526 38.8
      vertex 15.9306 -2.12504 30
      vertex 15.4 -1.90526 30
    endloop
  endfacet
  facet normal 0.130521 0.991446 7.80775e-07
    outer loop
      vertex 16.5 -2.2 38.8
      vertex 16.3397 -2.17889 30
      vertex 15.9306 -2.12504 38.8
    endloop
  endfacet
  facet normal 0.130563 0.99144 -0
    outer loop
      vertex 16.5 -2.2 0
      vertex 16.3397 -2.17889 30
      vertex 16.5 -2.2 38.8
    endloop
  endfacet
  facet normal 0.130563 0.99144 0
    outer loop
      vertex 16.3397 -2.17889 30
      vertex 16.5 -2.2 0
      vertex 16.3397 -2.17889 0
    endloop
  endfacet
  facet normal 0.130505 0.991448 0
    outer loop
      vertex 15.9306 -2.12504 38.8
      vertex 16.3397 -2.17889 30
      vertex 15.9306 -2.12504 30
    endloop
  endfacet
  facet normal 0.130521 0.991446 -0
    outer loop
      vertex 16.5 -2.2 41.2
      vertex 15.9306 -2.12504 62
      vertex 16.5 -2.2 62
    endloop
  endfacet
  facet normal 0.130521 0.991446 0
    outer loop
      vertex 15.9306 -2.12504 62
      vertex 16.5 -2.2 41.2
      vertex 15.9306 -2.12504 41.2
    endloop
  endfacet
  facet normal 0.793284 -0.608852 0
    outer loop
      vertex 14.5947 1.1 62
      vertex 14.9444 1.55563 41.2
      vertex 14.9444 1.55563 62
    endloop
  endfacet
  facet normal 0.793284 -0.608852 0
    outer loop
      vertex 14.9444 1.55563 41.2
      vertex 14.5947 1.1 62
      vertex 14.5947 1.1 41.2
    endloop
  endfacet
  facet normal 0.793284 -0.608852 0
    outer loop
      vertex 14.5947 1.1 38.8
      vertex 14.9444 1.55563 30
      vertex 14.9444 1.55563 38.8
    endloop
  endfacet
  facet normal 0.793284 -0.608852 0
    outer loop
      vertex 14.9444 1.55563 30
      vertex 14.5947 1.1 38.8
      vertex 14.5947 1.1 30
    endloop
  endfacet
  facet normal -0.991436 -0.130593 0
    outer loop
      vertex 16.3397 2.17889 0
      vertex 16.2493 2.86519 30
      vertex 16.2493 2.86519 0
    endloop
  endfacet
  facet normal -0.991436 -0.130593 0
    outer loop
      vertex 16.2493 2.86519 30
      vertex 16.3397 2.17889 0
      vertex 16.3397 2.17889 30
    endloop
  endfacet
  facet normal -0.976304 -0.216405 0
    outer loop
      vertex 16.2493 2.86519 0
      vertex 15.9378 4.27051 30
      vertex 15.9378 4.27051 0
    endloop
  endfacet
  facet normal -0.976304 -0.216405 0
    outer loop
      vertex 15.9378 4.27051 30
      vertex 16.2493 2.86519 0
      vertex 16.2493 2.86519 30
    endloop
  endfacet
  facet normal -0.130593 -0.991436 0
    outer loop
      vertex 2.17889 16.3397 0
      vertex 2.86519 16.2493 30
      vertex 2.17889 16.3397 30
    endloop
  endfacet
  facet normal -0.130593 -0.991436 -0
    outer loop
      vertex 2.86519 16.2493 30
      vertex 2.17889 16.3397 0
      vertex 2.86519 16.2493 0
    endloop
  endfacet
  facet normal -0.382654 -0.923892 0
    outer loop
      vertex 5.64333 15.5049 0
      vertex 6.9732 14.9541 30
      vertex 5.64333 15.5049 30
    endloop
  endfacet
  facet normal -0.382654 -0.923892 -0
    outer loop
      vertex 6.9732 14.9541 30
      vertex 5.64333 15.5049 0
      vertex 6.9732 14.9541 0
    endloop
  endfacet
  facet normal 0.999048 -0.0436281 0
    outer loop
      vertex -16.5 0 30
      vertex -16.4372 1.43807 0
      vertex -16.4372 1.43807 30
    endloop
  endfacet
  facet normal 0.999048 -0.0436281 0
    outer loop
      vertex -16.4372 1.43807 0
      vertex -16.5 0 30
      vertex -16.5 0 0
    endloop
  endfacet
  facet normal 0.60877 0.793347 0
    outer loop
      vertex -9.46401 -13.516 30
      vertex -10.606 -12.6397 22.9966
      vertex -10.606 -12.6397 30
    endloop
  endfacet
  facet normal 0.608921 0.793231 -3.89282e-05
    outer loop
      vertex -9.46401 -13.516 30
      vertex -10.544 -12.6873 22.875
      vertex -10.606 -12.6397 22.9966
    endloop
  endfacet
  facet normal 0.608908 0.793241 -3.60191e-05
    outer loop
      vertex -9.46401 -13.516 30
      vertex -10.4876 -12.7306 22.7396
      vertex -10.544 -12.6873 22.875
    endloop
  endfacet
  facet normal 0.608676 0.793419 1.61219e-05
    outer loop
      vertex -9.46401 -13.516 30
      vertex -10.4408 -12.7665 22.5985
      vertex -10.4876 -12.7306 22.7396
    endloop
  endfacet
  facet normal 0.608214 0.793773 0.000112876
    outer loop
      vertex -9.46401 -13.516 30
      vertex -10.4041 -12.7946 22.4529
      vertex -10.4408 -12.7665 22.5985
    endloop
  endfacet
  facet normal 0.609243 0.792983 -9.08322e-05
    outer loop
      vertex -9.46401 -13.516 30
      vertex -10.3777 -12.8149 22.3039
      vertex -10.4041 -12.7946 22.4529
    endloop
  endfacet
  facet normal 0.609096 0.793096 -6.30515e-05
    outer loop
      vertex -9.46401 -13.516 30
      vertex -10.3617 -12.8272 22.1525
      vertex -10.3777 -12.8149 22.3039
    endloop
  endfacet
  facet normal 0.60948 0.792802 -0.000132759
    outer loop
      vertex -9.46401 -13.516 30
      vertex -10.3564 -12.8313 22
      vertex -10.3617 -12.8272 22.1525
    endloop
  endfacet
  facet normal 0.607299 0.794473 0.000253454
    outer loop
      vertex -9.46401 -13.516 30
      vertex -10.3617 -12.8272 21.8475
      vertex -10.3564 -12.8313 22
    endloop
  endfacet
  facet normal 0.608749 0.793363 -0
    outer loop
      vertex -9.46401 -13.516 0
      vertex -10.3617 -12.8272 21.8475
      vertex -9.46401 -13.516 30
    endloop
  endfacet
  facet normal 0.609269 0.792963 3.39533e-05
    outer loop
      vertex -10.3617 -12.8272 21.8475
      vertex -9.46401 -13.516 0
      vertex -10.3777 -12.8149 21.6961
    endloop
  endfacet
  facet normal 0.609411 0.792854 4.34689e-05
    outer loop
      vertex -9.46401 -13.516 0
      vertex -10.4041 -12.7946 21.5471
      vertex -10.3777 -12.8149 21.6961
    endloop
  endfacet
  facet normal 0.608058 0.793893 -5.0365e-05
    outer loop
      vertex -9.46401 -13.516 0
      vertex -10.4408 -12.7665 21.4015
      vertex -10.4041 -12.7946 21.5471
    endloop
  endfacet
  facet normal 0.608658 0.793433 -6.85139e-06
    outer loop
      vertex -9.46401 -13.516 0
      vertex -10.4876 -12.7306 21.2604
      vertex -10.4408 -12.7665 21.4015
    endloop
  endfacet
  facet normal 0.608941 0.793216 1.47575e-05
    outer loop
      vertex -9.46401 -13.516 0
      vertex -10.544 -12.6873 21.125
      vertex -10.4876 -12.7306 21.2604
    endloop
  endfacet
  facet normal 0.608949 0.793209 1.54802e-05
    outer loop
      vertex -9.46401 -13.516 0
      vertex -10.606 -12.6397 21.0034
      vertex -10.544 -12.6873 21.125
    endloop
  endfacet
  facet normal 0.60877 0.793347 0
    outer loop
      vertex -10.606 -12.6397 21.0034
      vertex -9.46401 -13.516 0
      vertex -10.606 -12.6397 0
    endloop
  endfacet
  facet normal 0.923892 0.382654 0
    outer loop
      vertex -14.9541 -6.9732 30
      vertex -15.5049 -5.64333 0
      vertex -15.5049 -5.64333 30
    endloop
  endfacet
  facet normal 0.923892 0.382654 0
    outer loop
      vertex -15.5049 -5.64333 0
      vertex -14.9541 -6.9732 30
      vertex -14.9541 -6.9732 0
    endloop
  endfacet
  facet normal 0.130593 -0.991436 0
    outer loop
      vertex -2.86519 16.2493 0
      vertex -2.17889 16.3397 30
      vertex -2.86519 16.2493 30
    endloop
  endfacet
  facet normal 0.130593 -0.991436 0
    outer loop
      vertex -2.17889 16.3397 30
      vertex -2.86519 16.2493 0
      vertex -2.17889 16.3397 0
    endloop
  endfacet
  facet normal 0.300738 -0.953707 0
    outer loop
      vertex -5.64333 15.5049 0
      vertex -4.27051 15.9378 30
      vertex -5.64333 15.5049 30
    endloop
  endfacet
  facet normal 0.300738 -0.953707 0
    outer loop
      vertex -4.27051 15.9378 30
      vertex -5.64333 15.5049 0
      vertex -4.27051 15.9378 0
    endloop
  endfacet
  facet normal -0.130537 0.991443 0
    outer loop
      vertex 2.86519 -16.2493 0
      vertex 1.43807 -16.4372 30
      vertex 2.86519 -16.2493 30
    endloop
  endfacet
  facet normal -0.130537 0.991443 0
    outer loop
      vertex 1.43807 -16.4372 30
      vertex 2.86519 -16.2493 0
      vertex 1.43807 -16.4372 0
    endloop
  endfacet
  facet normal -0.216405 -0.976304 0
    outer loop
      vertex 2.86519 16.2493 0
      vertex 4.27051 15.9378 30
      vertex 2.86519 16.2493 30
    endloop
  endfacet
  facet normal -0.216405 -0.976304 -0
    outer loop
      vertex 4.27051 15.9378 30
      vertex 2.86519 16.2493 0
      vertex 4.27051 15.9378 0
    endloop
  endfacet
  facet normal -0.46177 0.886999 0
    outer loop
      vertex 8.25 -14.2894 0
      vertex 6.9732 -14.9541 30
      vertex 8.25 -14.2894 30
    endloop
  endfacet
  facet normal -0.46177 0.886999 0
    outer loop
      vertex 6.9732 -14.9541 30
      vertex 8.25 -14.2894 0
      vertex 6.9732 -14.9541 0
    endloop
  endfacet
  facet normal -0.793347 0.60877 0
    outer loop
      vertex 12.6397 -10.606 0
      vertex 13.516 -9.46401 30
      vertex 13.516 -9.46401 0
    endloop
  endfacet
  facet normal -0.793347 0.60877 0
    outer loop
      vertex 13.516 -9.46401 30
      vertex 12.6397 -10.606 0
      vertex 12.6397 -10.606 30
    endloop
  endfacet
  facet normal 0.976304 0.216405 0
    outer loop
      vertex -15.9378 -4.27051 30
      vertex -16.2493 -2.86519 0
      vertex -16.2493 -2.86519 30
    endloop
  endfacet
  facet normal 0.976304 0.216405 0
    outer loop
      vertex -16.2493 -2.86519 0
      vertex -15.9378 -4.27051 30
      vertex -15.9378 -4.27051 0
    endloop
  endfacet
  facet normal -0.991436 0.130593 0
    outer loop
      vertex 16.2493 -2.86519 0
      vertex 16.3397 -2.17889 30
      vertex 16.3397 -2.17889 0
    endloop
  endfacet
  facet normal -0.991436 0.130593 0
    outer loop
      vertex 16.3397 -2.17889 30
      vertex 16.2493 -2.86519 0
      vertex 16.2493 -2.86519 30
    endloop
  endfacet
  facet normal 0.886999 0.46177 0
    outer loop
      vertex -14.2894 -8.25 30
      vertex -14.9541 -6.9732 0
      vertex -14.9541 -6.9732 30
    endloop
  endfacet
  facet normal 0.886999 0.46177 0
    outer loop
      vertex -14.9541 -6.9732 0
      vertex -14.2894 -8.25 30
      vertex -14.2894 -8.25 0
    endloop
  endfacet
  facet normal 0.537295 -0.843394 0
    outer loop
      vertex -9.46401 13.516 0
      vertex -8.25 14.2894 30
      vertex -9.46401 13.516 30
    endloop
  endfacet
  facet normal 0.537295 -0.843394 0
    outer loop
      vertex -8.25 14.2894 30
      vertex -9.46401 13.516 0
      vertex -8.25 14.2894 0
    endloop
  endfacet
  facet normal -0.46177 -0.886999 0
    outer loop
      vertex 6.9732 14.9541 0
      vertex 8.25 14.2894 30
      vertex 6.9732 14.9541 30
    endloop
  endfacet
  facet normal -0.46177 -0.886999 -0
    outer loop
      vertex 8.25 14.2894 30
      vertex 6.9732 14.9541 0
      vertex 8.25 14.2894 0
    endloop
  endfacet
  facet normal 0.953707 -0.300738 0
    outer loop
      vertex -15.9378 4.27051 30
      vertex -15.5049 5.64333 0
      vertex -15.5049 5.64333 30
    endloop
  endfacet
  facet normal 0.953707 -0.300738 0
    outer loop
      vertex -15.5049 5.64333 0
      vertex -15.9378 4.27051 30
      vertex -15.9378 4.27051 0
    endloop
  endfacet
  facet normal -0.976304 0.216405 0
    outer loop
      vertex 15.9378 -4.27051 0
      vertex 16.2493 -2.86519 30
      vertex 16.2493 -2.86519 0
    endloop
  endfacet
  facet normal -0.976304 0.216405 0
    outer loop
      vertex 16.2493 -2.86519 30
      vertex 15.9378 -4.27051 0
      vertex 15.9378 -4.27051 30
    endloop
  endfacet
  facet normal 0.130537 0.991443 -0
    outer loop
      vertex -1.43807 -16.4372 0
      vertex -2.86519 -16.2493 30
      vertex -1.43807 -16.4372 30
    endloop
  endfacet
  facet normal 0.130537 0.991443 0
    outer loop
      vertex -2.86519 -16.2493 30
      vertex -1.43807 -16.4372 0
      vertex -2.86519 -16.2493 0
    endloop
  endfacet
  facet normal 0.382654 -0.923892 0
    outer loop
      vertex -6.9732 14.9541 0
      vertex -5.64333 15.5049 30
      vertex -6.9732 14.9541 30
    endloop
  endfacet
  facet normal 0.382654 -0.923892 0
    outer loop
      vertex -5.64333 15.5049 30
      vertex -6.9732 14.9541 0
      vertex -5.64333 15.5049 0
    endloop
  endfacet
  facet normal 0.60877 -0.793347 0
    outer loop
      vertex -10.606 12.6397 0
      vertex -9.46401 13.516 30
      vertex -10.606 12.6397 30
    endloop
  endfacet
  facet normal 0.60877 -0.793347 0
    outer loop
      vertex -9.46401 13.516 30
      vertex -10.606 12.6397 0
      vertex -9.46401 13.516 0
    endloop
  endfacet
  facet normal -0.300738 0.953707 0
    outer loop
      vertex 5.64333 -15.5049 0
      vertex 4.27051 -15.9378 30
      vertex 5.64333 -15.5049 30
    endloop
  endfacet
  facet normal -0.300738 0.953707 0
    outer loop
      vertex 4.27051 -15.9378 30
      vertex 5.64333 -15.5049 0
      vertex 4.27051 -15.9378 0
    endloop
  endfacet
  facet normal -0.793347 -0.60877 0
    outer loop
      vertex 13.516 9.46401 0
      vertex 12.6397 10.606 21.0034
      vertex 12.6397 10.606 0
    endloop
  endfacet
  facet normal -0.793209 -0.608949 1.54802e-05
    outer loop
      vertex 12.6397 10.606 21.0034
      vertex 13.516 9.46401 0
      vertex 12.6873 10.544 21.125
    endloop
  endfacet
  facet normal -0.793216 -0.608941 1.47575e-05
    outer loop
      vertex 12.6873 10.544 21.125
      vertex 13.516 9.46401 0
      vertex 12.7306 10.4876 21.2604
    endloop
  endfacet
  facet normal -0.793433 -0.608658 -6.85139e-06
    outer loop
      vertex 12.7306 10.4876 21.2604
      vertex 13.516 9.46401 0
      vertex 12.7665 10.4408 21.4015
    endloop
  endfacet
  facet normal -0.793893 -0.608058 -5.0365e-05
    outer loop
      vertex 12.7665 10.4408 21.4015
      vertex 13.516 9.46401 0
      vertex 12.7946 10.4041 21.5471
    endloop
  endfacet
  facet normal -0.792854 -0.609411 4.34689e-05
    outer loop
      vertex 12.7946 10.4041 21.5471
      vertex 13.516 9.46401 0
      vertex 12.8149 10.3777 21.6961
    endloop
  endfacet
  facet normal -0.792963 -0.609269 3.39533e-05
    outer loop
      vertex 12.8149 10.3777 21.6961
      vertex 13.516 9.46401 0
      vertex 12.8272 10.3617 21.8475
    endloop
  endfacet
  facet normal -0.793363 -0.608749 -0
    outer loop
      vertex 13.516 9.46401 30
      vertex 12.8272 10.3617 21.8475
      vertex 13.516 9.46401 0
    endloop
  endfacet
  facet normal -0.793231 -0.608921 -3.89282e-05
    outer loop
      vertex 13.516 9.46401 30
      vertex 12.6397 10.606 22.9966
      vertex 12.6873 10.544 22.875
    endloop
  endfacet
  facet normal -0.793241 -0.608908 -3.60191e-05
    outer loop
      vertex 13.516 9.46401 30
      vertex 12.6873 10.544 22.875
      vertex 12.7306 10.4876 22.7396
    endloop
  endfacet
  facet normal -0.793419 -0.608676 1.61219e-05
    outer loop
      vertex 13.516 9.46401 30
      vertex 12.7306 10.4876 22.7396
      vertex 12.7665 10.4408 22.5985
    endloop
  endfacet
  facet normal -0.793773 -0.608214 0.000112876
    outer loop
      vertex 13.516 9.46401 30
      vertex 12.7665 10.4408 22.5985
      vertex 12.7946 10.4041 22.4529
    endloop
  endfacet
  facet normal -0.792983 -0.609243 -9.08322e-05
    outer loop
      vertex 13.516 9.46401 30
      vertex 12.7946 10.4041 22.4529
      vertex 12.8149 10.3777 22.3039
    endloop
  endfacet
  facet normal -0.793096 -0.609096 -6.30515e-05
    outer loop
      vertex 13.516 9.46401 30
      vertex 12.8149 10.3777 22.3039
      vertex 12.8272 10.3617 22.1525
    endloop
  endfacet
  facet normal -0.792802 -0.60948 -0.000132759
    outer loop
      vertex 13.516 9.46401 30
      vertex 12.8272 10.3617 22.1525
      vertex 12.8313 10.3564 22
    endloop
  endfacet
  facet normal -0.794473 -0.607299 0.000253454
    outer loop
      vertex 12.8272 10.3617 21.8475
      vertex 13.516 9.46401 30
      vertex 12.8313 10.3564 22
    endloop
  endfacet
  facet normal -0.793347 -0.60877 0
    outer loop
      vertex 12.6397 10.606 22.9966
      vertex 13.516 9.46401 30
      vertex 12.6397 10.606 30
    endloop
  endfacet
  facet normal 0.46177 -0.886999 0
    outer loop
      vertex -8.25 14.2894 0
      vertex -6.9732 14.9541 30
      vertex -8.25 14.2894 30
    endloop
  endfacet
  facet normal 0.46177 -0.886999 0
    outer loop
      vertex -6.9732 14.9541 30
      vertex -8.25 14.2894 0
      vertex -6.9732 14.9541 0
    endloop
  endfacet
  facet normal -0.953707 -0.300738 0
    outer loop
      vertex 15.9378 4.27051 0
      vertex 15.5049 5.64333 30
      vertex 15.5049 5.64333 0
    endloop
  endfacet
  facet normal -0.953707 -0.300738 0
    outer loop
      vertex 15.5049 5.64333 30
      vertex 15.9378 4.27051 0
      vertex 15.9378 4.27051 30
    endloop
  endfacet
  facet normal 0.793347 -0.60877 0
    outer loop
      vertex -13.516 9.46401 30
      vertex -12.6397 10.606 0
      vertex -12.6397 10.606 30
    endloop
  endfacet
  facet normal 0.793347 -0.60877 0
    outer loop
      vertex -12.6397 10.606 0
      vertex -13.516 9.46401 30
      vertex -13.516 9.46401 0
    endloop
  endfacet
  facet normal -0.675552 -0.737313 8.01799e-06
    outer loop
      vertex 11.5547 11.7704 23.7433
      vertex 11.6673 11.6673 30
      vertex 10.606 12.6397 30
    endloop
  endfacet
  facet normal -0.675309 -0.737535 -0
    outer loop
      vertex 11.6673 11.6673 30
      vertex 11.5547 11.7704 23.7433
      vertex 11.6673 11.6673 23.75
    endloop
  endfacet
  facet normal -0.67575 -0.737131 -4.73138e-05
    outer loop
      vertex 10.606 12.6397 30
      vertex 11.443 11.8728 23.7234
      vertex 11.5547 11.7704 23.7433
    endloop
  endfacet
  facet normal -0.675251 -0.737588 7.50894e-05
    outer loop
      vertex 10.606 12.6397 30
      vertex 11.333 11.9735 23.6904
      vertex 11.443 11.8728 23.7234
    endloop
  endfacet
  facet normal -0.675897 -0.736996 -6.17981e-05
    outer loop
      vertex 10.606 12.6397 30
      vertex 11.2256 12.072 23.6445
      vertex 11.333 11.9735 23.6904
    endloop
  endfacet
  facet normal -0.675624 -0.737246 -1.29626e-05
    outer loop
      vertex 10.606 12.6397 30
      vertex 11.1215 12.1674 23.586
      vertex 11.2256 12.072 23.6445
    endloop
  endfacet
  facet normal -0.675462 -0.737395 1.10978e-05
    outer loop
      vertex 10.606 12.6397 30
      vertex 11.0215 12.259 23.5155
      vertex 11.1215 12.1674 23.586
    endloop
  endfacet
  facet normal -0.675383 -0.737468 2.04191e-05
    outer loop
      vertex 10.606 12.6397 30
      vertex 10.9265 12.346 23.4335
      vertex 11.0215 12.259 23.5155
    endloop
  endfacet
  facet normal -0.675506 -0.737355 9.36009e-06
    outer loop
      vertex 10.606 12.6397 30
      vertex 10.8371 12.4279 23.3406
      vertex 10.9265 12.346 23.4335
    endloop
  endfacet
  facet normal -0.676261 -0.736662 -3.88659e-05
    outer loop
      vertex 10.606 12.6397 30
      vertex 10.7541 12.5041 23.2374
      vertex 10.8371 12.4279 23.3406
    endloop
  endfacet
  facet normal -0.674946 -0.737867 1.40785e-05
    outer loop
      vertex 10.606 12.6397 30
      vertex 10.6779 12.5738 23.1249
      vertex 10.7541 12.5041 23.2374
    endloop
  endfacet
  facet normal -0.676345 -0.736585 -1.28382e-05
    outer loop
      vertex 10.606 12.6397 30
      vertex 10.6094 12.6367 23.0038
      vertex 10.6779 12.5738 23.1249
    endloop
  endfacet
  facet normal -0.661622 -0.749838 0
    outer loop
      vertex 10.6094 12.6367 23.0038
      vertex 10.606 12.6397 30
      vertex 10.606 12.6397 22.9966
    endloop
  endfacet
  facet normal -0.661622 -0.749838 0
    outer loop
      vertex 10.606 12.6397 0
      vertex 10.6094 12.6367 20.9962
      vertex 10.606 12.6397 21.0034
    endloop
  endfacet
  facet normal -0.676353 -0.736577 4.28025e-06
    outer loop
      vertex 10.606 12.6397 0
      vertex 10.6779 12.5738 20.8751
      vertex 10.6094 12.6367 20.9962
    endloop
  endfacet
  facet normal -0.674939 -0.737874 -4.68448e-06
    outer loop
      vertex 10.606 12.6397 0
      vertex 10.7541 12.5041 20.7626
      vertex 10.6779 12.5738 20.8751
    endloop
  endfacet
  facet normal -0.676278 -0.736646 1.28891e-05
    outer loop
      vertex 10.606 12.6397 0
      vertex 10.8371 12.4279 20.6594
      vertex 10.7541 12.5041 20.7626
    endloop
  endfacet
  facet normal -0.675502 -0.737358 -3.09005e-06
    outer loop
      vertex 10.606 12.6397 0
      vertex 10.9265 12.346 20.5665
      vertex 10.8371 12.4279 20.6594
    endloop
  endfacet
  facet normal -0.675376 -0.737473 -6.70397e-06
    outer loop
      vertex 10.606 12.6397 0
      vertex 11.0215 12.259 20.4845
      vertex 10.9265 12.346 20.5665
    endloop
  endfacet
  facet normal -0.675459 -0.737398 -3.62001e-06
    outer loop
      vertex 10.606 12.6397 0
      vertex 11.1215 12.1674 20.414
      vertex 11.0215 12.259 20.4845
    endloop
  endfacet
  facet normal -0.675627 -0.737244 4.19717e-06
    outer loop
      vertex 10.606 12.6397 0
      vertex 11.2256 12.072 20.3555
      vertex 11.1215 12.1674 20.414
    endloop
  endfacet
  facet normal -0.675906 -0.736987 1.98405e-05
    outer loop
      vertex 10.606 12.6397 0
      vertex 11.333 11.9735 20.3096
      vertex 11.2256 12.072 20.3555
    endloop
  endfacet
  facet normal -0.675243 -0.737596 -2.38783e-05
    outer loop
      vertex 10.606 12.6397 0
      vertex 11.443 11.8728 20.2766
      vertex 11.333 11.9735 20.3096
    endloop
  endfacet
  facet normal -0.675753 -0.737128 1.48844e-05
    outer loop
      vertex 10.606 12.6397 0
      vertex 11.5547 11.7704 20.2567
      vertex 11.443 11.8728 20.2766
    endloop
  endfacet
  facet normal -0.67531 -0.737534 -2.32843e-05
    outer loop
      vertex 10.606 12.6397 0
      vertex 11.6673 11.6673 20.25
      vertex 11.5547 11.7704 20.2567
    endloop
  endfacet
  facet normal -0.675552 -0.737313 -0
    outer loop
      vertex 11.6673 11.6673 20.25
      vertex 10.606 12.6397 0
      vertex 11.6673 11.6673 0
    endloop
  endfacet
  facet normal 0.675552 0.737313 8.01799e-06
    outer loop
      vertex -11.5547 -11.7704 23.7433
      vertex -11.6673 -11.6673 30
      vertex -10.606 -12.6397 30
    endloop
  endfacet
  facet normal 0.675309 0.737535 0
    outer loop
      vertex -11.6673 -11.6673 30
      vertex -11.5547 -11.7704 23.7433
      vertex -11.6673 -11.6673 23.75
    endloop
  endfacet
  facet normal 0.67575 0.737131 -4.73138e-05
    outer loop
      vertex -10.606 -12.6397 30
      vertex -11.443 -11.8728 23.7234
      vertex -11.5547 -11.7704 23.7433
    endloop
  endfacet
  facet normal 0.675251 0.737588 7.50894e-05
    outer loop
      vertex -10.606 -12.6397 30
      vertex -11.333 -11.9735 23.6904
      vertex -11.443 -11.8728 23.7234
    endloop
  endfacet
  facet normal 0.675897 0.736996 -6.17981e-05
    outer loop
      vertex -10.606 -12.6397 30
      vertex -11.2256 -12.072 23.6445
      vertex -11.333 -11.9735 23.6904
    endloop
  endfacet
  facet normal 0.675624 0.737246 -1.29626e-05
    outer loop
      vertex -10.606 -12.6397 30
      vertex -11.1215 -12.1674 23.586
      vertex -11.2256 -12.072 23.6445
    endloop
  endfacet
  facet normal 0.675462 0.737395 1.10978e-05
    outer loop
      vertex -10.606 -12.6397 30
      vertex -11.0215 -12.259 23.5155
      vertex -11.1215 -12.1674 23.586
    endloop
  endfacet
  facet normal 0.675383 0.737468 2.04191e-05
    outer loop
      vertex -10.606 -12.6397 30
      vertex -10.9265 -12.346 23.4335
      vertex -11.0215 -12.259 23.5155
    endloop
  endfacet
  facet normal 0.675506 0.737355 9.36009e-06
    outer loop
      vertex -10.606 -12.6397 30
      vertex -10.8371 -12.4279 23.3406
      vertex -10.9265 -12.346 23.4335
    endloop
  endfacet
  facet normal 0.676261 0.736662 -3.88659e-05
    outer loop
      vertex -10.606 -12.6397 30
      vertex -10.7541 -12.5041 23.2374
      vertex -10.8371 -12.4279 23.3406
    endloop
  endfacet
  facet normal 0.674946 0.737867 1.40785e-05
    outer loop
      vertex -10.606 -12.6397 30
      vertex -10.6779 -12.5738 23.1249
      vertex -10.7541 -12.5041 23.2374
    endloop
  endfacet
  facet normal 0.676345 0.736585 -1.28382e-05
    outer loop
      vertex -10.606 -12.6397 30
      vertex -10.6094 -12.6367 23.0038
      vertex -10.6779 -12.5738 23.1249
    endloop
  endfacet
  facet normal 0.661622 0.749838 0
    outer loop
      vertex -10.6094 -12.6367 23.0038
      vertex -10.606 -12.6397 30
      vertex -10.606 -12.6397 22.9966
    endloop
  endfacet
  facet normal 0.661622 0.749838 -0
    outer loop
      vertex -10.606 -12.6397 0
      vertex -10.6094 -12.6367 20.9962
      vertex -10.606 -12.6397 21.0034
    endloop
  endfacet
  facet normal 0.676353 0.736577 4.28025e-06
    outer loop
      vertex -10.606 -12.6397 0
      vertex -10.6779 -12.5738 20.8751
      vertex -10.6094 -12.6367 20.9962
    endloop
  endfacet
  facet normal 0.674939 0.737874 -4.68448e-06
    outer loop
      vertex -10.606 -12.6397 0
      vertex -10.7541 -12.5041 20.7626
      vertex -10.6779 -12.5738 20.8751
    endloop
  endfacet
  facet normal 0.676278 0.736646 1.28891e-05
    outer loop
      vertex -10.606 -12.6397 0
      vertex -10.8371 -12.4279 20.6594
      vertex -10.7541 -12.5041 20.7626
    endloop
  endfacet
  facet normal 0.675502 0.737358 -3.09005e-06
    outer loop
      vertex -10.606 -12.6397 0
      vertex -10.9265 -12.346 20.5665
      vertex -10.8371 -12.4279 20.6594
    endloop
  endfacet
  facet normal 0.675376 0.737473 -6.70397e-06
    outer loop
      vertex -10.606 -12.6397 0
      vertex -11.0215 -12.259 20.4845
      vertex -10.9265 -12.346 20.5665
    endloop
  endfacet
  facet normal 0.675459 0.737398 -3.62001e-06
    outer loop
      vertex -10.606 -12.6397 0
      vertex -11.1215 -12.1674 20.414
      vertex -11.0215 -12.259 20.4845
    endloop
  endfacet
  facet normal 0.675627 0.737244 4.19717e-06
    outer loop
      vertex -10.606 -12.6397 0
      vertex -11.2256 -12.072 20.3555
      vertex -11.1215 -12.1674 20.414
    endloop
  endfacet
  facet normal 0.675906 0.736987 1.98405e-05
    outer loop
      vertex -10.606 -12.6397 0
      vertex -11.333 -11.9735 20.3096
      vertex -11.2256 -12.072 20.3555
    endloop
  endfacet
  facet normal 0.675243 0.737596 -2.38783e-05
    outer loop
      vertex -10.606 -12.6397 0
      vertex -11.443 -11.8728 20.2766
      vertex -11.333 -11.9735 20.3096
    endloop
  endfacet
  facet normal 0.675753 0.737128 1.48844e-05
    outer loop
      vertex -10.606 -12.6397 0
      vertex -11.5547 -11.7704 20.2567
      vertex -11.443 -11.8728 20.2766
    endloop
  endfacet
  facet normal 0.67531 0.737534 -2.32843e-05
    outer loop
      vertex -10.606 -12.6397 0
      vertex -11.6673 -11.6673 20.25
      vertex -11.5547 -11.7704 20.2567
    endloop
  endfacet
  facet normal 0.675552 0.737313 0
    outer loop
      vertex -11.6673 -11.6673 20.25
      vertex -10.606 -12.6397 0
      vertex -11.6673 -11.6673 0
    endloop
  endfacet
  facet normal -0.923892 -0.382654 0
    outer loop
      vertex 15.5049 5.64333 0
      vertex 14.9541 6.9732 30
      vertex 14.9541 6.9732 0
    endloop
  endfacet
  facet normal -0.923892 -0.382654 0
    outer loop
      vertex 14.9541 6.9732 30
      vertex 15.5049 5.64333 0
      vertex 15.5049 5.64333 30
    endloop
  endfacet
  facet normal -0.886999 0.46177 0
    outer loop
      vertex 14.2894 -8.25 0
      vertex 14.9541 -6.9732 30
      vertex 14.9541 -6.9732 0
    endloop
  endfacet
  facet normal -0.886999 0.46177 0
    outer loop
      vertex 14.9541 -6.9732 30
      vertex 14.2894 -8.25 0
      vertex 14.2894 -8.25 30
    endloop
  endfacet
  facet normal 0.0436281 0.999048 -0
    outer loop
      vertex 0 -16.5 0
      vertex -1.43807 -16.4372 30
      vertex 0 -16.5 30
    endloop
  endfacet
  facet normal 0.0436281 0.999048 0
    outer loop
      vertex -1.43807 -16.4372 30
      vertex 0 -16.5 0
      vertex -1.43807 -16.4372 0
    endloop
  endfacet
  facet normal 0.537295 0.843394 -0
    outer loop
      vertex -8.25 -14.2894 0
      vertex -9.46401 -13.516 30
      vertex -8.25 -14.2894 30
    endloop
  endfacet
  facet normal 0.537295 0.843394 0
    outer loop
      vertex -9.46401 -13.516 30
      vertex -8.25 -14.2894 0
      vertex -9.46401 -13.516 0
    endloop
  endfacet
  facet normal 0.216405 0.976304 -0
    outer loop
      vertex -2.86519 -16.2493 0
      vertex -4.27051 -15.9378 30
      vertex -2.86519 -16.2493 30
    endloop
  endfacet
  facet normal 0.216405 0.976304 0
    outer loop
      vertex -4.27051 -15.9378 30
      vertex -2.86519 -16.2493 0
      vertex -4.27051 -15.9378 0
    endloop
  endfacet
  facet normal -0.60877 -0.793347 0
    outer loop
      vertex 9.46401 13.516 30
      vertex 10.606 12.6397 22.9966
      vertex 10.606 12.6397 30
    endloop
  endfacet
  facet normal -0.608921 -0.793231 -3.89282e-05
    outer loop
      vertex 9.46401 13.516 30
      vertex 10.544 12.6873 22.875
      vertex 10.606 12.6397 22.9966
    endloop
  endfacet
  facet normal -0.608908 -0.793241 -3.60191e-05
    outer loop
      vertex 9.46401 13.516 30
      vertex 10.4876 12.7306 22.7396
      vertex 10.544 12.6873 22.875
    endloop
  endfacet
  facet normal -0.608676 -0.793419 1.61219e-05
    outer loop
      vertex 9.46401 13.516 30
      vertex 10.4408 12.7665 22.5985
      vertex 10.4876 12.7306 22.7396
    endloop
  endfacet
  facet normal -0.608214 -0.793773 0.000112876
    outer loop
      vertex 9.46401 13.516 30
      vertex 10.4041 12.7946 22.4529
      vertex 10.4408 12.7665 22.5985
    endloop
  endfacet
  facet normal -0.609243 -0.792983 -9.08322e-05
    outer loop
      vertex 9.46401 13.516 30
      vertex 10.3777 12.8149 22.3039
      vertex 10.4041 12.7946 22.4529
    endloop
  endfacet
  facet normal -0.609096 -0.793096 -6.30515e-05
    outer loop
      vertex 9.46401 13.516 30
      vertex 10.3617 12.8272 22.1525
      vertex 10.3777 12.8149 22.3039
    endloop
  endfacet
  facet normal -0.60948 -0.792802 -0.000132759
    outer loop
      vertex 9.46401 13.516 30
      vertex 10.3564 12.8313 22
      vertex 10.3617 12.8272 22.1525
    endloop
  endfacet
  facet normal -0.607299 -0.794473 0.000253454
    outer loop
      vertex 9.46401 13.516 30
      vertex 10.3617 12.8272 21.8475
      vertex 10.3564 12.8313 22
    endloop
  endfacet
  facet normal -0.608749 -0.793363 0
    outer loop
      vertex 9.46401 13.516 0
      vertex 10.3617 12.8272 21.8475
      vertex 9.46401 13.516 30
    endloop
  endfacet
  facet normal -0.609269 -0.792963 3.39533e-05
    outer loop
      vertex 10.3617 12.8272 21.8475
      vertex 9.46401 13.516 0
      vertex 10.3777 12.8149 21.6961
    endloop
  endfacet
  facet normal -0.609411 -0.792854 4.34689e-05
    outer loop
      vertex 9.46401 13.516 0
      vertex 10.4041 12.7946 21.5471
      vertex 10.3777 12.8149 21.6961
    endloop
  endfacet
  facet normal -0.608058 -0.793893 -5.0365e-05
    outer loop
      vertex 9.46401 13.516 0
      vertex 10.4408 12.7665 21.4015
      vertex 10.4041 12.7946 21.5471
    endloop
  endfacet
  facet normal -0.608658 -0.793433 -6.85139e-06
    outer loop
      vertex 9.46401 13.516 0
      vertex 10.4876 12.7306 21.2604
      vertex 10.4408 12.7665 21.4015
    endloop
  endfacet
  facet normal -0.608941 -0.793216 1.47575e-05
    outer loop
      vertex 9.46401 13.516 0
      vertex 10.544 12.6873 21.125
      vertex 10.4876 12.7306 21.2604
    endloop
  endfacet
  facet normal -0.608949 -0.793209 1.54802e-05
    outer loop
      vertex 9.46401 13.516 0
      vertex 10.606 12.6397 21.0034
      vertex 10.544 12.6873 21.125
    endloop
  endfacet
  facet normal -0.60877 -0.793347 -0
    outer loop
      vertex 10.606 12.6397 21.0034
      vertex 9.46401 13.516 0
      vertex 10.606 12.6397 0
    endloop
  endfacet
  facet normal -0.537295 -0.843394 0
    outer loop
      vertex 8.25 14.2894 0
      vertex 9.46401 13.516 30
      vertex 8.25 14.2894 30
    endloop
  endfacet
  facet normal -0.537295 -0.843394 -0
    outer loop
      vertex 9.46401 13.516 30
      vertex 8.25 14.2894 0
      vertex 9.46401 13.516 0
    endloop
  endfacet
  facet normal -0.0436281 0.999048 0
    outer loop
      vertex 1.43807 -16.4372 0
      vertex 0 -16.5 30
      vertex 1.43807 -16.4372 30
    endloop
  endfacet
  facet normal -0.0436281 0.999048 0
    outer loop
      vertex 0 -16.5 30
      vertex 1.43807 -16.4372 0
      vertex 0 -16.5 0
    endloop
  endfacet
  facet normal -0.843394 0.537295 0
    outer loop
      vertex 13.516 -9.46401 0
      vertex 14.2894 -8.25 30
      vertex 14.2894 -8.25 0
    endloop
  endfacet
  facet normal -0.843394 0.537295 0
    outer loop
      vertex 14.2894 -8.25 30
      vertex 13.516 -9.46401 0
      vertex 13.516 -9.46401 30
    endloop
  endfacet
  facet normal 0.737313 -0.675552 0
    outer loop
      vertex -12.6397 10.606 30
      vertex -11.6673 11.6673 0
      vertex -11.6673 11.6673 30
    endloop
  endfacet
  facet normal 0.737313 -0.675552 0
    outer loop
      vertex -11.6673 11.6673 0
      vertex -12.6397 10.606 30
      vertex -12.6397 10.606 0
    endloop
  endfacet
  facet normal 0.382654 0.923892 -0
    outer loop
      vertex -5.64333 -15.5049 0
      vertex -6.9732 -14.9541 30
      vertex -5.64333 -15.5049 30
    endloop
  endfacet
  facet normal 0.382654 0.923892 0
    outer loop
      vertex -6.9732 -14.9541 30
      vertex -5.64333 -15.5049 0
      vertex -6.9732 -14.9541 0
    endloop
  endfacet
  facet normal -0.886999 -0.46177 0
    outer loop
      vertex 14.9541 6.9732 0
      vertex 14.2894 8.25 30
      vertex 14.2894 8.25 0
    endloop
  endfacet
  facet normal -0.886999 -0.46177 0
    outer loop
      vertex 14.2894 8.25 30
      vertex 14.9541 6.9732 0
      vertex 14.9541 6.9732 30
    endloop
  endfacet
  facet normal -0.843394 -0.537295 0
    outer loop
      vertex 14.2894 8.25 0
      vertex 13.516 9.46401 30
      vertex 13.516 9.46401 0
    endloop
  endfacet
  facet normal -0.843394 -0.537295 0
    outer loop
      vertex 13.516 9.46401 30
      vertex 14.2894 8.25 0
      vertex 14.2894 8.25 30
    endloop
  endfacet
  facet normal 0 0 -1
    outer loop
      vertex 15.4 -1.90526 30
      vertex 16.2493 -2.86519 30
      vertex 15.9378 -4.27051 30
    endloop
  endfacet
  facet normal 0 0 -1
    outer loop
      vertex 16.2493 -2.86519 30
      vertex 15.9306 -2.12504 30
      vertex 16.3397 -2.17889 30
    endloop
  endfacet
  facet normal 0 0 -1
    outer loop
      vertex 14.9444 -1.55563 30
      vertex 15.9378 -4.27051 30
      vertex 15.5049 -5.64333 30
    endloop
  endfacet
  facet normal 0 0 -1
    outer loop
      vertex 16.2493 -2.86519 30
      vertex 15.4 -1.90526 30
      vertex 15.9306 -2.12504 30
    endloop
  endfacet
  facet normal 0 0 -1
    outer loop
      vertex 14.5947 -1.1 30
      vertex 15.5049 -5.64333 30
      vertex 14.9541 -6.9732 30
    endloop
  endfacet
  facet normal 0 0 -1
    outer loop
      vertex 15.9378 -4.27051 30
      vertex 14.9444 -1.55563 30
      vertex 15.4 -1.90526 30
    endloop
  endfacet
  facet normal 0 0 -1
    outer loop
      vertex 15.5049 -5.64333 30
      vertex 14.5947 -1.1 30
      vertex 14.9444 -1.55563 30
    endloop
  endfacet
  facet normal 0 0 -1
    outer loop
      vertex 14.2894 -8.25 30
      vertex 14.5947 -1.1 30
      vertex 14.9541 -6.9732 30
    endloop
  endfacet
  facet normal 0 0 -1
    outer loop
      vertex 13.516 -9.46401 30
      vertex 14.5947 -1.1 30
      vertex 14.2894 -8.25 30
    endloop
  endfacet
  facet normal -0 0 -1
    outer loop
      vertex 14.5947 -1.1 30
      vertex 13.516 -9.46401 30
      vertex 14.375 -0.569402 30
    endloop
  endfacet
  facet normal 0 0 -1
    outer loop
      vertex 15.9306 2.12504 30
      vertex 16.2493 2.86519 30
      vertex 16.3397 2.17889 30
    endloop
  endfacet
  facet normal 0 0 -1
    outer loop
      vertex 15.4 1.90526 30
      vertex 16.2493 2.86519 30
      vertex 15.9306 2.12504 30
    endloop
  endfacet
  facet normal -0 0 -1
    outer loop
      vertex 16.2493 2.86519 30
      vertex 15.4 1.90526 30
      vertex 15.9378 4.27051 30
    endloop
  endfacet
  facet normal 0 0 -1
    outer loop
      vertex 14.9444 1.55563 30
      vertex 15.9378 4.27051 30
      vertex 15.4 1.90526 30
    endloop
  endfacet
  facet normal -0 0 -1
    outer loop
      vertex 15.9378 4.27051 30
      vertex 14.9444 1.55563 30
      vertex 15.5049 5.64333 30
    endloop
  endfacet
  facet normal 0 0 -1
    outer loop
      vertex 14.5947 1.1 30
      vertex 15.5049 5.64333 30
      vertex 14.9444 1.55563 30
    endloop
  endfacet
  facet normal -0 0 -1
    outer loop
      vertex 15.5049 5.64333 30
      vertex 14.5947 1.1 30
      vertex 14.9541 6.9732 30
    endloop
  endfacet
  facet normal 0 0 -1
    outer loop
      vertex 13.516 9.46401 30
      vertex 14.5947 1.1 30
      vertex 14.375 0.569402 30
    endloop
  endfacet
  facet normal 0 0 -1
    outer loop
      vertex 0.569402 14.375 30
      vertex 14.375 0.569402 30
      vertex 14.3 0 30
    endloop
  endfacet
  facet normal 0 0 -1
    outer loop
      vertex 14.5947 1.1 30
      vertex 14.2894 8.25 30
      vertex 14.9541 6.9732 30
    endloop
  endfacet
  facet normal 0 0 -1
    outer loop
      vertex 12.6397 -10.606 30
      vertex 14.375 -0.569402 30
      vertex 13.516 -9.46401 30
    endloop
  endfacet
  facet normal 0 0 -1
    outer loop
      vertex 11.6673 -11.6673 30
      vertex 14.375 -0.569402 30
      vertex 12.6397 -10.606 30
    endloop
  endfacet
  facet normal 0 0 -1
    outer loop
      vertex 14.375 0.569402 30
      vertex 0.569402 14.375 30
      vertex 11.6673 11.6673 30
    endloop
  endfacet
  facet normal 0 0 -1
    outer loop
      vertex 10.606 -12.6397 30
      vertex 14.375 -0.569402 30
      vertex 11.6673 -11.6673 30
    endloop
  endfacet
  facet normal 0 0 -1
    outer loop
      vertex 14.5947 1.1 30
      vertex 13.516 9.46401 30
      vertex 14.2894 8.25 30
    endloop
  endfacet
  facet normal 0 0 -1
    outer loop
      vertex 9.46401 -13.516 30
      vertex 14.375 -0.569402 30
      vertex 10.606 -12.6397 30
    endloop
  endfacet
  facet normal 0 0 -1
    outer loop
      vertex 14.375 0.569402 30
      vertex 12.6397 10.606 30
      vertex 13.516 9.46401 30
    endloop
  endfacet
  facet normal 0 0 -1
    outer loop
      vertex 8.25 -14.2894 30
      vertex 14.375 -0.569402 30
      vertex 9.46401 -13.516 30
    endloop
  endfacet
  facet normal 0 0 -1
    outer loop
      vertex 14.375 0.569402 30
      vertex 11.6673 11.6673 30
      vertex 12.6397 10.606 30
    endloop
  endfacet
  facet normal 0 0 -1
    outer loop
      vertex 6.9732 -14.9541 30
      vertex 14.375 -0.569402 30
      vertex 8.25 -14.2894 30
    endloop
  endfacet
  facet normal 0 0 -1
    outer loop
      vertex 11.6673 11.6673 30
      vertex 0.569402 14.375 30
      vertex 10.606 12.6397 30
    endloop
  endfacet
  facet normal 0 0 -1
    outer loop
      vertex 5.64333 -15.5049 30
      vertex 14.375 -0.569402 30
      vertex 6.9732 -14.9541 30
    endloop
  endfacet
  facet normal 0 0 -1
    outer loop
      vertex 10.606 12.6397 30
      vertex 0.569402 14.375 30
      vertex 9.46401 13.516 30
    endloop
  endfacet
  facet normal 0 0 -1
    outer loop
      vertex 4.27051 -15.9378 30
      vertex 14.375 -0.569402 30
      vertex 5.64333 -15.5049 30
    endloop
  endfacet
  facet normal 0 -0 -1
    outer loop
      vertex 1.1 14.5947 30
      vertex 9.46401 13.516 30
      vertex 0.569402 14.375 30
    endloop
  endfacet
  facet normal 0 0 -1
    outer loop
      vertex 2.86519 -16.2493 30
      vertex 14.375 -0.569402 30
      vertex 4.27051 -15.9378 30
    endloop
  endfacet
  facet normal 0 0 -1
    outer loop
      vertex 9.46401 13.516 30
      vertex 1.1 14.5947 30
      vertex 8.25 14.2894 30
    endloop
  endfacet
  facet normal 0 0 -1
    outer loop
      vertex 1.43807 -16.4372 30
      vertex 14.375 -0.569402 30
      vertex 2.86519 -16.2493 30
    endloop
  endfacet
  facet normal 0 0 -1
    outer loop
      vertex 8.25 14.2894 30
      vertex 1.1 14.5947 30
      vertex 6.9732 14.9541 30
    endloop
  endfacet
  facet normal -0 0 -1
    outer loop
      vertex 14.375 -0.569402 30
      vertex 1.43807 -16.4372 30
      vertex 14.3 0 30
    endloop
  endfacet
  facet normal 0 -0 -1
    outer loop
      vertex 1.55563 14.9444 30
      vertex 5.64333 15.5049 30
      vertex 1.1 14.5947 30
    endloop
  endfacet
  facet normal 0 -0 -1
    outer loop
      vertex 1.90526 15.4 30
      vertex 4.27051 15.9378 30
      vertex 1.55563 14.9444 30
    endloop
  endfacet
  facet normal -0 0 -1
    outer loop
      vertex 2.86519 16.2493 30
      vertex 2.12504 15.9306 30
      vertex 2.17889 16.3397 30
    endloop
  endfacet
  facet normal 0 0 -1
    outer loop
      vertex 2.86519 16.2493 30
      vertex 1.90526 15.4 30
      vertex 2.12504 15.9306 30
    endloop
  endfacet
  facet normal -0 0 -1
    outer loop
      vertex 4.27051 15.9378 30
      vertex 1.90526 15.4 30
      vertex 2.86519 16.2493 30
    endloop
  endfacet
  facet normal 0 0 -1
    outer loop
      vertex 0 -16.5 30
      vertex 14.3 0 30
      vertex 1.43807 -16.4372 30
    endloop
  endfacet
  facet normal -0 0 -1
    outer loop
      vertex 5.64333 15.5049 30
      vertex 1.55563 14.9444 30
      vertex 4.27051 15.9378 30
    endloop
  endfacet
  facet normal -0 0 -1
    outer loop
      vertex 6.9732 14.9541 30
      vertex 1.1 14.5947 30
      vertex 5.64333 15.5049 30
    endloop
  endfacet
  facet normal 0 0 -1
    outer loop
      vertex -1.43807 -16.4372 30
      vertex 14.3 0 30
      vertex 0 -16.5 30
    endloop
  endfacet
  facet normal 0 0 -1
    outer loop
      vertex 14.3 0 30
      vertex 0 14.3 30
      vertex 0.569402 14.375 30
    endloop
  endfacet
  facet normal 0 0 -1
    outer loop
      vertex -2.86519 -16.2493 30
      vertex 14.3 0 30
      vertex -1.43807 -16.4372 30
    endloop
  endfacet
  facet normal 0 0 -1
    outer loop
      vertex -4.27051 -15.9378 30
      vertex 14.3 0 30
      vertex -2.86519 -16.2493 30
    endloop
  endfacet
  facet normal 0 0 -1
    outer loop
      vertex -5.64333 -15.5049 30
      vertex 14.3 0 30
      vertex -4.27051 -15.9378 30
    endloop
  endfacet
  facet normal 0 0 -1
    outer loop
      vertex -6.9732 -14.9541 30
      vertex 14.3 0 30
      vertex -5.64333 -15.5049 30
    endloop
  endfacet
  facet normal 0 0 -1
    outer loop
      vertex -8.25 -14.2894 30
      vertex 14.3 0 30
      vertex -6.9732 -14.9541 30
    endloop
  endfacet
  facet normal 0 0 -1
    outer loop
      vertex -9.46401 -13.516 30
      vertex 14.3 0 30
      vertex -8.25 -14.2894 30
    endloop
  endfacet
  facet normal 0 0 -1
    outer loop
      vertex -10.606 -12.6397 30
      vertex 14.3 0 30
      vertex -9.46401 -13.516 30
    endloop
  endfacet
  facet normal -0 0 -1
    outer loop
      vertex 14.3 0 30
      vertex -10.606 -12.6397 30
      vertex 0 14.3 30
    endloop
  endfacet
  facet normal 0 0 -1
    outer loop
      vertex -11.6673 -11.6673 30
      vertex 0 14.3 30
      vertex -10.606 -12.6397 30
    endloop
  endfacet
  facet normal 0 0 -1
    outer loop
      vertex -1.90526 15.4 30
      vertex -2.86519 16.2493 30
      vertex -2.12504 15.9306 30
    endloop
  endfacet
  facet normal 0 0 -1
    outer loop
      vertex -2.12504 15.9306 30
      vertex -2.86519 16.2493 30
      vertex -2.17889 16.3397 30
    endloop
  endfacet
  facet normal 0 0 -1
    outer loop
      vertex -12.6397 -10.606 30
      vertex 0 14.3 30
      vertex -11.6673 -11.6673 30
    endloop
  endfacet
  facet normal 0 -0 -1
    outer loop
      vertex -2.86519 16.2493 30
      vertex -1.90526 15.4 30
      vertex -4.27051 15.9378 30
    endloop
  endfacet
  facet normal 0 0 -1
    outer loop
      vertex -13.516 -9.46401 30
      vertex 0 14.3 30
      vertex -12.6397 -10.606 30
    endloop
  endfacet
  facet normal 0 0 -1
    outer loop
      vertex -1.55563 14.9444 30
      vertex -4.27051 15.9378 30
      vertex -1.90526 15.4 30
    endloop
  endfacet
  facet normal 0 0 -1
    outer loop
      vertex -14.2894 -8.25 30
      vertex 0 14.3 30
      vertex -13.516 -9.46401 30
    endloop
  endfacet
  facet normal 0 -0 -1
    outer loop
      vertex -4.27051 15.9378 30
      vertex -1.55563 14.9444 30
      vertex -5.64333 15.5049 30
    endloop
  endfacet
  facet normal 0 0 -1
    outer loop
      vertex -14.9541 -6.9732 30
      vertex 0 14.3 30
      vertex -14.2894 -8.25 30
    endloop
  endfacet
  facet normal 0 0 -1
    outer loop
      vertex -1.1 14.5947 30
      vertex -5.64333 15.5049 30
      vertex -1.55563 14.9444 30
    endloop
  endfacet
  facet normal 0 0 -1
    outer loop
      vertex -15.5049 -5.64333 30
      vertex 0 14.3 30
      vertex -14.9541 -6.9732 30
    endloop
  endfacet
  facet normal 0 -0 -1
    outer loop
      vertex -5.64333 15.5049 30
      vertex -1.1 14.5947 30
      vertex -6.9732 14.9541 30
    endloop
  endfacet
  facet normal 0 0 -1
    outer loop
      vertex -15.9378 -4.27051 30
      vertex 0 14.3 30
      vertex -15.5049 -5.64333 30
    endloop
  endfacet
  facet normal 0 -0 -1
    outer loop
      vertex -6.9732 14.9541 30
      vertex -1.1 14.5947 30
      vertex -8.25 14.2894 30
    endloop
  endfacet
  facet normal 0 0 -1
    outer loop
      vertex -16.2493 -2.86519 30
      vertex 0 14.3 30
      vertex -15.9378 -4.27051 30
    endloop
  endfacet
  facet normal 0 -0 -1
    outer loop
      vertex -8.25 14.2894 30
      vertex -1.1 14.5947 30
      vertex -9.46401 13.516 30
    endloop
  endfacet
  facet normal 0 0 -1
    outer loop
      vertex -16.4372 -1.43807 30
      vertex 0 14.3 30
      vertex -16.2493 -2.86519 30
    endloop
  endfacet
  facet normal -0 0 -1
    outer loop
      vertex -0.569402 14.375 30
      vertex -9.46401 13.516 30
      vertex -1.1 14.5947 30
    endloop
  endfacet
  facet normal 0 0 -1
    outer loop
      vertex -16.5 0 30
      vertex 0 14.3 30
      vertex -16.4372 -1.43807 30
    endloop
  endfacet
  facet normal 0 -0 -1
    outer loop
      vertex -9.46401 13.516 30
      vertex -0.569402 14.375 30
      vertex -10.606 12.6397 30
    endloop
  endfacet
  facet normal -0 0 -1
    outer loop
      vertex 0 14.3 30
      vertex -16.5 0 30
      vertex -0.569402 14.375 30
    endloop
  endfacet
  facet normal 0 -0 -1
    outer loop
      vertex -10.606 12.6397 30
      vertex -0.569402 14.375 30
      vertex -11.6673 11.6673 30
    endloop
  endfacet
  facet normal 0 -0 -1
    outer loop
      vertex -16.4372 1.43807 30
      vertex -0.569402 14.375 30
      vertex -16.5 0 30
    endloop
  endfacet
  facet normal 0 -0 -1
    outer loop
      vertex -11.6673 11.6673 30
      vertex -0.569402 14.375 30
      vertex -12.6397 10.606 30
    endloop
  endfacet
  facet normal 0 -0 -1
    outer loop
      vertex -13.516 9.46401 30
      vertex -0.569402 14.375 30
      vertex -14.2894 8.25 30
    endloop
  endfacet
  facet normal 0 -0 -1
    outer loop
      vertex -12.6397 10.606 30
      vertex -0.569402 14.375 30
      vertex -13.516 9.46401 30
    endloop
  endfacet
  facet normal 0 -0 -1
    outer loop
      vertex -15.9378 4.27051 30
      vertex -0.569402 14.375 30
      vertex -16.2493 2.86519 30
    endloop
  endfacet
  facet normal 0 -0 -1
    outer loop
      vertex -14.2894 8.25 30
      vertex -0.569402 14.375 30
      vertex -14.9541 6.9732 30
    endloop
  endfacet
  facet normal 0 -0 -1
    outer loop
      vertex -14.9541 6.9732 30
      vertex -0.569402 14.375 30
      vertex -15.5049 5.64333 30
    endloop
  endfacet
  facet normal 0 -0 -1
    outer loop
      vertex -15.5049 5.64333 30
      vertex -0.569402 14.375 30
      vertex -15.9378 4.27051 30
    endloop
  endfacet
  facet normal 0 -0 -1
    outer loop
      vertex -16.2493 2.86519 30
      vertex -0.569402 14.375 30
      vertex -16.4372 1.43807 30
    endloop
  endfacet
  facet normal 0.675552 -0.737313 0
    outer loop
      vertex -11.6673 11.6673 0
      vertex -10.606 12.6397 30
      vertex -11.6673 11.6673 30
    endloop
  endfacet
  facet normal 0.675552 -0.737313 0
    outer loop
      vertex -10.606 12.6397 30
      vertex -11.6673 11.6673 0
      vertex -10.606 12.6397 0
    endloop
  endfacet
  facet normal -0.923892 0.382654 0
    outer loop
      vertex 14.9541 -6.9732 0
      vertex 15.5049 -5.64333 30
      vertex 15.5049 -5.64333 0
    endloop
  endfacet
  facet normal -0.923892 0.382654 0
    outer loop
      vertex 15.5049 -5.64333 30
      vertex 14.9541 -6.9732 0
      vertex 14.9541 -6.9732 30
    endloop
  endfacet
  facet normal 0.923892 -0.382654 0
    outer loop
      vertex -15.5049 5.64333 30
      vertex -14.9541 6.9732 0
      vertex -14.9541 6.9732 30
    endloop
  endfacet
  facet normal 0.923892 -0.382654 0
    outer loop
      vertex -14.9541 6.9732 0
      vertex -15.5049 5.64333 30
      vertex -15.5049 5.64333 0
    endloop
  endfacet
  facet normal -0.216405 0.976304 0
    outer loop
      vertex 4.27051 -15.9378 0
      vertex 2.86519 -16.2493 30
      vertex 4.27051 -15.9378 30
    endloop
  endfacet
  facet normal -0.216405 0.976304 0
    outer loop
      vertex 2.86519 -16.2493 30
      vertex 4.27051 -15.9378 0
      vertex 2.86519 -16.2493 0
    endloop
  endfacet
  facet normal 0.991443 0.130537 0
    outer loop
      vertex -16.2493 -2.86519 30
      vertex -16.4372 -1.43807 0
      vertex -16.4372 -1.43807 30
    endloop
  endfacet
  facet normal 0.991443 0.130537 0
    outer loop
      vertex -16.4372 -1.43807 0
      vertex -16.2493 -2.86519 30
      vertex -16.2493 -2.86519 0
    endloop
  endfacet
  facet normal -0.737535 -0.675309 0
    outer loop
      vertex 11.7704 11.5547 23.7433
      vertex 11.6673 11.6673 30
      vertex 11.6673 11.6673 23.75
    endloop
  endfacet
  facet normal -0.737131 -0.67575 -4.73138e-05
    outer loop
      vertex 12.6397 10.606 30
      vertex 11.7704 11.5547 23.7433
      vertex 11.8728 11.443 23.7234
    endloop
  endfacet
  facet normal -0.737588 -0.675251 7.50894e-05
    outer loop
      vertex 12.6397 10.606 30
      vertex 11.8728 11.443 23.7234
      vertex 11.9735 11.333 23.6904
    endloop
  endfacet
  facet normal -0.736996 -0.675897 -6.17981e-05
    outer loop
      vertex 12.6397 10.606 30
      vertex 11.9735 11.333 23.6904
      vertex 12.072 11.2256 23.6445
    endloop
  endfacet
  facet normal -0.737246 -0.675624 -1.29626e-05
    outer loop
      vertex 12.6397 10.606 30
      vertex 12.072 11.2256 23.6445
      vertex 12.1674 11.1215 23.586
    endloop
  endfacet
  facet normal -0.737395 -0.675462 1.10978e-05
    outer loop
      vertex 12.6397 10.606 30
      vertex 12.1674 11.1215 23.586
      vertex 12.259 11.0215 23.5155
    endloop
  endfacet
  facet normal -0.737468 -0.675383 2.04191e-05
    outer loop
      vertex 12.6397 10.606 30
      vertex 12.259 11.0215 23.5155
      vertex 12.346 10.9265 23.4335
    endloop
  endfacet
  facet normal -0.737355 -0.675506 9.36009e-06
    outer loop
      vertex 12.6397 10.606 30
      vertex 12.346 10.9265 23.4335
      vertex 12.4279 10.8371 23.3406
    endloop
  endfacet
  facet normal -0.736662 -0.676261 -3.88659e-05
    outer loop
      vertex 12.6397 10.606 30
      vertex 12.4279 10.8371 23.3406
      vertex 12.5041 10.7541 23.2374
    endloop
  endfacet
  facet normal -0.737867 -0.674946 1.40785e-05
    outer loop
      vertex 12.6397 10.606 30
      vertex 12.5041 10.7541 23.2374
      vertex 12.5738 10.6779 23.1249
    endloop
  endfacet
  facet normal -0.736585 -0.676345 -1.28382e-05
    outer loop
      vertex 12.6397 10.606 30
      vertex 12.5738 10.6779 23.1249
      vertex 12.6367 10.6094 23.0038
    endloop
  endfacet
  facet normal -0.749838 -0.661622 -0
    outer loop
      vertex 12.6397 10.606 30
      vertex 12.6367 10.6094 23.0038
      vertex 12.6397 10.606 22.9966
    endloop
  endfacet
  facet normal -0.737313 -0.675552 8.01799e-06
    outer loop
      vertex 11.7704 11.5547 23.7433
      vertex 12.6397 10.606 30
      vertex 11.6673 11.6673 30
    endloop
  endfacet
  facet normal -0.737313 -0.675552 0
    outer loop
      vertex 12.6397 10.606 0
      vertex 11.6673 11.6673 20.25
      vertex 11.6673 11.6673 0
    endloop
  endfacet
  facet normal -0.737534 -0.67531 -2.32843e-05
    outer loop
      vertex 11.6673 11.6673 20.25
      vertex 12.6397 10.606 0
      vertex 11.7704 11.5547 20.2567
    endloop
  endfacet
  facet normal -0.737128 -0.675753 1.48844e-05
    outer loop
      vertex 11.7704 11.5547 20.2567
      vertex 12.6397 10.606 0
      vertex 11.8728 11.443 20.2766
    endloop
  endfacet
  facet normal -0.737596 -0.675243 -2.38783e-05
    outer loop
      vertex 11.8728 11.443 20.2766
      vertex 12.6397 10.606 0
      vertex 11.9735 11.333 20.3096
    endloop
  endfacet
  facet normal -0.736987 -0.675906 1.98405e-05
    outer loop
      vertex 11.9735 11.333 20.3096
      vertex 12.6397 10.606 0
      vertex 12.072 11.2256 20.3555
    endloop
  endfacet
  facet normal -0.737244 -0.675627 4.19717e-06
    outer loop
      vertex 12.072 11.2256 20.3555
      vertex 12.6397 10.606 0
      vertex 12.1674 11.1215 20.414
    endloop
  endfacet
  facet normal -0.737398 -0.675459 -3.62001e-06
    outer loop
      vertex 12.1674 11.1215 20.414
      vertex 12.6397 10.606 0
      vertex 12.259 11.0215 20.4845
    endloop
  endfacet
  facet normal -0.737473 -0.675376 -6.70397e-06
    outer loop
      vertex 12.259 11.0215 20.4845
      vertex 12.6397 10.606 0
      vertex 12.346 10.9265 20.5665
    endloop
  endfacet
  facet normal -0.737358 -0.675502 -3.09005e-06
    outer loop
      vertex 12.346 10.9265 20.5665
      vertex 12.6397 10.606 0
      vertex 12.4279 10.8371 20.6594
    endloop
  endfacet
  facet normal -0.736646 -0.676278 1.28891e-05
    outer loop
      vertex 12.4279 10.8371 20.6594
      vertex 12.6397 10.606 0
      vertex 12.5041 10.7541 20.7626
    endloop
  endfacet
  facet normal -0.737874 -0.674939 -4.68448e-06
    outer loop
      vertex 12.5041 10.7541 20.7626
      vertex 12.6397 10.606 0
      vertex 12.5738 10.6779 20.8751
    endloop
  endfacet
  facet normal -0.736577 -0.676353 4.28025e-06
    outer loop
      vertex 12.5738 10.6779 20.8751
      vertex 12.6397 10.606 0
      vertex 12.6367 10.6094 20.9962
    endloop
  endfacet
  facet normal -0.749838 -0.661622 0
    outer loop
      vertex 12.6367 10.6094 20.9962
      vertex 12.6397 10.606 0
      vertex 12.6397 10.606 21.0034
    endloop
  endfacet
  facet normal 0.886999 -0.46177 0
    outer loop
      vertex -14.9541 6.9732 30
      vertex -14.2894 8.25 0
      vertex -14.2894 8.25 30
    endloop
  endfacet
  facet normal 0.886999 -0.46177 0
    outer loop
      vertex -14.2894 8.25 0
      vertex -14.9541 6.9732 30
      vertex -14.9541 6.9732 0
    endloop
  endfacet
  facet normal 0.749838 0.661622 0
    outer loop
      vertex -12.6397 -10.606 30
      vertex -12.6367 -10.6094 23.0038
      vertex -12.6397 -10.606 22.9966
    endloop
  endfacet
  facet normal 0.736585 0.676345 -1.28382e-05
    outer loop
      vertex -12.6397 -10.606 30
      vertex -12.5738 -10.6779 23.1249
      vertex -12.6367 -10.6094 23.0038
    endloop
  endfacet
  facet normal 0.737867 0.674946 1.40785e-05
    outer loop
      vertex -12.6397 -10.606 30
      vertex -12.5041 -10.7541 23.2374
      vertex -12.5738 -10.6779 23.1249
    endloop
  endfacet
  facet normal 0.736662 0.676261 -3.88659e-05
    outer loop
      vertex -12.6397 -10.606 30
      vertex -12.4279 -10.8371 23.3406
      vertex -12.5041 -10.7541 23.2374
    endloop
  endfacet
  facet normal 0.737355 0.675506 9.36009e-06
    outer loop
      vertex -12.6397 -10.606 30
      vertex -12.346 -10.9265 23.4335
      vertex -12.4279 -10.8371 23.3406
    endloop
  endfacet
  facet normal 0.737468 0.675383 2.04191e-05
    outer loop
      vertex -12.6397 -10.606 30
      vertex -12.259 -11.0215 23.5155
      vertex -12.346 -10.9265 23.4335
    endloop
  endfacet
  facet normal 0.737395 0.675462 1.10978e-05
    outer loop
      vertex -12.6397 -10.606 30
      vertex -12.1674 -11.1215 23.586
      vertex -12.259 -11.0215 23.5155
    endloop
  endfacet
  facet normal 0.737246 0.675624 -1.29626e-05
    outer loop
      vertex -12.6397 -10.606 30
      vertex -12.072 -11.2256 23.6445
      vertex -12.1674 -11.1215 23.586
    endloop
  endfacet
  facet normal 0.736996 0.675897 -6.17981e-05
    outer loop
      vertex -12.6397 -10.606 30
      vertex -11.9735 -11.333 23.6904
      vertex -12.072 -11.2256 23.6445
    endloop
  endfacet
  facet normal 0.737588 0.675251 7.50894e-05
    outer loop
      vertex -12.6397 -10.606 30
      vertex -11.8728 -11.443 23.7234
      vertex -11.9735 -11.333 23.6904
    endloop
  endfacet
  facet normal 0.737131 0.67575 -4.73138e-05
    outer loop
      vertex -12.6397 -10.606 30
      vertex -11.7704 -11.5547 23.7433
      vertex -11.8728 -11.443 23.7234
    endloop
  endfacet
  facet normal 0.737313 0.675552 8.01799e-06
    outer loop
      vertex -11.6673 -11.6673 30
      vertex -11.7704 -11.5547 23.7433
      vertex -12.6397 -10.606 30
    endloop
  endfacet
  facet normal 0.737535 0.675309 0
    outer loop
      vertex -11.7704 -11.5547 23.7433
      vertex -11.6673 -11.6673 30
      vertex -11.6673 -11.6673 23.75
    endloop
  endfacet
  facet normal 0.749838 0.661622 0
    outer loop
      vertex -12.6367 -10.6094 20.9962
      vertex -12.6397 -10.606 0
      vertex -12.6397 -10.606 21.0034
    endloop
  endfacet
  facet normal 0.736577 0.676353 4.28025e-06
    outer loop
      vertex -12.5738 -10.6779 20.8751
      vertex -12.6397 -10.606 0
      vertex -12.6367 -10.6094 20.9962
    endloop
  endfacet
  facet normal 0.737874 0.674939 -4.68448e-06
    outer loop
      vertex -12.5041 -10.7541 20.7626
      vertex -12.6397 -10.606 0
      vertex -12.5738 -10.6779 20.8751
    endloop
  endfacet
  facet normal 0.736646 0.676278 1.28891e-05
    outer loop
      vertex -12.4279 -10.8371 20.6594
      vertex -12.6397 -10.606 0
      vertex -12.5041 -10.7541 20.7626
    endloop
  endfacet
  facet normal 0.737358 0.675502 -3.09005e-06
    outer loop
      vertex -12.346 -10.9265 20.5665
      vertex -12.6397 -10.606 0
      vertex -12.4279 -10.8371 20.6594
    endloop
  endfacet
  facet normal 0.737473 0.675376 -6.70397e-06
    outer loop
      vertex -12.259 -11.0215 20.4845
      vertex -12.6397 -10.606 0
      vertex -12.346 -10.9265 20.5665
    endloop
  endfacet
  facet normal 0.737398 0.675459 -3.62001e-06
    outer loop
      vertex -12.1674 -11.1215 20.414
      vertex -12.6397 -10.606 0
      vertex -12.259 -11.0215 20.4845
    endloop
  endfacet
  facet normal 0.737244 0.675627 4.19717e-06
    outer loop
      vertex -12.072 -11.2256 20.3555
      vertex -12.6397 -10.606 0
      vertex -12.1674 -11.1215 20.414
    endloop
  endfacet
  facet normal 0.736987 0.675906 1.98405e-05
    outer loop
      vertex -11.9735 -11.333 20.3096
      vertex -12.6397 -10.606 0
      vertex -12.072 -11.2256 20.3555
    endloop
  endfacet
  facet normal 0.737596 0.675243 -2.38783e-05
    outer loop
      vertex -11.8728 -11.443 20.2766
      vertex -12.6397 -10.606 0
      vertex -11.9735 -11.333 20.3096
    endloop
  endfacet
  facet normal 0.737128 0.675753 1.48844e-05
    outer loop
      vertex -11.7704 -11.5547 20.2567
      vertex -12.6397 -10.606 0
      vertex -11.8728 -11.443 20.2766
    endloop
  endfacet
  facet normal 0.737534 0.67531 -2.32843e-05
    outer loop
      vertex -11.6673 -11.6673 20.25
      vertex -12.6397 -10.606 0
      vertex -11.7704 -11.5547 20.2567
    endloop
  endfacet
  facet normal 0.737313 0.675552 0
    outer loop
      vertex -12.6397 -10.606 0
      vertex -11.6673 -11.6673 20.25
      vertex -11.6673 -11.6673 0
    endloop
  endfacet
  facet normal 0.794473 0.607299 0.000253454
    outer loop
      vertex -12.8272 -10.3617 21.8475
      vertex -13.516 -9.46401 30
      vertex -12.8313 -10.3564 22
    endloop
  endfacet
  facet normal 0.792802 0.60948 -0.000132759
    outer loop
      vertex -13.516 -9.46401 30
      vertex -12.8272 -10.3617 22.1525
      vertex -12.8313 -10.3564 22
    endloop
  endfacet
  facet normal 0.793096 0.609096 -6.30515e-05
    outer loop
      vertex -13.516 -9.46401 30
      vertex -12.8149 -10.3777 22.3039
      vertex -12.8272 -10.3617 22.1525
    endloop
  endfacet
  facet normal 0.792983 0.609243 -9.08322e-05
    outer loop
      vertex -13.516 -9.46401 30
      vertex -12.7946 -10.4041 22.4529
      vertex -12.8149 -10.3777 22.3039
    endloop
  endfacet
  facet normal 0.793773 0.608214 0.000112876
    outer loop
      vertex -13.516 -9.46401 30
      vertex -12.7665 -10.4408 22.5985
      vertex -12.7946 -10.4041 22.4529
    endloop
  endfacet
  facet normal 0.793419 0.608676 1.61219e-05
    outer loop
      vertex -13.516 -9.46401 30
      vertex -12.7306 -10.4876 22.7396
      vertex -12.7665 -10.4408 22.5985
    endloop
  endfacet
  facet normal 0.793241 0.608908 -3.60191e-05
    outer loop
      vertex -13.516 -9.46401 30
      vertex -12.6873 -10.544 22.875
      vertex -12.7306 -10.4876 22.7396
    endloop
  endfacet
  facet normal 0.793347 0.60877 -0
    outer loop
      vertex -12.6397 -10.606 22.9966
      vertex -13.516 -9.46401 30
      vertex -12.6397 -10.606 30
    endloop
  endfacet
  facet normal 0.793231 0.608921 -3.89282e-05
    outer loop
      vertex -13.516 -9.46401 30
      vertex -12.6397 -10.606 22.9966
      vertex -12.6873 -10.544 22.875
    endloop
  endfacet
  facet normal 0.793363 0.608749 0
    outer loop
      vertex -13.516 -9.46401 30
      vertex -12.8272 -10.3617 21.8475
      vertex -13.516 -9.46401 0
    endloop
  endfacet
  facet normal 0.792963 0.609269 3.39533e-05
    outer loop
      vertex -12.8149 -10.3777 21.6961
      vertex -13.516 -9.46401 0
      vertex -12.8272 -10.3617 21.8475
    endloop
  endfacet
  facet normal 0.792854 0.609411 4.34689e-05
    outer loop
      vertex -12.7946 -10.4041 21.5471
      vertex -13.516 -9.46401 0
      vertex -12.8149 -10.3777 21.6961
    endloop
  endfacet
  facet normal 0.793893 0.608058 -5.0365e-05
    outer loop
      vertex -12.7665 -10.4408 21.4015
      vertex -13.516 -9.46401 0
      vertex -12.7946 -10.4041 21.5471
    endloop
  endfacet
  facet normal 0.793433 0.608658 -6.85139e-06
    outer loop
      vertex -12.7306 -10.4876 21.2604
      vertex -13.516 -9.46401 0
      vertex -12.7665 -10.4408 21.4015
    endloop
  endfacet
  facet normal 0.793216 0.608941 1.47575e-05
    outer loop
      vertex -12.6873 -10.544 21.125
      vertex -13.516 -9.46401 0
      vertex -12.7306 -10.4876 21.2604
    endloop
  endfacet
  facet normal 0.793209 0.608949 1.54802e-05
    outer loop
      vertex -12.6397 -10.606 21.0034
      vertex -13.516 -9.46401 0
      vertex -12.6873 -10.544 21.125
    endloop
  endfacet
  facet normal 0.793347 0.60877 0
    outer loop
      vertex -13.516 -9.46401 0
      vertex -12.6397 -10.606 21.0034
      vertex -12.6397 -10.606 0
    endloop
  endfacet
  facet normal -0.382654 0.923892 0
    outer loop
      vertex 6.9732 -14.9541 0
      vertex 5.64333 -15.5049 30
      vertex 6.9732 -14.9541 30
    endloop
  endfacet
  facet normal -0.382654 0.923892 0
    outer loop
      vertex 5.64333 -15.5049 30
      vertex 6.9732 -14.9541 0
      vertex 5.64333 -15.5049 0
    endloop
  endfacet
  facet normal 0.999048 0.0436281 0
    outer loop
      vertex -16.4372 -1.43807 30
      vertex -16.5 0 0
      vertex -16.5 0 30
    endloop
  endfacet
  facet normal 0.999048 0.0436281 0
    outer loop
      vertex -16.5 0 0
      vertex -16.4372 -1.43807 30
      vertex -16.4372 -1.43807 0
    endloop
  endfacet
  facet normal 0.953707 0.300738 0
    outer loop
      vertex -15.5049 -5.64333 30
      vertex -15.9378 -4.27051 0
      vertex -15.9378 -4.27051 30
    endloop
  endfacet
  facet normal 0.953707 0.300738 0
    outer loop
      vertex -15.9378 -4.27051 0
      vertex -15.5049 -5.64333 30
      vertex -15.5049 -5.64333 0
    endloop
  endfacet
  facet normal -0.537295 0.843394 0
    outer loop
      vertex 9.46401 -13.516 0
      vertex 8.25 -14.2894 30
      vertex 9.46401 -13.516 30
    endloop
  endfacet
  facet normal -0.537295 0.843394 0
    outer loop
      vertex 8.25 -14.2894 30
      vertex 9.46401 -13.516 0
      vertex 8.25 -14.2894 0
    endloop
  endfacet
  facet normal -0.300738 -0.953707 0
    outer loop
      vertex 4.27051 15.9378 0
      vertex 5.64333 15.5049 30
      vertex 4.27051 15.9378 30
    endloop
  endfacet
  facet normal -0.300738 -0.953707 -0
    outer loop
      vertex 5.64333 15.5049 30
      vertex 4.27051 15.9378 0
      vertex 5.64333 15.5049 0
    endloop
  endfacet
  facet normal 0.300738 0.953707 -0
    outer loop
      vertex -4.27051 -15.9378 0
      vertex -5.64333 -15.5049 30
      vertex -4.27051 -15.9378 30
    endloop
  endfacet
  facet normal 0.300738 0.953707 0
    outer loop
      vertex -5.64333 -15.5049 30
      vertex -4.27051 -15.9378 0
      vertex -5.64333 -15.5049 0
    endloop
  endfacet
  facet normal 0.843394 0.537295 0
    outer loop
      vertex -13.516 -9.46401 30
      vertex -14.2894 -8.25 0
      vertex -14.2894 -8.25 30
    endloop
  endfacet
  facet normal 0.843394 0.537295 0
    outer loop
      vertex -14.2894 -8.25 0
      vertex -13.516 -9.46401 30
      vertex -13.516 -9.46401 0
    endloop
  endfacet
  facet normal -0.60877 0.793347 0
    outer loop
      vertex 10.606 -12.6397 0
      vertex 9.46401 -13.516 30
      vertex 10.606 -12.6397 30
    endloop
  endfacet
  facet normal -0.60877 0.793347 0
    outer loop
      vertex 9.46401 -13.516 30
      vertex 10.606 -12.6397 0
      vertex 9.46401 -13.516 0
    endloop
  endfacet
  facet normal 0.991443 -0.130537 0
    outer loop
      vertex -16.4372 1.43807 30
      vertex -16.2493 2.86519 0
      vertex -16.2493 2.86519 30
    endloop
  endfacet
  facet normal 0.991443 -0.130537 0
    outer loop
      vertex -16.2493 2.86519 0
      vertex -16.4372 1.43807 30
      vertex -16.4372 1.43807 0
    endloop
  endfacet
  facet normal -0.953707 0.300738 0
    outer loop
      vertex 15.5049 -5.64333 0
      vertex 15.9378 -4.27051 30
      vertex 15.9378 -4.27051 0
    endloop
  endfacet
  facet normal -0.953707 0.300738 0
    outer loop
      vertex 15.9378 -4.27051 30
      vertex 15.5049 -5.64333 0
      vertex 15.5049 -5.64333 30
    endloop
  endfacet
  facet normal -0.737313 0.675552 0
    outer loop
      vertex 11.6673 -11.6673 0
      vertex 12.6397 -10.606 30
      vertex 12.6397 -10.606 0
    endloop
  endfacet
  facet normal -0.737313 0.675552 0
    outer loop
      vertex 12.6397 -10.606 30
      vertex 11.6673 -11.6673 0
      vertex 11.6673 -11.6673 30
    endloop
  endfacet
  facet normal 0.843394 -0.537295 0
    outer loop
      vertex -14.2894 8.25 30
      vertex -13.516 9.46401 0
      vertex -13.516 9.46401 30
    endloop
  endfacet
  facet normal 0.843394 -0.537295 0
    outer loop
      vertex -13.516 9.46401 0
      vertex -14.2894 8.25 30
      vertex -14.2894 8.25 0
    endloop
  endfacet
  facet normal 0.216405 -0.976304 0
    outer loop
      vertex -4.27051 15.9378 0
      vertex -2.86519 16.2493 30
      vertex -4.27051 15.9378 30
    endloop
  endfacet
  facet normal 0.216405 -0.976304 0
    outer loop
      vertex -2.86519 16.2493 30
      vertex -4.27051 15.9378 0
      vertex -2.86519 16.2493 0
    endloop
  endfacet
  facet normal -0.675552 0.737313 0
    outer loop
      vertex 11.6673 -11.6673 0
      vertex 10.606 -12.6397 30
      vertex 11.6673 -11.6673 30
    endloop
  endfacet
  facet normal -0.675552 0.737313 0
    outer loop
      vertex 10.606 -12.6397 30
      vertex 11.6673 -11.6673 0
      vertex 10.606 -12.6397 0
    endloop
  endfacet
  facet normal 0.976304 -0.216405 0
    outer loop
      vertex -16.2493 2.86519 30
      vertex -15.9378 4.27051 0
      vertex -15.9378 4.27051 30
    endloop
  endfacet
  facet normal 0.976304 -0.216405 0
    outer loop
      vertex -15.9378 4.27051 0
      vertex -16.2493 2.86519 30
      vertex -16.2493 2.86519 0
    endloop
  endfacet
  facet normal 0.46177 0.886999 -0
    outer loop
      vertex -6.9732 -14.9541 0
      vertex -8.25 -14.2894 30
      vertex -6.9732 -14.9541 30
    endloop
  endfacet
  facet normal 0.46177 0.886999 0
    outer loop
      vertex -8.25 -14.2894 30
      vertex -6.9732 -14.9541 0
      vertex -8.25 -14.2894 0
    endloop
  endfacet
  facet normal 0 0 -1
    outer loop
      vertex 21.5 -5.3 41.2
      vertex 18.7 0 41.2
      vertex 21.5 5.3 41.2
    endloop
  endfacet
  facet normal 0 0 -1
    outer loop
      vertex 21.5 -5.3 41.2
      vertex 18.625 -0.569402 41.2
      vertex 18.7 0 41.2
    endloop
  endfacet
  facet normal 0 0 -1
    outer loop
      vertex 21.5 -5.3 41.2
      vertex 18.4053 -1.1 41.2
      vertex 18.625 -0.569402 41.2
    endloop
  endfacet
  facet normal 0 0 -1
    outer loop
      vertex 21.5 -5.3 41.2
      vertex 18.0556 -1.55563 41.2
      vertex 18.4053 -1.1 41.2
    endloop
  endfacet
  facet normal 0 0 -1
    outer loop
      vertex 21.5 -5.3 41.2
      vertex 17.6 -1.90526 41.2
      vertex 18.0556 -1.55563 41.2
    endloop
  endfacet
  facet normal 0 0 -1
    outer loop
      vertex 21.5 -5.3 41.2
      vertex 17.0694 -2.12504 41.2
      vertex 17.6 -1.90526 41.2
    endloop
  endfacet
  facet normal 0 0 -1
    outer loop
      vertex 21.5 -5.3 41.2
      vertex 16.5 -2.2 41.2
      vertex 17.0694 -2.12504 41.2
    endloop
  endfacet
  facet normal 0 0 -1
    outer loop
      vertex 21.5 -5.3 41.2
      vertex 15.9306 -2.12504 41.2
      vertex 16.5 -2.2 41.2
    endloop
  endfacet
  facet normal 0 0 -1
    outer loop
      vertex 21.5 -5.3 41.2
      vertex 15.4 -1.90526 41.2
      vertex 15.9306 -2.12504 41.2
    endloop
  endfacet
  facet normal -0 0 -1
    outer loop
      vertex 14.375 -0.569402 41.2
      vertex -21.5 -5.3 41.2
      vertex 14.3 0 41.2
    endloop
  endfacet
  facet normal -0 0 -1
    outer loop
      vertex 14.5947 -1.1 41.2
      vertex -21.5 -5.3 41.2
      vertex 14.375 -0.569402 41.2
    endloop
  endfacet
  facet normal -0 0 -1
    outer loop
      vertex 14.9444 -1.55563 41.2
      vertex -21.5 -5.3 41.2
      vertex 14.5947 -1.1 41.2
    endloop
  endfacet
  facet normal -0 0 -1
    outer loop
      vertex 15.4 -1.90526 41.2
      vertex -21.5 -5.3 41.2
      vertex 14.9444 -1.55563 41.2
    endloop
  endfacet
  facet normal 0 0 -1
    outer loop
      vertex -21.5 -5.3 41.2
      vertex 15.4 -1.90526 41.2
      vertex 21.5 -5.3 41.2
    endloop
  endfacet
  facet normal 0 0 -1
    outer loop
      vertex 18.625 0.569402 41.2
      vertex 21.5 5.3 41.2
      vertex 18.7 0 41.2
    endloop
  endfacet
  facet normal 0 0 -1
    outer loop
      vertex 18.4053 1.1 41.2
      vertex 21.5 5.3 41.2
      vertex 18.625 0.569402 41.2
    endloop
  endfacet
  facet normal 0 0 -1
    outer loop
      vertex 18.0556 1.55563 41.2
      vertex 21.5 5.3 41.2
      vertex 18.4053 1.1 41.2
    endloop
  endfacet
  facet normal 0 0 -1
    outer loop
      vertex 17.6 1.90526 41.2
      vertex 21.5 5.3 41.2
      vertex 18.0556 1.55563 41.2
    endloop
  endfacet
  facet normal 0 0 -1
    outer loop
      vertex 17.0694 2.12504 41.2
      vertex 21.5 5.3 41.2
      vertex 17.6 1.90526 41.2
    endloop
  endfacet
  facet normal 0 0 -1
    outer loop
      vertex 16.5 2.2 41.2
      vertex 21.5 5.3 41.2
      vertex 17.0694 2.12504 41.2
    endloop
  endfacet
  facet normal 0 0 -1
    outer loop
      vertex 15.9306 2.12504 41.2
      vertex 21.5 5.3 41.2
      vertex 16.5 2.2 41.2
    endloop
  endfacet
  facet normal 0 0 -1
    outer loop
      vertex 15.4 1.90526 41.2
      vertex 21.5 5.3 41.2
      vertex 15.9306 2.12504 41.2
    endloop
  endfacet
  facet normal 0 0 -1
    outer loop
      vertex -21.5 5.3 41.2
      vertex 14.3 0 41.2
      vertex -21.5 -5.3 41.2
    endloop
  endfacet
  facet normal 0 0 -1
    outer loop
      vertex 14.3 0 41.2
      vertex -21.5 5.3 41.2
      vertex 14.375 0.569402 41.2
    endloop
  endfacet
  facet normal 0 0 -1
    outer loop
      vertex 14.375 0.569402 41.2
      vertex -21.5 5.3 41.2
      vertex 14.5947 1.1 41.2
    endloop
  endfacet
  facet normal 0 0 -1
    outer loop
      vertex 14.5947 1.1 41.2
      vertex -21.5 5.3 41.2
      vertex 14.9444 1.55563 41.2
    endloop
  endfacet
  facet normal 0 0 -1
    outer loop
      vertex 14.9444 1.55563 41.2
      vertex -21.5 5.3 41.2
      vertex 15.4 1.90526 41.2
    endloop
  endfacet
  facet normal 0 0 -1
    outer loop
      vertex 15.4 1.90526 41.2
      vertex -21.5 5.3 41.2
      vertex 21.5 5.3 41.2
    endloop
  endfacet
  facet normal 0 0 1
    outer loop
      vertex 21.5 5.3 38.8
      vertex 18.7 0 38.8
      vertex 21.5 -5.3 38.8
    endloop
  endfacet
  facet normal 0 0 1
    outer loop
      vertex 21.5 5.3 38.8
      vertex 18.625 0.569402 38.8
      vertex 18.7 0 38.8
    endloop
  endfacet
  facet normal 0 0 1
    outer loop
      vertex 21.5 5.3 38.8
      vertex 18.4053 1.1 38.8
      vertex 18.625 0.569402 38.8
    endloop
  endfacet
  facet normal 0 0 1
    outer loop
      vertex 21.5 5.3 38.8
      vertex 18.0556 1.55563 38.8
      vertex 18.4053 1.1 38.8
    endloop
  endfacet
  facet normal 0 0 1
    outer loop
      vertex 21.5 5.3 38.8
      vertex 17.6 1.90526 38.8
      vertex 18.0556 1.55563 38.8
    endloop
  endfacet
  facet normal 0 0 1
    outer loop
      vertex 21.5 5.3 38.8
      vertex 17.0694 2.12504 38.8
      vertex 17.6 1.90526 38.8
    endloop
  endfacet
  facet normal 0 0 1
    outer loop
      vertex 21.5 5.3 38.8
      vertex 16.5 2.2 38.8
      vertex 17.0694 2.12504 38.8
    endloop
  endfacet
  facet normal 0 0 1
    outer loop
      vertex 21.5 5.3 38.8
      vertex 15.9306 2.12504 38.8
      vertex 16.5 2.2 38.8
    endloop
  endfacet
  facet normal 0 0 1
    outer loop
      vertex 21.5 5.3 38.8
      vertex 15.4 1.90526 38.8
      vertex 15.9306 2.12504 38.8
    endloop
  endfacet
  facet normal 0 0 1
    outer loop
      vertex 14.375 0.569402 38.8
      vertex -21.5 5.3 38.8
      vertex 14.3 0 38.8
    endloop
  endfacet
  facet normal 0 0 1
    outer loop
      vertex 14.5947 1.1 38.8
      vertex -21.5 5.3 38.8
      vertex 14.375 0.569402 38.8
    endloop
  endfacet
  facet normal 0 0 1
    outer loop
      vertex 14.9444 1.55563 38.8
      vertex -21.5 5.3 38.8
      vertex 14.5947 1.1 38.8
    endloop
  endfacet
  facet normal 0 0 1
    outer loop
      vertex 15.4 1.90526 38.8
      vertex -21.5 5.3 38.8
      vertex 14.9444 1.55563 38.8
    endloop
  endfacet
  facet normal -0 0 1
    outer loop
      vertex -21.5 5.3 38.8
      vertex 15.4 1.90526 38.8
      vertex 21.5 5.3 38.8
    endloop
  endfacet
  facet normal -0 0 1
    outer loop
      vertex 18.625 -0.569402 38.8
      vertex 21.5 -5.3 38.8
      vertex 18.7 0 38.8
    endloop
  endfacet
  facet normal -0 0 1
    outer loop
      vertex 18.4053 -1.1 38.8
      vertex 21.5 -5.3 38.8
      vertex 18.625 -0.569402 38.8
    endloop
  endfacet
  facet normal -0 0 1
    outer loop
      vertex 18.0556 -1.55563 38.8
      vertex 21.5 -5.3 38.8
      vertex 18.4053 -1.1 38.8
    endloop
  endfacet
  facet normal -0 0 1
    outer loop
      vertex 17.6 -1.90526 38.8
      vertex 21.5 -5.3 38.8
      vertex 18.0556 -1.55563 38.8
    endloop
  endfacet
  facet normal -0 0 1
    outer loop
      vertex 17.0694 -2.12504 38.8
      vertex 21.5 -5.3 38.8
      vertex 17.6 -1.90526 38.8
    endloop
  endfacet
  facet normal -0 0 1
    outer loop
      vertex 16.5 -2.2 38.8
      vertex 21.5 -5.3 38.8
      vertex 17.0694 -2.12504 38.8
    endloop
  endfacet
  facet normal 0 0 1
    outer loop
      vertex 15.9306 -2.12504 38.8
      vertex 21.5 -5.3 38.8
      vertex 16.5 -2.2 38.8
    endloop
  endfacet
  facet normal 0 0 1
    outer loop
      vertex 15.4 -1.90526 38.8
      vertex 21.5 -5.3 38.8
      vertex 15.9306 -2.12504 38.8
    endloop
  endfacet
  facet normal 0 0 1
    outer loop
      vertex -21.5 -5.3 38.8
      vertex 14.3 0 38.8
      vertex -21.5 5.3 38.8
    endloop
  endfacet
  facet normal 0 0 1
    outer loop
      vertex 14.3 0 38.8
      vertex -21.5 -5.3 38.8
      vertex 14.375 -0.569402 38.8
    endloop
  endfacet
  facet normal 0 0 1
    outer loop
      vertex 14.375 -0.569402 38.8
      vertex -21.5 -5.3 38.8
      vertex 14.5947 -1.1 38.8
    endloop
  endfacet
  facet normal 0 0 1
    outer loop
      vertex 14.5947 -1.1 38.8
      vertex -21.5 -5.3 38.8
      vertex 14.9444 -1.55563 38.8
    endloop
  endfacet
  facet normal 0 0 1
    outer loop
      vertex 14.9444 -1.55563 38.8
      vertex -21.5 -5.3 38.8
      vertex 15.4 -1.90526 38.8
    endloop
  endfacet
  facet normal 0 0 1
    outer loop
      vertex 15.4 -1.90526 38.8
      vertex -21.5 -5.3 38.8
      vertex 21.5 -5.3 38.8
    endloop
  endfacet
  facet normal 0 -1 0
    outer loop
      vertex -21.5 5.3 38.8
      vertex 21.5 5.3 41.2
      vertex -21.5 5.3 41.2
    endloop
  endfacet
  facet normal 0 -1 -0
    outer loop
      vertex 21.5 5.3 41.2
      vertex -21.5 5.3 38.8
      vertex 21.5 5.3 38.8
    endloop
  endfacet
  facet normal 0 1 -0
    outer loop
      vertex 21.5 -5.3 38.8
      vertex -21.5 -5.3 41.2
      vertex 21.5 -5.3 41.2
    endloop
  endfacet
  facet normal 0 1 0
    outer loop
      vertex -21.5 -5.3 41.2
      vertex 21.5 -5.3 38.8
      vertex -21.5 -5.3 38.8
    endloop
  endfacet
  facet normal 0 0 -1
    outer loop
      vertex 1.90526 15.4 53.2
      vertex 5.3 21.5 53.2
      vertex 5.3 -21.5 53.2
    endloop
  endfacet
  facet normal 0 0 -1
    outer loop
      vertex 5.3 21.5 53.2
      vertex 2.12504 15.9306 53.2
      vertex 2.2 16.5 53.2
    endloop
  endfacet
  facet normal 0 0 -1
    outer loop
      vertex 5.3 21.5 53.2
      vertex 1.90526 15.4 53.2
      vertex 2.12504 15.9306 53.2
    endloop
  endfacet
  facet normal 0 0 -1
    outer loop
      vertex 5.3 -21.5 53.2
      vertex 1.55563 14.9444 53.2
      vertex 1.90526 15.4 53.2
    endloop
  endfacet
  facet normal 0 0 -1
    outer loop
      vertex 5.3 -21.5 53.2
      vertex 1.1 14.5947 53.2
      vertex 1.55563 14.9444 53.2
    endloop
  endfacet
  facet normal 0 0 -1
    outer loop
      vertex 5.3 -21.5 53.2
      vertex 0.569402 14.375 53.2
      vertex 1.1 14.5947 53.2
    endloop
  endfacet
  facet normal 0 0 -1
    outer loop
      vertex 5.3 -21.5 53.2
      vertex 0 14.3 53.2
      vertex 0.569402 14.375 53.2
    endloop
  endfacet
  facet normal 0 0 -1
    outer loop
      vertex -5.3 -21.5 53.2
      vertex 0 14.3 53.2
      vertex 5.3 -21.5 53.2
    endloop
  endfacet
  facet normal -0 0 -1
    outer loop
      vertex 0 14.3 53.2
      vertex -5.3 -21.5 53.2
      vertex -0.569402 14.375 53.2
    endloop
  endfacet
  facet normal -0 0 -1
    outer loop
      vertex -0.569402 14.375 53.2
      vertex -5.3 -21.5 53.2
      vertex -1.1 14.5947 53.2
    endloop
  endfacet
  facet normal -0 0 -1
    outer loop
      vertex -1.1 14.5947 53.2
      vertex -5.3 -21.5 53.2
      vertex -1.55563 14.9444 53.2
    endloop
  endfacet
  facet normal -0 0 -1
    outer loop
      vertex -1.55563 14.9444 53.2
      vertex -5.3 -21.5 53.2
      vertex -1.90526 15.4 53.2
    endloop
  endfacet
  facet normal 0 0 -1
    outer loop
      vertex -1.90526 15.4 53.2
      vertex -5.3 21.5 53.2
      vertex -2.12504 15.9306 53.2
    endloop
  endfacet
  facet normal 0 0 -1
    outer loop
      vertex -5.3 21.5 53.2
      vertex -1.90526 15.4 53.2
      vertex -5.3 -21.5 53.2
    endloop
  endfacet
  facet normal 0 0 -1
    outer loop
      vertex 2.12504 17.0694 53.2
      vertex 5.3 21.5 53.2
      vertex 2.2 16.5 53.2
    endloop
  endfacet
  facet normal 0 0 -1
    outer loop
      vertex 1.90526 17.6 53.2
      vertex 5.3 21.5 53.2
      vertex 2.12504 17.0694 53.2
    endloop
  endfacet
  facet normal 0 0 -1
    outer loop
      vertex 1.55563 18.0556 53.2
      vertex 5.3 21.5 53.2
      vertex 1.90526 17.6 53.2
    endloop
  endfacet
  facet normal 0 0 -1
    outer loop
      vertex 1.1 18.4053 53.2
      vertex 5.3 21.5 53.2
      vertex 1.55563 18.0556 53.2
    endloop
  endfacet
  facet normal 0 0 -1
    outer loop
      vertex 0.569402 18.625 53.2
      vertex 5.3 21.5 53.2
      vertex 1.1 18.4053 53.2
    endloop
  endfacet
  facet normal 0 0 -1
    outer loop
      vertex 0 18.7 53.2
      vertex 5.3 21.5 53.2
      vertex 0.569402 18.625 53.2
    endloop
  endfacet
  facet normal 0 0 -1
    outer loop
      vertex -5.3 21.5 53.2
      vertex 0 18.7 53.2
      vertex -0.569402 18.625 53.2
    endloop
  endfacet
  facet normal 0 0 -1
    outer loop
      vertex -5.3 21.5 53.2
      vertex -0.569402 18.625 53.2
      vertex -1.1 18.4053 53.2
    endloop
  endfacet
  facet normal 0 0 -1
    outer loop
      vertex 0 18.7 53.2
      vertex -5.3 21.5 53.2
      vertex 5.3 21.5 53.2
    endloop
  endfacet
  facet normal 0 0 -1
    outer loop
      vertex -1.55563 18.0556 53.2
      vertex -5.3 21.5 53.2
      vertex -1.1 18.4053 53.2
    endloop
  endfacet
  facet normal 0 0 -1
    outer loop
      vertex -1.90526 17.6 53.2
      vertex -5.3 21.5 53.2
      vertex -1.55563 18.0556 53.2
    endloop
  endfacet
  facet normal 0 0 -1
    outer loop
      vertex -2.12504 17.0694 53.2
      vertex -5.3 21.5 53.2
      vertex -1.90526 17.6 53.2
    endloop
  endfacet
  facet normal 0 0 -1
    outer loop
      vertex -2.2 16.5 53.2
      vertex -5.3 21.5 53.2
      vertex -2.12504 17.0694 53.2
    endloop
  endfacet
  facet normal 0 0 -1
    outer loop
      vertex -2.12504 15.9306 53.2
      vertex -5.3 21.5 53.2
      vertex -2.2 16.5 53.2
    endloop
  endfacet
  facet normal 1 -0 0
    outer loop
      vertex -5.3 -21.5 53.2
      vertex -5.3 21.5 50.8
      vertex -5.3 21.5 53.2
    endloop
  endfacet
  facet normal 1 0 0
    outer loop
      vertex -5.3 21.5 50.8
      vertex -5.3 -21.5 53.2
      vertex -5.3 -21.5 50.8
    endloop
  endfacet
  facet normal 0 0 1
    outer loop
      vertex 2.12504 15.9306 50.8
      vertex 5.3 21.5 50.8
      vertex 2.2 16.5 50.8
    endloop
  endfacet
  facet normal 0 0 1
    outer loop
      vertex 5.3 21.5 50.8
      vertex 2.12504 17.0694 50.8
      vertex 2.2 16.5 50.8
    endloop
  endfacet
  facet normal 0 0 1
    outer loop
      vertex 5.3 21.5 50.8
      vertex 1.90526 17.6 50.8
      vertex 2.12504 17.0694 50.8
    endloop
  endfacet
  facet normal 0 0 1
    outer loop
      vertex 5.3 21.5 50.8
      vertex 1.55563 18.0556 50.8
      vertex 1.90526 17.6 50.8
    endloop
  endfacet
  facet normal 0 0 1
    outer loop
      vertex 5.3 21.5 50.8
      vertex 1.1 18.4053 50.8
      vertex 1.55563 18.0556 50.8
    endloop
  endfacet
  facet normal 0 0 1
    outer loop
      vertex 5.3 21.5 50.8
      vertex 0.569402 18.625 50.8
      vertex 1.1 18.4053 50.8
    endloop
  endfacet
  facet normal 0 0 1
    outer loop
      vertex 5.3 21.5 50.8
      vertex 0 18.7 50.8
      vertex 0.569402 18.625 50.8
    endloop
  endfacet
  facet normal -0 0 1
    outer loop
      vertex -5.3 21.5 50.8
      vertex 0 18.7 50.8
      vertex 5.3 21.5 50.8
    endloop
  endfacet
  facet normal 0 0 1
    outer loop
      vertex 0 18.7 50.8
      vertex -5.3 21.5 50.8
      vertex -0.569402 18.625 50.8
    endloop
  endfacet
  facet normal 0 0 1
    outer loop
      vertex -2.12504 17.0694 50.8
      vertex -5.3 21.5 50.8
      vertex -2.2 16.5 50.8
    endloop
  endfacet
  facet normal 0 0 1
    outer loop
      vertex -1.90526 17.6 50.8
      vertex -5.3 21.5 50.8
      vertex -2.12504 17.0694 50.8
    endloop
  endfacet
  facet normal 0 0 1
    outer loop
      vertex -1.55563 18.0556 50.8
      vertex -5.3 21.5 50.8
      vertex -1.90526 17.6 50.8
    endloop
  endfacet
  facet normal 0 0 1
    outer loop
      vertex -1.1 18.4053 50.8
      vertex -5.3 21.5 50.8
      vertex -1.55563 18.0556 50.8
    endloop
  endfacet
  facet normal 0 0 1
    outer loop
      vertex -0.569402 18.625 50.8
      vertex -5.3 21.5 50.8
      vertex -1.1 18.4053 50.8
    endloop
  endfacet
  facet normal 0 0 1
    outer loop
      vertex 1.90526 15.4 50.8
      vertex 5.3 21.5 50.8
      vertex 2.12504 15.9306 50.8
    endloop
  endfacet
  facet normal 0 0 1
    outer loop
      vertex 5.3 21.5 50.8
      vertex 1.90526 15.4 50.8
      vertex 5.3 -21.5 50.8
    endloop
  endfacet
  facet normal -0 0 1
    outer loop
      vertex 1.55563 14.9444 50.8
      vertex 5.3 -21.5 50.8
      vertex 1.90526 15.4 50.8
    endloop
  endfacet
  facet normal -0 0 1
    outer loop
      vertex 1.1 14.5947 50.8
      vertex 5.3 -21.5 50.8
      vertex 1.55563 14.9444 50.8
    endloop
  endfacet
  facet normal -0 0 1
    outer loop
      vertex 0.569402 14.375 50.8
      vertex 5.3 -21.5 50.8
      vertex 1.1 14.5947 50.8
    endloop
  endfacet
  facet normal -0 0 1
    outer loop
      vertex 0 14.3 50.8
      vertex 5.3 -21.5 50.8
      vertex 0.569402 14.375 50.8
    endloop
  endfacet
  facet normal 0 0 1
    outer loop
      vertex -5.3 -21.5 50.8
      vertex 0 14.3 50.8
      vertex -0.569402 14.375 50.8
    endloop
  endfacet
  facet normal 0 0 1
    outer loop
      vertex -5.3 -21.5 50.8
      vertex -0.569402 14.375 50.8
      vertex -1.1 14.5947 50.8
    endloop
  endfacet
  facet normal 0 0 1
    outer loop
      vertex -5.3 -21.5 50.8
      vertex -1.1 14.5947 50.8
      vertex -1.55563 14.9444 50.8
    endloop
  endfacet
  facet normal 0 0 1
    outer loop
      vertex -5.3 -21.5 50.8
      vertex -1.55563 14.9444 50.8
      vertex -1.90526 15.4 50.8
    endloop
  endfacet
  facet normal 0 0 1
    outer loop
      vertex -5.3 21.5 50.8
      vertex -1.90526 15.4 50.8
      vertex -2.12504 15.9306 50.8
    endloop
  endfacet
  facet normal 0 0 1
    outer loop
      vertex -5.3 21.5 50.8
      vertex -2.12504 15.9306 50.8
      vertex -2.2 16.5 50.8
    endloop
  endfacet
  facet normal 0 0 1
    outer loop
      vertex -1.90526 15.4 50.8
      vertex -5.3 21.5 50.8
      vertex -5.3 -21.5 50.8
    endloop
  endfacet
  facet normal 0 0 1
    outer loop
      vertex 0 14.3 50.8
      vertex -5.3 -21.5 50.8
      vertex 5.3 -21.5 50.8
    endloop
  endfacet
  facet normal -1 0 0
    outer loop
      vertex 5.3 -21.5 50.8
      vertex 5.3 21.5 53.2
      vertex 5.3 21.5 50.8
    endloop
  endfacet
  facet normal -1 -0 0
    outer loop
      vertex 5.3 21.5 53.2
      vertex 5.3 -21.5 50.8
      vertex 5.3 -21.5 53.2
    endloop
  endfacet
  facet normal 0.991446 -0.130521 0
    outer loop
      vertex -2.2 16.5 50.8
      vertex -2.12504 17.0694 0
      vertex -2.12504 17.0694 50.8
    endloop
  endfacet
  facet normal 0.991446 -0.130521 0
    outer loop
      vertex -2.12504 17.0694 0
      vertex -2.2 16.5 50.8
      vertex -2.2 16.5 0
    endloop
  endfacet
  facet normal 0.991446 -0.130521 0
    outer loop
      vertex -2.2 16.5 62
      vertex -2.12504 17.0694 53.2
      vertex -2.12504 17.0694 62
    endloop
  endfacet
  facet normal 0.991446 -0.130521 0
    outer loop
      vertex -2.12504 17.0694 53.2
      vertex -2.2 16.5 62
      vertex -2.2 16.5 53.2
    endloop
  endfacet
  facet normal -0.130589 0.991437 0
    outer loop
      vertex 0.569402 14.375 53.2
      vertex 0 14.3 62
      vertex 0.569402 14.375 62
    endloop
  endfacet
  facet normal -0.130589 0.991437 0
    outer loop
      vertex 0 14.3 62
      vertex 0.569402 14.375 53.2
      vertex 0 14.3 53.2
    endloop
  endfacet
  facet normal -0.130589 0.991437 0
    outer loop
      vertex 0.569402 14.375 30
      vertex 0 14.3 50.8
      vertex 0.569402 14.375 50.8
    endloop
  endfacet
  facet normal -0.130589 0.991437 0
    outer loop
      vertex 0 14.3 50.8
      vertex 0.569402 14.375 30
      vertex 0 14.3 30
    endloop
  endfacet
  facet normal -0.923881 -0.382681 0
    outer loop
      vertex 2.12504 17.0694 0
      vertex 1.90526 17.6 50.8
      vertex 1.90526 17.6 0
    endloop
  endfacet
  facet normal -0.923881 -0.382681 0
    outer loop
      vertex 1.90526 17.6 50.8
      vertex 2.12504 17.0694 0
      vertex 2.12504 17.0694 50.8
    endloop
  endfacet
  facet normal -0.923881 -0.382681 0
    outer loop
      vertex 2.12504 17.0694 53.2
      vertex 1.90526 17.6 62
      vertex 1.90526 17.6 53.2
    endloop
  endfacet
  facet normal -0.923881 -0.382681 0
    outer loop
      vertex 1.90526 17.6 62
      vertex 2.12504 17.0694 53.2
      vertex 2.12504 17.0694 62
    endloop
  endfacet
  facet normal -0.991446 -0.130521 0
    outer loop
      vertex 2.2 16.5 0
      vertex 2.12504 17.0694 50.8
      vertex 2.12504 17.0694 0
    endloop
  endfacet
  facet normal -0.991446 -0.130521 0
    outer loop
      vertex 2.12504 17.0694 50.8
      vertex 2.2 16.5 0
      vertex 2.2 16.5 50.8
    endloop
  endfacet
  facet normal -0.991446 -0.130521 0
    outer loop
      vertex 2.2 16.5 53.2
      vertex 2.12504 17.0694 62
      vertex 2.12504 17.0694 53.2
    endloop
  endfacet
  facet normal -0.991446 -0.130521 0
    outer loop
      vertex 2.12504 17.0694 62
      vertex 2.2 16.5 53.2
      vertex 2.2 16.5 62
    endloop
  endfacet
  facet normal -0.793323 -0.608801 0
    outer loop
      vertex 1.90526 17.6 0
      vertex 1.55563 18.0556 50.8
      vertex 1.55563 18.0556 0
    endloop
  endfacet
  facet normal -0.793323 -0.608801 0
    outer loop
      vertex 1.55563 18.0556 50.8
      vertex 1.90526 17.6 0
      vertex 1.90526 17.6 50.8
    endloop
  endfacet
  facet normal -0.793323 -0.608801 0
    outer loop
      vertex 1.90526 17.6 53.2
      vertex 1.55563 18.0556 62
      vertex 1.55563 18.0556 53.2
    endloop
  endfacet
  facet normal -0.793323 -0.608801 0
    outer loop
      vertex 1.55563 18.0556 62
      vertex 1.90526 17.6 53.2
      vertex 1.90526 17.6 62
    endloop
  endfacet
  facet normal -0.793323 0.608801 0
    outer loop
      vertex 1.55563 14.9444 53.2
      vertex 1.90526 15.4 62
      vertex 1.90526 15.4 53.2
    endloop
  endfacet
  facet normal -0.793323 0.608801 0
    outer loop
      vertex 1.90526 15.4 62
      vertex 1.55563 14.9444 53.2
      vertex 1.55563 14.9444 62
    endloop
  endfacet
  facet normal -0.793323 0.608801 0
    outer loop
      vertex 1.55563 14.9444 30
      vertex 1.90526 15.4 50.8
      vertex 1.90526 15.4 30
    endloop
  endfacet
  facet normal -0.793323 0.608801 0
    outer loop
      vertex 1.90526 15.4 50.8
      vertex 1.55563 14.9444 30
      vertex 1.55563 14.9444 50.8
    endloop
  endfacet
  facet normal -0.608852 -0.793284 0
    outer loop
      vertex 1.1 18.4053 0
      vertex 1.55563 18.0556 50.8
      vertex 1.1 18.4053 50.8
    endloop
  endfacet
  facet normal -0.608852 -0.793284 -0
    outer loop
      vertex 1.55563 18.0556 50.8
      vertex 1.1 18.4053 0
      vertex 1.55563 18.0556 0
    endloop
  endfacet
  facet normal -0.608852 -0.793284 0
    outer loop
      vertex 1.1 18.4053 53.2
      vertex 1.55563 18.0556 62
      vertex 1.1 18.4053 62
    endloop
  endfacet
  facet normal -0.608852 -0.793284 -0
    outer loop
      vertex 1.55563 18.0556 62
      vertex 1.1 18.4053 53.2
      vertex 1.55563 18.0556 53.2
    endloop
  endfacet
  facet normal 0.793323 -0.608801 0
    outer loop
      vertex -1.90526 17.6 50.8
      vertex -1.55563 18.0556 0
      vertex -1.55563 18.0556 50.8
    endloop
  endfacet
  facet normal 0.793323 -0.608801 0
    outer loop
      vertex -1.55563 18.0556 0
      vertex -1.90526 17.6 50.8
      vertex -1.90526 17.6 0
    endloop
  endfacet
  facet normal 0.793323 -0.608801 0
    outer loop
      vertex -1.90526 17.6 62
      vertex -1.55563 18.0556 53.2
      vertex -1.55563 18.0556 62
    endloop
  endfacet
  facet normal 0.793323 -0.608801 0
    outer loop
      vertex -1.55563 18.0556 53.2
      vertex -1.90526 17.6 62
      vertex -1.90526 17.6 53.2
    endloop
  endfacet
  facet normal 0.923881 0.382681 0
    outer loop
      vertex -1.90526 15.4 62
      vertex -2.12504 15.9306 53.2
      vertex -2.12504 15.9306 62
    endloop
  endfacet
  facet normal 0.923881 0.382681 0
    outer loop
      vertex -2.12504 15.9306 53.2
      vertex -1.90526 15.4 62
      vertex -1.90526 15.4 53.2
    endloop
  endfacet
  facet normal 0.923881 0.382681 0
    outer loop
      vertex -1.90526 15.4 50.8
      vertex -2.12504 15.9306 30
      vertex -2.12504 15.9306 50.8
    endloop
  endfacet
  facet normal 0.923881 0.382681 0
    outer loop
      vertex -2.12504 15.9306 30
      vertex -1.90526 15.4 50.8
      vertex -1.90526 15.4 30
    endloop
  endfacet
  facet normal -0.923881 0.382681 0
    outer loop
      vertex 1.90526 15.4 53.2
      vertex 2.12504 15.9306 62
      vertex 2.12504 15.9306 53.2
    endloop
  endfacet
  facet normal -0.923881 0.382681 0
    outer loop
      vertex 2.12504 15.9306 62
      vertex 1.90526 15.4 53.2
      vertex 1.90526 15.4 62
    endloop
  endfacet
  facet normal -0.923881 0.382681 0
    outer loop
      vertex 1.90526 15.4 30
      vertex 2.12504 15.9306 50.8
      vertex 2.12504 15.9306 30
    endloop
  endfacet
  facet normal -0.923881 0.382681 0
    outer loop
      vertex 2.12504 15.9306 50.8
      vertex 1.90526 15.4 30
      vertex 1.90526 15.4 50.8
    endloop
  endfacet
  facet normal -0.99144 0.130563 0
    outer loop
      vertex 2.17889 16.3397 30
      vertex 2.2 16.5 0
      vertex 2.17889 16.3397 0
    endloop
  endfacet
  facet normal -0.99144 0.130563 0
    outer loop
      vertex 2.2 16.5 0
      vertex 2.17889 16.3397 30
      vertex 2.2 16.5 50.8
    endloop
  endfacet
  facet normal -0.991448 0.130505 4.59763e-07
    outer loop
      vertex 2.12504 15.9306 30
      vertex 2.2 16.5 50.8
      vertex 2.17889 16.3397 30
    endloop
  endfacet
  facet normal -0.991446 0.130521 0
    outer loop
      vertex 2.2 16.5 50.8
      vertex 2.12504 15.9306 30
      vertex 2.12504 15.9306 50.8
    endloop
  endfacet
  facet normal -0.991446 0.130521 0
    outer loop
      vertex 2.12504 15.9306 53.2
      vertex 2.2 16.5 62
      vertex 2.2 16.5 53.2
    endloop
  endfacet
  facet normal -0.991446 0.130521 0
    outer loop
      vertex 2.2 16.5 62
      vertex 2.12504 15.9306 53.2
      vertex 2.12504 15.9306 62
    endloop
  endfacet
  facet normal -0.130589 -0.991437 0
    outer loop
      vertex 0 18.7 0
      vertex 0.569402 18.625 50.8
      vertex 0 18.7 50.8
    endloop
  endfacet
  facet normal -0.130589 -0.991437 -0
    outer loop
      vertex 0.569402 18.625 50.8
      vertex 0 18.7 0
      vertex 0.569402 18.625 0
    endloop
  endfacet
  facet normal -0.130589 -0.991437 0
    outer loop
      vertex 0 18.7 53.2
      vertex 0.569402 18.625 62
      vertex 0 18.7 62
    endloop
  endfacet
  facet normal -0.130589 -0.991437 -0
    outer loop
      vertex 0.569402 18.625 62
      vertex 0 18.7 53.2
      vertex 0.569402 18.625 53.2
    endloop
  endfacet
  facet normal 0.130589 0.991437 -0
    outer loop
      vertex 0 14.3 53.2
      vertex -0.569402 14.375 62
      vertex 0 14.3 62
    endloop
  endfacet
  facet normal 0.130589 0.991437 0
    outer loop
      vertex -0.569402 14.375 62
      vertex 0 14.3 53.2
      vertex -0.569402 14.375 53.2
    endloop
  endfacet
  facet normal 0.130589 0.991437 -0
    outer loop
      vertex 0 14.3 30
      vertex -0.569402 14.375 50.8
      vertex 0 14.3 50.8
    endloop
  endfacet
  facet normal 0.130589 0.991437 0
    outer loop
      vertex -0.569402 14.375 50.8
      vertex 0 14.3 30
      vertex -0.569402 14.375 30
    endloop
  endfacet
  facet normal 0.608852 0.793284 -0
    outer loop
      vertex -1.1 14.5947 53.2
      vertex -1.55563 14.9444 62
      vertex -1.1 14.5947 62
    endloop
  endfacet
  facet normal 0.608852 0.793284 0
    outer loop
      vertex -1.55563 14.9444 62
      vertex -1.1 14.5947 53.2
      vertex -1.55563 14.9444 53.2
    endloop
  endfacet
  facet normal 0.608852 0.793284 -0
    outer loop
      vertex -1.1 14.5947 30
      vertex -1.55563 14.9444 50.8
      vertex -1.1 14.5947 50.8
    endloop
  endfacet
  facet normal 0.608852 0.793284 0
    outer loop
      vertex -1.55563 14.9444 50.8
      vertex -1.1 14.5947 30
      vertex -1.55563 14.9444 30
    endloop
  endfacet
  facet normal -0.382563 0.923929 0
    outer loop
      vertex 1.1 14.5947 53.2
      vertex 0.569402 14.375 62
      vertex 1.1 14.5947 62
    endloop
  endfacet
  facet normal -0.382563 0.923929 0
    outer loop
      vertex 0.569402 14.375 62
      vertex 1.1 14.5947 53.2
      vertex 0.569402 14.375 53.2
    endloop
  endfacet
  facet normal -0.382563 0.923929 0
    outer loop
      vertex 1.1 14.5947 30
      vertex 0.569402 14.375 50.8
      vertex 1.1 14.5947 50.8
    endloop
  endfacet
  facet normal -0.382563 0.923929 0
    outer loop
      vertex 0.569402 14.375 50.8
      vertex 1.1 14.5947 30
      vertex 0.569402 14.375 30
    endloop
  endfacet
  facet normal 0.793323 0.608801 0
    outer loop
      vertex -1.55563 14.9444 62
      vertex -1.90526 15.4 53.2
      vertex -1.90526 15.4 62
    endloop
  endfacet
  facet normal 0.793323 0.608801 0
    outer loop
      vertex -1.90526 15.4 53.2
      vertex -1.55563 14.9444 62
      vertex -1.55563 14.9444 53.2
    endloop
  endfacet
  facet normal 0.793323 0.608801 0
    outer loop
      vertex -1.55563 14.9444 50.8
      vertex -1.90526 15.4 30
      vertex -1.90526 15.4 50.8
    endloop
  endfacet
  facet normal 0.793323 0.608801 0
    outer loop
      vertex -1.90526 15.4 30
      vertex -1.55563 14.9444 50.8
      vertex -1.55563 14.9444 30
    endloop
  endfacet
  facet normal 0.130589 -0.991437 0
    outer loop
      vertex -0.569402 18.625 0
      vertex 0 18.7 50.8
      vertex -0.569402 18.625 50.8
    endloop
  endfacet
  facet normal 0.130589 -0.991437 0
    outer loop
      vertex 0 18.7 50.8
      vertex -0.569402 18.625 0
      vertex 0 18.7 0
    endloop
  endfacet
  facet normal 0.130589 -0.991437 0
    outer loop
      vertex -0.569402 18.625 53.2
      vertex 0 18.7 62
      vertex -0.569402 18.625 62
    endloop
  endfacet
  facet normal 0.130589 -0.991437 0
    outer loop
      vertex 0 18.7 62
      vertex -0.569402 18.625 53.2
      vertex 0 18.7 53.2
    endloop
  endfacet
  facet normal 0.382563 -0.923929 0
    outer loop
      vertex -1.1 18.4053 0
      vertex -0.569402 18.625 50.8
      vertex -1.1 18.4053 50.8
    endloop
  endfacet
  facet normal 0.382563 -0.923929 0
    outer loop
      vertex -0.569402 18.625 50.8
      vertex -1.1 18.4053 0
      vertex -0.569402 18.625 0
    endloop
  endfacet
  facet normal 0.382563 -0.923929 0
    outer loop
      vertex -1.1 18.4053 53.2
      vertex -0.569402 18.625 62
      vertex -1.1 18.4053 62
    endloop
  endfacet
  facet normal 0.382563 -0.923929 0
    outer loop
      vertex -0.569402 18.625 62
      vertex -1.1 18.4053 53.2
      vertex -0.569402 18.625 53.2
    endloop
  endfacet
  facet normal 0.99144 0.130563 0
    outer loop
      vertex -2.2 16.5 50.8
      vertex -2.17889 16.3397 30
      vertex -2.2 16.5 0
    endloop
  endfacet
  facet normal 0.991446 0.130521 3.30328e-07
    outer loop
      vertex -2.12504 15.9306 50.8
      vertex -2.17889 16.3397 30
      vertex -2.2 16.5 50.8
    endloop
  endfacet
  facet normal 0.991448 0.130505 0
    outer loop
      vertex -2.17889 16.3397 30
      vertex -2.12504 15.9306 50.8
      vertex -2.12504 15.9306 30
    endloop
  endfacet
  facet normal 0.99144 0.130563 0
    outer loop
      vertex -2.2 16.5 0
      vertex -2.17889 16.3397 30
      vertex -2.17889 16.3397 0
    endloop
  endfacet
  facet normal 0.991446 0.130521 0
    outer loop
      vertex -2.12504 15.9306 62
      vertex -2.2 16.5 53.2
      vertex -2.2 16.5 62
    endloop
  endfacet
  facet normal 0.991446 0.130521 0
    outer loop
      vertex -2.2 16.5 53.2
      vertex -2.12504 15.9306 62
      vertex -2.12504 15.9306 53.2
    endloop
  endfacet
  facet normal 0.382563 0.923929 -0
    outer loop
      vertex -0.569402 14.375 53.2
      vertex -1.1 14.5947 62
      vertex -0.569402 14.375 62
    endloop
  endfacet
  facet normal 0.382563 0.923929 0
    outer loop
      vertex -1.1 14.5947 62
      vertex -0.569402 14.375 53.2
      vertex -1.1 14.5947 53.2
    endloop
  endfacet
  facet normal 0.382563 0.923929 -0
    outer loop
      vertex -0.569402 14.375 30
      vertex -1.1 14.5947 50.8
      vertex -0.569402 14.375 50.8
    endloop
  endfacet
  facet normal 0.382563 0.923929 0
    outer loop
      vertex -1.1 14.5947 50.8
      vertex -0.569402 14.375 30
      vertex -1.1 14.5947 30
    endloop
  endfacet
  facet normal 0.608852 -0.793284 0
    outer loop
      vertex -1.55563 18.0556 0
      vertex -1.1 18.4053 50.8
      vertex -1.55563 18.0556 50.8
    endloop
  endfacet
  facet normal 0.608852 -0.793284 0
    outer loop
      vertex -1.1 18.4053 50.8
      vertex -1.55563 18.0556 0
      vertex -1.1 18.4053 0
    endloop
  endfacet
  facet normal 0.608852 -0.793284 0
    outer loop
      vertex -1.55563 18.0556 53.2
      vertex -1.1 18.4053 62
      vertex -1.55563 18.0556 62
    endloop
  endfacet
  facet normal 0.608852 -0.793284 0
    outer loop
      vertex -1.1 18.4053 62
      vertex -1.55563 18.0556 53.2
      vertex -1.1 18.4053 53.2
    endloop
  endfacet
  facet normal -0.382563 -0.923929 0
    outer loop
      vertex 0.569402 18.625 0
      vertex 1.1 18.4053 50.8
      vertex 0.569402 18.625 50.8
    endloop
  endfacet
  facet normal -0.382563 -0.923929 -0
    outer loop
      vertex 1.1 18.4053 50.8
      vertex 0.569402 18.625 0
      vertex 1.1 18.4053 0
    endloop
  endfacet
  facet normal -0.382563 -0.923929 0
    outer loop
      vertex 0.569402 18.625 53.2
      vertex 1.1 18.4053 62
      vertex 0.569402 18.625 62
    endloop
  endfacet
  facet normal -0.382563 -0.923929 -0
    outer loop
      vertex 1.1 18.4053 62
      vertex 0.569402 18.625 53.2
      vertex 1.1 18.4053 53.2
    endloop
  endfacet
  facet normal -0.608852 0.793284 0
    outer loop
      vertex 1.55563 14.9444 53.2
      vertex 1.1 14.5947 62
      vertex 1.55563 14.9444 62
    endloop
  endfacet
  facet normal -0.608852 0.793284 0
    outer loop
      vertex 1.1 14.5947 62
      vertex 1.55563 14.9444 53.2
      vertex 1.1 14.5947 53.2
    endloop
  endfacet
  facet normal -0.608852 0.793284 0
    outer loop
      vertex 1.55563 14.9444 30
      vertex 1.1 14.5947 50.8
      vertex 1.55563 14.9444 50.8
    endloop
  endfacet
  facet normal -0.608852 0.793284 0
    outer loop
      vertex 1.1 14.5947 50.8
      vertex 1.55563 14.9444 30
      vertex 1.1 14.5947 30
    endloop
  endfacet
  facet normal 0.923881 -0.382681 0
    outer loop
      vertex -2.12504 17.0694 50.8
      vertex -1.90526 17.6 0
      vertex -1.90526 17.6 50.8
    endloop
  endfacet
  facet normal 0.923881 -0.382681 0
    outer loop
      vertex -1.90526 17.6 0
      vertex -2.12504 17.0694 50.8
      vertex -2.12504 17.0694 0
    endloop
  endfacet
  facet normal 0.923881 -0.382681 0
    outer loop
      vertex -2.12504 17.0694 62
      vertex -1.90526 17.6 53.2
      vertex -1.90526 17.6 62
    endloop
  endfacet
  facet normal 0.923881 -0.382681 0
    outer loop
      vertex -1.90526 17.6 53.2
      vertex -2.12504 17.0694 62
      vertex -2.12504 17.0694 53.2
    endloop
  endfacet
  facet normal 0.627185 -0.627185 0.46182
    outer loop
      vertex -16.2753 -14.0323 21.2604
      vertex -12.6873 -10.544 21.125
      vertex -12.7306 -10.4876 21.2604
    endloop
  endfacet
  facet normal 0.627185 -0.627185 0.46182
    outer loop
      vertex -12.6873 -10.544 21.125
      vertex -16.2753 -14.0323 21.2604
      vertex -16.2277 -14.0844 21.125
    endloop
  endfacet
  facet normal 0.627185 -0.627185 0.46182
    outer loop
      vertex 10.544 12.6873 21.125
      vertex 14.0323 16.2753 21.2604
      vertex 10.4876 12.7306 21.2604
    endloop
  endfacet
  facet normal 0.627185 -0.627185 0.46182
    outer loop
      vertex 14.0323 16.2753 21.2604
      vertex 10.544 12.6873 21.125
      vertex 14.0844 16.2277 21.125
    endloop
  endfacet
  facet normal 0.0310317 -0.0310317 0.999037
    outer loop
      vertex -15.3059 -15.0902 20.2567
      vertex -11.6673 -11.6673 20.25
      vertex -11.7704 -11.5547 20.2567
    endloop
  endfacet
  facet normal 0.0310317 -0.0310317 0.999037
    outer loop
      vertex -11.6673 -11.6673 20.25
      vertex -15.3059 -15.0902 20.2567
      vertex -15.2028 -15.2028 20.25
    endloop
  endfacet
  facet normal 0.0310317 -0.0310317 0.999037
    outer loop
      vertex 15.0902 15.3059 20.2567
      vertex 11.6673 11.6673 20.25
      vertex 15.2028 15.2028 20.25
    endloop
  endfacet
  facet normal 0.0310317 -0.0310317 0.999037
    outer loop
      vertex 11.6673 11.6673 20.25
      vertex 15.0902 15.3059 20.2567
      vertex 11.5547 11.7704 20.2567
    endloop
  endfacet
  facet normal 0.706436 -0.706436 -0.0435443
    outer loop
      vertex -12.8272 -10.3617 22.1525
      vertex -16.3862 -13.9113 22
      vertex -12.8313 -10.3564 22
    endloop
  endfacet
  facet normal 0.706436 -0.706436 -0.0435443
    outer loop
      vertex -16.3862 -13.9113 22
      vertex -12.8272 -10.3617 22.1525
      vertex -16.3817 -13.9162 22.1525
    endloop
  endfacet
  facet normal 0.706436 -0.706436 -0.0435443
    outer loop
      vertex 13.9113 16.3862 22
      vertex 10.3617 12.8272 22.1525
      vertex 10.3564 12.8313 22
    endloop
  endfacet
  facet normal 0.706436 -0.706436 -0.0435443
    outer loop
      vertex 10.3617 12.8272 22.1525
      vertex 13.9113 16.3862 22
      vertex 13.9162 16.3817 22.1525
    endloop
  endfacet
  facet normal 0.690356 -0.690356 0.216373
    outer loop
      vertex -16.3682 -13.931 21.6961
      vertex -12.7946 -10.4041 21.5471
      vertex -12.8149 -10.3777 21.6961
    endloop
  endfacet
  facet normal 0.690415 -0.690435 0.215932
    outer loop
      vertex -12.7946 -10.4041 21.5471
      vertex -16.3682 -13.931 21.6961
      vertex -16.3459 -13.9553 21.5471
    endloop
  endfacet
  facet normal 0.690356 -0.690356 0.216373
    outer loop
      vertex 10.4041 12.7946 21.5471
      vertex 13.931 16.3682 21.6961
      vertex 10.3777 12.8149 21.6961
    endloop
  endfacet
  facet normal 0.690435 -0.690415 0.215932
    outer loop
      vertex 13.931 16.3682 21.6961
      vertex 10.4041 12.7946 21.5471
      vertex 13.9553 16.3459 21.5471
    endloop
  endfacet
  facet normal -0.0310317 0.0310317 0.999037
    outer loop
      vertex -11.6673 -11.6673 20.25
      vertex -15.0902 -15.3059 20.2567
      vertex -11.5547 -11.7704 20.2567
    endloop
  endfacet
  facet normal -0.0310317 0.0310317 0.999037
    outer loop
      vertex -15.0902 -15.3059 20.2567
      vertex -11.6673 -11.6673 20.25
      vertex -15.2028 -15.2028 20.25
    endloop
  endfacet
  facet normal -0.0310317 0.0310317 0.999037
    outer loop
      vertex 11.6673 11.6673 20.25
      vertex 15.3059 15.0902 20.2567
      vertex 15.2028 15.2028 20.25
    endloop
  endfacet
  facet normal -0.0310317 0.0310317 0.999037
    outer loop
      vertex 15.3059 15.0902 20.2567
      vertex 11.6673 11.6673 20.25
      vertex 11.7704 11.5547 20.2567
    endloop
  endfacet
  facet normal -0.561007 0.561007 -0.608722
    outer loop
      vertex -14.1449 -16.1722 23.0038
      vertex -10.6779 -12.5738 23.1249
      vertex -10.6094 -12.6367 23.0038
    endloop
  endfacet
  facet normal -0.560841 0.560857 -0.609014
    outer loop
      vertex -10.6779 -12.5738 23.1249
      vertex -14.1449 -16.1722 23.0038
      vertex -14.2135 -16.1093 23.1249
    endloop
  endfacet
  facet normal -0.561007 0.561007 -0.608722
    outer loop
      vertex 12.5738 10.6779 23.1249
      vertex 16.1722 14.1449 23.0038
      vertex 12.6367 10.6094 23.0038
    endloop
  endfacet
  facet normal -0.560857 0.560841 -0.609014
    outer loop
      vertex 16.1722 14.1449 23.0038
      vertex 12.5738 10.6779 23.1249
      vertex 16.1093 14.2135 23.1249
    endloop
  endfacet
  facet normal -0.0310317 0.0310317 -0.999037
    outer loop
      vertex -15.0902 -15.3059 23.7433
      vertex -11.6673 -11.6673 23.75
      vertex -11.5547 -11.7704 23.7433
    endloop
  endfacet
  facet normal -0.0310317 0.0310317 -0.999037
    outer loop
      vertex -11.6673 -11.6673 23.75
      vertex -15.0902 -15.3059 23.7433
      vertex -15.2028 -15.2028 23.75
    endloop
  endfacet
  facet normal -0.0310317 0.0310317 -0.999037
    outer loop
      vertex 11.6673 11.6673 23.75
      vertex 15.3059 15.0902 23.7433
      vertex 11.7704 11.5547 23.7433
    endloop
  endfacet
  facet normal -0.0310317 0.0310317 -0.999037
    outer loop
      vertex 15.3059 15.0902 23.7433
      vertex 11.6673 11.6673 23.75
      vertex 15.2028 15.2028 23.75
    endloop
  endfacet
  facet normal -0.326402 0.326411 -0.887084
    outer loop
      vertex -14.5571 -15.7945 23.5155
      vertex -11.1215 -12.1674 23.586
      vertex -11.0215 -12.259 23.5155
    endloop
  endfacet
  facet normal -0.32654 0.32654 -0.886985
    outer loop
      vertex -11.1215 -12.1674 23.586
      vertex -14.5571 -15.7945 23.5155
      vertex -14.657 -15.7029 23.586
    endloop
  endfacet
  facet normal -0.326411 0.326402 -0.887084
    outer loop
      vertex 12.1674 11.1215 23.586
      vertex 15.7945 14.5571 23.5155
      vertex 12.259 11.0215 23.5155
    endloop
  endfacet
  facet normal -0.32654 0.32654 -0.886985
    outer loop
      vertex 15.7945 14.5571 23.5155
      vertex 12.1674 11.1215 23.586
      vertex 15.7029 14.657 23.586
    endloop
  endfacet
  facet normal -0.379977 0.379966 0.843352
    outer loop
      vertex -11.0215 -12.259 20.4845
      vertex -14.462 -15.8816 20.5665
      vertex -10.9265 -12.346 20.5665
    endloop
  endfacet
  facet normal -0.37967 0.379681 0.843619
    outer loop
      vertex -14.462 -15.8816 20.5665
      vertex -11.0215 -12.259 20.4845
      vertex -14.5571 -15.7945 20.4845
    endloop
  endfacet
  facet normal -0.379681 0.37967 0.843619
    outer loop
      vertex 12.259 11.0215 20.4845
      vertex 15.8816 14.462 20.5665
      vertex 15.7945 14.5571 20.4845
    endloop
  endfacet
  facet normal -0.379966 0.379977 0.843352
    outer loop
      vertex 15.8816 14.462 20.5665
      vertex 12.259 11.0215 20.4845
      vertex 12.346 10.9265 20.5665
    endloop
  endfacet
  facet normal -0.0921545 0.0921545 0.991471
    outer loop
      vertex -11.5547 -11.7704 20.2567
      vertex -14.9785 -15.4083 20.2766
      vertex -11.443 -11.8728 20.2766
    endloop
  endfacet
  facet normal -0.0921545 0.0921545 0.991471
    outer loop
      vertex -14.9785 -15.4083 20.2766
      vertex -11.5547 -11.7704 20.2567
      vertex -15.0902 -15.3059 20.2567
    endloop
  endfacet
  facet normal -0.0921545 0.0921545 0.991471
    outer loop
      vertex 11.7704 11.5547 20.2567
      vertex 15.4083 14.9785 20.2766
      vertex 15.3059 15.0902 20.2567
    endloop
  endfacet
  facet normal -0.0921545 0.0921545 0.991471
    outer loop
      vertex 15.4083 14.9785 20.2766
      vertex 11.7704 11.5547 20.2567
      vertex 11.8728 11.443 20.2766
    endloop
  endfacet
  facet normal 0.674486 -0.674505 -0.300188
    outer loop
      vertex -12.7665 -10.4408 22.5985
      vertex -16.3459 -13.9553 22.4529
      vertex -12.7946 -10.4041 22.4529
    endloop
  endfacet
  facet normal 0.674317 -0.674298 -0.30103
    outer loop
      vertex -16.3459 -13.9553 22.4529
      vertex -12.7665 -10.4408 22.5985
      vertex -16.3148 -13.9892 22.5985
    endloop
  endfacet
  facet normal 0.674317 -0.674298 -0.30103
    outer loop
      vertex 13.9892 16.3148 22.5985
      vertex 10.4041 12.7946 22.4529
      vertex 13.9553 16.3459 22.4529
    endloop
  endfacet
  facet normal 0.674486 -0.674505 -0.300187
    outer loop
      vertex 10.4041 12.7946 22.4529
      vertex 13.9892 16.3148 22.5985
      vertex 10.4408 12.7665 22.5985
    endloop
  endfacet
  facet normal 0.212699 -0.212705 -0.953685
    outer loop
      vertex -15.6075 -14.7611 23.6445
      vertex -11.9735 -11.333 23.6904
      vertex -15.5091 -14.8685 23.6904
    endloop
  endfacet
  facet normal 0.212608 -0.212608 -0.953727
    outer loop
      vertex -11.9735 -11.333 23.6904
      vertex -15.6075 -14.7611 23.6445
      vertex -12.072 -11.2256 23.6445
    endloop
  endfacet
  facet normal 0.212705 -0.212699 -0.953685
    outer loop
      vertex 11.333 11.9735 23.6904
      vertex 14.7611 15.6075 23.6445
      vertex 14.8685 15.5091 23.6904
    endloop
  endfacet
  facet normal 0.212608 -0.212608 -0.953727
    outer loop
      vertex 14.7611 15.6075 23.6445
      vertex 11.333 11.9735 23.6904
      vertex 11.2256 12.072 23.6445
    endloop
  endfacet
  facet normal 0.326411 -0.326402 0.887084
    outer loop
      vertex -15.7945 -14.5571 20.4845
      vertex -12.1674 -11.1215 20.414
      vertex -12.259 -11.0215 20.4845
    endloop
  endfacet
  facet normal 0.32654 -0.32654 0.886985
    outer loop
      vertex -12.1674 -11.1215 20.414
      vertex -15.7945 -14.5571 20.4845
      vertex -15.7029 -14.657 20.414
    endloop
  endfacet
  facet normal 0.32654 -0.32654 0.886985
    outer loop
      vertex 14.5571 15.7945 20.4845
      vertex 11.1215 12.1674 20.414
      vertex 14.657 15.7029 20.414
    endloop
  endfacet
  facet normal 0.326402 -0.326411 0.887084
    outer loop
      vertex 11.1215 12.1674 20.414
      vertex 14.5571 15.7945 20.4845
      vertex 11.0215 12.259 20.4845
    endloop
  endfacet
  facet normal 0.596299 -0.596299 0.537453
    outer loop
      vertex -16.2277 -14.0844 21.125
      vertex -12.6397 -10.606 21.0034
      vertex -12.6873 -10.544 21.125
    endloop
  endfacet
  facet normal 0.598541 -0.598797 0.532157
    outer loop
      vertex -16.2277 -14.0844 21.125
      vertex -12.6367 -10.6094 20.9962
      vertex -12.6397 -10.606 21.0034
    endloop
  endfacet
  facet normal 0.596431 -0.596431 0.537159
    outer loop
      vertex -12.6367 -10.6094 20.9962
      vertex -16.2277 -14.0844 21.125
      vertex -16.1722 -14.1449 20.9962
    endloop
  endfacet
  facet normal 0.596299 -0.596299 0.537453
    outer loop
      vertex 10.606 12.6397 21.0034
      vertex 14.0844 16.2277 21.125
      vertex 10.544 12.6873 21.125
    endloop
  endfacet
  facet normal 0.598797 -0.598541 0.532157
    outer loop
      vertex 10.6094 12.6367 20.9962
      vertex 14.0844 16.2277 21.125
      vertex 10.606 12.6397 21.0034
    endloop
  endfacet
  facet normal 0.596431 -0.596431 0.537159
    outer loop
      vertex 14.0844 16.2277 21.125
      vertex 10.6094 12.6367 20.9962
      vertex 14.1449 16.1722 20.9962
    endloop
  endfacet
  facet normal -0.379977 0.379966 -0.843352
    outer loop
      vertex -14.462 -15.8816 23.4335
      vertex -11.0215 -12.259 23.5155
      vertex -10.9265 -12.346 23.4335
    endloop
  endfacet
  facet normal -0.37967 0.379681 -0.843619
    outer loop
      vertex -11.0215 -12.259 23.5155
      vertex -14.462 -15.8816 23.4335
      vertex -14.5571 -15.7945 23.5155
    endloop
  endfacet
  facet normal -0.379966 0.379977 -0.843352
    outer loop
      vertex 12.259 11.0215 23.5155
      vertex 15.8816 14.462 23.4335
      vertex 12.346 10.9265 23.4335
    endloop
  endfacet
  facet normal -0.379681 0.37967 -0.843619
    outer loop
      vertex 15.8816 14.462 23.4335
      vertex 12.259 11.0215 23.5155
      vertex 15.7945 14.5571 23.5155
    endloop
  endfacet
  facet normal -0.561007 0.561007 0.608722
    outer loop
      vertex -10.6779 -12.5738 20.8751
      vertex -14.1449 -16.1722 20.9962
      vertex -10.6094 -12.6367 20.9962
    endloop
  endfacet
  facet normal -0.560841 0.560857 0.609014
    outer loop
      vertex -14.1449 -16.1722 20.9962
      vertex -10.6779 -12.5738 20.8751
      vertex -14.2135 -16.1093 20.8751
    endloop
  endfacet
  facet normal -0.560857 0.560841 0.609014
    outer loop
      vertex 12.5738 10.6779 20.8751
      vertex 16.1722 14.1449 20.9962
      vertex 16.1093 14.2135 20.8751
    endloop
  endfacet
  facet normal -0.561007 0.561007 0.608722
    outer loop
      vertex 16.1722 14.1449 20.9962
      vertex 12.5738 10.6779 20.8751
      vertex 12.6367 10.6094 20.9962
    endloop
  endfacet
  facet normal -0.674486 0.674505 -0.300187
    outer loop
      vertex -10.4041 -12.7946 22.4529
      vertex -13.9892 -16.3148 22.5985
      vertex -10.4408 -12.7665 22.5985
    endloop
  endfacet
  facet normal -0.674317 0.674298 -0.30103
    outer loop
      vertex -13.9892 -16.3148 22.5985
      vertex -10.4041 -12.7946 22.4529
      vertex -13.9553 -16.3459 22.4529
    endloop
  endfacet
  facet normal -0.674317 0.674298 -0.30103
    outer loop
      vertex 16.3459 13.9553 22.4529
      vertex 12.7665 10.4408 22.5985
      vertex 16.3148 13.9892 22.5985
    endloop
  endfacet
  facet normal -0.674486 0.674505 -0.300188
    outer loop
      vertex 12.7665 10.4408 22.5985
      vertex 16.3459 13.9553 22.4529
      vertex 12.7946 10.4041 22.4529
    endloop
  endfacet
  facet normal -0.152917 0.152912 0.976337
    outer loop
      vertex -11.443 -11.8728 20.2766
      vertex -14.8685 -15.5091 20.3096
      vertex -11.333 -11.9735 20.3096
    endloop
  endfacet
  facet normal -0.152846 0.152846 0.976359
    outer loop
      vertex -14.8685 -15.5091 20.3096
      vertex -11.443 -11.8728 20.2766
      vertex -14.9785 -15.4083 20.2766
    endloop
  endfacet
  facet normal -0.152846 0.152846 0.976359
    outer loop
      vertex 11.8728 11.443 20.2766
      vertex 15.5091 14.8685 20.3096
      vertex 15.4083 14.9785 20.2766
    endloop
  endfacet
  facet normal -0.152912 0.152917 0.976337
    outer loop
      vertex 15.5091 14.8685 20.3096
      vertex 11.8728 11.443 20.2766
      vertex 11.9735 11.333 20.3096
    endloop
  endfacet
  facet normal 0.653238 -0.65322 0.382863
    outer loop
      vertex -16.3148 -13.9892 21.4015
      vertex -12.7306 -10.4876 21.2604
      vertex -12.7665 -10.4408 21.4015
    endloop
  endfacet
  facet normal 0.653345 -0.653345 0.382468
    outer loop
      vertex -12.7306 -10.4876 21.2604
      vertex -16.3148 -13.9892 21.4015
      vertex -16.2753 -14.0323 21.2604
    endloop
  endfacet
  facet normal 0.65322 -0.653238 0.382863
    outer loop
      vertex 10.4876 12.7306 21.2604
      vertex 13.9892 16.3148 21.4015
      vertex 10.4408 12.7665 21.4015
    endloop
  endfacet
  facet normal 0.653345 -0.653345 0.382468
    outer loop
      vertex 13.9892 16.3148 21.4015
      vertex 10.4876 12.7306 21.2604
      vertex 14.0323 16.2753 21.2604
    endloop
  endfacet
  facet normal 0.561007 -0.561007 0.608722
    outer loop
      vertex -16.1722 -14.1449 20.9962
      vertex -12.5738 -10.6779 20.8751
      vertex -12.6367 -10.6094 20.9962
    endloop
  endfacet
  facet normal 0.560857 -0.560841 0.609014
    outer loop
      vertex -12.5738 -10.6779 20.8751
      vertex -16.1722 -14.1449 20.9962
      vertex -16.1093 -14.2135 20.8751
    endloop
  endfacet
  facet normal 0.560841 -0.560857 0.609014
    outer loop
      vertex 14.1449 16.1722 20.9962
      vertex 10.6779 12.5738 20.8751
      vertex 14.2135 16.1093 20.8751
    endloop
  endfacet
  facet normal 0.561007 -0.561007 0.608722
    outer loop
      vertex 10.6779 12.5738 20.8751
      vertex 14.1449 16.1722 20.9962
      vertex 10.6094 12.6367 20.9962
    endloop
  endfacet
  facet normal -0.653229 0.653229 0.382863
    outer loop
      vertex -14.0323 -16.2753 21.2604
      vertex -10.4408 -12.7665 21.4015
      vertex -10.4876 -12.7306 21.2604
    endloop
  endfacet
  facet normal -0.653335 0.653354 0.382468
    outer loop
      vertex -10.4408 -12.7665 21.4015
      vertex -14.0323 -16.2753 21.2604
      vertex -13.9892 -16.3148 21.4015
    endloop
  endfacet
  facet normal -0.653345 0.653345 0.382468
    outer loop
      vertex 12.7306 10.4876 21.2604
      vertex 16.3148 13.9892 21.4015
      vertex 16.2753 14.0323 21.2604
    endloop
  endfacet
  facet normal -0.653238 0.65322 0.382863
    outer loop
      vertex 16.3148 13.9892 21.4015
      vertex 12.7306 10.4876 21.2604
      vertex 12.7665 10.4408 21.4015
    endloop
  endfacet
  facet normal 0.674486 -0.674505 0.300188
    outer loop
      vertex -16.3459 -13.9553 21.5471
      vertex -12.7665 -10.4408 21.4015
      vertex -12.7946 -10.4041 21.5471
    endloop
  endfacet
  facet normal 0.674317 -0.674298 0.30103
    outer loop
      vertex -12.7665 -10.4408 21.4015
      vertex -16.3459 -13.9553 21.5471
      vertex -16.3148 -13.9892 21.4015
    endloop
  endfacet
  facet normal 0.674317 -0.674298 0.30103
    outer loop
      vertex 10.4041 12.7946 21.5471
      vertex 13.9892 16.3148 21.4015
      vertex 13.9553 16.3459 21.5471
    endloop
  endfacet
  facet normal 0.674486 -0.674505 0.300187
    outer loop
      vertex 13.9892 16.3148 21.4015
      vertex 10.4041 12.7946 21.5471
      vertex 10.4408 12.7665 21.4015
    endloop
  endfacet
  facet normal -0.212608 0.212608 -0.953727
    outer loop
      vertex -14.7611 -15.6075 23.6445
      vertex -11.333 -11.9735 23.6904
      vertex -11.2256 -12.072 23.6445
    endloop
  endfacet
  facet normal -0.212705 0.212699 -0.953685
    outer loop
      vertex -11.333 -11.9735 23.6904
      vertex -14.7611 -15.6075 23.6445
      vertex -14.8685 -15.5091 23.6904
    endloop
  endfacet
  facet normal -0.212608 0.212608 -0.953727
    outer loop
      vertex 11.9735 11.333 23.6904
      vertex 15.6075 14.7611 23.6445
      vertex 12.072 11.2256 23.6445
    endloop
  endfacet
  facet normal -0.212699 0.212705 -0.953685
    outer loop
      vertex 15.6075 14.7611 23.6445
      vertex 11.9735 11.333 23.6904
      vertex 15.5091 14.8685 23.6904
    endloop
  endfacet
  facet normal -0.270866 0.270866 -0.923722
    outer loop
      vertex -14.657 -15.7029 23.586
      vertex -11.2256 -12.072 23.6445
      vertex -11.1215 -12.1674 23.586
    endloop
  endfacet
  facet normal -0.270866 0.270866 -0.923722
    outer loop
      vertex -11.2256 -12.072 23.6445
      vertex -14.657 -15.7029 23.586
      vertex -14.7611 -15.6075 23.6445
    endloop
  endfacet
  facet normal -0.270866 0.270866 -0.923722
    outer loop
      vertex 12.072 11.2256 23.6445
      vertex 15.7029 14.657 23.586
      vertex 12.1674 11.1215 23.586
    endloop
  endfacet
  facet normal -0.270866 0.270866 -0.923722
    outer loop
      vertex 15.7029 14.657 23.586
      vertex 12.072 11.2256 23.6445
      vertex 15.6075 14.7611 23.6445
    endloop
  endfacet
  facet normal -0.690356 0.690356 0.216373
    outer loop
      vertex -10.4041 -12.7946 21.5471
      vertex -13.931 -16.3682 21.6961
      vertex -10.3777 -12.8149 21.6961
    endloop
  endfacet
  facet normal -0.690435 0.690415 0.215932
    outer loop
      vertex -13.931 -16.3682 21.6961
      vertex -10.4041 -12.7946 21.5471
      vertex -13.9553 -16.3459 21.5471
    endloop
  endfacet
  facet normal -0.690415 0.690435 0.215932
    outer loop
      vertex 12.7946 10.4041 21.5471
      vertex 16.3682 13.931 21.6961
      vertex 16.3459 13.9553 21.5471
    endloop
  endfacet
  facet normal -0.690356 0.690356 0.216373
    outer loop
      vertex 16.3682 13.931 21.6961
      vertex 12.7946 10.4041 21.5471
      vertex 12.8149 10.3777 21.6961
    endloop
  endfacet
  facet normal -0.674486 0.674505 0.300187
    outer loop
      vertex -13.9892 -16.3148 21.4015
      vertex -10.4041 -12.7946 21.5471
      vertex -10.4408 -12.7665 21.4015
    endloop
  endfacet
  facet normal -0.674317 0.674298 0.30103
    outer loop
      vertex -10.4041 -12.7946 21.5471
      vertex -13.9892 -16.3148 21.4015
      vertex -13.9553 -16.3459 21.5471
    endloop
  endfacet
  facet normal -0.674298 0.674317 0.30103
    outer loop
      vertex 16.3148 13.9892 21.4015
      vertex 12.7946 10.4041 21.5471
      vertex 16.3459 13.9553 21.5471
    endloop
  endfacet
  facet normal -0.674505 0.674486 0.300187
    outer loop
      vertex 12.7946 10.4041 21.5471
      vertex 16.3148 13.9892 21.4015
      vertex 12.7665 10.4408 21.4015
    endloop
  endfacet
  facet normal 0.596299 -0.596299 -0.537453
    outer loop
      vertex -12.6397 -10.606 22.9966
      vertex -16.2277 -14.0844 22.875
      vertex -12.6873 -10.544 22.875
    endloop
  endfacet
  facet normal 0.598541 -0.598797 -0.532157
    outer loop
      vertex -12.6367 -10.6094 23.0038
      vertex -16.2277 -14.0844 22.875
      vertex -12.6397 -10.606 22.9966
    endloop
  endfacet
  facet normal 0.596431 -0.596431 -0.537159
    outer loop
      vertex -16.2277 -14.0844 22.875
      vertex -12.6367 -10.6094 23.0038
      vertex -16.1722 -14.1449 23.0038
    endloop
  endfacet
  facet normal 0.598797 -0.598541 -0.532157
    outer loop
      vertex 14.0844 16.2277 22.875
      vertex 10.6094 12.6367 23.0038
      vertex 10.606 12.6397 22.9966
    endloop
  endfacet
  facet normal 0.596299 -0.596299 -0.537453
    outer loop
      vertex 14.0844 16.2277 22.875
      vertex 10.606 12.6397 22.9966
      vertex 10.544 12.6873 22.875
    endloop
  endfacet
  facet normal 0.596431 -0.596431 -0.537159
    outer loop
      vertex 10.6094 12.6367 23.0038
      vertex 14.0844 16.2277 22.875
      vertex 14.1449 16.1722 23.0038
    endloop
  endfacet
  facet normal 0.70101 -0.70101 -0.131034
    outer loop
      vertex -12.8149 -10.3777 22.3039
      vertex -16.3817 -13.9162 22.1525
      vertex -12.8272 -10.3617 22.1525
    endloop
  endfacet
  facet normal 0.70101 -0.70101 -0.131034
    outer loop
      vertex -16.3817 -13.9162 22.1525
      vertex -12.8149 -10.3777 22.3039
      vertex -16.3682 -13.931 22.3039
    endloop
  endfacet
  facet normal 0.70101 -0.70101 -0.131034
    outer loop
      vertex 13.9162 16.3817 22.1525
      vertex 10.3777 12.8149 22.3039
      vertex 10.3617 12.8272 22.1525
    endloop
  endfacet
  facet normal 0.70101 -0.70101 -0.131034
    outer loop
      vertex 10.3777 12.8149 22.3039
      vertex 13.9162 16.3817 22.1525
      vertex 13.931 16.3682 22.3039
    endloop
  endfacet
  facet normal 0.690356 -0.690356 -0.216373
    outer loop
      vertex -12.7946 -10.4041 22.4529
      vertex -16.3682 -13.931 22.3039
      vertex -12.8149 -10.3777 22.3039
    endloop
  endfacet
  facet normal 0.690415 -0.690435 -0.215932
    outer loop
      vertex -16.3682 -13.931 22.3039
      vertex -12.7946 -10.4041 22.4529
      vertex -16.3459 -13.9553 22.4529
    endloop
  endfacet
  facet normal 0.690356 -0.690356 -0.216373
    outer loop
      vertex 13.931 16.3682 22.3039
      vertex 10.4041 12.7946 22.4529
      vertex 10.3777 12.8149 22.3039
    endloop
  endfacet
  facet normal 0.690435 -0.690415 -0.215932
    outer loop
      vertex 10.4041 12.7946 22.4529
      vertex 13.931 16.3682 22.3039
      vertex 13.9553 16.3459 22.4529
    endloop
  endfacet
  facet normal -0.706436 0.706436 0.0435443
    outer loop
      vertex -10.3617 -12.8272 21.8475
      vertex -13.9113 -16.3862 22
      vertex -10.3564 -12.8313 22
    endloop
  endfacet
  facet normal -0.706436 0.706436 0.0435443
    outer loop
      vertex -13.9113 -16.3862 22
      vertex -10.3617 -12.8272 21.8475
      vertex -13.9162 -16.3817 21.8475
    endloop
  endfacet
  facet normal -0.706436 0.706436 0.0435443
    outer loop
      vertex 12.8272 10.3617 21.8475
      vertex 16.3862 13.9113 22
      vertex 16.3817 13.9162 21.8475
    endloop
  endfacet
  facet normal -0.706436 0.706436 0.0435443
    outer loop
      vertex 16.3862 13.9113 22
      vertex 12.8272 10.3617 21.8475
      vertex 12.8313 10.3564 22
    endloop
  endfacet
  facet normal -0.521143 0.521158 -0.675873
    outer loop
      vertex -14.2135 -16.1093 23.1249
      vertex -10.7541 -12.5041 23.2374
      vertex -10.6779 -12.5738 23.1249
    endloop
  endfacet
  facet normal -0.521313 0.521313 -0.675622
    outer loop
      vertex -10.7541 -12.5041 23.2374
      vertex -14.2135 -16.1093 23.1249
      vertex -14.2896 -16.0396 23.2374
    endloop
  endfacet
  facet normal -0.521158 0.521143 -0.675873
    outer loop
      vertex 12.5041 10.7541 23.2374
      vertex 16.1093 14.2135 23.1249
      vertex 12.5738 10.6779 23.1249
    endloop
  endfacet
  facet normal -0.521313 0.521313 -0.675622
    outer loop
      vertex 16.1093 14.2135 23.1249
      vertex 12.5041 10.7541 23.2374
      vertex 16.0396 14.2896 23.2374
    endloop
  endfacet
  facet normal -0.477833 0.477833 0.737123
    outer loop
      vertex -10.8371 -12.4279 20.6594
      vertex -14.2896 -16.0396 20.7626
      vertex -10.7541 -12.5041 20.7626
    endloop
  endfacet
  facet normal -0.477833 0.477833 0.737123
    outer loop
      vertex -14.2896 -16.0396 20.7626
      vertex -10.8371 -12.4279 20.6594
      vertex -14.3727 -15.9635 20.6594
    endloop
  endfacet
  facet normal -0.477833 0.477833 0.737123
    outer loop
      vertex 12.4279 10.8371 20.6594
      vertex 16.0396 14.2896 20.7626
      vertex 15.9635 14.3727 20.6594
    endloop
  endfacet
  facet normal -0.477833 0.477833 0.737123
    outer loop
      vertex 16.0396 14.2896 20.7626
      vertex 12.4279 10.8371 20.6594
      vertex 12.5041 10.7541 20.7626
    endloop
  endfacet
  facet normal 0.379681 -0.37967 -0.843619
    outer loop
      vertex -15.8816 -14.462 23.4335
      vertex -12.259 -11.0215 23.5155
      vertex -15.7945 -14.5571 23.5155
    endloop
  endfacet
  facet normal 0.379966 -0.379977 -0.843352
    outer loop
      vertex -12.259 -11.0215 23.5155
      vertex -15.8816 -14.462 23.4335
      vertex -12.346 -10.9265 23.4335
    endloop
  endfacet
  facet normal 0.37967 -0.379681 -0.843619
    outer loop
      vertex 11.0215 12.259 23.5155
      vertex 14.462 15.8816 23.4335
      vertex 14.5571 15.7945 23.5155
    endloop
  endfacet
  facet normal 0.379977 -0.379966 -0.843352
    outer loop
      vertex 14.462 15.8816 23.4335
      vertex 11.0215 12.259 23.5155
      vertex 10.9265 12.346 23.4335
    endloop
  endfacet
  facet normal -0.0921545 0.0921545 -0.991471
    outer loop
      vertex -14.9785 -15.4083 23.7234
      vertex -11.5547 -11.7704 23.7433
      vertex -11.443 -11.8728 23.7234
    endloop
  endfacet
  facet normal -0.0921545 0.0921545 -0.991471
    outer loop
      vertex -11.5547 -11.7704 23.7433
      vertex -14.9785 -15.4083 23.7234
      vertex -15.0902 -15.3059 23.7433
    endloop
  endfacet
  facet normal -0.0921545 0.0921545 -0.991471
    outer loop
      vertex 11.7704 11.5547 23.7433
      vertex 15.4083 14.9785 23.7234
      vertex 11.8728 11.443 23.7234
    endloop
  endfacet
  facet normal -0.0921545 0.0921545 -0.991471
    outer loop
      vertex 15.4083 14.9785 23.7234
      vertex 11.7704 11.5547 23.7433
      vertex 15.3059 15.0902 23.7433
    endloop
  endfacet
  facet normal 0.152912 -0.152917 0.976337
    outer loop
      vertex -15.5091 -14.8685 20.3096
      vertex -11.8728 -11.443 20.2766
      vertex -11.9735 -11.333 20.3096
    endloop
  endfacet
  facet normal 0.152846 -0.152846 0.976359
    outer loop
      vertex -11.8728 -11.443 20.2766
      vertex -15.5091 -14.8685 20.3096
      vertex -15.4083 -14.9785 20.2766
    endloop
  endfacet
  facet normal 0.152846 -0.152846 0.976359
    outer loop
      vertex 14.8685 15.5091 20.3096
      vertex 11.443 11.8728 20.2766
      vertex 14.9785 15.4083 20.2766
    endloop
  endfacet
  facet normal 0.152917 -0.152912 0.976337
    outer loop
      vertex 11.443 11.8728 20.2766
      vertex 14.8685 15.5091 20.3096
      vertex 11.333 11.9735 20.3096
    endloop
  endfacet
  facet normal -0.43033 0.43033 0.793494
    outer loop
      vertex -10.9265 -12.346 20.5665
      vertex -14.3727 -15.9635 20.6594
      vertex -10.8371 -12.4279 20.6594
    endloop
  endfacet
  facet normal -0.430494 0.430482 0.793322
    outer loop
      vertex -14.3727 -15.9635 20.6594
      vertex -10.9265 -12.346 20.5665
      vertex -14.462 -15.8816 20.5665
    endloop
  endfacet
  facet normal -0.430482 0.430494 0.793322
    outer loop
      vertex 12.346 10.9265 20.5665
      vertex 15.9635 14.3727 20.6594
      vertex 15.8816 14.462 20.5665
    endloop
  endfacet
  facet normal -0.43033 0.43033 0.793494
    outer loop
      vertex 15.9635 14.3727 20.6594
      vertex 12.346 10.9265 20.5665
      vertex 12.4279 10.8371 20.6594
    endloop
  endfacet
  facet normal 0.653238 -0.65322 -0.382863
    outer loop
      vertex -12.7306 -10.4876 22.7396
      vertex -16.3148 -13.9892 22.5985
      vertex -12.7665 -10.4408 22.5985
    endloop
  endfacet
  facet normal 0.653345 -0.653345 -0.382468
    outer loop
      vertex -16.3148 -13.9892 22.5985
      vertex -12.7306 -10.4876 22.7396
      vertex -16.2753 -14.0323 22.7396
    endloop
  endfacet
  facet normal 0.653335 -0.653354 -0.382468
    outer loop
      vertex 14.0323 16.2753 22.7396
      vertex 10.4408 12.7665 22.5985
      vertex 13.9892 16.3148 22.5985
    endloop
  endfacet
  facet normal 0.653229 -0.653229 -0.382863
    outer loop
      vertex 10.4408 12.7665 22.5985
      vertex 14.0323 16.2753 22.7396
      vertex 10.4876 12.7306 22.7396
    endloop
  endfacet
  facet normal 0.212608 -0.212608 0.953727
    outer loop
      vertex -15.6075 -14.7611 20.3555
      vertex -11.9735 -11.333 20.3096
      vertex -12.072 -11.2256 20.3555
    endloop
  endfacet
  facet normal 0.212699 -0.212705 0.953685
    outer loop
      vertex -11.9735 -11.333 20.3096
      vertex -15.6075 -14.7611 20.3555
      vertex -15.5091 -14.8685 20.3096
    endloop
  endfacet
  facet normal 0.212705 -0.212699 0.953685
    outer loop
      vertex 14.7611 15.6075 20.3555
      vertex 11.333 11.9735 20.3096
      vertex 14.8685 15.5091 20.3096
    endloop
  endfacet
  facet normal 0.212608 -0.212608 0.953727
    outer loop
      vertex 11.333 11.9735 20.3096
      vertex 14.7611 15.6075 20.3555
      vertex 11.2256 12.072 20.3555
    endloop
  endfacet
  facet normal 0.270866 -0.270866 0.923722
    outer loop
      vertex -15.7029 -14.657 20.414
      vertex -12.072 -11.2256 20.3555
      vertex -12.1674 -11.1215 20.414
    endloop
  endfacet
  facet normal 0.270866 -0.270866 0.923722
    outer loop
      vertex -12.072 -11.2256 20.3555
      vertex -15.7029 -14.657 20.414
      vertex -15.6075 -14.7611 20.3555
    endloop
  endfacet
  facet normal 0.270866 -0.270866 0.923722
    outer loop
      vertex 14.657 15.7029 20.414
      vertex 11.2256 12.072 20.3555
      vertex 14.7611 15.6075 20.3555
    endloop
  endfacet
  facet normal 0.270866 -0.270866 0.923722
    outer loop
      vertex 11.2256 12.072 20.3555
      vertex 14.657 15.7029 20.414
      vertex 11.1215 12.1674 20.414
    endloop
  endfacet
  facet normal 0.477833 -0.477833 0.737123
    outer loop
      vertex -16.0396 -14.2896 20.7626
      vertex -12.4279 -10.8371 20.6594
      vertex -12.5041 -10.7541 20.7626
    endloop
  endfacet
  facet normal 0.477833 -0.477833 0.737123
    outer loop
      vertex -12.4279 -10.8371 20.6594
      vertex -16.0396 -14.2896 20.7626
      vertex -15.9635 -14.3727 20.6594
    endloop
  endfacet
  facet normal 0.477833 -0.477833 0.737123
    outer loop
      vertex 14.2896 16.0396 20.7626
      vertex 10.8371 12.4279 20.6594
      vertex 14.3727 15.9635 20.6594
    endloop
  endfacet
  facet normal 0.477833 -0.477833 0.737123
    outer loop
      vertex 10.8371 12.4279 20.6594
      vertex 14.2896 16.0396 20.7626
      vertex 10.7541 12.5041 20.7626
    endloop
  endfacet
  facet normal 0.379966 -0.379977 0.843352
    outer loop
      vertex -15.8816 -14.462 20.5665
      vertex -12.259 -11.0215 20.4845
      vertex -12.346 -10.9265 20.5665
    endloop
  endfacet
  facet normal 0.379681 -0.37967 0.843619
    outer loop
      vertex -12.259 -11.0215 20.4845
      vertex -15.8816 -14.462 20.5665
      vertex -15.7945 -14.5571 20.4845
    endloop
  endfacet
  facet normal 0.37967 -0.379681 0.843619
    outer loop
      vertex 14.462 15.8816 20.5665
      vertex 11.0215 12.259 20.4845
      vertex 14.5571 15.7945 20.4845
    endloop
  endfacet
  facet normal 0.379977 -0.379966 0.843352
    outer loop
      vertex 11.0215 12.259 20.4845
      vertex 14.462 15.8816 20.5665
      vertex 10.9265 12.346 20.5665
    endloop
  endfacet
  facet normal 0.43033 -0.43033 0.793494
    outer loop
      vertex -15.9635 -14.3727 20.6594
      vertex -12.346 -10.9265 20.5665
      vertex -12.4279 -10.8371 20.6594
    endloop
  endfacet
  facet normal 0.430482 -0.430494 0.793322
    outer loop
      vertex -12.346 -10.9265 20.5665
      vertex -15.9635 -14.3727 20.6594
      vertex -15.8816 -14.462 20.5665
    endloop
  endfacet
  facet normal 0.430494 -0.430482 0.793322
    outer loop
      vertex 14.3727 15.9635 20.6594
      vertex 10.9265 12.346 20.5665
      vertex 14.462 15.8816 20.5665
    endloop
  endfacet
  facet normal 0.43033 -0.43033 0.793494
    outer loop
      vertex 10.9265 12.346 20.5665
      vertex 14.3727 15.9635 20.6594
      vertex 10.8371 12.4279 20.6594
    endloop
  endfacet
  facet normal 0.706436 -0.706436 0.0435443
    outer loop
      vertex -16.3862 -13.9113 22
      vertex -12.8272 -10.3617 21.8475
      vertex -12.8313 -10.3564 22
    endloop
  endfacet
  facet normal 0.706436 -0.706436 0.0435443
    outer loop
      vertex -12.8272 -10.3617 21.8475
      vertex -16.3862 -13.9113 22
      vertex -16.3817 -13.9162 21.8475
    endloop
  endfacet
  facet normal 0.706436 -0.706436 0.0435443
    outer loop
      vertex 10.3617 12.8272 21.8475
      vertex 13.9113 16.3862 22
      vertex 10.3564 12.8313 22
    endloop
  endfacet
  facet normal 0.706436 -0.706436 0.0435443
    outer loop
      vertex 13.9113 16.3862 22
      vertex 10.3617 12.8272 21.8475
      vertex 13.9162 16.3817 21.8475
    endloop
  endfacet
  facet normal 0.0310317 -0.0310317 -0.999037
    outer loop
      vertex -15.3059 -15.0902 23.7433
      vertex -11.6673 -11.6673 23.75
      vertex -15.2028 -15.2028 23.75
    endloop
  endfacet
  facet normal 0.0310317 -0.0310317 -0.999037
    outer loop
      vertex -11.6673 -11.6673 23.75
      vertex -15.3059 -15.0902 23.7433
      vertex -11.7704 -11.5547 23.7433
    endloop
  endfacet
  facet normal 0.0310317 -0.0310317 -0.999037
    outer loop
      vertex 11.6673 11.6673 23.75
      vertex 15.0902 15.3059 23.7433
      vertex 15.2028 15.2028 23.75
    endloop
  endfacet
  facet normal 0.0310317 -0.0310317 -0.999037
    outer loop
      vertex 15.0902 15.3059 23.7433
      vertex 11.6673 11.6673 23.75
      vertex 11.5547 11.7704 23.7433
    endloop
  endfacet
  facet normal 0.477833 -0.477833 -0.737123
    outer loop
      vertex -16.0396 -14.2896 23.2374
      vertex -12.4279 -10.8371 23.3406
      vertex -15.9635 -14.3727 23.3406
    endloop
  endfacet
  facet normal 0.477833 -0.477833 -0.737123
    outer loop
      vertex -12.4279 -10.8371 23.3406
      vertex -16.0396 -14.2896 23.2374
      vertex -12.5041 -10.7541 23.2374
    endloop
  endfacet
  facet normal 0.477833 -0.477833 -0.737123
    outer loop
      vertex 10.8371 12.4279 23.3406
      vertex 14.2896 16.0396 23.2374
      vertex 14.3727 15.9635 23.3406
    endloop
  endfacet
  facet normal 0.477833 -0.477833 -0.737123
    outer loop
      vertex 14.2896 16.0396 23.2374
      vertex 10.8371 12.4279 23.3406
      vertex 10.7541 12.5041 23.2374
    endloop
  endfacet
  facet normal -0.596299 0.596299 0.537453
    outer loop
      vertex -10.606 -12.6397 21.0034
      vertex -14.0844 -16.2277 21.125
      vertex -10.544 -12.6873 21.125
    endloop
  endfacet
  facet normal -0.598797 0.598541 0.532157
    outer loop
      vertex -10.6094 -12.6367 20.9962
      vertex -14.0844 -16.2277 21.125
      vertex -10.606 -12.6397 21.0034
    endloop
  endfacet
  facet normal -0.596431 0.596431 0.537159
    outer loop
      vertex -14.0844 -16.2277 21.125
      vertex -10.6094 -12.6367 20.9962
      vertex -14.1449 -16.1722 20.9962
    endloop
  endfacet
  facet normal -0.596431 0.596431 0.537159
    outer loop
      vertex 12.6367 10.6094 20.9962
      vertex 16.2277 14.0844 21.125
      vertex 16.1722 14.1449 20.9962
    endloop
  endfacet
  facet normal -0.598541 0.598797 0.532157
    outer loop
      vertex 12.6397 10.606 21.0034
      vertex 16.2277 14.0844 21.125
      vertex 12.6367 10.6094 20.9962
    endloop
  endfacet
  facet normal -0.596299 0.596299 0.537453
    outer loop
      vertex 16.2277 14.0844 21.125
      vertex 12.6397 10.606 21.0034
      vertex 12.6873 10.544 21.125
    endloop
  endfacet
  facet normal 0.627185 -0.627185 -0.46182
    outer loop
      vertex -12.6873 -10.544 22.875
      vertex -16.2753 -14.0323 22.7396
      vertex -12.7306 -10.4876 22.7396
    endloop
  endfacet
  facet normal 0.627185 -0.627185 -0.46182
    outer loop
      vertex -16.2753 -14.0323 22.7396
      vertex -12.6873 -10.544 22.875
      vertex -16.2277 -14.0844 22.875
    endloop
  endfacet
  facet normal 0.627185 -0.627185 -0.46182
    outer loop
      vertex 14.0323 16.2753 22.7396
      vertex 10.544 12.6873 22.875
      vertex 10.4876 12.7306 22.7396
    endloop
  endfacet
  facet normal 0.627185 -0.627185 -0.46182
    outer loop
      vertex 10.544 12.6873 22.875
      vertex 14.0323 16.2753 22.7396
      vertex 14.0844 16.2277 22.875
    endloop
  endfacet
  facet normal -0.598797 0.598541 -0.532157
    outer loop
      vertex -14.0844 -16.2277 22.875
      vertex -10.6094 -12.6367 23.0038
      vertex -10.606 -12.6397 22.9966
    endloop
  endfacet
  facet normal -0.596299 0.596299 -0.537453
    outer loop
      vertex -14.0844 -16.2277 22.875
      vertex -10.606 -12.6397 22.9966
      vertex -10.544 -12.6873 22.875
    endloop
  endfacet
  facet normal -0.596431 0.596431 -0.537159
    outer loop
      vertex -10.6094 -12.6367 23.0038
      vertex -14.0844 -16.2277 22.875
      vertex -14.1449 -16.1722 23.0038
    endloop
  endfacet
  facet normal -0.596431 0.596431 -0.537159
    outer loop
      vertex 16.2277 14.0844 22.875
      vertex 12.6367 10.6094 23.0038
      vertex 16.1722 14.1449 23.0038
    endloop
  endfacet
  facet normal -0.598541 0.598797 -0.532157
    outer loop
      vertex 16.2277 14.0844 22.875
      vertex 12.6397 10.606 22.9966
      vertex 12.6367 10.6094 23.0038
    endloop
  endfacet
  facet normal -0.596299 0.596299 -0.537453
    outer loop
      vertex 12.6397 10.606 22.9966
      vertex 16.2277 14.0844 22.875
      vertex 12.6873 10.544 22.875
    endloop
  endfacet
  facet normal 0.152846 -0.152846 -0.976359
    outer loop
      vertex -15.5091 -14.8685 23.6904
      vertex -11.8728 -11.443 23.7234
      vertex -15.4083 -14.9785 23.7234
    endloop
  endfacet
  facet normal 0.152912 -0.152917 -0.976337
    outer loop
      vertex -11.8728 -11.443 23.7234
      vertex -15.5091 -14.8685 23.6904
      vertex -11.9735 -11.333 23.6904
    endloop
  endfacet
  facet normal 0.152846 -0.152846 -0.976359
    outer loop
      vertex 11.443 11.8728 23.7234
      vertex 14.8685 15.5091 23.6904
      vertex 14.9785 15.4083 23.7234
    endloop
  endfacet
  facet normal 0.152917 -0.152912 -0.976337
    outer loop
      vertex 14.8685 15.5091 23.6904
      vertex 11.443 11.8728 23.7234
      vertex 11.333 11.9735 23.6904
    endloop
  endfacet
  facet normal -0.521143 0.521158 0.675873
    outer loop
      vertex -10.7541 -12.5041 20.7626
      vertex -14.2135 -16.1093 20.8751
      vertex -10.6779 -12.5738 20.8751
    endloop
  endfacet
  facet normal -0.521313 0.521313 0.675622
    outer loop
      vertex -14.2135 -16.1093 20.8751
      vertex -10.7541 -12.5041 20.7626
      vertex -14.2896 -16.0396 20.7626
    endloop
  endfacet
  facet normal -0.521313 0.521313 0.675622
    outer loop
      vertex 12.5041 10.7541 20.7626
      vertex 16.1093 14.2135 20.8751
      vertex 16.0396 14.2896 20.7626
    endloop
  endfacet
  facet normal -0.521158 0.521143 0.675873
    outer loop
      vertex 16.1093 14.2135 20.8751
      vertex 12.5041 10.7541 20.7626
      vertex 12.5738 10.6779 20.8751
    endloop
  endfacet
  facet normal -0.627185 0.627185 0.46182
    outer loop
      vertex -10.544 -12.6873 21.125
      vertex -14.0323 -16.2753 21.2604
      vertex -10.4876 -12.7306 21.2604
    endloop
  endfacet
  facet normal -0.627185 0.627185 0.46182
    outer loop
      vertex -14.0323 -16.2753 21.2604
      vertex -10.544 -12.6873 21.125
      vertex -14.0844 -16.2277 21.125
    endloop
  endfacet
  facet normal -0.627185 0.627185 0.46182
    outer loop
      vertex 12.6873 10.544 21.125
      vertex 16.2753 14.0323 21.2604
      vertex 16.2277 14.0844 21.125
    endloop
  endfacet
  facet normal -0.627185 0.627185 0.46182
    outer loop
      vertex 16.2753 14.0323 21.2604
      vertex 12.6873 10.544 21.125
      vertex 12.7306 10.4876 21.2604
    endloop
  endfacet
  facet normal -0.70101 0.70101 0.131034
    outer loop
      vertex -10.3777 -12.8149 21.6961
      vertex -13.9162 -16.3817 21.8475
      vertex -10.3617 -12.8272 21.8475
    endloop
  endfacet
  facet normal -0.70101 0.70101 0.131034
    outer loop
      vertex -13.9162 -16.3817 21.8475
      vertex -10.3777 -12.8149 21.6961
      vertex -13.931 -16.3682 21.6961
    endloop
  endfacet
  facet normal -0.70101 0.70101 0.131034
    outer loop
      vertex 12.8149 10.3777 21.6961
      vertex 16.3817 13.9162 21.8475
      vertex 16.3682 13.931 21.6961
    endloop
  endfacet
  facet normal -0.70101 0.70101 0.131034
    outer loop
      vertex 16.3817 13.9162 21.8475
      vertex 12.8149 10.3777 21.6961
      vertex 12.8272 10.3617 21.8475
    endloop
  endfacet
  facet normal -0.326402 0.326411 0.887084
    outer loop
      vertex -11.1215 -12.1674 20.414
      vertex -14.5571 -15.7945 20.4845
      vertex -11.0215 -12.259 20.4845
    endloop
  endfacet
  facet normal -0.32654 0.32654 0.886985
    outer loop
      vertex -14.5571 -15.7945 20.4845
      vertex -11.1215 -12.1674 20.414
      vertex -14.657 -15.7029 20.414
    endloop
  endfacet
  facet normal -0.32654 0.32654 0.886985
    outer loop
      vertex 12.1674 11.1215 20.414
      vertex 15.7945 14.5571 20.4845
      vertex 15.7029 14.657 20.414
    endloop
  endfacet
  facet normal -0.326411 0.326402 0.887084
    outer loop
      vertex 15.7945 14.5571 20.4845
      vertex 12.1674 11.1215 20.414
      vertex 12.259 11.0215 20.4845
    endloop
  endfacet
  facet normal -0.212608 0.212608 0.953727
    outer loop
      vertex -11.333 -11.9735 20.3096
      vertex -14.7611 -15.6075 20.3555
      vertex -11.2256 -12.072 20.3555
    endloop
  endfacet
  facet normal -0.212705 0.212699 0.953685
    outer loop
      vertex -14.7611 -15.6075 20.3555
      vertex -11.333 -11.9735 20.3096
      vertex -14.8685 -15.5091 20.3096
    endloop
  endfacet
  facet normal -0.212699 0.212705 0.953685
    outer loop
      vertex 11.9735 11.333 20.3096
      vertex 15.6075 14.7611 20.3555
      vertex 15.5091 14.8685 20.3096
    endloop
  endfacet
  facet normal -0.212608 0.212608 0.953727
    outer loop
      vertex 15.6075 14.7611 20.3555
      vertex 11.9735 11.333 20.3096
      vertex 12.072 11.2256 20.3555
    endloop
  endfacet
  facet normal 0.0921545 -0.0921545 0.991471
    outer loop
      vertex -15.4083 -14.9785 20.2766
      vertex -11.7704 -11.5547 20.2567
      vertex -11.8728 -11.443 20.2766
    endloop
  endfacet
  facet normal 0.0921545 -0.0921545 0.991471
    outer loop
      vertex -11.7704 -11.5547 20.2567
      vertex -15.4083 -14.9785 20.2766
      vertex -15.3059 -15.0902 20.2567
    endloop
  endfacet
  facet normal 0.0921545 -0.0921545 0.991471
    outer loop
      vertex 14.9785 15.4083 20.2766
      vertex 11.5547 11.7704 20.2567
      vertex 15.0902 15.3059 20.2567
    endloop
  endfacet
  facet normal 0.0921545 -0.0921545 0.991471
    outer loop
      vertex 11.5547 11.7704 20.2567
      vertex 14.9785 15.4083 20.2766
      vertex 11.443 11.8728 20.2766
    endloop
  endfacet
  facet normal 0.521158 -0.521143 0.675873
    outer loop
      vertex -16.1093 -14.2135 20.8751
      vertex -12.5041 -10.7541 20.7626
      vertex -12.5738 -10.6779 20.8751
    endloop
  endfacet
  facet normal 0.521313 -0.521313 0.675622
    outer loop
      vertex -12.5041 -10.7541 20.7626
      vertex -16.1093 -14.2135 20.8751
      vertex -16.0396 -14.2896 20.7626
    endloop
  endfacet
  facet normal 0.521313 -0.521313 0.675622
    outer loop
      vertex 14.2135 16.1093 20.8751
      vertex 10.7541 12.5041 20.7626
      vertex 14.2896 16.0396 20.7626
    endloop
  endfacet
  facet normal 0.521143 -0.521158 0.675873
    outer loop
      vertex 10.7541 12.5041 20.7626
      vertex 14.2135 16.1093 20.8751
      vertex 10.6779 12.5738 20.8751
    endloop
  endfacet
  facet normal 0.70101 -0.70101 0.131034
    outer loop
      vertex -16.3817 -13.9162 21.8475
      vertex -12.8149 -10.3777 21.6961
      vertex -12.8272 -10.3617 21.8475
    endloop
  endfacet
  facet normal 0.70101 -0.70101 0.131034
    outer loop
      vertex -12.8149 -10.3777 21.6961
      vertex -16.3817 -13.9162 21.8475
      vertex -16.3682 -13.931 21.6961
    endloop
  endfacet
  facet normal 0.70101 -0.70101 0.131034
    outer loop
      vertex 10.3777 12.8149 21.6961
      vertex 13.9162 16.3817 21.8475
      vertex 10.3617 12.8272 21.8475
    endloop
  endfacet
  facet normal 0.70101 -0.70101 0.131034
    outer loop
      vertex 13.9162 16.3817 21.8475
      vertex 10.3777 12.8149 21.6961
      vertex 13.931 16.3682 21.6961
    endloop
  endfacet
  facet normal 0.270866 -0.270866 -0.923722
    outer loop
      vertex -15.7029 -14.657 23.586
      vertex -12.072 -11.2256 23.6445
      vertex -15.6075 -14.7611 23.6445
    endloop
  endfacet
  facet normal 0.270866 -0.270866 -0.923722
    outer loop
      vertex -12.072 -11.2256 23.6445
      vertex -15.7029 -14.657 23.586
      vertex -12.1674 -11.1215 23.586
    endloop
  endfacet
  facet normal 0.270866 -0.270866 -0.923722
    outer loop
      vertex 11.2256 12.072 23.6445
      vertex 14.657 15.7029 23.586
      vertex 14.7611 15.6075 23.6445
    endloop
  endfacet
  facet normal 0.270866 -0.270866 -0.923722
    outer loop
      vertex 14.657 15.7029 23.586
      vertex 11.2256 12.072 23.6445
      vertex 11.1215 12.1674 23.586
    endloop
  endfacet
  facet normal 0.560857 -0.560841 -0.609014
    outer loop
      vertex -16.1722 -14.1449 23.0038
      vertex -12.5738 -10.6779 23.1249
      vertex -16.1093 -14.2135 23.1249
    endloop
  endfacet
  facet normal 0.561007 -0.561007 -0.608722
    outer loop
      vertex -12.5738 -10.6779 23.1249
      vertex -16.1722 -14.1449 23.0038
      vertex -12.6367 -10.6094 23.0038
    endloop
  endfacet
  facet normal 0.560841 -0.560857 -0.609014
    outer loop
      vertex 10.6779 12.5738 23.1249
      vertex 14.1449 16.1722 23.0038
      vertex 14.2135 16.1093 23.1249
    endloop
  endfacet
  facet normal 0.561007 -0.561007 -0.608722
    outer loop
      vertex 14.1449 16.1722 23.0038
      vertex 10.6779 12.5738 23.1249
      vertex 10.6094 12.6367 23.0038
    endloop
  endfacet
  facet normal 0.521313 -0.521313 -0.675622
    outer loop
      vertex -16.1093 -14.2135 23.1249
      vertex -12.5041 -10.7541 23.2374
      vertex -16.0396 -14.2896 23.2374
    endloop
  endfacet
  facet normal 0.521158 -0.521143 -0.675873
    outer loop
      vertex -12.5041 -10.7541 23.2374
      vertex -16.1093 -14.2135 23.1249
      vertex -12.5738 -10.6779 23.1249
    endloop
  endfacet
  facet normal 0.521313 -0.521313 -0.675622
    outer loop
      vertex 10.7541 12.5041 23.2374
      vertex 14.2135 16.1093 23.1249
      vertex 14.2896 16.0396 23.2374
    endloop
  endfacet
  facet normal 0.521143 -0.521158 -0.675873
    outer loop
      vertex 14.2135 16.1093 23.1249
      vertex 10.7541 12.5041 23.2374
      vertex 10.6779 12.5738 23.1249
    endloop
  endfacet
  facet normal 0.430482 -0.430494 -0.793322
    outer loop
      vertex -15.9635 -14.3727 23.3406
      vertex -12.346 -10.9265 23.4335
      vertex -15.8816 -14.462 23.4335
    endloop
  endfacet
  facet normal 0.43033 -0.43033 -0.793494
    outer loop
      vertex -12.346 -10.9265 23.4335
      vertex -15.9635 -14.3727 23.3406
      vertex -12.4279 -10.8371 23.3406
    endloop
  endfacet
  facet normal 0.430494 -0.430482 -0.793322
    outer loop
      vertex 10.9265 12.346 23.4335
      vertex 14.3727 15.9635 23.3406
      vertex 14.462 15.8816 23.4335
    endloop
  endfacet
  facet normal 0.43033 -0.43033 -0.793494
    outer loop
      vertex 14.3727 15.9635 23.3406
      vertex 10.9265 12.346 23.4335
      vertex 10.8371 12.4279 23.3406
    endloop
  endfacet
  facet normal -0.653229 0.653229 -0.382863
    outer loop
      vertex -10.4408 -12.7665 22.5985
      vertex -14.0323 -16.2753 22.7396
      vertex -10.4876 -12.7306 22.7396
    endloop
  endfacet
  facet normal -0.653335 0.653354 -0.382468
    outer loop
      vertex -14.0323 -16.2753 22.7396
      vertex -10.4408 -12.7665 22.5985
      vertex -13.9892 -16.3148 22.5985
    endloop
  endfacet
  facet normal -0.653345 0.653345 -0.382468
    outer loop
      vertex 16.3148 13.9892 22.5985
      vertex 12.7306 10.4876 22.7396
      vertex 16.2753 14.0323 22.7396
    endloop
  endfacet
  facet normal -0.653238 0.65322 -0.382863
    outer loop
      vertex 12.7306 10.4876 22.7396
      vertex 16.3148 13.9892 22.5985
      vertex 12.7665 10.4408 22.5985
    endloop
  endfacet
  facet normal 0.0921545 -0.0921545 -0.991471
    outer loop
      vertex -15.4083 -14.9785 23.7234
      vertex -11.7704 -11.5547 23.7433
      vertex -15.3059 -15.0902 23.7433
    endloop
  endfacet
  facet normal 0.0921545 -0.0921545 -0.991471
    outer loop
      vertex -11.7704 -11.5547 23.7433
      vertex -15.4083 -14.9785 23.7234
      vertex -11.8728 -11.443 23.7234
    endloop
  endfacet
  facet normal 0.0921545 -0.0921545 -0.991471
    outer loop
      vertex 11.5547 11.7704 23.7433
      vertex 14.9785 15.4083 23.7234
      vertex 15.0902 15.3059 23.7433
    endloop
  endfacet
  facet normal 0.0921545 -0.0921545 -0.991471
    outer loop
      vertex 14.9785 15.4083 23.7234
      vertex 11.5547 11.7704 23.7433
      vertex 11.443 11.8728 23.7234
    endloop
  endfacet
  facet normal -0.70101 0.70101 -0.131034
    outer loop
      vertex -13.9162 -16.3817 22.1525
      vertex -10.3777 -12.8149 22.3039
      vertex -10.3617 -12.8272 22.1525
    endloop
  endfacet
  facet normal -0.70101 0.70101 -0.131034
    outer loop
      vertex -10.3777 -12.8149 22.3039
      vertex -13.9162 -16.3817 22.1525
      vertex -13.931 -16.3682 22.3039
    endloop
  endfacet
  facet normal -0.70101 0.70101 -0.131034
    outer loop
      vertex 16.3817 13.9162 22.1525
      vertex 12.8149 10.3777 22.3039
      vertex 16.3682 13.931 22.3039
    endloop
  endfacet
  facet normal -0.70101 0.70101 -0.131034
    outer loop
      vertex 12.8149 10.3777 22.3039
      vertex 16.3817 13.9162 22.1525
      vertex 12.8272 10.3617 22.1525
    endloop
  endfacet
  facet normal -0.43033 0.43033 -0.793494
    outer loop
      vertex -14.3727 -15.9635 23.3406
      vertex -10.9265 -12.346 23.4335
      vertex -10.8371 -12.4279 23.3406
    endloop
  endfacet
  facet normal -0.430494 0.430482 -0.793322
    outer loop
      vertex -10.9265 -12.346 23.4335
      vertex -14.3727 -15.9635 23.3406
      vertex -14.462 -15.8816 23.4335
    endloop
  endfacet
  facet normal -0.43033 0.43033 -0.793494
    outer loop
      vertex 12.346 10.9265 23.4335
      vertex 15.9635 14.3727 23.3406
      vertex 12.4279 10.8371 23.3406
    endloop
  endfacet
  facet normal -0.430482 0.430494 -0.793322
    outer loop
      vertex 15.9635 14.3727 23.3406
      vertex 12.346 10.9265 23.4335
      vertex 15.8816 14.462 23.4335
    endloop
  endfacet
  facet normal -0.270866 0.270866 0.923722
    outer loop
      vertex -11.2256 -12.072 20.3555
      vertex -14.657 -15.7029 20.414
      vertex -11.1215 -12.1674 20.414
    endloop
  endfacet
  facet normal -0.270866 0.270866 0.923722
    outer loop
      vertex -14.657 -15.7029 20.414
      vertex -11.2256 -12.072 20.3555
      vertex -14.7611 -15.6075 20.3555
    endloop
  endfacet
  facet normal -0.270866 0.270866 0.923722
    outer loop
      vertex 12.072 11.2256 20.3555
      vertex 15.7029 14.657 20.414
      vertex 15.6075 14.7611 20.3555
    endloop
  endfacet
  facet normal -0.270866 0.270866 0.923722
    outer loop
      vertex 15.7029 14.657 20.414
      vertex 12.072 11.2256 20.3555
      vertex 12.1674 11.1215 20.414
    endloop
  endfacet
  facet normal 0.32654 -0.32654 -0.886985
    outer loop
      vertex -15.7945 -14.5571 23.5155
      vertex -12.1674 -11.1215 23.586
      vertex -15.7029 -14.657 23.586
    endloop
  endfacet
  facet normal 0.326411 -0.326402 -0.887084
    outer loop
      vertex -12.1674 -11.1215 23.586
      vertex -15.7945 -14.5571 23.5155
      vertex -12.259 -11.0215 23.5155
    endloop
  endfacet
  facet normal 0.32654 -0.32654 -0.886985
    outer loop
      vertex 11.1215 12.1674 23.586
      vertex 14.5571 15.7945 23.5155
      vertex 14.657 15.7029 23.586
    endloop
  endfacet
  facet normal 0.326402 -0.326411 -0.887084
    outer loop
      vertex 14.5571 15.7945 23.5155
      vertex 11.1215 12.1674 23.586
      vertex 11.0215 12.259 23.5155
    endloop
  endfacet
  facet normal -0.152917 0.152912 -0.976337
    outer loop
      vertex -14.8685 -15.5091 23.6904
      vertex -11.443 -11.8728 23.7234
      vertex -11.333 -11.9735 23.6904
    endloop
  endfacet
  facet normal -0.152846 0.152846 -0.976359
    outer loop
      vertex -11.443 -11.8728 23.7234
      vertex -14.8685 -15.5091 23.6904
      vertex -14.9785 -15.4083 23.7234
    endloop
  endfacet
  facet normal -0.152912 0.152917 -0.976337
    outer loop
      vertex 11.8728 11.443 23.7234
      vertex 15.5091 14.8685 23.6904
      vertex 11.9735 11.333 23.6904
    endloop
  endfacet
  facet normal -0.152846 0.152846 -0.976359
    outer loop
      vertex 15.5091 14.8685 23.6904
      vertex 11.8728 11.443 23.7234
      vertex 15.4083 14.9785 23.7234
    endloop
  endfacet
  facet normal -0.706436 0.706436 -0.0435443
    outer loop
      vertex -13.9113 -16.3862 22
      vertex -10.3617 -12.8272 22.1525
      vertex -10.3564 -12.8313 22
    endloop
  endfacet
  facet normal -0.706436 0.706436 -0.0435443
    outer loop
      vertex -10.3617 -12.8272 22.1525
      vertex -13.9113 -16.3862 22
      vertex -13.9162 -16.3817 22.1525
    endloop
  endfacet
  facet normal -0.706436 0.706436 -0.0435443
    outer loop
      vertex 16.3862 13.9113 22
      vertex 12.8272 10.3617 22.1525
      vertex 16.3817 13.9162 22.1525
    endloop
  endfacet
  facet normal -0.706436 0.706436 -0.0435443
    outer loop
      vertex 12.8272 10.3617 22.1525
      vertex 16.3862 13.9113 22
      vertex 12.8313 10.3564 22
    endloop
  endfacet
  facet normal -0.627185 0.627185 -0.46182
    outer loop
      vertex -14.0323 -16.2753 22.7396
      vertex -10.544 -12.6873 22.875
      vertex -10.4876 -12.7306 22.7396
    endloop
  endfacet
  facet normal -0.627185 0.627185 -0.46182
    outer loop
      vertex -10.544 -12.6873 22.875
      vertex -14.0323 -16.2753 22.7396
      vertex -14.0844 -16.2277 22.875
    endloop
  endfacet
  facet normal -0.627185 0.627185 -0.46182
    outer loop
      vertex 16.2753 14.0323 22.7396
      vertex 12.6873 10.544 22.875
      vertex 16.2277 14.0844 22.875
    endloop
  endfacet
  facet normal -0.627185 0.627185 -0.46182
    outer loop
      vertex 12.6873 10.544 22.875
      vertex 16.2753 14.0323 22.7396
      vertex 12.7306 10.4876 22.7396
    endloop
  endfacet
  facet normal -0.477833 0.477833 -0.737123
    outer loop
      vertex -14.2896 -16.0396 23.2374
      vertex -10.8371 -12.4279 23.3406
      vertex -10.7541 -12.5041 23.2374
    endloop
  endfacet
  facet normal -0.477833 0.477833 -0.737123
    outer loop
      vertex -10.8371 -12.4279 23.3406
      vertex -14.2896 -16.0396 23.2374
      vertex -14.3727 -15.9635 23.3406
    endloop
  endfacet
  facet normal -0.477833 0.477833 -0.737123
    outer loop
      vertex 12.4279 10.8371 23.3406
      vertex 16.0396 14.2896 23.2374
      vertex 12.5041 10.7541 23.2374
    endloop
  endfacet
  facet normal -0.477833 0.477833 -0.737123
    outer loop
      vertex 16.0396 14.2896 23.2374
      vertex 12.4279 10.8371 23.3406
      vertex 15.9635 14.3727 23.3406
    endloop
  endfacet
  facet normal -0.690356 0.690356 -0.216373
    outer loop
      vertex -13.931 -16.3682 22.3039
      vertex -10.4041 -12.7946 22.4529
      vertex -10.3777 -12.8149 22.3039
    endloop
  endfacet
  facet normal -0.690435 0.690415 -0.215932
    outer loop
      vertex -10.4041 -12.7946 22.4529
      vertex -13.931 -16.3682 22.3039
      vertex -13.9553 -16.3459 22.4529
    endloop
  endfacet
  facet normal -0.690415 0.690435 -0.215932
    outer loop
      vertex 16.3682 13.931 22.3039
      vertex 12.7946 10.4041 22.4529
      vertex 16.3459 13.9553 22.4529
    endloop
  endfacet
  facet normal -0.690356 0.690356 -0.216373
    outer loop
      vertex 12.7946 10.4041 22.4529
      vertex 16.3682 13.931 22.3039
      vertex 12.8149 10.3777 22.3039
    endloop
  endfacet
endsolid OpenSCAD_Model
